{
  "Tournament": {
    "Id": 12804896,
    "Date": "2025-07-27T01:00:00",
    "Name": "Limited Preliminary",
    "Uri": null,
    "JsonFile": null,
    "ForceRedownload": false
  },
  "Decks": null,
  "Rounds": [
    {
      "RoundName": "Round 1",
      "Matches": [
        {
          "Player1": "Aje8",
          "Player2": "WingedHussar",
          "Result": "0-2-0"
        },
        {
          "Player1": "Trewest",
          "Player2": "Ailith",
          "Result": "0-2-0"
        },
        {
          "Player1": "Cabalasp",
          "Player2": "dragobarbut097",
          "Result": "2-0-0"
        },
        {
          "Player1": "slaxx",
          "Player2": "OQt",
          "Result": "2-0-0"
        },
        {
          "Player1": "Boydjw2",
          "Player2": "416FrowningTable",
          "Result": "2-0-0"
        },
        {
          "Player1": "bernardocssa",
          "Player2": "kavu2br",
          "Result": "2-0-0"
        }
      ]
    },
    {
      "RoundName": "Round 2",
      "Matches": [
        {
          "Player1": "Cabalasp",
          "Player2": "bernardocssa",
          "Result": "0-2-0"
        },
        {
          "Player1": "Boydjw2",
          "Player2": "WingedHussar",
          "Result": "2-0-0"
        },
        {
          "Player1": "Trewest",
          "Player2": "OQt",
          "Result": "0-2-0"
        },
        {
          "Player1": "416FrowningTable",
          "Player2": "dragobarbut097",
          "Result": "0-2-0"
        },
        {
          "Player1": "slaxx",
          "Player2": "Ailith",
          "Result": "0-2-0"
        },
        {
          "Player1": "kavu2br",
          "Player2": "jakallo98",
          "Result": "2-0-0"
        }
      ]
    },
    {
      "RoundName": "Round 3",
      "Matches": [
        {
          "Player1": "Boydjw2",
          "Player2": "bernardocssa",
          "Result": "0-2-0"
        },
        {
          "Player1": "WingedHussar",
          "Player2": "jakallo98",
          "Result": "0-2-0"
        },
        {
          "Player1": "Ailith",
          "Player2": "Aje8",
          "Result": "0-2-0"
        },
        {
          "Player1": "Cabalasp",
          "Player2": "OQt",
          "Result": "0-2-0"
        },
        {
          "Player1": "dragobarbut097",
          "Player2": "kavu2br",
          "Result": "2-0-0"
        }
      ]
    },
    {
      "RoundName": "Round 4",
      "Matches": [
        {
          "Player1": "bernardocssa",
          "Player2": "jakallo98",
          "Result": "2-0-0"
        },
        {
          "Player1": "Boydjw2",
          "Player2": "OQt",
          "Result": "0-2-0"
        },
        {
          "Player1": "Aje8",
          "Player2": "dragobarbut097",
          "Result": "0-2-0"
        },
        {
          "Player1": "Trewest",
          "Player2": "WingedHussar",
          "Result": "0-2-0"
        },
        {
          "Player1": "kavu2br",
          "Player2": "Ailith",
          "Result": "0-2-0"
        }
      ]
    }
  ],
  "Standings": [
    {
      "Rank": 13,
      "Player": "416FrowningTable",
      "Points": 0,
      "Wins": 0,
      "Losses": 0,
      "Draws": 0,
      "OMWP": 0.625,
      "GWP": 0.2,
      "OGWP": 0.6
    },
    {
      "Rank": 12,
      "Player": "Trewest",
      "Points": 3,
      "Wins": 0,
      "Losses": 0,
      "Draws": 0,
      "OMWP": 0.6667000000000001,
      "GWP": 0.3333,
      "OGWP": 0.5926
    },
    {
      "Rank": 11,
      "Player": "kavu2br",
      "Points": 3,
      "Wins": 0,
      "Losses": 0,
      "Draws": 0,
      "OMWP": 0.75,
      "GWP": 0.22219999999999998,
      "OGWP": 0.7082999999999999
    },
    {
      "Rank": 10,
      "Player": "slaxx",
      "Points": 3,
      "Wins": 0,
      "Losses": 0,
      "Draws": 0,
      "OMWP": 0.75,
      "GWP": 0.5,
      "OGWP": 0.6889
    },
    {
      "Rank": 9,
      "Player": "WingedHussar",
      "Points": 6,
      "Wins": 0,
      "Losses": 0,
      "Draws": 0,
      "OMWP": 0.4583,
      "GWP": 0.4,
      "OGWP": 0.4722
    },
    {
      "Rank": 8,
      "Player": "jakallo98",
      "Points": 6,
      "Wins": 0,
      "Losses": 0,
      "Draws": 0,
      "OMWP": 0.6111,
      "GWP": 0.5556,
      "OGWP": 0.5111
    },
    {
      "Rank": 7,
      "Player": "Boydjw2",
      "Points": 6,
      "Wins": 0,
      "Losses": 0,
      "Draws": 0,
      "OMWP": 0.6457999999999999,
      "GWP": 0.5,
      "OGWP": 0.5333
    },
    {
      "Rank": 6,
      "Player": "Aje8",
      "Points": 6,
      "Wins": 0,
      "Losses": 0,
      "Draws": 0,
      "OMWP": 0.6667000000000001,
      "GWP": 0.5,
      "OGWP": 0.6259
    },
    {
      "Rank": 5,
      "Player": "Cabalasp",
      "Points": 6,
      "Wins": 0,
      "Losses": 0,
      "Draws": 0,
      "OMWP": 0.8332999999999999,
      "GWP": 0.44439999999999996,
      "OGWP": 0.7
    },
    {
      "Rank": 4,
      "Player": "dragobarbut097",
      "Points": 9,
      "Wins": 0,
      "Losses": 0,
      "Draws": 0,
      "OMWP": 0.4167,
      "GWP": 0.7,
      "OGWP": 0.4028
    },
    {
      "Rank": 3,
      "Player": "Ailith",
      "Points": 9,
      "Wins": 0,
      "Losses": 0,
      "Draws": 0,
      "OMWP": 0.4167,
      "GWP": 0.7778,
      "OGWP": 0.4167
    },
    {
      "Rank": 2,
      "Player": "OQt",
      "Points": 9,
      "Wins": 0,
      "Losses": 0,
      "Draws": 0,
      "OMWP": 0.4583,
      "GWP": 0.6,
      "OGWP": 0.44439999999999996
    },
    {
      "Rank": 1,
      "Player": "bernardocssa",
      "Points": 12,
      "Wins": 0,
      "Losses": 0,
      "Draws": 0,
      "OMWP": 0.4583,
      "GWP": 0.8,
      "OGWP": 0.4583
    }
  ]
}