{
  "Tournament": {
    "Id": 12804897,
    "Date": "2025-07-27T03:00:00",
    "Name": "Modern Challenge 32",
    "Uri": null,
    "JsonFile": null,
    "ForceRedownload": false
  },
  "Decks": null,
  "Rounds": [
    {
      "RoundName": "Round 1",
      "Matches": [
        {
          "Player1": "HelpfulHobo",
          "Player2": "Azja",
          "Result": "2-0-0"
        },
        {
          "Player1": "Nammersquats",
          "Player2": "MTGeeGee",
          "Result": "0-2-0"
        },
        {
          "Player1": "samsoni1",
          "Player2": "No_e_that_knows",
          "Result": "0-2-0"
        },
        {
          "Player1": "kcomedina",
          "Player2": "sixmp",
          "Result": "0-2-0"
        },
        {
          "Player1": "UnstableVuDoo",
          "Player2": "jready",
          "Result": "0-2-0"
        },
        {
          "Player1": "daviddmtg",
          "Player2": "eggybenny",
          "Result": "2-0-0"
        },
        {
          "Player1": "Aje8",
          "Player2": "Shadowz2005",
          "Result": "2-0-0"
        },
        {
          "Player1": "Bmadman",
          "Player2": "keezles",
          "Result": "0-2-0"
        },
        {
          "Player1": "alejandrofp",
          "Player2": "CarpCarp",
          "Result": "0-2-0"
        },
        {
          "Player1": "YungDingo",
          "Player2": "CrazyHulk11",
          "Result": "2-0-0"
        },
        {
          "Player1": "ShadowTitan1",
          "Player2": "Corkyboyy",
          "Result": "0-2-0"
        },
        {
          "Player1": "Inferno18",
          "Player2": "E90_DeliveryBoy",
          "Result": "2-0-0"
        },
        {
          "Player1": "Linden_43",
          "Player2": "EsperWTB",
          "Result": "0-2-0"
        },
        {
          "Player1": "connormc02",
          "Player2": "praiseseigerhino",
          "Result": "0-2-0"
        },
        {
          "Player1": "Micro",
          "Player2": "MikeEgan",
          "Result": "2-0-0"
        },
        {
          "Player1": "Matty_2266",
          "Player2": "LaneOrLaine",
          "Result": "0-2-0"
        },
        {
          "Player1": "azax",
          "Player2": "LukeBrandes",
          "Result": "2-0-0"
        },
        {
          "Player1": "IronBeagle",
          "Player2": "SupremePete56",
          "Result": "0-2-0"
        },
        {
          "Player1": "ryuumei",
          "Player2": "HumblestRodent",
          "Result": "2-0-0"
        },
        {
          "Player1": "oinkmage22",
          "Player2": "pwqz",
          "Result": "0-2-0"
        },
        {
          "Player1": "kachau",
          "Player2": "NormanCar",
          "Result": "0-2-0"
        },
        {
          "Player1": "DragonFodder",
          "Player2": "klien7",
          "Result": "0-2-0"
        },
        {
          "Player1": "Rockmusiclover45",
          "Player2": "Bok_Choy_",
          "Result": "0-2-0"
        },
        {
          "Player1": "bigbiscits",
          "Player2": "soggymeatball",
          "Result": "0-2-0"
        },
        {
          "Player1": "Ulrikk",
          "Player2": "Flossing",
          "Result": "2-0-0"
        },
        {
          "Player1": "JulienRodriguez",
          "Player2": "thememans",
          "Result": "0-2-0"
        },
        {
          "Player1": "Capriccioso",
          "Player2": "mrman12136",
          "Result": "2-0-0"
        },
        {
          "Player1": "sandoiche",
          "Player2": "TheColorOfBoom",
          "Result": "2-0-0"
        },
        {
          "Player1": "Dazai",
          "Player2": "selesneal",
          "Result": "0-2-0"
        },
        {
          "Player1": "camroux22",
          "Player2": "Kryptoreal",
          "Result": "0-2-0"
        },
        {
          "Player1": "nikroulah",
          "Player2": "MisterTwin",
          "Result": "0-2-0"
        },
        {
          "Player1": "Big Dan Teague",
          "Player2": "Golgarburr",
          "Result": "0-0-0"
        },
        {
          "Player1": "Okayasu",
          "Player2": "Enzulos",
          "Result": "2-0-0"
        },
        {
          "Player1": "Savior0117",
          "Player2": "Hiro_Hsiang",
          "Result": "2-0-0"
        },
        {
          "Player1": "Doc_B",
          "Player2": "Giltspire",
          "Result": "2-0-0"
        },
        {
          "Player1": "nahuel10",
          "Player2": "xfile",
          "Result": "0-2-0"
        },
        {
          "Player1": "xerioc",
          "Player2": "TamakiSunEater",
          "Result": "2-0-0"
        },
        {
          "Player1": "niuwaid001",
          "Player2": "MdvWin",
          "Result": "0-0-0"
        }
      ]
    },
    {
      "RoundName": "Round 2",
      "Matches": [
        {
          "Player1": "ryuumei",
          "Player2": "xerioc",
          "Result": "0-2-0"
        },
        {
          "Player1": "kcomedina",
          "Player2": "UnstableVuDoo",
          "Result": "2-0-0"
        },
        {
          "Player1": "kachau",
          "Player2": "Linden_43",
          "Result": "0-2-0"
        },
        {
          "Player1": "Doc_B",
          "Player2": "MTGeeGee",
          "Result": "0-2-0"
        },
        {
          "Player1": "selesneal",
          "Player2": "Corkyboyy",
          "Result": "2-0-0"
        },
        {
          "Player1": "MdvWin",
          "Player2": "Enzulos",
          "Result": "2-0-0"
        },
        {
          "Player1": "Flossing",
          "Player2": "Nammersquats",
          "Result": "0-2-0"
        },
        {
          "Player1": "ShadowTitan1",
          "Player2": "E90_DeliveryBoy",
          "Result": "0-2-0"
        },
        {
          "Player1": "connormc02",
          "Player2": "JulienRodriguez",
          "Result": "2-0-0"
        },
        {
          "Player1": "HelpfulHobo",
          "Player2": "xfile",
          "Result": "2-0-0"
        },
        {
          "Player1": "nahuel10",
          "Player2": "Azja",
          "Result": "2-0-0"
        },
        {
          "Player1": "Golgarburr",
          "Player2": "mrman12136",
          "Result": "2-0-0"
        },
        {
          "Player1": "jready",
          "Player2": "Inferno18",
          "Result": "2-0-0"
        },
        {
          "Player1": "DragonFodder",
          "Player2": "MikeEgan",
          "Result": "0-2-0"
        },
        {
          "Player1": "bigbiscits",
          "Player2": "TamakiSunEater",
          "Result": "2-0-0"
        },
        {
          "Player1": "azax",
          "Player2": "EsperWTB",
          "Result": "0-2-0"
        },
        {
          "Player1": "Matty_2266",
          "Player2": "Shadowz2005",
          "Result": "2-0-0"
        },
        {
          "Player1": "fingers1991",
          "Player2": "pwqz",
          "Result": "2-0-0"
        },
        {
          "Player1": "CarpCarp",
          "Player2": "NormanCar",
          "Result": "0-2-0"
        },
        {
          "Player1": "klien7",
          "Player2": "praiseseigerhino",
          "Result": "0-2-0"
        },
        {
          "Player1": "Big Dan Teague",
          "Player2": "YungDingo",
          "Result": "0-2-0"
        },
        {
          "Player1": "Ulrikk",
          "Player2": "SupremePete56",
          "Result": "2-0-0"
        },
        {
          "Player1": "Capriccioso",
          "Player2": "sixmp",
          "Result": "0-2-0"
        },
        {
          "Player1": "Dazai",
          "Player2": "camroux22",
          "Result": "1-2-0"
        },
        {
          "Player1": "samsoni1",
          "Player2": "alejandrofp",
          "Result": "2-0-0"
        },
        {
          "Player1": "niuwaid001",
          "Player2": "Bok_Choy_",
          "Result": "2-0-0"
        },
        {
          "Player1": "Hiro_Hsiang",
          "Player2": "Okayasu",
          "Result": "0-2-0"
        },
        {
          "Player1": "daviddmtg",
          "Player2": "Savior0117",
          "Result": "0-2-0"
        },
        {
          "Player1": "Bmadman",
          "Player2": "TheColorOfBoom",
          "Result": "2-0-0"
        },
        {
          "Player1": "nikroulah",
          "Player2": "LukeBrandes",
          "Result": "1-2-0"
        },
        {
          "Player1": "oinkmage22",
          "Player2": "CrazyHulk11",
          "Result": "2-1-0"
        },
        {
          "Player1": "Micro",
          "Player2": "Kryptoreal",
          "Result": "0-2-0"
        },
        {
          "Player1": "Rockmusiclover45",
          "Player2": "IronBeagle",
          "Result": "0-2-0"
        },
        {
          "Player1": "MisterTwin",
          "Player2": "keezles",
          "Result": "0-2-0"
        },
        {
          "Player1": "sandoiche",
          "Player2": "thememans",
          "Result": "2-0-0"
        },
        {
          "Player1": "Aje8",
          "Player2": "soggymeatball",
          "Result": "0-2-0"
        },
        {
          "Player1": "No_e_that_knows",
          "Player2": "LaneOrLaine",
          "Result": "2-0-0"
        },
        {
          "Player1": "eggybenny",
          "Player2": "HumblestRodent",
          "Result": "2-0-0"
        }
      ]
    },
    {
      "RoundName": "Round 3",
      "Matches": [
        {
          "Player1": "Capriccioso",
          "Player2": "Golgarburr",
          "Result": "0-2-0"
        },
        {
          "Player1": "JulienRodriguez",
          "Player2": "HumblestRodent",
          "Result": "0-0-0"
        },
        {
          "Player1": "Ulrikk",
          "Player2": "YungDingo",
          "Result": "0-2-0"
        },
        {
          "Player1": "connormc02",
          "Player2": "E90_DeliveryBoy",
          "Result": "2-0-0"
        },
        {
          "Player1": "Dazai",
          "Player2": "CrazyHulk11",
          "Result": "2-0-0"
        },
        {
          "Player1": "bigbiscits",
          "Player2": "MikeEgan",
          "Result": "0-0-0"
        },
        {
          "Player1": "nahuel10",
          "Player2": "SupremePete56",
          "Result": "2-0-0"
        },
        {
          "Player1": "TamakiSunEater",
          "Player2": "Enzulos",
          "Result": "0-2-0"
        },
        {
          "Player1": "selesneal",
          "Player2": "EsperWTB",
          "Result": "0-2-0"
        },
        {
          "Player1": "Big Dan Teague",
          "Player2": "DragonFodder",
          "Result": "0-2-0"
        },
        {
          "Player1": "Bmadman",
          "Player2": "oinkmage22",
          "Result": "0-2-0"
        },
        {
          "Player1": "nikroulah",
          "Player2": "TheColorOfBoom",
          "Result": "0-2-0"
        },
        {
          "Player1": "Bok_Choy_",
          "Player2": "LaneOrLaine",
          "Result": "2-0-0"
        },
        {
          "Player1": "HelpfulHobo",
          "Player2": "niuwaid001",
          "Result": "2-0-0"
        },
        {
          "Player1": "xerioc",
          "Player2": "soggymeatball",
          "Result": "0-2-0"
        },
        {
          "Player1": "Nammersquats",
          "Player2": "pwqz",
          "Result": "0-2-0"
        },
        {
          "Player1": "Aje8",
          "Player2": "Corkyboyy",
          "Result": "0-2-0"
        },
        {
          "Player1": "sandoiche",
          "Player2": "keezles",
          "Result": "1-2-0"
        },
        {
          "Player1": "Okayasu",
          "Player2": "sixmp",
          "Result": "2-0-0"
        },
        {
          "Player1": "azax",
          "Player2": "xfile",
          "Result": "2-0-0"
        },
        {
          "Player1": "Savior0117",
          "Player2": "Kryptoreal",
          "Result": "0-2-0"
        },
        {
          "Player1": "thememans",
          "Player2": "MisterTwin",
          "Result": "0-2-0"
        },
        {
          "Player1": "fingers1991",
          "Player2": "praiseseigerhino",
          "Result": "0-2-0"
        },
        {
          "Player1": "Micro",
          "Player2": "Doc_B",
          "Result": "0-2-0"
        },
        {
          "Player1": "Matty_2266",
          "Player2": "camroux22",
          "Result": "0-2-0"
        },
        {
          "Player1": "MdvWin",
          "Player2": "CarpCarp",
          "Result": "0-2-0"
        },
        {
          "Player1": "jready",
          "Player2": "NormanCar",
          "Result": "0-2-0"
        },
        {
          "Player1": "ryuumei",
          "Player2": "klien7",
          "Result": "2-0-0"
        },
        {
          "Player1": "Inferno18",
          "Player2": "Linden_43",
          "Result": "2-0-0"
        },
        {
          "Player1": "eggybenny",
          "Player2": "LukeBrandes",
          "Result": "0-2-0"
        },
        {
          "Player1": "kcomedina",
          "Player2": "IronBeagle",
          "Result": "2-0-0"
        },
        {
          "Player1": "MTGeeGee",
          "Player2": "No_e_that_knows",
          "Result": "2-0-0"
        },
        {
          "Player1": "daviddmtg",
          "Player2": "samsoni1",
          "Result": "2-0-0"
        }
      ]
    },
    {
      "RoundName": "Round 4",
      "Matches": [
        {
          "Player1": "DragonFodder",
          "Player2": "TheColorOfBoom",
          "Result": "2-0-0"
        },
        {
          "Player1": "xerioc",
          "Player2": "Savior0117",
          "Result": "0-2-0"
        },
        {
          "Player1": "samsoni1",
          "Player2": "SupremePete56",
          "Result": "0-2-0"
        },
        {
          "Player1": "sandoiche",
          "Player2": "selesneal",
          "Result": "2-0-0"
        },
        {
          "Player1": "connormc02",
          "Player2": "pwqz",
          "Result": "2-0-0"
        },
        {
          "Player1": "jready",
          "Player2": "Golgarburr",
          "Result": "0-2-0"
        },
        {
          "Player1": "praiseseigerhino",
          "Player2": "Kryptoreal",
          "Result": "0-2-0"
        },
        {
          "Player1": "fingers1991",
          "Player2": "azax",
          "Result": "0-2-0"
        },
        {
          "Player1": "Corkyboyy",
          "Player2": "Bok_Choy_",
          "Result": "2-0-0"
        },
        {
          "Player1": "Shadowz2005",
          "Player2": "E90_DeliveryBoy",
          "Result": "2-0-0"
        },
        {
          "Player1": "soggymeatball",
          "Player2": "Okayasu",
          "Result": "2-0-0"
        },
        {
          "Player1": "MikeEgan",
          "Player2": "niuwaid001",
          "Result": "0-2-0"
        },
        {
          "Player1": "ryuumei",
          "Player2": "Doc_B",
          "Result": "2-0-0"
        },
        {
          "Player1": "Big Dan Teague",
          "Player2": "Enzulos",
          "Result": "2-0-0"
        },
        {
          "Player1": "bigbiscits",
          "Player2": "Nammersquats",
          "Result": "2-0-0"
        },
        {
          "Player1": "NormanCar",
          "Player2": "keezles",
          "Result": "0-2-0"
        },
        {
          "Player1": "No_e_that_knows",
          "Player2": "LukeBrandes",
          "Result": "2-0-0"
        },
        {
          "Player1": "HelpfulHobo",
          "Player2": "YungDingo",
          "Result": "0-2-0"
        },
        {
          "Player1": "kcomedina",
          "Player2": "nahuel10",
          "Result": "0-2-0"
        },
        {
          "Player1": "Aje8",
          "Player2": "HumblestRodent",
          "Result": "2-0-0"
        },
        {
          "Player1": "daviddmtg",
          "Player2": "MisterTwin",
          "Result": "2-0-0"
        },
        {
          "Player1": "Matty_2266",
          "Player2": "thememans",
          "Result": "0-2-0"
        },
        {
          "Player1": "Dazai",
          "Player2": "MdvWin",
          "Result": "2-0-0"
        },
        {
          "Player1": "Ulrikk",
          "Player2": "sixmp",
          "Result": "0-2-0"
        },
        {
          "Player1": "JulienRodriguez",
          "Player2": "CrazyHulk11",
          "Result": "0-2-0"
        },
        {
          "Player1": "Micro",
          "Player2": "LaneOrLaine",
          "Result": "2-0-0"
        },
        {
          "Player1": "MTGeeGee",
          "Player2": "EsperWTB",
          "Result": "2-0-0"
        },
        {
          "Player1": "Inferno18",
          "Player2": "CarpCarp",
          "Result": "0-2-0"
        },
        {
          "Player1": "camroux22",
          "Player2": "oinkmage22",
          "Result": "1-2-0"
        }
      ]
    },
    {
      "RoundName": "Round 5",
      "Matches": [
        {
          "Player1": "Kryptoreal",
          "Player2": "MTGeeGee",
          "Result": "0-2-0"
        },
        {
          "Player1": "sandoiche",
          "Player2": "connormc02",
          "Result": "0-2-0"
        },
        {
          "Player1": "EsperWTB",
          "Player2": "CarpCarp",
          "Result": "0-2-0"
        },
        {
          "Player1": "Savior0117",
          "Player2": "NormanCar",
          "Result": "0-2-0"
        },
        {
          "Player1": "Okayasu",
          "Player2": "keezles",
          "Result": "0-2-0"
        },
        {
          "Player1": "soggymeatball",
          "Player2": "YungDingo",
          "Result": "2-0-0"
        },
        {
          "Player1": "daviddmtg",
          "Player2": "oinkmage22",
          "Result": "0-2-0"
        },
        {
          "Player1": "bigbiscits",
          "Player2": "pwqz",
          "Result": "2-0-0"
        },
        {
          "Player1": "Big Dan Teague",
          "Player2": "MisterTwin",
          "Result": "2-0-0"
        },
        {
          "Player1": "JulienRodriguez",
          "Player2": "Enzulos",
          "Result": "0-2-0"
        },
        {
          "Player1": "nahuel10",
          "Player2": "HelpfulHobo",
          "Result": "2-0-0"
        },
        {
          "Player1": "Micro",
          "Player2": "jready",
          "Result": "0-0-0"
        },
        {
          "Player1": "Ulrikk",
          "Player2": "Shadowz2005",
          "Result": "2-0-0"
        },
        {
          "Player1": "Aje8",
          "Player2": "SupremePete56",
          "Result": "2-0-0"
        },
        {
          "Player1": "CrazyHulk11",
          "Player2": "HumblestRodent",
          "Result": "0-0-0"
        },
        {
          "Player1": "Matty_2266",
          "Player2": "TheColorOfBoom",
          "Result": "2-0-0"
        },
        {
          "Player1": "Corkyboyy",
          "Player2": "sixmp",
          "Result": "0-2-0"
        },
        {
          "Player1": "kcomedina",
          "Player2": "Inferno18",
          "Result": "0-2-0"
        },
        {
          "Player1": "ryuumei",
          "Player2": "No_e_that_knows",
          "Result": "0-2-0"
        },
        {
          "Player1": "azax",
          "Player2": "niuwaid001",
          "Result": "2-0-0"
        },
        {
          "Player1": "DragonFodder",
          "Player2": "thememans",
          "Result": "2-0-0"
        },
        {
          "Player1": "Dazai",
          "Player2": "LukeBrandes",
          "Result": "2-0-0"
        },
        {
          "Player1": "Golgarburr",
          "Player2": "praiseseigerhino",
          "Result": "2-0-0"
        },
        {
          "Player1": "fingers1991",
          "Player2": "Bok_Choy_",
          "Result": "0-0-0"
        },
        {
          "Player1": "MikeEgan",
          "Player2": "selesneal",
          "Result": "0-2-0"
        }
      ]
    },
    {
      "RoundName": "Round 6",
      "Matches": [
        {
          "Player1": "Matty_2266",
          "Player2": "CrazyHulk11",
          "Result": "2-0-0"
        },
        {
          "Player1": "DragonFodder",
          "Player2": "selesneal",
          "Result": "0-2-0"
        },
        {
          "Player1": "niuwaid001",
          "Player2": "Okayasu",
          "Result": "0-2-0"
        },
        {
          "Player1": "connormc02",
          "Player2": "soggymeatball",
          "Result": "0-2-0"
        },
        {
          "Player1": "nahuel10",
          "Player2": "oinkmage22",
          "Result": "2-0-0"
        },
        {
          "Player1": "Kryptoreal",
          "Player2": "YungDingo",
          "Result": "2-0-0"
        },
        {
          "Player1": "Micro",
          "Player2": "praiseseigerhino",
          "Result": "2-0-0"
        },
        {
          "Player1": "fingers1991",
          "Player2": "daviddmtg",
          "Result": "2-0-0"
        },
        {
          "Player1": "Savior0117",
          "Player2": "Corkyboyy",
          "Result": "0-2-0"
        },
        {
          "Player1": "kcomedina",
          "Player2": "SupremePete56",
          "Result": "0-2-0"
        },
        {
          "Player1": "Golgarburr",
          "Player2": "azax",
          "Result": "0-2-0"
        },
        {
          "Player1": "sandoiche",
          "Player2": "HelpfulHobo",
          "Result": "2-0-0"
        },
        {
          "Player1": "Enzulos",
          "Player2": "pwqz",
          "Result": "0-2-0"
        },
        {
          "Player1": "Dazai",
          "Player2": "bigbiscits",
          "Result": "0-2-0"
        },
        {
          "Player1": "Big Dan Teague",
          "Player2": "Aje8",
          "Result": "0-2-0"
        },
        {
          "Player1": "MTGeeGee",
          "Player2": "keezles",
          "Result": "2-0-0"
        },
        {
          "Player1": "ryuumei",
          "Player2": "EsperWTB",
          "Result": "2-0-0"
        },
        {
          "Player1": "sixmp",
          "Player2": "CarpCarp",
          "Result": "0-2-0"
        },
        {
          "Player1": "No_e_that_knows",
          "Player2": "NormanCar",
          "Result": "0-2-0"
        },
        {
          "Player1": "Ulrikk",
          "Player2": "Inferno18",
          "Result": "0-0-0"
        }
      ]
    },
    {
      "RoundName": "Round 7",
      "Matches": [
        {
          "Player1": "Ulrikk",
          "Player2": "niuwaid001",
          "Result": "2-0-0"
        },
        {
          "Player1": "azax",
          "Player2": "NormanCar",
          "Result": "2-0-0"
        },
        {
          "Player1": "connormc02",
          "Player2": "YungDingo",
          "Result": "0-2-0"
        },
        {
          "Player1": "soggymeatball",
          "Player2": "MTGeeGee",
          "Result": "2-0-0"
        },
        {
          "Player1": "selesneal",
          "Player2": "Okayasu",
          "Result": "0-2-0"
        },
        {
          "Player1": "Dazai",
          "Player2": "pwqz",
          "Result": "0-2-0"
        },
        {
          "Player1": "nahuel10",
          "Player2": "Kryptoreal",
          "Result": "2-0-0"
        },
        {
          "Player1": "Big Dan Teague",
          "Player2": "praiseseigerhino",
          "Result": "0-2-0"
        },
        {
          "Player1": "DragonFodder",
          "Player2": "EsperWTB",
          "Result": "0-2-0"
        },
        {
          "Player1": "Inferno18",
          "Player2": "oinkmage22",
          "Result": "2-0-0"
        },
        {
          "Player1": "CarpCarp",
          "Player2": "keezles",
          "Result": "0-2-0"
        },
        {
          "Player1": "fingers1991",
          "Player2": "sandoiche",
          "Result": "0-2-0"
        },
        {
          "Player1": "CrazyHulk11",
          "Player2": "Enzulos",
          "Result": "0-0-0"
        },
        {
          "Player1": "ryuumei",
          "Player2": "Corkyboyy",
          "Result": "0-2-0"
        },
        {
          "Player1": "Matty_2266",
          "Player2": "SupremePete56",
          "Result": "0-2-0"
        },
        {
          "Player1": "Micro",
          "Player2": "Aje8",
          "Result": "0-2-0"
        },
        {
          "Player1": "bigbiscits",
          "Player2": "sixmp",
          "Result": "0-2-0"
        }
      ]
    },
    {
      "RoundName": "Round 8",
      "Matches": [
        {
          "Player1": "Okayasu",
          "Player2": "MTGeeGee",
          "Result": "2-0-0"
        },
        {
          "Player1": "Kryptoreal",
          "Player2": "keezles",
          "Result": "0-2-0"
        },
        {
          "Player1": "nahuel10",
          "Player2": "azax",
          "Result": "2-0-0"
        },
        {
          "Player1": "soggymeatball",
          "Player2": "NormanCar",
          "Result": "0-2-0"
        }
      ]
    },
    {
      "RoundName": "Round 9",
      "Matches": [
        {
          "Player1": "Okayasu",
          "Player2": "keezles",
          "Result": "2-0-0"
        },
        {
          "Player1": "nahuel10",
          "Player2": "NormanCar",
          "Result": "2-0-0"
        }
      ]
    },
    {
      "RoundName": "Round 10",
      "Matches": [
        {
          "Player1": "nahuel10",
          "Player2": "Okayasu",
          "Result": "2-0-0"
        }
      ]
    }
  ],
  "Standings": [
    {
      "Rank": 77,
      "Player": "Rockmusiclover45",
      "Points": 0,
      "Wins": 0,
      "Losses": 0,
      "Draws": 0,
      "OMWP": 0.3667,
      "GWP": 0.2,
      "OGWP": 0.4183
    },
    {
      "Rank": 76,
      "Player": "UnstableVuDoo",
      "Points": 0,
      "Wins": 0,
      "Losses": 0,
      "Draws": 0,
      "OMWP": 0.3667,
      "GWP": 0.3333,
      "OGWP": 0.34850000000000003
    },
    {
      "Rank": 75,
      "Player": "Flossing",
      "Points": 0,
      "Wins": 0,
      "Losses": 0,
      "Draws": 0,
      "OMWP": 0.4524,
      "GWP": 0.3333,
      "OGWP": 0.4465
    },
    {
      "Rank": 74,
      "Player": "Giltspire",
      "Points": 0,
      "Wins": 0,
      "Losses": 0,
      "Draws": 0,
      "OMWP": 0.5,
      "GWP": 0,
      "OGWP": 0.44439999999999996
    },
    {
      "Rank": 73,
      "Player": "mrman12136",
      "Points": 0,
      "Wins": 0,
      "Losses": 0,
      "Draws": 0,
      "OMWP": 0.5,
      "GWP": 0,
      "OGWP": 0.48810000000000003
    },
    {
      "Rank": 72,
      "Player": "TamakiSunEater",
      "Points": 0,
      "Wins": 0,
      "Losses": 0,
      "Draws": 0,
      "OMWP": 0.5,
      "GWP": 0.25,
      "OGWP": 0.4814
    },
    {
      "Rank": 71,
      "Player": "kachau",
      "Points": 0,
      "Wins": 0,
      "Losses": 0,
      "Draws": 0,
      "OMWP": 0.5238,
      "GWP": 0,
      "OGWP": 0.5735
    },
    {
      "Rank": 70,
      "Player": "alejandrofp",
      "Points": 0,
      "Wins": 0,
      "Losses": 0,
      "Draws": 0,
      "OMWP": 0.5238,
      "GWP": 0.3333,
      "OGWP": 0.4608
    },
    {
      "Rank": 69,
      "Player": "ShadowTitan1",
      "Points": 0,
      "Wins": 0,
      "Losses": 0,
      "Draws": 0,
      "OMWP": 0.5238,
      "GWP": 0.3333,
      "OGWP": 0.5025
    },
    {
      "Rank": 68,
      "Player": "Hiro_Hsiang",
      "Points": 0,
      "Wins": 0,
      "Losses": 0,
      "Draws": 0,
      "OMWP": 0.6071,
      "GWP": 0.2,
      "OGWP": 0.5754
    },
    {
      "Rank": 67,
      "Player": "Azja",
      "Points": 0,
      "Wins": 0,
      "Losses": 0,
      "Draws": 0,
      "OMWP": 0.6786,
      "GWP": 0.2,
      "OGWP": 0.6529
    },
    {
      "Rank": 66,
      "Player": "nikroulah",
      "Points": 3,
      "Wins": 0,
      "Losses": 0,
      "Draws": 0,
      "OMWP": 0.3778,
      "GWP": 0.3333,
      "OGWP": 0.4188
    },
    {
      "Rank": 65,
      "Player": "eggybenny",
      "Points": 3,
      "Wins": 0,
      "Losses": 0,
      "Draws": 0,
      "OMWP": 0.4111,
      "GWP": 0.4286,
      "OGWP": 0.4103
    },
    {
      "Rank": 64,
      "Player": "IronBeagle",
      "Points": 3,
      "Wins": 0,
      "Losses": 0,
      "Draws": 0,
      "OMWP": 0.4127,
      "GWP": 0.375,
      "OGWP": 0.4
    },
    {
      "Rank": 63,
      "Player": "JulienRodriguez",
      "Points": 3,
      "Wins": 0,
      "Losses": 0,
      "Draws": 0,
      "OMWP": 0.4133,
      "GWP": 0.23079999999999998,
      "OGWP": 0.42469999999999997
    },
    {
      "Rank": 62,
      "Player": "TheColorOfBoom",
      "Points": 3,
      "Wins": 0,
      "Losses": 0,
      "Draws": 0,
      "OMWP": 0.4476,
      "GWP": 0.25,
      "OGWP": 0.4436
    },
    {
      "Rank": 61,
      "Player": "HumblestRodent",
      "Points": 3,
      "Wins": 0,
      "Losses": 0,
      "Draws": 0,
      "OMWP": 0.4571,
      "GWP": 0.3846,
      "OGWP": 0.4569
    },
    {
      "Rank": 60,
      "Player": "MdvWin",
      "Points": 3,
      "Wins": 0,
      "Losses": 0,
      "Draws": 0,
      "OMWP": 0.5,
      "GWP": 0.3333,
      "OGWP": 0.4796
    },
    {
      "Rank": 59,
      "Player": "E90_DeliveryBoy",
      "Points": 3,
      "Wins": 0,
      "Losses": 0,
      "Draws": 0,
      "OMWP": 0.5047999999999999,
      "GWP": 0.4167,
      "OGWP": 0.4653
    },
    {
      "Rank": 58,
      "Player": "LaneOrLaine",
      "Points": 3,
      "Wins": 0,
      "Losses": 0,
      "Draws": 0,
      "OMWP": 0.5167,
      "GWP": 0.4,
      "OGWP": 0.4968
    },
    {
      "Rank": 57,
      "Player": "samsoni1",
      "Points": 3,
      "Wins": 0,
      "Losses": 0,
      "Draws": 0,
      "OMWP": 0.5179,
      "GWP": 0.3,
      "OGWP": 0.4727
    },
    {
      "Rank": 56,
      "Player": "klien7",
      "Points": 3,
      "Wins": 0,
      "Losses": 0,
      "Draws": 0,
      "OMWP": 0.5238,
      "GWP": 0.3333,
      "OGWP": 0.5185
    },
    {
      "Rank": 55,
      "Player": "Linden_43",
      "Points": 3,
      "Wins": 0,
      "Losses": 0,
      "Draws": 0,
      "OMWP": 0.5397,
      "GWP": 0.5,
      "OGWP": 0.5
    },
    {
      "Rank": 54,
      "Player": "Capriccioso",
      "Points": 3,
      "Wins": 0,
      "Losses": 0,
      "Draws": 0,
      "OMWP": 0.5714,
      "GWP": 0.3333,
      "OGWP": 0.5754
    },
    {
      "Rank": 53,
      "Player": "Nammersquats",
      "Points": 3,
      "Wins": 0,
      "Losses": 0,
      "Draws": 0,
      "OMWP": 0.5832999999999999,
      "GWP": 0.3636,
      "OGWP": 0.527
    },
    {
      "Rank": 52,
      "Player": "Bmadman",
      "Points": 3,
      "Wins": 0,
      "Losses": 0,
      "Draws": 0,
      "OMWP": 0.5872999999999999,
      "GWP": 0.3333,
      "OGWP": 0.5283
    },
    {
      "Rank": 51,
      "Player": "xfile",
      "Points": 3,
      "Wins": 0,
      "Losses": 0,
      "Draws": 0,
      "OMWP": 0.7381,
      "GWP": 0.3333,
      "OGWP": 0.7061
    },
    {
      "Rank": 50,
      "Player": "thememans",
      "Points": 6,
      "Wins": 0,
      "Losses": 0,
      "Draws": 0,
      "OMWP": 0.461,
      "GWP": 0.4,
      "OGWP": 0.48469999999999996
    },
    {
      "Rank": 49,
      "Player": "CrazyHulk11",
      "Points": 6,
      "Wins": 0,
      "Losses": 0,
      "Draws": 0,
      "OMWP": 0.46259999999999996,
      "GWP": 0.36840000000000006,
      "OGWP": 0.45640000000000003
    },
    {
      "Rank": 48,
      "Player": "Bok_Choy_",
      "Points": 6,
      "Wins": 0,
      "Losses": 0,
      "Draws": 0,
      "OMWP": 0.47619999999999996,
      "GWP": 0.46149999999999997,
      "OGWP": 0.44880000000000003
    },
    {
      "Rank": 47,
      "Player": "MisterTwin",
      "Points": 6,
      "Wins": 0,
      "Losses": 0,
      "Draws": 0,
      "OMWP": 0.5038,
      "GWP": 0.5385,
      "OGWP": 0.46759999999999996
    },
    {
      "Rank": 46,
      "Player": "Shadowz2005",
      "Points": 6,
      "Wins": 0,
      "Losses": 0,
      "Draws": 0,
      "OMWP": 0.5119,
      "GWP": 0.4167,
      "OGWP": 0.4865
    },
    {
      "Rank": 45,
      "Player": "MikeEgan",
      "Points": 6,
      "Wins": 0,
      "Losses": 0,
      "Draws": 0,
      "OMWP": 0.5143,
      "GWP": 0.4286,
      "OGWP": 0.4843
    },
    {
      "Rank": 44,
      "Player": "LukeBrandes",
      "Points": 6,
      "Wins": 0,
      "Losses": 0,
      "Draws": 0,
      "OMWP": 0.5238,
      "GWP": 0.3846,
      "OGWP": 0.5215
    },
    {
      "Rank": 43,
      "Player": "camroux22",
      "Points": 6,
      "Wins": 0,
      "Losses": 0,
      "Draws": 0,
      "OMWP": 0.5357,
      "GWP": 0.5455,
      "OGWP": 0.49369999999999997
    },
    {
      "Rank": 42,
      "Player": "Doc_B",
      "Points": 6,
      "Wins": 0,
      "Losses": 0,
      "Draws": 0,
      "OMWP": 0.5832999999999999,
      "GWP": 0.44439999999999996,
      "OGWP": 0.5433
    },
    {
      "Rank": 41,
      "Player": "kcomedina",
      "Points": 6,
      "Wins": 0,
      "Losses": 0,
      "Draws": 0,
      "OMWP": 0.5872999999999999,
      "GWP": 0.3333,
      "OGWP": 0.5514
    },
    {
      "Rank": 40,
      "Player": "jready",
      "Points": 6,
      "Wins": 0,
      "Losses": 0,
      "Draws": 0,
      "OMWP": 0.6,
      "GWP": 0.3636,
      "OGWP": 0.5645
    },
    {
      "Rank": 39,
      "Player": "xerioc",
      "Points": 6,
      "Wins": 0,
      "Losses": 0,
      "Draws": 0,
      "OMWP": 0.6012,
      "GWP": 0.5,
      "OGWP": 0.5751
    },
    {
      "Rank": 38,
      "Player": "Matty_2266",
      "Points": 9,
      "Wins": 0,
      "Losses": 0,
      "Draws": 0,
      "OMWP": 0.4102,
      "GWP": 0.375,
      "OGWP": 0.4282
    },
    {
      "Rank": 37,
      "Player": "DragonFodder",
      "Points": 9,
      "Wins": 0,
      "Losses": 0,
      "Draws": 0,
      "OMWP": 0.434,
      "GWP": 0.4706,
      "OGWP": 0.42450000000000004
    },
    {
      "Rank": 36,
      "Player": "Enzulos",
      "Points": 9,
      "Wins": 0,
      "Losses": 0,
      "Draws": 0,
      "OMWP": 0.4354,
      "GWP": 0.4706,
      "OGWP": 0.4224
    },
    {
      "Rank": 35,
      "Player": "daviddmtg",
      "Points": 9,
      "Wins": 0,
      "Losses": 0,
      "Draws": 0,
      "OMWP": 0.45159999999999995,
      "GWP": 0.46149999999999997,
      "OGWP": 0.4876
    },
    {
      "Rank": 34,
      "Player": "Dazai",
      "Points": 9,
      "Wins": 0,
      "Losses": 0,
      "Draws": 0,
      "OMWP": 0.46869999999999995,
      "GWP": 0.4706,
      "OGWP": 0.4549
    },
    {
      "Rank": 33,
      "Player": "niuwaid001",
      "Points": 9,
      "Wins": 0,
      "Losses": 0,
      "Draws": 0,
      "OMWP": 0.5395,
      "GWP": 0.3889,
      "OGWP": 0.5362
    },
    {
      "Rank": 32,
      "Player": "Big Dan Teague",
      "Points": 9,
      "Wins": 0,
      "Losses": 0,
      "Draws": 0,
      "OMWP": 0.5605,
      "GWP": 0.4211,
      "OGWP": 0.5621
    },
    {
      "Rank": 31,
      "Player": "HelpfulHobo",
      "Points": 9,
      "Wins": 0,
      "Losses": 0,
      "Draws": 0,
      "OMWP": 0.5635,
      "GWP": 0.6,
      "OGWP": 0.5165
    },
    {
      "Rank": 30,
      "Player": "Savior0117",
      "Points": 9,
      "Wins": 0,
      "Losses": 0,
      "Draws": 0,
      "OMWP": 0.5794,
      "GWP": 0.5625,
      "OGWP": 0.5217
    },
    {
      "Rank": 29,
      "Player": "Golgarburr",
      "Points": 12,
      "Wins": 0,
      "Losses": 0,
      "Draws": 0,
      "OMWP": 0.48729999999999996,
      "GWP": 0.6429,
      "OGWP": 0.46990000000000004
    },
    {
      "Rank": 28,
      "Player": "pwqz",
      "Points": 12,
      "Wins": 0,
      "Losses": 0,
      "Draws": 0,
      "OMWP": 0.4966,
      "GWP": 0.5789,
      "OGWP": 0.47729999999999995
    },
    {
      "Rank": 27,
      "Player": "SupremePete56",
      "Points": 12,
      "Wins": 0,
      "Losses": 0,
      "Draws": 0,
      "OMWP": 0.5102,
      "GWP": 0.5333,
      "OGWP": 0.4681
    },
    {
      "Rank": 26,
      "Player": "ryuumei",
      "Points": 12,
      "Wins": 0,
      "Losses": 0,
      "Draws": 0,
      "OMWP": 0.517,
      "GWP": 0.5294,
      "OGWP": 0.48119999999999996
    },
    {
      "Rank": 25,
      "Player": "Micro",
      "Points": 12,
      "Wins": 0,
      "Losses": 0,
      "Draws": 0,
      "OMWP": 0.519,
      "GWP": 0.5882000000000001,
      "OGWP": 0.4882
    },
    {
      "Rank": 24,
      "Player": "No_e_that_knows",
      "Points": 12,
      "Wins": 0,
      "Losses": 0,
      "Draws": 0,
      "OMWP": 0.5349,
      "GWP": 0.5625,
      "OGWP": 0.5028
    },
    {
      "Rank": 23,
      "Player": "bigbiscits",
      "Points": 12,
      "Wins": 0,
      "Losses": 0,
      "Draws": 0,
      "OMWP": 0.5401,
      "GWP": 0.47369999999999995,
      "OGWP": 0.5428999999999999
    },
    {
      "Rank": 22,
      "Player": "oinkmage22",
      "Points": 12,
      "Wins": 0,
      "Losses": 0,
      "Draws": 0,
      "OMWP": 0.5442,
      "GWP": 0.5294,
      "OGWP": 0.515
    },
    {
      "Rank": 21,
      "Player": "praiseseigerhino",
      "Points": 12,
      "Wins": 0,
      "Losses": 0,
      "Draws": 0,
      "OMWP": 0.551,
      "GWP": 0.5556,
      "OGWP": 0.517
    },
    {
      "Rank": 20,
      "Player": "Ulrikk",
      "Points": 12,
      "Wins": 0,
      "Losses": 0,
      "Draws": 0,
      "OMWP": 0.5537,
      "GWP": 0.5294,
      "OGWP": 0.5236
    },
    {
      "Rank": 19,
      "Player": "selesneal",
      "Points": 12,
      "Wins": 0,
      "Losses": 0,
      "Draws": 0,
      "OMWP": 0.5672999999999999,
      "GWP": 0.5,
      "OGWP": 0.544
    },
    {
      "Rank": 18,
      "Player": "fingers1991",
      "Points": 12,
      "Wins": 0,
      "Losses": 0,
      "Draws": 0,
      "OMWP": 0.6024,
      "GWP": 0.5333,
      "OGWP": 0.596
    },
    {
      "Rank": 17,
      "Player": "connormc02",
      "Points": 12,
      "Wins": 0,
      "Losses": 0,
      "Draws": 0,
      "OMWP": 0.6053999999999999,
      "GWP": 0.5,
      "OGWP": 0.5853
    },
    {
      "Rank": 16,
      "Player": "EsperWTB",
      "Points": 12,
      "Wins": 0,
      "Losses": 0,
      "Draws": 0,
      "OMWP": 0.619,
      "GWP": 0.5556,
      "OGWP": 0.589
    },
    {
      "Rank": 15,
      "Player": "Inferno18",
      "Points": 15,
      "Wins": 0,
      "Losses": 0,
      "Draws": 0,
      "OMWP": 0.4653,
      "GWP": 0.6111,
      "OGWP": 0.4658
    },
    {
      "Rank": 14,
      "Player": "Corkyboyy",
      "Points": 15,
      "Wins": 0,
      "Losses": 0,
      "Draws": 0,
      "OMWP": 0.5435,
      "GWP": 0.5882000000000001,
      "OGWP": 0.5374
    },
    {
      "Rank": 13,
      "Player": "sandoiche",
      "Points": 15,
      "Wins": 0,
      "Losses": 0,
      "Draws": 0,
      "OMWP": 0.5435,
      "GWP": 0.7059000000000001,
      "OGWP": 0.5127
    },
    {
      "Rank": 12,
      "Player": "sixmp",
      "Points": 15,
      "Wins": 0,
      "Losses": 0,
      "Draws": 0,
      "OMWP": 0.5646,
      "GWP": 0.75,
      "OGWP": 0.49060000000000004
    },
    {
      "Rank": 11,
      "Player": "Aje8",
      "Points": 15,
      "Wins": 0,
      "Losses": 0,
      "Draws": 0,
      "OMWP": 0.5740999999999999,
      "GWP": 0.625,
      "OGWP": 0.5439
    },
    {
      "Rank": 10,
      "Player": "YungDingo",
      "Points": 15,
      "Wins": 0,
      "Losses": 0,
      "Draws": 0,
      "OMWP": 0.5884,
      "GWP": 0.6315999999999999,
      "OGWP": 0.5563
    },
    {
      "Rank": 9,
      "Player": "CarpCarp",
      "Points": 15,
      "Wins": 0,
      "Losses": 0,
      "Draws": 0,
      "OMWP": 0.6053999999999999,
      "GWP": 0.5882000000000001,
      "OGWP": 0.5647
    },
    {
      "Rank": 8,
      "Player": "Kryptoreal",
      "Points": 15,
      "Wins": 0,
      "Losses": 0,
      "Draws": 0,
      "OMWP": 0.6531,
      "GWP": 0.6,
      "OGWP": 0.6159
    },
    {
      "Rank": 7,
      "Player": "azax",
      "Points": 18,
      "Wins": 0,
      "Losses": 0,
      "Draws": 0,
      "OMWP": 0.5265,
      "GWP": 0.8125,
      "OGWP": 0.4979
    },
    {
      "Rank": 6,
      "Player": "MTGeeGee",
      "Points": 18,
      "Wins": 0,
      "Losses": 0,
      "Draws": 0,
      "OMWP": 0.6633,
      "GWP": 0.7222,
      "OGWP": 0.5891
    },
    {
      "Rank": 5,
      "Player": "soggymeatball",
      "Points": 21,
      "Wins": 0,
      "Losses": 0,
      "Draws": 0,
      "OMWP": 0.6633,
      "GWP": 0.875,
      "OGWP": 0.5771999999999999
    },
    {
      "Rank": 4,
      "Player": "NormanCar",
      "Points": 18,
      "Wins": 0,
      "Losses": 0,
      "Draws": 0,
      "OMWP": 0.6184000000000001,
      "GWP": 0.6470999999999999,
      "OGWP": 0.5636
    },
    {
      "Rank": 3,
      "Player": "keezles",
      "Points": 21,
      "Wins": 0,
      "Losses": 0,
      "Draws": 0,
      "OMWP": 0.6354,
      "GWP": 0.7222,
      "OGWP": 0.5891
    },
    {
      "Rank": 2,
      "Player": "Okayasu",
      "Points": 21,
      "Wins": 0,
      "Losses": 0,
      "Draws": 0,
      "OMWP": 0.619,
      "GWP": 0.5882000000000001,
      "OGWP": 0.5771000000000001
    },
    {
      "Rank": 1,
      "Player": "nahuel10",
      "Points": 27,
      "Wins": 0,
      "Losses": 0,
      "Draws": 0,
      "OMWP": 0.4796,
      "GWP": 0.7059000000000001,
      "OGWP": 0.4661
    }
  ]
}