{
  "Tournament": {
    "Id": 12804899,
    "Date": "2025-07-27T09:00:00",
    "Name": "Vintage Challenge 32",
    "Uri": null,
    "JsonFile": null,
    "ForceRedownload": false
  },
  "Decks": null,
  "Rounds": [
    {
      "RoundName": "Round 1",
      "Matches": [
        {
          "Player1": "BERNASTORRES",
          "Player2": "Terminus0",
          "Result": "2-0-0"
        },
        {
          "Player1": "kobayui",
          "Player2": "Cachorrowo",
          "Result": "2-0-0"
        },
        {
          "Player1": "oosunq",
          "Player2": "LasVegasChaos",
          "Result": "2-0-0"
        },
        {
          "Player1": "Minest110",
          "Player2": "yPrincipe",
          "Result": "0-2-0"
        },
        {
          "Player1": "WLS",
          "Player2": "SingPanMan",
          "Result": "0-2-0"
        },
        {
          "Player1": "crK",
          "Player2": "SimoCr",
          "Result": "2-0-0"
        },
        {
          "Player1": "Uzbek",
          "Player2": "RatherBplayingMTG",
          "Result": "2-0-0"
        },
        {
          "Player1": "desolutionist",
          "Player2": "Tsubasa_Cat",
          "Result": "0-2-0"
        },
        {
          "Player1": "matttothec",
          "Player2": "_Joseba_",
          "Result": "0-0-0"
        },
        {
          "Player1": "SPyromancer",
          "Player2": "_Shikamaru_",
          "Result": "2-0-0"
        },
        {
          "Player1": "choutin",
          "Player2": "wcl",
          "Result": "0-2-0"
        },
        {
          "Player1": "JoostdB",
          "Player2": "albertoSD",
          "Result": "2-0-0"
        },
        {
          "Player1": "piao",
          "Player2": "etoustar",
          "Result": "0-2-0"
        },
        {
          "Player1": "shir kahn",
          "Player2": "Nanovo",
          "Result": "0-2-0"
        },
        {
          "Player1": "Munchlax446",
          "Player2": "Bezerra_da_Silva",
          "Result": "0-0-0"
        },
        {
          "Player1": "adm29",
          "Player2": "TrueHero",
          "Result": "0-2-0"
        },
        {
          "Player1": "Boucha",
          "Player2": "discoverN",
          "Result": "2-0-0"
        },
        {
          "Player1": "Jujkata",
          "Player2": "bless_von",
          "Result": "2-0-0"
        },
        {
          "Player1": "Dreddybajs",
          "Player2": "musasabi",
          "Result": "0-2-0"
        },
        {
          "Player1": "Fantaman95",
          "Player2": "EmperorOppai",
          "Result": "0-2-0"
        }
      ]
    },
    {
      "RoundName": "Round 2",
      "Matches": [
        {
          "Player1": "Boucha",
          "Player2": "crK",
          "Result": "0-2-0"
        },
        {
          "Player1": "shir kahn",
          "Player2": "RatherBplayingMTG",
          "Result": "0-0-0"
        },
        {
          "Player1": "Fantaman95",
          "Player2": "Munchlax446",
          "Result": "0-2-0"
        },
        {
          "Player1": "Terminus0",
          "Player2": "_Joseba_",
          "Result": "0-2-0"
        },
        {
          "Player1": "Jujkata",
          "Player2": "TrueHero",
          "Result": "2-0-0"
        },
        {
          "Player1": "matttothec",
          "Player2": "SingPanMan",
          "Result": "0-2-0"
        },
        {
          "Player1": "Tsubasa_Cat",
          "Player2": "SPyromancer",
          "Result": "2-0-0"
        },
        {
          "Player1": "WLS",
          "Player2": "bless_von",
          "Result": "0-2-0"
        },
        {
          "Player1": "kobayui",
          "Player2": "Bezerra_da_Silva",
          "Result": "0-2-0"
        },
        {
          "Player1": "EmperorOppai",
          "Player2": "Uzbek",
          "Result": "2-0-0"
        },
        {
          "Player1": "piao",
          "Player2": "choutin",
          "Result": "0-0-0"
        },
        {
          "Player1": "etoustar",
          "Player2": "Nanovo",
          "Result": "2-0-0"
        },
        {
          "Player1": "discoverN",
          "Player2": "Minest110",
          "Result": "0-2-0"
        },
        {
          "Player1": "BERNASTORRES",
          "Player2": "musasabi",
          "Result": "0-2-0"
        },
        {
          "Player1": "adm29",
          "Player2": "SimoCr",
          "Result": "0-2-0"
        },
        {
          "Player1": "yPrincipe",
          "Player2": "wcl",
          "Result": "0-2-0"
        },
        {
          "Player1": "Dreddybajs",
          "Player2": "_Shikamaru_",
          "Result": "0-2-0"
        },
        {
          "Player1": "JoostdB",
          "Player2": "oosunq",
          "Result": "2-0-0"
        },
        {
          "Player1": "Cachorrowo",
          "Player2": "LasVegasChaos",
          "Result": "0-2-0"
        }
      ]
    },
    {
      "RoundName": "Round 3",
      "Matches": [
        {
          "Player1": "Cachorrowo",
          "Player2": "choutin",
          "Result": "2-0-0"
        },
        {
          "Player1": "adm29",
          "Player2": "discoverN",
          "Result": "0-2-0"
        },
        {
          "Player1": "matttothec",
          "Player2": "piao",
          "Result": "0-2-0"
        },
        {
          "Player1": "Tsubasa_Cat",
          "Player2": "wcl",
          "Result": "0-2-0"
        },
        {
          "Player1": "BERNASTORRES",
          "Player2": "oosunq",
          "Result": "0-2-0"
        },
        {
          "Player1": "_Joseba_",
          "Player2": "LasVegasChaos",
          "Result": "0-2-0"
        },
        {
          "Player1": "Boucha",
          "Player2": "SPyromancer",
          "Result": "0-2-0"
        },
        {
          "Player1": "Minest110",
          "Player2": "RatherBplayingMTG",
          "Result": "0-0-1"
        },
        {
          "Player1": "Nanovo",
          "Player2": "Uzbek",
          "Result": "0-2-0"
        },
        {
          "Player1": "Munchlax446",
          "Player2": "_Shikamaru_",
          "Result": "2-0-0"
        },
        {
          "Player1": "crK",
          "Player2": "Bezerra_da_Silva",
          "Result": "2-0-0"
        },
        {
          "Player1": "WLS",
          "Player2": "Terminus0",
          "Result": "2-0-0"
        },
        {
          "Player1": "desolutionist",
          "Player2": "SimoCr",
          "Result": "0-2-0"
        },
        {
          "Player1": "JoostdB",
          "Player2": "musasabi",
          "Result": "0-2-0"
        },
        {
          "Player1": "kobayui",
          "Player2": "TrueHero",
          "Result": "0-2-0"
        },
        {
          "Player1": "Jujkata",
          "Player2": "etoustar",
          "Result": "0-2-0"
        },
        {
          "Player1": "shir kahn",
          "Player2": "Fantaman95",
          "Result": "1-2-0"
        },
        {
          "Player1": "bless_von",
          "Player2": "yPrincipe",
          "Result": "0-2-0"
        },
        {
          "Player1": "SingPanMan",
          "Player2": "EmperorOppai",
          "Result": "2-0-0"
        }
      ]
    },
    {
      "RoundName": "Round 4",
      "Matches": [
        {
          "Player1": "shir kahn",
          "Player2": "adm29",
          "Result": "0-0-0"
        },
        {
          "Player1": "SimoCr",
          "Player2": "LasVegasChaos",
          "Result": "2-0-0"
        },
        {
          "Player1": "oosunq",
          "Player2": "piao",
          "Result": "0-2-0"
        },
        {
          "Player1": "Boucha",
          "Player2": "choutin",
          "Result": "0-2-0"
        },
        {
          "Player1": "JoostdB",
          "Player2": "EmperorOppai",
          "Result": "0-2-0"
        },
        {
          "Player1": "TrueHero",
          "Player2": "RatherBplayingMTG",
          "Result": "0-2-0"
        },
        {
          "Player1": "SingPanMan",
          "Player2": "Uzbek",
          "Result": "2-0-0"
        },
        {
          "Player1": "WLS",
          "Player2": "_Shikamaru_",
          "Result": "0-0-0"
        },
        {
          "Player1": "BERNASTORRES",
          "Player2": "Minest110",
          "Result": "2-0-0"
        },
        {
          "Player1": "SPyromancer",
          "Player2": "Munchlax446",
          "Result": "0-2-0"
        },
        {
          "Player1": "Tsubasa_Cat",
          "Player2": "Bezerra_da_Silva",
          "Result": "0-2-0"
        },
        {
          "Player1": "matttothec",
          "Player2": "bless_von",
          "Result": "0-2-0"
        },
        {
          "Player1": "Dreddybajs",
          "Player2": "Nanovo",
          "Result": "0-2-0"
        },
        {
          "Player1": "kobayui",
          "Player2": "_Joseba_",
          "Result": "0-2-0"
        },
        {
          "Player1": "desolutionist",
          "Player2": "Fantaman95",
          "Result": "2-0-0"
        },
        {
          "Player1": "discoverN",
          "Player2": "Cachorrowo",
          "Result": "2-0-0"
        },
        {
          "Player1": "Jujkata",
          "Player2": "yPrincipe",
          "Result": "2-0-0"
        },
        {
          "Player1": "musasabi",
          "Player2": "etoustar",
          "Result": "0-2-0"
        },
        {
          "Player1": "crK",
          "Player2": "wcl",
          "Result": "2-0-0"
        }
      ]
    },
    {
      "RoundName": "Round 5",
      "Matches": [
        {
          "Player1": "Jujkata",
          "Player2": "RatherBplayingMTG",
          "Result": "2-0-0"
        },
        {
          "Player1": "musasabi",
          "Player2": "Bezerra_da_Silva",
          "Result": "0-2-0"
        },
        {
          "Player1": "Fantaman95",
          "Player2": "choutin",
          "Result": "2-0-0"
        },
        {
          "Player1": "oosunq",
          "Player2": "WLS",
          "Result": "0-2-0"
        },
        {
          "Player1": "BERNASTORRES",
          "Player2": "Uzbek",
          "Result": "0-0-0"
        },
        {
          "Player1": "bless_von",
          "Player2": "Nanovo",
          "Result": "0-2-0"
        },
        {
          "Player1": "TrueHero",
          "Player2": "Cachorrowo",
          "Result": "2-0-0"
        },
        {
          "Player1": "Dreddybajs",
          "Player2": "Boucha",
          "Result": "0-2-0"
        },
        {
          "Player1": "JoostdB",
          "Player2": "discoverN",
          "Result": "2-0-0"
        },
        {
          "Player1": "Tsubasa_Cat",
          "Player2": "yPrincipe",
          "Result": "2-0-0"
        },
        {
          "Player1": "shir kahn",
          "Player2": "kobayui",
          "Result": "2-0-0"
        },
        {
          "Player1": "matttothec",
          "Player2": "adm29",
          "Result": "0-2-0"
        },
        {
          "Player1": "SimoCr",
          "Player2": "Munchlax446",
          "Result": "2-0-0"
        },
        {
          "Player1": "piao",
          "Player2": "EmperorOppai",
          "Result": "0-0-0"
        },
        {
          "Player1": "crK",
          "Player2": "etoustar",
          "Result": "2-0-0"
        },
        {
          "Player1": "_Joseba_",
          "Player2": "SPyromancer",
          "Result": "0-2-0"
        },
        {
          "Player1": "SingPanMan",
          "Player2": "wcl",
          "Result": "2-0-0"
        },
        {
          "Player1": "desolutionist",
          "Player2": "LasVegasChaos",
          "Result": "2-0-0"
        }
      ]
    },
    {
      "RoundName": "Round 6",
      "Matches": [
        {
          "Player1": "discoverN",
          "Player2": "Uzbek",
          "Result": "2-0-0"
        },
        {
          "Player1": "Munchlax446",
          "Player2": "Nanovo",
          "Result": "2-0-0"
        },
        {
          "Player1": "WLS",
          "Player2": "Tsubasa_Cat",
          "Result": "0-2-0"
        },
        {
          "Player1": "Boucha",
          "Player2": "yPrincipe",
          "Result": "0-2-0"
        },
        {
          "Player1": "JoostdB",
          "Player2": "BERNASTORRES",
          "Result": "0-2-0"
        },
        {
          "Player1": "crK",
          "Player2": "SingPanMan",
          "Result": "0-0-0"
        },
        {
          "Player1": "Bezerra_da_Silva",
          "Player2": "RatherBplayingMTG",
          "Result": "0-2-0"
        },
        {
          "Player1": "piao",
          "Player2": "SPyromancer",
          "Result": "2-0-0"
        },
        {
          "Player1": "shir kahn",
          "Player2": "oosunq",
          "Result": "2-0-0"
        },
        {
          "Player1": "matttothec",
          "Player2": "Dreddybajs",
          "Result": "2-0-0"
        },
        {
          "Player1": "Jujkata",
          "Player2": "EmperorOppai",
          "Result": "0-2-0"
        },
        {
          "Player1": "desolutionist",
          "Player2": "TrueHero",
          "Result": "0-2-0"
        },
        {
          "Player1": "etoustar",
          "Player2": "SimoCr",
          "Result": "0-2-0"
        },
        {
          "Player1": "adm29",
          "Player2": "Cachorrowo",
          "Result": "2-0-0"
        },
        {
          "Player1": "_Joseba_",
          "Player2": "choutin",
          "Result": "2-0-0"
        },
        {
          "Player1": "Fantaman95",
          "Player2": "LasVegasChaos",
          "Result": "2-0-0"
        },
        {
          "Player1": "musasabi",
          "Player2": "wcl",
          "Result": "2-0-0"
        }
      ]
    },
    {
      "RoundName": "Round 7",
      "Matches": [
        {
          "Player1": "etoustar",
          "Player2": "SimoCr",
          "Result": "2-0-0"
        },
        {
          "Player1": "EmperorOppai",
          "Player2": "Bezerra_da_Silva",
          "Result": "0-2-0"
        },
        {
          "Player1": "crK",
          "Player2": "Jujkata",
          "Result": "2-0-0"
        },
        {
          "Player1": "musasabi",
          "Player2": "SingPanMan",
          "Result": "0-2-0"
        }
      ]
    },
    {
      "RoundName": "Round 8",
      "Matches": [
        {
          "Player1": "crK",
          "Player2": "Bezerra_da_Silva",
          "Result": "0-2-0"
        },
        {
          "Player1": "etoustar",
          "Player2": "SingPanMan",
          "Result": "0-0-0"
        }
      ]
    },
    {
      "RoundName": "Round 9",
      "Matches": [
        {
          "Player1": "etoustar",
          "Player2": "Bezerra_da_Silva",
          "Result": "2-0-0"
        }
      ]
    }
  ],
  "Standings": [
    {
      "Rank": 40,
      "Player": "albertoSD",
      "Points": 0,
      "Wins": 0,
      "Losses": 0,
      "Draws": 0,
      "OMWP": 0.5,
      "GWP": 0,
      "OGWP": 0.5294
    },
    {
      "Rank": 39,
      "Player": "Terminus0",
      "Points": 0,
      "Wins": 0,
      "Losses": 0,
      "Draws": 0,
      "OMWP": 0.5556,
      "GWP": 0.1429,
      "OGWP": 0.5366
    },
    {
      "Rank": 38,
      "Player": "Cachorrowo",
      "Points": 3,
      "Wins": 0,
      "Losses": 0,
      "Draws": 0,
      "OMWP": 0.4167,
      "GWP": 0.2667,
      "OGWP": 0.4404
    },
    {
      "Rank": 37,
      "Player": "Dreddybajs",
      "Points": 3,
      "Wins": 0,
      "Losses": 0,
      "Draws": 0,
      "OMWP": 0.43329999999999996,
      "GWP": 0.0909,
      "OGWP": 0.4677
    },
    {
      "Rank": 36,
      "Player": "choutin",
      "Points": 3,
      "Wins": 0,
      "Losses": 0,
      "Draws": 0,
      "OMWP": 0.4667,
      "GWP": 0.3529,
      "OGWP": 0.4603
    },
    {
      "Rank": 35,
      "Player": "_Shikamaru_",
      "Points": 3,
      "Wins": 0,
      "Losses": 0,
      "Draws": 0,
      "OMWP": 0.5,
      "GWP": 0.25,
      "OGWP": 0.5003
    },
    {
      "Rank": 34,
      "Player": "kobayui",
      "Points": 3,
      "Wins": 0,
      "Losses": 0,
      "Draws": 0,
      "OMWP": 0.5333,
      "GWP": 0.4286,
      "OGWP": 0.5089
    },
    {
      "Rank": 33,
      "Player": "Minest110",
      "Points": 3,
      "Wins": 0,
      "Losses": 0,
      "Draws": 0,
      "OMWP": 0.5832999999999999,
      "GWP": 0.25,
      "OGWP": 0.5453
    },
    {
      "Rank": 32,
      "Player": "LasVegasChaos",
      "Points": 6,
      "Wins": 0,
      "Losses": 0,
      "Draws": 0,
      "OMWP": 0.5067,
      "GWP": 0.4375,
      "OGWP": 0.467
    },
    {
      "Rank": 31,
      "Player": "bless_von",
      "Points": 6,
      "Wins": 0,
      "Losses": 0,
      "Draws": 0,
      "OMWP": 0.5,
      "GWP": 0.4545,
      "OGWP": 0.5099
    },
    {
      "Rank": 30,
      "Player": "Boucha",
      "Points": 6,
      "Wins": 0,
      "Losses": 0,
      "Draws": 0,
      "OMWP": 0.5,
      "GWP": 0.4667,
      "OGWP": 0.5167
    },
    {
      "Rank": 29,
      "Player": "adm29",
      "Points": 6,
      "Wins": 0,
      "Losses": 0,
      "Draws": 0,
      "OMWP": 0.5278,
      "GWP": 0.35710000000000003,
      "OGWP": 0.5065
    },
    {
      "Rank": 28,
      "Player": "oosunq",
      "Points": 6,
      "Wins": 0,
      "Losses": 0,
      "Draws": 0,
      "OMWP": 0.5278,
      "GWP": 0.4,
      "OGWP": 0.535
    },
    {
      "Rank": 27,
      "Player": "matttothec",
      "Points": 6,
      "Wins": 0,
      "Losses": 0,
      "Draws": 0,
      "OMWP": 0.5467,
      "GWP": 0.35710000000000003,
      "OGWP": 0.517
    },
    {
      "Rank": 26,
      "Player": "Uzbek",
      "Points": 6,
      "Wins": 0,
      "Losses": 0,
      "Draws": 0,
      "OMWP": 0.6944,
      "GWP": 0.3846,
      "OGWP": 0.6239
    },
    {
      "Rank": 25,
      "Player": "_Joseba_",
      "Points": 9,
      "Wins": 0,
      "Losses": 0,
      "Draws": 0,
      "OMWP": 0.3611,
      "GWP": 0.5,
      "OGWP": 0.4065
    },
    {
      "Rank": 24,
      "Player": "discoverN",
      "Points": 9,
      "Wins": 0,
      "Losses": 0,
      "Draws": 0,
      "OMWP": 0.3611,
      "GWP": 0.5385,
      "OGWP": 0.4008
    },
    {
      "Rank": 23,
      "Player": "shir kahn",
      "Points": 9,
      "Wins": 0,
      "Losses": 0,
      "Draws": 0,
      "OMWP": 0.4533,
      "GWP": 0.5333,
      "OGWP": 0.45549999999999996
    },
    {
      "Rank": 22,
      "Player": "yPrincipe",
      "Points": 9,
      "Wins": 0,
      "Losses": 0,
      "Draws": 0,
      "OMWP": 0.4833,
      "GWP": 0.5,
      "OGWP": 0.48560000000000003
    },
    {
      "Rank": 21,
      "Player": "Nanovo",
      "Points": 9,
      "Wins": 0,
      "Losses": 0,
      "Draws": 0,
      "OMWP": 0.4833,
      "GWP": 0.5385,
      "OGWP": 0.48619999999999997
    },
    {
      "Rank": 20,
      "Player": "WLS",
      "Points": 9,
      "Wins": 0,
      "Losses": 0,
      "Draws": 0,
      "OMWP": 0.5111,
      "GWP": 0.5385,
      "OGWP": 0.4984
    },
    {
      "Rank": 19,
      "Player": "Fantaman95",
      "Points": 9,
      "Wins": 0,
      "Losses": 0,
      "Draws": 0,
      "OMWP": 0.5278,
      "GWP": 0.4375,
      "OGWP": 0.5104
    },
    {
      "Rank": 18,
      "Player": "SPyromancer",
      "Points": 9,
      "Wins": 0,
      "Losses": 0,
      "Draws": 0,
      "OMWP": 0.5278,
      "GWP": 0.5294,
      "OGWP": 0.5192
    },
    {
      "Rank": 17,
      "Player": "JoostdB",
      "Points": 9,
      "Wins": 0,
      "Losses": 0,
      "Draws": 0,
      "OMWP": 0.5556,
      "GWP": 0.5294,
      "OGWP": 0.5255
    },
    {
      "Rank": 16,
      "Player": "desolutionist",
      "Points": 9,
      "Wins": 0,
      "Losses": 0,
      "Draws": 0,
      "OMWP": 0.6,
      "GWP": 0.4167,
      "OGWP": 0.5534
    },
    {
      "Rank": 15,
      "Player": "wcl",
      "Points": 9,
      "Wins": 0,
      "Losses": 0,
      "Draws": 0,
      "OMWP": 0.6667000000000001,
      "GWP": 0.4286,
      "OGWP": 0.6357
    },
    {
      "Rank": 14,
      "Player": "BERNASTORRES",
      "Points": 12,
      "Wins": 0,
      "Losses": 0,
      "Draws": 0,
      "OMWP": 0.4133,
      "GWP": 0.5714,
      "OGWP": 0.43320000000000003
    },
    {
      "Rank": 13,
      "Player": "TrueHero",
      "Points": 12,
      "Wins": 0,
      "Losses": 0,
      "Draws": 0,
      "OMWP": 0.48,
      "GWP": 0.5625,
      "OGWP": 0.45380000000000004
    },
    {
      "Rank": 12,
      "Player": "piao",
      "Points": 12,
      "Wins": 0,
      "Losses": 0,
      "Draws": 0,
      "OMWP": 0.5,
      "GWP": 0.6,
      "OGWP": 0.4869
    },
    {
      "Rank": 11,
      "Player": "RatherBplayingMTG",
      "Points": 12,
      "Wins": 0,
      "Losses": 0,
      "Draws": 0,
      "OMWP": 0.5278,
      "GWP": 0.5714,
      "OGWP": 0.5074000000000001
    },
    {
      "Rank": 10,
      "Player": "Tsubasa_Cat",
      "Points": 12,
      "Wins": 0,
      "Losses": 0,
      "Draws": 0,
      "OMWP": 0.5278,
      "GWP": 0.6154,
      "OGWP": 0.5047
    },
    {
      "Rank": 9,
      "Player": "Munchlax446",
      "Points": 12,
      "Wins": 0,
      "Losses": 0,
      "Draws": 0,
      "OMWP": 0.5556,
      "GWP": 0.6,
      "OGWP": 0.5367000000000001
    },
    {
      "Rank": 8,
      "Player": "musasabi",
      "Points": 12,
      "Wins": 0,
      "Losses": 0,
      "Draws": 0,
      "OMWP": 0.5556,
      "GWP": 0.6429,
      "OGWP": 0.5156000000000001
    },
    {
      "Rank": 7,
      "Player": "Jujkata",
      "Points": 12,
      "Wins": 0,
      "Losses": 0,
      "Draws": 0,
      "OMWP": 0.6222,
      "GWP": 0.6154,
      "OGWP": 0.5618
    },
    {
      "Rank": 6,
      "Player": "SimoCr",
      "Points": 15,
      "Wins": 0,
      "Losses": 0,
      "Draws": 0,
      "OMWP": 0.5556,
      "GWP": 0.7143,
      "OGWP": 0.5455
    },
    {
      "Rank": 5,
      "Player": "EmperorOppai",
      "Points": 15,
      "Wins": 0,
      "Losses": 0,
      "Draws": 0,
      "OMWP": 0.6111,
      "GWP": 0.6667000000000001,
      "OGWP": 0.5707
    },
    {
      "Rank": 4,
      "Player": "crK",
      "Points": 18,
      "Wins": 0,
      "Losses": 0,
      "Draws": 0,
      "OMWP": 0.6667000000000001,
      "GWP": 0.8462000000000001,
      "OGWP": 0.6242
    },
    {
      "Rank": 3,
      "Player": "SingPanMan",
      "Points": 21,
      "Wins": 0,
      "Losses": 0,
      "Draws": 0,
      "OMWP": 0.5467,
      "GWP": 0.8571,
      "OGWP": 0.5368999999999999
    },
    {
      "Rank": 2,
      "Player": "Bezerra_da_Silva",
      "Points": 18,
      "Wins": 0,
      "Losses": 0,
      "Draws": 0,
      "OMWP": 0.6389,
      "GWP": 0.6154,
      "OGWP": 0.6174000000000001
    },
    {
      "Rank": 1,
      "Player": "etoustar",
      "Points": 21,
      "Wins": 0,
      "Losses": 0,
      "Draws": 0,
      "OMWP": 0.6944,
      "GWP": 0.6154,
      "OGWP": 0.6595
    }
  ]
}