{
  "Tournament": {
    "Id": 12802828,
    "Date": "2025-07-13T05:00:00",
    "Name": "Legacy Challenge 32",
    "Uri": null,
    "JsonFile": null,
    "ForceRedownload": false
  },
  "Decks": null,
  "Rounds": [
    {
      "RoundName": "Round 1",
      "Matches": [
        {
          "Player1": "Suzukiii",
          "Player2": "Munchlax446",
          "Result": "2-0-0"
        },
        {
          "Player1": "DLCabelo",
          "Player2": "_Shikamaru_",
          "Result": "0-2-0"
        },
        {
          "Player1": "kentaro_hokori",
          "Player2": "auzzie51",
          "Result": "0-2-0"
        },
        {
          "Player1": "harmonywoods",
          "Player2": "boyxiaoliu",
          "Result": "2-0-0"
        },
        {
          "Player1": "hugofreitas1",
          "Player2": "powered_by_VANYA",
          "Result": "0-2-0"
        },
        {
          "Player1": "Eureka22422",
          "Player2": "mijukumono",
          "Result": "0-0-0"
        },
        {
          "Player1": "Capitano_CL",
          "Player2": "OSCA66",
          "Result": "0-2-0"
        },
        {
          "Player1": "Thebigempty92",
          "Player2": "2345678",
          "Result": "0-2-0"
        },
        {
          "Player1": "musasabi",
          "Player2": "Lord_Beerus",
          "Result": "2-0-0"
        },
        {
          "Player1": "Roodslay",
          "Player2": "KadettiKersantti",
          "Result": "0-2-0"
        },
        {
          "Player1": "WadeB",
          "Player2": "-Nausea-",
          "Result": "0-2-0"
        },
        {
          "Player1": "KS870",
          "Player2": "wcl",
          "Result": "2-0-0"
        },
        {
          "Player1": "Cachorrowo",
          "Player2": "lia2022",
          "Result": "0-2-0"
        },
        {
          "Player1": "Ailien02",
          "Player2": "FynnOfBlood",
          "Result": "2-0-0"
        },
        {
          "Player1": "fredmcfred",
          "Player2": "zhinonono",
          "Result": "2-0-0"
        },
        {
          "Player1": "kanican",
          "Player2": "AJV20",
          "Result": "2-0-0"
        },
        {
          "Player1": "erojas86",
          "Player2": "Bladeslayer",
          "Result": "2-0-0"
        },
        {
          "Player1": "Just_Roll",
          "Player2": "xfile",
          "Result": "2-0-0"
        },
        {
          "Player1": "Srogers90",
          "Player2": "VintageCulture",
          "Result": "0-2-0"
        }
      ]
    },
    {
      "RoundName": "Round 2",
      "Matches": [
        {
          "Player1": "kanican",
          "Player2": "_Shikamaru_",
          "Result": "0-2-0"
        },
        {
          "Player1": "DLCabelo",
          "Player2": "Munchlax446",
          "Result": "0-2-0"
        },
        {
          "Player1": "Suzukiii",
          "Player2": "Ailien02",
          "Result": "2-0-0"
        },
        {
          "Player1": "Eureka22422",
          "Player2": "snoopy-magic",
          "Result": "0-2-0"
        },
        {
          "Player1": "Bladeslayer",
          "Player2": "Thebigempty92",
          "Result": "0-2-0"
        },
        {
          "Player1": "erojas86",
          "Player2": "VintageCulture",
          "Result": "0-2-0"
        },
        {
          "Player1": "kentaro_hokori",
          "Player2": "zhinonono",
          "Result": "0-2-0"
        },
        {
          "Player1": "auzzie51",
          "Player2": "harmonywoods",
          "Result": "2-0-0"
        },
        {
          "Player1": "Srogers90",
          "Player2": "boyxiaoliu",
          "Result": "0-2-0"
        },
        {
          "Player1": "Lord_Beerus",
          "Player2": "Cachorrowo",
          "Result": "2-0-0"
        },
        {
          "Player1": "fredmcfred",
          "Player2": "-Nausea-",
          "Result": "0-2-0"
        },
        {
          "Player1": "musasabi",
          "Player2": "lia2022",
          "Result": "2-0-0"
        },
        {
          "Player1": "OSCA66",
          "Player2": "Just_Roll",
          "Result": "0-2-0"
        },
        {
          "Player1": "powered_by_VANYA",
          "Player2": "KadettiKersantti",
          "Result": "2-0-0"
        },
        {
          "Player1": "KS870",
          "Player2": "2345678",
          "Result": "0-0-0"
        },
        {
          "Player1": "AJV20",
          "Player2": "WadeB",
          "Result": "0-2-0"
        },
        {
          "Player1": "mijukumono",
          "Player2": "FynnOfBlood",
          "Result": "2-0-0"
        },
        {
          "Player1": "Capitano_CL",
          "Player2": "hugofreitas1",
          "Result": "0-2-0"
        },
        {
          "Player1": "Roodslay",
          "Player2": "wcl",
          "Result": "0-2-0"
        }
      ]
    },
    {
      "RoundName": "Round 3",
      "Matches": [
        {
          "Player1": "Just_Roll",
          "Player2": "2345678",
          "Result": "2-0-0"
        },
        {
          "Player1": "Suzukiii",
          "Player2": "powered_by_VANYA",
          "Result": "0-0-0"
        },
        {
          "Player1": "KS870",
          "Player2": "Munchlax446",
          "Result": "0-2-0"
        },
        {
          "Player1": "Eureka22422",
          "Player2": "KadettiKersantti",
          "Result": "0-2-0"
        },
        {
          "Player1": "mijukumono",
          "Player2": "Lord_Beerus",
          "Result": "0-2-0"
        },
        {
          "Player1": "musasabi",
          "Player2": "VintageCulture",
          "Result": "0-2-0"
        },
        {
          "Player1": "OSCA66",
          "Player2": "zhinonono",
          "Result": "0-0-0"
        },
        {
          "Player1": "snoopy-magic",
          "Player2": "-Nausea-",
          "Result": "0-2-0"
        },
        {
          "Player1": "fredmcfred",
          "Player2": "boyxiaoliu",
          "Result": "2-0-0"
        },
        {
          "Player1": "Cachorrowo",
          "Player2": "FynnOfBlood",
          "Result": "2-0-0"
        },
        {
          "Player1": "hugofreitas1",
          "Player2": "harmonywoods",
          "Result": "2-0-0"
        },
        {
          "Player1": "auzzie51",
          "Player2": "_Shikamaru_",
          "Result": "0-2-0"
        },
        {
          "Player1": "DLCabelo",
          "Player2": "erojas86",
          "Result": "0-2-0"
        },
        {
          "Player1": "kentaro_hokori",
          "Player2": "Bladeslayer",
          "Result": "0-2-0"
        },
        {
          "Player1": "kanican",
          "Player2": "WadeB",
          "Result": "2-0-0"
        },
        {
          "Player1": "Thebigempty92",
          "Player2": "wcl",
          "Result": "2-0-0"
        },
        {
          "Player1": "Ailien02",
          "Player2": "lia2022",
          "Result": "0-2-0"
        }
      ]
    },
    {
      "RoundName": "Round 4",
      "Matches": [
        {
          "Player1": "auzzie51",
          "Player2": "Munchlax446",
          "Result": "0-2-0"
        },
        {
          "Player1": "harmonywoods",
          "Player2": "wcl",
          "Result": "2-0-0"
        },
        {
          "Player1": "Suzukiii",
          "Player2": "snoopy-magic",
          "Result": "2-0-0"
        },
        {
          "Player1": "Ailien02",
          "Player2": "boyxiaoliu",
          "Result": "0-2-0"
        },
        {
          "Player1": "Just_Roll",
          "Player2": "-Nausea-",
          "Result": "2-0-0"
        },
        {
          "Player1": "Bladeslayer",
          "Player2": "Cachorrowo",
          "Result": "2-0-0"
        },
        {
          "Player1": "2345678",
          "Player2": "VintageCulture",
          "Result": "2-0-0"
        },
        {
          "Player1": "fredmcfred",
          "Player2": "Thebigempty92",
          "Result": "2-0-0"
        },
        {
          "Player1": "hugofreitas1",
          "Player2": "lia2022",
          "Result": "0-2-0"
        },
        {
          "Player1": "musasabi",
          "Player2": "kanican",
          "Result": "2-0-0"
        },
        {
          "Player1": "Lord_Beerus",
          "Player2": "zhinonono",
          "Result": "2-0-0"
        },
        {
          "Player1": "OSCA66",
          "Player2": "KS870",
          "Result": "2-1-0"
        },
        {
          "Player1": "erojas86",
          "Player2": "KadettiKersantti",
          "Result": "0-2-0"
        },
        {
          "Player1": "powered_by_VANYA",
          "Player2": "_Shikamaru_",
          "Result": "2-0-0"
        }
      ]
    },
    {
      "RoundName": "Round 5",
      "Matches": [
        {
          "Player1": "fredmcfred",
          "Player2": "KadettiKersantti",
          "Result": "2-0-0"
        },
        {
          "Player1": "_Shikamaru_",
          "Player2": "lia2022",
          "Result": "2-0-0"
        },
        {
          "Player1": "snoopy-magic",
          "Player2": "boyxiaoliu",
          "Result": "2-0-0"
        },
        {
          "Player1": "auzzie51",
          "Player2": "Bladeslayer",
          "Result": "2-0-0"
        },
        {
          "Player1": "zhinonono",
          "Player2": "2345678",
          "Result": "0-2-0"
        },
        {
          "Player1": "Just_Roll",
          "Player2": "powered_by_VANYA",
          "Result": "0-0-0"
        },
        {
          "Player1": "FynnOfBlood",
          "Player2": "wcl",
          "Result": "0-2-0"
        },
        {
          "Player1": "Munchlax446",
          "Player2": "VintageCulture",
          "Result": "2-0-0"
        },
        {
          "Player1": "erojas86",
          "Player2": "OSCA66",
          "Result": "0-2-0"
        },
        {
          "Player1": "Thebigempty92",
          "Player2": "harmonywoods",
          "Result": "0-2-0"
        },
        {
          "Player1": "kanican",
          "Player2": "hugofreitas1",
          "Result": "0-2-0"
        },
        {
          "Player1": "Lord_Beerus",
          "Player2": "-Nausea-",
          "Result": "2-0-0"
        },
        {
          "Player1": "musasabi",
          "Player2": "Suzukiii",
          "Result": "2-0-0"
        }
      ]
    },
    {
      "RoundName": "Round 6",
      "Matches": [
        {
          "Player1": "auzzie51",
          "Player2": "snoopy-magic",
          "Result": "0-0-0"
        },
        {
          "Player1": "hugofreitas1",
          "Player2": "KadettiKersantti",
          "Result": "0-2-0"
        },
        {
          "Player1": "Thebigempty92",
          "Player2": "KS870",
          "Result": "0-2-0"
        },
        {
          "Player1": "fredmcfred",
          "Player2": "powered_by_VANYA",
          "Result": "2-0-0"
        },
        {
          "Player1": "musasabi",
          "Player2": "Just_Roll",
          "Result": "0-2-0"
        },
        {
          "Player1": "Lord_Beerus",
          "Player2": "_Shikamaru_",
          "Result": "2-0-0"
        },
        {
          "Player1": "VintageCulture",
          "Player2": "lia2022",
          "Result": "2-0-0"
        },
        {
          "Player1": "Suzukiii",
          "Player2": "OSCA66",
          "Result": "0-2-0"
        },
        {
          "Player1": "kanican",
          "Player2": "boyxiaoliu",
          "Result": "2-0-0"
        },
        {
          "Player1": "2345678",
          "Player2": "Munchlax446",
          "Result": "0-2-0"
        },
        {
          "Player1": "zhinonono",
          "Player2": "wcl",
          "Result": "2-0-0"
        },
        {
          "Player1": "-Nausea-",
          "Player2": "harmonywoods",
          "Result": "0-2-0"
        }
      ]
    },
    {
      "RoundName": "Round 7",
      "Matches": [
        {
          "Player1": "powered_by_VANYA",
          "Player2": "VintageCulture",
          "Result": "2-0-0"
        },
        {
          "Player1": "fredmcfred",
          "Player2": "Lord_Beerus",
          "Result": "2-0-0"
        },
        {
          "Player1": "musasabi",
          "Player2": "Munchlax446",
          "Result": "2-0-0"
        },
        {
          "Player1": "Just_Roll",
          "Player2": "2345678",
          "Result": "2-0-0"
        }
      ]
    },
    {
      "RoundName": "Round 8",
      "Matches": [
        {
          "Player1": "fredmcfred",
          "Player2": "powered_by_VANYA",
          "Result": "2-0-0"
        },
        {
          "Player1": "musasabi",
          "Player2": "Just_Roll",
          "Result": "2-0-0"
        }
      ]
    },
    {
      "RoundName": "Round 9",
      "Matches": [
        {
          "Player1": "fredmcfred",
          "Player2": "musasabi",
          "Result": "2-0-0"
        }
      ]
    }
  ],
  "Standings": [
    {
      "Rank": 39,
      "Player": "AJV20",
      "Points": 0,
      "Wins": 0,
      "Losses": 0,
      "Draws": 0,
      "OMWP": 0.4167,
      "GWP": 0.3333,
      "OGWP": 0.4556
    },
    {
      "Rank": 38,
      "Player": "kentaro_hokori",
      "Points": 0,
      "Wins": 0,
      "Losses": 0,
      "Draws": 0,
      "OMWP": 0.4667,
      "GWP": 0,
      "OGWP": 0.5191
    },
    {
      "Rank": 37,
      "Player": "Srogers90",
      "Points": 0,
      "Wins": 0,
      "Losses": 0,
      "Draws": 0,
      "OMWP": 0.5,
      "GWP": 0.2,
      "OGWP": 0.49229999999999996
    },
    {
      "Rank": 36,
      "Player": "Roodslay",
      "Points": 0,
      "Wins": 0,
      "Losses": 0,
      "Draws": 0,
      "OMWP": 0.5,
      "GWP": 0.3333,
      "OGWP": 0.4598
    },
    {
      "Rank": 35,
      "Player": "Capitano_CL",
      "Points": 0,
      "Wins": 0,
      "Losses": 0,
      "Draws": 0,
      "OMWP": 0.5832999999999999,
      "GWP": 0.2,
      "OGWP": 0.498
    },
    {
      "Rank": 34,
      "Player": "DLCabelo",
      "Points": 0,
      "Wins": 0,
      "Losses": 0,
      "Draws": 0,
      "OMWP": 0.6667000000000001,
      "GWP": 0.1429,
      "OGWP": 0.6048
    },
    {
      "Rank": 33,
      "Player": "xfile",
      "Points": 0,
      "Wins": 0,
      "Losses": 0,
      "Draws": 0,
      "OMWP": 0.8332999999999999,
      "GWP": 0,
      "OGWP": 0.7692
    },
    {
      "Rank": 32,
      "Player": "FynnOfBlood",
      "Points": 3,
      "Wins": 0,
      "Losses": 0,
      "Draws": 0,
      "OMWP": 0.3333,
      "GWP": 0.2727,
      "OGWP": 0.39130000000000004
    },
    {
      "Rank": 31,
      "Player": "Ailien02",
      "Points": 3,
      "Wins": 0,
      "Losses": 0,
      "Draws": 0,
      "OMWP": 0.4167,
      "GWP": 0.4,
      "OGWP": 0.42210000000000003
    },
    {
      "Rank": 30,
      "Player": "WadeB",
      "Points": 3,
      "Wins": 0,
      "Losses": 0,
      "Draws": 0,
      "OMWP": 0.44439999999999996,
      "GWP": 0.44439999999999996,
      "OGWP": 0.43329999999999996
    },
    {
      "Rank": 29,
      "Player": "mijukumono",
      "Points": 3,
      "Wins": 0,
      "Losses": 0,
      "Draws": 0,
      "OMWP": 0.5,
      "GWP": 0.44439999999999996,
      "OGWP": 0.4518
    },
    {
      "Rank": 28,
      "Player": "Cachorrowo",
      "Points": 3,
      "Wins": 0,
      "Losses": 0,
      "Draws": 0,
      "OMWP": 0.5167,
      "GWP": 0.3636,
      "OGWP": 0.4855
    },
    {
      "Rank": 27,
      "Player": "Eureka22422",
      "Points": 3,
      "Wins": 0,
      "Losses": 0,
      "Draws": 0,
      "OMWP": 0.5556,
      "GWP": 0.375,
      "OGWP": 0.5408
    },
    {
      "Rank": 26,
      "Player": "Bladeslayer",
      "Points": 6,
      "Wins": 0,
      "Losses": 0,
      "Draws": 0,
      "OMWP": 0.4,
      "GWP": 0.46149999999999997,
      "OGWP": 0.39840000000000003
    },
    {
      "Rank": 25,
      "Player": "wcl",
      "Points": 6,
      "Wins": 0,
      "Losses": 0,
      "Draws": 0,
      "OMWP": 0.44439999999999996,
      "GWP": 0.35710000000000003,
      "OGWP": 0.4415
    },
    {
      "Rank": 24,
      "Player": "boyxiaoliu",
      "Points": 6,
      "Wins": 0,
      "Losses": 0,
      "Draws": 0,
      "OMWP": 0.5556,
      "GWP": 0.3846,
      "OGWP": 0.529
    },
    {
      "Rank": 23,
      "Player": "Thebigempty92",
      "Points": 6,
      "Wins": 0,
      "Losses": 0,
      "Draws": 0,
      "OMWP": 0.5667,
      "GWP": 0.3333,
      "OGWP": 0.5423
    },
    {
      "Rank": 22,
      "Player": "kanican",
      "Points": 9,
      "Wins": 0,
      "Losses": 0,
      "Draws": 0,
      "OMWP": 0.4722,
      "GWP": 0.4667,
      "OGWP": 0.4757
    },
    {
      "Rank": 21,
      "Player": "lia2022",
      "Points": 9,
      "Wins": 0,
      "Losses": 0,
      "Draws": 0,
      "OMWP": 0.5278,
      "GWP": 0.5,
      "OGWP": 0.5092
    },
    {
      "Rank": 20,
      "Player": "erojas86",
      "Points": 9,
      "Wins": 0,
      "Losses": 0,
      "Draws": 0,
      "OMWP": 0.5467,
      "GWP": 0.4286,
      "OGWP": 0.4974
    },
    {
      "Rank": 19,
      "Player": "KS870",
      "Points": 9,
      "Wins": 0,
      "Losses": 0,
      "Draws": 0,
      "OMWP": 0.5667,
      "GWP": 0.46149999999999997,
      "OGWP": 0.5242
    },
    {
      "Rank": 18,
      "Player": "hugofreitas1",
      "Points": 9,
      "Wins": 0,
      "Losses": 0,
      "Draws": 0,
      "OMWP": 0.5832999999999999,
      "GWP": 0.4667,
      "OGWP": 0.5428000000000001
    },
    {
      "Rank": 17,
      "Player": "auzzie51",
      "Points": 9,
      "Wins": 0,
      "Losses": 0,
      "Draws": 0,
      "OMWP": 0.5943999999999999,
      "GWP": 0.5333,
      "OGWP": 0.5702
    },
    {
      "Rank": 16,
      "Player": "zhinonono",
      "Points": 9,
      "Wins": 0,
      "Losses": 0,
      "Draws": 0,
      "OMWP": 0.6111,
      "GWP": 0.5625,
      "OGWP": 0.5359
    },
    {
      "Rank": 15,
      "Player": "Suzukiii",
      "Points": 9,
      "Wins": 0,
      "Losses": 0,
      "Draws": 0,
      "OMWP": 0.6667000000000001,
      "GWP": 0.4706,
      "OGWP": 0.6208
    },
    {
      "Rank": 14,
      "Player": "-Nausea-",
      "Points": 9,
      "Wins": 0,
      "Losses": 0,
      "Draws": 0,
      "OMWP": 0.6944,
      "GWP": 0.5,
      "OGWP": 0.6391
    },
    {
      "Rank": 13,
      "Player": "harmonywoods",
      "Points": 12,
      "Wins": 0,
      "Losses": 0,
      "Draws": 0,
      "OMWP": 0.4167,
      "GWP": 0.625,
      "OGWP": 0.4292
    },
    {
      "Rank": 12,
      "Player": "snoopy-magic",
      "Points": 12,
      "Wins": 0,
      "Losses": 0,
      "Draws": 0,
      "OMWP": 0.43329999999999996,
      "GWP": 0.6154,
      "OGWP": 0.45270000000000005
    },
    {
      "Rank": 11,
      "Player": "OSCA66",
      "Points": 12,
      "Wins": 0,
      "Losses": 0,
      "Draws": 0,
      "OMWP": 0.5278,
      "GWP": 0.5294,
      "OGWP": 0.5043
    },
    {
      "Rank": 10,
      "Player": "KadettiKersantti",
      "Points": 12,
      "Wins": 0,
      "Losses": 0,
      "Draws": 0,
      "OMWP": 0.5556,
      "GWP": 0.5625,
      "OGWP": 0.5177
    },
    {
      "Rank": 9,
      "Player": "_Shikamaru_",
      "Points": 12,
      "Wins": 0,
      "Losses": 0,
      "Draws": 0,
      "OMWP": 0.5832999999999999,
      "GWP": 0.6,
      "OGWP": 0.5416
    },
    {
      "Rank": 8,
      "Player": "VintageCulture",
      "Points": 12,
      "Wins": 0,
      "Losses": 0,
      "Draws": 0,
      "OMWP": 0.5832999999999999,
      "GWP": 0.6,
      "OGWP": 0.5479999999999999
    },
    {
      "Rank": 7,
      "Player": "2345678",
      "Points": 12,
      "Wins": 0,
      "Losses": 0,
      "Draws": 0,
      "OMWP": 0.6111,
      "GWP": 0.6154,
      "OGWP": 0.5854
    },
    {
      "Rank": 6,
      "Player": "Lord_Beerus",
      "Points": 15,
      "Wins": 0,
      "Losses": 0,
      "Draws": 0,
      "OMWP": 0.5,
      "GWP": 0.6470999999999999,
      "OGWP": 0.5159
    },
    {
      "Rank": 5,
      "Player": "Munchlax446",
      "Points": 15,
      "Wins": 0,
      "Losses": 0,
      "Draws": 0,
      "OMWP": 0.5278,
      "GWP": 0.7857,
      "OGWP": 0.5024000000000001
    },
    {
      "Rank": 4,
      "Player": "Just_Roll",
      "Points": 18,
      "Wins": 0,
      "Losses": 0,
      "Draws": 0,
      "OMWP": 0.6111,
      "GWP": 0.7692,
      "OGWP": 0.5621
    },
    {
      "Rank": 3,
      "Player": "powered_by_VANYA",
      "Points": 18,
      "Wins": 0,
      "Losses": 0,
      "Draws": 0,
      "OMWP": 0.6667000000000001,
      "GWP": 0.7692,
      "OGWP": 0.6004
    },
    {
      "Rank": 2,
      "Player": "musasabi",
      "Points": 18,
      "Wins": 0,
      "Losses": 0,
      "Draws": 0,
      "OMWP": 0.6389,
      "GWP": 0.625,
      "OGWP": 0.5756
    },
    {
      "Rank": 1,
      "Player": "fredmcfred",
      "Points": 24,
      "Wins": 0,
      "Losses": 0,
      "Draws": 0,
      "OMWP": 0.5278,
      "GWP": 0.7333,
      "OGWP": 0.5186999999999999
    }
  ]
}