{
  "Tournament": {
    "Id": 12802839,
    "Date": "2025-07-13T21:00:00",
    "Name": "Limited Challenge 32",
    "Uri": null,
    "JsonFile": null,
    "ForceRedownload": false
  },
  "Decks": null,
  "Rounds": [
    {
      "RoundName": "Round 1",
      "Matches": [
        {
          "Player1": "ghost_dog",
          "Player2": "Merriman",
          "Result": "2-0-0"
        },
        {
          "Player1": "Xfer",
          "Player2": "Raydan",
          "Result": "2-0-0"
        },
        {
          "Player1": "Bigatti",
          "Player2": "Moe12",
          "Result": "2-0-0"
        },
        {
          "Player1": "coluche",
          "Player2": "MdvWin",
          "Result": "0-2-0"
        },
        {
          "Player1": "krazymunkyman",
          "Player2": "salvation666",
          "Result": "0-2-0"
        },
        {
          "Player1": "Paanika",
          "Player2": "Incogneato",
          "Result": "0-2-0"
        },
        {
          "Player1": "Dave_Finkle",
          "Player2": "Vyncint_Blankenship",
          "Result": "0-0-0"
        },
        {
          "Player1": "LucasG1ggs",
          "Player2": "Shulk",
          "Result": "0-2-0"
        },
        {
          "Player1": "Omegauo",
          "Player2": "ROTATED",
          "Result": "0-2-0"
        },
        {
          "Player1": "Polarklint",
          "Player2": "Lifeisrisk7",
          "Result": "2-0-0"
        },
        {
          "Player1": "JCspider",
          "Player2": "deleon91",
          "Result": "0-2-0"
        },
        {
          "Player1": "Manuel85",
          "Player2": "benfauerbach",
          "Result": "0-2-0"
        },
        {
          "Player1": "Secretaznman",
          "Player2": "MandrillMan",
          "Result": "0-2-0"
        },
        {
          "Player1": "Lumbalgic",
          "Player2": "ejk",
          "Result": "2-0-0"
        },
        {
          "Player1": "stu909090",
          "Player2": "ShroudedByMist",
          "Result": "0-2-0"
        },
        {
          "Player1": "2kool",
          "Player2": "melty1",
          "Result": "2-0-0"
        },
        {
          "Player1": "SirIceCream",
          "Player2": "Zolazar",
          "Result": "2-0-0"
        },
        {
          "Player1": "Air1",
          "Player2": "edward40hands",
          "Result": "0-2-0"
        }
      ]
    },
    {
      "RoundName": "Round 2",
      "Matches": [
        {
          "Player1": "Air1",
          "Player2": "coluche",
          "Result": "0-2-0"
        },
        {
          "Player1": "ghost_dog",
          "Player2": "MdvWin",
          "Result": "0-2-0"
        },
        {
          "Player1": "Omegauo",
          "Player2": "melty1",
          "Result": "2-0-0"
        },
        {
          "Player1": "B3LF3GoR",
          "Player2": "Lumbalgic",
          "Result": "2-0-0"
        },
        {
          "Player1": "benfauerbach",
          "Player2": "SirIceCream",
          "Result": "0-2-0"
        },
        {
          "Player1": "Raydan",
          "Player2": "Secretaznman",
          "Result": "2-0-0"
        },
        {
          "Player1": "ROTATED",
          "Player2": "Shulk",
          "Result": "2-0-0"
        },
        {
          "Player1": "Polarklint",
          "Player2": "Bigatti",
          "Result": "2-0-0"
        },
        {
          "Player1": "Incogneato",
          "Player2": "ShroudedByMist",
          "Result": "0-2-0"
        },
        {
          "Player1": "JCspider",
          "Player2": "Zolazar",
          "Result": "0-2-0"
        },
        {
          "Player1": "Dave_Finkle",
          "Player2": "Moe12",
          "Result": "0-2-0"
        },
        {
          "Player1": "Xfer",
          "Player2": "edward40hands",
          "Result": "0-2-0"
        },
        {
          "Player1": "salvation666",
          "Player2": "deleon91",
          "Result": "2-0-0"
        },
        {
          "Player1": "LucasG1ggs",
          "Player2": "Manuel85",
          "Result": "0-2-0"
        },
        {
          "Player1": "Paanika",
          "Player2": "Merriman",
          "Result": "2-0-0"
        },
        {
          "Player1": "MandrillMan",
          "Player2": "2kool",
          "Result": "2-0-0"
        },
        {
          "Player1": "ejk",
          "Player2": "Vyncint_Blankenship",
          "Result": "0-2-0"
        }
      ]
    },
    {
      "RoundName": "Round 3",
      "Matches": [
        {
          "Player1": "2kool",
          "Player2": "Moe12",
          "Result": "0-2-0"
        },
        {
          "Player1": "Dave_Finkle",
          "Player2": "ejk",
          "Result": "0-2-0"
        },
        {
          "Player1": "Vyncint_Blankenship",
          "Player2": "MdvWin",
          "Result": "0-0-0"
        },
        {
          "Player1": "Polarklint",
          "Player2": "salvation666",
          "Result": "2-0-0"
        },
        {
          "Player1": "LucasG1ggs",
          "Player2": "melty1",
          "Result": "0-2-0"
        },
        {
          "Player1": "MandrillMan",
          "Player2": "ShroudedByMist",
          "Result": "0-2-0"
        },
        {
          "Player1": "SirIceCream",
          "Player2": "B3LF3GoR",
          "Result": "2-0-0"
        },
        {
          "Player1": "ghost_dog",
          "Player2": "benfauerbach",
          "Result": "2-0-0"
        },
        {
          "Player1": "Incogneato",
          "Player2": "Zolazar",
          "Result": "2-0-0"
        },
        {
          "Player1": "Raydan",
          "Player2": "Bigatti",
          "Result": "2-0-0"
        },
        {
          "Player1": "deleon91",
          "Player2": "Shulk",
          "Result": "2-0-0"
        },
        {
          "Player1": "ROTATED",
          "Player2": "edward40hands",
          "Result": "0-0-0"
        },
        {
          "Player1": "Omegauo",
          "Player2": "Paanika",
          "Result": "2-0-0"
        },
        {
          "Player1": "Xfer",
          "Player2": "Lumbalgic",
          "Result": "0-2-0"
        },
        {
          "Player1": "Secretaznman",
          "Player2": "Merriman",
          "Result": "2-0-0"
        },
        {
          "Player1": "coluche",
          "Player2": "Manuel85",
          "Result": "2-0-0"
        }
      ]
    },
    {
      "RoundName": "Round 4",
      "Matches": [
        {
          "Player1": "ghost_dog",
          "Player2": "Moe12",
          "Result": "0-0-0"
        },
        {
          "Player1": "Manuel85",
          "Player2": "2kool",
          "Result": "0-2-0"
        },
        {
          "Player1": "coluche",
          "Player2": "edward40hands",
          "Result": "0-2-0"
        },
        {
          "Player1": "Paanika",
          "Player2": "Secretaznman",
          "Result": "2-0-0"
        },
        {
          "Player1": "Polarklint",
          "Player2": "MandrillMan",
          "Result": "0-2-0"
        },
        {
          "Player1": "MdvWin",
          "Player2": "B3LF3GoR",
          "Result": "0-2-0"
        },
        {
          "Player1": "Incogneato",
          "Player2": "deleon91",
          "Result": "0-2-0"
        },
        {
          "Player1": "benfauerbach",
          "Player2": "melty1",
          "Result": "0-2-0"
        },
        {
          "Player1": "Lumbalgic",
          "Player2": "salvation666",
          "Result": "2-0-0"
        },
        {
          "Player1": "Omegauo",
          "Player2": "Raydan",
          "Result": "0-2-0"
        },
        {
          "Player1": "Bigatti",
          "Player2": "Shulk",
          "Result": "0-0-0"
        },
        {
          "Player1": "Air1",
          "Player2": "Xfer",
          "Result": "0-2-0"
        },
        {
          "Player1": "ejk",
          "Player2": "Merriman",
          "Result": "2-0-0"
        },
        {
          "Player1": "ROTATED",
          "Player2": "Vyncint_Blankenship",
          "Result": "0-2-0"
        },
        {
          "Player1": "SirIceCream",
          "Player2": "ShroudedByMist",
          "Result": "2-0-0"
        }
      ]
    },
    {
      "RoundName": "Round 5",
      "Matches": [
        {
          "Player1": "Omegauo",
          "Player2": "Bigatti",
          "Result": "1-2-0"
        },
        {
          "Player1": "Raydan",
          "Player2": "ShroudedByMist",
          "Result": "0-2-0"
        },
        {
          "Player1": "ghost_dog",
          "Player2": "B3LF3GoR",
          "Result": "0-2-0"
        },
        {
          "Player1": "Incogneato",
          "Player2": "ejk",
          "Result": "2-0-0"
        },
        {
          "Player1": "ROTATED",
          "Player2": "Polarklint",
          "Result": "2-0-0"
        },
        {
          "Player1": "SirIceCream",
          "Player2": "Vyncint_Blankenship",
          "Result": "2-0-0"
        },
        {
          "Player1": "Paanika",
          "Player2": "MdvWin",
          "Result": "2-0-0"
        },
        {
          "Player1": "deleon91",
          "Player2": "MandrillMan",
          "Result": "0-2-0"
        },
        {
          "Player1": "Xfer",
          "Player2": "2kool",
          "Result": "2-0-0"
        },
        {
          "Player1": "coluche",
          "Player2": "Moe12",
          "Result": "0-2-0"
        },
        {
          "Player1": "edward40hands",
          "Player2": "Lumbalgic",
          "Result": "2-0-0"
        }
      ]
    },
    {
      "RoundName": "Round 6",
      "Matches": [
        {
          "Player1": "Paanika",
          "Player2": "ghost_dog",
          "Result": "2-0-0"
        },
        {
          "Player1": "deleon91",
          "Player2": "Bigatti",
          "Result": "0-2-0"
        },
        {
          "Player1": "Polarklint",
          "Player2": "benfauerbach",
          "Result": "2-0-0"
        },
        {
          "Player1": "Xfer",
          "Player2": "Vyncint_Blankenship",
          "Result": "0-2-0"
        },
        {
          "Player1": "ShroudedByMist",
          "Player2": "B3LF3GoR",
          "Result": "2-0-0"
        },
        {
          "Player1": "Omegauo",
          "Player2": "MdvWin",
          "Result": "0-2-0"
        },
        {
          "Player1": "Incogneato",
          "Player2": "Raydan",
          "Result": "2-0-0"
        },
        {
          "Player1": "ROTATED",
          "Player2": "MandrillMan",
          "Result": "0-2-0"
        },
        {
          "Player1": "coluche",
          "Player2": "ejk",
          "Result": "2-0-0"
        },
        {
          "Player1": "edward40hands",
          "Player2": "SirIceCream",
          "Result": "0-2-0"
        },
        {
          "Player1": "Lumbalgic",
          "Player2": "Moe12",
          "Result": "2-0-0"
        }
      ]
    }
  ],
  "Standings": [
    {
      "Rank": 37,
      "Player": "LucasG1ggs",
      "Points": 0,
      "Wins": 0,
      "Losses": 0,
      "Draws": 0,
      "OMWP": 0.3889,
      "GWP": 0.1429,
      "OGWP": 0.3889
    },
    {
      "Rank": 36,
      "Player": "JCspider",
      "Points": 0,
      "Wins": 0,
      "Losses": 0,
      "Draws": 0,
      "OMWP": 0.4167,
      "GWP": 0.3333,
      "OGWP": 0.4167
    },
    {
      "Rank": 35,
      "Player": "Merriman",
      "Points": 0,
      "Wins": 0,
      "Losses": 0,
      "Draws": 0,
      "OMWP": 0.4583,
      "GWP": 0.2,
      "OGWP": 0.4755
    },
    {
      "Rank": 34,
      "Player": "krazymunkyman",
      "Points": 0,
      "Wins": 0,
      "Losses": 0,
      "Draws": 0,
      "OMWP": 0.5,
      "GWP": 0,
      "OGWP": 0.5
    },
    {
      "Rank": 33,
      "Player": "Dave_Finkle",
      "Points": 0,
      "Wins": 0,
      "Losses": 0,
      "Draws": 0,
      "OMWP": 0.5556,
      "GWP": 0.3333,
      "OGWP": 0.5564
    },
    {
      "Rank": 32,
      "Player": "Lifeisrisk7",
      "Points": 0,
      "Wins": 0,
      "Losses": 0,
      "Draws": 0,
      "OMWP": 0.6667000000000001,
      "GWP": 0.3333,
      "OGWP": 0.6667000000000001
    },
    {
      "Rank": 31,
      "Player": "stu909090",
      "Points": 0,
      "Wins": 0,
      "Losses": 0,
      "Draws": 0,
      "OMWP": 0.8332999999999999,
      "GWP": 0,
      "OGWP": 0.6875
    },
    {
      "Rank": 30,
      "Player": "Manuel85",
      "Points": 3,
      "Wins": 0,
      "Losses": 0,
      "Draws": 0,
      "OMWP": 0.4167,
      "GWP": 0.3333,
      "OGWP": 0.4179
    },
    {
      "Rank": 29,
      "Player": "Shulk",
      "Points": 3,
      "Wins": 0,
      "Losses": 0,
      "Draws": 0,
      "OMWP": 0.5417000000000001,
      "GWP": 0.3333,
      "OGWP": 0.494
    },
    {
      "Rank": 28,
      "Player": "Air1",
      "Points": 3,
      "Wins": 0,
      "Losses": 0,
      "Draws": 0,
      "OMWP": 0.5556,
      "GWP": 0.3333,
      "OGWP": 0.5111
    },
    {
      "Rank": 27,
      "Player": "Secretaznman",
      "Points": 3,
      "Wins": 0,
      "Losses": 0,
      "Draws": 0,
      "OMWP": 0.5832999999999999,
      "GWP": 0.3636,
      "OGWP": 0.5297
    },
    {
      "Rank": 26,
      "Player": "Zolazar",
      "Points": 3,
      "Wins": 0,
      "Losses": 0,
      "Draws": 0,
      "OMWP": 0.6667000000000001,
      "GWP": 0.2857,
      "OGWP": 0.6331
    },
    {
      "Rank": 25,
      "Player": "melty1",
      "Points": 6,
      "Wins": 0,
      "Losses": 0,
      "Draws": 0,
      "OMWP": 0.375,
      "GWP": 0.5,
      "OGWP": 0.395
    },
    {
      "Rank": 24,
      "Player": "salvation666",
      "Points": 6,
      "Wins": 0,
      "Losses": 0,
      "Draws": 0,
      "OMWP": 0.5417000000000001,
      "GWP": 0.5,
      "OGWP": 0.5221
    },
    {
      "Rank": 23,
      "Player": "ejk",
      "Points": 6,
      "Wins": 0,
      "Losses": 0,
      "Draws": 0,
      "OMWP": 0.5556,
      "GWP": 0.4,
      "OGWP": 0.5223
    },
    {
      "Rank": 22,
      "Player": "Omegauo",
      "Points": 6,
      "Wins": 0,
      "Losses": 0,
      "Draws": 0,
      "OMWP": 0.5832999999999999,
      "GWP": 0.375,
      "OGWP": 0.5468999999999999
    },
    {
      "Rank": 21,
      "Player": "benfauerbach",
      "Points": 6,
      "Wins": 0,
      "Losses": 0,
      "Draws": 0,
      "OMWP": 0.6,
      "GWP": 0.2727,
      "OGWP": 0.5922999999999999
    },
    {
      "Rank": 20,
      "Player": "coluche",
      "Points": 9,
      "Wins": 0,
      "Losses": 0,
      "Draws": 0,
      "OMWP": 0.44439999999999996,
      "GWP": 0.4667,
      "OGWP": 0.43329999999999996
    },
    {
      "Rank": 19,
      "Player": "ghost_dog",
      "Points": 9,
      "Wins": 0,
      "Losses": 0,
      "Draws": 0,
      "OMWP": 0.5,
      "GWP": 0.5385,
      "OGWP": 0.4611
    },
    {
      "Rank": 18,
      "Player": "Moe12",
      "Points": 9,
      "Wins": 0,
      "Losses": 0,
      "Draws": 0,
      "OMWP": 0.5278,
      "GWP": 0.5,
      "OGWP": 0.5061
    },
    {
      "Rank": 17,
      "Player": "2kool",
      "Points": 9,
      "Wins": 0,
      "Losses": 0,
      "Draws": 0,
      "OMWP": 0.5333,
      "GWP": 0.5385,
      "OGWP": 0.5027
    },
    {
      "Rank": 16,
      "Player": "deleon91",
      "Points": 9,
      "Wins": 0,
      "Losses": 0,
      "Draws": 0,
      "OMWP": 0.5556,
      "GWP": 0.5,
      "OGWP": 0.5047
    },
    {
      "Rank": 15,
      "Player": "Raydan",
      "Points": 9,
      "Wins": 0,
      "Losses": 0,
      "Draws": 0,
      "OMWP": 0.5556,
      "GWP": 0.5385,
      "OGWP": 0.529
    },
    {
      "Rank": 14,
      "Player": "MdvWin",
      "Points": 9,
      "Wins": 0,
      "Losses": 0,
      "Draws": 0,
      "OMWP": 0.5832999999999999,
      "GWP": 0.5,
      "OGWP": 0.5416
    },
    {
      "Rank": 13,
      "Player": "Xfer",
      "Points": 9,
      "Wins": 0,
      "Losses": 0,
      "Draws": 0,
      "OMWP": 0.5832999999999999,
      "GWP": 0.5333,
      "OGWP": 0.5502
    },
    {
      "Rank": 12,
      "Player": "Paanika",
      "Points": 12,
      "Wins": 0,
      "Losses": 0,
      "Draws": 0,
      "OMWP": 0.44439999999999996,
      "GWP": 0.6,
      "OGWP": 0.45890000000000003
    },
    {
      "Rank": 11,
      "Player": "Bigatti",
      "Points": 12,
      "Wins": 0,
      "Losses": 0,
      "Draws": 0,
      "OMWP": 0.4722,
      "GWP": 0.5714,
      "OGWP": 0.48560000000000003
    },
    {
      "Rank": 10,
      "Player": "Lumbalgic",
      "Points": 12,
      "Wins": 0,
      "Losses": 0,
      "Draws": 0,
      "OMWP": 0.5278,
      "GWP": 0.5882000000000001,
      "OGWP": 0.49439999999999995
    },
    {
      "Rank": 9,
      "Player": "Incogneato",
      "Points": 12,
      "Wins": 0,
      "Losses": 0,
      "Draws": 0,
      "OMWP": 0.5278,
      "GWP": 0.6429,
      "OGWP": 0.5099
    },
    {
      "Rank": 8,
      "Player": "Polarklint",
      "Points": 12,
      "Wins": 0,
      "Losses": 0,
      "Draws": 0,
      "OMWP": 0.5556,
      "GWP": 0.6667000000000001,
      "OGWP": 0.4928
    },
    {
      "Rank": 7,
      "Player": "edward40hands",
      "Points": 12,
      "Wins": 0,
      "Losses": 0,
      "Draws": 0,
      "OMWP": 0.6111,
      "GWP": 0.5333,
      "OGWP": 0.5693
    },
    {
      "Rank": 6,
      "Player": "ROTATED",
      "Points": 12,
      "Wins": 0,
      "Losses": 0,
      "Draws": 0,
      "OMWP": 0.6111,
      "GWP": 0.5714,
      "OGWP": 0.5540999999999999
    },
    {
      "Rank": 5,
      "Player": "B3LF3GoR",
      "Points": 12,
      "Wins": 0,
      "Losses": 0,
      "Draws": 0,
      "OMWP": 0.7,
      "GWP": 0.5,
      "OGWP": 0.6475
    },
    {
      "Rank": 4,
      "Player": "Vyncint_Blankenship",
      "Points": 15,
      "Wins": 0,
      "Losses": 0,
      "Draws": 0,
      "OMWP": 0.5556,
      "GWP": 0.7692,
      "OGWP": 0.5435
    },
    {
      "Rank": 3,
      "Player": "MandrillMan",
      "Points": 15,
      "Wins": 0,
      "Losses": 0,
      "Draws": 0,
      "OMWP": 0.5832999999999999,
      "GWP": 0.6470999999999999,
      "OGWP": 0.5546
    },
    {
      "Rank": 2,
      "Player": "ShroudedByMist",
      "Points": 15,
      "Wins": 0,
      "Losses": 0,
      "Draws": 0,
      "OMWP": 0.6667000000000001,
      "GWP": 0.6875,
      "OGWP": 0.5975
    },
    {
      "Rank": 1,
      "Player": "SirIceCream",
      "Points": 18,
      "Wins": 0,
      "Losses": 0,
      "Draws": 0,
      "OMWP": 0.6111,
      "GWP": 0.9231,
      "OGWP": 0.5261
    }
  ]
}