{
  "Tournament": {
    "Id": 12802831,
    "Date": "2025-07-13T13:00:00",
    "Name": "Modern Challenge 32",
    "Uri": null,
    "JsonFile": null,
    "ForceRedownload": false
  },
  "Decks": null,
  "Rounds": [
    {
      "RoundName": "Round 1",
      "Matches": [
        {
          "Player1": "Nytrox",
          "Player2": "DavidDaBridges",
          "Result": "2-0-0"
        },
        {
          "Player1": "barczek",
          "Player2": "Reiam",
          "Result": "2-0-0"
        },
        {
          "Player1": "viktor_von_muerte",
          "Player2": "Kotte89",
          "Result": "0-2-0"
        },
        {
          "Player1": "HideOnShish",
          "Player2": "AeonLock",
          "Result": "2-0-0"
        },
        {
          "Player1": "oosunq",
          "Player2": "Vrym",
          "Result": "2-0-0"
        },
        {
          "Player1": "jvidarte",
          "Player2": "TheRealHan",
          "Result": "2-0-0"
        },
        {
          "Player1": "triosk",
          "Player2": "termidor",
          "Result": "2-0-0"
        },
        {
          "Player1": "kobayui",
          "Player2": "Junkmener",
          "Result": "2-0-0"
        },
        {
          "Player1": "Terminus0",
          "Player2": "PetrKikac1",
          "Result": "0-2-0"
        },
        {
          "Player1": "marito9911",
          "Player2": "Harpie3020",
          "Result": "0-2-0"
        },
        {
          "Player1": "niuwaid001",
          "Player2": "Taddy_99",
          "Result": "0-2-0"
        },
        {
          "Player1": "MATTOMARINAIO",
          "Player2": "JuanmaAT",
          "Result": "2-0-0"
        },
        {
          "Player1": "DemianDesposito10",
          "Player2": "Napoleon_I",
          "Result": "0-2-0"
        },
        {
          "Player1": "bless_von",
          "Player2": "jev_",
          "Result": "2-0-0"
        },
        {
          "Player1": "drivenbysomeone",
          "Player2": "baksakal",
          "Result": "2-0-0"
        },
        {
          "Player1": "nahuel10",
          "Player2": "Erik157751",
          "Result": "2-0-0"
        },
        {
          "Player1": "myra00",
          "Player2": "Rockmusiclover45",
          "Result": "0-2-0"
        },
        {
          "Player1": "unagieel",
          "Player2": "Mox_Emperor",
          "Result": "0-2-0"
        },
        {
          "Player1": "slaxx",
          "Player2": "Xenowan",
          "Result": "0-2-0"
        },
        {
          "Player1": "KingHairy",
          "Player2": "_Milan",
          "Result": "2-0-0"
        },
        {
          "Player1": "bobthedog",
          "Player2": "GobFTW",
          "Result": "0-2-0"
        },
        {
          "Player1": "Gerardo94",
          "Player2": "jewdan",
          "Result": "2-0-0"
        },
        {
          "Player1": "HyPPeR",
          "Player2": "reidq7",
          "Result": "2-0-0"
        },
        {
          "Player1": "solaec0501",
          "Player2": "SPyromancer",
          "Result": "0-2-0"
        },
        {
          "Player1": "Vallejo97",
          "Player2": "raunze666",
          "Result": "2-0-0"
        },
        {
          "Player1": "Gobeli",
          "Player2": "TheKG",
          "Result": "0-2-0"
        },
        {
          "Player1": "TrueHero",
          "Player2": "CerealEd",
          "Result": "2-0-0"
        },
        {
          "Player1": "12azor",
          "Player2": "_Tia93_",
          "Result": "0-0-0"
        },
        {
          "Player1": "DylanGregory",
          "Player2": "wutey",
          "Result": "0-0-0"
        },
        {
          "Player1": "sokos13",
          "Player2": "SargonVito8",
          "Result": "2-0-0"
        },
        {
          "Player1": "OkoDio",
          "Player2": "SkolemChi",
          "Result": "0-0-0"
        },
        {
          "Player1": "marcofabrizi",
          "Player2": "Sven745",
          "Result": "2-0-0"
        },
        {
          "Player1": "Terribad",
          "Player2": "klien7",
          "Result": "2-0-0"
        }
      ]
    },
    {
      "RoundName": "Round 2",
      "Matches": [
        {
          "Player1": "sokos13",
          "Player2": "HyPPeR",
          "Result": "2-0-0"
        },
        {
          "Player1": "myra00",
          "Player2": "Reiam",
          "Result": "2-0-0"
        },
        {
          "Player1": "_Milan",
          "Player2": "DavidDaBridges",
          "Result": "0-2-0"
        },
        {
          "Player1": "unagieel",
          "Player2": "SargonVito8",
          "Result": "2-0-0"
        },
        {
          "Player1": "Mox_Emperor",
          "Player2": "Xenowan",
          "Result": "0-2-0"
        },
        {
          "Player1": "oosunq",
          "Player2": "Kotte89",
          "Result": "0-2-0"
        },
        {
          "Player1": "_Tia93_",
          "Player2": "jev_",
          "Result": "2-0-0"
        },
        {
          "Player1": "baksakal",
          "Player2": "Erik157751",
          "Result": "0-2-0"
        },
        {
          "Player1": "Terribad",
          "Player2": "Fatal_Vlad",
          "Result": "0-2-0"
        },
        {
          "Player1": "termidor",
          "Player2": "CerealEd",
          "Result": "0-0-0"
        },
        {
          "Player1": "Vrym",
          "Player2": "DemianDesposito10",
          "Result": "2-0-0"
        },
        {
          "Player1": "DylanGregory",
          "Player2": "reidq7",
          "Result": "2-0-0"
        },
        {
          "Player1": "marito9911",
          "Player2": "Sven745",
          "Result": "0-2-0"
        },
        {
          "Player1": "Vallejo97",
          "Player2": "Taddy_99",
          "Result": "2-1-0"
        },
        {
          "Player1": "bobthedog",
          "Player2": "klien7",
          "Result": "2-0-0"
        },
        {
          "Player1": "triosk",
          "Player2": "Napoleon_I",
          "Result": "2-0-0"
        },
        {
          "Player1": "TheKG",
          "Player2": "SkolemChi",
          "Result": "2-0-0"
        },
        {
          "Player1": "solaec0501",
          "Player2": "Junkmener",
          "Result": "2-0-0"
        },
        {
          "Player1": "Gerardo94",
          "Player2": "MATTOMARINAIO",
          "Result": "0-2-0"
        },
        {
          "Player1": "JuanmaAT",
          "Player2": "OkoDio",
          "Result": "0-2-0"
        },
        {
          "Player1": "TheRealHan",
          "Player2": "AeonLock",
          "Result": "2-0-0"
        },
        {
          "Player1": "viktor_von_muerte",
          "Player2": "niuwaid001",
          "Result": "0-2-0"
        },
        {
          "Player1": "barczek",
          "Player2": "GobFTW",
          "Result": "2-0-0"
        },
        {
          "Player1": "Nytrox",
          "Player2": "marcofabrizi",
          "Result": "0-2-0"
        },
        {
          "Player1": "nahuel10",
          "Player2": "SPyromancer",
          "Result": "0-2-0"
        },
        {
          "Player1": "TrueHero",
          "Player2": "Harpie3020",
          "Result": "2-0-0"
        },
        {
          "Player1": "raunze666",
          "Player2": "jewdan",
          "Result": "0-2-0"
        },
        {
          "Player1": "drivenbysomeone",
          "Player2": "kobayui",
          "Result": "2-0-0"
        },
        {
          "Player1": "wutey",
          "Player2": "HideOnShish",
          "Result": "2-0-0"
        },
        {
          "Player1": "jvidarte",
          "Player2": "PetrKikac1",
          "Result": "2-0-0"
        },
        {
          "Player1": "12azor",
          "Player2": "KingHairy",
          "Result": "0-2-0"
        },
        {
          "Player1": "bless_von",
          "Player2": "Rockmusiclover45",
          "Result": "0-2-0"
        }
      ]
    },
    {
      "RoundName": "Round 3",
      "Matches": [
        {
          "Player1": "_Milan",
          "Player2": "DemianDesposito10",
          "Result": "2-0-0"
        },
        {
          "Player1": "viktor_von_muerte",
          "Player2": "klien7",
          "Result": "2-0-0"
        },
        {
          "Player1": "HyPPeR",
          "Player2": "solaec0501",
          "Result": "0-2-0"
        },
        {
          "Player1": "jewdan",
          "Player2": "PetrKikac1",
          "Result": "2-0-0"
        },
        {
          "Player1": "drivenbysomeone",
          "Player2": "TheKG",
          "Result": "2-0-0"
        },
        {
          "Player1": "marcofabrizi",
          "Player2": "Vallejo97",
          "Result": "0-2-0"
        },
        {
          "Player1": "unagieel",
          "Player2": "12azor",
          "Result": "2-0-0"
        },
        {
          "Player1": "nahuel10",
          "Player2": "Napoleon_I",
          "Result": "0-2-0"
        },
        {
          "Player1": "Erik157751",
          "Player2": "CerealEd",
          "Result": "0-2-0"
        },
        {
          "Player1": "Xenowan",
          "Player2": "Fatal_Vlad",
          "Result": "2-0-0"
        },
        {
          "Player1": "marito9911",
          "Player2": "raunze666",
          "Result": "0-2-0"
        },
        {
          "Player1": "Reiam",
          "Player2": "AeonLock",
          "Result": "2-0-0"
        },
        {
          "Player1": "Gobeli",
          "Player2": "DylanGregory",
          "Result": "0-2-0"
        },
        {
          "Player1": "oosunq",
          "Player2": "_Tia93_",
          "Result": "2-0-0"
        },
        {
          "Player1": "TrueHero",
          "Player2": "wutey",
          "Result": "2-0-0"
        },
        {
          "Player1": "Nytrox",
          "Player2": "kobayui",
          "Result": "0-2-0"
        },
        {
          "Player1": "Taddy_99",
          "Player2": "SkolemChi",
          "Result": "2-0-0"
        },
        {
          "Player1": "Mox_Emperor",
          "Player2": "Sven745",
          "Result": "0-2-0"
        },
        {
          "Player1": "triosk",
          "Player2": "Kotte89",
          "Result": "0-2-0"
        },
        {
          "Player1": "myra00",
          "Player2": "DavidDaBridges",
          "Result": "0-2-0"
        },
        {
          "Player1": "GobFTW",
          "Player2": "TheRealHan",
          "Result": "2-0-0"
        },
        {
          "Player1": "jvidarte",
          "Player2": "HideOnShish",
          "Result": "2-0-0"
        },
        {
          "Player1": "KingHairy",
          "Player2": "SPyromancer",
          "Result": "2-0-0"
        },
        {
          "Player1": "Terribad",
          "Player2": "Gerardo94",
          "Result": "0-2-0"
        },
        {
          "Player1": "Vrym",
          "Player2": "bless_von",
          "Result": "2-0-0"
        },
        {
          "Player1": "barczek",
          "Player2": "MATTOMARINAIO",
          "Result": "0-2-0"
        },
        {
          "Player1": "bobthedog",
          "Player2": "Harpie3020",
          "Result": "0-2-0"
        },
        {
          "Player1": "niuwaid001",
          "Player2": "OkoDio",
          "Result": "2-0-0"
        },
        {
          "Player1": "sokos13",
          "Player2": "Rockmusiclover45",
          "Result": "0-2-0"
        }
      ]
    },
    {
      "RoundName": "Round 4",
      "Matches": [
        {
          "Player1": "bobthedog",
          "Player2": "DemianDesposito10",
          "Result": "2-0-0"
        },
        {
          "Player1": "Gobeli",
          "Player2": "raunze666",
          "Result": "0-0-0"
        },
        {
          "Player1": "12azor",
          "Player2": "Gerardo94",
          "Result": "2-0-0"
        },
        {
          "Player1": "oosunq",
          "Player2": "KingHairy",
          "Result": "2-0-0"
        },
        {
          "Player1": "sokos13",
          "Player2": "DavidDaBridges",
          "Result": "0-0-0"
        },
        {
          "Player1": "Erik157751",
          "Player2": "PetrKikac1",
          "Result": "0-2-0"
        },
        {
          "Player1": "solaec0501",
          "Player2": "CerealEd",
          "Result": "0-2-0"
        },
        {
          "Player1": "Reiam",
          "Player2": "HideOnShish",
          "Result": "0-2-0"
        },
        {
          "Player1": "marito9911",
          "Player2": "klien7",
          "Result": "0-2-0"
        },
        {
          "Player1": "marcofabrizi",
          "Player2": "kobayui",
          "Result": "0-2-0"
        },
        {
          "Player1": "myra00",
          "Player2": "TheRealHan",
          "Result": "2-0-0"
        },
        {
          "Player1": "Nytrox",
          "Player2": "SkolemChi",
          "Result": "0-2-0"
        },
        {
          "Player1": "HyPPeR",
          "Player2": "_Milan",
          "Result": "0-2-0"
        },
        {
          "Player1": "triosk",
          "Player2": "Fatal_Vlad",
          "Result": "0-2-0"
        },
        {
          "Player1": "drivenbysomeone",
          "Player2": "TrueHero",
          "Result": "0-2-0"
        },
        {
          "Player1": "SPyromancer",
          "Player2": "Sven745",
          "Result": "2-0-0"
        },
        {
          "Player1": "barczek",
          "Player2": "DylanGregory",
          "Result": "0-2-0"
        },
        {
          "Player1": "Xenowan",
          "Player2": "Rockmusiclover45",
          "Result": "2-0-0"
        },
        {
          "Player1": "viktor_von_muerte",
          "Player2": "Mox_Emperor",
          "Result": "2-0-0"
        },
        {
          "Player1": "TheKG",
          "Player2": "Harpie3020",
          "Result": "2-0-0"
        },
        {
          "Player1": "Kotte89",
          "Player2": "Vallejo97",
          "Result": "2-0-0"
        },
        {
          "Player1": "wutey",
          "Player2": "Taddy_99",
          "Result": "0-2-0"
        },
        {
          "Player1": "Vrym",
          "Player2": "Napoleon_I",
          "Result": "2-0-0"
        },
        {
          "Player1": "jvidarte",
          "Player2": "MATTOMARINAIO",
          "Result": "2-0-0"
        },
        {
          "Player1": "niuwaid001",
          "Player2": "GobFTW",
          "Result": "0-0-0"
        },
        {
          "Player1": "unagieel",
          "Player2": "jewdan",
          "Result": "0-2-0"
        }
      ]
    },
    {
      "RoundName": "Round 5",
      "Matches": [
        {
          "Player1": "jewdan",
          "Player2": "Taddy_99",
          "Result": "2-0-0"
        },
        {
          "Player1": "Vrym",
          "Player2": "SPyromancer",
          "Result": "2-0-0"
        },
        {
          "Player1": "viktor_von_muerte",
          "Player2": "Gerardo94",
          "Result": "2-0-0"
        },
        {
          "Player1": "TrueHero",
          "Player2": "Xenowan",
          "Result": "0-2-0"
        },
        {
          "Player1": "niuwaid001",
          "Player2": "CerealEd",
          "Result": "1-2-0"
        },
        {
          "Player1": "GobFTW",
          "Player2": "myra00",
          "Result": "2-0-0"
        },
        {
          "Player1": "raunze666",
          "Player2": "AeonLock",
          "Result": "0-2-0"
        },
        {
          "Player1": "bobthedog",
          "Player2": "unagieel",
          "Result": "2-0-0"
        },
        {
          "Player1": "Vallejo97",
          "Player2": "Rockmusiclover45",
          "Result": "2-0-0"
        },
        {
          "Player1": "Napoleon_I",
          "Player2": "wutey",
          "Result": "2-0-0"
        },
        {
          "Player1": "barczek",
          "Player2": "SkolemChi",
          "Result": "2-0-0"
        },
        {
          "Player1": "Kotte89",
          "Player2": "jvidarte",
          "Result": "2-0-0"
        },
        {
          "Player1": "drivenbysomeone",
          "Player2": "DylanGregory",
          "Result": "2-0-0"
        },
        {
          "Player1": "TheKG",
          "Player2": "KingHairy",
          "Result": "0-2-0"
        },
        {
          "Player1": "oosunq",
          "Player2": "Fatal_Vlad",
          "Result": "2-0-0"
        },
        {
          "Player1": "Gobeli",
          "Player2": "_Milan",
          "Result": "0-2-0"
        },
        {
          "Player1": "solaec0501",
          "Player2": "sokos13",
          "Result": "0-2-0"
        },
        {
          "Player1": "12azor",
          "Player2": "MATTOMARINAIO",
          "Result": "2-0-0"
        },
        {
          "Player1": "PetrKikac1",
          "Player2": "Sven745",
          "Result": "2-0-0"
        },
        {
          "Player1": "Harpie3020",
          "Player2": "HideOnShish",
          "Result": "0-2-0"
        },
        {
          "Player1": "kobayui",
          "Player2": "DavidDaBridges",
          "Result": "2-0-0"
        }
      ]
    },
    {
      "RoundName": "Round 6",
      "Matches": [
        {
          "Player1": "sokos13",
          "Player2": "_Milan",
          "Result": "2-0-0"
        },
        {
          "Player1": "KingHairy",
          "Player2": "TrueHero",
          "Result": "0-2-0"
        },
        {
          "Player1": "MATTOMARINAIO",
          "Player2": "Fatal_Vlad",
          "Result": "0-2-0"
        },
        {
          "Player1": "TheKG",
          "Player2": "DylanGregory",
          "Result": "2-0-0"
        },
        {
          "Player1": "DavidDaBridges",
          "Player2": "Harpie3020",
          "Result": "2-0-0"
        },
        {
          "Player1": "Gobeli",
          "Player2": "SkolemChi",
          "Result": "2-0-0"
        },
        {
          "Player1": "12azor",
          "Player2": "Napoleon_I",
          "Result": "2-0-0"
        },
        {
          "Player1": "kobayui",
          "Player2": "jvidarte",
          "Result": "0-2-0"
        },
        {
          "Player1": "Kotte89",
          "Player2": "Xenowan",
          "Result": "0-2-0"
        },
        {
          "Player1": "bobthedog",
          "Player2": "niuwaid001",
          "Result": "0-2-0"
        },
        {
          "Player1": "barczek",
          "Player2": "SPyromancer",
          "Result": "2-0-0"
        },
        {
          "Player1": "Vallejo97",
          "Player2": "jewdan",
          "Result": "0-0-0"
        },
        {
          "Player1": "GobFTW",
          "Player2": "PetrKikac1",
          "Result": "2-0-0"
        },
        {
          "Player1": "Vrym",
          "Player2": "CerealEd",
          "Result": "2-0-0"
        },
        {
          "Player1": "oosunq",
          "Player2": "drivenbysomeone",
          "Result": "2-0-0"
        },
        {
          "Player1": "solaec0501",
          "Player2": "AeonLock",
          "Result": "2-0-0"
        },
        {
          "Player1": "viktor_von_muerte",
          "Player2": "Rockmusiclover45",
          "Result": "0-2-0"
        },
        {
          "Player1": "HideOnShish",
          "Player2": "Taddy_99",
          "Result": "2-0-0"
        },
        {
          "Player1": "Gerardo94",
          "Player2": "wutey",
          "Result": "0-2-0"
        }
      ]
    },
    {
      "RoundName": "Round 7",
      "Matches": [
        {
          "Player1": "Gobeli",
          "Player2": "wutey",
          "Result": "0-2-0"
        },
        {
          "Player1": "12azor",
          "Player2": "TheKG",
          "Result": "2-0-0"
        },
        {
          "Player1": "kobayui",
          "Player2": "HideOnShish",
          "Result": "0-2-0"
        },
        {
          "Player1": "solaec0501",
          "Player2": "Taddy_99",
          "Result": "0-2-0"
        },
        {
          "Player1": "SkolemChi",
          "Player2": "AeonLock",
          "Result": "0-2-0"
        },
        {
          "Player1": "bobthedog",
          "Player2": "Napoleon_I",
          "Result": "0-0-0"
        },
        {
          "Player1": "oosunq",
          "Player2": "TrueHero",
          "Result": "0-2-0"
        },
        {
          "Player1": "viktor_von_muerte",
          "Player2": "PetrKikac1",
          "Result": "0-2-0"
        },
        {
          "Player1": "barczek",
          "Player2": "KingHairy",
          "Result": "0-2-0"
        },
        {
          "Player1": "DylanGregory",
          "Player2": "raunze666",
          "Result": "0-2-0"
        },
        {
          "Player1": "_Milan",
          "Player2": "SPyromancer",
          "Result": "2-0-0"
        },
        {
          "Player1": "GobFTW",
          "Player2": "Rockmusiclover45",
          "Result": "2-0-0"
        },
        {
          "Player1": "sokos13",
          "Player2": "Fatal_Vlad",
          "Result": "1-2-0"
        },
        {
          "Player1": "Kotte89",
          "Player2": "Vrym",
          "Result": "2-0-0"
        },
        {
          "Player1": "jvidarte",
          "Player2": "CerealEd",
          "Result": "0-2-0"
        },
        {
          "Player1": "Vallejo97",
          "Player2": "Xenowan",
          "Result": "2-0-0"
        },
        {
          "Player1": "drivenbysomeone",
          "Player2": "DavidDaBridges",
          "Result": "0-2-0"
        },
        {
          "Player1": "niuwaid001",
          "Player2": "jewdan",
          "Result": "2-0-0"
        }
      ]
    },
    {
      "RoundName": "Round 8",
      "Matches": [
        {
          "Player1": "Xenowan",
          "Player2": "jvidarte",
          "Result": "0-2-0"
        },
        {
          "Player1": "oosunq",
          "Player2": "Vallejo97",
          "Result": "2-0-0"
        },
        {
          "Player1": "KingHairy",
          "Player2": "TrueHero",
          "Result": "0-2-0"
        },
        {
          "Player1": "Kotte89",
          "Player2": "CerealEd",
          "Result": "0-2-0"
        }
      ]
    },
    {
      "RoundName": "Round 9",
      "Matches": [
        {
          "Player1": "oosunq",
          "Player2": "CerealEd",
          "Result": "0-0-0"
        },
        {
          "Player1": "TrueHero",
          "Player2": "jvidarte",
          "Result": "2-0-0"
        }
      ]
    },
    {
      "RoundName": "Round 10",
      "Matches": [
        {
          "Player1": "TrueHero",
          "Player2": "CerealEd",
          "Result": "2-0-0"
        }
      ]
    }
  ],
  "Standings": [
    {
      "Rank": 67,
      "Player": "jev_",
      "Points": 0,
      "Wins": 0,
      "Losses": 0,
      "Draws": 0,
      "OMWP": 0.3333,
      "GWP": 0.2,
      "OGWP": 0.3542
    },
    {
      "Rank": 66,
      "Player": "marito9911",
      "Points": 0,
      "Wins": 0,
      "Losses": 0,
      "Draws": 0,
      "OMWP": 0.3738,
      "GWP": 0.2,
      "OGWP": 0.41229999999999994
    },
    {
      "Rank": 65,
      "Player": "reidq7",
      "Points": 0,
      "Wins": 0,
      "Losses": 0,
      "Draws": 0,
      "OMWP": 0.381,
      "GWP": 0.3333,
      "OGWP": 0.4048
    },
    {
      "Rank": 64,
      "Player": "JuanmaAT",
      "Points": 0,
      "Wins": 0,
      "Losses": 0,
      "Draws": 0,
      "OMWP": 0.4167,
      "GWP": 0.2,
      "OGWP": 0.4567
    },
    {
      "Rank": 63,
      "Player": "baksakal",
      "Points": 0,
      "Wins": 0,
      "Losses": 0,
      "Draws": 0,
      "OMWP": 0.4524,
      "GWP": 0.3333,
      "OGWP": 0.402
    },
    {
      "Rank": 62,
      "Player": "SargonVito8",
      "Points": 0,
      "Wins": 0,
      "Losses": 0,
      "Draws": 0,
      "OMWP": 0.4857,
      "GWP": 0.2,
      "OGWP": 0.45
    },
    {
      "Rank": 61,
      "Player": "Junkmener",
      "Points": 0,
      "Wins": 0,
      "Losses": 0,
      "Draws": 0,
      "OMWP": 0.5,
      "GWP": 0.2,
      "OGWP": 0.4722
    },
    {
      "Rank": 60,
      "Player": "Terminus0",
      "Points": 0,
      "Wins": 0,
      "Losses": 0,
      "Draws": 0,
      "OMWP": 0.5714,
      "GWP": 0,
      "OGWP": 0.5556
    },
    {
      "Rank": 59,
      "Player": "DemianDesposito10",
      "Points": 0,
      "Wins": 0,
      "Losses": 0,
      "Draws": 0,
      "OMWP": 0.5714,
      "GWP": 0,
      "OGWP": 0.5763
    },
    {
      "Rank": 58,
      "Player": "termidor",
      "Points": 0,
      "Wins": 0,
      "Losses": 0,
      "Draws": 0,
      "OMWP": 0.6071,
      "GWP": 0,
      "OGWP": 0.5903
    },
    {
      "Rank": 57,
      "Player": "slaxx",
      "Points": 0,
      "Wins": 0,
      "Losses": 0,
      "Draws": 0,
      "OMWP": 0.8571,
      "GWP": 0,
      "OGWP": 0.7222
    },
    {
      "Rank": 56,
      "Player": "nahuel10",
      "Points": 3,
      "Wins": 0,
      "Losses": 0,
      "Draws": 0,
      "OMWP": 0.3968,
      "GWP": 0.5,
      "OGWP": 0.39840000000000003
    },
    {
      "Rank": 55,
      "Player": "klien7",
      "Points": 3,
      "Wins": 0,
      "Losses": 0,
      "Draws": 0,
      "OMWP": 0.4167,
      "GWP": 0.3333,
      "OGWP": 0.48219999999999996
    },
    {
      "Rank": 54,
      "Player": "OkoDio",
      "Points": 3,
      "Wins": 0,
      "Losses": 0,
      "Draws": 0,
      "OMWP": 0.4603,
      "GWP": 0.375,
      "OGWP": 0.4518
    },
    {
      "Rank": 53,
      "Player": "Terribad",
      "Points": 3,
      "Wins": 0,
      "Losses": 0,
      "Draws": 0,
      "OMWP": 0.4603,
      "GWP": 0.5,
      "OGWP": 0.4177
    },
    {
      "Rank": 52,
      "Player": "HyPPeR",
      "Points": 3,
      "Wins": 0,
      "Losses": 0,
      "Draws": 0,
      "OMWP": 0.47619999999999996,
      "GWP": 0.3,
      "OGWP": 0.46009999999999995
    },
    {
      "Rank": 51,
      "Player": "Erik157751",
      "Points": 3,
      "Wins": 0,
      "Losses": 0,
      "Draws": 0,
      "OMWP": 0.48810000000000003,
      "GWP": 0.22219999999999998,
      "OGWP": 0.5035000000000001
    },
    {
      "Rank": 50,
      "Player": "Mox_Emperor",
      "Points": 3,
      "Wins": 0,
      "Losses": 0,
      "Draws": 0,
      "OMWP": 0.5214,
      "GWP": 0.3333,
      "OGWP": 0.5149
    },
    {
      "Rank": 49,
      "Player": "Reiam",
      "Points": 3,
      "Wins": 0,
      "Losses": 0,
      "Draws": 0,
      "OMWP": 0.5286,
      "GWP": 0.3333,
      "OGWP": 0.53
    },
    {
      "Rank": 48,
      "Player": "Nytrox",
      "Points": 3,
      "Wins": 0,
      "Losses": 0,
      "Draws": 0,
      "OMWP": 0.5297999999999999,
      "GWP": 0.3,
      "OGWP": 0.5055
    },
    {
      "Rank": 47,
      "Player": "bless_von",
      "Points": 3,
      "Wins": 0,
      "Losses": 0,
      "Draws": 0,
      "OMWP": 0.5397,
      "GWP": 0.375,
      "OGWP": 0.5339
    },
    {
      "Rank": 46,
      "Player": "TheRealHan",
      "Points": 3,
      "Wins": 0,
      "Losses": 0,
      "Draws": 0,
      "OMWP": 0.5643,
      "GWP": 0.25,
      "OGWP": 0.5313
    },
    {
      "Rank": 45,
      "Player": "_Tia93_",
      "Points": 3,
      "Wins": 0,
      "Losses": 0,
      "Draws": 0,
      "OMWP": 0.5872999999999999,
      "GWP": 0.3333,
      "OGWP": 0.5711999999999999
    },
    {
      "Rank": 44,
      "Player": "Sven745",
      "Points": 6,
      "Wins": 0,
      "Losses": 0,
      "Draws": 0,
      "OMWP": 0.43329999999999996,
      "GWP": 0.4667,
      "OGWP": 0.43439999999999995
    },
    {
      "Rank": 43,
      "Player": "SkolemChi",
      "Points": 6,
      "Wins": 0,
      "Losses": 0,
      "Draws": 0,
      "OMWP": 0.46259999999999996,
      "GWP": 0.375,
      "OGWP": 0.4661
    },
    {
      "Rank": 42,
      "Player": "unagieel",
      "Points": 6,
      "Wins": 0,
      "Losses": 0,
      "Draws": 0,
      "OMWP": 0.5047999999999999,
      "GWP": 0.4,
      "OGWP": 0.5175
    },
    {
      "Rank": 41,
      "Player": "Gerardo94",
      "Points": 6,
      "Wins": 0,
      "Losses": 0,
      "Draws": 0,
      "OMWP": 0.5197999999999999,
      "GWP": 0.35710000000000003,
      "OGWP": 0.5508
    },
    {
      "Rank": 40,
      "Player": "myra00",
      "Points": 6,
      "Wins": 0,
      "Losses": 0,
      "Draws": 0,
      "OMWP": 0.5333,
      "GWP": 0.5,
      "OGWP": 0.5002
    },
    {
      "Rank": 39,
      "Player": "marcofabrizi",
      "Points": 6,
      "Wins": 0,
      "Losses": 0,
      "Draws": 0,
      "OMWP": 0.5405,
      "GWP": 0.5,
      "OGWP": 0.5015
    },
    {
      "Rank": 38,
      "Player": "triosk",
      "Points": 6,
      "Wins": 0,
      "Losses": 0,
      "Draws": 0,
      "OMWP": 0.5832999999999999,
      "GWP": 0.5556,
      "OGWP": 0.5075
    },
    {
      "Rank": 37,
      "Player": "Harpie3020",
      "Points": 6,
      "Wins": 0,
      "Losses": 0,
      "Draws": 0,
      "OMWP": 0.627,
      "GWP": 0.4118,
      "OGWP": 0.5814
    },
    {
      "Rank": 36,
      "Player": "AeonLock",
      "Points": 9,
      "Wins": 0,
      "Losses": 0,
      "Draws": 0,
      "OMWP": 0.4286,
      "GWP": 0.4,
      "OGWP": 0.42590000000000006
    },
    {
      "Rank": 35,
      "Player": "solaec0501",
      "Points": 9,
      "Wins": 0,
      "Losses": 0,
      "Draws": 0,
      "OMWP": 0.483,
      "GWP": 0.44439999999999996,
      "OGWP": 0.4667
    },
    {
      "Rank": 34,
      "Player": "Gobeli",
      "Points": 9,
      "Wins": 0,
      "Losses": 0,
      "Draws": 0,
      "OMWP": 0.4841,
      "GWP": 0.4118,
      "OGWP": 0.48009999999999997
    },
    {
      "Rank": 33,
      "Player": "DylanGregory",
      "Points": 9,
      "Wins": 0,
      "Losses": 0,
      "Draws": 0,
      "OMWP": 0.4966,
      "GWP": 0.47619999999999996,
      "OGWP": 0.4673
    },
    {
      "Rank": 32,
      "Player": "raunze666",
      "Points": 9,
      "Wins": 0,
      "Losses": 0,
      "Draws": 0,
      "OMWP": 0.5079,
      "GWP": 0.4375,
      "OGWP": 0.4816
    },
    {
      "Rank": 31,
      "Player": "viktor_von_muerte",
      "Points": 9,
      "Wins": 0,
      "Losses": 0,
      "Draws": 0,
      "OMWP": 0.5306000000000001,
      "GWP": 0.4706,
      "OGWP": 0.5015999999999999
    },
    {
      "Rank": 30,
      "Player": "SPyromancer",
      "Points": 9,
      "Wins": 0,
      "Losses": 0,
      "Draws": 0,
      "OMWP": 0.5333,
      "GWP": 0.45,
      "OGWP": 0.557
    },
    {
      "Rank": 29,
      "Player": "Napoleon_I",
      "Points": 9,
      "Wins": 0,
      "Losses": 0,
      "Draws": 0,
      "OMWP": 0.534,
      "GWP": 0.4118,
      "OGWP": 0.5647
    },
    {
      "Rank": 28,
      "Player": "MATTOMARINAIO",
      "Points": 9,
      "Wins": 0,
      "Losses": 0,
      "Draws": 0,
      "OMWP": 0.5635,
      "GWP": 0.5385,
      "OGWP": 0.5291
    },
    {
      "Rank": 27,
      "Player": "bobthedog",
      "Points": 12,
      "Wins": 0,
      "Losses": 0,
      "Draws": 0,
      "OMWP": 0.4653,
      "GWP": 0.625,
      "OGWP": 0.4518
    },
    {
      "Rank": 26,
      "Player": "barczek",
      "Points": 12,
      "Wins": 0,
      "Losses": 0,
      "Draws": 0,
      "OMWP": 0.4932,
      "GWP": 0.5882000000000001,
      "OGWP": 0.4899
    },
    {
      "Rank": 25,
      "Player": "PetrKikac1",
      "Points": 12,
      "Wins": 0,
      "Losses": 0,
      "Draws": 0,
      "OMWP": 0.4993,
      "GWP": 0.5556,
      "OGWP": 0.48450000000000004
    },
    {
      "Rank": 24,
      "Player": "TheKG",
      "Points": 12,
      "Wins": 0,
      "Losses": 0,
      "Draws": 0,
      "OMWP": 0.5034000000000001,
      "GWP": 0.5294,
      "OGWP": 0.5015
    },
    {
      "Rank": 23,
      "Player": "_Milan",
      "Points": 12,
      "Wins": 0,
      "Losses": 0,
      "Draws": 0,
      "OMWP": 0.5034000000000001,
      "GWP": 0.5625,
      "OGWP": 0.47240000000000004
    },
    {
      "Rank": 22,
      "Player": "sokos13",
      "Points": 12,
      "Wins": 0,
      "Losses": 0,
      "Draws": 0,
      "OMWP": 0.5238,
      "GWP": 0.5,
      "OGWP": 0.49219999999999997
    },
    {
      "Rank": 21,
      "Player": "wutey",
      "Points": 12,
      "Wins": 0,
      "Losses": 0,
      "Draws": 0,
      "OMWP": 0.5374,
      "GWP": 0.5,
      "OGWP": 0.5194
    },
    {
      "Rank": 20,
      "Player": "jewdan",
      "Points": 12,
      "Wins": 0,
      "Losses": 0,
      "Draws": 0,
      "OMWP": 0.5537,
      "GWP": 0.5625,
      "OGWP": 0.5326
    },
    {
      "Rank": 19,
      "Player": "kobayui",
      "Points": 12,
      "Wins": 0,
      "Losses": 0,
      "Draws": 0,
      "OMWP": 0.5544,
      "GWP": 0.5,
      "OGWP": 0.5023
    },
    {
      "Rank": 18,
      "Player": "Rockmusiclover45",
      "Points": 12,
      "Wins": 0,
      "Losses": 0,
      "Draws": 0,
      "OMWP": 0.5946,
      "GWP": 0.5625,
      "OGWP": 0.557
    },
    {
      "Rank": 17,
      "Player": "drivenbysomeone",
      "Points": 12,
      "Wins": 0,
      "Losses": 0,
      "Draws": 0,
      "OMWP": 0.5986,
      "GWP": 0.4706,
      "OGWP": 0.5508
    },
    {
      "Rank": 16,
      "Player": "Taddy_99",
      "Points": 12,
      "Wins": 0,
      "Losses": 0,
      "Draws": 0,
      "OMWP": 0.5986,
      "GWP": 0.625,
      "OGWP": 0.5524
    },
    {
      "Rank": 15,
      "Player": "12azor",
      "Points": 15,
      "Wins": 0,
      "Losses": 0,
      "Draws": 0,
      "OMWP": 0.46869999999999995,
      "GWP": 0.7333,
      "OGWP": 0.45740000000000003
    },
    {
      "Rank": 14,
      "Player": "DavidDaBridges",
      "Points": 15,
      "Wins": 0,
      "Losses": 0,
      "Draws": 0,
      "OMWP": 0.4789,
      "GWP": 0.6470999999999999,
      "OGWP": 0.4683
    },
    {
      "Rank": 13,
      "Player": "HideOnShish",
      "Points": 15,
      "Wins": 0,
      "Losses": 0,
      "Draws": 0,
      "OMWP": 0.5034000000000001,
      "GWP": 0.6315999999999999,
      "OGWP": 0.4814
    },
    {
      "Rank": 12,
      "Player": "GobFTW",
      "Points": 15,
      "Wins": 0,
      "Losses": 0,
      "Draws": 0,
      "OMWP": 0.5333,
      "GWP": 0.625,
      "OGWP": 0.5445
    },
    {
      "Rank": 11,
      "Player": "Vrym",
      "Points": 15,
      "Wins": 0,
      "Losses": 0,
      "Draws": 0,
      "OMWP": 0.5442,
      "GWP": 0.7059000000000001,
      "OGWP": 0.5092
    },
    {
      "Rank": 10,
      "Player": "niuwaid001",
      "Points": 15,
      "Wins": 0,
      "Losses": 0,
      "Draws": 0,
      "OMWP": 0.5578,
      "GWP": 0.6470999999999999,
      "OGWP": 0.5583
    },
    {
      "Rank": 9,
      "Player": "Fatal_Vlad",
      "Points": 15,
      "Wins": 0,
      "Losses": 0,
      "Draws": 0,
      "OMWP": 0.5794,
      "GWP": 0.5625,
      "OGWP": 0.5771999999999999
    },
    {
      "Rank": 8,
      "Player": "KingHairy",
      "Points": 15,
      "Wins": 0,
      "Losses": 0,
      "Draws": 0,
      "OMWP": 0.6327,
      "GWP": 0.6315999999999999,
      "OGWP": 0.6047
    },
    {
      "Rank": 7,
      "Player": "Vallejo97",
      "Points": 18,
      "Wins": 0,
      "Losses": 0,
      "Draws": 0,
      "OMWP": 0.6224000000000001,
      "GWP": 0.7059000000000001,
      "OGWP": 0.5903
    },
    {
      "Rank": 6,
      "Player": "Xenowan",
      "Points": 18,
      "Wins": 0,
      "Losses": 0,
      "Draws": 0,
      "OMWP": 0.6463,
      "GWP": 0.7222,
      "OGWP": 0.5631
    },
    {
      "Rank": 5,
      "Player": "Kotte89",
      "Points": 18,
      "Wins": 0,
      "Losses": 0,
      "Draws": 0,
      "OMWP": 0.6837000000000001,
      "GWP": 0.7222,
      "OGWP": 0.6296
    },
    {
      "Rank": 4,
      "Player": "jvidarte",
      "Points": 18,
      "Wins": 0,
      "Losses": 0,
      "Draws": 0,
      "OMWP": 0.6088,
      "GWP": 0.6,
      "OGWP": 0.5579999999999999
    },
    {
      "Rank": 3,
      "Player": "oosunq",
      "Points": 18,
      "Wins": 0,
      "Losses": 0,
      "Draws": 0,
      "OMWP": 0.6803,
      "GWP": 0.6470999999999999,
      "OGWP": 0.5926
    },
    {
      "Rank": 2,
      "Player": "CerealEd",
      "Points": 21,
      "Wins": 0,
      "Losses": 0,
      "Draws": 0,
      "OMWP": 0.585,
      "GWP": 0.625,
      "OGWP": 0.5409
    },
    {
      "Rank": 1,
      "Player": "TrueHero",
      "Points": 27,
      "Wins": 0,
      "Losses": 0,
      "Draws": 0,
      "OMWP": 0.6395000000000001,
      "GWP": 0.7222,
      "OGWP": 0.5726
    }
  ]
}