{
  "Tournament": {
    "Id": 12802837,
    "Date": "2025-07-13T19:00:00",
    "Name": "Pauper Challenge 32",
    "Uri": null,
    "JsonFile": null,
    "ForceRedownload": false
  },
  "Decks": null,
  "Rounds": [
    {
      "RoundName": "Round 1",
      "Matches": [
        {
          "Player1": "qbturtle15",
          "Player2": "Todeshorst",
          "Result": "0-0-0"
        },
        {
          "Player1": "jwaves",
          "Player2": "Captain_Tsubasa",
          "Result": "0-2-0"
        },
        {
          "Player1": "MajorFurry",
          "Player2": "PNascimento",
          "Result": "0-2-0"
        },
        {
          "Player1": "sandoiche",
          "Player2": "8salazzar8",
          "Result": "0-2-0"
        },
        {
          "Player1": "boom_bust",
          "Player2": "_DeadHorse",
          "Result": "2-0-0"
        },
        {
          "Player1": "Mikhathara1994",
          "Player2": "PieGonti",
          "Result": "2-0-0"
        },
        {
          "Player1": "StefanoJRS",
          "Player2": "DefNot",
          "Result": "0-2-0"
        },
        {
          "Player1": "Wizard_2002",
          "Player2": "SpockVidaLoka",
          "Result": "0-0-0"
        },
        {
          "Player1": "Skpchino",
          "Player2": "Luminati",
          "Result": "0-2-0"
        },
        {
          "Player1": "RUCetFort",
          "Player2": "IvernOP",
          "Result": "0-2-0"
        },
        {
          "Player1": "TheManLand",
          "Player2": "Blvcky",
          "Result": "0-2-0"
        },
        {
          "Player1": "Raydan",
          "Player2": "Edo_01",
          "Result": "0-2-0"
        },
        {
          "Player1": "Zonast",
          "Player2": "Hampuse1",
          "Result": "0-2-0"
        },
        {
          "Player1": "Misplacedginger",
          "Player2": "__Noob__",
          "Result": "0-2-0"
        },
        {
          "Player1": "PivoUlivo",
          "Player2": "ThieresTMS",
          "Result": "2-0-0"
        },
        {
          "Player1": "Capoeira02",
          "Player2": "CHRIS-Mtg-02",
          "Result": "2-0-0"
        },
        {
          "Player1": "Ixidor29",
          "Player2": "PedraStone",
          "Result": "0-2-0"
        },
        {
          "Player1": "Akkomier",
          "Player2": "iKhada",
          "Result": "0-2-0"
        },
        {
          "Player1": "broers_",
          "Player2": "Drugo",
          "Result": "2-0-0"
        },
        {
          "Player1": "_against_",
          "Player2": "FRFSEIXAS",
          "Result": "2-0-0"
        },
        {
          "Player1": "xRagedFurballx",
          "Player2": "wand_thief",
          "Result": "0-2-0"
        },
        {
          "Player1": "onewaygarden",
          "Player2": "NMT_Sco94",
          "Result": "2-0-0"
        },
        {
          "Player1": "Martani",
          "Player2": "Shoryu_",
          "Result": "0-2-0"
        },
        {
          "Player1": "lampalot",
          "Player2": "LuffyDoChapeuDePalha",
          "Result": "0-2-0"
        },
        {
          "Player1": "Entropy263",
          "Player2": "Flormente",
          "Result": "2-0-0"
        },
        {
          "Player1": "LucasG1ggs",
          "Player2": "_blaze66",
          "Result": "2-0-0"
        }
      ]
    },
    {
      "RoundName": "Round 2",
      "Matches": [
        {
          "Player1": "Edo_01",
          "Player2": "IvernOP",
          "Result": "0-2-0"
        },
        {
          "Player1": "onewaygarden",
          "Player2": "LuffyDoChapeuDePalha",
          "Result": "2-0-0"
        },
        {
          "Player1": "CHRIS-Mtg-02",
          "Player2": "Akkomier",
          "Result": "0-2-0"
        },
        {
          "Player1": "LucasG1ggs",
          "Player2": "SpockVidaLoka",
          "Result": "0-2-0"
        },
        {
          "Player1": "ThieresTMS",
          "Player2": "_DeadHorse",
          "Result": "2-0-0"
        },
        {
          "Player1": "Mikhathara1994",
          "Player2": "DefNot",
          "Result": "0-2-0"
        },
        {
          "Player1": "qbturtle15",
          "Player2": "Raydan",
          "Result": "2-0-0"
        },
        {
          "Player1": "_against_",
          "Player2": "jwaves",
          "Result": "2-0-0"
        },
        {
          "Player1": "Wizard_2002",
          "Player2": "FRFSEIXAS",
          "Result": "2-0-0"
        },
        {
          "Player1": "broers_",
          "Player2": "wand_thief",
          "Result": "0-2-0"
        },
        {
          "Player1": "Capoeira02",
          "Player2": "Captain_Tsubasa",
          "Result": "0-2-0"
        },
        {
          "Player1": "__Noob__",
          "Player2": "Shoryu_",
          "Result": "0-2-0"
        },
        {
          "Player1": "PieGonti",
          "Player2": "MajorFurry",
          "Result": "2-0-0"
        },
        {
          "Player1": "lampalot",
          "Player2": "Martani",
          "Result": "0-2-0"
        },
        {
          "Player1": "Hampuse1",
          "Player2": "PivoUlivo",
          "Result": "0-2-0"
        },
        {
          "Player1": "sandoiche",
          "Player2": "StefanoJRS",
          "Result": "0-2-0"
        },
        {
          "Player1": "Misplacedginger",
          "Player2": "Flormente",
          "Result": "2-0-0"
        },
        {
          "Player1": "Entropy263",
          "Player2": "PedraStone",
          "Result": "2-0-0"
        },
        {
          "Player1": "MisterTwin",
          "Player2": "Blvcky",
          "Result": "0-2-0"
        },
        {
          "Player1": "8salazzar8",
          "Player2": "boom_bust",
          "Result": "0-2-0"
        },
        {
          "Player1": "Todeshorst",
          "Player2": "Luminati",
          "Result": "2-0-0"
        },
        {
          "Player1": "NMT_Sco94",
          "Player2": "_blaze66",
          "Result": "2-0-0"
        },
        {
          "Player1": "iKhada",
          "Player2": "PNascimento",
          "Result": "0-2-0"
        },
        {
          "Player1": "TheManLand",
          "Player2": "Drugo",
          "Result": "0-2-0"
        },
        {
          "Player1": "Skpchino",
          "Player2": "Ixidor29",
          "Result": "0-2-0"
        }
      ]
    },
    {
      "RoundName": "Round 3",
      "Matches": [
        {
          "Player1": "PieGonti",
          "Player2": "broers_",
          "Result": "0-0-0"
        },
        {
          "Player1": "Wizard_2002",
          "Player2": "Misplacedginger",
          "Result": "0-2-0"
        },
        {
          "Player1": "boom_bust",
          "Player2": "SpockVidaLoka",
          "Result": "2-0-0"
        },
        {
          "Player1": "PivoUlivo",
          "Player2": "Shoryu_",
          "Result": "0-2-0"
        },
        {
          "Player1": "Capoeira02",
          "Player2": "Hampuse1",
          "Result": "2-0-0"
        },
        {
          "Player1": "ThieresTMS",
          "Player2": "MisterTwin",
          "Result": "2-0-0"
        },
        {
          "Player1": "Akkomier",
          "Player2": "Martani",
          "Result": "0-2-0"
        },
        {
          "Player1": "Mikhathara1994",
          "Player2": "LuffyDoChapeuDePalha",
          "Result": "0-2-0"
        },
        {
          "Player1": "Ixidor29",
          "Player2": "xRagedFurballx",
          "Result": "0-2-0"
        },
        {
          "Player1": "LucasG1ggs",
          "Player2": "Drugo",
          "Result": "0-2-0"
        },
        {
          "Player1": "wand_thief",
          "Player2": "Blvcky",
          "Result": "2-0-0"
        },
        {
          "Player1": "Captain_Tsubasa",
          "Player2": "onewaygarden",
          "Result": "2-0-0"
        },
        {
          "Player1": "qbturtle15",
          "Player2": "8salazzar8",
          "Result": "0-2-0"
        },
        {
          "Player1": "__Noob__",
          "Player2": "StefanoJRS",
          "Result": "2-0-0"
        },
        {
          "Player1": "TheManLand",
          "Player2": "jwaves",
          "Result": "0-2-0"
        },
        {
          "Player1": "PedraStone",
          "Player2": "Luminati",
          "Result": "0-2-0"
        },
        {
          "Player1": "NMT_Sco94",
          "Player2": "Edo_01",
          "Result": "2-0-0"
        },
        {
          "Player1": "DefNot",
          "Player2": "IvernOP",
          "Result": "0-2-0"
        },
        {
          "Player1": "Flormente",
          "Player2": "FRFSEIXAS",
          "Result": "2-0-0"
        },
        {
          "Player1": "_against_",
          "Player2": "PNascimento",
          "Result": "0-2-0"
        },
        {
          "Player1": "_blaze66",
          "Player2": "lampalot",
          "Result": "0-2-0"
        },
        {
          "Player1": "iKhada",
          "Player2": "_DeadHorse",
          "Result": "2-0-0"
        },
        {
          "Player1": "Entropy263",
          "Player2": "Todeshorst",
          "Result": "2-0-0"
        }
      ]
    },
    {
      "RoundName": "Round 4",
      "Matches": [
        {
          "Player1": "Entropy263",
          "Player2": "Shoryu_",
          "Result": "2-0-0"
        },
        {
          "Player1": "boom_bust",
          "Player2": "wand_thief",
          "Result": "2-0-0"
        },
        {
          "Player1": "iKhada",
          "Player2": "NMT_Sco94",
          "Result": "0-2-0"
        },
        {
          "Player1": "Misplacedginger",
          "Player2": "_against_",
          "Result": "0-2-0"
        },
        {
          "Player1": "Todeshorst",
          "Player2": "Captain_Tsubasa",
          "Result": "2-0-0"
        },
        {
          "Player1": "Akkomier",
          "Player2": "FRFSEIXAS",
          "Result": "2-0-0"
        },
        {
          "Player1": "broers_",
          "Player2": "SpockVidaLoka",
          "Result": "0-2-0"
        },
        {
          "Player1": "Blvcky",
          "Player2": "Martani",
          "Result": "2-0-0"
        },
        {
          "Player1": "PedraStone",
          "Player2": "jwaves",
          "Result": "0-2-0"
        },
        {
          "Player1": "PieGonti",
          "Player2": "Hampuse1",
          "Result": "0-2-0"
        },
        {
          "Player1": "ThieresTMS",
          "Player2": "Drugo",
          "Result": "2-0-0"
        },
        {
          "Player1": "Capoeira02",
          "Player2": "DefNot",
          "Result": "2-0-0"
        },
        {
          "Player1": "lampalot",
          "Player2": "Ixidor29",
          "Result": "0-0-0"
        },
        {
          "Player1": "PivoUlivo",
          "Player2": "StefanoJRS",
          "Result": "2-0-0"
        },
        {
          "Player1": "__Noob__",
          "Player2": "Luminati",
          "Result": "0-2-0"
        },
        {
          "Player1": "Mikhathara1994",
          "Player2": "Flormente",
          "Result": "0-2-0"
        },
        {
          "Player1": "onewaygarden",
          "Player2": "8salazzar8",
          "Result": "2-0-0"
        },
        {
          "Player1": "IvernOP",
          "Player2": "PNascimento",
          "Result": "2-0-0"
        },
        {
          "Player1": "qbturtle15",
          "Player2": "LucasG1ggs",
          "Result": "2-0-0"
        },
        {
          "Player1": "LuffyDoChapeuDePalha",
          "Player2": "xRagedFurballx",
          "Result": "2-0-0"
        }
      ]
    },
    {
      "RoundName": "Round 5",
      "Matches": [
        {
          "Player1": "Hampuse1",
          "Player2": "Akkomier",
          "Result": "0-0-0"
        },
        {
          "Player1": "LuffyDoChapeuDePalha",
          "Player2": "Captain_Tsubasa",
          "Result": "2-0-0"
        },
        {
          "Player1": "broers_",
          "Player2": "Martani",
          "Result": "2-0-0"
        },
        {
          "Player1": "PieGonti",
          "Player2": "StefanoJRS",
          "Result": "2-0-0"
        },
        {
          "Player1": "Entropy263",
          "Player2": "IvernOP",
          "Result": "0-2-0"
        },
        {
          "Player1": "xRagedFurballx",
          "Player2": "jwaves",
          "Result": "0-2-0"
        },
        {
          "Player1": "Todeshorst",
          "Player2": "NMT_Sco94",
          "Result": "2-0-0"
        },
        {
          "Player1": "boom_bust",
          "Player2": "Luminati",
          "Result": "0-2-0"
        },
        {
          "Player1": "Drugo",
          "Player2": "Flormente",
          "Result": "2-0-0"
        },
        {
          "Player1": "qbturtle15",
          "Player2": "iKhada",
          "Result": "0-2-0"
        },
        {
          "Player1": "PedraStone",
          "Player2": "_blaze66",
          "Result": "0-2-0"
        },
        {
          "Player1": "ThieresTMS",
          "Player2": "PNascimento",
          "Result": "2-0-0"
        },
        {
          "Player1": "Ixidor29",
          "Player2": "__Noob__",
          "Result": "2-0-0"
        },
        {
          "Player1": "PivoUlivo",
          "Player2": "wand_thief",
          "Result": "0-2-0"
        },
        {
          "Player1": "Capoeira02",
          "Player2": "_against_",
          "Result": "0-2-0"
        },
        {
          "Player1": "onewaygarden",
          "Player2": "SpockVidaLoka",
          "Result": "0-2-0"
        },
        {
          "Player1": "Blvcky",
          "Player2": "Shoryu_",
          "Result": "0-2-0"
        }
      ]
    },
    {
      "RoundName": "Round 6",
      "Matches": [
        {
          "Player1": "_against_",
          "Player2": "Luminati",
          "Result": "0-2-0"
        },
        {
          "Player1": "Hampuse1",
          "Player2": "onewaygarden",
          "Result": "2-0-0"
        },
        {
          "Player1": "Ixidor29",
          "Player2": "NMT_Sco94",
          "Result": "0-2-0"
        },
        {
          "Player1": "_blaze66",
          "Player2": "Martani",
          "Result": "0-0-0"
        },
        {
          "Player1": "LuffyDoChapeuDePalha",
          "Player2": "IvernOP",
          "Result": "2-0-0"
        },
        {
          "Player1": "PieGonti",
          "Player2": "Flormente",
          "Result": "2-0-0"
        },
        {
          "Player1": "boom_bust",
          "Player2": "Shoryu_",
          "Result": "0-2-0"
        },
        {
          "Player1": "Capoeira02",
          "Player2": "Blvcky",
          "Result": "2-0-0"
        },
        {
          "Player1": "Entropy263",
          "Player2": "ThieresTMS",
          "Result": "2-0-0"
        },
        {
          "Player1": "SpockVidaLoka",
          "Player2": "wand_thief",
          "Result": "0-0-0"
        },
        {
          "Player1": "jwaves",
          "Player2": "Drugo",
          "Result": "2-0-0"
        },
        {
          "Player1": "PNascimento",
          "Player2": "Captain_Tsubasa",
          "Result": "2-0-0"
        },
        {
          "Player1": "qbturtle15",
          "Player2": "xRagedFurballx",
          "Result": "0-2-0"
        },
        {
          "Player1": "PivoUlivo",
          "Player2": "broers_",
          "Result": "2-1-0"
        },
        {
          "Player1": "Todeshorst",
          "Player2": "iKhada",
          "Result": "2-0-0"
        },
        {
          "Player1": "StefanoJRS",
          "Player2": "PedraStone",
          "Result": "0-2-0"
        }
      ]
    },
    {
      "RoundName": "Round 7",
      "Matches": [
        {
          "Player1": "Entropy263",
          "Player2": "boom_bust",
          "Result": "2-0-0"
        },
        {
          "Player1": "Todeshorst",
          "Player2": "SpockVidaLoka",
          "Result": "2-0-0"
        },
        {
          "Player1": "LuffyDoChapeuDePalha",
          "Player2": "Shoryu_",
          "Result": "2-0-0"
        },
        {
          "Player1": "IvernOP",
          "Player2": "Luminati",
          "Result": "0-2-0"
        }
      ]
    },
    {
      "RoundName": "Round 8",
      "Matches": [
        {
          "Player1": "Entropy263",
          "Player2": "Luminati",
          "Result": "0-2-0"
        },
        {
          "Player1": "Todeshorst",
          "Player2": "LuffyDoChapeuDePalha",
          "Result": "2-0-0"
        }
      ]
    },
    {
      "RoundName": "Round 9",
      "Matches": [
        {
          "Player1": "Todeshorst",
          "Player2": "Luminati",
          "Result": "2-0-0"
        }
      ]
    }
  ],
  "Standings": [
    {
      "Rank": 53,
      "Player": "Raydan",
      "Points": 0,
      "Wins": 0,
      "Losses": 0,
      "Draws": 0,
      "OMWP": 0.3333,
      "GWP": 0.2,
      "OGWP": 0.4208
    },
    {
      "Rank": 52,
      "Player": "sandoiche",
      "Points": 0,
      "Wins": 0,
      "Losses": 0,
      "Draws": 0,
      "OMWP": 0.4167,
      "GWP": 0,
      "OGWP": 0.46020000000000005
    },
    {
      "Rank": 51,
      "Player": "FRFSEIXAS",
      "Points": 0,
      "Wins": 0,
      "Losses": 0,
      "Draws": 0,
      "OMWP": 0.43329999999999996,
      "GWP": 0.2,
      "OGWP": 0.44909999999999994
    },
    {
      "Rank": 50,
      "Player": "CHRIS-Mtg-02",
      "Points": 0,
      "Wins": 0,
      "Losses": 0,
      "Draws": 0,
      "OMWP": 0.5333,
      "GWP": 0,
      "OGWP": 0.5487
    },
    {
      "Rank": 49,
      "Player": "TheManLand",
      "Points": 0,
      "Wins": 0,
      "Losses": 0,
      "Draws": 0,
      "OMWP": 0.5556,
      "GWP": 0.1429,
      "OGWP": 0.5095000000000001
    },
    {
      "Rank": 48,
      "Player": "MajorFurry",
      "Points": 0,
      "Wins": 0,
      "Losses": 0,
      "Draws": 0,
      "OMWP": 0.5832999999999999,
      "GWP": 0.3333,
      "OGWP": 0.5478000000000001
    },
    {
      "Rank": 47,
      "Player": "_DeadHorse",
      "Points": 0,
      "Wins": 0,
      "Losses": 0,
      "Draws": 0,
      "OMWP": 0.6111,
      "GWP": 0.25,
      "OGWP": 0.5556
    },
    {
      "Rank": 46,
      "Player": "Zonast",
      "Points": 0,
      "Wins": 0,
      "Losses": 0,
      "Draws": 0,
      "OMWP": 0.6667000000000001,
      "GWP": 0,
      "OGWP": 0.6429
    },
    {
      "Rank": 45,
      "Player": "Skpchino",
      "Points": 0,
      "Wins": 0,
      "Losses": 0,
      "Draws": 0,
      "OMWP": 0.6667000000000001,
      "GWP": 0.2,
      "OGWP": 0.5748
    },
    {
      "Rank": 44,
      "Player": "RUCetFort",
      "Points": 0,
      "Wins": 0,
      "Losses": 0,
      "Draws": 0,
      "OMWP": 0.8332999999999999,
      "GWP": 0,
      "OGWP": 0.7143
    },
    {
      "Rank": 43,
      "Player": "StefanoJRS",
      "Points": 3,
      "Wins": 0,
      "Losses": 0,
      "Draws": 0,
      "OMWP": 0.4556,
      "GWP": 0.375,
      "OGWP": 0.44329999999999997
    },
    {
      "Rank": 42,
      "Player": "LucasG1ggs",
      "Points": 3,
      "Wins": 0,
      "Losses": 0,
      "Draws": 0,
      "OMWP": 0.5,
      "GWP": 0.3333,
      "OGWP": 0.5045000000000001
    },
    {
      "Rank": 41,
      "Player": "lampalot",
      "Points": 3,
      "Wins": 0,
      "Losses": 0,
      "Draws": 0,
      "OMWP": 0.5417000000000001,
      "GWP": 0.22219999999999998,
      "OGWP": 0.536
    },
    {
      "Rank": 40,
      "Player": "Mikhathara1994",
      "Points": 3,
      "Wins": 0,
      "Losses": 0,
      "Draws": 0,
      "OMWP": 0.5417000000000001,
      "GWP": 0.4,
      "OGWP": 0.51
    },
    {
      "Rank": 39,
      "Player": "Wizard_2002",
      "Points": 3,
      "Wins": 0,
      "Losses": 0,
      "Draws": 0,
      "OMWP": 0.5556,
      "GWP": 0.375,
      "OGWP": 0.48479999999999995
    },
    {
      "Rank": 38,
      "Player": "MisterTwin",
      "Points": 3,
      "Wins": 0,
      "Losses": 0,
      "Draws": 0,
      "OMWP": 0.5832999999999999,
      "GWP": 0.3333,
      "OGWP": 0.48100000000000004
    },
    {
      "Rank": 37,
      "Player": "Edo_01",
      "Points": 3,
      "Wins": 0,
      "Losses": 0,
      "Draws": 0,
      "OMWP": 0.6111,
      "GWP": 0.375,
      "OGWP": 0.5575
    },
    {
      "Rank": 36,
      "Player": "_blaze66",
      "Points": 6,
      "Wins": 0,
      "Losses": 0,
      "Draws": 0,
      "OMWP": 0.43329999999999996,
      "GWP": 0.3846,
      "OGWP": 0.4364
    },
    {
      "Rank": 35,
      "Player": "Misplacedginger",
      "Points": 6,
      "Wins": 0,
      "Losses": 0,
      "Draws": 0,
      "OMWP": 0.43329999999999996,
      "GWP": 0.4545,
      "OGWP": 0.44909999999999994
    },
    {
      "Rank": 34,
      "Player": "8salazzar8",
      "Points": 6,
      "Wins": 0,
      "Losses": 0,
      "Draws": 0,
      "OMWP": 0.4583,
      "GWP": 0.5455,
      "OGWP": 0.47600000000000003
    },
    {
      "Rank": 33,
      "Player": "Akkomier",
      "Points": 6,
      "Wins": 0,
      "Losses": 0,
      "Draws": 0,
      "OMWP": 0.4667,
      "GWP": 0.4545,
      "OGWP": 0.4619
    },
    {
      "Rank": 32,
      "Player": "Flormente",
      "Points": 6,
      "Wins": 0,
      "Losses": 0,
      "Draws": 0,
      "OMWP": 0.5,
      "GWP": 0.4375,
      "OGWP": 0.5008
    },
    {
      "Rank": 31,
      "Player": "qbturtle15",
      "Points": 6,
      "Wins": 0,
      "Losses": 0,
      "Draws": 0,
      "OMWP": 0.5,
      "GWP": 0.4667,
      "OGWP": 0.4673
    },
    {
      "Rank": 30,
      "Player": "DefNot",
      "Points": 6,
      "Wins": 0,
      "Losses": 0,
      "Draws": 0,
      "OMWP": 0.5417000000000001,
      "GWP": 0.44439999999999996,
      "OGWP": 0.5329999999999999
    },
    {
      "Rank": 29,
      "Player": "PedraStone",
      "Points": 6,
      "Wins": 0,
      "Losses": 0,
      "Draws": 0,
      "OMWP": 0.5832999999999999,
      "GWP": 0.35710000000000003,
      "OGWP": 0.5592
    },
    {
      "Rank": 28,
      "Player": "__Noob__",
      "Points": 6,
      "Wins": 0,
      "Losses": 0,
      "Draws": 0,
      "OMWP": 0.6,
      "GWP": 0.4545,
      "OGWP": 0.5387
    },
    {
      "Rank": 27,
      "Player": "PieGonti",
      "Points": 9,
      "Wins": 0,
      "Losses": 0,
      "Draws": 0,
      "OMWP": 0.4167,
      "GWP": 0.4706,
      "OGWP": 0.45299999999999996
    },
    {
      "Rank": 26,
      "Player": "Ixidor29",
      "Points": 9,
      "Wins": 0,
      "Losses": 0,
      "Draws": 0,
      "OMWP": 0.4278,
      "GWP": 0.5385,
      "OGWP": 0.4339
    },
    {
      "Rank": 25,
      "Player": "Drugo",
      "Points": 9,
      "Wins": 0,
      "Losses": 0,
      "Draws": 0,
      "OMWP": 0.4722,
      "GWP": 0.5,
      "OGWP": 0.4612
    },
    {
      "Rank": 24,
      "Player": "Martani",
      "Points": 9,
      "Wins": 0,
      "Losses": 0,
      "Draws": 0,
      "OMWP": 0.4833,
      "GWP": 0.5333,
      "OGWP": 0.47409999999999997
    },
    {
      "Rank": 23,
      "Player": "iKhada",
      "Points": 9,
      "Wins": 0,
      "Losses": 0,
      "Draws": 0,
      "OMWP": 0.5389,
      "GWP": 0.4667,
      "OGWP": 0.5216
    },
    {
      "Rank": 22,
      "Player": "Blvcky",
      "Points": 9,
      "Wins": 0,
      "Losses": 0,
      "Draws": 0,
      "OMWP": 0.5556,
      "GWP": 0.4286,
      "OGWP": 0.5262
    },
    {
      "Rank": 21,
      "Player": "xRagedFurballx",
      "Points": 9,
      "Wins": 0,
      "Losses": 0,
      "Draws": 0,
      "OMWP": 0.6,
      "GWP": 0.5,
      "OGWP": 0.5785
    },
    {
      "Rank": 20,
      "Player": "broers_",
      "Points": 9,
      "Wins": 0,
      "Losses": 0,
      "Draws": 0,
      "OMWP": 0.6111,
      "GWP": 0.5294,
      "OGWP": 0.5618
    },
    {
      "Rank": 19,
      "Player": "onewaygarden",
      "Points": 9,
      "Wins": 0,
      "Losses": 0,
      "Draws": 0,
      "OMWP": 0.6667000000000001,
      "GWP": 0.4375,
      "OGWP": 0.6232
    },
    {
      "Rank": 18,
      "Player": "Captain_Tsubasa",
      "Points": 9,
      "Wins": 0,
      "Losses": 0,
      "Draws": 0,
      "OMWP": 0.6944,
      "GWP": 0.5714,
      "OGWP": 0.603
    },
    {
      "Rank": 17,
      "Player": "jwaves",
      "Points": 12,
      "Wins": 0,
      "Losses": 0,
      "Draws": 0,
      "OMWP": 0.4722,
      "GWP": 0.6,
      "OGWP": 0.46520000000000006
    },
    {
      "Rank": 16,
      "Player": "NMT_Sco94",
      "Points": 12,
      "Wins": 0,
      "Losses": 0,
      "Draws": 0,
      "OMWP": 0.5,
      "GWP": 0.625,
      "OGWP": 0.47119999999999995
    },
    {
      "Rank": 15,
      "Player": "Hampuse1",
      "Points": 12,
      "Wins": 0,
      "Losses": 0,
      "Draws": 0,
      "OMWP": 0.5111,
      "GWP": 0.6429,
      "OGWP": 0.48979999999999996
    },
    {
      "Rank": 14,
      "Player": "Capoeira02",
      "Points": 12,
      "Wins": 0,
      "Losses": 0,
      "Draws": 0,
      "OMWP": 0.5278,
      "GWP": 0.6429,
      "OGWP": 0.4917
    },
    {
      "Rank": 13,
      "Player": "ThieresTMS",
      "Points": 12,
      "Wins": 0,
      "Losses": 0,
      "Draws": 0,
      "OMWP": 0.5556,
      "GWP": 0.5333,
      "OGWP": 0.5396
    },
    {
      "Rank": 12,
      "Player": "PNascimento",
      "Points": 12,
      "Wins": 0,
      "Losses": 0,
      "Draws": 0,
      "OMWP": 0.5832999999999999,
      "GWP": 0.625,
      "OGWP": 0.5246999999999999
    },
    {
      "Rank": 11,
      "Player": "_against_",
      "Points": 12,
      "Wins": 0,
      "Losses": 0,
      "Draws": 0,
      "OMWP": 0.6111,
      "GWP": 0.5294,
      "OGWP": 0.5445
    },
    {
      "Rank": 10,
      "Player": "wand_thief",
      "Points": 12,
      "Wins": 0,
      "Losses": 0,
      "Draws": 0,
      "OMWP": 0.6111,
      "GWP": 0.6,
      "OGWP": 0.5652
    },
    {
      "Rank": 9,
      "Player": "PivoUlivo",
      "Points": 12,
      "Wins": 0,
      "Losses": 0,
      "Draws": 0,
      "OMWP": 0.6111,
      "GWP": 0.6,
      "OGWP": 0.5658
    },
    {
      "Rank": 8,
      "Player": "boom_bust",
      "Points": 12,
      "Wins": 0,
      "Losses": 0,
      "Draws": 0,
      "OMWP": 0.6667000000000001,
      "GWP": 0.6667000000000001,
      "OGWP": 0.5785
    },
    {
      "Rank": 7,
      "Player": "SpockVidaLoka",
      "Points": 15,
      "Wins": 0,
      "Losses": 0,
      "Draws": 0,
      "OMWP": 0.5,
      "GWP": 0.6667000000000001,
      "OGWP": 0.4903
    },
    {
      "Rank": 6,
      "Player": "IvernOP",
      "Points": 15,
      "Wins": 0,
      "Losses": 0,
      "Draws": 0,
      "OMWP": 0.5832999999999999,
      "GWP": 0.7143,
      "OGWP": 0.5519
    },
    {
      "Rank": 5,
      "Player": "Shoryu_",
      "Points": 15,
      "Wins": 0,
      "Losses": 0,
      "Draws": 0,
      "OMWP": 0.5943999999999999,
      "GWP": 0.7143,
      "OGWP": 0.5882000000000001
    },
    {
      "Rank": 4,
      "Player": "LuffyDoChapeuDePalha",
      "Points": 18,
      "Wins": 0,
      "Losses": 0,
      "Draws": 0,
      "OMWP": 0.5,
      "GWP": 0.6875,
      "OGWP": 0.4928
    },
    {
      "Rank": 3,
      "Player": "Entropy263",
      "Points": 18,
      "Wins": 0,
      "Losses": 0,
      "Draws": 0,
      "OMWP": 0.6389,
      "GWP": 0.8462000000000001,
      "OGWP": 0.5636
    },
    {
      "Rank": 2,
      "Player": "Luminati",
      "Points": 21,
      "Wins": 0,
      "Losses": 0,
      "Draws": 0,
      "OMWP": 0.5389,
      "GWP": 0.6111,
      "OGWP": 0.49439999999999995
    },
    {
      "Rank": 1,
      "Player": "Todeshorst",
      "Points": 24,
      "Wins": 0,
      "Losses": 0,
      "Draws": 0,
      "OMWP": 0.6111,
      "GWP": 0.625,
      "OGWP": 0.5978
    }
  ]
}