{
  "Tournament": {
    "Id": 12802833,
    "Date": "2025-07-13T15:00:00",
    "Name": "Pioneer Challenge 32",
    "Uri": null,
    "JsonFile": null,
    "ForceRedownload": false
  },
  "Decks": null,
  "Rounds": [
    {
      "RoundName": "Round 1",
      "Matches": [
        {
          "Player1": "sokos13",
          "Player2": "kytk321",
          "Result": "0-2-0"
        },
        {
          "Player1": "jaces_insecurity",
          "Player2": "fazparte",
          "Result": "0-2-0"
        },
        {
          "Player1": "Hampuse1",
          "Player2": "death_grips",
          "Result": "2-0-0"
        },
        {
          "Player1": "moon11",
          "Player2": "Gxs3v3n",
          "Result": "2-0-0"
        },
        {
          "Player1": "upumpa89",
          "Player2": "haruhilmi24",
          "Result": "2-0-0"
        },
        {
          "Player1": "Theagent002",
          "Player2": "Taurum",
          "Result": "2-0-0"
        },
        {
          "Player1": "ls149950",
          "Player2": "LuffyDoChapeuDePalha",
          "Result": "0-2-0"
        },
        {
          "Player1": "wkmidori",
          "Player2": "Special_Boy",
          "Result": "0-0-0"
        },
        {
          "Player1": "oosunq",
          "Player2": "Mogged",
          "Result": "0-2-0"
        },
        {
          "Player1": "genkinman2",
          "Player2": "jorgeelias",
          "Result": "2-0-0"
        },
        {
          "Player1": "_Shatun_",
          "Player2": "Shulk",
          "Result": "2-0-0"
        },
        {
          "Player1": "NAKISHIMA",
          "Player2": "PedraStone",
          "Result": "0-2-0"
        },
        {
          "Player1": "Arianne",
          "Player2": "maytwer",
          "Result": "0-2-0"
        },
        {
          "Player1": "andrw1232",
          "Player2": "SpockVidaLoka",
          "Result": "2-0-0"
        },
        {
          "Player1": "MJ_23",
          "Player2": "ElCucuy",
          "Result": "2-0-0"
        },
        {
          "Player1": "termidor",
          "Player2": "Tsubasa_Cat",
          "Result": "0-2-0"
        },
        {
          "Player1": "EdgarB",
          "Player2": "VitorCarvalho01",
          "Result": "0-2-0"
        },
        {
          "Player1": "MagicalSnap",
          "Player2": "Nogamblenofutur",
          "Result": "2-0-0"
        },
        {
          "Player1": "howa",
          "Player2": "Mathilde8",
          "Result": "0-0-0"
        },
        {
          "Player1": "sandoiche",
          "Player2": "gurig",
          "Result": "2-0-0"
        }
      ]
    },
    {
      "RoundName": "Round 2",
      "Matches": [
        {
          "Player1": "MJ_23",
          "Player2": "moon11",
          "Result": "0-2-0"
        },
        {
          "Player1": "howa",
          "Player2": "death_grips",
          "Result": "2-0-0"
        },
        {
          "Player1": "sandoiche",
          "Player2": "VitorCarvalho01",
          "Result": "0-2-0"
        },
        {
          "Player1": "sokos13",
          "Player2": "Special_Boy",
          "Result": "0-2-0"
        },
        {
          "Player1": "kytk321",
          "Player2": "PedraStone",
          "Result": "0-2-0"
        },
        {
          "Player1": "LuffyDoChapeuDePalha",
          "Player2": "Tsubasa_Cat",
          "Result": "0-2-0"
        },
        {
          "Player1": "upumpa89",
          "Player2": "genkinman2",
          "Result": "2-0-0"
        },
        {
          "Player1": "Taurum",
          "Player2": "SpockVidaLoka",
          "Result": "2-0-0"
        },
        {
          "Player1": "ls149950",
          "Player2": "Gxs3v3n",
          "Result": "0-2-0"
        },
        {
          "Player1": "Arianne",
          "Player2": "NAKISHIMA",
          "Result": "2-0-0"
        },
        {
          "Player1": "MagicalSnap",
          "Player2": "fazparte",
          "Result": "0-2-0"
        },
        {
          "Player1": "oosunq",
          "Player2": "Shulk",
          "Result": "2-0-0"
        },
        {
          "Player1": "Theagent002",
          "Player2": "Mogged",
          "Result": "2-0-0"
        },
        {
          "Player1": "gurig",
          "Player2": "EdgarB",
          "Result": "2-0-0"
        },
        {
          "Player1": "andrw1232",
          "Player2": "wkmidori",
          "Result": "2-0-0"
        },
        {
          "Player1": "Nogamblenofutur",
          "Player2": "ElCucuy",
          "Result": "0-2-0"
        },
        {
          "Player1": "Hampuse1",
          "Player2": "Mathilde8",
          "Result": "0-2-0"
        },
        {
          "Player1": "haruhilmi24",
          "Player2": "jorgeelias",
          "Result": "0-2-0"
        },
        {
          "Player1": "_Shatun_",
          "Player2": "maytwer",
          "Result": "0-2-0"
        },
        {
          "Player1": "termidor",
          "Player2": "jaces_insecurity",
          "Result": "2-0-0"
        }
      ]
    },
    {
      "RoundName": "Round 3",
      "Matches": [
        {
          "Player1": "Hampuse1",
          "Player2": "gurig",
          "Result": "0-2-0"
        },
        {
          "Player1": "kytk321",
          "Player2": "jorgeelias",
          "Result": "2-0-0"
        },
        {
          "Player1": "Tsubasa_Cat",
          "Player2": "andrw1232",
          "Result": "0-2-0"
        },
        {
          "Player1": "NAKISHIMA",
          "Player2": "haruhilmi24",
          "Result": "2-0-0"
        },
        {
          "Player1": "Arianne",
          "Player2": "howa",
          "Result": "0-2-0"
        },
        {
          "Player1": "maytwer",
          "Player2": "Mathilde8",
          "Result": "0-2-0"
        },
        {
          "Player1": "Gxs3v3n",
          "Player2": "ElCucuy",
          "Result": "2-0-0"
        },
        {
          "Player1": "upumpa89",
          "Player2": "VitorCarvalho01",
          "Result": "2-0-0"
        },
        {
          "Player1": "jaces_insecurity",
          "Player2": "SpockVidaLoka",
          "Result": "0-2-0"
        },
        {
          "Player1": "genkinman2",
          "Player2": "wkmidori",
          "Result": "0-2-0"
        },
        {
          "Player1": "termidor",
          "Player2": "MagicalSnap",
          "Result": "2-0-0"
        },
        {
          "Player1": "ls149950",
          "Player2": "Shulk",
          "Result": "2-0-0"
        },
        {
          "Player1": "MJ_23",
          "Player2": "oosunq",
          "Result": "0-2-0"
        },
        {
          "Player1": "Taurum",
          "Player2": "_Shatun_",
          "Result": "2-0-0"
        },
        {
          "Player1": "sandoiche",
          "Player2": "Mogged",
          "Result": "0-2-0"
        },
        {
          "Player1": "Theagent002",
          "Player2": "fazparte",
          "Result": "0-0-0"
        },
        {
          "Player1": "LuffyDoChapeuDePalha",
          "Player2": "Special_Boy",
          "Result": "0-2-0"
        },
        {
          "Player1": "moon11",
          "Player2": "PedraStone",
          "Result": "0-2-0"
        }
      ]
    },
    {
      "RoundName": "Round 4",
      "Matches": [
        {
          "Player1": "upumpa89",
          "Player2": "Mathilde8",
          "Result": "2-0-0"
        },
        {
          "Player1": "gurig",
          "Player2": "kytk321",
          "Result": "2-0-0"
        },
        {
          "Player1": "andrw1232",
          "Player2": "PedraStone",
          "Result": "0-2-0"
        },
        {
          "Player1": "Theagent002",
          "Player2": "moon11",
          "Result": "2-0-0"
        },
        {
          "Player1": "Mogged",
          "Player2": "fazparte",
          "Result": "0-2-0"
        },
        {
          "Player1": "ls149950",
          "Player2": "NAKISHIMA",
          "Result": "2-0-0"
        },
        {
          "Player1": "termidor",
          "Player2": "wkmidori",
          "Result": "0-2-0"
        },
        {
          "Player1": "oosunq",
          "Player2": "howa",
          "Result": "2-0-0"
        },
        {
          "Player1": "genkinman2",
          "Player2": "ElCucuy",
          "Result": "2-0-0"
        },
        {
          "Player1": "MJ_23",
          "Player2": "jorgeelias",
          "Result": "0-2-0"
        },
        {
          "Player1": "MagicalSnap",
          "Player2": "LuffyDoChapeuDePalha",
          "Result": "0-2-0"
        },
        {
          "Player1": "maytwer",
          "Player2": "Special_Boy",
          "Result": "2-0-0"
        },
        {
          "Player1": "Gxs3v3n",
          "Player2": "VitorCarvalho01",
          "Result": "2-0-0"
        },
        {
          "Player1": "sandoiche",
          "Player2": "Shulk",
          "Result": "0-2-0"
        },
        {
          "Player1": "Taurum",
          "Player2": "Tsubasa_Cat",
          "Result": "0-2-0"
        },
        {
          "Player1": "_Shatun_",
          "Player2": "SpockVidaLoka",
          "Result": "2-0-0"
        },
        {
          "Player1": "Arianne",
          "Player2": "Hampuse1",
          "Result": "2-0-0"
        }
      ]
    },
    {
      "RoundName": "Round 5",
      "Matches": [
        {
          "Player1": "upumpa89",
          "Player2": "maytwer",
          "Result": "0-2-0"
        },
        {
          "Player1": "oosunq",
          "Player2": "andrw1232",
          "Result": "0-2-0"
        },
        {
          "Player1": "Arianne",
          "Player2": "ls149950",
          "Result": "0-2-0"
        },
        {
          "Player1": "MagicalSnap",
          "Player2": "Shulk",
          "Result": "0-2-0"
        },
        {
          "Player1": "MJ_23",
          "Player2": "sandoiche",
          "Result": "0-0-0"
        },
        {
          "Player1": "haruhilmi24",
          "Player2": "ElCucuy",
          "Result": "0-2-0"
        },
        {
          "Player1": "PedraStone",
          "Player2": "fazparte",
          "Result": "0-2-0"
        },
        {
          "Player1": "kytk321",
          "Player2": "Special_Boy",
          "Result": "2-0-0"
        },
        {
          "Player1": "_Shatun_",
          "Player2": "Mogged",
          "Result": "0-2-0"
        },
        {
          "Player1": "Hampuse1",
          "Player2": "SpockVidaLoka",
          "Result": "0-2-0"
        },
        {
          "Player1": "howa",
          "Player2": "jorgeelias",
          "Result": "0-2-0"
        },
        {
          "Player1": "Taurum",
          "Player2": "LuffyDoChapeuDePalha",
          "Result": "0-2-0"
        },
        {
          "Player1": "wkmidori",
          "Player2": "Gxs3v3n",
          "Result": "2-0-0"
        },
        {
          "Player1": "termidor",
          "Player2": "genkinman2",
          "Result": "0-2-0"
        },
        {
          "Player1": "Theagent002",
          "Player2": "Tsubasa_Cat",
          "Result": "0-2-0"
        },
        {
          "Player1": "moon11",
          "Player2": "VitorCarvalho01",
          "Result": "2-0-0"
        },
        {
          "Player1": "gurig",
          "Player2": "Mathilde8",
          "Result": "1-2-0"
        }
      ]
    },
    {
      "RoundName": "Round 6",
      "Matches": [
        {
          "Player1": "andrw1232",
          "Player2": "Mathilde8",
          "Result": "0-2-0"
        },
        {
          "Player1": "Arianne",
          "Player2": "ElCucuy",
          "Result": "0-2-0"
        },
        {
          "Player1": "howa",
          "Player2": "SpockVidaLoka",
          "Result": "0-2-0"
        },
        {
          "Player1": "MJ_23",
          "Player2": "Special_Boy",
          "Result": "2-0-0"
        },
        {
          "Player1": "MagicalSnap",
          "Player2": "haruhilmi24",
          "Result": "0-0-0"
        },
        {
          "Player1": "maytwer",
          "Player2": "PedraStone",
          "Result": "2-0-0"
        },
        {
          "Player1": "moon11",
          "Player2": "gurig",
          "Result": "0-0-0"
        },
        {
          "Player1": "_Shatun_",
          "Player2": "VitorCarvalho01",
          "Result": "2-0-0"
        },
        {
          "Player1": "Mogged",
          "Player2": "kytk321",
          "Result": "2-0-0"
        },
        {
          "Player1": "sandoiche",
          "Player2": "termidor",
          "Result": "0-2-0"
        },
        {
          "Player1": "wkmidori",
          "Player2": "fazparte",
          "Result": "0-2-0"
        },
        {
          "Player1": "Taurum",
          "Player2": "Shulk",
          "Result": "2-0-0"
        },
        {
          "Player1": "LuffyDoChapeuDePalha",
          "Player2": "Gxs3v3n",
          "Result": "0-2-0"
        },
        {
          "Player1": "NAKISHIMA",
          "Player2": "jorgeelias",
          "Result": "2-0-0"
        },
        {
          "Player1": "Theagent002",
          "Player2": "oosunq",
          "Result": "2-0-0"
        },
        {
          "Player1": "upumpa89",
          "Player2": "Tsubasa_Cat",
          "Result": "0-2-0"
        },
        {
          "Player1": "ls149950",
          "Player2": "genkinman2",
          "Result": "2-0-0"
        }
      ]
    },
    {
      "RoundName": "Round 7",
      "Matches": [
        {
          "Player1": "Tsubasa_Cat",
          "Player2": "andrw1232",
          "Result": "2-0-0"
        },
        {
          "Player1": "Theagent002",
          "Player2": "Mathilde8",
          "Result": "2-0-0"
        },
        {
          "Player1": "upumpa89",
          "Player2": "fazparte",
          "Result": "2-0-0"
        },
        {
          "Player1": "maytwer",
          "Player2": "PedraStone",
          "Result": "2-0-0"
        }
      ]
    },
    {
      "RoundName": "Round 8",
      "Matches": [
        {
          "Player1": "upumpa89",
          "Player2": "maytwer",
          "Result": "0-0-0"
        },
        {
          "Player1": "Theagent002",
          "Player2": "Tsubasa_Cat",
          "Result": "2-0-0"
        }
      ]
    },
    {
      "RoundName": "Round 9",
      "Matches": [
        {
          "Player1": "Theagent002",
          "Player2": "maytwer",
          "Result": "2-0-0"
        }
      ]
    }
  ],
  "Standings": [
    {
      "Rank": 40,
      "Player": "death_grips",
      "Points": 0,
      "Wins": 0,
      "Losses": 0,
      "Draws": 0,
      "OMWP": 0.3333,
      "GWP": 0.3333,
      "OGWP": 0.38539999999999996
    },
    {
      "Rank": 39,
      "Player": "EdgarB",
      "Points": 0,
      "Wins": 0,
      "Losses": 0,
      "Draws": 0,
      "OMWP": 0.4167,
      "GWP": 0,
      "OGWP": 0.4286
    },
    {
      "Rank": 38,
      "Player": "Nogamblenofutur",
      "Points": 0,
      "Wins": 0,
      "Losses": 0,
      "Draws": 0,
      "OMWP": 0.4167,
      "GWP": 0,
      "OGWP": 0.44789999999999996
    },
    {
      "Rank": 37,
      "Player": "sokos13",
      "Points": 0,
      "Wins": 0,
      "Losses": 0,
      "Draws": 0,
      "OMWP": 0.4167,
      "GWP": 0.2,
      "OGWP": 0.48350000000000004
    },
    {
      "Rank": 36,
      "Player": "jaces_insecurity",
      "Points": 0,
      "Wins": 0,
      "Losses": 0,
      "Draws": 0,
      "OMWP": 0.6667000000000001,
      "GWP": 0.25,
      "OGWP": 0.6062
    },
    {
      "Rank": 35,
      "Player": "sandoiche",
      "Points": 3,
      "Wins": 0,
      "Losses": 0,
      "Draws": 0,
      "OMWP": 0.4722,
      "GWP": 0.2857,
      "OGWP": 0.4698
    },
    {
      "Rank": 34,
      "Player": "MagicalSnap",
      "Points": 3,
      "Wins": 0,
      "Losses": 0,
      "Draws": 0,
      "OMWP": 0.5,
      "GWP": 0.23079999999999998,
      "OGWP": 0.48090000000000005
    },
    {
      "Rank": 33,
      "Player": "Shulk",
      "Points": 6,
      "Wins": 0,
      "Losses": 0,
      "Draws": 0,
      "OMWP": 0.4722,
      "GWP": 0.4,
      "OGWP": 0.45659999999999995
    },
    {
      "Rank": 32,
      "Player": "Hampuse1",
      "Points": 6,
      "Wins": 0,
      "Losses": 0,
      "Draws": 0,
      "OMWP": 0.5,
      "GWP": 0.3077,
      "OGWP": 0.475
    },
    {
      "Rank": 31,
      "Player": "haruhilmi24",
      "Points": 6,
      "Wins": 0,
      "Losses": 0,
      "Draws": 0,
      "OMWP": 0.5,
      "GWP": 0.3077,
      "OGWP": 0.5202
    },
    {
      "Rank": 30,
      "Player": "howa",
      "Points": 6,
      "Wins": 0,
      "Losses": 0,
      "Draws": 0,
      "OMWP": 0.5,
      "GWP": 0.4375,
      "OGWP": 0.4777
    },
    {
      "Rank": 29,
      "Player": "VitorCarvalho01",
      "Points": 6,
      "Wins": 0,
      "Losses": 0,
      "Draws": 0,
      "OMWP": 0.5278,
      "GWP": 0.35710000000000003,
      "OGWP": 0.5232
    },
    {
      "Rank": 28,
      "Player": "Arianne",
      "Points": 6,
      "Wins": 0,
      "Losses": 0,
      "Draws": 0,
      "OMWP": 0.5278,
      "GWP": 0.375,
      "OGWP": 0.5073
    },
    {
      "Rank": 27,
      "Player": "Special_Boy",
      "Points": 6,
      "Wins": 0,
      "Losses": 0,
      "Draws": 0,
      "OMWP": 0.5556,
      "GWP": 0.4375,
      "OGWP": 0.5216
    },
    {
      "Rank": 26,
      "Player": "SpockVidaLoka",
      "Points": 9,
      "Wins": 0,
      "Losses": 0,
      "Draws": 0,
      "OMWP": 0.44439999999999996,
      "GWP": 0.5,
      "OGWP": 0.4597
    },
    {
      "Rank": 25,
      "Player": "ElCucuy",
      "Points": 9,
      "Wins": 0,
      "Losses": 0,
      "Draws": 0,
      "OMWP": 0.44439999999999996,
      "GWP": 0.5625,
      "OGWP": 0.4458
    },
    {
      "Rank": 24,
      "Player": "jorgeelias",
      "Points": 9,
      "Wins": 0,
      "Losses": 0,
      "Draws": 0,
      "OMWP": 0.44439999999999996,
      "GWP": 0.5625,
      "OGWP": 0.44920000000000004
    },
    {
      "Rank": 23,
      "Player": "MJ_23",
      "Points": 9,
      "Wins": 0,
      "Losses": 0,
      "Draws": 0,
      "OMWP": 0.4722,
      "GWP": 0.5,
      "OGWP": 0.4916
    },
    {
      "Rank": 22,
      "Player": "NAKISHIMA",
      "Points": 9,
      "Wins": 0,
      "Losses": 0,
      "Draws": 0,
      "OMWP": 0.5,
      "GWP": 0.4286,
      "OGWP": 0.4949
    },
    {
      "Rank": 21,
      "Player": "termidor",
      "Points": 9,
      "Wins": 0,
      "Losses": 0,
      "Draws": 0,
      "OMWP": 0.5,
      "GWP": 0.46149999999999997,
      "OGWP": 0.4556
    },
    {
      "Rank": 20,
      "Player": "gurig",
      "Points": 9,
      "Wins": 0,
      "Losses": 0,
      "Draws": 0,
      "OMWP": 0.5,
      "GWP": 0.5,
      "OGWP": 0.4702
    },
    {
      "Rank": 19,
      "Player": "kytk321",
      "Points": 9,
      "Wins": 0,
      "Losses": 0,
      "Draws": 0,
      "OMWP": 0.5,
      "GWP": 0.5294,
      "OGWP": 0.5036
    },
    {
      "Rank": 18,
      "Player": "oosunq",
      "Points": 9,
      "Wins": 0,
      "Losses": 0,
      "Draws": 0,
      "OMWP": 0.5278,
      "GWP": 0.4286,
      "OGWP": 0.5223
    },
    {
      "Rank": 17,
      "Player": "_Shatun_",
      "Points": 9,
      "Wins": 0,
      "Losses": 0,
      "Draws": 0,
      "OMWP": 0.5278,
      "GWP": 0.4667,
      "OGWP": 0.5144
    },
    {
      "Rank": 16,
      "Player": "LuffyDoChapeuDePalha",
      "Points": 9,
      "Wins": 0,
      "Losses": 0,
      "Draws": 0,
      "OMWP": 0.5556,
      "GWP": 0.5,
      "OGWP": 0.547
    },
    {
      "Rank": 15,
      "Player": "Taurum",
      "Points": 9,
      "Wins": 0,
      "Losses": 0,
      "Draws": 0,
      "OMWP": 0.5556,
      "GWP": 0.5625,
      "OGWP": 0.5175
    },
    {
      "Rank": 14,
      "Player": "genkinman2",
      "Points": 9,
      "Wins": 0,
      "Losses": 0,
      "Draws": 0,
      "OMWP": 0.5832999999999999,
      "GWP": 0.4667,
      "OGWP": 0.586
    },
    {
      "Rank": 13,
      "Player": "ls149950",
      "Points": 12,
      "Wins": 0,
      "Losses": 0,
      "Draws": 0,
      "OMWP": 0.4722,
      "GWP": 0.6154,
      "OGWP": 0.4728
    },
    {
      "Rank": 12,
      "Player": "moon11",
      "Points": 12,
      "Wins": 0,
      "Losses": 0,
      "Draws": 0,
      "OMWP": 0.5556,
      "GWP": 0.625,
      "OGWP": 0.5306000000000001
    },
    {
      "Rank": 11,
      "Player": "Gxs3v3n",
      "Points": 12,
      "Wins": 0,
      "Losses": 0,
      "Draws": 0,
      "OMWP": 0.5556,
      "GWP": 0.6667000000000001,
      "OGWP": 0.5433
    },
    {
      "Rank": 10,
      "Player": "Mogged",
      "Points": 12,
      "Wins": 0,
      "Losses": 0,
      "Draws": 0,
      "OMWP": 0.5832999999999999,
      "GWP": 0.6,
      "OGWP": 0.5311
    },
    {
      "Rank": 9,
      "Player": "wkmidori",
      "Points": 12,
      "Wins": 0,
      "Losses": 0,
      "Draws": 0,
      "OMWP": 0.6111,
      "GWP": 0.6,
      "OGWP": 0.5858
    },
    {
      "Rank": 8,
      "Player": "andrw1232",
      "Points": 12,
      "Wins": 0,
      "Losses": 0,
      "Draws": 0,
      "OMWP": 0.6667000000000001,
      "GWP": 0.625,
      "OGWP": 0.575
    },
    {
      "Rank": 7,
      "Player": "PedraStone",
      "Points": 12,
      "Wins": 0,
      "Losses": 0,
      "Draws": 0,
      "OMWP": 0.6944,
      "GWP": 0.5882000000000001,
      "OGWP": 0.622
    },
    {
      "Rank": 6,
      "Player": "Mathilde8",
      "Points": 15,
      "Wins": 0,
      "Losses": 0,
      "Draws": 0,
      "OMWP": 0.5556,
      "GWP": 0.6667000000000001,
      "OGWP": 0.5461
    },
    {
      "Rank": 5,
      "Player": "fazparte",
      "Points": 18,
      "Wins": 0,
      "Losses": 0,
      "Draws": 0,
      "OMWP": 0.5556,
      "GWP": 0.8571,
      "OGWP": 0.5044
    },
    {
      "Rank": 4,
      "Player": "upumpa89",
      "Points": 15,
      "Wins": 0,
      "Losses": 0,
      "Draws": 0,
      "OMWP": 0.6111,
      "GWP": 0.7143,
      "OGWP": 0.5262
    },
    {
      "Rank": 3,
      "Player": "Tsubasa_Cat",
      "Points": 18,
      "Wins": 0,
      "Losses": 0,
      "Draws": 0,
      "OMWP": 0.5832999999999999,
      "GWP": 0.6667000000000001,
      "OGWP": 0.5725
    },
    {
      "Rank": 2,
      "Player": "maytwer",
      "Points": 21,
      "Wins": 0,
      "Losses": 0,
      "Draws": 0,
      "OMWP": 0.5556,
      "GWP": 0.6667000000000001,
      "OGWP": 0.5414
    },
    {
      "Rank": 1,
      "Player": "Theagent002",
      "Points": 21,
      "Wins": 0,
      "Losses": 0,
      "Draws": 0,
      "OMWP": 0.6944,
      "GWP": 0.5714,
      "OGWP": 0.6233
    }
  ]
}