{
  "Tournament": {
    "Id": 12803237,
    "Date": "2025-07-13T19:30:00",
    "Name": "Vintage Cube 64-Player Elimination Draft",
    "Uri": null,
    "JsonFile": null,
    "ForceRedownload": false
  },
  "Decks": null,
  "Rounds": [
    {
      "RoundName": "Round 1",
      "Matches": [
        {
          "Player1": "WUBRGers",
          "Player2": "unworldlyorigin",
          "Result": "0-2-0"
        },
        {
          "Player1": "war85",
          "Player2": "Banski",
          "Result": "0-2-0"
        },
        {
          "Player1": "CarlosElSalvador",
          "Player2": "rrrn22",
          "Result": "0-2-0"
        },
        {
          "Player1": "Baskingben",
          "Player2": "12azor",
          "Result": "0-2-0"
        },
        {
          "Player1": "Killerp0p0",
          "Player2": "lunaloveee",
          "Result": "0-2-0"
        },
        {
          "Player1": "Mikktrix",
          "Player2": "Fuuunk",
          "Result": "2-0-0"
        },
        {
          "Player1": "Teston",
          "Player2": "Themata",
          "Result": "0-2-0"
        },
        {
          "Player1": "kauffj",
          "Player2": "joblou01",
          "Result": "0-0-0"
        },
        {
          "Player1": "Zonast",
          "Player2": "Decoutan",
          "Result": "2-0-0"
        },
        {
          "Player1": "Skpchino",
          "Player2": "K3llen",
          "Result": "2-0-0"
        },
        {
          "Player1": "Pietrone10",
          "Player2": "Yoyeah",
          "Result": "0-2-0"
        },
        {
          "Player1": "qbturtle15",
          "Player2": "R3tr0sp3ct",
          "Result": "2-0-0"
        },
        {
          "Player1": "themiz2003k",
          "Player2": "Broniak",
          "Result": "0-2-0"
        },
        {
          "Player1": "karatedom",
          "Player2": "UncleCardboard",
          "Result": "0-2-0"
        },
        {
          "Player1": "Gorge94",
          "Player2": "Nallebjurn",
          "Result": "0-2-0"
        },
        {
          "Player1": "MAFS",
          "Player2": "ChickenArise",
          "Result": "0-0-0"
        },
        {
          "Player1": "Hampuse1",
          "Player2": "fabbebil",
          "Result": "2-0-0"
        },
        {
          "Player1": "albertoSD",
          "Player2": "henry_morehouse",
          "Result": "0-2-0"
        },
        {
          "Player1": "solace",
          "Player2": "-Nausea-",
          "Result": "0-2-0"
        },
        {
          "Player1": "Eken.",
          "Player2": "Kollslaw",
          "Result": "2-0-0"
        },
        {
          "Player1": "Boydjw2",
          "Player2": "Raydan",
          "Result": "2-0-0"
        },
        {
          "Player1": "The_Tank",
          "Player2": "RespectTheCat",
          "Result": "0-2-0"
        },
        {
          "Player1": "awokengiant",
          "Player2": "RandomOctopus",
          "Result": "2-0-0"
        },
        {
          "Player1": "HoldTheElle",
          "Player2": "Young_Shaman",
          "Result": "0-2-0"
        },
        {
          "Player1": "Liquid_Pi",
          "Player2": "Sol0monGrundy",
          "Result": "2-0-0"
        },
        {
          "Player1": "MeatValue",
          "Player2": "AustinC",
          "Result": "0-2-0"
        },
        {
          "Player1": "Jon_W",
          "Player2": "MisterColors",
          "Result": "2-0-0"
        },
        {
          "Player1": "torbredram1",
          "Player2": "frankiepeanuts543",
          "Result": "2-0-0"
        },
        {
          "Player1": "_Holzi_",
          "Player2": "SuperJambon",
          "Result": "2-0-0"
        },
        {
          "Player1": "mavzero87",
          "Player2": "Sprat",
          "Result": "2-0-0"
        },
        {
          "Player1": "jamiieJR",
          "Player2": "BigD_1992",
          "Result": "0-2-0"
        },
        {
          "Player1": "SoulKing54",
          "Player2": "melty1",
          "Result": "2-0-0"
        }
      ]
    },
    {
      "RoundName": "Round 2",
      "Matches": [
        {
          "Player1": "Young_Shaman",
          "Player2": "Broniak",
          "Result": "2-0-0"
        },
        {
          "Player1": "Liquid_Pi",
          "Player2": "qbturtle15",
          "Result": "2-0-0"
        },
        {
          "Player1": "Mikktrix",
          "Player2": "RespectTheCat",
          "Result": "1-2-0"
        },
        {
          "Player1": "torbredram1",
          "Player2": "Themata",
          "Result": "0-2-0"
        },
        {
          "Player1": "Nallebjurn",
          "Player2": "unworldlyorigin",
          "Result": "0-0-0"
        },
        {
          "Player1": "Boydjw2",
          "Player2": "Hampuse1",
          "Result": "0-2-0"
        },
        {
          "Player1": "BigD_1992",
          "Player2": "Yoyeah",
          "Result": "2-0-0"
        },
        {
          "Player1": "ChickenArise",
          "Player2": "mavzero87",
          "Result": "2-0-0"
        },
        {
          "Player1": "awokengiant",
          "Player2": "joblou01",
          "Result": "2-0-0"
        },
        {
          "Player1": "Eken.",
          "Player2": "_Holzi_",
          "Result": "0-2-0"
        },
        {
          "Player1": "Zonast",
          "Player2": "Banski",
          "Result": "2-0-0"
        },
        {
          "Player1": "rrrn22",
          "Player2": "UncleCardboard",
          "Result": "0-2-0"
        },
        {
          "Player1": "12azor",
          "Player2": "SoulKing54",
          "Result": "2-0-0"
        },
        {
          "Player1": "-Nausea-",
          "Player2": "AustinC",
          "Result": "2-0-0"
        },
        {
          "Player1": "Jon_W",
          "Player2": "lunaloveee",
          "Result": "0-2-0"
        },
        {
          "Player1": "Skpchino",
          "Player2": "henry_morehouse",
          "Result": "0-2-0"
        }
      ]
    },
    {
      "RoundName": "Round 3",
      "Matches": [
        {
          "Player1": "Young_Shaman",
          "Player2": "RespectTheCat",
          "Result": "2-0-0"
        },
        {
          "Player1": "12azor",
          "Player2": "lunaloveee",
          "Result": "0-2-0"
        },
        {
          "Player1": "awokengiant",
          "Player2": "BigD_1992",
          "Result": "2-0-0"
        },
        {
          "Player1": "ChickenArise",
          "Player2": "Zonast",
          "Result": "0-2-0"
        },
        {
          "Player1": "_Holzi_",
          "Player2": "henry_morehouse",
          "Result": "0-2-0"
        },
        {
          "Player1": "Liquid_Pi",
          "Player2": "UncleCardboard",
          "Result": "2-0-0"
        },
        {
          "Player1": "Nallebjurn",
          "Player2": "-Nausea-",
          "Result": "2-0-0"
        },
        {
          "Player1": "Hampuse1",
          "Player2": "Themata",
          "Result": "0-2-0"
        }
      ]
    },
    {
      "RoundName": "Round 4",
      "Matches": [
        {
          "Player1": "Liquid_Pi",
          "Player2": "Young_Shaman",
          "Result": "2-0-0"
        },
        {
          "Player1": "awokengiant",
          "Player2": "Nallebjurn",
          "Result": "0-2-0"
        },
        {
          "Player1": "Themata",
          "Player2": "henry_morehouse",
          "Result": "2-0-0"
        },
        {
          "Player1": "Zonast",
          "Player2": "lunaloveee",
          "Result": "0-2-0"
        }
      ]
    },
    {
      "RoundName": "Round 5",
      "Matches": [
        {
          "Player1": "Themata",
          "Player2": "Nallebjurn",
          "Result": "2-1-0"
        },
        {
          "Player1": "Liquid_Pi",
          "Player2": "lunaloveee",
          "Result": "0-2-0"
        }
      ]
    },
    {
      "RoundName": "Round 6",
      "Matches": [
        {
          "Player1": "Themata",
          "Player2": "lunaloveee",
          "Result": "2-0-0"
        }
      ]
    }
  ],
  "Standings": [
    {
      "Rank": 64,
      "Player": "Raydan",
      "Points": 0,
      "Wins": 0,
      "Losses": 0,
      "Draws": 0,
      "OMWP": 0,
      "GWP": 0,
      "OGWP": 0
    },
    {
      "Rank": 63,
      "Player": "frankiepeanuts543",
      "Points": 0,
      "Wins": 0,
      "Losses": 0,
      "Draws": 0,
      "OMWP": 0,
      "GWP": 0,
      "OGWP": 0
    },
    {
      "Rank": 62,
      "Player": "CarlosElSalvador",
      "Points": 0,
      "Wins": 0,
      "Losses": 0,
      "Draws": 0,
      "OMWP": 0,
      "GWP": 0,
      "OGWP": 0
    },
    {
      "Rank": 61,
      "Player": "Pietrone10",
      "Points": 0,
      "Wins": 0,
      "Losses": 0,
      "Draws": 0,
      "OMWP": 0,
      "GWP": 0,
      "OGWP": 0
    },
    {
      "Rank": 60,
      "Player": "Fuuunk",
      "Points": 0,
      "Wins": 0,
      "Losses": 0,
      "Draws": 0,
      "OMWP": 0,
      "GWP": 0,
      "OGWP": 0
    },
    {
      "Rank": 59,
      "Player": "war85",
      "Points": 0,
      "Wins": 0,
      "Losses": 0,
      "Draws": 0,
      "OMWP": 0,
      "GWP": 0,
      "OGWP": 0
    },
    {
      "Rank": 58,
      "Player": "R3tr0sp3ct",
      "Points": 0,
      "Wins": 0,
      "Losses": 0,
      "Draws": 0,
      "OMWP": 0,
      "GWP": 0,
      "OGWP": 0
    },
    {
      "Rank": 57,
      "Player": "melty1",
      "Points": 0,
      "Wins": 0,
      "Losses": 0,
      "Draws": 0,
      "OMWP": 0,
      "GWP": 0,
      "OGWP": 0
    },
    {
      "Rank": 56,
      "Player": "Kollslaw",
      "Points": 0,
      "Wins": 0,
      "Losses": 0,
      "Draws": 0,
      "OMWP": 0,
      "GWP": 0,
      "OGWP": 0
    },
    {
      "Rank": 55,
      "Player": "MisterColors",
      "Points": 0,
      "Wins": 0,
      "Losses": 0,
      "Draws": 0,
      "OMWP": 0,
      "GWP": 0,
      "OGWP": 0
    },
    {
      "Rank": 54,
      "Player": "MeatValue",
      "Points": 0,
      "Wins": 0,
      "Losses": 0,
      "Draws": 0,
      "OMWP": 0,
      "GWP": 0,
      "OGWP": 0
    },
    {
      "Rank": 53,
      "Player": "kauffj",
      "Points": 0,
      "Wins": 0,
      "Losses": 0,
      "Draws": 0,
      "OMWP": 0,
      "GWP": 0,
      "OGWP": 0
    },
    {
      "Rank": 52,
      "Player": "K3llen",
      "Points": 0,
      "Wins": 0,
      "Losses": 0,
      "Draws": 0,
      "OMWP": 0,
      "GWP": 0,
      "OGWP": 0
    },
    {
      "Rank": 51,
      "Player": "WUBRGers",
      "Points": 0,
      "Wins": 0,
      "Losses": 0,
      "Draws": 0,
      "OMWP": 0,
      "GWP": 0,
      "OGWP": 0
    },
    {
      "Rank": 50,
      "Player": "themiz2003k",
      "Points": 0,
      "Wins": 0,
      "Losses": 0,
      "Draws": 0,
      "OMWP": 0,
      "GWP": 0,
      "OGWP": 0
    },
    {
      "Rank": 49,
      "Player": "Sprat",
      "Points": 0,
      "Wins": 0,
      "Losses": 0,
      "Draws": 0,
      "OMWP": 0,
      "GWP": 0,
      "OGWP": 0
    },
    {
      "Rank": 48,
      "Player": "SuperJambon",
      "Points": 0,
      "Wins": 0,
      "Losses": 0,
      "Draws": 0,
      "OMWP": 0,
      "GWP": 0,
      "OGWP": 0
    },
    {
      "Rank": 47,
      "Player": "karatedom",
      "Points": 0,
      "Wins": 0,
      "Losses": 0,
      "Draws": 0,
      "OMWP": 0,
      "GWP": 0,
      "OGWP": 0
    },
    {
      "Rank": 46,
      "Player": "jamiieJR",
      "Points": 0,
      "Wins": 0,
      "Losses": 0,
      "Draws": 0,
      "OMWP": 0,
      "GWP": 0,
      "OGWP": 0
    },
    {
      "Rank": 45,
      "Player": "Baskingben",
      "Points": 0,
      "Wins": 0,
      "Losses": 0,
      "Draws": 0,
      "OMWP": 0,
      "GWP": 0,
      "OGWP": 0
    },
    {
      "Rank": 44,
      "Player": "MAFS",
      "Points": 0,
      "Wins": 0,
      "Losses": 0,
      "Draws": 0,
      "OMWP": 0,
      "GWP": 0,
      "OGWP": 0
    },
    {
      "Rank": 43,
      "Player": "The_Tank",
      "Points": 0,
      "Wins": 0,
      "Losses": 0,
      "Draws": 0,
      "OMWP": 0,
      "GWP": 0,
      "OGWP": 0
    },
    {
      "Rank": 42,
      "Player": "fabbebil",
      "Points": 0,
      "Wins": 0,
      "Losses": 0,
      "Draws": 0,
      "OMWP": 0,
      "GWP": 0,
      "OGWP": 0
    },
    {
      "Rank": 41,
      "Player": "solace",
      "Points": 0,
      "Wins": 0,
      "Losses": 0,
      "Draws": 0,
      "OMWP": 0,
      "GWP": 0,
      "OGWP": 0
    },
    {
      "Rank": 40,
      "Player": "Decoutan",
      "Points": 0,
      "Wins": 0,
      "Losses": 0,
      "Draws": 0,
      "OMWP": 0,
      "GWP": 0,
      "OGWP": 0
    },
    {
      "Rank": 39,
      "Player": "HoldTheElle",
      "Points": 0,
      "Wins": 0,
      "Losses": 0,
      "Draws": 0,
      "OMWP": 0,
      "GWP": 0,
      "OGWP": 0
    },
    {
      "Rank": 38,
      "Player": "Gorge94",
      "Points": 0,
      "Wins": 0,
      "Losses": 0,
      "Draws": 0,
      "OMWP": 0,
      "GWP": 0,
      "OGWP": 0
    },
    {
      "Rank": 37,
      "Player": "albertoSD",
      "Points": 0,
      "Wins": 0,
      "Losses": 0,
      "Draws": 0,
      "OMWP": 0,
      "GWP": 0,
      "OGWP": 0
    },
    {
      "Rank": 36,
      "Player": "RandomOctopus",
      "Points": 0,
      "Wins": 0,
      "Losses": 0,
      "Draws": 0,
      "OMWP": 0,
      "GWP": 0,
      "OGWP": 0
    },
    {
      "Rank": 35,
      "Player": "Killerp0p0",
      "Points": 0,
      "Wins": 0,
      "Losses": 0,
      "Draws": 0,
      "OMWP": 0,
      "GWP": 0,
      "OGWP": 0
    },
    {
      "Rank": 34,
      "Player": "Sol0monGrundy",
      "Points": 0,
      "Wins": 0,
      "Losses": 0,
      "Draws": 0,
      "OMWP": 0,
      "GWP": 0,
      "OGWP": 0
    },
    {
      "Rank": 33,
      "Player": "Teston",
      "Points": 0,
      "Wins": 0,
      "Losses": 0,
      "Draws": 0,
      "OMWP": 0,
      "GWP": 0,
      "OGWP": 0
    },
    {
      "Rank": 32,
      "Player": "AustinC",
      "Points": 3,
      "Wins": 0,
      "Losses": 0,
      "Draws": 0,
      "OMWP": 0,
      "GWP": 0,
      "OGWP": 0
    },
    {
      "Rank": 31,
      "Player": "mavzero87",
      "Points": 3,
      "Wins": 0,
      "Losses": 0,
      "Draws": 0,
      "OMWP": 0,
      "GWP": 0,
      "OGWP": 0
    },
    {
      "Rank": 30,
      "Player": "Boydjw2",
      "Points": 3,
      "Wins": 0,
      "Losses": 0,
      "Draws": 0,
      "OMWP": 0,
      "GWP": 0,
      "OGWP": 0
    },
    {
      "Rank": 29,
      "Player": "rrrn22",
      "Points": 3,
      "Wins": 0,
      "Losses": 0,
      "Draws": 0,
      "OMWP": 0,
      "GWP": 0,
      "OGWP": 0
    },
    {
      "Rank": 28,
      "Player": "Yoyeah",
      "Points": 3,
      "Wins": 0,
      "Losses": 0,
      "Draws": 0,
      "OMWP": 0,
      "GWP": 0,
      "OGWP": 0
    },
    {
      "Rank": 27,
      "Player": "SoulKing54",
      "Points": 3,
      "Wins": 0,
      "Losses": 0,
      "Draws": 0,
      "OMWP": 0,
      "GWP": 0,
      "OGWP": 0
    },
    {
      "Rank": 26,
      "Player": "Mikktrix",
      "Points": 3,
      "Wins": 0,
      "Losses": 0,
      "Draws": 0,
      "OMWP": 0,
      "GWP": 0,
      "OGWP": 0
    },
    {
      "Rank": 25,
      "Player": "Eken.",
      "Points": 3,
      "Wins": 0,
      "Losses": 0,
      "Draws": 0,
      "OMWP": 0,
      "GWP": 0,
      "OGWP": 0
    },
    {
      "Rank": 24,
      "Player": "unworldlyorigin",
      "Points": 3,
      "Wins": 0,
      "Losses": 0,
      "Draws": 0,
      "OMWP": 0,
      "GWP": 0,
      "OGWP": 0
    },
    {
      "Rank": 23,
      "Player": "joblou01",
      "Points": 3,
      "Wins": 0,
      "Losses": 0,
      "Draws": 0,
      "OMWP": 0,
      "GWP": 0,
      "OGWP": 0
    },
    {
      "Rank": 22,
      "Player": "Skpchino",
      "Points": 3,
      "Wins": 0,
      "Losses": 0,
      "Draws": 0,
      "OMWP": 0,
      "GWP": 0,
      "OGWP": 0
    },
    {
      "Rank": 21,
      "Player": "Jon_W",
      "Points": 3,
      "Wins": 0,
      "Losses": 0,
      "Draws": 0,
      "OMWP": 0,
      "GWP": 0,
      "OGWP": 0
    },
    {
      "Rank": 20,
      "Player": "Broniak",
      "Points": 3,
      "Wins": 0,
      "Losses": 0,
      "Draws": 0,
      "OMWP": 0,
      "GWP": 0,
      "OGWP": 0
    },
    {
      "Rank": 19,
      "Player": "torbredram1",
      "Points": 3,
      "Wins": 0,
      "Losses": 0,
      "Draws": 0,
      "OMWP": 0,
      "GWP": 0,
      "OGWP": 0
    },
    {
      "Rank": 18,
      "Player": "qbturtle15",
      "Points": 3,
      "Wins": 0,
      "Losses": 0,
      "Draws": 0,
      "OMWP": 0,
      "GWP": 0,
      "OGWP": 0
    },
    {
      "Rank": 17,
      "Player": "Banski",
      "Points": 3,
      "Wins": 0,
      "Losses": 0,
      "Draws": 0,
      "OMWP": 0,
      "GWP": 0,
      "OGWP": 0
    },
    {
      "Rank": 16,
      "Player": "12azor",
      "Points": 6,
      "Wins": 0,
      "Losses": 0,
      "Draws": 0,
      "OMWP": 0,
      "GWP": 0,
      "OGWP": 0
    },
    {
      "Rank": 15,
      "Player": "ChickenArise",
      "Points": 6,
      "Wins": 0,
      "Losses": 0,
      "Draws": 0,
      "OMWP": 0,
      "GWP": 0,
      "OGWP": 0
    },
    {
      "Rank": 14,
      "Player": "RespectTheCat",
      "Points": 6,
      "Wins": 0,
      "Losses": 0,
      "Draws": 0,
      "OMWP": 0,
      "GWP": 0,
      "OGWP": 0
    },
    {
      "Rank": 13,
      "Player": "Hampuse1",
      "Points": 6,
      "Wins": 0,
      "Losses": 0,
      "Draws": 0,
      "OMWP": 0,
      "GWP": 0,
      "OGWP": 0
    },
    {
      "Rank": 12,
      "Player": "-Nausea-",
      "Points": 6,
      "Wins": 0,
      "Losses": 0,
      "Draws": 0,
      "OMWP": 0,
      "GWP": 0,
      "OGWP": 0
    },
    {
      "Rank": 11,
      "Player": "_Holzi_",
      "Points": 6,
      "Wins": 0,
      "Losses": 0,
      "Draws": 0,
      "OMWP": 0,
      "GWP": 0,
      "OGWP": 0
    },
    {
      "Rank": 10,
      "Player": "UncleCardboard",
      "Points": 6,
      "Wins": 0,
      "Losses": 0,
      "Draws": 0,
      "OMWP": 0,
      "GWP": 0,
      "OGWP": 0
    },
    {
      "Rank": 9,
      "Player": "BigD_1992",
      "Points": 6,
      "Wins": 0,
      "Losses": 0,
      "Draws": 0,
      "OMWP": 0,
      "GWP": 0,
      "OGWP": 0
    },
    {
      "Rank": 8,
      "Player": "Young_Shaman",
      "Points": 9,
      "Wins": 0,
      "Losses": 0,
      "Draws": 0,
      "OMWP": 0,
      "GWP": 0,
      "OGWP": 0
    },
    {
      "Rank": 7,
      "Player": "Zonast",
      "Points": 9,
      "Wins": 0,
      "Losses": 0,
      "Draws": 0,
      "OMWP": 0,
      "GWP": 0,
      "OGWP": 0
    },
    {
      "Rank": 6,
      "Player": "henry_morehouse",
      "Points": 9,
      "Wins": 0,
      "Losses": 0,
      "Draws": 0,
      "OMWP": 0,
      "GWP": 0,
      "OGWP": 0
    },
    {
      "Rank": 5,
      "Player": "awokengiant",
      "Points": 9,
      "Wins": 0,
      "Losses": 0,
      "Draws": 0,
      "OMWP": 0,
      "GWP": 0,
      "OGWP": 0
    },
    {
      "Rank": 4,
      "Player": "Liquid_Pi",
      "Points": 12,
      "Wins": 0,
      "Losses": 0,
      "Draws": 0,
      "OMWP": 0,
      "GWP": 0,
      "OGWP": 0
    },
    {
      "Rank": 3,
      "Player": "Nallebjurn",
      "Points": 12,
      "Wins": 0,
      "Losses": 0,
      "Draws": 0,
      "OMWP": 0,
      "GWP": 0,
      "OGWP": 0
    },
    {
      "Rank": 2,
      "Player": "lunaloveee",
      "Points": 15,
      "Wins": 0,
      "Losses": 0,
      "Draws": 0,
      "OMWP": 0,
      "GWP": 0,
      "OGWP": 0
    },
    {
      "Rank": 1,
      "Player": "Themata",
      "Points": 18,
      "Wins": 0,
      "Losses": 0,
      "Draws": 0,
      "OMWP": 0,
      "GWP": 0,
      "OGWP": 0
    }
  ]
}