{
  "Tournament": {
    "Id": 12803238,
    "Date": "2025-07-13T23:30:00",
    "Name": "Vintage Cube 64-Player Elimination Draft",
    "Uri": null,
    "JsonFile": null,
    "ForceRedownload": false
  },
  "Decks": null,
  "Rounds": [
    {
      "RoundName": "Round 1",
      "Matches": [
        {
          "Player1": "Alrawn",
          "Player2": "-Nausea-",
          "Result": "2-0-0"
        },
        {
          "Player1": "islands",
          "Player2": "Sol0monGrundy",
          "Result": "2-0-0"
        },
        {
          "Player1": "Avatar of Destiny.",
          "Player2": "Zonast",
          "Result": "2-0-0"
        },
        {
          "Player1": "djbmppwns",
          "Player2": "Dhedjeshdi",
          "Result": "0-2-0"
        },
        {
          "Player1": "LilTrashmanXL",
          "Player2": "fabbebil",
          "Result": "0-2-0"
        },
        {
          "Player1": "HoldTheElle",
          "Player2": "Mormegil_",
          "Result": "2-0-0"
        },
        {
          "Player1": "marcofabrizi",
          "Player2": "Vequinox",
          "Result": "2-0-0"
        },
        {
          "Player1": "LSMD",
          "Player2": "SoulKing54",
          "Result": "2-0-0"
        },
        {
          "Player1": "_and_one_",
          "Player2": "MendezCL",
          "Result": "2-0-0"
        },
        {
          "Player1": "ilsecco14",
          "Player2": "TheSandwichKing",
          "Result": "0-2-0"
        },
        {
          "Player1": "Teston",
          "Player2": "MandrillMan",
          "Result": "2-0-0"
        },
        {
          "Player1": "sammy0506",
          "Player2": "stu909090",
          "Result": "2-0-0"
        },
        {
          "Player1": "Eken.",
          "Player2": "12azor",
          "Result": "0-2-0"
        },
        {
          "Player1": "ICYBLUE",
          "Player2": "Fatter_CHOCOBO",
          "Result": "0-2-0"
        },
        {
          "Player1": "ChridOne",
          "Player2": "GUHAOYUN",
          "Result": "0-2-0"
        },
        {
          "Player1": "AndyGrey",
          "Player2": "Hampuse1",
          "Result": "2-0-0"
        },
        {
          "Player1": "DejoyOfGaming",
          "Player2": "LeVraiThibaud",
          "Result": "0-2-0"
        },
        {
          "Player1": "Lollopollo2001",
          "Player2": "pickled6",
          "Result": "2-0-0"
        },
        {
          "Player1": "THE_RAKE",
          "Player2": "MisterColors",
          "Result": "2-0-0"
        },
        {
          "Player1": "StoneColdSteveAustin",
          "Player2": "WUBRGers",
          "Result": "0-2-0"
        },
        {
          "Player1": "war85",
          "Player2": "LucaAshok",
          "Result": "0-2-0"
        },
        {
          "Player1": "CaptainWacky2",
          "Player2": "Lumbalgic",
          "Result": "2-0-0"
        },
        {
          "Player1": "KeeperX",
          "Player2": "liking4real",
          "Result": "0-2-0"
        },
        {
          "Player1": "Stealthmagician",
          "Player2": "MeatValue",
          "Result": "0-0-0"
        },
        {
          "Player1": "CJswoosh23",
          "Player2": "chumgod",
          "Result": "0-2-0"
        },
        {
          "Player1": "ChickenArise",
          "Player2": "CarlosElSalvador",
          "Result": "0-2-0"
        },
        {
          "Player1": "brokitas",
          "Player2": "NeoEvolution",
          "Result": "2-0-0"
        },
        {
          "Player1": "qbturtle15",
          "Player2": "SirIceCream",
          "Result": "2-0-0"
        },
        {
          "Player1": "MJ_23",
          "Player2": "albertoSD",
          "Result": "2-0-0"
        },
        {
          "Player1": "Young_Shaman",
          "Player2": "foggmanatic",
          "Result": "2-0-0"
        },
        {
          "Player1": "Ssejemba",
          "Player2": "Caders21",
          "Result": "0-2-0"
        },
        {
          "Player1": "i_b_TRUE",
          "Player2": "FlawlessVictory-",
          "Result": "0-0-0"
        }
      ]
    },
    {
      "RoundName": "Round 2",
      "Matches": [
        {
          "Player1": "Avatar of Destiny.",
          "Player2": "Dhedjeshdi",
          "Result": "0-2-0"
        },
        {
          "Player1": "brokitas",
          "Player2": "MJ_23",
          "Result": "0-2-0"
        },
        {
          "Player1": "WUBRGers",
          "Player2": "Lollopollo2001",
          "Result": "0-2-0"
        },
        {
          "Player1": "12azor",
          "Player2": "fabbebil",
          "Result": "0-2-0"
        },
        {
          "Player1": "CarlosElSalvador",
          "Player2": "qbturtle15",
          "Result": "0-2-0"
        },
        {
          "Player1": "liking4real",
          "Player2": "Young_Shaman",
          "Result": "0-2-0"
        },
        {
          "Player1": "CaptainWacky2",
          "Player2": "marcofabrizi",
          "Result": "2-0-0"
        },
        {
          "Player1": "Teston",
          "Player2": "MeatValue",
          "Result": "0-2-0"
        },
        {
          "Player1": "THE_RAKE",
          "Player2": "GUHAOYUN",
          "Result": "2-0-0"
        },
        {
          "Player1": "islands",
          "Player2": "chumgod",
          "Result": "2-0-0"
        },
        {
          "Player1": "LSMD",
          "Player2": "sammy0506",
          "Result": "2-0-0"
        },
        {
          "Player1": "i_b_TRUE",
          "Player2": "TheSandwichKing",
          "Result": "2-0-0"
        },
        {
          "Player1": "_and_one_",
          "Player2": "LeVraiThibaud",
          "Result": "0-2-0"
        },
        {
          "Player1": "LucaAshok",
          "Player2": "HoldTheElle",
          "Result": "2-0-0"
        },
        {
          "Player1": "AndyGrey",
          "Player2": "Alrawn",
          "Result": "2-0-0"
        },
        {
          "Player1": "Caders21",
          "Player2": "Fatter_CHOCOBO",
          "Result": "0-2-0"
        }
      ]
    },
    {
      "RoundName": "Round 3",
      "Matches": [
        {
          "Player1": "LucaAshok",
          "Player2": "Fatter_CHOCOBO",
          "Result": "2-0-0"
        },
        {
          "Player1": "Dhedjeshdi",
          "Player2": "MJ_23",
          "Result": "0-2-0"
        },
        {
          "Player1": "MeatValue",
          "Player2": "Lollopollo2001",
          "Result": "0-2-0"
        },
        {
          "Player1": "qbturtle15",
          "Player2": "Young_Shaman",
          "Result": "0-2-0"
        },
        {
          "Player1": "CaptainWacky2",
          "Player2": "AndyGrey",
          "Result": "0-2-0"
        },
        {
          "Player1": "THE_RAKE",
          "Player2": "LSMD",
          "Result": "0-2-0"
        },
        {
          "Player1": "i_b_TRUE",
          "Player2": "LeVraiThibaud",
          "Result": "0-2-0"
        },
        {
          "Player1": "islands",
          "Player2": "fabbebil",
          "Result": "0-2-0"
        }
      ]
    },
    {
      "RoundName": "Round 4",
      "Matches": [
        {
          "Player1": "AndyGrey",
          "Player2": "Young_Shaman",
          "Result": "2-0-0"
        },
        {
          "Player1": "LSMD",
          "Player2": "fabbebil",
          "Result": "0-2-0"
        },
        {
          "Player1": "MJ_23",
          "Player2": "LeVraiThibaud",
          "Result": "0-2-0"
        },
        {
          "Player1": "LucaAshok",
          "Player2": "Lollopollo2001",
          "Result": "0-2-0"
        }
      ]
    },
    {
      "RoundName": "Round 5",
      "Matches": [
        {
          "Player1": "LeVraiThibaud",
          "Player2": "fabbebil",
          "Result": "2-0-0"
        },
        {
          "Player1": "AndyGrey",
          "Player2": "Lollopollo2001",
          "Result": "2-0-0"
        }
      ]
    },
    {
      "RoundName": "Round 6",
      "Matches": [
        {
          "Player1": "AndyGrey",
          "Player2": "LeVraiThibaud",
          "Result": "2-0-0"
        }
      ]
    }
  ],
  "Standings": [
    {
      "Rank": 64,
      "Player": "ilsecco14",
      "Points": 0,
      "Wins": 0,
      "Losses": 0,
      "Draws": 0,
      "OMWP": 0,
      "GWP": 0,
      "OGWP": 0
    },
    {
      "Rank": 63,
      "Player": "MandrillMan",
      "Points": 0,
      "Wins": 0,
      "Losses": 0,
      "Draws": 0,
      "OMWP": 0,
      "GWP": 0,
      "OGWP": 0
    },
    {
      "Rank": 62,
      "Player": "-Nausea-",
      "Points": 0,
      "Wins": 0,
      "Losses": 0,
      "Draws": 0,
      "OMWP": 0,
      "GWP": 0,
      "OGWP": 0
    },
    {
      "Rank": 61,
      "Player": "CJswoosh23",
      "Points": 0,
      "Wins": 0,
      "Losses": 0,
      "Draws": 0,
      "OMWP": 0,
      "GWP": 0,
      "OGWP": 0
    },
    {
      "Rank": 60,
      "Player": "Vequinox",
      "Points": 0,
      "Wins": 0,
      "Losses": 0,
      "Draws": 0,
      "OMWP": 0,
      "GWP": 0,
      "OGWP": 0
    },
    {
      "Rank": 59,
      "Player": "ChridOne",
      "Points": 0,
      "Wins": 0,
      "Losses": 0,
      "Draws": 0,
      "OMWP": 0,
      "GWP": 0,
      "OGWP": 0
    },
    {
      "Rank": 58,
      "Player": "StoneColdSteveAustin",
      "Points": 0,
      "Wins": 0,
      "Losses": 0,
      "Draws": 0,
      "OMWP": 0,
      "GWP": 0,
      "OGWP": 0
    },
    {
      "Rank": 57,
      "Player": "KeeperX",
      "Points": 0,
      "Wins": 0,
      "Losses": 0,
      "Draws": 0,
      "OMWP": 0,
      "GWP": 0,
      "OGWP": 0
    },
    {
      "Rank": 56,
      "Player": "Zonast",
      "Points": 0,
      "Wins": 0,
      "Losses": 0,
      "Draws": 0,
      "OMWP": 0,
      "GWP": 0,
      "OGWP": 0
    },
    {
      "Rank": 55,
      "Player": "Mormegil_",
      "Points": 0,
      "Wins": 0,
      "Losses": 0,
      "Draws": 0,
      "OMWP": 0,
      "GWP": 0,
      "OGWP": 0
    },
    {
      "Rank": 54,
      "Player": "stu909090",
      "Points": 0,
      "Wins": 0,
      "Losses": 0,
      "Draws": 0,
      "OMWP": 0,
      "GWP": 0,
      "OGWP": 0
    },
    {
      "Rank": 53,
      "Player": "NeoEvolution",
      "Points": 0,
      "Wins": 0,
      "Losses": 0,
      "Draws": 0,
      "OMWP": 0,
      "GWP": 0,
      "OGWP": 0
    },
    {
      "Rank": 52,
      "Player": "MendezCL",
      "Points": 0,
      "Wins": 0,
      "Losses": 0,
      "Draws": 0,
      "OMWP": 0,
      "GWP": 0,
      "OGWP": 0
    },
    {
      "Rank": 51,
      "Player": "ChickenArise",
      "Points": 0,
      "Wins": 0,
      "Losses": 0,
      "Draws": 0,
      "OMWP": 0,
      "GWP": 0,
      "OGWP": 0
    },
    {
      "Rank": 50,
      "Player": "Eken.",
      "Points": 0,
      "Wins": 0,
      "Losses": 0,
      "Draws": 0,
      "OMWP": 0,
      "GWP": 0,
      "OGWP": 0
    },
    {
      "Rank": 49,
      "Player": "Ssejemba",
      "Points": 0,
      "Wins": 0,
      "Losses": 0,
      "Draws": 0,
      "OMWP": 0,
      "GWP": 0,
      "OGWP": 0
    },
    {
      "Rank": 48,
      "Player": "MisterColors",
      "Points": 0,
      "Wins": 0,
      "Losses": 0,
      "Draws": 0,
      "OMWP": 0,
      "GWP": 0,
      "OGWP": 0
    },
    {
      "Rank": 47,
      "Player": "ICYBLUE",
      "Points": 0,
      "Wins": 0,
      "Losses": 0,
      "Draws": 0,
      "OMWP": 0,
      "GWP": 0,
      "OGWP": 0
    },
    {
      "Rank": 46,
      "Player": "Lumbalgic",
      "Points": 0,
      "Wins": 0,
      "Losses": 0,
      "Draws": 0,
      "OMWP": 0,
      "GWP": 0,
      "OGWP": 0
    },
    {
      "Rank": 45,
      "Player": "Sol0monGrundy",
      "Points": 0,
      "Wins": 0,
      "Losses": 0,
      "Draws": 0,
      "OMWP": 0,
      "GWP": 0,
      "OGWP": 0
    },
    {
      "Rank": 44,
      "Player": "FlawlessVictory-",
      "Points": 0,
      "Wins": 0,
      "Losses": 0,
      "Draws": 0,
      "OMWP": 0,
      "GWP": 0,
      "OGWP": 0
    },
    {
      "Rank": 43,
      "Player": "djbmppwns",
      "Points": 0,
      "Wins": 0,
      "Losses": 0,
      "Draws": 0,
      "OMWP": 0,
      "GWP": 0,
      "OGWP": 0
    },
    {
      "Rank": 42,
      "Player": "SirIceCream",
      "Points": 0,
      "Wins": 0,
      "Losses": 0,
      "Draws": 0,
      "OMWP": 0,
      "GWP": 0,
      "OGWP": 0
    },
    {
      "Rank": 41,
      "Player": "Stealthmagician",
      "Points": 0,
      "Wins": 0,
      "Losses": 0,
      "Draws": 0,
      "OMWP": 0,
      "GWP": 0,
      "OGWP": 0
    },
    {
      "Rank": 40,
      "Player": "pickled6",
      "Points": 0,
      "Wins": 0,
      "Losses": 0,
      "Draws": 0,
      "OMWP": 0,
      "GWP": 0,
      "OGWP": 0
    },
    {
      "Rank": 39,
      "Player": "LilTrashmanXL",
      "Points": 0,
      "Wins": 0,
      "Losses": 0,
      "Draws": 0,
      "OMWP": 0,
      "GWP": 0,
      "OGWP": 0
    },
    {
      "Rank": 38,
      "Player": "foggmanatic",
      "Points": 0,
      "Wins": 0,
      "Losses": 0,
      "Draws": 0,
      "OMWP": 0,
      "GWP": 0,
      "OGWP": 0
    },
    {
      "Rank": 37,
      "Player": "albertoSD",
      "Points": 0,
      "Wins": 0,
      "Losses": 0,
      "Draws": 0,
      "OMWP": 0,
      "GWP": 0,
      "OGWP": 0
    },
    {
      "Rank": 36,
      "Player": "war85",
      "Points": 0,
      "Wins": 0,
      "Losses": 0,
      "Draws": 0,
      "OMWP": 0,
      "GWP": 0,
      "OGWP": 0
    },
    {
      "Rank": 35,
      "Player": "SoulKing54",
      "Points": 0,
      "Wins": 0,
      "Losses": 0,
      "Draws": 0,
      "OMWP": 0,
      "GWP": 0,
      "OGWP": 0
    },
    {
      "Rank": 34,
      "Player": "DejoyOfGaming",
      "Points": 0,
      "Wins": 0,
      "Losses": 0,
      "Draws": 0,
      "OMWP": 0,
      "GWP": 0,
      "OGWP": 0
    },
    {
      "Rank": 33,
      "Player": "Hampuse1",
      "Points": 0,
      "Wins": 0,
      "Losses": 0,
      "Draws": 0,
      "OMWP": 0,
      "GWP": 0,
      "OGWP": 0
    },
    {
      "Rank": 32,
      "Player": "CarlosElSalvador",
      "Points": 3,
      "Wins": 0,
      "Losses": 0,
      "Draws": 0,
      "OMWP": 0,
      "GWP": 0,
      "OGWP": 0
    },
    {
      "Rank": 31,
      "Player": "Teston",
      "Points": 3,
      "Wins": 0,
      "Losses": 0,
      "Draws": 0,
      "OMWP": 0,
      "GWP": 0,
      "OGWP": 0
    },
    {
      "Rank": 30,
      "Player": "Caders21",
      "Points": 3,
      "Wins": 0,
      "Losses": 0,
      "Draws": 0,
      "OMWP": 0,
      "GWP": 0,
      "OGWP": 0
    },
    {
      "Rank": 29,
      "Player": "marcofabrizi",
      "Points": 3,
      "Wins": 0,
      "Losses": 0,
      "Draws": 0,
      "OMWP": 0,
      "GWP": 0,
      "OGWP": 0
    },
    {
      "Rank": 28,
      "Player": "chumgod",
      "Points": 3,
      "Wins": 0,
      "Losses": 0,
      "Draws": 0,
      "OMWP": 0,
      "GWP": 0,
      "OGWP": 0
    },
    {
      "Rank": 27,
      "Player": "TheSandwichKing",
      "Points": 3,
      "Wins": 0,
      "Losses": 0,
      "Draws": 0,
      "OMWP": 0,
      "GWP": 0,
      "OGWP": 0
    },
    {
      "Rank": 26,
      "Player": "Avatar of Destiny.",
      "Points": 3,
      "Wins": 0,
      "Losses": 0,
      "Draws": 0,
      "OMWP": 0,
      "GWP": 0,
      "OGWP": 0
    },
    {
      "Rank": 25,
      "Player": "GUHAOYUN",
      "Points": 3,
      "Wins": 0,
      "Losses": 0,
      "Draws": 0,
      "OMWP": 0,
      "GWP": 0,
      "OGWP": 0
    },
    {
      "Rank": 24,
      "Player": "_and_one_",
      "Points": 3,
      "Wins": 0,
      "Losses": 0,
      "Draws": 0,
      "OMWP": 0,
      "GWP": 0,
      "OGWP": 0
    },
    {
      "Rank": 23,
      "Player": "Alrawn",
      "Points": 3,
      "Wins": 0,
      "Losses": 0,
      "Draws": 0,
      "OMWP": 0,
      "GWP": 0,
      "OGWP": 0
    },
    {
      "Rank": 22,
      "Player": "12azor",
      "Points": 3,
      "Wins": 0,
      "Losses": 0,
      "Draws": 0,
      "OMWP": 0,
      "GWP": 0,
      "OGWP": 0
    },
    {
      "Rank": 21,
      "Player": "HoldTheElle",
      "Points": 3,
      "Wins": 0,
      "Losses": 0,
      "Draws": 0,
      "OMWP": 0,
      "GWP": 0,
      "OGWP": 0
    },
    {
      "Rank": 20,
      "Player": "brokitas",
      "Points": 3,
      "Wins": 0,
      "Losses": 0,
      "Draws": 0,
      "OMWP": 0,
      "GWP": 0,
      "OGWP": 0
    },
    {
      "Rank": 19,
      "Player": "sammy0506",
      "Points": 3,
      "Wins": 0,
      "Losses": 0,
      "Draws": 0,
      "OMWP": 0,
      "GWP": 0,
      "OGWP": 0
    },
    {
      "Rank": 18,
      "Player": "WUBRGers",
      "Points": 3,
      "Wins": 0,
      "Losses": 0,
      "Draws": 0,
      "OMWP": 0,
      "GWP": 0,
      "OGWP": 0
    },
    {
      "Rank": 17,
      "Player": "liking4real",
      "Points": 3,
      "Wins": 0,
      "Losses": 0,
      "Draws": 0,
      "OMWP": 0,
      "GWP": 0,
      "OGWP": 0
    },
    {
      "Rank": 16,
      "Player": "Dhedjeshdi",
      "Points": 6,
      "Wins": 0,
      "Losses": 0,
      "Draws": 0,
      "OMWP": 0,
      "GWP": 0,
      "OGWP": 0
    },
    {
      "Rank": 15,
      "Player": "qbturtle15",
      "Points": 6,
      "Wins": 0,
      "Losses": 0,
      "Draws": 0,
      "OMWP": 0,
      "GWP": 0,
      "OGWP": 0
    },
    {
      "Rank": 14,
      "Player": "THE_RAKE",
      "Points": 6,
      "Wins": 0,
      "Losses": 0,
      "Draws": 0,
      "OMWP": 0,
      "GWP": 0,
      "OGWP": 0
    },
    {
      "Rank": 13,
      "Player": "MeatValue",
      "Points": 6,
      "Wins": 0,
      "Losses": 0,
      "Draws": 0,
      "OMWP": 0,
      "GWP": 0,
      "OGWP": 0
    },
    {
      "Rank": 12,
      "Player": "Fatter_CHOCOBO",
      "Points": 6,
      "Wins": 0,
      "Losses": 0,
      "Draws": 0,
      "OMWP": 0,
      "GWP": 0,
      "OGWP": 0
    },
    {
      "Rank": 11,
      "Player": "CaptainWacky2",
      "Points": 6,
      "Wins": 0,
      "Losses": 0,
      "Draws": 0,
      "OMWP": 0,
      "GWP": 0,
      "OGWP": 0
    },
    {
      "Rank": 10,
      "Player": "islands",
      "Points": 6,
      "Wins": 0,
      "Losses": 0,
      "Draws": 0,
      "OMWP": 0,
      "GWP": 0,
      "OGWP": 0
    },
    {
      "Rank": 9,
      "Player": "i_b_TRUE",
      "Points": 6,
      "Wins": 0,
      "Losses": 0,
      "Draws": 0,
      "OMWP": 0,
      "GWP": 0,
      "OGWP": 0
    },
    {
      "Rank": 8,
      "Player": "MJ_23",
      "Points": 9,
      "Wins": 0,
      "Losses": 0,
      "Draws": 0,
      "OMWP": 0,
      "GWP": 0,
      "OGWP": 0
    },
    {
      "Rank": 7,
      "Player": "LucaAshok",
      "Points": 9,
      "Wins": 0,
      "Losses": 0,
      "Draws": 0,
      "OMWP": 0,
      "GWP": 0,
      "OGWP": 0
    },
    {
      "Rank": 6,
      "Player": "LSMD",
      "Points": 9,
      "Wins": 0,
      "Losses": 0,
      "Draws": 0,
      "OMWP": 0,
      "GWP": 0,
      "OGWP": 0
    },
    {
      "Rank": 5,
      "Player": "Young_Shaman",
      "Points": 9,
      "Wins": 0,
      "Losses": 0,
      "Draws": 0,
      "OMWP": 0,
      "GWP": 0,
      "OGWP": 0
    },
    {
      "Rank": 4,
      "Player": "fabbebil",
      "Points": 12,
      "Wins": 0,
      "Losses": 0,
      "Draws": 0,
      "OMWP": 0,
      "GWP": 0,
      "OGWP": 0
    },
    {
      "Rank": 3,
      "Player": "Lollopollo2001",
      "Points": 12,
      "Wins": 0,
      "Losses": 0,
      "Draws": 0,
      "OMWP": 0,
      "GWP": 0,
      "OGWP": 0
    },
    {
      "Rank": 2,
      "Player": "LeVraiThibaud",
      "Points": 15,
      "Wins": 0,
      "Losses": 0,
      "Draws": 0,
      "OMWP": 0,
      "GWP": 0,
      "OGWP": 0
    },
    {
      "Rank": 1,
      "Player": "AndyGrey",
      "Points": 18,
      "Wins": 0,
      "Losses": 0,
      "Draws": 0,
      "OMWP": 0,
      "GWP": 0,
      "OGWP": 0
    }
  ]
}