{
  "Tournament": {
    "Id": 12801632,
    "Date": "2025-07-03T21:00:00",
    "Name": "Phantom Sealed Trial 24",
    "Uri": null,
    "JsonFile": null,
    "ForceRedownload": false
  },
  "Decks": null,
  "Rounds": [
    {
      "RoundName": "Round 1",
      "Matches": [
        {
          "Player1": "Honzick",
          "Player2": "Sarlanga",
          "Result": "0-2-0"
        },
        {
          "Player1": "sebastianpozzo",
          "Player2": "KadettiKersantti",
          "Result": "0-2-0"
        },
        {
          "Player1": "ConnorM426",
          "Player2": "SirIceCream",
          "Result": "2-0-0"
        },
        {
          "Player1": "Xfer",
          "Player2": "Monowog",
          "Result": "2-0-0"
        },
        {
          "Player1": "LucasG1ggs",
          "Player2": "HyPPeR",
          "Result": "0-2-0"
        },
        {
          "Player1": "Eken.",
          "Player2": "happypster",
          "Result": "2-0-0"
        },
        {
          "Player1": "pat0presidente",
          "Player2": "Jositoshekel",
          "Result": "0-0-0"
        },
        {
          "Player1": "lampalot",
          "Player2": "TheAdonis",
          "Result": "0-2-0"
        },
        {
          "Player1": "OQt",
          "Player2": "PlebCleb",
          "Result": "0-2-0"
        },
        {
          "Player1": "ejk",
          "Player2": "Dr4ken",
          "Result": "2-0-0"
        },
        {
          "Player1": "Liquid_Pi",
          "Player2": "416FrowningTable",
          "Result": "0-0-0"
        },
        {
          "Player1": "levunga21",
          "Player2": "juli0p",
          "Result": "0-0-0"
        },
        {
          "Player1": "bernardocssa",
          "Player2": "Moe12",
          "Result": "2-0-0"
        },
        {
          "Player1": "jev_",
          "Player2": "LukeBrandes",
          "Result": "0-2-0"
        }
      ]
    },
    {
      "RoundName": "Round 2",
      "Matches": [
        {
          "Player1": "LucasG1ggs",
          "Player2": "Dr4ken",
          "Result": "2-0-0"
        },
        {
          "Player1": "pat0presidente",
          "Player2": "bernardocssa",
          "Result": "2-0-0"
        },
        {
          "Player1": "Xfer",
          "Player2": "HyPPeR",
          "Result": "0-2-0"
        },
        {
          "Player1": "Sarlanga",
          "Player2": "KadettiKersantti",
          "Result": "2-0-0"
        },
        {
          "Player1": "levunga21",
          "Player2": "Monowog",
          "Result": "0-2-0"
        },
        {
          "Player1": "Honzick",
          "Player2": "Jositoshekel",
          "Result": "2-0-0"
        },
        {
          "Player1": "Liquid_Pi",
          "Player2": "OQt",
          "Result": "2-0-0"
        },
        {
          "Player1": "416FrowningTable",
          "Player2": "PlebCleb",
          "Result": "0-0-0"
        },
        {
          "Player1": "juli0p",
          "Player2": "LukeBrandes",
          "Result": "0-2-0"
        },
        {
          "Player1": "lampalot",
          "Player2": "SirIceCream",
          "Result": "2-0-0"
        },
        {
          "Player1": "happypster",
          "Player2": "Moe12",
          "Result": "0-2-0"
        },
        {
          "Player1": "TheAdonis",
          "Player2": "ConnorM426",
          "Result": "0-2-0"
        },
        {
          "Player1": "Eken.",
          "Player2": "ejk",
          "Result": "2-0-0"
        }
      ]
    },
    {
      "RoundName": "Round 3",
      "Matches": [
        {
          "Player1": "ejk",
          "Player2": "LucasG1ggs",
          "Result": "0-2-0"
        },
        {
          "Player1": "Xfer",
          "Player2": "ConnorM426",
          "Result": "2-0-0"
        },
        {
          "Player1": "Moe12",
          "Player2": "SirIceCream",
          "Result": "0-2-0"
        },
        {
          "Player1": "LukeBrandes",
          "Player2": "PlebCleb",
          "Result": "0-2-0"
        },
        {
          "Player1": "bernardocssa",
          "Player2": "Monowog",
          "Result": "0-2-0"
        },
        {
          "Player1": "Liquid_Pi",
          "Player2": "TheAdonis",
          "Result": "2-0-0"
        },
        {
          "Player1": "sebastianpozzo",
          "Player2": "416FrowningTable",
          "Result": "0-2-0"
        },
        {
          "Player1": "HyPPeR",
          "Player2": "Sarlanga",
          "Result": "2-0-0"
        },
        {
          "Player1": "juli0p",
          "Player2": "KadettiKersantti",
          "Result": "0-2-0"
        },
        {
          "Player1": "Eken.",
          "Player2": "pat0presidente",
          "Result": "2-0-0"
        },
        {
          "Player1": "levunga21",
          "Player2": "OQt",
          "Result": "2-0-0"
        },
        {
          "Player1": "lampalot",
          "Player2": "Honzick",
          "Result": "0-0-0"
        }
      ]
    },
    {
      "RoundName": "Round 4",
      "Matches": [
        {
          "Player1": "Eken.",
          "Player2": "Liquid_Pi",
          "Result": "0-2-0"
        },
        {
          "Player1": "ejk",
          "Player2": "Moe12",
          "Result": "1-2-0"
        },
        {
          "Player1": "sebastianpozzo",
          "Player2": "SirIceCream",
          "Result": "2-0-0"
        },
        {
          "Player1": "levunga21",
          "Player2": "TheAdonis",
          "Result": "0-2-0"
        },
        {
          "Player1": "Sarlanga",
          "Player2": "pat0presidente",
          "Result": "2-0-0"
        },
        {
          "Player1": "bernardocssa",
          "Player2": "Dr4ken",
          "Result": "2-0-0"
        },
        {
          "Player1": "ConnorM426",
          "Player2": "KadettiKersantti",
          "Result": "0-2-0"
        },
        {
          "Player1": "Monowog",
          "Player2": "LukeBrandes",
          "Result": "2-0-0"
        },
        {
          "Player1": "HyPPeR",
          "Player2": "PlebCleb",
          "Result": "2-0-0"
        },
        {
          "Player1": "LucasG1ggs",
          "Player2": "416FrowningTable",
          "Result": "0-2-0"
        },
        {
          "Player1": "Honzick",
          "Player2": "juli0p",
          "Result": "2-0-0"
        },
        {
          "Player1": "lampalot",
          "Player2": "Xfer",
          "Result": "2-0-0"
        }
      ]
    },
    {
      "RoundName": "Round 5",
      "Matches": [
        {
          "Player1": "LucasG1ggs",
          "Player2": "pat0presidente",
          "Result": "2-0-0"
        },
        {
          "Player1": "416FrowningTable",
          "Player2": "KadettiKersantti",
          "Result": "2-0-0"
        },
        {
          "Player1": "Liquid_Pi",
          "Player2": "Sarlanga",
          "Result": "2-0-0"
        },
        {
          "Player1": "lampalot",
          "Player2": "HyPPeR",
          "Result": "0-2-0"
        },
        {
          "Player1": "Xfer",
          "Player2": "TheAdonis",
          "Result": "0-2-0"
        },
        {
          "Player1": "Honzick",
          "Player2": "sebastianpozzo",
          "Result": "0-2-0"
        },
        {
          "Player1": "Eken.",
          "Player2": "bernardocssa",
          "Result": "0-2-0"
        },
        {
          "Player1": "Monowog",
          "Player2": "PlebCleb",
          "Result": "0-2-0"
        },
        {
          "Player1": "ConnorM426",
          "Player2": "LukeBrandes",
          "Result": "0-2-0"
        }
      ]
    }
  ],
  "Standings": [
    {
      "Rank": 28,
      "Player": "Jositoshekel",
      "Points": 0,
      "Wins": 0,
      "Losses": 0,
      "Draws": 0,
      "OMWP": 0.4,
      "GWP": 0.3333,
      "OGWP": 0.4226
    },
    {
      "Rank": 27,
      "Player": "happypster",
      "Points": 0,
      "Wins": 0,
      "Losses": 0,
      "Draws": 0,
      "OMWP": 0.6,
      "GWP": 0.3333,
      "OGWP": 0.47729999999999995
    },
    {
      "Rank": 26,
      "Player": "jev_",
      "Points": 0,
      "Wins": 0,
      "Losses": 0,
      "Draws": 0,
      "OMWP": 0.6,
      "GWP": 0.3333,
      "OGWP": 0.5832999999999999
    },
    {
      "Rank": 25,
      "Player": "OQt",
      "Points": 0,
      "Wins": 0,
      "Losses": 0,
      "Draws": 0,
      "OMWP": 0.6444,
      "GWP": 0.1429,
      "OGWP": 0.5642
    },
    {
      "Rank": 24,
      "Player": "levunga21",
      "Points": 3,
      "Wins": 0,
      "Losses": 0,
      "Draws": 0,
      "OMWP": 0.4667,
      "GWP": 0.4545,
      "OGWP": 0.4517
    },
    {
      "Rank": 23,
      "Player": "juli0p",
      "Points": 3,
      "Wins": 0,
      "Losses": 0,
      "Draws": 0,
      "OMWP": 0.4833,
      "GWP": 0.3636,
      "OGWP": 0.4916
    },
    {
      "Rank": 22,
      "Player": "Dr4ken",
      "Points": 3,
      "Wins": 0,
      "Losses": 0,
      "Draws": 0,
      "OMWP": 0.5111,
      "GWP": 0.4,
      "OGWP": 0.5107
    },
    {
      "Rank": 21,
      "Player": "ejk",
      "Points": 3,
      "Wins": 0,
      "Losses": 0,
      "Draws": 0,
      "OMWP": 0.5333,
      "GWP": 0.3,
      "OGWP": 0.4925
    },
    {
      "Rank": 20,
      "Player": "SirIceCream",
      "Points": 3,
      "Wins": 0,
      "Losses": 0,
      "Draws": 0,
      "OMWP": 0.55,
      "GWP": 0.25,
      "OGWP": 0.5
    },
    {
      "Rank": 19,
      "Player": "Honzick",
      "Points": 6,
      "Wins": 0,
      "Losses": 0,
      "Draws": 0,
      "OMWP": 0.49329999999999996,
      "GWP": 0.4286,
      "OGWP": 0.4818
    },
    {
      "Rank": 18,
      "Player": "ConnorM426",
      "Points": 6,
      "Wins": 0,
      "Losses": 0,
      "Draws": 0,
      "OMWP": 0.5067,
      "GWP": 0.4167,
      "OGWP": 0.5053
    },
    {
      "Rank": 17,
      "Player": "pat0presidente",
      "Points": 6,
      "Wins": 0,
      "Losses": 0,
      "Draws": 0,
      "OMWP": 0.5467,
      "GWP": 0.4167,
      "OGWP": 0.5231
    },
    {
      "Rank": 16,
      "Player": "Xfer",
      "Points": 6,
      "Wins": 0,
      "Losses": 0,
      "Draws": 0,
      "OMWP": 0.64,
      "GWP": 0.5385,
      "OGWP": 0.5758
    },
    {
      "Rank": 15,
      "Player": "Moe12",
      "Points": 9,
      "Wins": 0,
      "Losses": 0,
      "Draws": 0,
      "OMWP": 0.4,
      "GWP": 0.4545,
      "OGWP": 0.3958
    },
    {
      "Rank": 14,
      "Player": "Eken.",
      "Points": 9,
      "Wins": 0,
      "Losses": 0,
      "Draws": 0,
      "OMWP": 0.49329999999999996,
      "GWP": 0.5,
      "OGWP": 0.4667
    },
    {
      "Rank": 13,
      "Player": "LukeBrandes",
      "Points": 9,
      "Wins": 0,
      "Losses": 0,
      "Draws": 0,
      "OMWP": 0.49329999999999996,
      "GWP": 0.5832999999999999,
      "OGWP": 0.4447
    },
    {
      "Rank": 12,
      "Player": "TheAdonis",
      "Points": 9,
      "Wins": 0,
      "Losses": 0,
      "Draws": 0,
      "OMWP": 0.5067,
      "GWP": 0.5714,
      "OGWP": 0.5318999999999999
    },
    {
      "Rank": 11,
      "Player": "bernardocssa",
      "Points": 9,
      "Wins": 0,
      "Losses": 0,
      "Draws": 0,
      "OMWP": 0.5067,
      "GWP": 0.5832999999999999,
      "OGWP": 0.4619
    },
    {
      "Rank": 10,
      "Player": "sebastianpozzo",
      "Points": 9,
      "Wins": 0,
      "Losses": 0,
      "Draws": 0,
      "OMWP": 0.5333,
      "GWP": 0.5455,
      "OGWP": 0.4886
    },
    {
      "Rank": 9,
      "Player": "KadettiKersantti",
      "Points": 9,
      "Wins": 0,
      "Losses": 0,
      "Draws": 0,
      "OMWP": 0.5467,
      "GWP": 0.5,
      "OGWP": 0.5203
    },
    {
      "Rank": 8,
      "Player": "Monowog",
      "Points": 9,
      "Wins": 0,
      "Losses": 0,
      "Draws": 0,
      "OMWP": 0.5467,
      "GWP": 0.5385,
      "OGWP": 0.5462
    },
    {
      "Rank": 7,
      "Player": "lampalot",
      "Points": 9,
      "Wins": 0,
      "Losses": 0,
      "Draws": 0,
      "OMWP": 0.5467,
      "GWP": 0.5832999999999999,
      "OGWP": 0.5282
    },
    {
      "Rank": 6,
      "Player": "LucasG1ggs",
      "Points": 9,
      "Wins": 0,
      "Losses": 0,
      "Draws": 0,
      "OMWP": 0.5733,
      "GWP": 0.6154,
      "OGWP": 0.5223
    },
    {
      "Rank": 5,
      "Player": "Sarlanga",
      "Points": 9,
      "Wins": 0,
      "Losses": 0,
      "Draws": 0,
      "OMWP": 0.64,
      "GWP": 0.5832999999999999,
      "OGWP": 0.5562
    },
    {
      "Rank": 4,
      "Player": "Liquid_Pi",
      "Points": 12,
      "Wins": 0,
      "Losses": 0,
      "Draws": 0,
      "OMWP": 0.5867,
      "GWP": 0.6667000000000001,
      "OGWP": 0.5361
    },
    {
      "Rank": 3,
      "Player": "PlebCleb",
      "Points": 12,
      "Wins": 0,
      "Losses": 0,
      "Draws": 0,
      "OMWP": 0.6667000000000001,
      "GWP": 0.5714,
      "OGWP": 0.5832999999999999
    },
    {
      "Rank": 2,
      "Player": "416FrowningTable",
      "Points": 12,
      "Wins": 0,
      "Losses": 0,
      "Draws": 0,
      "OMWP": 0.68,
      "GWP": 0.6923,
      "OGWP": 0.5798
    },
    {
      "Rank": 1,
      "Player": "HyPPeR",
      "Points": 15,
      "Wins": 0,
      "Losses": 0,
      "Draws": 0,
      "OMWP": 0.6,
      "GWP": 0.7692,
      "OGWP": 0.5784
    }
  ]
}