{
  "Tournament": {
    "Id": 12801634,
    "Date": "2025-07-03T23:00:00",
    "Name": "Pioneer Challenge 32",
    "Uri": null,
    "JsonFile": null,
    "ForceRedownload": false
  },
  "Decks": null,
  "Rounds": [
    {
      "RoundName": "Round 1",
      "Matches": [
        {
          "Player1": "PedraStone",
          "Player2": "groot02",
          "Result": "0-2-0"
        },
        {
          "Player1": "Arianne",
          "Player2": "Hernan72",
          "Result": "2-0-0"
        },
        {
          "Player1": "albertoSD",
          "Player2": "gazmon48",
          "Result": "0-2-0"
        },
        {
          "Player1": "Illao1",
          "Player2": "alfonseelric",
          "Result": "2-0-0"
        },
        {
          "Player1": "O_danielakos",
          "Player2": "GzusReturned",
          "Result": "2-0-0"
        },
        {
          "Player1": "bid1992",
          "Player2": "wcl",
          "Result": "2-0-0"
        },
        {
          "Player1": "duduzin",
          "Player2": "Mathilde8",
          "Result": "2-0-0"
        },
        {
          "Player1": "moon11",
          "Player2": "SpockVidaLoka",
          "Result": "2-0-0"
        },
        {
          "Player1": "RUBAO_oDonoDoMundo",
          "Player2": "Beicodegeia",
          "Result": "0-2-0"
        },
        {
          "Player1": "HoldTheElle",
          "Player2": "hugofreitas1",
          "Result": "0-0-0"
        },
        {
          "Player1": "Bezerra_da_Silva",
          "Player2": "VicentStrange",
          "Result": "0-2-0"
        },
        {
          "Player1": "LucasG1ggs",
          "Player2": "deleon91",
          "Result": "0-2-0"
        },
        {
          "Player1": "Ale_Mtg",
          "Player2": "outZEROo",
          "Result": "2-0-0"
        },
        {
          "Player1": "LuffyDoChapeuDePalha",
          "Player2": "fazparte",
          "Result": "0-2-0"
        },
        {
          "Player1": "Boucha",
          "Player2": "CrazyMorango",
          "Result": "2-0-0"
        },
        {
          "Player1": "MJ_23",
          "Player2": "VitorCarvalho01",
          "Result": "0-2-0"
        },
        {
          "Player1": "musasabi",
          "Player2": "claudioh",
          "Result": "0-2-0"
        },
        {
          "Player1": "hermanomlg",
          "Player2": "Shulk",
          "Result": "2-0-0"
        },
        {
          "Player1": "Raydan",
          "Player2": "boom_bust",
          "Result": "0-2-0"
        },
        {
          "Player1": "InterludeShadow",
          "Player2": "Bawer",
          "Result": "0-2-0"
        },
        {
          "Player1": "kytk321",
          "Player2": "Danielpena397",
          "Result": "2-0-0"
        },
        {
          "Player1": "SuperCow12653",
          "Player2": "CMack_",
          "Result": "0-2-0"
        },
        {
          "Player1": "RezerDeDog",
          "Player2": "PNascimento",
          "Result": "0-0-0"
        },
        {
          "Player1": "qbeczkowo",
          "Player2": "Dark_Shine",
          "Result": "0-2-0"
        }
      ]
    },
    {
      "RoundName": "Round 2",
      "Matches": [
        {
          "Player1": "Arianne",
          "Player2": "boom_bust",
          "Result": "2-0-0"
        },
        {
          "Player1": "moon11",
          "Player2": "VicentStrange",
          "Result": "0-2-0"
        },
        {
          "Player1": "CrazyMorango",
          "Player2": "Shulk",
          "Result": "2-0-0"
        },
        {
          "Player1": "hermanomlg",
          "Player2": "Ale_Mtg",
          "Result": "0-2-0"
        },
        {
          "Player1": "outZEROo",
          "Player2": "PNascimento",
          "Result": "0-2-0"
        },
        {
          "Player1": "PedraStone",
          "Player2": "wcl",
          "Result": "0-2-0"
        },
        {
          "Player1": "InterludeShadow",
          "Player2": "GzusReturned",
          "Result": "2-0-0"
        },
        {
          "Player1": "LucasG1ggs",
          "Player2": "Hernan72",
          "Result": "0-2-0"
        },
        {
          "Player1": "O_danielakos",
          "Player2": "_Falcon_",
          "Result": "2-0-0"
        },
        {
          "Player1": "qbeczkowo",
          "Player2": "bid1992",
          "Result": "2-0-0"
        },
        {
          "Player1": "musasabi",
          "Player2": "SuperCow12653",
          "Result": "0-2-0"
        },
        {
          "Player1": "Beicodegeia",
          "Player2": "fazparte",
          "Result": "0-2-0"
        },
        {
          "Player1": "Boucha",
          "Player2": "groot02",
          "Result": "2-0-0"
        },
        {
          "Player1": "LuffyDoChapeuDePalha",
          "Player2": "SpockVidaLoka",
          "Result": "0-2-0"
        },
        {
          "Player1": "RezerDeDog",
          "Player2": "Illao1",
          "Result": "2-0-0"
        },
        {
          "Player1": "claudioh",
          "Player2": "Bawer",
          "Result": "2-0-0"
        },
        {
          "Player1": "Bezerra_da_Silva",
          "Player2": "alfonseelric",
          "Result": "2-0-0"
        },
        {
          "Player1": "HoldTheElle",
          "Player2": "Raydan",
          "Result": "0-2-0"
        },
        {
          "Player1": "gazmon48",
          "Player2": "Dark_Shine",
          "Result": "0-2-0"
        },
        {
          "Player1": "hugofreitas1",
          "Player2": "CMack_",
          "Result": "2-0-0"
        },
        {
          "Player1": "duduzin",
          "Player2": "VitorCarvalho01",
          "Result": "0-2-0"
        },
        {
          "Player1": "deleon91",
          "Player2": "kytk321",
          "Result": "2-0-0"
        },
        {
          "Player1": "MJ_23",
          "Player2": "Mathilde8",
          "Result": "0-2-0"
        },
        {
          "Player1": "Danielpena397",
          "Player2": "RUBAO_oDonoDoMundo",
          "Result": "0-2-0"
        }
      ]
    },
    {
      "RoundName": "Round 3",
      "Matches": [
        {
          "Player1": "musasabi",
          "Player2": "Danielpena397",
          "Result": "2-0-0"
        },
        {
          "Player1": "bid1992",
          "Player2": "Bawer",
          "Result": "2-0-0"
        },
        {
          "Player1": "claudioh",
          "Player2": "VitorCarvalho01",
          "Result": "0-2-0"
        },
        {
          "Player1": "kytk321",
          "Player2": "SpockVidaLoka",
          "Result": "0-2-0"
        },
        {
          "Player1": "gazmon48",
          "Player2": "groot02",
          "Result": "0-0-0"
        },
        {
          "Player1": "InterludeShadow",
          "Player2": "boom_bust",
          "Result": "0-2-0"
        },
        {
          "Player1": "CMack_",
          "Player2": "duduzin",
          "Result": "2-0-0"
        },
        {
          "Player1": "SuperCow12653",
          "Player2": "Illao1",
          "Result": "0-2-0"
        },
        {
          "Player1": "Ale_Mtg",
          "Player2": "fazparte",
          "Result": "2-0-0"
        },
        {
          "Player1": "LuffyDoChapeuDePalha",
          "Player2": "LucasG1ggs",
          "Result": "0-2-0"
        },
        {
          "Player1": "Arianne",
          "Player2": "hugofreitas1",
          "Result": "2-0-0"
        },
        {
          "Player1": "hermanomlg",
          "Player2": "Mathilde8",
          "Result": "0-2-0"
        },
        {
          "Player1": "Boucha",
          "Player2": "VicentStrange",
          "Result": "0-2-0"
        },
        {
          "Player1": "alfonseelric",
          "Player2": "Shulk",
          "Result": "0-2-0"
        },
        {
          "Player1": "deleon91",
          "Player2": "Dark_Shine",
          "Result": "0-2-0"
        },
        {
          "Player1": "Raydan",
          "Player2": "outZEROo",
          "Result": "2-0-0"
        },
        {
          "Player1": "moon11",
          "Player2": "CrazyMorango",
          "Result": "2-0-0"
        },
        {
          "Player1": "O_danielakos",
          "Player2": "RezerDeDog",
          "Result": "2-0-0"
        },
        {
          "Player1": "RUBAO_oDonoDoMundo",
          "Player2": "PNascimento",
          "Result": "0-2-0"
        },
        {
          "Player1": "qbeczkowo",
          "Player2": "Bezerra_da_Silva",
          "Result": "2-0-0"
        },
        {
          "Player1": "PedraStone",
          "Player2": "GzusReturned",
          "Result": "2-0-0"
        },
        {
          "Player1": "_Falcon_",
          "Player2": "wcl",
          "Result": "2-0-0"
        },
        {
          "Player1": "Hernan72",
          "Player2": "Beicodegeia",
          "Result": "2-0-0"
        }
      ]
    },
    {
      "RoundName": "Round 4",
      "Matches": [
        {
          "Player1": "LuffyDoChapeuDePalha",
          "Player2": "alfonseelric",
          "Result": "0-2-0"
        },
        {
          "Player1": "hugofreitas1",
          "Player2": "_Falcon_",
          "Result": "0-0-0"
        },
        {
          "Player1": "Arianne",
          "Player2": "Dark_Shine",
          "Result": "0-0-0"
        },
        {
          "Player1": "Hernan72",
          "Player2": "kytk321",
          "Result": "0-2-0"
        },
        {
          "Player1": "Raydan",
          "Player2": "bid1992",
          "Result": "0-2-0"
        },
        {
          "Player1": "Bezerra_da_Silva",
          "Player2": "Shulk",
          "Result": "0-0-0"
        },
        {
          "Player1": "SpockVidaLoka",
          "Player2": "PNascimento",
          "Result": "0-2-0"
        },
        {
          "Player1": "gazmon48",
          "Player2": "qbeczkowo",
          "Result": "2-0-0"
        },
        {
          "Player1": "duduzin",
          "Player2": "RUBAO_oDonoDoMundo",
          "Result": "0-0-0"
        },
        {
          "Player1": "Ale_Mtg",
          "Player2": "VicentStrange",
          "Result": "2-0-0"
        },
        {
          "Player1": "Beicodegeia",
          "Player2": "wcl",
          "Result": "0-2-0"
        },
        {
          "Player1": "LucasG1ggs",
          "Player2": "SuperCow12653",
          "Result": "0-2-0"
        },
        {
          "Player1": "VitorCarvalho01",
          "Player2": "O_danielakos",
          "Result": "0-2-0"
        },
        {
          "Player1": "hermanomlg",
          "Player2": "GzusReturned",
          "Result": "2-0-0"
        },
        {
          "Player1": "fazparte",
          "Player2": "Illao1",
          "Result": "0-2-0"
        },
        {
          "Player1": "boom_bust",
          "Player2": "Mathilde8",
          "Result": "0-2-0"
        },
        {
          "Player1": "PedraStone",
          "Player2": "Bawer",
          "Result": "0-0-0"
        },
        {
          "Player1": "moon11",
          "Player2": "claudioh",
          "Result": "0-0-0"
        },
        {
          "Player1": "CMack_",
          "Player2": "RezerDeDog",
          "Result": "2-0-0"
        },
        {
          "Player1": "musasabi",
          "Player2": "groot02",
          "Result": "0-2-0"
        },
        {
          "Player1": "Boucha",
          "Player2": "deleon91",
          "Result": "0-2-0"
        }
      ]
    },
    {
      "RoundName": "Round 5",
      "Matches": [
        {
          "Player1": "PedraStone",
          "Player2": "RezerDeDog",
          "Result": "2-0-0"
        },
        {
          "Player1": "bid1992",
          "Player2": "RUBAO_oDonoDoMundo",
          "Result": "2-0-0"
        },
        {
          "Player1": "deleon91",
          "Player2": "Mathilde8",
          "Result": "0-2-0"
        },
        {
          "Player1": "Beicodegeia",
          "Player2": "duduzin",
          "Result": "2-0-0"
        },
        {
          "Player1": "hugofreitas1",
          "Player2": "Illao1",
          "Result": "2-0-0"
        },
        {
          "Player1": "Boucha",
          "Player2": "Hernan72",
          "Result": "2-0-0"
        },
        {
          "Player1": "PNascimento",
          "Player2": "Arianne",
          "Result": "0-2-0"
        },
        {
          "Player1": "hermanomlg",
          "Player2": "groot02",
          "Result": "2-0-0"
        },
        {
          "Player1": "musasabi",
          "Player2": "Bezerra_da_Silva",
          "Result": "2-0-0"
        },
        {
          "Player1": "claudioh",
          "Player2": "CMack_",
          "Result": "0-2-0"
        },
        {
          "Player1": "gazmon48",
          "Player2": "VitorCarvalho01",
          "Result": "0-2-0"
        },
        {
          "Player1": "Ale_Mtg",
          "Player2": "Dark_Shine",
          "Result": "2-0-0"
        },
        {
          "Player1": "Raydan",
          "Player2": "SuperCow12653",
          "Result": "2-0-0"
        },
        {
          "Player1": "GzusReturned",
          "Player2": "Bawer",
          "Result": "0-2-0"
        },
        {
          "Player1": "kytk321",
          "Player2": "wcl",
          "Result": "2-0-0"
        },
        {
          "Player1": "O_danielakos",
          "Player2": "VicentStrange",
          "Result": "0-2-0"
        },
        {
          "Player1": "moon11",
          "Player2": "Shulk",
          "Result": "0-2-0"
        },
        {
          "Player1": "LucasG1ggs",
          "Player2": "alfonseelric",
          "Result": "2-0-0"
        },
        {
          "Player1": "SpockVidaLoka",
          "Player2": "_Falcon_",
          "Result": "0-2-0"
        },
        {
          "Player1": "boom_bust",
          "Player2": "fazparte",
          "Result": "0-2-0"
        }
      ]
    },
    {
      "RoundName": "Round 6",
      "Matches": [
        {
          "Player1": "moon11",
          "Player2": "RezerDeDog",
          "Result": "2-0-0"
        },
        {
          "Player1": "LucasG1ggs",
          "Player2": "wcl",
          "Result": "0-2-0"
        },
        {
          "Player1": "CMack_",
          "Player2": "VicentStrange",
          "Result": "0-2-0"
        },
        {
          "Player1": "hermanomlg",
          "Player2": "Illao1",
          "Result": "2-0-0"
        },
        {
          "Player1": "musasabi",
          "Player2": "RUBAO_oDonoDoMundo",
          "Result": "0-2-0"
        },
        {
          "Player1": "kytk321",
          "Player2": "fazparte",
          "Result": "2-0-0"
        },
        {
          "Player1": "hugofreitas1",
          "Player2": "bid1992",
          "Result": "2-0-0"
        },
        {
          "Player1": "Arianne",
          "Player2": "O_danielakos",
          "Result": "0-2-0"
        },
        {
          "Player1": "Raydan",
          "Player2": "Hernan72",
          "Result": "2-0-0"
        },
        {
          "Player1": "Ale_Mtg",
          "Player2": "Mathilde8",
          "Result": "0-0-0"
        },
        {
          "Player1": "deleon91",
          "Player2": "PNascimento",
          "Result": "2-0-0"
        },
        {
          "Player1": "Beicodegeia",
          "Player2": "LuffyDoChapeuDePalha",
          "Result": "2-0-0"
        },
        {
          "Player1": "duduzin",
          "Player2": "alfonseelric",
          "Result": "0-2-0"
        },
        {
          "Player1": "VitorCarvalho01",
          "Player2": "Dark_Shine",
          "Result": "2-0-0"
        },
        {
          "Player1": "gazmon48",
          "Player2": "_Falcon_",
          "Result": "0-0-0"
        },
        {
          "Player1": "SuperCow12653",
          "Player2": "SpockVidaLoka",
          "Result": "0-2-0"
        },
        {
          "Player1": "boom_bust",
          "Player2": "Bawer",
          "Result": "0-2-0"
        },
        {
          "Player1": "claudioh",
          "Player2": "Shulk",
          "Result": "2-0-0"
        },
        {
          "Player1": "Boucha",
          "Player2": "PedraStone",
          "Result": "0-2-0"
        }
      ]
    },
    {
      "RoundName": "Round 7",
      "Matches": [
        {
          "Player1": "hugofreitas1",
          "Player2": "VitorCarvalho01",
          "Result": "0-2-0"
        },
        {
          "Player1": "deleon91",
          "Player2": "Ale_Mtg",
          "Result": "0-2-0"
        },
        {
          "Player1": "VicentStrange",
          "Player2": "Dark_Shine",
          "Result": "2-0-0"
        },
        {
          "Player1": "O_danielakos",
          "Player2": "Mathilde8",
          "Result": "2-0-0"
        }
      ]
    },
    {
      "RoundName": "Round 8",
      "Matches": [
        {
          "Player1": "O_danielakos",
          "Player2": "VicentStrange",
          "Result": "2-0-0"
        },
        {
          "Player1": "Ale_Mtg",
          "Player2": "VitorCarvalho01",
          "Result": "2-0-0"
        }
      ]
    },
    {
      "RoundName": "Round 9",
      "Matches": [
        {
          "Player1": "O_danielakos",
          "Player2": "Ale_Mtg",
          "Result": "0-2-0"
        }
      ]
    }
  ],
  "Standings": [
    {
      "Rank": 49,
      "Player": "Danielpena397",
      "Points": 0,
      "Wins": 0,
      "Losses": 0,
      "Draws": 0,
      "OMWP": 0.5,
      "GWP": 0.25,
      "OGWP": 0.498
    },
    {
      "Rank": 48,
      "Player": "albertoSD",
      "Points": 0,
      "Wins": 0,
      "Losses": 0,
      "Draws": 0,
      "OMWP": 0.6667000000000001,
      "GWP": 0,
      "OGWP": 0.6154
    },
    {
      "Rank": 47,
      "Player": "outZEROo",
      "Points": 0,
      "Wins": 0,
      "Losses": 0,
      "Draws": 0,
      "OMWP": 0.6667000000000001,
      "GWP": 0.1429,
      "OGWP": 0.5992999999999999
    },
    {
      "Rank": 46,
      "Player": "HoldTheElle",
      "Points": 0,
      "Wins": 0,
      "Losses": 0,
      "Draws": 0,
      "OMWP": 0.75,
      "GWP": 0.2,
      "OGWP": 0.6846
    },
    {
      "Rank": 45,
      "Player": "MJ_23",
      "Points": 0,
      "Wins": 0,
      "Losses": 0,
      "Draws": 0,
      "OMWP": 0.8332999999999999,
      "GWP": 0,
      "OGWP": 0.75
    },
    {
      "Rank": 44,
      "Player": "InterludeShadow",
      "Points": 3,
      "Wins": 0,
      "Losses": 0,
      "Draws": 0,
      "OMWP": 0.3889,
      "GWP": 0.375,
      "OGWP": 0.4125
    },
    {
      "Rank": 43,
      "Player": "LuffyDoChapeuDePalha",
      "Points": 3,
      "Wins": 0,
      "Losses": 0,
      "Draws": 0,
      "OMWP": 0.43329999999999996,
      "GWP": 0.2857,
      "OGWP": 0.4765
    },
    {
      "Rank": 42,
      "Player": "Bezerra_da_Silva",
      "Points": 3,
      "Wins": 0,
      "Losses": 0,
      "Draws": 0,
      "OMWP": 0.5,
      "GWP": 0.25,
      "OGWP": 0.4925
    },
    {
      "Rank": 41,
      "Player": "CrazyMorango",
      "Points": 3,
      "Wins": 0,
      "Losses": 0,
      "Draws": 0,
      "OMWP": 0.5,
      "GWP": 0.3333,
      "OGWP": 0.5097999999999999
    },
    {
      "Rank": 40,
      "Player": "GzusReturned",
      "Points": 3,
      "Wins": 0,
      "Losses": 0,
      "Draws": 0,
      "OMWP": 0.6,
      "GWP": 0.23079999999999998,
      "OGWP": 0.5972999999999999
    },
    {
      "Rank": 39,
      "Player": "duduzin",
      "Points": 3,
      "Wins": 0,
      "Losses": 0,
      "Draws": 0,
      "OMWP": 0.6111,
      "GWP": 0.23079999999999998,
      "OGWP": 0.596
    },
    {
      "Rank": 38,
      "Player": "alfonseelric",
      "Points": 6,
      "Wins": 0,
      "Losses": 0,
      "Draws": 0,
      "OMWP": 0.3889,
      "GWP": 0.4375,
      "OGWP": 0.3901
    },
    {
      "Rank": 37,
      "Player": "LucasG1ggs",
      "Points": 6,
      "Wins": 0,
      "Losses": 0,
      "Draws": 0,
      "OMWP": 0.4167,
      "GWP": 0.4118,
      "OGWP": 0.4486
    },
    {
      "Rank": 36,
      "Player": "musasabi",
      "Points": 6,
      "Wins": 0,
      "Losses": 0,
      "Draws": 0,
      "OMWP": 0.4278,
      "GWP": 0.4,
      "OGWP": 0.41840000000000005
    },
    {
      "Rank": 35,
      "Player": "SuperCow12653",
      "Points": 6,
      "Wins": 0,
      "Losses": 0,
      "Draws": 0,
      "OMWP": 0.5,
      "GWP": 0.2857,
      "OGWP": 0.49560000000000004
    },
    {
      "Rank": 34,
      "Player": "Hernan72",
      "Points": 6,
      "Wins": 0,
      "Losses": 0,
      "Draws": 0,
      "OMWP": 0.5556,
      "GWP": 0.44439999999999996,
      "OGWP": 0.5279
    },
    {
      "Rank": 33,
      "Player": "groot02",
      "Points": 6,
      "Wins": 0,
      "Losses": 0,
      "Draws": 0,
      "OMWP": 0.5667,
      "GWP": 0.4167,
      "OGWP": 0.5749
    },
    {
      "Rank": 32,
      "Player": "boom_bust",
      "Points": 6,
      "Wins": 0,
      "Losses": 0,
      "Draws": 0,
      "OMWP": 0.5832999999999999,
      "GWP": 0.4375,
      "OGWP": 0.5427000000000001
    },
    {
      "Rank": 31,
      "Player": "qbeczkowo",
      "Points": 6,
      "Wins": 0,
      "Losses": 0,
      "Draws": 0,
      "OMWP": 0.5832999999999999,
      "GWP": 0.5,
      "OGWP": 0.5317000000000001
    },
    {
      "Rank": 30,
      "Player": "RezerDeDog",
      "Points": 6,
      "Wins": 0,
      "Losses": 0,
      "Draws": 0,
      "OMWP": 0.6111,
      "GWP": 0.4667,
      "OGWP": 0.5732
    },
    {
      "Rank": 29,
      "Player": "Beicodegeia",
      "Points": 9,
      "Wins": 0,
      "Losses": 0,
      "Draws": 0,
      "OMWP": 0.4167,
      "GWP": 0.5,
      "OGWP": 0.4416
    },
    {
      "Rank": 28,
      "Player": "RUBAO_oDonoDoMundo",
      "Points": 9,
      "Wins": 0,
      "Losses": 0,
      "Draws": 0,
      "OMWP": 0.44439999999999996,
      "GWP": 0.5385,
      "OGWP": 0.4351
    },
    {
      "Rank": 27,
      "Player": "Shulk",
      "Points": 9,
      "Wins": 0,
      "Losses": 0,
      "Draws": 0,
      "OMWP": 0.4722,
      "GWP": 0.5,
      "OGWP": 0.4802
    },
    {
      "Rank": 26,
      "Player": "SpockVidaLoka",
      "Points": 9,
      "Wins": 0,
      "Losses": 0,
      "Draws": 0,
      "OMWP": 0.4722,
      "GWP": 0.5333,
      "OGWP": 0.4403
    },
    {
      "Rank": 25,
      "Player": "PNascimento",
      "Points": 9,
      "Wins": 0,
      "Losses": 0,
      "Draws": 0,
      "OMWP": 0.5,
      "GWP": 0.4286,
      "OGWP": 0.5191
    },
    {
      "Rank": 24,
      "Player": "Illao1",
      "Points": 9,
      "Wins": 0,
      "Losses": 0,
      "Draws": 0,
      "OMWP": 0.5,
      "GWP": 0.4286,
      "OGWP": 0.5332
    },
    {
      "Rank": 23,
      "Player": "Bawer",
      "Points": 9,
      "Wins": 0,
      "Losses": 0,
      "Draws": 0,
      "OMWP": 0.5,
      "GWP": 0.4667,
      "OGWP": 0.4972
    },
    {
      "Rank": 22,
      "Player": "fazparte",
      "Points": 9,
      "Wins": 0,
      "Losses": 0,
      "Draws": 0,
      "OMWP": 0.5278,
      "GWP": 0.5,
      "OGWP": 0.504
    },
    {
      "Rank": 21,
      "Player": "moon11",
      "Points": 9,
      "Wins": 0,
      "Losses": 0,
      "Draws": 0,
      "OMWP": 0.5278,
      "GWP": 0.5294,
      "OGWP": 0.5023
    },
    {
      "Rank": 20,
      "Player": "Boucha",
      "Points": 9,
      "Wins": 0,
      "Losses": 0,
      "Draws": 0,
      "OMWP": 0.5389,
      "GWP": 0.5,
      "OGWP": 0.5215
    },
    {
      "Rank": 19,
      "Player": "wcl",
      "Points": 9,
      "Wins": 0,
      "Losses": 0,
      "Draws": 0,
      "OMWP": 0.5556,
      "GWP": 0.5,
      "OGWP": 0.5352
    },
    {
      "Rank": 18,
      "Player": "_Falcon_",
      "Points": 9,
      "Wins": 0,
      "Losses": 0,
      "Draws": 0,
      "OMWP": 0.6667000000000001,
      "GWP": 0.46149999999999997,
      "OGWP": 0.6406999999999999
    },
    {
      "Rank": 17,
      "Player": "Raydan",
      "Points": 12,
      "Wins": 0,
      "Losses": 0,
      "Draws": 0,
      "OMWP": 0.3889,
      "GWP": 0.6,
      "OGWP": 0.41619999999999996
    },
    {
      "Rank": 16,
      "Player": "PedraStone",
      "Points": 12,
      "Wins": 0,
      "Losses": 0,
      "Draws": 0,
      "OMWP": 0.4278,
      "GWP": 0.6667000000000001,
      "OGWP": 0.4472
    },
    {
      "Rank": 15,
      "Player": "kytk321",
      "Points": 12,
      "Wins": 0,
      "Losses": 0,
      "Draws": 0,
      "OMWP": 0.4722,
      "GWP": 0.5556,
      "OGWP": 0.49229999999999996
    },
    {
      "Rank": 14,
      "Player": "gazmon48",
      "Points": 12,
      "Wins": 0,
      "Losses": 0,
      "Draws": 0,
      "OMWP": 0.5389,
      "GWP": 0.6154,
      "OGWP": 0.51
    },
    {
      "Rank": 13,
      "Player": "claudioh",
      "Points": 12,
      "Wins": 0,
      "Losses": 0,
      "Draws": 0,
      "OMWP": 0.5556,
      "GWP": 0.5556,
      "OGWP": 0.547
    },
    {
      "Rank": 12,
      "Player": "CMack_",
      "Points": 12,
      "Wins": 0,
      "Losses": 0,
      "Draws": 0,
      "OMWP": 0.5556,
      "GWP": 0.6,
      "OGWP": 0.5139
    },
    {
      "Rank": 11,
      "Player": "hermanomlg",
      "Points": 12,
      "Wins": 0,
      "Losses": 0,
      "Draws": 0,
      "OMWP": 0.5667,
      "GWP": 0.6923,
      "OGWP": 0.527
    },
    {
      "Rank": 10,
      "Player": "Arianne",
      "Points": 12,
      "Wins": 0,
      "Losses": 0,
      "Draws": 0,
      "OMWP": 0.5832999999999999,
      "GWP": 0.6,
      "OGWP": 0.5713
    },
    {
      "Rank": 9,
      "Player": "bid1992",
      "Points": 12,
      "Wins": 0,
      "Losses": 0,
      "Draws": 0,
      "OMWP": 0.5832999999999999,
      "GWP": 0.6154,
      "OGWP": 0.5624
    },
    {
      "Rank": 8,
      "Player": "deleon91",
      "Points": 12,
      "Wins": 0,
      "Losses": 0,
      "Draws": 0,
      "OMWP": 0.5832999999999999,
      "GWP": 0.6429,
      "OGWP": 0.5288
    },
    {
      "Rank": 7,
      "Player": "Dark_Shine",
      "Points": 12,
      "Wins": 0,
      "Losses": 0,
      "Draws": 0,
      "OMWP": 0.6944,
      "GWP": 0.5625,
      "OGWP": 0.6522
    },
    {
      "Rank": 6,
      "Player": "Mathilde8",
      "Points": 15,
      "Wins": 0,
      "Losses": 0,
      "Draws": 0,
      "OMWP": 0.5278,
      "GWP": 0.7143,
      "OGWP": 0.5347999999999999
    },
    {
      "Rank": 5,
      "Player": "hugofreitas1",
      "Points": 15,
      "Wins": 0,
      "Losses": 0,
      "Draws": 0,
      "OMWP": 0.5556,
      "GWP": 0.7692,
      "OGWP": 0.5065
    },
    {
      "Rank": 4,
      "Player": "VitorCarvalho01",
      "Points": 18,
      "Wins": 0,
      "Losses": 0,
      "Draws": 0,
      "OMWP": 0.5832999999999999,
      "GWP": 0.7857,
      "OGWP": 0.531
    },
    {
      "Rank": 3,
      "Player": "VicentStrange",
      "Points": 18,
      "Wins": 0,
      "Losses": 0,
      "Draws": 0,
      "OMWP": 0.6111,
      "GWP": 0.625,
      "OGWP": 0.5863
    },
    {
      "Rank": 2,
      "Player": "O_danielakos",
      "Points": 21,
      "Wins": 0,
      "Losses": 0,
      "Draws": 0,
      "OMWP": 0.5832999999999999,
      "GWP": 0.7857,
      "OGWP": 0.5454
    },
    {
      "Rank": 1,
      "Player": "Ale_Mtg",
      "Points": 24,
      "Wins": 0,
      "Losses": 0,
      "Draws": 0,
      "OMWP": 0.6389,
      "GWP": 0.7692,
      "OGWP": 0.5711999999999999
    }
  ]
}