{
  "Tournament": {
    "Id": 12803720,
    "Date": "2025-07-21T17:00:00",
    "Name": "Duel Commander Trial 16",
    "Uri": null,
    "JsonFile": null,
    "ForceRedownload": false
  },
  "Decks": null,
  "Rounds": [
    {
      "RoundName": "Round 1",
      "Matches": [
        {
          "Player1": "renatoaraujo",
          "Player2": "bernardocssa",
          "Result": "0-2-0"
        },
        {
          "Player1": "rinazina",
          "Player2": "Adam-Bazika",
          "Result": "0-2-0"
        },
        {
          "Player1": "taku123",
          "Player2": "pirol94",
          "Result": "0-0-0"
        },
        {
          "Player1": "Selfeisek",
          "Player2": "Oror",
          "Result": "2-0-0"
        },
        {
          "Player1": "Jose Guillermo",
          "Player2": "Marmotte_Lambda",
          "Result": "0-2-0"
        },
        {
          "Player1": "kasa",
          "Player2": "GuiBonella",
          "Result": "0-0-0"
        },
        {
          "Player1": "yriel",
          "Player2": "boytriton",
          "Result": "0-2-0"
        },
        {
          "Player1": "damienade",
          "Player2": "Cutlery_",
          "Result": "2-0-0"
        },
        {
          "Player1": "medvedev",
          "Player2": "PieGonti",
          "Result": "2-0-0"
        },
        {
          "Player1": "Beicodegeia",
          "Player2": "Neptune17",
          "Result": "2-0-0"
        },
        {
          "Player1": "BERNASTORRES",
          "Player2": "Gatss",
          "Result": "2-0-0"
        },
        {
          "Player1": "JapaneseFisherman",
          "Player2": "Gonito",
          "Result": "0-2-0"
        },
        {
          "Player1": "albertoSD",
          "Player2": "pickled6",
          "Result": "0-2-0"
        }
      ]
    },
    {
      "RoundName": "Round 2",
      "Matches": [
        {
          "Player1": "Gonito",
          "Player2": "boytriton",
          "Result": "2-0-0"
        },
        {
          "Player1": "rinazina",
          "Player2": "Neptune17",
          "Result": "0-2-0"
        },
        {
          "Player1": "taku123",
          "Player2": "damienade",
          "Result": "0-2-0"
        },
        {
          "Player1": "pirol94",
          "Player2": "Gatss",
          "Result": "2-0-0"
        },
        {
          "Player1": "PieGonti",
          "Player2": "GuiBonella",
          "Result": "2-0-0"
        },
        {
          "Player1": "yriel",
          "Player2": "Oror",
          "Result": "0-0-0"
        },
        {
          "Player1": "bernardocssa",
          "Player2": "Marmotte_Lambda",
          "Result": "2-0-0"
        },
        {
          "Player1": "BERNASTORRES",
          "Player2": "Adam-Bazika",
          "Result": "0-2-0"
        },
        {
          "Player1": "Jose Guillermo",
          "Player2": "renatoaraujo",
          "Result": "2-0-0"
        },
        {
          "Player1": "medvedev",
          "Player2": "kasa",
          "Result": "0-2-0"
        },
        {
          "Player1": "Selfeisek",
          "Player2": "pickled6",
          "Result": "0-2-0"
        },
        {
          "Player1": "JapaneseFisherman",
          "Player2": "Cutlery_",
          "Result": "2-0-0"
        },
        {
          "Player1": "Beicodegeia",
          "Player2": "FaMecHiMiCa",
          "Result": "2-0-0"
        }
      ]
    },
    {
      "RoundName": "Round 3",
      "Matches": [
        {
          "Player1": "Beicodegeia",
          "Player2": "damienade",
          "Result": "2-0-0"
        },
        {
          "Player1": "Jose Guillermo",
          "Player2": "Oror",
          "Result": "2-0-0"
        },
        {
          "Player1": "pickled6",
          "Player2": "Adam-Bazika",
          "Result": "0-2-0"
        },
        {
          "Player1": "PieGonti",
          "Player2": "boytriton",
          "Result": "0-2-0"
        },
        {
          "Player1": "renatoaraujo",
          "Player2": "Cutlery_",
          "Result": "0-2-0"
        },
        {
          "Player1": "medvedev",
          "Player2": "taku123",
          "Result": "2-0-0"
        },
        {
          "Player1": "pirol94",
          "Player2": "FaMecHiMiCa",
          "Result": "0-2-0"
        },
        {
          "Player1": "Selfeisek",
          "Player2": "Marmotte_Lambda",
          "Result": "0-2-0"
        },
        {
          "Player1": "Gonito",
          "Player2": "Neptune17",
          "Result": "2-0-0"
        },
        {
          "Player1": "JapaneseFisherman",
          "Player2": "BERNASTORRES",
          "Result": "0-2-0"
        },
        {
          "Player1": "bernardocssa",
          "Player2": "kasa",
          "Result": "2-0-0"
        }
      ]
    },
    {
      "RoundName": "Round 4",
      "Matches": [
        {
          "Player1": "bernardocssa",
          "Player2": "Beicodegeia",
          "Result": "0-2-0"
        },
        {
          "Player1": "damienade",
          "Player2": "pickled6",
          "Result": "2-0-0"
        },
        {
          "Player1": "Gonito",
          "Player2": "Adam-Bazika",
          "Result": "0-0-0"
        },
        {
          "Player1": "kasa",
          "Player2": "FaMecHiMiCa",
          "Result": "0-2-0"
        },
        {
          "Player1": "Jose Guillermo",
          "Player2": "JapaneseFisherman",
          "Result": "0-2-0"
        },
        {
          "Player1": "Neptune17",
          "Player2": "Oror",
          "Result": "0-2-0"
        },
        {
          "Player1": "boytriton",
          "Player2": "Marmotte_Lambda",
          "Result": "0-2-0"
        },
        {
          "Player1": "taku123",
          "Player2": "Cutlery_",
          "Result": "0-2-0"
        },
        {
          "Player1": "medvedev",
          "Player2": "BERNASTORRES",
          "Result": "0-2-0"
        },
        {
          "Player1": "Selfeisek",
          "Player2": "PieGonti",
          "Result": "0-2-0"
        }
      ]
    },
    {
      "RoundName": "Round 5",
      "Matches": [
        {
          "Player1": "bernardocssa",
          "Player2": "Adam-Bazika",
          "Result": "2-0-0"
        },
        {
          "Player1": "PieGonti",
          "Player2": "Cutlery_",
          "Result": "0-2-0"
        },
        {
          "Player1": "Jose Guillermo",
          "Player2": "boytriton",
          "Result": "0-2-0"
        },
        {
          "Player1": "pickled6",
          "Player2": "Oror",
          "Result": "2-0-0"
        },
        {
          "Player1": "JapaneseFisherman",
          "Player2": "kasa",
          "Result": "2-0-0"
        },
        {
          "Player1": "BERNASTORRES",
          "Player2": "damienade",
          "Result": "2-0-0"
        },
        {
          "Player1": "FaMecHiMiCa",
          "Player2": "Marmotte_Lambda",
          "Result": "2-0-0"
        },
        {
          "Player1": "Beicodegeia",
          "Player2": "Gonito",
          "Result": "0-0-0"
        },
        {
          "Player1": "taku123",
          "Player2": "Selfeisek",
          "Result": "2-0-0"
        },
        {
          "Player1": "medvedev",
          "Player2": "Neptune17",
          "Result": "2-0-0"
        }
      ]
    },
    {
      "RoundName": "Round 6",
      "Matches": [
        {
          "Player1": "Gonito",
          "Player2": "Adam-Bazika",
          "Result": "2-0-0"
        },
        {
          "Player1": "JapaneseFisherman",
          "Player2": "Beicodegeia",
          "Result": "2-0-0"
        },
        {
          "Player1": "BERNASTORRES",
          "Player2": "FaMecHiMiCa",
          "Result": "0-2-0"
        },
        {
          "Player1": "bernardocssa",
          "Player2": "damienade",
          "Result": "2-0-0"
        }
      ]
    },
    {
      "RoundName": "Round 7",
      "Matches": [
        {
          "Player1": "JapaneseFisherman",
          "Player2": "FaMecHiMiCa",
          "Result": "0-2-0"
        },
        {
          "Player1": "bernardocssa",
          "Player2": "Gonito",
          "Result": "2-0-0"
        }
      ]
    },
    {
      "RoundName": "Round 8",
      "Matches": [
        {
          "Player1": "bernardocssa",
          "Player2": "FaMecHiMiCa",
          "Result": "2-0-0"
        }
      ]
    }
  ],
  "Standings": [
    {
      "Rank": 27,
      "Player": "GuiBonella",
      "Points": 0,
      "Wins": 0,
      "Losses": 0,
      "Draws": 0,
      "OMWP": 0.4,
      "GWP": 0.2,
      "OGWP": 0.4808
    },
    {
      "Rank": 26,
      "Player": "rinazina",
      "Points": 0,
      "Wins": 0,
      "Losses": 0,
      "Draws": 0,
      "OMWP": 0.4667,
      "GWP": 0.2,
      "OGWP": 0.39740000000000003
    },
    {
      "Rank": 25,
      "Player": "yriel",
      "Points": 0,
      "Wins": 0,
      "Losses": 0,
      "Draws": 0,
      "OMWP": 0.5,
      "GWP": 0.3333,
      "OGWP": 0.46149999999999997
    },
    {
      "Rank": 24,
      "Player": "Gatss",
      "Points": 0,
      "Wins": 0,
      "Losses": 0,
      "Draws": 0,
      "OMWP": 0.5667,
      "GWP": 0,
      "OGWP": 0.6234000000000001
    },
    {
      "Rank": 23,
      "Player": "albertoSD",
      "Points": 0,
      "Wins": 0,
      "Losses": 0,
      "Draws": 0,
      "OMWP": 0.6,
      "GWP": 0,
      "OGWP": 0.5714
    },
    {
      "Rank": 22,
      "Player": "renatoaraujo",
      "Points": 0,
      "Wins": 0,
      "Losses": 0,
      "Draws": 0,
      "OMWP": 0.6,
      "GWP": 0.1429,
      "OGWP": 0.5646
    },
    {
      "Rank": 21,
      "Player": "Selfeisek",
      "Points": 3,
      "Wins": 0,
      "Losses": 0,
      "Draws": 0,
      "OMWP": 0.48,
      "GWP": 0.2727,
      "OGWP": 0.5297
    },
    {
      "Rank": 20,
      "Player": "pirol94",
      "Points": 3,
      "Wins": 0,
      "Losses": 0,
      "Draws": 0,
      "OMWP": 0.5111,
      "GWP": 0.4286,
      "OGWP": 0.4899
    },
    {
      "Rank": 19,
      "Player": "Neptune17",
      "Points": 3,
      "Wins": 0,
      "Losses": 0,
      "Draws": 0,
      "OMWP": 0.6267,
      "GWP": 0.2727,
      "OGWP": 0.5953
    },
    {
      "Rank": 18,
      "Player": "Oror",
      "Points": 6,
      "Wins": 0,
      "Losses": 0,
      "Draws": 0,
      "OMWP": 0.4,
      "GWP": 0.46149999999999997,
      "OGWP": 0.40759999999999996
    },
    {
      "Rank": 17,
      "Player": "PieGonti",
      "Points": 6,
      "Wins": 0,
      "Losses": 0,
      "Draws": 0,
      "OMWP": 0.49329999999999996,
      "GWP": 0.5,
      "OGWP": 0.4347
    },
    {
      "Rank": 16,
      "Player": "taku123",
      "Points": 6,
      "Wins": 0,
      "Losses": 0,
      "Draws": 0,
      "OMWP": 0.49329999999999996,
      "GWP": 0.5,
      "OGWP": 0.4692
    },
    {
      "Rank": 15,
      "Player": "Jose Guillermo",
      "Points": 6,
      "Wins": 0,
      "Losses": 0,
      "Draws": 0,
      "OMWP": 0.5067,
      "GWP": 0.4667,
      "OGWP": 0.4744
    },
    {
      "Rank": 14,
      "Player": "kasa",
      "Points": 6,
      "Wins": 0,
      "Losses": 0,
      "Draws": 0,
      "OMWP": 0.6267,
      "GWP": 0.46149999999999997,
      "OGWP": 0.5485
    },
    {
      "Rank": 13,
      "Player": "pickled6",
      "Points": 9,
      "Wins": 0,
      "Losses": 0,
      "Draws": 0,
      "OMWP": 0.4533,
      "GWP": 0.5714,
      "OGWP": 0.42560000000000003
    },
    {
      "Rank": 12,
      "Player": "Cutlery_",
      "Points": 9,
      "Wins": 0,
      "Losses": 0,
      "Draws": 0,
      "OMWP": 0.4667,
      "GWP": 0.5,
      "OGWP": 0.4744
    },
    {
      "Rank": 11,
      "Player": "medvedev",
      "Points": 9,
      "Wins": 0,
      "Losses": 0,
      "Draws": 0,
      "OMWP": 0.4667,
      "GWP": 0.5455,
      "OGWP": 0.5226
    },
    {
      "Rank": 10,
      "Player": "boytriton",
      "Points": 9,
      "Wins": 0,
      "Losses": 0,
      "Draws": 0,
      "OMWP": 0.5067,
      "GWP": 0.46149999999999997,
      "OGWP": 0.5285
    },
    {
      "Rank": 9,
      "Player": "Marmotte_Lambda",
      "Points": 9,
      "Wins": 0,
      "Losses": 0,
      "Draws": 0,
      "OMWP": 0.5867,
      "GWP": 0.6154,
      "OGWP": 0.525
    },
    {
      "Rank": 8,
      "Player": "Adam-Bazika",
      "Points": 9,
      "Wins": 0,
      "Losses": 0,
      "Draws": 0,
      "OMWP": 0.6667000000000001,
      "GWP": 0.46149999999999997,
      "OGWP": 0.6364
    },
    {
      "Rank": 7,
      "Player": "damienade",
      "Points": 9,
      "Wins": 0,
      "Losses": 0,
      "Draws": 0,
      "OMWP": 0.68,
      "GWP": 0.5385,
      "OGWP": 0.6597
    },
    {
      "Rank": 6,
      "Player": "BERNASTORRES",
      "Points": 12,
      "Wins": 0,
      "Losses": 0,
      "Draws": 0,
      "OMWP": 0.5467,
      "GWP": 0.8181999999999999,
      "OGWP": 0.4758
    },
    {
      "Rank": 5,
      "Player": "Beicodegeia",
      "Points": 15,
      "Wins": 0,
      "Losses": 0,
      "Draws": 0,
      "OMWP": 0.6667000000000001,
      "GWP": 0.9091,
      "OGWP": 0.5925
    },
    {
      "Rank": 4,
      "Player": "JapaneseFisherman",
      "Points": 12,
      "Wins": 0,
      "Losses": 0,
      "Draws": 0,
      "OMWP": 0.6,
      "GWP": 0.5,
      "OGWP": 0.5947
    },
    {
      "Rank": 3,
      "Player": "Gonito",
      "Points": 15,
      "Wins": 0,
      "Losses": 0,
      "Draws": 0,
      "OMWP": 0.6267,
      "GWP": 0.7273000000000001,
      "OGWP": 0.5331
    },
    {
      "Rank": 2,
      "Player": "FaMecHiMiCa",
      "Points": 18,
      "Wins": 0,
      "Losses": 0,
      "Draws": 0,
      "OMWP": 0.5832999999999999,
      "GWP": 0.6364,
      "OGWP": 0.6058
    },
    {
      "Rank": 1,
      "Player": "bernardocssa",
      "Points": 21,
      "Wins": 0,
      "Losses": 0,
      "Draws": 0,
      "OMWP": 0.5867,
      "GWP": 0.7273000000000001,
      "OGWP": 0.5562
    }
  ]
}