{
  "Tournament": {
    "Id": 12803713,
    "Date": "2025-07-21T01:00:00",
    "Name": "Duel Commander Trial 16",
    "Uri": null,
    "JsonFile": null,
    "ForceRedownload": false
  },
  "Decks": null,
  "Rounds": [
    {
      "RoundName": "Round 1",
      "Matches": [
        {
          "Player1": "Selfeisek",
          "Player2": "jewdan",
          "Result": "0-2-0"
        },
        {
          "Player1": "duke12",
          "Player2": "Lord_Beerus",
          "Result": "2-0-0"
        },
        {
          "Player1": "FUXIN",
          "Player2": "albertoSD",
          "Result": "2-0-0"
        },
        {
          "Player1": "Jose Guillermo",
          "Player2": "simmsey",
          "Result": "2-0-0"
        },
        {
          "Player1": "pokerswizard",
          "Player2": "GuiBonella",
          "Result": "0-0-0"
        },
        {
          "Player1": "MdvWin",
          "Player2": "Adam-Bazika",
          "Result": "0-2-0"
        },
        {
          "Player1": "Beicodegeia",
          "Player2": "xfile",
          "Result": "0-2-0"
        },
        {
          "Player1": "glyra",
          "Player2": "FaMecHiMiCa",
          "Result": "0-2-0"
        },
        {
          "Player1": "TryParse",
          "Player2": "wcl",
          "Result": "0-2-0"
        },
        {
          "Player1": "NickNorman",
          "Player2": "DarkBone",
          "Result": "0-2-0"
        },
        {
          "Player1": "ZacharyHaleComstock",
          "Player2": "DuduDeNunu",
          "Result": "0-2-0"
        }
      ]
    },
    {
      "RoundName": "Round 2",
      "Matches": [
        {
          "Player1": "simmsey",
          "Player2": "glyra",
          "Result": "2-0-0"
        },
        {
          "Player1": "Selfeisek",
          "Player2": "MdvWin",
          "Result": "0-2-0"
        },
        {
          "Player1": "GuiBonella",
          "Player2": "DarkBone",
          "Result": "0-2-0"
        },
        {
          "Player1": "duke12",
          "Player2": "xfile",
          "Result": "2-0-0"
        },
        {
          "Player1": "pokerswizard",
          "Player2": "ZacharyHaleComstock",
          "Result": "2-0-0"
        },
        {
          "Player1": "DuduDeNunu",
          "Player2": "Adam-Bazika",
          "Result": "2-0-0"
        },
        {
          "Player1": "FUXIN",
          "Player2": "wcl",
          "Result": "0-0-0"
        },
        {
          "Player1": "Jose Guillermo",
          "Player2": "FaMecHiMiCa",
          "Result": "2-0-0"
        },
        {
          "Player1": "jewdan",
          "Player2": "TryParse",
          "Result": "2-0-0"
        },
        {
          "Player1": "Beicodegeia",
          "Player2": "NickNorman",
          "Result": "2-0-0"
        }
      ]
    },
    {
      "RoundName": "Round 3",
      "Matches": [
        {
          "Player1": "NickNorman",
          "Player2": "glyra",
          "Result": "0-2-0"
        },
        {
          "Player1": "pokerswizard",
          "Player2": "MdvWin",
          "Result": "2-0-0"
        },
        {
          "Player1": "Lord_Beerus",
          "Player2": "Selfeisek",
          "Result": "0-2-0"
        },
        {
          "Player1": "simmsey",
          "Player2": "GuiBonella",
          "Result": "0-2-0"
        },
        {
          "Player1": "xfile",
          "Player2": "Adam-Bazika",
          "Result": "0-2-0"
        },
        {
          "Player1": "Beicodegeia",
          "Player2": "FUXIN",
          "Result": "2-0-0"
        },
        {
          "Player1": "jewdan",
          "Player2": "DarkBone",
          "Result": "0-2-0"
        },
        {
          "Player1": "Jose Guillermo",
          "Player2": "DuduDeNunu",
          "Result": "2-0-0"
        },
        {
          "Player1": "ZacharyHaleComstock",
          "Player2": "TryParse",
          "Result": "2-0-0"
        },
        {
          "Player1": "duke12",
          "Player2": "wcl",
          "Result": "0-2-0"
        }
      ]
    },
    {
      "RoundName": "Round 4",
      "Matches": [
        {
          "Player1": "Beicodegeia",
          "Player2": "jewdan",
          "Result": "2-0-0"
        },
        {
          "Player1": "duke12",
          "Player2": "pokerswizard",
          "Result": "2-0-0"
        },
        {
          "Player1": "xfile",
          "Player2": "MdvWin",
          "Result": "2-0-0"
        },
        {
          "Player1": "simmsey",
          "Player2": "Lord_Beerus",
          "Result": "0-2-0"
        },
        {
          "Player1": "GuiBonella",
          "Player2": "Adam-Bazika",
          "Result": "0-2-0"
        },
        {
          "Player1": "Jose Guillermo",
          "Player2": "wcl",
          "Result": "0-2-0"
        },
        {
          "Player1": "ZacharyHaleComstock",
          "Player2": "Selfeisek",
          "Result": "2-0-0"
        },
        {
          "Player1": "glyra",
          "Player2": "FUXIN",
          "Result": "0-2-0"
        },
        {
          "Player1": "DarkBone",
          "Player2": "DuduDeNunu",
          "Result": "2-0-0"
        }
      ]
    },
    {
      "RoundName": "Round 5",
      "Matches": [
        {
          "Player1": "Jose Guillermo",
          "Player2": "Beicodegeia",
          "Result": "0-2-0"
        },
        {
          "Player1": "NickNorman",
          "Player2": "MdvWin",
          "Result": "0-2-0"
        },
        {
          "Player1": "Selfeisek",
          "Player2": "FUXIN",
          "Result": "2-0-0"
        },
        {
          "Player1": "pokerswizard",
          "Player2": "Lord_Beerus",
          "Result": "0-2-0"
        },
        {
          "Player1": "duke12",
          "Player2": "Adam-Bazika",
          "Result": "2-0-0"
        },
        {
          "Player1": "DarkBone",
          "Player2": "wcl",
          "Result": "2-0-0"
        },
        {
          "Player1": "GuiBonella",
          "Player2": "DuduDeNunu",
          "Result": "2-0-0"
        },
        {
          "Player1": "ZacharyHaleComstock",
          "Player2": "xfile",
          "Result": "2-0-0"
        }
      ]
    },
    {
      "RoundName": "Round 6",
      "Matches": [
        {
          "Player1": "Jose Guillermo",
          "Player2": "Beicodegeia",
          "Result": "0-2-0"
        },
        {
          "Player1": "duke12",
          "Player2": "GuiBonella",
          "Result": "0-2-0"
        },
        {
          "Player1": "Lord_Beerus",
          "Player2": "DarkBone",
          "Result": "0-2-0"
        },
        {
          "Player1": "wcl",
          "Player2": "Adam-Bazika",
          "Result": "1-2-0"
        }
      ]
    },
    {
      "RoundName": "Round 7",
      "Matches": [
        {
          "Player1": "GuiBonella",
          "Player2": "Adam-Bazika",
          "Result": "0-2-0"
        },
        {
          "Player1": "Beicodegeia",
          "Player2": "DarkBone",
          "Result": "2-0-0"
        }
      ]
    },
    {
      "RoundName": "Round 8",
      "Matches": [
        {
          "Player1": "Beicodegeia",
          "Player2": "Adam-Bazika",
          "Result": "2-0-0"
        }
      ]
    }
  ],
  "Standings": [
    {
      "Rank": 22,
      "Player": "albertoSD",
      "Points": 0,
      "Wins": 0,
      "Losses": 0,
      "Draws": 0,
      "OMWP": 0.4,
      "GWP": 0,
      "OGWP": 0.5
    },
    {
      "Rank": 21,
      "Player": "TryParse",
      "Points": 0,
      "Wins": 0,
      "Losses": 0,
      "Draws": 0,
      "OMWP": 0.6333,
      "GWP": 0.1429,
      "OGWP": 0.5329
    },
    {
      "Rank": 20,
      "Player": "glyra",
      "Points": 3,
      "Wins": 0,
      "Losses": 0,
      "Draws": 0,
      "OMWP": 0.4083,
      "GWP": 0.3636,
      "OGWP": 0.4083
    },
    {
      "Rank": 19,
      "Player": "FaMecHiMiCa",
      "Points": 3,
      "Wins": 0,
      "Losses": 0,
      "Draws": 0,
      "OMWP": 0.4667,
      "GWP": 0.4,
      "OGWP": 0.5152
    },
    {
      "Rank": 18,
      "Player": "NickNorman",
      "Points": 3,
      "Wins": 0,
      "Losses": 0,
      "Draws": 0,
      "OMWP": 0.6333,
      "GWP": 0.2727,
      "OGWP": 0.6058
    },
    {
      "Rank": 17,
      "Player": "MdvWin",
      "Points": 6,
      "Wins": 0,
      "Losses": 0,
      "Draws": 0,
      "OMWP": 0.4267,
      "GWP": 0.4167,
      "OGWP": 0.44229999999999997
    },
    {
      "Rank": 16,
      "Player": "Selfeisek",
      "Points": 6,
      "Wins": 0,
      "Losses": 0,
      "Draws": 0,
      "OMWP": 0.5,
      "GWP": 0.46149999999999997,
      "OGWP": 0.48
    },
    {
      "Rank": 15,
      "Player": "simmsey",
      "Points": 6,
      "Wins": 0,
      "Losses": 0,
      "Draws": 0,
      "OMWP": 0.5333,
      "GWP": 0.4,
      "OGWP": 0.5189
    },
    {
      "Rank": 14,
      "Player": "FUXIN",
      "Points": 6,
      "Wins": 0,
      "Losses": 0,
      "Draws": 0,
      "OMWP": 0.5333,
      "GWP": 0.5,
      "OGWP": 0.4833
    },
    {
      "Rank": 13,
      "Player": "pokerswizard",
      "Points": 6,
      "Wins": 0,
      "Losses": 0,
      "Draws": 0,
      "OMWP": 0.6,
      "GWP": 0.4545,
      "OGWP": 0.5727
    },
    {
      "Rank": 12,
      "Player": "jewdan",
      "Points": 6,
      "Wins": 0,
      "Losses": 0,
      "Draws": 0,
      "OMWP": 0.6333,
      "GWP": 0.4,
      "OGWP": 0.6093999999999999
    },
    {
      "Rank": 11,
      "Player": "xfile",
      "Points": 6,
      "Wins": 0,
      "Losses": 0,
      "Draws": 0,
      "OMWP": 0.64,
      "GWP": 0.4167,
      "OGWP": 0.6013000000000001
    },
    {
      "Rank": 10,
      "Player": "DuduDeNunu",
      "Points": 6,
      "Wins": 0,
      "Losses": 0,
      "Draws": 0,
      "OMWP": 0.68,
      "GWP": 0.3636,
      "OGWP": 0.6681999999999999
    },
    {
      "Rank": 9,
      "Player": "ZacharyHaleComstock",
      "Points": 9,
      "Wins": 0,
      "Losses": 0,
      "Draws": 0,
      "OMWP": 0.38670000000000004,
      "GWP": 0.5832999999999999,
      "OGWP": 0.40590000000000004
    },
    {
      "Rank": 8,
      "Player": "Lord_Beerus",
      "Points": 9,
      "Wins": 0,
      "Losses": 0,
      "Draws": 0,
      "OMWP": 0.5,
      "GWP": 0.5,
      "OGWP": 0.5336
    },
    {
      "Rank": 7,
      "Player": "Jose Guillermo",
      "Points": 9,
      "Wins": 0,
      "Losses": 0,
      "Draws": 0,
      "OMWP": 0.58,
      "GWP": 0.6667000000000001,
      "OGWP": 0.4844
    },
    {
      "Rank": 6,
      "Player": "duke12",
      "Points": 12,
      "Wins": 0,
      "Losses": 0,
      "Draws": 0,
      "OMWP": 0.56,
      "GWP": 0.8181999999999999,
      "OGWP": 0.5064
    },
    {
      "Rank": 5,
      "Player": "wcl",
      "Points": 12,
      "Wins": 0,
      "Losses": 0,
      "Draws": 0,
      "OMWP": 0.6267,
      "GWP": 0.6154,
      "OGWP": 0.6636
    },
    {
      "Rank": 4,
      "Player": "GuiBonella",
      "Points": 12,
      "Wins": 0,
      "Losses": 0,
      "Draws": 0,
      "OMWP": 0.56,
      "GWP": 0.5455,
      "OGWP": 0.5527000000000001
    },
    {
      "Rank": 3,
      "Player": "DarkBone",
      "Points": 18,
      "Wins": 0,
      "Losses": 0,
      "Draws": 0,
      "OMWP": 0.5267000000000001,
      "GWP": 1,
      "OGWP": 0.45159999999999995
    },
    {
      "Rank": 2,
      "Player": "Adam-Bazika",
      "Points": 15,
      "Wins": 0,
      "Losses": 0,
      "Draws": 0,
      "OMWP": 0.52,
      "GWP": 0.5455,
      "OGWP": 0.5121
    },
    {
      "Rank": 1,
      "Player": "Beicodegeia",
      "Points": 21,
      "Wins": 0,
      "Losses": 0,
      "Draws": 0,
      "OMWP": 0.44670000000000004,
      "GWP": 0.6429,
      "OGWP": 0.4633
    }
  ]
}