{
  "Tournament": {
    "Id": 12803722,
    "Date": "2025-07-21T20:00:00",
    "Name": "Legacy Preliminary",
    "Uri": null,
    "JsonFile": null,
    "ForceRedownload": false
  },
  "Decks": null,
  "Rounds": [
    {
      "RoundName": "Round 1",
      "Matches": [
        {
          "Player1": "Antarctica",
          "Player2": "Comrade1312",
          "Result": "2-0-0"
        },
        {
          "Player1": "EronRelentless",
          "Player2": "MaeMtg",
          "Result": "2-0-0"
        },
        {
          "Player1": "Foxantes",
          "Player2": "Erik157751",
          "Result": "2-0-0"
        },
        {
          "Player1": "Dreddybajs",
          "Player2": "Univerce",
          "Result": "2-0-0"
        },
        {
          "Player1": "IDontNeedAName",
          "Player2": "NotCicero",
          "Result": "2-0-0"
        },
        {
          "Player1": "alli",
          "Player2": "Gitaxian_Probe",
          "Result": "2-0-0"
        }
      ]
    },
    {
      "RoundName": "Round 2",
      "Matches": [
        {
          "Player1": "Comrade1312",
          "Player2": "NotCicero",
          "Result": "0-2-0"
        },
        {
          "Player1": "Dreddybajs",
          "Player2": "EronRelentless",
          "Result": "0-2-0"
        },
        {
          "Player1": "Antarctica",
          "Player2": "Foxantes",
          "Result": "0-0-0"
        },
        {
          "Player1": "Erik157751",
          "Player2": "Univerce",
          "Result": "0-2-0"
        },
        {
          "Player1": "alli",
          "Player2": "IDontNeedAName",
          "Result": "0-0-0"
        }
      ]
    },
    {
      "RoundName": "Round 3",
      "Matches": [
        {
          "Player1": "EronRelentless",
          "Player2": "IDontNeedAName",
          "Result": "2-0-0"
        },
        {
          "Player1": "Dreddybajs",
          "Player2": "Comrade1312",
          "Result": "2-0-0"
        },
        {
          "Player1": "alli",
          "Player2": "NotCicero",
          "Result": "0-2-0"
        },
        {
          "Player1": "Foxantes",
          "Player2": "Gitaxian_Probe",
          "Result": "0-2-0"
        },
        {
          "Player1": "Antarctica",
          "Player2": "Univerce",
          "Result": "0-0-0"
        }
      ]
    },
    {
      "RoundName": "Round 4",
      "Matches": [
        {
          "Player1": "Foxantes",
          "Player2": "NotCicero",
          "Result": "2-0-0"
        },
        {
          "Player1": "IDontNeedAName",
          "Player2": "Gitaxian_Probe",
          "Result": "0-2-0"
        },
        {
          "Player1": "Dreddybajs",
          "Player2": "Erik157751",
          "Result": "2-0-0"
        },
        {
          "Player1": "alli",
          "Player2": "Univerce",
          "Result": "2-0-0"
        },
        {
          "Player1": "EronRelentless",
          "Player2": "Antarctica",
          "Result": "2-0-0"
        }
      ]
    }
  ],
  "Standings": [
    {
      "Rank": 12,
      "Player": "Comrade1312",
      "Points": 0,
      "Wins": 0,
      "Losses": 0,
      "Draws": 0,
      "OMWP": 0.5832999999999999,
      "GWP": 0.25,
      "OGWP": 0.5985
    },
    {
      "Rank": 11,
      "Player": "MaeMtg",
      "Points": 0,
      "Wins": 0,
      "Losses": 0,
      "Draws": 0,
      "OMWP": 1,
      "GWP": 0.3333,
      "OGWP": 0.8889
    },
    {
      "Rank": 10,
      "Player": "Univerce",
      "Points": 3,
      "Wins": 0,
      "Losses": 0,
      "Draws": 0,
      "OMWP": 0.5207999999999999,
      "GWP": 0.25,
      "OGWP": 0.5207999999999999
    },
    {
      "Rank": 9,
      "Player": "Erik157751",
      "Points": 3,
      "Wins": 0,
      "Losses": 0,
      "Draws": 0,
      "OMWP": 0.6111,
      "GWP": 0.25,
      "OGWP": 0.5556
    },
    {
      "Rank": 8,
      "Player": "alli",
      "Points": 6,
      "Wins": 0,
      "Losses": 0,
      "Draws": 0,
      "OMWP": 0.5207999999999999,
      "GWP": 0.5,
      "OGWP": 0.4864
    },
    {
      "Rank": 7,
      "Player": "NotCicero",
      "Points": 6,
      "Wins": 0,
      "Losses": 0,
      "Draws": 0,
      "OMWP": 0.5207999999999999,
      "GWP": 0.5455,
      "OGWP": 0.4542
    },
    {
      "Rank": 6,
      "Player": "Antarctica",
      "Points": 6,
      "Wins": 0,
      "Losses": 0,
      "Draws": 0,
      "OMWP": 0.6042000000000001,
      "GWP": 0.5,
      "OGWP": 0.5347
    },
    {
      "Rank": 5,
      "Player": "IDontNeedAName",
      "Points": 6,
      "Wins": 0,
      "Losses": 0,
      "Draws": 0,
      "OMWP": 0.6875,
      "GWP": 0.4,
      "OGWP": 0.6503
    },
    {
      "Rank": 4,
      "Player": "Dreddybajs",
      "Points": 9,
      "Wins": 0,
      "Losses": 0,
      "Draws": 0,
      "OMWP": 0.5,
      "GWP": 0.75,
      "OGWP": 0.4722
    },
    {
      "Rank": 3,
      "Player": "Foxantes",
      "Points": 9,
      "Wins": 0,
      "Losses": 0,
      "Draws": 0,
      "OMWP": 0.5207999999999999,
      "GWP": 0.5832999999999999,
      "OGWP": 0.5099
    },
    {
      "Rank": 2,
      "Player": "Gitaxian_Probe",
      "Points": 9,
      "Wins": 0,
      "Losses": 0,
      "Draws": 0,
      "OMWP": 0.5832999999999999,
      "GWP": 0.6667000000000001,
      "OGWP": 0.49439999999999995
    },
    {
      "Rank": 1,
      "Player": "EronRelentless",
      "Points": 12,
      "Wins": 0,
      "Losses": 0,
      "Draws": 0,
      "OMWP": 0.5207999999999999,
      "GWP": 0.8889,
      "OGWP": 0.5
    }
  ]
}