{
  "Tournament": {
    "Id": 12803719,
    "Date": "2025-07-21T16:00:00",
    "Name": "Modern Challenge 64",
    "Uri": null,
    "JsonFile": null,
    "ForceRedownload": false
  },
  "Decks": null,
  "Rounds": [
    {
      "RoundName": "Round 1",
      "Matches": [
        {
          "Player1": "DragonFodder",
          "Player2": "jewdan",
          "Result": "0-2-0"
        },
        {
          "Player1": "rastaf",
          "Player2": "Sarlanga",
          "Result": "0-2-0"
        },
        {
          "Player1": "yriel",
          "Player2": "stu909090",
          "Result": "2-0-0"
        },
        {
          "Player1": "bcs8995",
          "Player2": "Dantethesnake",
          "Result": "2-0-0"
        },
        {
          "Player1": "12azor",
          "Player2": "derlumberzack",
          "Result": "2-0-0"
        },
        {
          "Player1": "mikeleee",
          "Player2": "MeninoNey",
          "Result": "0-2-0"
        },
        {
          "Player1": "Jedgi",
          "Player2": "Takayama",
          "Result": "2-0-0"
        },
        {
          "Player1": "Boucha",
          "Player2": "Deathnote1999",
          "Result": "0-2-0"
        },
        {
          "Player1": "Young_Shaman",
          "Player2": "DavidPierceUTA",
          "Result": "0-2-0"
        },
        {
          "Player1": "peter780108",
          "Player2": "Doomenstein",
          "Result": "0-2-0"
        },
        {
          "Player1": "Terribad",
          "Player2": "chagu",
          "Result": "0-2-0"
        },
        {
          "Player1": "KingHairy",
          "Player2": "FerMTG",
          "Result": "2-0-0"
        },
        {
          "Player1": "maytwer",
          "Player2": "Skrocious",
          "Result": "0-2-0"
        },
        {
          "Player1": "parkss",
          "Player2": "DylanGregory",
          "Result": "2-0-0"
        },
        {
          "Player1": "Misplacedginger",
          "Player2": "fudgems",
          "Result": "0-2-0"
        },
        {
          "Player1": "NygelV",
          "Player2": "reidq7",
          "Result": "0-2-0"
        },
        {
          "Player1": "Xenowan",
          "Player2": "Scooby_Snacks",
          "Result": "2-0-0"
        },
        {
          "Player1": "Alico",
          "Player2": "No_e_that_knows",
          "Result": "0-0-0"
        },
        {
          "Player1": "Gerardo94",
          "Player2": "draco09",
          "Result": "0-0-0"
        },
        {
          "Player1": "Nuserdog",
          "Player2": "Brunes",
          "Result": "2-0-0"
        },
        {
          "Player1": "xerioc",
          "Player2": "DrPP",
          "Result": "2-0-0"
        },
        {
          "Player1": "EL_Zanetti",
          "Player2": "groot02",
          "Result": "2-0-0"
        },
        {
          "Player1": "SuperCow12653",
          "Player2": "Walri",
          "Result": "2-0-0"
        },
        {
          "Player1": "Mistakenn",
          "Player2": "_TOP_G",
          "Result": "2-0-0"
        },
        {
          "Player1": "j_money10",
          "Player2": "ryuumei",
          "Result": "0-2-0"
        },
        {
          "Player1": "John1111",
          "Player2": "Ale_Mtg",
          "Result": "2-0-0"
        },
        {
          "Player1": "_Falcon_",
          "Player2": "OkoDio",
          "Result": "0-2-0"
        },
        {
          "Player1": "CerealEd",
          "Player2": "AgentLion09",
          "Result": "2-0-0"
        },
        {
          "Player1": "MJ_23",
          "Player2": "barczek",
          "Result": "0-2-0"
        },
        {
          "Player1": "Suechtler",
          "Player2": "Traumatismes",
          "Result": "0-2-0"
        },
        {
          "Player1": "sokos13",
          "Player2": "DobleP",
          "Result": "2-0-0"
        },
        {
          "Player1": "LuckyLuce",
          "Player2": "elBB",
          "Result": "0-2-0"
        },
        {
          "Player1": "hawk26",
          "Player2": "aspiringspike",
          "Result": "0-0-0"
        },
        {
          "Player1": "noodle_boi",
          "Player2": "Cereza",
          "Result": "2-0-0"
        },
        {
          "Player1": "oosunq",
          "Player2": "ShadowTitan1",
          "Result": "2-0-0"
        },
        {
          "Player1": "Sven745",
          "Player2": "TotheparkTeam",
          "Result": "0-2-0"
        },
        {
          "Player1": "viktor_von_muerte",
          "Player2": "Erik157751",
          "Result": "2-0-0"
        },
        {
          "Player1": "klien7",
          "Player2": "luvadepedreiro",
          "Result": "2-0-0"
        },
        {
          "Player1": "BLJ",
          "Player2": "beaver",
          "Result": "2-0-0"
        },
        {
          "Player1": "pirol94",
          "Player2": "Promilx",
          "Result": "0-2-0"
        },
        {
          "Player1": "roter_Erzengel",
          "Player2": "O_danielakos",
          "Result": "0-2-0"
        },
        {
          "Player1": "Sujiro_Kimimame",
          "Player2": "Cipher10597",
          "Result": "0-0-0"
        },
        {
          "Player1": "Lollopollo2001",
          "Player2": "Ivan_Draw_Go",
          "Result": "0-0-0"
        },
        {
          "Player1": "_Tia93_",
          "Player2": "Fatal_Vlad",
          "Result": "2-0-0"
        }
      ]
    },
    {
      "RoundName": "Round 2",
      "Matches": [
        {
          "Player1": "derlumberzack",
          "Player2": "AgentLion09",
          "Result": "0-2-0"
        },
        {
          "Player1": "DrPP",
          "Player2": "Sven745",
          "Result": "0-2-0"
        },
        {
          "Player1": "noodle_boi",
          "Player2": "Promilx",
          "Result": "0-2-0"
        },
        {
          "Player1": "Fatal_Vlad",
          "Player2": "groot02",
          "Result": "0-0-0"
        },
        {
          "Player1": "Brunes",
          "Player2": "_TOP_G",
          "Result": "0-2-0"
        },
        {
          "Player1": "maytwer",
          "Player2": "mikeleee",
          "Result": "0-2-0"
        },
        {
          "Player1": "Skrocious",
          "Player2": "chagu",
          "Result": "0-2-0"
        },
        {
          "Player1": "yriel",
          "Player2": "reidq7",
          "Result": "2-0-0"
        },
        {
          "Player1": "hawk26",
          "Player2": "Suechtler",
          "Result": "0-2-0"
        },
        {
          "Player1": "Erik157751",
          "Player2": "No_e_that_knows",
          "Result": "0-2-0"
        },
        {
          "Player1": "j_money10",
          "Player2": "DylanGregory",
          "Result": "0-2-0"
        },
        {
          "Player1": "Deathnote1999",
          "Player2": "Mistakenn",
          "Result": "2-0-0"
        },
        {
          "Player1": "luvadepedreiro",
          "Player2": "Walri",
          "Result": "2-0-0"
        },
        {
          "Player1": "ryuumei",
          "Player2": "Ivan_Draw_Go",
          "Result": "2-0-0"
        },
        {
          "Player1": "peter780108",
          "Player2": "_Falcon_",
          "Result": "2-0-0"
        },
        {
          "Player1": "O_danielakos",
          "Player2": "oosunq",
          "Result": "2-0-0"
        },
        {
          "Player1": "KingHairy",
          "Player2": "TotheparkTeam",
          "Result": "2-0-0"
        },
        {
          "Player1": "FerMTG",
          "Player2": "Scooby_Snacks",
          "Result": "2-0-0"
        },
        {
          "Player1": "viktor_von_muerte",
          "Player2": "klien7",
          "Result": "2-0-0"
        },
        {
          "Player1": "Traumatismes",
          "Player2": "DavidPierceUTA",
          "Result": "0-2-0"
        },
        {
          "Player1": "Boucha",
          "Player2": "beaver",
          "Result": "0-0-0"
        },
        {
          "Player1": "Dantethesnake",
          "Player2": "DobleP",
          "Result": "2-0-0"
        },
        {
          "Player1": "MeninoNey",
          "Player2": "elBB",
          "Result": "2-0-0"
        },
        {
          "Player1": "EL_Zanetti",
          "Player2": "Cipher10597",
          "Result": "2-0-0"
        },
        {
          "Player1": "rastaf",
          "Player2": "stu909090",
          "Result": "2-0-0"
        },
        {
          "Player1": "aspiringspike",
          "Player2": "jewdan",
          "Result": "0-2-0"
        },
        {
          "Player1": "DragonFodder",
          "Player2": "Terribad",
          "Result": "0-2-0"
        },
        {
          "Player1": "Misplacedginger",
          "Player2": "NygelV",
          "Result": "2-0-0"
        },
        {
          "Player1": "Alico",
          "Player2": "John1111",
          "Result": "0-2-0"
        },
        {
          "Player1": "LuckyLuce",
          "Player2": "Ale_Mtg",
          "Result": "2-0-0"
        },
        {
          "Player1": "sokos13",
          "Player2": "Jedgi",
          "Result": "0-0-0"
        },
        {
          "Player1": "Young_Shaman",
          "Player2": "Takayama",
          "Result": "2-0-0"
        },
        {
          "Player1": "BLJ",
          "Player2": "CerealEd",
          "Result": "0-2-0"
        },
        {
          "Player1": "Sarlanga",
          "Player2": "12azor",
          "Result": "0-2-0"
        },
        {
          "Player1": "_Tia93_",
          "Player2": "barczek",
          "Result": "0-2-0"
        },
        {
          "Player1": "Lollopollo2001",
          "Player2": "Cereza",
          "Result": "0-2-0"
        },
        {
          "Player1": "bcs8995",
          "Player2": "OkoDio",
          "Result": "0-0-0"
        },
        {
          "Player1": "MJ_23",
          "Player2": "Gerardo94",
          "Result": "2-0-0"
        },
        {
          "Player1": "SuperCow12653",
          "Player2": "Xenowan",
          "Result": "2-1-0"
        },
        {
          "Player1": "Nuserdog",
          "Player2": "draco09",
          "Result": "2-0-0"
        },
        {
          "Player1": "parkss",
          "Player2": "fudgems",
          "Result": "2-0-0"
        },
        {
          "Player1": "ShadowTitan1",
          "Player2": "Sujiro_Kimimame",
          "Result": "2-0-0"
        },
        {
          "Player1": "xerioc",
          "Player2": "Doomenstein",
          "Result": "2-0-0"
        }
      ]
    },
    {
      "RoundName": "Round 3",
      "Matches": [
        {
          "Player1": "Mistakenn",
          "Player2": "No_e_that_knows",
          "Result": "2-0-0"
        },
        {
          "Player1": "ShadowTitan1",
          "Player2": "Ivan_Draw_Go",
          "Result": "2-0-0"
        },
        {
          "Player1": "MJ_23",
          "Player2": "Alico",
          "Result": "2-0-0"
        },
        {
          "Player1": "DylanGregory",
          "Player2": "FerMTG",
          "Result": "2-0-0"
        },
        {
          "Player1": "parkss",
          "Player2": "Nuserdog",
          "Result": "2-0-0"
        },
        {
          "Player1": "OkoDio",
          "Player2": "DavidPierceUTA",
          "Result": "0-2-0"
        },
        {
          "Player1": "draco09",
          "Player2": "Cipher10597",
          "Result": "2-0-0"
        },
        {
          "Player1": "Jedgi",
          "Player2": "EL_Zanetti",
          "Result": "2-0-0"
        },
        {
          "Player1": "_TOP_G",
          "Player2": "reidq7",
          "Result": "0-2-0"
        },
        {
          "Player1": "rastaf",
          "Player2": "klien7",
          "Result": "0-2-0"
        },
        {
          "Player1": "Lollopollo2001",
          "Player2": "_Falcon_",
          "Result": "2-0-0"
        },
        {
          "Player1": "peter780108",
          "Player2": "luvadepedreiro",
          "Result": "0-2-0"
        },
        {
          "Player1": "ryuumei",
          "Player2": "SuperCow12653",
          "Result": "2-0-0"
        },
        {
          "Player1": "roter_Erzengel",
          "Player2": "beaver",
          "Result": "0-2-0"
        },
        {
          "Player1": "viktor_von_muerte",
          "Player2": "xerioc",
          "Result": "0-2-0"
        },
        {
          "Player1": "hawk26",
          "Player2": "Brunes",
          "Result": "2-0-0"
        },
        {
          "Player1": "Misplacedginger",
          "Player2": "Cereza",
          "Result": "2-0-0"
        },
        {
          "Player1": "BLJ",
          "Player2": "Xenowan",
          "Result": "0-2-0"
        },
        {
          "Player1": "Suechtler",
          "Player2": "Fatal_Vlad",
          "Result": "2-0-0"
        },
        {
          "Player1": "O_danielakos",
          "Player2": "chagu",
          "Result": "2-0-0"
        },
        {
          "Player1": "barczek",
          "Player2": "MeninoNey",
          "Result": "0-2-0"
        },
        {
          "Player1": "Sven745",
          "Player2": "AgentLion09",
          "Result": "2-0-0"
        },
        {
          "Player1": "j_money10",
          "Player2": "DragonFodder",
          "Result": "2-0-0"
        },
        {
          "Player1": "Erik157751",
          "Player2": "NygelV",
          "Result": "0-0-0"
        },
        {
          "Player1": "sokos13",
          "Player2": "Skrocious",
          "Result": "2-0-0"
        },
        {
          "Player1": "elBB",
          "Player2": "TotheparkTeam",
          "Result": "2-0-0"
        },
        {
          "Player1": "12azor",
          "Player2": "jewdan",
          "Result": "2-0-0"
        },
        {
          "Player1": "yriel",
          "Player2": "CerealEd",
          "Result": "0-2-0"
        },
        {
          "Player1": "KingHairy",
          "Player2": "John1111",
          "Result": "2-0-0"
        },
        {
          "Player1": "Sarlanga",
          "Player2": "Dantethesnake",
          "Result": "0-0-0"
        },
        {
          "Player1": "DobleP",
          "Player2": "Sujiro_Kimimame",
          "Result": "0-2-0"
        },
        {
          "Player1": "aspiringspike",
          "Player2": "LuckyLuce",
          "Result": "0-2-0"
        },
        {
          "Player1": "oosunq",
          "Player2": "Traumatismes",
          "Result": "0-2-0"
        },
        {
          "Player1": "Deathnote1999",
          "Player2": "Promilx",
          "Result": "2-0-0"
        },
        {
          "Player1": "Terribad",
          "Player2": "mikeleee",
          "Result": "0-2-0"
        },
        {
          "Player1": "bcs8995",
          "Player2": "fudgems",
          "Result": "2-0-0"
        },
        {
          "Player1": "noodle_boi",
          "Player2": "Doomenstein",
          "Result": "0-2-0"
        },
        {
          "Player1": "_Tia93_",
          "Player2": "Young_Shaman",
          "Result": "2-0-0"
        }
      ]
    },
    {
      "RoundName": "Round 4",
      "Matches": [
        {
          "Player1": "klien7",
          "Player2": "Nuserdog",
          "Result": "2-0-0"
        },
        {
          "Player1": "FerMTG",
          "Player2": "fudgems",
          "Result": "0-2-0"
        },
        {
          "Player1": "Sven745",
          "Player2": "chagu",
          "Result": "2-0-0"
        },
        {
          "Player1": "_Tia93_",
          "Player2": "elBB",
          "Result": "2-0-0"
        },
        {
          "Player1": "Misplacedginger",
          "Player2": "bcs8995",
          "Result": "0-2-0"
        },
        {
          "Player1": "viktor_von_muerte",
          "Player2": "draco09",
          "Result": "2-0-0"
        },
        {
          "Player1": "Young_Shaman",
          "Player2": "Lollopollo2001",
          "Result": "2-0-0"
        },
        {
          "Player1": "Suechtler",
          "Player2": "luvadepedreiro",
          "Result": "0-0-0"
        },
        {
          "Player1": "SuperCow12653",
          "Player2": "mikeleee",
          "Result": "0-2-0"
        },
        {
          "Player1": "Dantethesnake",
          "Player2": "TotheparkTeam",
          "Result": "0-2-0"
        },
        {
          "Player1": "parkss",
          "Player2": "O_danielakos",
          "Result": "0-2-0"
        },
        {
          "Player1": "DragonFodder",
          "Player2": "NygelV",
          "Result": "0-2-0"
        },
        {
          "Player1": "Jedgi",
          "Player2": "KingHairy",
          "Result": "0-2-0"
        },
        {
          "Player1": "Xenowan",
          "Player2": "John1111",
          "Result": "2-0-0"
        },
        {
          "Player1": "xerioc",
          "Player2": "CerealEd",
          "Result": "0-2-0"
        },
        {
          "Player1": "Cereza",
          "Player2": "Fatal_Vlad",
          "Result": "2-0-0"
        },
        {
          "Player1": "No_e_that_knows",
          "Player2": "AgentLion09",
          "Result": "0-0-0"
        },
        {
          "Player1": "Mistakenn",
          "Player2": "Promilx",
          "Result": "0-2-0"
        },
        {
          "Player1": "barczek",
          "Player2": "OkoDio",
          "Result": "0-0-0"
        },
        {
          "Player1": "beaver",
          "Player2": "reidq7",
          "Result": "0-2-0"
        },
        {
          "Player1": "sokos13",
          "Player2": "MeninoNey",
          "Result": "2-0-0"
        },
        {
          "Player1": "ryuumei",
          "Player2": "DavidPierceUTA",
          "Result": "0-2-0"
        },
        {
          "Player1": "peter780108",
          "Player2": "noodle_boi",
          "Result": "0-2-0"
        },
        {
          "Player1": "_Falcon_",
          "Player2": "Alico",
          "Result": "0-2-0"
        },
        {
          "Player1": "yriel",
          "Player2": "EL_Zanetti",
          "Result": "2-0-0"
        },
        {
          "Player1": "rastaf",
          "Player2": "Ivan_Draw_Go",
          "Result": "0-2-0"
        },
        {
          "Player1": "hawk26",
          "Player2": "Sujiro_Kimimame",
          "Result": "0-2-0"
        },
        {
          "Player1": "j_money10",
          "Player2": "Erik157751",
          "Result": "2-0-0"
        },
        {
          "Player1": "12azor",
          "Player2": "Deathnote1999",
          "Result": "0-2-0"
        },
        {
          "Player1": "Skrocious",
          "Player2": "Cipher10597",
          "Result": "0-2-0"
        },
        {
          "Player1": "Doomenstein",
          "Player2": "Traumatismes",
          "Result": "2-0-0"
        },
        {
          "Player1": "DylanGregory",
          "Player2": "jewdan",
          "Result": "0-0-0"
        },
        {
          "Player1": "Sarlanga",
          "Player2": "LuckyLuce",
          "Result": "2-0-0"
        },
        {
          "Player1": "MJ_23",
          "Player2": "ShadowTitan1",
          "Result": "0-2-0"
        }
      ]
    },
    {
      "RoundName": "Round 5",
      "Matches": [
        {
          "Player1": "Xenowan",
          "Player2": "Doomenstein",
          "Result": "0-2-0"
        },
        {
          "Player1": "Suechtler",
          "Player2": "noodle_boi",
          "Result": "2-0-0"
        },
        {
          "Player1": "peter780108",
          "Player2": "Dantethesnake",
          "Result": "0-2-0"
        },
        {
          "Player1": "O_danielakos",
          "Player2": "DavidPierceUTA",
          "Result": "2-0-0"
        },
        {
          "Player1": "Alico",
          "Player2": "EL_Zanetti",
          "Result": "2-0-0"
        },
        {
          "Player1": "beaver",
          "Player2": "Cipher10597",
          "Result": "0-2-0"
        },
        {
          "Player1": "barczek",
          "Player2": "bcs8995",
          "Result": "2-0-0"
        },
        {
          "Player1": "KingHairy",
          "Player2": "CerealEd",
          "Result": "0-0-0"
        },
        {
          "Player1": "chagu",
          "Player2": "fudgems",
          "Result": "2-0-0"
        },
        {
          "Player1": "_Tia93_",
          "Player2": "Sven745",
          "Result": "2-0-0"
        },
        {
          "Player1": "viktor_von_muerte",
          "Player2": "reidq7",
          "Result": "2-0-0"
        },
        {
          "Player1": "rastaf",
          "Player2": "Cereza",
          "Result": "2-0-0"
        },
        {
          "Player1": "12azor",
          "Player2": "yriel",
          "Result": "2-0-0"
        },
        {
          "Player1": "Sarlanga",
          "Player2": "Jedgi",
          "Result": "2-0-0"
        },
        {
          "Player1": "Promilx",
          "Player2": "MeninoNey",
          "Result": "0-0-0"
        },
        {
          "Player1": "hawk26",
          "Player2": "Lollopollo2001",
          "Result": "0-2-0"
        },
        {
          "Player1": "SuperCow12653",
          "Player2": "elBB",
          "Result": "0-2-0"
        },
        {
          "Player1": "j_money10",
          "Player2": "TotheparkTeam",
          "Result": "0-2-0"
        },
        {
          "Player1": "xerioc",
          "Player2": "klien7",
          "Result": "0-2-0"
        },
        {
          "Player1": "ryuumei",
          "Player2": "ShadowTitan1",
          "Result": "0-0-0"
        },
        {
          "Player1": "jewdan",
          "Player2": "draco09",
          "Result": "0-2-0"
        },
        {
          "Player1": "Young_Shaman",
          "Player2": "Traumatismes",
          "Result": "2-0-0"
        },
        {
          "Player1": "sokos13",
          "Player2": "Deathnote1999",
          "Result": "2-0-0"
        },
        {
          "Player1": "Mistakenn",
          "Player2": "AgentLion09",
          "Result": "2-0-0"
        },
        {
          "Player1": "parkss",
          "Player2": "mikeleee",
          "Result": "2-0-0"
        },
        {
          "Player1": "NygelV",
          "Player2": "Skrocious",
          "Result": "2-0-0"
        },
        {
          "Player1": "Nuserdog",
          "Player2": "OkoDio",
          "Result": "0-2-0"
        },
        {
          "Player1": "MJ_23",
          "Player2": "John1111",
          "Result": "2-0-0"
        },
        {
          "Player1": "Ivan_Draw_Go",
          "Player2": "Sujiro_Kimimame",
          "Result": "2-0-0"
        },
        {
          "Player1": "DylanGregory",
          "Player2": "luvadepedreiro",
          "Result": "0-2-0"
        }
      ]
    },
    {
      "RoundName": "Round 6",
      "Matches": [
        {
          "Player1": "_Tia93_",
          "Player2": "KingHairy",
          "Result": "2-0-0"
        },
        {
          "Player1": "elBB",
          "Player2": "Sven745",
          "Result": "0-2-0"
        },
        {
          "Player1": "bcs8995",
          "Player2": "TotheparkTeam",
          "Result": "2-0-0"
        },
        {
          "Player1": "peter780108",
          "Player2": "SuperCow12653",
          "Result": "2-0-0"
        },
        {
          "Player1": "Deathnote1999",
          "Player2": "ShadowTitan1",
          "Result": "2-0-0"
        },
        {
          "Player1": "Lollopollo2001",
          "Player2": "Traumatismes",
          "Result": "2-0-0"
        },
        {
          "Player1": "parkss",
          "Player2": "DavidPierceUTA",
          "Result": "0-2-0"
        },
        {
          "Player1": "sokos13",
          "Player2": "Xenowan",
          "Result": "0-2-0"
        },
        {
          "Player1": "Dantethesnake",
          "Player2": "Cereza",
          "Result": "2-0-0"
        },
        {
          "Player1": "klien7",
          "Player2": "Promilx",
          "Result": "0-2-0"
        },
        {
          "Player1": "viktor_von_muerte",
          "Player2": "barczek",
          "Result": "2-0-0"
        },
        {
          "Player1": "noodle_boi",
          "Player2": "Nuserdog",
          "Result": "0-2-0"
        },
        {
          "Player1": "ryuumei",
          "Player2": "reidq7",
          "Result": "2-0-0"
        },
        {
          "Player1": "xerioc",
          "Player2": "Mistakenn",
          "Result": "2-0-0"
        },
        {
          "Player1": "Suechtler",
          "Player2": "yriel",
          "Result": "2-0-0"
        },
        {
          "Player1": "Sujiro_Kimimame",
          "Player2": "AgentLion09",
          "Result": "0-2-0"
        },
        {
          "Player1": "MJ_23",
          "Player2": "DylanGregory",
          "Result": "1-2-0"
        },
        {
          "Player1": "hawk26",
          "Player2": "Skrocious",
          "Result": "0-2-0"
        },
        {
          "Player1": "Jedgi",
          "Player2": "OkoDio",
          "Result": "0-2-0"
        },
        {
          "Player1": "mikeleee",
          "Player2": "draco09",
          "Result": "0-0-0"
        },
        {
          "Player1": "12azor",
          "Player2": "luvadepedreiro",
          "Result": "2-0-0"
        },
        {
          "Player1": "Young_Shaman",
          "Player2": "Alico",
          "Result": "2-0-0"
        },
        {
          "Player1": "MeninoNey",
          "Player2": "Cipher10597",
          "Result": "2-0-0"
        },
        {
          "Player1": "Sarlanga",
          "Player2": "Doomenstein",
          "Result": "2-0-0"
        },
        {
          "Player1": "NygelV",
          "Player2": "EL_Zanetti",
          "Result": "0-2-0"
        },
        {
          "Player1": "O_danielakos",
          "Player2": "CerealEd",
          "Result": "0-2-0"
        },
        {
          "Player1": "Ivan_Draw_Go",
          "Player2": "chagu",
          "Result": "0-2-0"
        },
        {
          "Player1": "rastaf",
          "Player2": "j_money10",
          "Result": "2-0-0"
        }
      ]
    },
    {
      "RoundName": "Round 7",
      "Matches": [
        {
          "Player1": "yriel",
          "Player2": "Ivan_Draw_Go",
          "Result": "2-0-0"
        },
        {
          "Player1": "Sarlanga",
          "Player2": "Promilx",
          "Result": "0-2-0"
        },
        {
          "Player1": "xerioc",
          "Player2": "DylanGregory",
          "Result": "0-0-0"
        },
        {
          "Player1": "sokos13",
          "Player2": "mikeleee",
          "Result": "0-2-0"
        },
        {
          "Player1": "_Tia93_",
          "Player2": "CerealEd",
          "Result": "2-0-0"
        },
        {
          "Player1": "12azor",
          "Player2": "DavidPierceUTA",
          "Result": "2-0-0"
        },
        {
          "Player1": "bcs8995",
          "Player2": "Doomenstein",
          "Result": "0-2-0"
        },
        {
          "Player1": "ryuumei",
          "Player2": "luvadepedreiro",
          "Result": "0-2-0"
        },
        {
          "Player1": "Dantethesnake",
          "Player2": "AgentLion09",
          "Result": "2-0-0"
        },
        {
          "Player1": "klien7",
          "Player2": "chagu",
          "Result": "0-2-0"
        },
        {
          "Player1": "O_danielakos",
          "Player2": "Deathnote1999",
          "Result": "0-0-0"
        },
        {
          "Player1": "viktor_von_muerte",
          "Player2": "ShadowTitan1",
          "Result": "2-0-0"
        },
        {
          "Player1": "noodle_boi",
          "Player2": "Skrocious",
          "Result": "2-0-0"
        },
        {
          "Player1": "Nuserdog",
          "Player2": "reidq7",
          "Result": "2-0-0"
        },
        {
          "Player1": "barczek",
          "Player2": "Xenowan",
          "Result": "0-2-0"
        },
        {
          "Player1": "Jedgi",
          "Player2": "elBB",
          "Result": "2-0-0"
        },
        {
          "Player1": "parkss",
          "Player2": "Sven745",
          "Result": "2-0-0"
        },
        {
          "Player1": "Mistakenn",
          "Player2": "Cipher10597",
          "Result": "0-2-0"
        },
        {
          "Player1": "OkoDio",
          "Player2": "MeninoNey",
          "Result": "2-0-0"
        },
        {
          "Player1": "MJ_23",
          "Player2": "EL_Zanetti",
          "Result": "2-0-0"
        },
        {
          "Player1": "NygelV",
          "Player2": "Traumatismes",
          "Result": "0-2-0"
        },
        {
          "Player1": "Lollopollo2001",
          "Player2": "Alico",
          "Result": "2-0-0"
        },
        {
          "Player1": "rastaf",
          "Player2": "TotheparkTeam",
          "Result": "2-0-0"
        },
        {
          "Player1": "Suechtler",
          "Player2": "Young_Shaman",
          "Result": "2-0-0"
        }
      ]
    },
    {
      "RoundName": "Round 8",
      "Matches": [
        {
          "Player1": "viktor_von_muerte",
          "Player2": "12azor",
          "Result": "0-2-0"
        },
        {
          "Player1": "Sarlanga",
          "Player2": "O_danielakos",
          "Result": "0-2-0"
        },
        {
          "Player1": "_Tia93_",
          "Player2": "Promilx",
          "Result": "2-0-0"
        },
        {
          "Player1": "CerealEd",
          "Player2": "DavidPierceUTA",
          "Result": "2-0-0"
        }
      ]
    },
    {
      "RoundName": "Round 9",
      "Matches": [
        {
          "Player1": "O_danielakos",
          "Player2": "_Tia93_",
          "Result": "2-0-0"
        },
        {
          "Player1": "12azor",
          "Player2": "CerealEd",
          "Result": "2-0-0"
        }
      ]
    },
    {
      "RoundName": "Round 10",
      "Matches": [
        {
          "Player1": "O_danielakos",
          "Player2": "12azor",
          "Result": "2-0-0"
        }
      ]
    }
  ],
  "Standings": [
    {
      "Rank": 88,
      "Player": "DragonFodder",
      "Points": 0,
      "Wins": 0,
      "Losses": 0,
      "Draws": 0,
      "OMWP": 0.35,
      "GWP": 0.11109999999999999,
      "OGWP": 0.3896
    },
    {
      "Rank": 87,
      "Player": "groot02",
      "Points": 0,
      "Wins": 0,
      "Losses": 0,
      "Draws": 0,
      "OMWP": 0.381,
      "GWP": 0,
      "OGWP": 0.402
    },
    {
      "Rank": 86,
      "Player": "Brunes",
      "Points": 0,
      "Wins": 0,
      "Losses": 0,
      "Draws": 0,
      "OMWP": 0.4127,
      "GWP": 0.1429,
      "OGWP": 0.4028
    },
    {
      "Rank": 85,
      "Player": "Ale_Mtg",
      "Points": 0,
      "Wins": 0,
      "Losses": 0,
      "Draws": 0,
      "OMWP": 0.45,
      "GWP": 0.3333,
      "OGWP": 0.4318
    },
    {
      "Rank": 84,
      "Player": "DobleP",
      "Points": 0,
      "Wins": 0,
      "Losses": 0,
      "Draws": 0,
      "OMWP": 0.5,
      "GWP": 0.1429,
      "OGWP": 0.496
    },
    {
      "Rank": 83,
      "Player": "_Falcon_",
      "Points": 0,
      "Wins": 0,
      "Losses": 0,
      "Draws": 0,
      "OMWP": 0.5119,
      "GWP": 0.2,
      "OGWP": 0.5126
    },
    {
      "Rank": 82,
      "Player": "maytwer",
      "Points": 0,
      "Wins": 0,
      "Losses": 0,
      "Draws": 0,
      "OMWP": 0.5238,
      "GWP": 0,
      "OGWP": 0.5119
    },
    {
      "Rank": 81,
      "Player": "Scooby_Snacks",
      "Points": 0,
      "Wins": 0,
      "Losses": 0,
      "Draws": 0,
      "OMWP": 0.5238,
      "GWP": 0,
      "OGWP": 0.5333
    },
    {
      "Rank": 80,
      "Player": "Walri",
      "Points": 0,
      "Wins": 0,
      "Losses": 0,
      "Draws": 0,
      "OMWP": 0.5238,
      "GWP": 0.3333,
      "OGWP": 0.5294
    },
    {
      "Rank": 79,
      "Player": "Gerardo94",
      "Points": 0,
      "Wins": 0,
      "Losses": 0,
      "Draws": 0,
      "OMWP": 0.5357,
      "GWP": 0,
      "OGWP": 0.5608
    },
    {
      "Rank": 78,
      "Player": "Boucha",
      "Points": 0,
      "Wins": 0,
      "Losses": 0,
      "Draws": 0,
      "OMWP": 0.5571,
      "GWP": 0.3333,
      "OGWP": 0.4568
    },
    {
      "Rank": 77,
      "Player": "Takayama",
      "Points": 0,
      "Wins": 0,
      "Losses": 0,
      "Draws": 0,
      "OMWP": 0.5714,
      "GWP": 0,
      "OGWP": 0.5440999999999999
    },
    {
      "Rank": 76,
      "Player": "DrPP",
      "Points": 0,
      "Wins": 0,
      "Losses": 0,
      "Draws": 0,
      "OMWP": 0.5714,
      "GWP": 0,
      "OGWP": 0.5754
    },
    {
      "Rank": 75,
      "Player": "stu909090",
      "Points": 0,
      "Wins": 0,
      "Losses": 0,
      "Draws": 0,
      "OMWP": 0.5714,
      "GWP": 0,
      "OGWP": 0.5903
    },
    {
      "Rank": 74,
      "Player": "derlumberzack",
      "Points": 0,
      "Wins": 0,
      "Losses": 0,
      "Draws": 0,
      "OMWP": 0.6429,
      "GWP": 0,
      "OGWP": 0.598
    },
    {
      "Rank": 73,
      "Player": "pirol94",
      "Points": 0,
      "Wins": 0,
      "Losses": 0,
      "Draws": 0,
      "OMWP": 0.8571,
      "GWP": 0,
      "OGWP": 0.7222
    },
    {
      "Rank": 72,
      "Player": "_TOP_G",
      "Points": 3,
      "Wins": 0,
      "Losses": 0,
      "Draws": 0,
      "OMWP": 0.3968,
      "GWP": 0.3333,
      "OGWP": 0.415
    },
    {
      "Rank": 71,
      "Player": "No_e_that_knows",
      "Points": 3,
      "Wins": 0,
      "Losses": 0,
      "Draws": 0,
      "OMWP": 0.4048,
      "GWP": 0.4167,
      "OGWP": 0.4175
    },
    {
      "Rank": 70,
      "Player": "aspiringspike",
      "Points": 3,
      "Wins": 0,
      "Losses": 0,
      "Draws": 0,
      "OMWP": 0.4111,
      "GWP": 0.5,
      "OGWP": 0.4199
    },
    {
      "Rank": 69,
      "Player": "Erik157751",
      "Points": 3,
      "Wins": 0,
      "Losses": 0,
      "Draws": 0,
      "OMWP": 0.4583,
      "GWP": 0.3636,
      "OGWP": 0.4768
    },
    {
      "Rank": 68,
      "Player": "FerMTG",
      "Points": 3,
      "Wins": 0,
      "Losses": 0,
      "Draws": 0,
      "OMWP": 0.5286,
      "GWP": 0.4,
      "OGWP": 0.5307999999999999
    },
    {
      "Rank": 67,
      "Player": "Fatal_Vlad",
      "Points": 3,
      "Wins": 0,
      "Losses": 0,
      "Draws": 0,
      "OMWP": 0.5595,
      "GWP": 0.3333,
      "OGWP": 0.4886
    },
    {
      "Rank": 66,
      "Player": "Terribad",
      "Points": 3,
      "Wins": 0,
      "Losses": 0,
      "Draws": 0,
      "OMWP": 0.5872999999999999,
      "GWP": 0.3333,
      "OGWP": 0.5686
    },
    {
      "Rank": 65,
      "Player": "oosunq",
      "Points": 3,
      "Wins": 0,
      "Losses": 0,
      "Draws": 0,
      "OMWP": 0.6111,
      "GWP": 0.44439999999999996,
      "OGWP": 0.5624
    },
    {
      "Rank": 64,
      "Player": "roter_Erzengel",
      "Points": 3,
      "Wins": 0,
      "Losses": 0,
      "Draws": 0,
      "OMWP": 0.6286,
      "GWP": 0.3333,
      "OGWP": 0.4976
    },
    {
      "Rank": 63,
      "Player": "BLJ",
      "Points": 3,
      "Wins": 0,
      "Losses": 0,
      "Draws": 0,
      "OMWP": 0.6570999999999999,
      "GWP": 0.4286,
      "OGWP": 0.5842
    },
    {
      "Rank": 62,
      "Player": "NygelV",
      "Points": 6,
      "Wins": 0,
      "Losses": 0,
      "Draws": 0,
      "OMWP": 0.39799999999999996,
      "GWP": 0.4118,
      "OGWP": 0.418
    },
    {
      "Rank": 61,
      "Player": "beaver",
      "Points": 6,
      "Wins": 0,
      "Losses": 0,
      "Draws": 0,
      "OMWP": 0.4,
      "GWP": 0.3636,
      "OGWP": 0.419
    },
    {
      "Rank": 60,
      "Player": "Misplacedginger",
      "Points": 6,
      "Wins": 0,
      "Losses": 0,
      "Draws": 0,
      "OMWP": 0.40950000000000003,
      "GWP": 0.44439999999999996,
      "OGWP": 0.45189999999999997
    },
    {
      "Rank": 59,
      "Player": "hawk26",
      "Points": 6,
      "Wins": 0,
      "Losses": 0,
      "Draws": 0,
      "OMWP": 0.4365,
      "GWP": 0.375,
      "OGWP": 0.46009999999999995
    },
    {
      "Rank": 58,
      "Player": "Sujiro_Kimimame",
      "Points": 6,
      "Wins": 0,
      "Losses": 0,
      "Draws": 0,
      "OMWP": 0.44439999999999996,
      "GWP": 0.4118,
      "OGWP": 0.4611
    },
    {
      "Rank": 57,
      "Player": "LuckyLuce",
      "Points": 6,
      "Wins": 0,
      "Losses": 0,
      "Draws": 0,
      "OMWP": 0.4524,
      "GWP": 0.5,
      "OGWP": 0.45020000000000004
    },
    {
      "Rank": 56,
      "Player": "Skrocious",
      "Points": 6,
      "Wins": 0,
      "Losses": 0,
      "Draws": 0,
      "OMWP": 0.4722,
      "GWP": 0.35710000000000003,
      "OGWP": 0.4778
    },
    {
      "Rank": 55,
      "Player": "j_money10",
      "Points": 6,
      "Wins": 0,
      "Losses": 0,
      "Draws": 0,
      "OMWP": 0.49329999999999996,
      "GWP": 0.4286,
      "OGWP": 0.49090000000000006
    },
    {
      "Rank": 54,
      "Player": "Cereza",
      "Points": 6,
      "Wins": 0,
      "Losses": 0,
      "Draws": 0,
      "OMWP": 0.496,
      "GWP": 0.3333,
      "OGWP": 0.49450000000000005
    },
    {
      "Rank": 53,
      "Player": "peter780108",
      "Points": 6,
      "Wins": 0,
      "Losses": 0,
      "Draws": 0,
      "OMWP": 0.5159,
      "GWP": 0.375,
      "OGWP": 0.49119999999999997
    },
    {
      "Rank": 52,
      "Player": "SuperCow12653",
      "Points": 6,
      "Wins": 0,
      "Losses": 0,
      "Draws": 0,
      "OMWP": 0.5159,
      "GWP": 0.4118,
      "OGWP": 0.4978
    },
    {
      "Rank": 51,
      "Player": "John1111",
      "Points": 6,
      "Wins": 0,
      "Losses": 0,
      "Draws": 0,
      "OMWP": 0.5333,
      "GWP": 0.3636,
      "OGWP": 0.5227
    },
    {
      "Rank": 50,
      "Player": "jewdan",
      "Points": 6,
      "Wins": 0,
      "Losses": 0,
      "Draws": 0,
      "OMWP": 0.5417000000000001,
      "GWP": 0.3846,
      "OGWP": 0.54
    },
    {
      "Rank": 49,
      "Player": "fudgems",
      "Points": 6,
      "Wins": 0,
      "Losses": 0,
      "Draws": 0,
      "OMWP": 0.5667,
      "GWP": 0.5,
      "OGWP": 0.5503
    },
    {
      "Rank": 48,
      "Player": "Alico",
      "Points": 9,
      "Wins": 0,
      "Losses": 0,
      "Draws": 0,
      "OMWP": 0.4556,
      "GWP": 0.4211,
      "OGWP": 0.4705
    },
    {
      "Rank": 47,
      "Player": "EL_Zanetti",
      "Points": 9,
      "Wins": 0,
      "Losses": 0,
      "Draws": 0,
      "OMWP": 0.483,
      "GWP": 0.4706,
      "OGWP": 0.4771
    },
    {
      "Rank": 46,
      "Player": "AgentLion09",
      "Points": 9,
      "Wins": 0,
      "Losses": 0,
      "Draws": 0,
      "OMWP": 0.48979999999999996,
      "GWP": 0.47369999999999995,
      "OGWP": 0.47979999999999995
    },
    {
      "Rank": 45,
      "Player": "reidq7",
      "Points": 9,
      "Wins": 0,
      "Losses": 0,
      "Draws": 0,
      "OMWP": 0.5196999999999999,
      "GWP": 0.5,
      "OGWP": 0.4782
    },
    {
      "Rank": 44,
      "Player": "TotheparkTeam",
      "Points": 9,
      "Wins": 0,
      "Losses": 0,
      "Draws": 0,
      "OMWP": 0.5306000000000001,
      "GWP": 0.4,
      "OGWP": 0.5347999999999999
    },
    {
      "Rank": 43,
      "Player": "Mistakenn",
      "Points": 9,
      "Wins": 0,
      "Losses": 0,
      "Draws": 0,
      "OMWP": 0.5442,
      "GWP": 0.4118,
      "OGWP": 0.5162
    },
    {
      "Rank": 42,
      "Player": "elBB",
      "Points": 9,
      "Wins": 0,
      "Losses": 0,
      "Draws": 0,
      "OMWP": 0.5476,
      "GWP": 0.4118,
      "OGWP": 0.5185
    },
    {
      "Rank": 41,
      "Player": "noodle_boi",
      "Points": 9,
      "Wins": 0,
      "Losses": 0,
      "Draws": 0,
      "OMWP": 0.5556,
      "GWP": 0.47619999999999996,
      "OGWP": 0.4962
    },
    {
      "Rank": 40,
      "Player": "Ivan_Draw_Go",
      "Points": 9,
      "Wins": 0,
      "Losses": 0,
      "Draws": 0,
      "OMWP": 0.5556,
      "GWP": 0.44439999999999996,
      "OGWP": 0.5839
    },
    {
      "Rank": 39,
      "Player": "Traumatismes",
      "Points": 9,
      "Wins": 0,
      "Losses": 0,
      "Draws": 0,
      "OMWP": 0.5646,
      "GWP": 0.44439999999999996,
      "OGWP": 0.5506
    },
    {
      "Rank": 38,
      "Player": "draco09",
      "Points": 9,
      "Wins": 0,
      "Losses": 0,
      "Draws": 0,
      "OMWP": 0.5746,
      "GWP": 0.5333,
      "OGWP": 0.5107
    },
    {
      "Rank": 37,
      "Player": "Lollopollo2001",
      "Points": 12,
      "Wins": 0,
      "Losses": 0,
      "Draws": 0,
      "OMWP": 0.4167,
      "GWP": 0.5882000000000001,
      "OGWP": 0.41409999999999997
    },
    {
      "Rank": 36,
      "Player": "Cipher10597",
      "Points": 12,
      "Wins": 0,
      "Losses": 0,
      "Draws": 0,
      "OMWP": 0.4279,
      "GWP": 0.5294,
      "OGWP": 0.4475
    },
    {
      "Rank": 35,
      "Player": "Dantethesnake",
      "Points": 12,
      "Wins": 0,
      "Losses": 0,
      "Draws": 0,
      "OMWP": 0.449,
      "GWP": 0.5,
      "OGWP": 0.43329999999999996
    },
    {
      "Rank": 34,
      "Player": "rastaf",
      "Points": 12,
      "Wins": 0,
      "Losses": 0,
      "Draws": 0,
      "OMWP": 0.449,
      "GWP": 0.625,
      "OGWP": 0.4368
    },
    {
      "Rank": 33,
      "Player": "MJ_23",
      "Points": 12,
      "Wins": 0,
      "Losses": 0,
      "Draws": 0,
      "OMWP": 0.4925,
      "GWP": 0.5882000000000001,
      "OGWP": 0.486
    },
    {
      "Rank": 32,
      "Player": "ryuumei",
      "Points": 12,
      "Wins": 0,
      "Losses": 0,
      "Draws": 0,
      "OMWP": 0.5034000000000001,
      "GWP": 0.5333,
      "OGWP": 0.5324
    },
    {
      "Rank": 31,
      "Player": "Nuserdog",
      "Points": 12,
      "Wins": 0,
      "Losses": 0,
      "Draws": 0,
      "OMWP": 0.5278,
      "GWP": 0.5,
      "OGWP": 0.5409
    },
    {
      "Rank": 30,
      "Player": "ShadowTitan1",
      "Points": 12,
      "Wins": 0,
      "Losses": 0,
      "Draws": 0,
      "OMWP": 0.5442,
      "GWP": 0.6111,
      "OGWP": 0.5081
    },
    {
      "Rank": 29,
      "Player": "Jedgi",
      "Points": 12,
      "Wins": 0,
      "Losses": 0,
      "Draws": 0,
      "OMWP": 0.551,
      "GWP": 0.5,
      "OGWP": 0.5251
    },
    {
      "Rank": 28,
      "Player": "bcs8995",
      "Points": 12,
      "Wins": 0,
      "Losses": 0,
      "Draws": 0,
      "OMWP": 0.5571,
      "GWP": 0.5625,
      "OGWP": 0.518
    },
    {
      "Rank": 27,
      "Player": "Sven745",
      "Points": 12,
      "Wins": 0,
      "Losses": 0,
      "Draws": 0,
      "OMWP": 0.5578,
      "GWP": 0.5625,
      "OGWP": 0.5226
    },
    {
      "Rank": 26,
      "Player": "sokos13",
      "Points": 12,
      "Wins": 0,
      "Losses": 0,
      "Draws": 0,
      "OMWP": 0.5556,
      "GWP": 0.5556,
      "OGWP": 0.5169
    },
    {
      "Rank": 25,
      "Player": "KingHairy",
      "Points": 12,
      "Wins": 0,
      "Losses": 0,
      "Draws": 0,
      "OMWP": 0.5746,
      "GWP": 0.6429,
      "OGWP": 0.5088
    },
    {
      "Rank": 24,
      "Player": "yriel",
      "Points": 12,
      "Wins": 0,
      "Losses": 0,
      "Draws": 0,
      "OMWP": 0.5782,
      "GWP": 0.5556,
      "OGWP": 0.5434
    },
    {
      "Rank": 23,
      "Player": "Young_Shaman",
      "Points": 12,
      "Wins": 0,
      "Losses": 0,
      "Draws": 0,
      "OMWP": 0.5782,
      "GWP": 0.5882000000000001,
      "OGWP": 0.5281
    },
    {
      "Rank": 22,
      "Player": "MeninoNey",
      "Points": 12,
      "Wins": 0,
      "Losses": 0,
      "Draws": 0,
      "OMWP": 0.6389,
      "GWP": 0.5882000000000001,
      "OGWP": 0.5924
    },
    {
      "Rank": 21,
      "Player": "xerioc",
      "Points": 12,
      "Wins": 0,
      "Losses": 0,
      "Draws": 0,
      "OMWP": 0.6395000000000001,
      "GWP": 0.5882000000000001,
      "OGWP": 0.5579999999999999
    },
    {
      "Rank": 20,
      "Player": "barczek",
      "Points": 12,
      "Wins": 0,
      "Losses": 0,
      "Draws": 0,
      "OMWP": 0.6944,
      "GWP": 0.5556,
      "OGWP": 0.6325999999999999
    },
    {
      "Rank": 19,
      "Player": "klien7",
      "Points": 12,
      "Wins": 0,
      "Losses": 0,
      "Draws": 0,
      "OMWP": 0.6939,
      "GWP": 0.5625,
      "OGWP": 0.6341
    },
    {
      "Rank": 18,
      "Player": "Xenowan",
      "Points": 15,
      "Wins": 0,
      "Losses": 0,
      "Draws": 0,
      "OMWP": 0.4653,
      "GWP": 0.6667000000000001,
      "OGWP": 0.4611
    },
    {
      "Rank": 17,
      "Player": "mikeleee",
      "Points": 15,
      "Wins": 0,
      "Losses": 0,
      "Draws": 0,
      "OMWP": 0.4722,
      "GWP": 0.6667000000000001,
      "OGWP": 0.4806
    },
    {
      "Rank": 16,
      "Player": "Suechtler",
      "Points": 15,
      "Wins": 0,
      "Losses": 0,
      "Draws": 0,
      "OMWP": 0.483,
      "GWP": 0.6111,
      "OGWP": 0.4885
    },
    {
      "Rank": 15,
      "Player": "chagu",
      "Points": 15,
      "Wins": 0,
      "Losses": 0,
      "Draws": 0,
      "OMWP": 0.4993,
      "GWP": 0.7059000000000001,
      "OGWP": 0.4833
    },
    {
      "Rank": 14,
      "Player": "DylanGregory",
      "Points": 15,
      "Wins": 0,
      "Losses": 0,
      "Draws": 0,
      "OMWP": 0.5196999999999999,
      "GWP": 0.6470999999999999,
      "OGWP": 0.5291
    },
    {
      "Rank": 13,
      "Player": "Doomenstein",
      "Points": 15,
      "Wins": 0,
      "Losses": 0,
      "Draws": 0,
      "OMWP": 0.5278,
      "GWP": 0.5789,
      "OGWP": 0.5255
    },
    {
      "Rank": 12,
      "Player": "OkoDio",
      "Points": 15,
      "Wins": 0,
      "Losses": 0,
      "Draws": 0,
      "OMWP": 0.5578,
      "GWP": 0.7059000000000001,
      "OGWP": 0.5333
    },
    {
      "Rank": 11,
      "Player": "luvadepedreiro",
      "Points": 15,
      "Wins": 0,
      "Losses": 0,
      "Draws": 0,
      "OMWP": 0.5832999999999999,
      "GWP": 0.6470999999999999,
      "OGWP": 0.5474
    },
    {
      "Rank": 10,
      "Player": "Deathnote1999",
      "Points": 15,
      "Wins": 0,
      "Losses": 0,
      "Draws": 0,
      "OMWP": 0.6389,
      "GWP": 0.55,
      "OGWP": 0.5697
    },
    {
      "Rank": 9,
      "Player": "parkss",
      "Points": 15,
      "Wins": 0,
      "Losses": 0,
      "Draws": 0,
      "OMWP": 0.65,
      "GWP": 0.6667000000000001,
      "OGWP": 0.5855
    },
    {
      "Rank": 8,
      "Player": "Sarlanga",
      "Points": 15,
      "Wins": 0,
      "Losses": 0,
      "Draws": 0,
      "OMWP": 0.6633,
      "GWP": 0.5556,
      "OGWP": 0.5926
    },
    {
      "Rank": 7,
      "Player": "DavidPierceUTA",
      "Points": 15,
      "Wins": 0,
      "Losses": 0,
      "Draws": 0,
      "OMWP": 0.6735,
      "GWP": 0.6315999999999999,
      "OGWP": 0.6132
    },
    {
      "Rank": 6,
      "Player": "viktor_von_muerte",
      "Points": 18,
      "Wins": 0,
      "Losses": 0,
      "Draws": 0,
      "OMWP": 0.5068,
      "GWP": 0.6470999999999999,
      "OGWP": 0.5306000000000001
    },
    {
      "Rank": 5,
      "Player": "Promilx",
      "Points": 18,
      "Wins": 0,
      "Losses": 0,
      "Draws": 0,
      "OMWP": 0.5467,
      "GWP": 0.7222,
      "OGWP": 0.4968
    },
    {
      "Rank": 4,
      "Player": "_Tia93_",
      "Points": 21,
      "Wins": 0,
      "Losses": 0,
      "Draws": 0,
      "OMWP": 0.5714,
      "GWP": 0.6667000000000001,
      "OGWP": 0.5484
    },
    {
      "Rank": 3,
      "Player": "CerealEd",
      "Points": 21,
      "Wins": 0,
      "Losses": 0,
      "Draws": 0,
      "OMWP": 0.6122,
      "GWP": 0.7222,
      "OGWP": 0.5696
    },
    {
      "Rank": 2,
      "Player": "12azor",
      "Points": 24,
      "Wins": 0,
      "Losses": 0,
      "Draws": 0,
      "OMWP": 0.5867,
      "GWP": 0.7222,
      "OGWP": 0.5146000000000001
    },
    {
      "Rank": 1,
      "Player": "O_danielakos",
      "Points": 27,
      "Wins": 0,
      "Losses": 0,
      "Draws": 0,
      "OMWP": 0.6259,
      "GWP": 0.6315999999999999,
      "OGWP": 0.5792
    }
  ]
}