{
  "Tournament": {
    "Id": 12803715,
    "Date": "2025-07-21T03:00:00",
    "Name": "Modern Challenge 32",
    "Uri": null,
    "JsonFile": null,
    "ForceRedownload": false
  },
  "Decks": null,
  "Rounds": [
    {
      "RoundName": "Round 1",
      "Matches": [
        {
          "Player1": "cigarettesaftershrek",
          "Player2": "Cipher10597",
          "Result": "2-0-0"
        },
        {
          "Player1": "Lau7y",
          "Player2": "BirdFlew",
          "Result": "0-2-0"
        },
        {
          "Player1": "ManUFan",
          "Player2": "chrish2134",
          "Result": "2-0-0"
        },
        {
          "Player1": "NotCorazon",
          "Player2": "narca",
          "Result": "0-2-0"
        },
        {
          "Player1": "salad",
          "Player2": "camroux22",
          "Result": "2-0-0"
        },
        {
          "Player1": "kcomedina",
          "Player2": "renatoaraujo",
          "Result": "2-0-0"
        },
        {
          "Player1": "LucasG1ggs",
          "Player2": "LaneOrLaine",
          "Result": "2-0-0"
        },
        {
          "Player1": "Brunes",
          "Player2": "No_e_that_knows",
          "Result": "2-0-0"
        },
        {
          "Player1": "InsaneAP3Z",
          "Player2": "toothymtg",
          "Result": "0-0-0"
        },
        {
          "Player1": "Anguizzz",
          "Player2": "Azja",
          "Result": "0-2-0"
        },
        {
          "Player1": "Shadowz2005",
          "Player2": "jvidarte",
          "Result": "0-2-0"
        },
        {
          "Player1": "nahuel10",
          "Player2": "BubbaFireFox",
          "Result": "2-0-0"
        },
        {
          "Player1": "rastaf",
          "Player2": "Kyoto_Maschi",
          "Result": "0-2-0"
        },
        {
          "Player1": "EiJunCHN",
          "Player2": "_Bound_",
          "Result": "0-2-0"
        },
        {
          "Player1": "klien7",
          "Player2": "jakobpablo",
          "Result": "2-0-0"
        },
        {
          "Player1": "arbitraryarmor",
          "Player2": "Scooby_Snacks",
          "Result": "2-0-0"
        },
        {
          "Player1": "auzzie51",
          "Player2": "Arcbound_Papi",
          "Result": "0-2-0"
        },
        {
          "Player1": "Kaziku",
          "Player2": "yolad",
          "Result": "0-2-0"
        },
        {
          "Player1": "samsoni1",
          "Player2": "Bails76",
          "Result": "2-0-0"
        },
        {
          "Player1": "Bugsy69",
          "Player2": "JulienRodriguez",
          "Result": "0-2-0"
        },
        {
          "Player1": "plaza23",
          "Player2": "_Babbuja_",
          "Result": "0-2-0"
        },
        {
          "Player1": "DemianDesposito10",
          "Player2": "UnbanOko",
          "Result": "0-0-0"
        },
        {
          "Player1": "AbyssalArchon",
          "Player2": "Zoza",
          "Result": "2-0-0"
        },
        {
          "Player1": "HelpfulHobo",
          "Player2": "Badcookie",
          "Result": "2-0-0"
        },
        {
          "Player1": "soggymeatball",
          "Player2": "LukePlaysMTG",
          "Result": "2-0-0"
        },
        {
          "Player1": "tibalt_of_red_sub",
          "Player2": "NathanOfTheGiltLeaf",
          "Result": "2-0-0"
        },
        {
          "Player1": "sandoiche",
          "Player2": "Venom1",
          "Result": "0-2-0"
        },
        {
          "Player1": "TwitchAwP",
          "Player2": "Hiro_Hsiang",
          "Result": "2-0-0"
        },
        {
          "Player1": "NotSnype315",
          "Player2": "Rudxlph",
          "Result": "0-2-0"
        },
        {
          "Player1": "TheWatchWander",
          "Player2": "SupremePete56",
          "Result": "0-2-0"
        },
        {
          "Player1": "TalTheTurtle",
          "Player2": "MisterTwin",
          "Result": "2-0-0"
        },
        {
          "Player1": "DragonFodder",
          "Player2": "derlumberzack",
          "Result": "2-0-0"
        },
        {
          "Player1": "zturchan",
          "Player2": "McFishy",
          "Result": "2-0-0"
        },
        {
          "Player1": "Samcaster-Mage",
          "Player2": "Ciraris",
          "Result": "2-0-0"
        },
        {
          "Player1": "Micro",
          "Player2": "MandrillMan",
          "Result": "2-0-0"
        },
        {
          "Player1": "Raydan",
          "Player2": "goblin_ringleader1",
          "Result": "2-0-0"
        },
        {
          "Player1": "Nammersquats",
          "Player2": "E90_DeliveryBoy",
          "Result": "0-2-0"
        },
        {
          "Player1": "VicTm",
          "Player2": "Delta_Sanku",
          "Result": "2-0-0"
        },
        {
          "Player1": "wolf2222",
          "Player2": "xfile",
          "Result": "0-0-0"
        }
      ]
    },
    {
      "RoundName": "Round 2",
      "Matches": [
        {
          "Player1": "Hiro_Hsiang",
          "Player2": "Ciraris",
          "Result": "0-2-0"
        },
        {
          "Player1": "NathanOfTheGiltLeaf",
          "Player2": "LukePlaysMTG",
          "Result": "0-0-0"
        },
        {
          "Player1": "ManUFan",
          "Player2": "BirdFlew",
          "Result": "0-2-0"
        },
        {
          "Player1": "derlumberzack",
          "Player2": "Shadowz2005",
          "Result": "2-0-0"
        },
        {
          "Player1": "UnbanOko",
          "Player2": "toothymtg",
          "Result": "2-0-0"
        },
        {
          "Player1": "TheWatchWander",
          "Player2": "Cipher10597",
          "Result": "2-0-0"
        },
        {
          "Player1": "soggymeatball",
          "Player2": "TalTheTurtle",
          "Result": "0-2-0"
        },
        {
          "Player1": "samsoni1",
          "Player2": "nahuel10",
          "Result": "0-2-0"
        },
        {
          "Player1": "Bails76",
          "Player2": "Scooby_Snacks",
          "Result": "2-0-0"
        },
        {
          "Player1": "JulienRodriguez",
          "Player2": "DemianDesposito10",
          "Result": "2-0-0"
        },
        {
          "Player1": "AbyssalArchon",
          "Player2": "Rudxlph",
          "Result": "2-0-0"
        },
        {
          "Player1": "EiJunCHN",
          "Player2": "MisterTwin",
          "Result": "2-0-0"
        },
        {
          "Player1": "rastaf",
          "Player2": "xfile",
          "Result": "2-0-0"
        },
        {
          "Player1": "camroux22",
          "Player2": "goblin_ringleader1",
          "Result": "2-0-0"
        },
        {
          "Player1": "kcomedina",
          "Player2": "InsaneAP3Z",
          "Result": "2-0-0"
        },
        {
          "Player1": "Brunes",
          "Player2": "yolad",
          "Result": "2-0-0"
        },
        {
          "Player1": "tibalt_of_red_sub",
          "Player2": "MandrillMan",
          "Result": "2-0-0"
        },
        {
          "Player1": "Arcbound_Papi",
          "Player2": "VicTm",
          "Result": "0-2-0"
        },
        {
          "Player1": "Venom1",
          "Player2": "_Babbuja_",
          "Result": "0-2-0"
        },
        {
          "Player1": "Micro",
          "Player2": "Kyoto_Maschi",
          "Result": "2-0-0"
        },
        {
          "Player1": "wolf2222",
          "Player2": "HelpfulHobo",
          "Result": "2-0-0"
        },
        {
          "Player1": "zturchan",
          "Player2": "salad",
          "Result": "0-2-0"
        },
        {
          "Player1": "LucasG1ggs",
          "Player2": "narca",
          "Result": "2-0-0"
        },
        {
          "Player1": "NotSnype315",
          "Player2": "Lau7y",
          "Result": "0-2-0"
        },
        {
          "Player1": "BubbaFireFox",
          "Player2": "McFishy",
          "Result": "2-0-0"
        },
        {
          "Player1": "DragonFodder",
          "Player2": "E90_DeliveryBoy",
          "Result": "0-2-0"
        },
        {
          "Player1": "TwitchAwP",
          "Player2": "Azja",
          "Result": "0-2-0"
        },
        {
          "Player1": "arbitraryarmor",
          "Player2": "Raydan",
          "Result": "0-2-0"
        },
        {
          "Player1": "Samcaster-Mage",
          "Player2": "cigarettesaftershrek",
          "Result": "0-2-0"
        },
        {
          "Player1": "sandoiche",
          "Player2": "LaneOrLaine",
          "Result": "0-2-0"
        },
        {
          "Player1": "auzzie51",
          "Player2": "Delta_Sanku",
          "Result": "0-2-0"
        },
        {
          "Player1": "renatoaraujo",
          "Player2": "chrish2134",
          "Result": "0-2-0"
        },
        {
          "Player1": "klien7",
          "Player2": "_Bound_",
          "Result": "2-0-0"
        },
        {
          "Player1": "NotCorazon",
          "Player2": "No_e_that_knows",
          "Result": "2-0-0"
        },
        {
          "Player1": "Nammersquats",
          "Player2": "Badcookie",
          "Result": "0-2-0"
        },
        {
          "Player1": "plaza23",
          "Player2": "Zoza",
          "Result": "0-2-0"
        },
        {
          "Player1": "jvidarte",
          "Player2": "SupremePete56",
          "Result": "0-2-0"
        }
      ]
    },
    {
      "RoundName": "Round 3",
      "Matches": [
        {
          "Player1": "soggymeatball",
          "Player2": "LaneOrLaine",
          "Result": "2-0-0"
        },
        {
          "Player1": "NotCorazon",
          "Player2": "DemianDesposito10",
          "Result": "2-0-0"
        },
        {
          "Player1": "tibalt_of_red_sub",
          "Player2": "SupremePete56",
          "Result": "2-0-0"
        },
        {
          "Player1": "InsaneAP3Z",
          "Player2": "Bails76",
          "Result": "0-2-0"
        },
        {
          "Player1": "arbitraryarmor",
          "Player2": "camroux22",
          "Result": "2-0-0"
        },
        {
          "Player1": "NathanOfTheGiltLeaf",
          "Player2": "UnbanOko",
          "Result": "2-0-0"
        },
        {
          "Player1": "Arcbound_Papi",
          "Player2": "TheWatchWander",
          "Result": "0-2-0"
        },
        {
          "Player1": "AbyssalArchon",
          "Player2": "cigarettesaftershrek",
          "Result": "2-0-0"
        },
        {
          "Player1": "kcomedina",
          "Player2": "salad",
          "Result": "0-2-0"
        },
        {
          "Player1": "rastaf",
          "Player2": "Samcaster-Mage",
          "Result": "2-0-0"
        },
        {
          "Player1": "zturchan",
          "Player2": "TwitchAwP",
          "Result": "2-0-0"
        },
        {
          "Player1": "derlumberzack",
          "Player2": "Lau7y",
          "Result": "0-2-0"
        },
        {
          "Player1": "Raydan",
          "Player2": "nahuel10",
          "Result": "0-2-0"
        },
        {
          "Player1": "Delta_Sanku",
          "Player2": "EiJunCHN",
          "Result": "2-0-0"
        },
        {
          "Player1": "Brunes",
          "Player2": "_Babbuja_",
          "Result": "2-0-0"
        },
        {
          "Player1": "ManUFan",
          "Player2": "BubbaFireFox",
          "Result": "2-0-0"
        },
        {
          "Player1": "Micro",
          "Player2": "TalTheTurtle",
          "Result": "0-2-0"
        },
        {
          "Player1": "wolf2222",
          "Player2": "klien7",
          "Result": "2-0-0"
        },
        {
          "Player1": "JulienRodriguez",
          "Player2": "Azja",
          "Result": "0-2-0"
        },
        {
          "Player1": "Venom1",
          "Player2": "Kyoto_Maschi",
          "Result": "1-2-0"
        },
        {
          "Player1": "DragonFodder",
          "Player2": "HelpfulHobo",
          "Result": "2-0-0"
        },
        {
          "Player1": "LucasG1ggs",
          "Player2": "BirdFlew",
          "Result": "2-0-0"
        },
        {
          "Player1": "Badcookie",
          "Player2": "Ciraris",
          "Result": "1-2-0"
        },
        {
          "Player1": "Shadowz2005",
          "Player2": "Cipher10597",
          "Result": "0-2-0"
        },
        {
          "Player1": "samsoni1",
          "Player2": "_Bound_",
          "Result": "0-2-0"
        },
        {
          "Player1": "xfile",
          "Player2": "MandrillMan",
          "Result": "0-2-0"
        },
        {
          "Player1": "Zoza",
          "Player2": "yolad",
          "Result": "0-2-0"
        },
        {
          "Player1": "narca",
          "Player2": "Rudxlph",
          "Result": "2-0-0"
        },
        {
          "Player1": "chrish2134",
          "Player2": "jvidarte",
          "Result": "0-2-0"
        },
        {
          "Player1": "LukePlaysMTG",
          "Player2": "goblin_ringleader1",
          "Result": "0-2-0"
        },
        {
          "Player1": "VicTm",
          "Player2": "E90_DeliveryBoy",
          "Result": "2-0-0"
        }
      ]
    },
    {
      "RoundName": "Round 4",
      "Matches": [
        {
          "Player1": "Lau7y",
          "Player2": "yolad",
          "Result": "2-0-0"
        },
        {
          "Player1": "salad",
          "Player2": "Azja",
          "Result": "0-2-0"
        },
        {
          "Player1": "cigarettesaftershrek",
          "Player2": "SupremePete56",
          "Result": "0-2-0"
        },
        {
          "Player1": "Brunes",
          "Player2": "AbyssalArchon",
          "Result": "0-2-0"
        },
        {
          "Player1": "samsoni1",
          "Player2": "camroux22",
          "Result": "2-0-0"
        },
        {
          "Player1": "NathanOfTheGiltLeaf",
          "Player2": "_Babbuja_",
          "Result": "0-0-0"
        },
        {
          "Player1": "kcomedina",
          "Player2": "E90_DeliveryBoy",
          "Result": "0-2-0"
        },
        {
          "Player1": "LucasG1ggs",
          "Player2": "TalTheTurtle",
          "Result": "0-0-0"
        },
        {
          "Player1": "Kyoto_Maschi",
          "Player2": "Ciraris",
          "Result": "2-0-0"
        },
        {
          "Player1": "ManUFan",
          "Player2": "JulienRodriguez",
          "Result": "2-0-0"
        },
        {
          "Player1": "zturchan",
          "Player2": "BirdFlew",
          "Result": "2-0-0"
        },
        {
          "Player1": "klien7",
          "Player2": "Delta_Sanku",
          "Result": "0-2-0"
        },
        {
          "Player1": "MandrillMan",
          "Player2": "goblin_ringleader1",
          "Result": "2-0-0"
        },
        {
          "Player1": "wolf2222",
          "Player2": "VicTm",
          "Result": "2-0-0"
        },
        {
          "Player1": "TheWatchWander",
          "Player2": "Bails76",
          "Result": "0-2-0"
        },
        {
          "Player1": "rastaf",
          "Player2": "DragonFodder",
          "Result": "2-0-0"
        },
        {
          "Player1": "InsaneAP3Z",
          "Player2": "Cipher10597",
          "Result": "2-0-0"
        },
        {
          "Player1": "Venom1",
          "Player2": "Scooby_Snacks",
          "Result": "0-0-0"
        },
        {
          "Player1": "Raydan",
          "Player2": "soggymeatball",
          "Result": "2-0-0"
        },
        {
          "Player1": "derlumberzack",
          "Player2": "Arcbound_Papi",
          "Result": "2-0-0"
        },
        {
          "Player1": "Samcaster-Mage",
          "Player2": "Badcookie",
          "Result": "2-0-0"
        },
        {
          "Player1": "tibalt_of_red_sub",
          "Player2": "nahuel10",
          "Result": "0-2-0"
        },
        {
          "Player1": "arbitraryarmor",
          "Player2": "jvidarte",
          "Result": "2-0-0"
        },
        {
          "Player1": "Micro",
          "Player2": "NotCorazon",
          "Result": "2-0-0"
        },
        {
          "Player1": "narca",
          "Player2": "_Bound_",
          "Result": "0-2-0"
        },
        {
          "Player1": "DemianDesposito10",
          "Player2": "BubbaFireFox",
          "Result": "0-2-0"
        }
      ]
    },
    {
      "RoundName": "Round 5",
      "Matches": [
        {
          "Player1": "kcomedina",
          "Player2": "Samcaster-Mage",
          "Result": "2-0-0"
        },
        {
          "Player1": "samsoni1",
          "Player2": "BubbaFireFox",
          "Result": "0-2-0"
        },
        {
          "Player1": "wolf2222",
          "Player2": "TalTheTurtle",
          "Result": "0-2-0"
        },
        {
          "Player1": "arbitraryarmor",
          "Player2": "Brunes",
          "Result": "2-0-0"
        },
        {
          "Player1": "MandrillMan",
          "Player2": "yolad",
          "Result": "0-0-0"
        },
        {
          "Player1": "rastaf",
          "Player2": "E90_DeliveryBoy",
          "Result": "2-0-0"
        },
        {
          "Player1": "klien7",
          "Player2": "_Babbuja_",
          "Result": "2-0-0"
        },
        {
          "Player1": "Raydan",
          "Player2": "_Bound_",
          "Result": "2-0-0"
        },
        {
          "Player1": "Arcbound_Papi",
          "Player2": "goblin_ringleader1",
          "Result": "2-0-0"
        },
        {
          "Player1": "NotCorazon",
          "Player2": "TheWatchWander",
          "Result": "2-0-0"
        },
        {
          "Player1": "VicTm",
          "Player2": "Bails76",
          "Result": "0-2-0"
        },
        {
          "Player1": "zturchan",
          "Player2": "Micro",
          "Result": "2-0-0"
        },
        {
          "Player1": "JulienRodriguez",
          "Player2": "InsaneAP3Z",
          "Result": "0-2-0"
        },
        {
          "Player1": "derlumberzack",
          "Player2": "Badcookie",
          "Result": "2-0-0"
        },
        {
          "Player1": "LucasG1ggs",
          "Player2": "salad",
          "Result": "0-0-0"
        },
        {
          "Player1": "Delta_Sanku",
          "Player2": "NathanOfTheGiltLeaf",
          "Result": "0-2-0"
        },
        {
          "Player1": "tibalt_of_red_sub",
          "Player2": "Kyoto_Maschi",
          "Result": "2-0-0"
        },
        {
          "Player1": "soggymeatball",
          "Player2": "BirdFlew",
          "Result": "2-0-0"
        },
        {
          "Player1": "jvidarte",
          "Player2": "Ciraris",
          "Result": "2-0-0"
        },
        {
          "Player1": "ManUFan",
          "Player2": "Lau7y",
          "Result": "0-2-0"
        },
        {
          "Player1": "Azja",
          "Player2": "AbyssalArchon",
          "Result": "0-2-0"
        },
        {
          "Player1": "DragonFodder",
          "Player2": "Venom1",
          "Result": "0-2-0"
        },
        {
          "Player1": "nahuel10",
          "Player2": "SupremePete56",
          "Result": "0-2-0"
        }
      ]
    },
    {
      "RoundName": "Round 6",
      "Matches": [
        {
          "Player1": "BubbaFireFox",
          "Player2": "E90_DeliveryBoy",
          "Result": "0-2-0"
        },
        {
          "Player1": "ManUFan",
          "Player2": "Venom1",
          "Result": "2-0-0"
        },
        {
          "Player1": "Micro",
          "Player2": "jvidarte",
          "Result": "2-0-0"
        },
        {
          "Player1": "nahuel10",
          "Player2": "Lau7y",
          "Result": "0-2-0"
        },
        {
          "Player1": "wolf2222",
          "Player2": "Bails76",
          "Result": "0-2-0"
        },
        {
          "Player1": "NotCorazon",
          "Player2": "soggymeatball",
          "Result": "0-2-0"
        },
        {
          "Player1": "DemianDesposito10",
          "Player2": "Ciraris",
          "Result": "2-0-0"
        },
        {
          "Player1": "arbitraryarmor",
          "Player2": "VicTm",
          "Result": "2-0-0"
        },
        {
          "Player1": "samsoni1",
          "Player2": "Samcaster-Mage",
          "Result": "0-2-0"
        },
        {
          "Player1": "JulienRodriguez",
          "Player2": "BirdFlew",
          "Result": "2-0-0"
        },
        {
          "Player1": "zturchan",
          "Player2": "tibalt_of_red_sub",
          "Result": "2-0-0"
        },
        {
          "Player1": "derlumberzack",
          "Player2": "MandrillMan",
          "Result": "0-2-0"
        },
        {
          "Player1": "rastaf",
          "Player2": "Raydan",
          "Result": "0-2-0"
        },
        {
          "Player1": "InsaneAP3Z",
          "Player2": "Kyoto_Maschi",
          "Result": "0-0-0"
        },
        {
          "Player1": "salad",
          "Player2": "NathanOfTheGiltLeaf",
          "Result": "0-2-0"
        },
        {
          "Player1": "kcomedina",
          "Player2": "Brunes",
          "Result": "2-0-0"
        },
        {
          "Player1": "klien7",
          "Player2": "yolad",
          "Result": "0-2-0"
        },
        {
          "Player1": "Azja",
          "Player2": "SupremePete56",
          "Result": "0-2-0"
        },
        {
          "Player1": "DragonFodder",
          "Player2": "TheWatchWander",
          "Result": "2-0-0"
        },
        {
          "Player1": "LucasG1ggs",
          "Player2": "Delta_Sanku",
          "Result": "0-2-0"
        },
        {
          "Player1": "AbyssalArchon",
          "Player2": "TalTheTurtle",
          "Result": "0-2-0"
        }
      ]
    },
    {
      "RoundName": "Round 7",
      "Matches": [
        {
          "Player1": "NathanOfTheGiltLeaf",
          "Player2": "SupremePete56",
          "Result": "2-0-0"
        },
        {
          "Player1": "LucasG1ggs",
          "Player2": "NotCorazon",
          "Result": "2-0-0"
        },
        {
          "Player1": "MandrillMan",
          "Player2": "Kyoto_Maschi",
          "Result": "0-2-0"
        },
        {
          "Player1": "salad",
          "Player2": "E90_DeliveryBoy",
          "Result": "2-0-0"
        },
        {
          "Player1": "wolf2222",
          "Player2": "soggymeatball",
          "Result": "2-0-0"
        },
        {
          "Player1": "JulienRodriguez",
          "Player2": "yolad",
          "Result": "0-2-0"
        },
        {
          "Player1": "jvidarte",
          "Player2": "DemianDesposito10",
          "Result": "2-0-0"
        },
        {
          "Player1": "VicTm",
          "Player2": "BubbaFireFox",
          "Result": "2-0-0"
        },
        {
          "Player1": "nahuel10",
          "Player2": "Delta_Sanku",
          "Result": "2-0-0"
        },
        {
          "Player1": "arbitraryarmor",
          "Player2": "TalTheTurtle",
          "Result": "2-1-0"
        },
        {
          "Player1": "DragonFodder",
          "Player2": "Micro",
          "Result": "0-2-0"
        },
        {
          "Player1": "klien7",
          "Player2": "Badcookie",
          "Result": "2-0-0"
        },
        {
          "Player1": "tibalt_of_red_sub",
          "Player2": "Azja",
          "Result": "0-2-0"
        },
        {
          "Player1": "ManUFan",
          "Player2": "Bails76",
          "Result": "0-2-0"
        },
        {
          "Player1": "Samcaster-Mage",
          "Player2": "Brunes",
          "Result": "2-0-0"
        },
        {
          "Player1": "zturchan",
          "Player2": "Raydan",
          "Result": "0-2-0"
        },
        {
          "Player1": "rastaf",
          "Player2": "kcomedina",
          "Result": "2-0-0"
        },
        {
          "Player1": "AbyssalArchon",
          "Player2": "Lau7y",
          "Result": "2-0-0"
        }
      ]
    },
    {
      "RoundName": "Round 8",
      "Matches": [
        {
          "Player1": "Micro",
          "Player2": "TalTheTurtle",
          "Result": "0-2-0"
        },
        {
          "Player1": "salad",
          "Player2": "Raydan",
          "Result": "2-0-0"
        },
        {
          "Player1": "arbitraryarmor",
          "Player2": "Bails76",
          "Result": "0-2-0"
        },
        {
          "Player1": "AbyssalArchon",
          "Player2": "NathanOfTheGiltLeaf",
          "Result": "0-2-0"
        }
      ]
    },
    {
      "RoundName": "Round 9",
      "Matches": [
        {
          "Player1": "salad",
          "Player2": "Bails76",
          "Result": "0-2-0"
        },
        {
          "Player1": "NathanOfTheGiltLeaf",
          "Player2": "TalTheTurtle",
          "Result": "0-0-0"
        }
      ]
    },
    {
      "RoundName": "Round 10",
      "Matches": [
        {
          "Player1": "Bails76",
          "Player2": "TalTheTurtle",
          "Result": "2-0-0"
        }
      ]
    }
  ],
  "Standings": [
    {
      "Rank": 78,
      "Player": "Hiro_Hsiang",
      "Points": 0,
      "Wins": 0,
      "Losses": 0,
      "Draws": 0,
      "OMWP": 0.3333,
      "GWP": 0.2,
      "OGWP": 0.402
    },
    {
      "Rank": 77,
      "Player": "plaza23",
      "Points": 0,
      "Wins": 0,
      "Losses": 0,
      "Draws": 0,
      "OMWP": 0.3667,
      "GWP": 0,
      "OGWP": 0.4167
    },
    {
      "Rank": 76,
      "Player": "sandoiche",
      "Points": 0,
      "Wins": 0,
      "Losses": 0,
      "Draws": 0,
      "OMWP": 0.4167,
      "GWP": 0,
      "OGWP": 0.4167
    },
    {
      "Rank": 75,
      "Player": "toothymtg",
      "Points": 0,
      "Wins": 0,
      "Losses": 0,
      "Draws": 0,
      "OMWP": 0.4167,
      "GWP": 0,
      "OGWP": 0.479
    },
    {
      "Rank": 74,
      "Player": "No_e_that_knows",
      "Points": 0,
      "Wins": 0,
      "Losses": 0,
      "Draws": 0,
      "OMWP": 0.4286,
      "GWP": 0.2,
      "OGWP": 0.4722
    },
    {
      "Rank": 73,
      "Player": "Bugsy69",
      "Points": 0,
      "Wins": 0,
      "Losses": 0,
      "Draws": 0,
      "OMWP": 0.4286,
      "GWP": 0.3333,
      "OGWP": 0.47369999999999995
    },
    {
      "Rank": 72,
      "Player": "Nammersquats",
      "Points": 0,
      "Wins": 0,
      "Losses": 0,
      "Draws": 0,
      "OMWP": 0.4524,
      "GWP": 0,
      "OGWP": 0.4507
    },
    {
      "Rank": 71,
      "Player": "renatoaraujo",
      "Points": 0,
      "Wins": 0,
      "Losses": 0,
      "Draws": 0,
      "OMWP": 0.4524,
      "GWP": 0.3333,
      "OGWP": 0.4625
    },
    {
      "Rank": 70,
      "Player": "auzzie51",
      "Points": 0,
      "Wins": 0,
      "Losses": 0,
      "Draws": 0,
      "OMWP": 0.4857,
      "GWP": 0.2,
      "OGWP": 0.49200000000000005
    },
    {
      "Rank": 69,
      "Player": "Shadowz2005",
      "Points": 0,
      "Wins": 0,
      "Losses": 0,
      "Draws": 0,
      "OMWP": 0.4921,
      "GWP": 0.25,
      "OGWP": 0.484
    },
    {
      "Rank": 68,
      "Player": "NotSnype315",
      "Points": 0,
      "Wins": 0,
      "Losses": 0,
      "Draws": 0,
      "OMWP": 0.5238,
      "GWP": 0.3333,
      "OGWP": 0.4825
    },
    {
      "Rank": 67,
      "Player": "McFishy",
      "Points": 0,
      "Wins": 0,
      "Losses": 0,
      "Draws": 0,
      "OMWP": 0.5714,
      "GWP": 0,
      "OGWP": 0.579
    },
    {
      "Rank": 66,
      "Player": "Kaziku",
      "Points": 0,
      "Wins": 0,
      "Losses": 0,
      "Draws": 0,
      "OMWP": 0.5714,
      "GWP": 0.3333,
      "OGWP": 0.5
    },
    {
      "Rank": 65,
      "Player": "jakobpablo",
      "Points": 0,
      "Wins": 0,
      "Losses": 0,
      "Draws": 0,
      "OMWP": 0.5714,
      "GWP": 0.3333,
      "OGWP": 0.5
    },
    {
      "Rank": 64,
      "Player": "LukePlaysMTG",
      "Points": 0,
      "Wins": 0,
      "Losses": 0,
      "Draws": 0,
      "OMWP": 0.5872999999999999,
      "GWP": 0.25,
      "OGWP": 0.5694
    },
    {
      "Rank": 63,
      "Player": "MisterTwin",
      "Points": 0,
      "Wins": 0,
      "Losses": 0,
      "Draws": 0,
      "OMWP": 0.5952000000000001,
      "GWP": 0.2,
      "OGWP": 0.5699000000000001
    },
    {
      "Rank": 62,
      "Player": "xfile",
      "Points": 0,
      "Wins": 0,
      "Losses": 0,
      "Draws": 0,
      "OMWP": 0.6667000000000001,
      "GWP": 0,
      "OGWP": 0.6092
    },
    {
      "Rank": 61,
      "Player": "Anguizzz",
      "Points": 0,
      "Wins": 0,
      "Losses": 0,
      "Draws": 0,
      "OMWP": 0.7143,
      "GWP": 0.3333,
      "OGWP": 0.6315999999999999
    },
    {
      "Rank": 60,
      "Player": "Cipher10597",
      "Points": 3,
      "Wins": 0,
      "Losses": 0,
      "Draws": 0,
      "OMWP": 0.4167,
      "GWP": 0.3636,
      "OGWP": 0.4368
    },
    {
      "Rank": 59,
      "Player": "LaneOrLaine",
      "Points": 3,
      "Wins": 0,
      "Losses": 0,
      "Draws": 0,
      "OMWP": 0.4921,
      "GWP": 0.3333,
      "OGWP": 0.4972
    },
    {
      "Rank": 58,
      "Player": "chrish2134",
      "Points": 3,
      "Wins": 0,
      "Losses": 0,
      "Draws": 0,
      "OMWP": 0.4921,
      "GWP": 0.375,
      "OGWP": 0.4653
    },
    {
      "Rank": 57,
      "Player": "HelpfulHobo",
      "Points": 3,
      "Wins": 0,
      "Losses": 0,
      "Draws": 0,
      "OMWP": 0.4921,
      "GWP": 0.375,
      "OGWP": 0.5
    },
    {
      "Rank": 56,
      "Player": "goblin_ringleader1",
      "Points": 3,
      "Wins": 0,
      "Losses": 0,
      "Draws": 0,
      "OMWP": 0.499,
      "GWP": 0.25,
      "OGWP": 0.4979
    },
    {
      "Rank": 55,
      "Player": "EiJunCHN",
      "Points": 3,
      "Wins": 0,
      "Losses": 0,
      "Draws": 0,
      "OMWP": 0.5015999999999999,
      "GWP": 0.375,
      "OGWP": 0.4671
    },
    {
      "Rank": 54,
      "Player": "UnbanOko",
      "Points": 3,
      "Wins": 0,
      "Losses": 0,
      "Draws": 0,
      "OMWP": 0.5397,
      "GWP": 0.4286,
      "OGWP": 0.4861
    },
    {
      "Rank": 53,
      "Player": "camroux22",
      "Points": 3,
      "Wins": 0,
      "Losses": 0,
      "Draws": 0,
      "OMWP": 0.5595,
      "GWP": 0.3333,
      "OGWP": 0.5206000000000001
    },
    {
      "Rank": 52,
      "Player": "Rudxlph",
      "Points": 3,
      "Wins": 0,
      "Losses": 0,
      "Draws": 0,
      "OMWP": 0.5635,
      "GWP": 0.2857,
      "OGWP": 0.4815
    },
    {
      "Rank": 51,
      "Player": "TwitchAwP",
      "Points": 3,
      "Wins": 0,
      "Losses": 0,
      "Draws": 0,
      "OMWP": 0.5872999999999999,
      "GWP": 0.2857,
      "OGWP": 0.5508
    },
    {
      "Rank": 50,
      "Player": "Zoza",
      "Points": 3,
      "Wins": 0,
      "Losses": 0,
      "Draws": 0,
      "OMWP": 0.5872999999999999,
      "GWP": 0.3333,
      "OGWP": 0.5
    },
    {
      "Rank": 49,
      "Player": "Scooby_Snacks",
      "Points": 3,
      "Wins": 0,
      "Losses": 0,
      "Draws": 0,
      "OMWP": 0.7381,
      "GWP": 0.3333,
      "OGWP": 0.6053000000000001
    },
    {
      "Rank": 48,
      "Player": "Arcbound_Papi",
      "Points": 6,
      "Wins": 0,
      "Losses": 0,
      "Draws": 0,
      "OMWP": 0.4286,
      "GWP": 0.4545,
      "OGWP": 0.4437
    },
    {
      "Rank": 47,
      "Player": "Badcookie",
      "Points": 6,
      "Wins": 0,
      "Losses": 0,
      "Draws": 0,
      "OMWP": 0.4524,
      "GWP": 0.375,
      "OGWP": 0.4612
    },
    {
      "Rank": 46,
      "Player": "narca",
      "Points": 6,
      "Wins": 0,
      "Losses": 0,
      "Draws": 0,
      "OMWP": 0.4833,
      "GWP": 0.44439999999999996,
      "OGWP": 0.46240000000000003
    },
    {
      "Rank": 45,
      "Player": "Ciraris",
      "Points": 6,
      "Wins": 0,
      "Losses": 0,
      "Draws": 0,
      "OMWP": 0.4921,
      "GWP": 0.4706,
      "OGWP": 0.4389
    },
    {
      "Rank": 44,
      "Player": "TheWatchWander",
      "Points": 6,
      "Wins": 0,
      "Losses": 0,
      "Draws": 0,
      "OMWP": 0.527,
      "GWP": 0.3846,
      "OGWP": 0.5097
    },
    {
      "Rank": 43,
      "Player": "_Babbuja_",
      "Points": 6,
      "Wins": 0,
      "Losses": 0,
      "Draws": 0,
      "OMWP": 0.5381,
      "GWP": 0.5,
      "OGWP": 0.5167
    },
    {
      "Rank": 42,
      "Player": "samsoni1",
      "Points": 6,
      "Wins": 0,
      "Losses": 0,
      "Draws": 0,
      "OMWP": 0.5841,
      "GWP": 0.4706,
      "OGWP": 0.5289
    },
    {
      "Rank": 41,
      "Player": "BirdFlew",
      "Points": 6,
      "Wins": 0,
      "Losses": 0,
      "Draws": 0,
      "OMWP": 0.5952000000000001,
      "GWP": 0.4,
      "OGWP": 0.5856
    },
    {
      "Rank": 40,
      "Player": "cigarettesaftershrek",
      "Points": 6,
      "Wins": 0,
      "Losses": 0,
      "Draws": 0,
      "OMWP": 0.619,
      "GWP": 0.5,
      "OGWP": 0.5354
    },
    {
      "Rank": 39,
      "Player": "DemianDesposito10",
      "Points": 9,
      "Wins": 0,
      "Losses": 0,
      "Draws": 0,
      "OMWP": 0.42060000000000003,
      "GWP": 0.375,
      "OGWP": 0.4646
    },
    {
      "Rank": 38,
      "Player": "Venom1",
      "Points": 9,
      "Wins": 0,
      "Losses": 0,
      "Draws": 0,
      "OMWP": 0.4635,
      "GWP": 0.5,
      "OGWP": 0.4632
    },
    {
      "Rank": 37,
      "Player": "NotCorazon",
      "Points": 9,
      "Wins": 0,
      "Losses": 0,
      "Draws": 0,
      "OMWP": 0.4932,
      "GWP": 0.44439999999999996,
      "OGWP": 0.47240000000000004
    },
    {
      "Rank": 36,
      "Player": "JulienRodriguez",
      "Points": 9,
      "Wins": 0,
      "Losses": 0,
      "Draws": 0,
      "OMWP": 0.4932,
      "GWP": 0.47369999999999995,
      "OGWP": 0.47600000000000003
    },
    {
      "Rank": 35,
      "Player": "BubbaFireFox",
      "Points": 9,
      "Wins": 0,
      "Losses": 0,
      "Draws": 0,
      "OMWP": 0.5034000000000001,
      "GWP": 0.4706,
      "OGWP": 0.4991
    },
    {
      "Rank": 34,
      "Player": "_Bound_",
      "Points": 9,
      "Wins": 0,
      "Losses": 0,
      "Draws": 0,
      "OMWP": 0.519,
      "GWP": 0.5385,
      "OGWP": 0.5205
    },
    {
      "Rank": 33,
      "Player": "DragonFodder",
      "Points": 9,
      "Wins": 0,
      "Losses": 0,
      "Draws": 0,
      "OMWP": 0.534,
      "GWP": 0.5,
      "OGWP": 0.5189
    },
    {
      "Rank": 32,
      "Player": "InsaneAP3Z",
      "Points": 9,
      "Wins": 0,
      "Losses": 0,
      "Draws": 0,
      "OMWP": 0.5397,
      "GWP": 0.5294,
      "OGWP": 0.4925
    },
    {
      "Rank": 31,
      "Player": "Brunes",
      "Points": 9,
      "Wins": 0,
      "Losses": 0,
      "Draws": 0,
      "OMWP": 0.5946,
      "GWP": 0.5,
      "OGWP": 0.5259
    },
    {
      "Rank": 30,
      "Player": "Samcaster-Mage",
      "Points": 12,
      "Wins": 0,
      "Losses": 0,
      "Draws": 0,
      "OMWP": 0.4592,
      "GWP": 0.5,
      "OGWP": 0.5019
    },
    {
      "Rank": 29,
      "Player": "derlumberzack",
      "Points": 12,
      "Wins": 0,
      "Losses": 0,
      "Draws": 0,
      "OMWP": 0.4635,
      "GWP": 0.5882000000000001,
      "OGWP": 0.475
    },
    {
      "Rank": 28,
      "Player": "yolad",
      "Points": 12,
      "Wins": 0,
      "Losses": 0,
      "Draws": 0,
      "OMWP": 0.483,
      "GWP": 0.5,
      "OGWP": 0.4754
    },
    {
      "Rank": 27,
      "Player": "klien7",
      "Points": 12,
      "Wins": 0,
      "Losses": 0,
      "Draws": 0,
      "OMWP": 0.5034000000000001,
      "GWP": 0.5,
      "OGWP": 0.48590000000000005
    },
    {
      "Rank": 26,
      "Player": "ManUFan",
      "Points": 12,
      "Wins": 0,
      "Losses": 0,
      "Draws": 0,
      "OMWP": 0.5136,
      "GWP": 0.5625,
      "OGWP": 0.505
    },
    {
      "Rank": 25,
      "Player": "jvidarte",
      "Points": 12,
      "Wins": 0,
      "Losses": 0,
      "Draws": 0,
      "OMWP": 0.5306000000000001,
      "GWP": 0.5,
      "OGWP": 0.4868
    },
    {
      "Rank": 24,
      "Player": "LucasG1ggs",
      "Points": 12,
      "Wins": 0,
      "Losses": 0,
      "Draws": 0,
      "OMWP": 0.534,
      "GWP": 0.5333,
      "OGWP": 0.5091
    },
    {
      "Rank": 23,
      "Player": "E90_DeliveryBoy",
      "Points": 12,
      "Wins": 0,
      "Losses": 0,
      "Draws": 0,
      "OMWP": 0.5374,
      "GWP": 0.5263,
      "OGWP": 0.5324
    },
    {
      "Rank": 22,
      "Player": "MandrillMan",
      "Points": 12,
      "Wins": 0,
      "Losses": 0,
      "Draws": 0,
      "OMWP": 0.5442,
      "GWP": 0.5556,
      "OGWP": 0.49219999999999997
    },
    {
      "Rank": 21,
      "Player": "kcomedina",
      "Points": 12,
      "Wins": 0,
      "Losses": 0,
      "Draws": 0,
      "OMWP": 0.5476,
      "GWP": 0.55,
      "OGWP": 0.5262
    },
    {
      "Rank": 20,
      "Player": "soggymeatball",
      "Points": 12,
      "Wins": 0,
      "Losses": 0,
      "Draws": 0,
      "OMWP": 0.551,
      "GWP": 0.625,
      "OGWP": 0.5305
    },
    {
      "Rank": 19,
      "Player": "Delta_Sanku",
      "Points": 12,
      "Wins": 0,
      "Losses": 0,
      "Draws": 0,
      "OMWP": 0.5646,
      "GWP": 0.5294,
      "OGWP": 0.5311
    },
    {
      "Rank": 18,
      "Player": "VicTm",
      "Points": 12,
      "Wins": 0,
      "Losses": 0,
      "Draws": 0,
      "OMWP": 0.6286,
      "GWP": 0.5789,
      "OGWP": 0.5602
    },
    {
      "Rank": 17,
      "Player": "tibalt_of_red_sub",
      "Points": 12,
      "Wins": 0,
      "Losses": 0,
      "Draws": 0,
      "OMWP": 0.7143,
      "GWP": 0.5294,
      "OGWP": 0.6333
    },
    {
      "Rank": 16,
      "Player": "zturchan",
      "Points": 15,
      "Wins": 0,
      "Losses": 0,
      "Draws": 0,
      "OMWP": 0.551,
      "GWP": 0.6875,
      "OGWP": 0.5238
    },
    {
      "Rank": 15,
      "Player": "Kyoto_Maschi",
      "Points": 15,
      "Wins": 0,
      "Losses": 0,
      "Draws": 0,
      "OMWP": 0.5578,
      "GWP": 0.55,
      "OGWP": 0.5489999999999999
    },
    {
      "Rank": 14,
      "Player": "Azja",
      "Points": 15,
      "Wins": 0,
      "Losses": 0,
      "Draws": 0,
      "OMWP": 0.5646,
      "GWP": 0.6315999999999999,
      "OGWP": 0.5135000000000001
    },
    {
      "Rank": 13,
      "Player": "Lau7y",
      "Points": 15,
      "Wins": 0,
      "Losses": 0,
      "Draws": 0,
      "OMWP": 0.5646,
      "GWP": 0.6315999999999999,
      "OGWP": 0.5283
    },
    {
      "Rank": 12,
      "Player": "rastaf",
      "Points": 15,
      "Wins": 0,
      "Losses": 0,
      "Draws": 0,
      "OMWP": 0.5782,
      "GWP": 0.6470999999999999,
      "OGWP": 0.5389
    },
    {
      "Rank": 11,
      "Player": "wolf2222",
      "Points": 15,
      "Wins": 0,
      "Losses": 0,
      "Draws": 0,
      "OMWP": 0.585,
      "GWP": 0.625,
      "OGWP": 0.5516
    },
    {
      "Rank": 10,
      "Player": "nahuel10",
      "Points": 15,
      "Wins": 0,
      "Losses": 0,
      "Draws": 0,
      "OMWP": 0.5986,
      "GWP": 0.6470999999999999,
      "OGWP": 0.5793
    },
    {
      "Rank": 9,
      "Player": "SupremePete56",
      "Points": 15,
      "Wins": 0,
      "Losses": 0,
      "Draws": 0,
      "OMWP": 0.6088,
      "GWP": 0.6111,
      "OGWP": 0.5632
    },
    {
      "Rank": 8,
      "Player": "Micro",
      "Points": 15,
      "Wins": 0,
      "Losses": 0,
      "Draws": 0,
      "OMWP": 0.6122,
      "GWP": 0.6111,
      "OGWP": 0.5717
    },
    {
      "Rank": 7,
      "Player": "AbyssalArchon",
      "Points": 18,
      "Wins": 0,
      "Losses": 0,
      "Draws": 0,
      "OMWP": 0.5544,
      "GWP": 0.6667000000000001,
      "OGWP": 0.5278
    },
    {
      "Rank": 6,
      "Player": "arbitraryarmor",
      "Points": 18,
      "Wins": 0,
      "Losses": 0,
      "Draws": 0,
      "OMWP": 0.5646,
      "GWP": 0.6315999999999999,
      "OGWP": 0.5461
    },
    {
      "Rank": 5,
      "Player": "Raydan",
      "Points": 18,
      "Wins": 0,
      "Losses": 0,
      "Draws": 0,
      "OMWP": 0.6435,
      "GWP": 0.8125,
      "OGWP": 0.5871
    },
    {
      "Rank": 4,
      "Player": "salad",
      "Points": 18,
      "Wins": 0,
      "Losses": 0,
      "Draws": 0,
      "OMWP": 0.619,
      "GWP": 0.6470999999999999,
      "OGWP": 0.5732
    },
    {
      "Rank": 3,
      "Player": "NathanOfTheGiltLeaf",
      "Points": 21,
      "Wins": 0,
      "Losses": 0,
      "Draws": 0,
      "OMWP": 0.5196999999999999,
      "GWP": 0.75,
      "OGWP": 0.5113
    },
    {
      "Rank": 2,
      "Player": "TalTheTurtle",
      "Points": 24,
      "Wins": 0,
      "Losses": 0,
      "Draws": 0,
      "OMWP": 0.6598999999999999,
      "GWP": 0.7646999999999999,
      "OGWP": 0.5751
    },
    {
      "Rank": 1,
      "Player": "Bails76",
      "Points": 27,
      "Wins": 0,
      "Losses": 0,
      "Draws": 0,
      "OMWP": 0.4796,
      "GWP": 0.6842,
      "OGWP": 0.4978
    }
  ]
}