{
  "Tournament": {
    "Id": 12803723,
    "Date": "2025-07-21T22:00:00",
    "Name": "Standard Challenge 64",
    "Uri": null,
    "JsonFile": null,
    "ForceRedownload": false
  },
  "Decks": null,
  "Rounds": [
    {
      "RoundName": "Round 1",
      "Matches": [
        {
          "Player1": "DskBayWolf",
          "Player2": "_Shikamaru_",
          "Result": "2-0-0"
        },
        {
          "Player1": "andrw1232",
          "Player2": "plaza23",
          "Result": "0-0-0"
        },
        {
          "Player1": "pat0presidente",
          "Player2": "sultai4lyfe",
          "Result": "0-0-0"
        },
        {
          "Player1": "Wizard_2002",
          "Player2": "Ivan_Draw_Go",
          "Result": "0-2-0"
        },
        {
          "Player1": "Capitano_CL",
          "Player2": "Okayasu",
          "Result": "0-2-0"
        },
        {
          "Player1": "fireshoes",
          "Player2": "makusong24",
          "Result": "0-0-0"
        },
        {
          "Player1": "gazmon48",
          "Player2": "ashame",
          "Result": "2-0-0"
        },
        {
          "Player1": "karatedom",
          "Player2": "hermanomlg",
          "Result": "0-2-0"
        },
        {
          "Player1": "StickyWicket",
          "Player2": "valentinaaaa",
          "Result": "2-0-0"
        },
        {
          "Player1": "happypster",
          "Player2": "VitorCarvalho01",
          "Result": "0-2-0"
        },
        {
          "Player1": "Hernan72",
          "Player2": "Dark_Shine",
          "Result": "0-2-0"
        },
        {
          "Player1": "pokerswizard",
          "Player2": "RileyLBJ",
          "Result": "0-2-0"
        },
        {
          "Player1": "MJ_23",
          "Player2": "termidor",
          "Result": "2-0-0"
        },
        {
          "Player1": "O_danielakos",
          "Player2": "YaGirlBryn",
          "Result": "2-0-0"
        },
        {
          "Player1": "albertoSD",
          "Player2": "Lord_Beerus",
          "Result": "0-2-0"
        },
        {
          "Player1": "Dr4ken",
          "Player2": "IronBeagle",
          "Result": "0-2-0"
        },
        {
          "Player1": "derlumberzack",
          "Player2": "Tyabelx",
          "Result": "0-2-0"
        },
        {
          "Player1": "L1X0",
          "Player2": "Drugo",
          "Result": "1-2-0"
        },
        {
          "Player1": "Lexmart",
          "Player2": "xfile",
          "Result": "0-2-0"
        },
        {
          "Player1": "Raydan",
          "Player2": "Kampo",
          "Result": "0-2-0"
        },
        {
          "Player1": "Ale_Mtg",
          "Player2": "TheKingJijah",
          "Result": "2-0-0"
        },
        {
          "Player1": "ShadowTitan1",
          "Player2": "deleon91",
          "Result": "2-0-0"
        },
        {
          "Player1": "Azja",
          "Player2": "InterludeShadow",
          "Result": "2-0-0"
        },
        {
          "Player1": "qbturtle15",
          "Player2": "WadeB",
          "Result": "2-0-0"
        },
        {
          "Player1": "etoustar",
          "Player2": "ZendicardGames",
          "Result": "2-0-0"
        },
        {
          "Player1": "jackie42005",
          "Player2": "wcl",
          "Result": "2-0-0"
        },
        {
          "Player1": "SoulStrong",
          "Player2": "Predrag133",
          "Result": "2-0-0"
        },
        {
          "Player1": "peter780108",
          "Player2": "Univerce",
          "Result": "2-0-0"
        },
        {
          "Player1": "unagieel",
          "Player2": "HouseOfManaMTG",
          "Result": "2-0-0"
        },
        {
          "Player1": "Brunes",
          "Player2": "Bartowski",
          "Result": "0-2-0"
        },
        {
          "Player1": "Sapoa",
          "Player2": "RezerDeDog",
          "Result": "2-0-0"
        },
        {
          "Player1": "claudioh",
          "Player2": "bless_von",
          "Result": "0-2-0"
        }
      ]
    },
    {
      "RoundName": "Round 2",
      "Matches": [
        {
          "Player1": "Kampo",
          "Player2": "etoustar",
          "Result": "2-0-0"
        },
        {
          "Player1": "Univerce",
          "Player2": "wcl",
          "Result": "2-0-0"
        },
        {
          "Player1": "Hernan72",
          "Player2": "HouseOfManaMTG",
          "Result": "0-2-0"
        },
        {
          "Player1": "andrw1232",
          "Player2": "valentinaaaa",
          "Result": "0-2-0"
        },
        {
          "Player1": "termidor",
          "Player2": "_Shikamaru_",
          "Result": "0-2-0"
        },
        {
          "Player1": "happypster",
          "Player2": "Lexmart",
          "Result": "2-0-0"
        },
        {
          "Player1": "hermanomlg",
          "Player2": "Azja",
          "Result": "0-2-0"
        },
        {
          "Player1": "ShadowTitan1",
          "Player2": "Drugo",
          "Result": "2-0-0"
        },
        {
          "Player1": "makusong24",
          "Player2": "xfile",
          "Result": "0-2-0"
        },
        {
          "Player1": "Lord_Beerus",
          "Player2": "RileyLBJ",
          "Result": "2-0-0"
        },
        {
          "Player1": "L1X0",
          "Player2": "WadeB",
          "Result": "0-2-0"
        },
        {
          "Player1": "Raydan",
          "Player2": "Predrag133",
          "Result": "2-0-0"
        },
        {
          "Player1": "Capitano_CL",
          "Player2": "RezerDeDog",
          "Result": "2-0-0"
        },
        {
          "Player1": "SoulStrong",
          "Player2": "Tyabelx",
          "Result": "2-0-0"
        },
        {
          "Player1": "Dr4ken",
          "Player2": "TheKingJijah",
          "Result": "2-0-0"
        },
        {
          "Player1": "derlumberzack",
          "Player2": "InterludeShadow",
          "Result": "0-2-0"
        },
        {
          "Player1": "StickyWicket",
          "Player2": "gazmon48",
          "Result": "0-2-0"
        },
        {
          "Player1": "ashame",
          "Player2": "YaGirlBryn",
          "Result": "2-0-0"
        },
        {
          "Player1": "pat0presidente",
          "Player2": "fireshoes",
          "Result": "2-0-0"
        },
        {
          "Player1": "Ivan_Draw_Go",
          "Player2": "IronBeagle",
          "Result": "0-2-0"
        },
        {
          "Player1": "DskBayWolf",
          "Player2": "VitorCarvalho01",
          "Result": "0-0-0"
        },
        {
          "Player1": "sultai4lyfe",
          "Player2": "Dark_Shine",
          "Result": "0-0-0"
        },
        {
          "Player1": "qbturtle15",
          "Player2": "unagieel",
          "Result": "2-0-0"
        },
        {
          "Player1": "MJ_23",
          "Player2": "Sapoa",
          "Result": "2-0-0"
        },
        {
          "Player1": "claudioh",
          "Player2": "deleon91",
          "Result": "0-0-0"
        },
        {
          "Player1": "Ale_Mtg",
          "Player2": "Bartowski",
          "Result": "2-0-0"
        },
        {
          "Player1": "pokerswizard",
          "Player2": "ZendicardGames",
          "Result": "0-2-0"
        },
        {
          "Player1": "peter780108",
          "Player2": "Okayasu",
          "Result": "0-0-0"
        },
        {
          "Player1": "O_danielakos",
          "Player2": "jackie42005",
          "Result": "2-0-0"
        },
        {
          "Player1": "bless_von",
          "Player2": "plaza23",
          "Result": "2-0-0"
        }
      ]
    },
    {
      "RoundName": "Round 3",
      "Matches": [
        {
          "Player1": "etoustar",
          "Player2": "DskBayWolf",
          "Result": "0-2-0"
        },
        {
          "Player1": "Ivan_Draw_Go",
          "Player2": "RileyLBJ",
          "Result": "2-0-0"
        },
        {
          "Player1": "WadeB",
          "Player2": "valentinaaaa",
          "Result": "2-0-0"
        },
        {
          "Player1": "qbturtle15",
          "Player2": "gazmon48",
          "Result": "0-2-0"
        },
        {
          "Player1": "hermanomlg",
          "Player2": "Dr4ken",
          "Result": "0-2-0"
        },
        {
          "Player1": "happypster",
          "Player2": "InterludeShadow",
          "Result": "2-0-0"
        },
        {
          "Player1": "ShadowTitan1",
          "Player2": "VitorCarvalho01",
          "Result": "2-0-0"
        },
        {
          "Player1": "peter780108",
          "Player2": "Ale_Mtg",
          "Result": "0-2-0"
        },
        {
          "Player1": "O_danielakos",
          "Player2": "xfile",
          "Result": "2-0-0"
        },
        {
          "Player1": "deleon91",
          "Player2": "YaGirlBryn",
          "Result": "0-2-0"
        },
        {
          "Player1": "HouseOfManaMTG",
          "Player2": "plaza23",
          "Result": "2-0-0"
        },
        {
          "Player1": "sultai4lyfe",
          "Player2": "Lord_Beerus",
          "Result": "2-0-0"
        },
        {
          "Player1": "L1X0",
          "Player2": "Lexmart",
          "Result": "2-0-0"
        },
        {
          "Player1": "ashame",
          "Player2": "_Shikamaru_",
          "Result": "0-2-0"
        },
        {
          "Player1": "RezerDeDog",
          "Player2": "wcl",
          "Result": "2-0-0"
        },
        {
          "Player1": "makusong24",
          "Player2": "Brunes",
          "Result": "2-0-0"
        },
        {
          "Player1": "Drugo",
          "Player2": "jackie42005",
          "Result": "2-0-0"
        },
        {
          "Player1": "MJ_23",
          "Player2": "Azja",
          "Result": "0-2-0"
        },
        {
          "Player1": "StickyWicket",
          "Player2": "Dark_Shine",
          "Result": "2-0-0"
        },
        {
          "Player1": "Univerce",
          "Player2": "Bartowski",
          "Result": "2-0-0"
        },
        {
          "Player1": "unagieel",
          "Player2": "Tyabelx",
          "Result": "0-2-0"
        },
        {
          "Player1": "fireshoes",
          "Player2": "Predrag133",
          "Result": "0-2-0"
        },
        {
          "Player1": "Sapoa",
          "Player2": "ZendicardGames",
          "Result": "0-2-0"
        },
        {
          "Player1": "pat0presidente",
          "Player2": "Okayasu",
          "Result": "0-2-0"
        },
        {
          "Player1": "bless_von",
          "Player2": "Kampo",
          "Result": "0-2-0"
        },
        {
          "Player1": "Capitano_CL",
          "Player2": "Raydan",
          "Result": "2-0-0"
        },
        {
          "Player1": "pokerswizard",
          "Player2": "derlumberzack",
          "Result": "2-0-0"
        },
        {
          "Player1": "SoulStrong",
          "Player2": "IronBeagle",
          "Result": "2-0-0"
        }
      ]
    },
    {
      "RoundName": "Round 4",
      "Matches": [
        {
          "Player1": "bless_von",
          "Player2": "xfile",
          "Result": "0-2-0"
        },
        {
          "Player1": "SoulStrong",
          "Player2": "Ale_Mtg",
          "Result": "2-0-0"
        },
        {
          "Player1": "Drugo",
          "Player2": "_Shikamaru_",
          "Result": "0-0-0"
        },
        {
          "Player1": "StickyWicket",
          "Player2": "VitorCarvalho01",
          "Result": "0-2-0"
        },
        {
          "Player1": "gazmon48",
          "Player2": "Kampo",
          "Result": "2-0-0"
        },
        {
          "Player1": "WadeB",
          "Player2": "Tyabelx",
          "Result": "0-2-0"
        },
        {
          "Player1": "RileyLBJ",
          "Player2": "Brunes",
          "Result": "0-2-0"
        },
        {
          "Player1": "L1X0",
          "Player2": "Predrag133",
          "Result": "2-0-0"
        },
        {
          "Player1": "O_danielakos",
          "Player2": "Azja",
          "Result": "0-2-0"
        },
        {
          "Player1": "Lexmart",
          "Player2": "hermanomlg",
          "Result": "2-0-0"
        },
        {
          "Player1": "etoustar",
          "Player2": "RezerDeDog",
          "Result": "0-2-0"
        },
        {
          "Player1": "ashame",
          "Player2": "Bartowski",
          "Result": "2-0-0"
        },
        {
          "Player1": "MJ_23",
          "Player2": "HouseOfManaMTG",
          "Result": "0-2-0"
        },
        {
          "Player1": "Raydan",
          "Player2": "InterludeShadow",
          "Result": "0-2-0"
        },
        {
          "Player1": "unagieel",
          "Player2": "jackie42005",
          "Result": "0-2-0"
        },
        {
          "Player1": "pat0presidente",
          "Player2": "YaGirlBryn",
          "Result": "2-0-0"
        },
        {
          "Player1": "ZendicardGames",
          "Player2": "Univerce",
          "Result": "0-2-0"
        },
        {
          "Player1": "happypster",
          "Player2": "Okayasu",
          "Result": "0-2-0"
        },
        {
          "Player1": "qbturtle15",
          "Player2": "makusong24",
          "Result": "0-2-0"
        },
        {
          "Player1": "Ivan_Draw_Go",
          "Player2": "Dr4ken",
          "Result": "2-0-0"
        },
        {
          "Player1": "sultai4lyfe",
          "Player2": "ShadowTitan1",
          "Result": "2-0-0"
        },
        {
          "Player1": "deleon91",
          "Player2": "valentinaaaa",
          "Result": "0-2-0"
        },
        {
          "Player1": "pokerswizard",
          "Player2": "Dark_Shine",
          "Result": "2-0-0"
        },
        {
          "Player1": "Capitano_CL",
          "Player2": "peter780108",
          "Result": "2-0-0"
        },
        {
          "Player1": "Lord_Beerus",
          "Player2": "IronBeagle",
          "Result": "2-0-0"
        },
        {
          "Player1": "Sapoa",
          "Player2": "DskBayWolf",
          "Result": "0-2-0"
        }
      ]
    },
    {
      "RoundName": "Round 5",
      "Matches": [
        {
          "Player1": "Lord_Beerus",
          "Player2": "Univerce",
          "Result": "0-2-0"
        },
        {
          "Player1": "Dark_Shine",
          "Player2": "YaGirlBryn",
          "Result": "2-0-0"
        },
        {
          "Player1": "gazmon48",
          "Player2": "Azja",
          "Result": "2-0-0"
        },
        {
          "Player1": "Capitano_CL",
          "Player2": "DskBayWolf",
          "Result": "2-0-0"
        },
        {
          "Player1": "SoulStrong",
          "Player2": "sultai4lyfe",
          "Result": "2-0-0"
        },
        {
          "Player1": "O_danielakos",
          "Player2": "ShadowTitan1",
          "Result": "2-0-0"
        },
        {
          "Player1": "StickyWicket",
          "Player2": "Dr4ken",
          "Result": "2-1-0"
        },
        {
          "Player1": "peter780108",
          "Player2": "valentinaaaa",
          "Result": "0-2-0"
        },
        {
          "Player1": "Ivan_Draw_Go",
          "Player2": "Drugo",
          "Result": "0-2-0"
        },
        {
          "Player1": "InterludeShadow",
          "Player2": "ZendicardGames",
          "Result": "2-0-0"
        },
        {
          "Player1": "bless_von",
          "Player2": "jackie42005",
          "Result": "2-0-0"
        },
        {
          "Player1": "makusong24",
          "Player2": "HouseOfManaMTG",
          "Result": "0-0-0"
        },
        {
          "Player1": "qbturtle15",
          "Player2": "_Shikamaru_",
          "Result": "0-2-0"
        },
        {
          "Player1": "L1X0",
          "Player2": "MJ_23",
          "Result": "2-0-0"
        },
        {
          "Player1": "WadeB",
          "Player2": "ashame",
          "Result": "0-2-0"
        },
        {
          "Player1": "pat0presidente",
          "Player2": "happypster",
          "Result": "0-2-0"
        },
        {
          "Player1": "RileyLBJ",
          "Player2": "Predrag133",
          "Result": "0-2-0"
        },
        {
          "Player1": "Raydan",
          "Player2": "wcl",
          "Result": "2-0-0"
        },
        {
          "Player1": "Okayasu",
          "Player2": "VitorCarvalho01",
          "Result": "0-2-0"
        },
        {
          "Player1": "pokerswizard",
          "Player2": "IronBeagle",
          "Result": "0-2-0"
        },
        {
          "Player1": "Brunes",
          "Player2": "RezerDeDog",
          "Result": "0-2-0"
        },
        {
          "Player1": "Sapoa",
          "Player2": "Bartowski",
          "Result": "2-0-0"
        },
        {
          "Player1": "xfile",
          "Player2": "Ale_Mtg",
          "Result": "2-0-0"
        },
        {
          "Player1": "Kampo",
          "Player2": "Tyabelx",
          "Result": "0-2-0"
        }
      ]
    },
    {
      "RoundName": "Round 6",
      "Matches": [
        {
          "Player1": "ShadowTitan1",
          "Player2": "Ivan_Draw_Go",
          "Result": "0-2-0"
        },
        {
          "Player1": "L1X0",
          "Player2": "Ale_Mtg",
          "Result": "2-0-0"
        },
        {
          "Player1": "Okayasu",
          "Player2": "valentinaaaa",
          "Result": "2-0-0"
        },
        {
          "Player1": "makusong24",
          "Player2": "Kampo",
          "Result": "2-0-0"
        },
        {
          "Player1": "qbturtle15",
          "Player2": "Raydan",
          "Result": "2-0-0"
        },
        {
          "Player1": "Lord_Beerus",
          "Player2": "RezerDeDog",
          "Result": "0-2-0"
        },
        {
          "Player1": "HouseOfManaMTG",
          "Player2": "Univerce",
          "Result": "0-2-0"
        },
        {
          "Player1": "pat0presidente",
          "Player2": "jackie42005",
          "Result": "0-2-0"
        },
        {
          "Player1": "StickyWicket",
          "Player2": "bless_von",
          "Result": "2-0-0"
        },
        {
          "Player1": "InterludeShadow",
          "Player2": "_Shikamaru_",
          "Result": "0-2-0"
        },
        {
          "Player1": "RileyLBJ",
          "Player2": "wcl",
          "Result": "2-0-0"
        },
        {
          "Player1": "Brunes",
          "Player2": "Dark_Shine",
          "Result": "0-2-0"
        },
        {
          "Player1": "Lexmart",
          "Player2": "ZendicardGames",
          "Result": "0-2-0"
        },
        {
          "Player1": "peter780108",
          "Player2": "Sapoa",
          "Result": "0-2-0"
        },
        {
          "Player1": "SoulStrong",
          "Player2": "gazmon48",
          "Result": "2-0-0"
        },
        {
          "Player1": "happypster",
          "Player2": "DskBayWolf",
          "Result": "0-2-0"
        },
        {
          "Player1": "MJ_23",
          "Player2": "Predrag133",
          "Result": "0-2-0"
        },
        {
          "Player1": "Capitano_CL",
          "Player2": "O_danielakos",
          "Result": "0-2-0"
        },
        {
          "Player1": "sultai4lyfe",
          "Player2": "Drugo",
          "Result": "2-0-0"
        },
        {
          "Player1": "pokerswizard",
          "Player2": "Dr4ken",
          "Result": "0-2-0"
        },
        {
          "Player1": "xfile",
          "Player2": "Azja",
          "Result": "2-0-0"
        },
        {
          "Player1": "Tyabelx",
          "Player2": "VitorCarvalho01",
          "Result": "0-2-0"
        },
        {
          "Player1": "ashame",
          "Player2": "IronBeagle",
          "Result": "2-0-0"
        }
      ]
    },
    {
      "RoundName": "Round 7",
      "Matches": [
        {
          "Player1": "sultai4lyfe",
          "Player2": "VitorCarvalho01",
          "Result": "2-0-0"
        },
        {
          "Player1": "SoulStrong",
          "Player2": "Drugo",
          "Result": "2-0-0"
        },
        {
          "Player1": "gazmon48",
          "Player2": "Univerce",
          "Result": "0-2-0"
        },
        {
          "Player1": "O_danielakos",
          "Player2": "xfile",
          "Result": "2-0-0"
        }
      ]
    },
    {
      "RoundName": "Round 8",
      "Matches": [
        {
          "Player1": "O_danielakos",
          "Player2": "SoulStrong",
          "Result": "0-2-0"
        },
        {
          "Player1": "sultai4lyfe",
          "Player2": "Univerce",
          "Result": "2-0-0"
        }
      ]
    },
    {
      "RoundName": "Round 9",
      "Matches": [
        {
          "Player1": "SoulStrong",
          "Player2": "sultai4lyfe",
          "Result": "2-0-0"
        }
      ]
    }
  ],
  "Standings": [
    {
      "Rank": 64,
      "Player": "karatedom",
      "Points": 0,
      "Wins": 0,
      "Losses": 0,
      "Draws": 0,
      "OMWP": 0.3333,
      "GWP": 0.3333,
      "OGWP": 0.3333
    },
    {
      "Rank": 63,
      "Player": "andrw1232",
      "Points": 0,
      "Wins": 0,
      "Losses": 0,
      "Draws": 0,
      "OMWP": 0.4167,
      "GWP": 0.2,
      "OGWP": 0.4542
    },
    {
      "Rank": 62,
      "Player": "claudioh",
      "Points": 0,
      "Wins": 0,
      "Losses": 0,
      "Draws": 0,
      "OMWP": 0.4167,
      "GWP": 0.3333,
      "OGWP": 0.4006
    },
    {
      "Rank": 61,
      "Player": "albertoSD",
      "Points": 0,
      "Wins": 0,
      "Losses": 0,
      "Draws": 0,
      "OMWP": 0.5,
      "GWP": 0,
      "OGWP": 0.5
    },
    {
      "Rank": 60,
      "Player": "TheKingJijah",
      "Points": 0,
      "Wins": 0,
      "Losses": 0,
      "Draws": 0,
      "OMWP": 0.5,
      "GWP": 0,
      "OGWP": 0.5606
    },
    {
      "Rank": 59,
      "Player": "derlumberzack",
      "Points": 0,
      "Wins": 0,
      "Losses": 0,
      "Draws": 0,
      "OMWP": 0.5,
      "GWP": 0.1429,
      "OGWP": 0.4818
    },
    {
      "Rank": 58,
      "Player": "fireshoes",
      "Points": 0,
      "Wins": 0,
      "Losses": 0,
      "Draws": 0,
      "OMWP": 0.5,
      "GWP": 0.1429,
      "OGWP": 0.5346
    },
    {
      "Rank": 57,
      "Player": "termidor",
      "Points": 0,
      "Wins": 0,
      "Losses": 0,
      "Draws": 0,
      "OMWP": 0.5,
      "GWP": 0.2,
      "OGWP": 0.5192
    },
    {
      "Rank": 56,
      "Player": "Hernan72",
      "Points": 0,
      "Wins": 0,
      "Losses": 0,
      "Draws": 0,
      "OMWP": 0.5832999999999999,
      "GWP": 0,
      "OGWP": 0.5861
    },
    {
      "Rank": 55,
      "Player": "Wizard_2002",
      "Points": 0,
      "Wins": 0,
      "Losses": 0,
      "Draws": 0,
      "OMWP": 0.6667000000000001,
      "GWP": 0.3333,
      "OGWP": 0.5333
    },
    {
      "Rank": 54,
      "Player": "deleon91",
      "Points": 3,
      "Wins": 0,
      "Losses": 0,
      "Draws": 0,
      "OMWP": 0.4167,
      "GWP": 0.3636,
      "OGWP": 0.44060000000000005
    },
    {
      "Rank": 53,
      "Player": "hermanomlg",
      "Points": 3,
      "Wins": 0,
      "Losses": 0,
      "Draws": 0,
      "OMWP": 0.4583,
      "GWP": 0.22219999999999998,
      "OGWP": 0.4918
    },
    {
      "Rank": 52,
      "Player": "plaza23",
      "Points": 3,
      "Wins": 0,
      "Losses": 0,
      "Draws": 0,
      "OMWP": 0.5,
      "GWP": 0.375,
      "OGWP": 0.47119999999999995
    },
    {
      "Rank": 51,
      "Player": "YaGirlBryn",
      "Points": 3,
      "Wins": 0,
      "Losses": 0,
      "Draws": 0,
      "OMWP": 0.5333,
      "GWP": 0.25,
      "OGWP": 0.5311
    },
    {
      "Rank": 50,
      "Player": "wcl",
      "Points": 3,
      "Wins": 0,
      "Losses": 0,
      "Draws": 0,
      "OMWP": 0.5333,
      "GWP": 0.3333,
      "OGWP": 0.5082
    },
    {
      "Rank": 49,
      "Player": "Bartowski",
      "Points": 3,
      "Wins": 0,
      "Losses": 0,
      "Draws": 0,
      "OMWP": 0.56,
      "GWP": 0.3636,
      "OGWP": 0.5385
    },
    {
      "Rank": 48,
      "Player": "unagieel",
      "Points": 3,
      "Wins": 0,
      "Losses": 0,
      "Draws": 0,
      "OMWP": 0.5832999999999999,
      "GWP": 0.4,
      "OGWP": 0.5511
    },
    {
      "Rank": 47,
      "Player": "etoustar",
      "Points": 3,
      "Wins": 0,
      "Losses": 0,
      "Draws": 0,
      "OMWP": 0.5832999999999999,
      "GWP": 0.4,
      "OGWP": 0.5533
    },
    {
      "Rank": 46,
      "Player": "pokerswizard",
      "Points": 6,
      "Wins": 0,
      "Losses": 0,
      "Draws": 0,
      "OMWP": 0.44439999999999996,
      "GWP": 0.35710000000000003,
      "OGWP": 0.48350000000000004
    },
    {
      "Rank": 45,
      "Player": "RileyLBJ",
      "Points": 6,
      "Wins": 0,
      "Losses": 0,
      "Draws": 0,
      "OMWP": 0.44439999999999996,
      "GWP": 0.4667,
      "OGWP": 0.4476
    },
    {
      "Rank": 44,
      "Player": "Raydan",
      "Points": 6,
      "Wins": 0,
      "Losses": 0,
      "Draws": 0,
      "OMWP": 0.5,
      "GWP": 0.3333,
      "OGWP": 0.49310000000000004
    },
    {
      "Rank": 43,
      "Player": "Brunes",
      "Points": 6,
      "Wins": 0,
      "Losses": 0,
      "Draws": 0,
      "OMWP": 0.5,
      "GWP": 0.4286,
      "OGWP": 0.5083
    },
    {
      "Rank": 42,
      "Player": "pat0presidente",
      "Points": 6,
      "Wins": 0,
      "Losses": 0,
      "Draws": 0,
      "OMWP": 0.5333,
      "GWP": 0.4706,
      "OGWP": 0.4696
    },
    {
      "Rank": 41,
      "Player": "MJ_23",
      "Points": 6,
      "Wins": 0,
      "Losses": 0,
      "Draws": 0,
      "OMWP": 0.5556,
      "GWP": 0.4286,
      "OGWP": 0.5337
    },
    {
      "Rank": 40,
      "Player": "Lexmart",
      "Points": 6,
      "Wins": 0,
      "Losses": 0,
      "Draws": 0,
      "OMWP": 0.5667,
      "GWP": 0.4286,
      "OGWP": 0.5051
    },
    {
      "Rank": 39,
      "Player": "WadeB",
      "Points": 6,
      "Wins": 0,
      "Losses": 0,
      "Draws": 0,
      "OMWP": 0.6,
      "GWP": 0.4667,
      "OGWP": 0.5603
    },
    {
      "Rank": 38,
      "Player": "peter780108",
      "Points": 6,
      "Wins": 0,
      "Losses": 0,
      "Draws": 0,
      "OMWP": 0.6111,
      "GWP": 0.3846,
      "OGWP": 0.5536
    },
    {
      "Rank": 37,
      "Player": "valentinaaaa",
      "Points": 9,
      "Wins": 0,
      "Losses": 0,
      "Draws": 0,
      "OMWP": 0.4556,
      "GWP": 0.5333,
      "OGWP": 0.43560000000000004
    },
    {
      "Rank": 36,
      "Player": "Sapoa",
      "Points": 9,
      "Wins": 0,
      "Losses": 0,
      "Draws": 0,
      "OMWP": 0.4667,
      "GWP": 0.4375,
      "OGWP": 0.4806
    },
    {
      "Rank": 35,
      "Player": "ZendicardGames",
      "Points": 9,
      "Wins": 0,
      "Losses": 0,
      "Draws": 0,
      "OMWP": 0.4722,
      "GWP": 0.5,
      "OGWP": 0.45799999999999996
    },
    {
      "Rank": 34,
      "Player": "Dark_Shine",
      "Points": 9,
      "Wins": 0,
      "Losses": 0,
      "Draws": 0,
      "OMWP": 0.4722,
      "GWP": 0.5294,
      "OGWP": 0.44789999999999996
    },
    {
      "Rank": 33,
      "Player": "Dr4ken",
      "Points": 9,
      "Wins": 0,
      "Losses": 0,
      "Draws": 0,
      "OMWP": 0.4722,
      "GWP": 0.5385,
      "OGWP": 0.4465
    },
    {
      "Rank": 32,
      "Player": "InterludeShadow",
      "Points": 9,
      "Wins": 0,
      "Losses": 0,
      "Draws": 0,
      "OMWP": 0.5067,
      "GWP": 0.5,
      "OGWP": 0.4833
    },
    {
      "Rank": 31,
      "Player": "jackie42005",
      "Points": 9,
      "Wins": 0,
      "Losses": 0,
      "Draws": 0,
      "OMWP": 0.5,
      "GWP": 0.5,
      "OGWP": 0.48469999999999996
    },
    {
      "Rank": 30,
      "Player": "Predrag133",
      "Points": 9,
      "Wins": 0,
      "Losses": 0,
      "Draws": 0,
      "OMWP": 0.5,
      "GWP": 0.5333,
      "OGWP": 0.47350000000000003
    },
    {
      "Rank": 29,
      "Player": "bless_von",
      "Points": 9,
      "Wins": 0,
      "Losses": 0,
      "Draws": 0,
      "OMWP": 0.5278,
      "GWP": 0.4375,
      "OGWP": 0.4939
    },
    {
      "Rank": 28,
      "Player": "qbturtle15",
      "Points": 9,
      "Wins": 0,
      "Losses": 0,
      "Draws": 0,
      "OMWP": 0.5389,
      "GWP": 0.4667,
      "OGWP": 0.5146000000000001
    },
    {
      "Rank": 27,
      "Player": "happypster",
      "Points": 9,
      "Wins": 0,
      "Losses": 0,
      "Draws": 0,
      "OMWP": 0.56,
      "GWP": 0.4667,
      "OGWP": 0.5343
    },
    {
      "Rank": 26,
      "Player": "Kampo",
      "Points": 9,
      "Wins": 0,
      "Losses": 0,
      "Draws": 0,
      "OMWP": 0.5556,
      "GWP": 0.5,
      "OGWP": 0.5078
    },
    {
      "Rank": 25,
      "Player": "Lord_Beerus",
      "Points": 9,
      "Wins": 0,
      "Losses": 0,
      "Draws": 0,
      "OMWP": 0.5733,
      "GWP": 0.5,
      "OGWP": 0.5323
    },
    {
      "Rank": 24,
      "Player": "Ale_Mtg",
      "Points": 9,
      "Wins": 0,
      "Losses": 0,
      "Draws": 0,
      "OMWP": 0.5733,
      "GWP": 0.5714,
      "OGWP": 0.506
    },
    {
      "Rank": 23,
      "Player": "IronBeagle",
      "Points": 9,
      "Wins": 0,
      "Losses": 0,
      "Draws": 0,
      "OMWP": 0.6111,
      "GWP": 0.5333,
      "OGWP": 0.5433
    },
    {
      "Rank": 22,
      "Player": "ShadowTitan1",
      "Points": 9,
      "Wins": 0,
      "Losses": 0,
      "Draws": 0,
      "OMWP": 0.6944,
      "GWP": 0.5625,
      "OGWP": 0.5763
    },
    {
      "Rank": 21,
      "Player": "RezerDeDog",
      "Points": 12,
      "Wins": 0,
      "Losses": 0,
      "Draws": 0,
      "OMWP": 0.44439999999999996,
      "GWP": 0.5882000000000001,
      "OGWP": 0.4583
    },
    {
      "Rank": 20,
      "Player": "L1X0",
      "Points": 12,
      "Wins": 0,
      "Losses": 0,
      "Draws": 0,
      "OMWP": 0.4556,
      "GWP": 0.5882000000000001,
      "OGWP": 0.5099
    },
    {
      "Rank": 19,
      "Player": "Ivan_Draw_Go",
      "Points": 12,
      "Wins": 0,
      "Losses": 0,
      "Draws": 0,
      "OMWP": 0.4722,
      "GWP": 0.5333,
      "OGWP": 0.5057
    },
    {
      "Rank": 18,
      "Player": "HouseOfManaMTG",
      "Points": 12,
      "Wins": 0,
      "Losses": 0,
      "Draws": 0,
      "OMWP": 0.4722,
      "GWP": 0.6429,
      "OGWP": 0.4603
    },
    {
      "Rank": 17,
      "Player": "ashame",
      "Points": 12,
      "Wins": 0,
      "Losses": 0,
      "Draws": 0,
      "OMWP": 0.5111,
      "GWP": 0.625,
      "OGWP": 0.493
    },
    {
      "Rank": 16,
      "Player": "Okayasu",
      "Points": 12,
      "Wins": 0,
      "Losses": 0,
      "Draws": 0,
      "OMWP": 0.5278,
      "GWP": 0.5294,
      "OGWP": 0.5212
    },
    {
      "Rank": 15,
      "Player": "makusong24",
      "Points": 12,
      "Wins": 0,
      "Losses": 0,
      "Draws": 0,
      "OMWP": 0.5278,
      "GWP": 0.6,
      "OGWP": 0.503
    },
    {
      "Rank": 14,
      "Player": "_Shikamaru_",
      "Points": 12,
      "Wins": 0,
      "Losses": 0,
      "Draws": 0,
      "OMWP": 0.5467,
      "GWP": 0.6,
      "OGWP": 0.525
    },
    {
      "Rank": 13,
      "Player": "Tyabelx",
      "Points": 12,
      "Wins": 0,
      "Losses": 0,
      "Draws": 0,
      "OMWP": 0.5667,
      "GWP": 0.5882000000000001,
      "OGWP": 0.5088
    },
    {
      "Rank": 12,
      "Player": "Capitano_CL",
      "Points": 12,
      "Wins": 0,
      "Losses": 0,
      "Draws": 0,
      "OMWP": 0.5832999999999999,
      "GWP": 0.625,
      "OGWP": 0.5212
    },
    {
      "Rank": 11,
      "Player": "DskBayWolf",
      "Points": 12,
      "Wins": 0,
      "Losses": 0,
      "Draws": 0,
      "OMWP": 0.5867,
      "GWP": 0.625,
      "OGWP": 0.5316
    },
    {
      "Rank": 10,
      "Player": "StickyWicket",
      "Points": 12,
      "Wins": 0,
      "Losses": 0,
      "Draws": 0,
      "OMWP": 0.6111,
      "GWP": 0.5882000000000001,
      "OGWP": 0.5622
    },
    {
      "Rank": 9,
      "Player": "Azja",
      "Points": 12,
      "Wins": 0,
      "Losses": 0,
      "Draws": 0,
      "OMWP": 0.6111,
      "GWP": 0.6667000000000001,
      "OGWP": 0.5471
    },
    {
      "Rank": 8,
      "Player": "Drugo",
      "Points": 12,
      "Wins": 0,
      "Losses": 0,
      "Draws": 0,
      "OMWP": 0.6389,
      "GWP": 0.6,
      "OGWP": 0.5719
    },
    {
      "Rank": 7,
      "Player": "xfile",
      "Points": 15,
      "Wins": 0,
      "Losses": 0,
      "Draws": 0,
      "OMWP": 0.5832999999999999,
      "GWP": 0.6667000000000001,
      "OGWP": 0.5666
    },
    {
      "Rank": 6,
      "Player": "VitorCarvalho01",
      "Points": 15,
      "Wins": 0,
      "Losses": 0,
      "Draws": 0,
      "OMWP": 0.6111,
      "GWP": 0.6470999999999999,
      "OGWP": 0.5593
    },
    {
      "Rank": 5,
      "Player": "gazmon48",
      "Points": 15,
      "Wins": 0,
      "Losses": 0,
      "Draws": 0,
      "OMWP": 0.6667000000000001,
      "GWP": 0.6875,
      "OGWP": 0.5921
    },
    {
      "Rank": 4,
      "Player": "Univerce",
      "Points": 18,
      "Wins": 0,
      "Losses": 0,
      "Draws": 0,
      "OMWP": 0.44439999999999996,
      "GWP": 0.6154,
      "OGWP": 0.45299999999999996
    },
    {
      "Rank": 3,
      "Player": "O_danielakos",
      "Points": 18,
      "Wins": 0,
      "Losses": 0,
      "Draws": 0,
      "OMWP": 0.5867,
      "GWP": 0.6667000000000001,
      "OGWP": 0.5650999999999999
    },
    {
      "Rank": 2,
      "Player": "sultai4lyfe",
      "Points": 21,
      "Wins": 0,
      "Losses": 0,
      "Draws": 0,
      "OMWP": 0.5832999999999999,
      "GWP": 0.6429,
      "OGWP": 0.5614
    },
    {
      "Rank": 1,
      "Player": "SoulStrong",
      "Points": 27,
      "Wins": 0,
      "Losses": 0,
      "Draws": 0,
      "OMWP": 0.64,
      "GWP": 0.7143,
      "OGWP": 0.5935
    }
  ]
}