{
  "Tournament": {
    "Id": 12800039,
    "Date": "2025-07-01T22:00:00",
    "Name": "Modern Challenge 32",
    "Uri": null,
    "JsonFile": null,
    "ForceRedownload": false
  },
  "Decks": null,
  "Rounds": [
    {
      "RoundName": "Round 1",
      "Matches": [
        {
          "Player1": "MeninooNey",
          "Player2": "NANI182",
          "Result": "2-0-0"
        },
        {
          "Player1": "Schiaveto",
          "Player2": "Doomenstein",
          "Result": "0-2-0"
        },
        {
          "Player1": "Misplacedginger",
          "Player2": "manukoka",
          "Result": "0-0-0"
        },
        {
          "Player1": "Lupos",
          "Player2": "BADTRONPLAYER",
          "Result": "0-2-0"
        },
        {
          "Player1": "nahuel10",
          "Player2": "Staroson",
          "Result": "2-0-0"
        },
        {
          "Player1": "ejk",
          "Player2": "InsomniaTV",
          "Result": "0-2-0"
        },
        {
          "Player1": "PrismaticRich",
          "Player2": "Tyabelx",
          "Result": "0-2-0"
        },
        {
          "Player1": "jvidarte",
          "Player2": "MacIsaac",
          "Result": "0-2-0"
        },
        {
          "Player1": "krebsi1307",
          "Player2": "Velidar93",
          "Result": "2-0-0"
        },
        {
          "Player1": "xRagedFurballx",
          "Player2": "Ale_Mtg",
          "Result": "0-2-0"
        },
        {
          "Player1": "Salvatto",
          "Player2": "unworldlyorigin",
          "Result": "0-2-0"
        },
        {
          "Player1": "NowWithBacon",
          "Player2": "ReanimatorFiend",
          "Result": "2-0-0"
        },
        {
          "Player1": "azkusa",
          "Player2": "Hawkfrost000",
          "Result": "0-2-0"
        },
        {
          "Player1": "Venom1",
          "Player2": "Manas235",
          "Result": "2-0-0"
        },
        {
          "Player1": "claudioh",
          "Player2": "_Falcon_",
          "Result": "0-0-0"
        },
        {
          "Player1": "Skeptic2304",
          "Player2": "Linden_43",
          "Result": "2-0-0"
        },
        {
          "Player1": "derlumberzack",
          "Player2": "fudgems",
          "Result": "2-0-0"
        },
        {
          "Player1": "padakey",
          "Player2": "Deerwife",
          "Result": "0-2-0"
        },
        {
          "Player1": "moon11",
          "Player2": "reidq7",
          "Result": "2-0-0"
        },
        {
          "Player1": "DobleP",
          "Player2": "NathanOfTheGiltLeaf",
          "Result": "0-2-0"
        },
        {
          "Player1": "selesneal",
          "Player2": "mtgandbagels",
          "Result": "2-0-0"
        },
        {
          "Player1": "VikingMike",
          "Player2": "GothMuse",
          "Result": "0-2-0"
        },
        {
          "Player1": "AngelofDeath7",
          "Player2": "el-pollo-lolo",
          "Result": "0-2-0"
        },
        {
          "Player1": "msmayer",
          "Player2": "Kollslaw",
          "Result": "0-2-0"
        },
        {
          "Player1": "DemonicTutors",
          "Player2": "Badcookie",
          "Result": "2-0-0"
        },
        {
          "Player1": "Boucha",
          "Player2": "yaboi_tebby",
          "Result": "2-0-0"
        },
        {
          "Player1": "i_b_TRUE",
          "Player2": "_IlNano_",
          "Result": "0-2-0"
        },
        {
          "Player1": "cool95",
          "Player2": "MatheusPonciano",
          "Result": "0-0-0"
        },
        {
          "Player1": "O_danielakos",
          "Player2": "HouseOfManaMTG",
          "Result": "0-2-0"
        },
        {
          "Player1": "Impshadowknight",
          "Player2": "Drfuzybarrel",
          "Result": "2-0-0"
        },
        {
          "Player1": "Shadowz2005",
          "Player2": "DemianDesposito10",
          "Result": "2-0-0"
        },
        {
          "Player1": "boytriton",
          "Player2": "brag1",
          "Result": "2-0-0"
        },
        {
          "Player1": "Romulus731",
          "Player2": "Slyvester3",
          "Result": "0-2-0"
        },
        {
          "Player1": "LucasG1ggs",
          "Player2": "cntrlfreak_ttv",
          "Result": "2-0-0"
        },
        {
          "Player1": "rastaf",
          "Player2": "CrisMTG77",
          "Result": "2-0-0"
        },
        {
          "Player1": "ShowTime_",
          "Player2": "azax",
          "Result": "0-0-0"
        },
        {
          "Player1": "CrazyGambler",
          "Player2": "BurnMann",
          "Result": "0-2-0"
        },
        {
          "Player1": "Rashek",
          "Player2": "Traumatismes",
          "Result": "0-2-0"
        },
        {
          "Player1": "Cabz",
          "Player2": "dramaticRoyalty",
          "Result": "2-0-0"
        },
        {
          "Player1": "BigD_1992",
          "Player2": "toothymtg",
          "Result": "0-0-0"
        },
        {
          "Player1": "Jumba",
          "Player2": "jontih",
          "Result": "2-0-0"
        },
        {
          "Player1": "bearland",
          "Player2": "GinkoHS",
          "Result": "2-0-0"
        },
        {
          "Player1": "ManUFan",
          "Player2": "Skrocious",
          "Result": "0-2-0"
        }
      ]
    },
    {
      "RoundName": "Round 2",
      "Matches": [
        {
          "Player1": "_IlNano_",
          "Player2": "Shadowz2005",
          "Result": "2-0-0"
        },
        {
          "Player1": "ManUFan",
          "Player2": "Staroson",
          "Result": "2-0-0"
        },
        {
          "Player1": "Lupos",
          "Player2": "DobleP",
          "Result": "2-0-0"
        },
        {
          "Player1": "VikingMike",
          "Player2": "Linden_43",
          "Result": "2-0-0"
        },
        {
          "Player1": "i_b_TRUE",
          "Player2": "BigD_1992",
          "Result": "0-2-0"
        },
        {
          "Player1": "Rashek",
          "Player2": "ReanimatorFiend",
          "Result": "0-2-0"
        },
        {
          "Player1": "Boucha",
          "Player2": "ShowTime_",
          "Result": "2-0-0"
        },
        {
          "Player1": "moon11",
          "Player2": "GothMuse",
          "Result": "2-0-0"
        },
        {
          "Player1": "mtgandbagels",
          "Player2": "cntrlfreak_ttv",
          "Result": "2-0-0"
        },
        {
          "Player1": "rastaf",
          "Player2": "MacIsaac",
          "Result": "2-0-0"
        },
        {
          "Player1": "msmayer",
          "Player2": "azax",
          "Result": "2-0-0"
        },
        {
          "Player1": "Jumba",
          "Player2": "el-pollo-lolo",
          "Result": "0-2-0"
        },
        {
          "Player1": "brag1",
          "Player2": "jontih",
          "Result": "0-2-0"
        },
        {
          "Player1": "GinkoHS",
          "Player2": "Hawkfrost000",
          "Result": "0-2-0"
        },
        {
          "Player1": "cool95",
          "Player2": "selesneal",
          "Result": "0-2-0"
        },
        {
          "Player1": "bearland",
          "Player2": "Kollslaw",
          "Result": "2-1-0"
        },
        {
          "Player1": "Manas235",
          "Player2": "jvidarte",
          "Result": "2-0-0"
        },
        {
          "Player1": "Venom1",
          "Player2": "BurnMann",
          "Result": "2-0-0"
        },
        {
          "Player1": "O_danielakos",
          "Player2": "DemianDesposito10",
          "Result": "2-0-0"
        },
        {
          "Player1": "Badcookie",
          "Player2": "dramaticRoyalty",
          "Result": "0-2-0"
        },
        {
          "Player1": "DemonicTutors",
          "Player2": "Skrocious",
          "Result": "0-2-0"
        },
        {
          "Player1": "azkusa",
          "Player2": "NANI182",
          "Result": "0-0-0"
        },
        {
          "Player1": "Doomenstein",
          "Player2": "Deerwife",
          "Result": "2-0-0"
        },
        {
          "Player1": "toothymtg",
          "Player2": "Tyabelx",
          "Result": "0-2-0"
        },
        {
          "Player1": "derlumberzack",
          "Player2": "HouseOfManaMTG",
          "Result": "0-2-0"
        },
        {
          "Player1": "boytriton",
          "Player2": "Skeptic2304",
          "Result": "0-2-0"
        },
        {
          "Player1": "MatheusPonciano",
          "Player2": "xRagedFurballx",
          "Result": "2-0-0"
        },
        {
          "Player1": "krebsi1307",
          "Player2": "claudioh",
          "Result": "2-0-0"
        },
        {
          "Player1": "unworldlyorigin",
          "Player2": "NathanOfTheGiltLeaf",
          "Result": "0-0-0"
        },
        {
          "Player1": "Salvatto",
          "Player2": "PrismaticRich",
          "Result": "2-0-0"
        },
        {
          "Player1": "AngelofDeath7",
          "Player2": "Velidar93",
          "Result": "0-0-0"
        },
        {
          "Player1": "LucasG1ggs",
          "Player2": "Cabz",
          "Result": "0-2-0"
        },
        {
          "Player1": "Traumatismes",
          "Player2": "InsomniaTV",
          "Result": "0-2-0"
        },
        {
          "Player1": "_Falcon_",
          "Player2": "reidq7",
          "Result": "0-2-0"
        },
        {
          "Player1": "Impshadowknight",
          "Player2": "Slyvester3",
          "Result": "0-2-0"
        },
        {
          "Player1": "Romulus731",
          "Player2": "padakey",
          "Result": "2-0-0"
        },
        {
          "Player1": "CrazyGambler",
          "Player2": "CrisMTG77",
          "Result": "0-2-0"
        },
        {
          "Player1": "BADTRONPLAYER",
          "Player2": "MeninooNey",
          "Result": "2-0-0"
        },
        {
          "Player1": "NowWithBacon",
          "Player2": "Ale_Mtg",
          "Result": "0-2-0"
        },
        {
          "Player1": "Misplacedginger",
          "Player2": "nahuel10",
          "Result": "2-1-0"
        },
        {
          "Player1": "Schiaveto",
          "Player2": "fudgems",
          "Result": "0-2-0"
        },
        {
          "Player1": "manukoka",
          "Player2": "Drfuzybarrel",
          "Result": "0-2-0"
        },
        {
          "Player1": "ejk",
          "Player2": "yaboi_tebby",
          "Result": "0-2-0"
        }
      ]
    },
    {
      "RoundName": "Round 3",
      "Matches": [
        {
          "Player1": "azkusa",
          "Player2": "Velidar93",
          "Result": "0-2-0"
        },
        {
          "Player1": "ShowTime_",
          "Player2": "Romulus731",
          "Result": "2-0-0"
        },
        {
          "Player1": "CrisMTG77",
          "Player2": "reidq7",
          "Result": "0-2-0"
        },
        {
          "Player1": "_Falcon_",
          "Player2": "DobleP",
          "Result": "2-0-0"
        },
        {
          "Player1": "HouseOfManaMTG",
          "Player2": "unworldlyorigin",
          "Result": "2-0-0"
        },
        {
          "Player1": "rastaf",
          "Player2": "Tyabelx",
          "Result": "2-0-0"
        },
        {
          "Player1": "Salvatto",
          "Player2": "VikingMike",
          "Result": "0-2-0"
        },
        {
          "Player1": "NowWithBacon",
          "Player2": "NathanOfTheGiltLeaf",
          "Result": "0-2-0"
        },
        {
          "Player1": "Slyvester3",
          "Player2": "el-pollo-lolo",
          "Result": "0-2-0"
        },
        {
          "Player1": "Misplacedginger",
          "Player2": "Boucha",
          "Result": "2-0-0"
        },
        {
          "Player1": "DemonicTutors",
          "Player2": "jontih",
          "Result": "2-0-0"
        },
        {
          "Player1": "Manas235",
          "Player2": "Jumba",
          "Result": "2-0-0"
        },
        {
          "Player1": "LucasG1ggs",
          "Player2": "boytriton",
          "Result": "2-0-0"
        },
        {
          "Player1": "moon11",
          "Player2": "InsomniaTV",
          "Result": "2-0-0"
        },
        {
          "Player1": "MatheusPonciano",
          "Player2": "Drfuzybarrel",
          "Result": "0-2-0"
        },
        {
          "Player1": "Lupos",
          "Player2": "toothymtg",
          "Result": "0-2-0"
        },
        {
          "Player1": "ejk",
          "Player2": "Badcookie",
          "Result": "0-2-0"
        },
        {
          "Player1": "nahuel10",
          "Player2": "Shadowz2005",
          "Result": "0-2-0"
        },
        {
          "Player1": "bearland",
          "Player2": "Cabz",
          "Result": "0-2-0"
        },
        {
          "Player1": "padakey",
          "Player2": "Staroson",
          "Result": "0-2-0"
        },
        {
          "Player1": "AngelofDeath7",
          "Player2": "msmayer",
          "Result": "0-0-0"
        },
        {
          "Player1": "krebsi1307",
          "Player2": "_IlNano_",
          "Result": "2-0-0"
        },
        {
          "Player1": "Traumatismes",
          "Player2": "NANI182",
          "Result": "2-0-0"
        },
        {
          "Player1": "BurnMann",
          "Player2": "dramaticRoyalty",
          "Result": "0-0-0"
        },
        {
          "Player1": "claudioh",
          "Player2": "Deerwife",
          "Result": "0-2-0"
        },
        {
          "Player1": "ReanimatorFiend",
          "Player2": "GothMuse",
          "Result": "0-2-0"
        },
        {
          "Player1": "selesneal",
          "Player2": "Ale_Mtg",
          "Result": "2-0-0"
        },
        {
          "Player1": "BigD_1992",
          "Player2": "MeninooNey",
          "Result": "0-2-0"
        },
        {
          "Player1": "O_danielakos",
          "Player2": "cool95",
          "Result": "2-0-0"
        },
        {
          "Player1": "ManUFan",
          "Player2": "derlumberzack",
          "Result": "0-2-0"
        },
        {
          "Player1": "yaboi_tebby",
          "Player2": "fudgems",
          "Result": "2-0-0"
        },
        {
          "Player1": "Impshadowknight",
          "Player2": "MacIsaac",
          "Result": "0-0-0"
        },
        {
          "Player1": "Venom1",
          "Player2": "Skeptic2304",
          "Result": "0-2-0"
        },
        {
          "Player1": "mtgandbagels",
          "Player2": "Kollslaw",
          "Result": "0-0-0"
        },
        {
          "Player1": "Doomenstein",
          "Player2": "Skrocious",
          "Result": "2-0-0"
        },
        {
          "Player1": "Hawkfrost000",
          "Player2": "BADTRONPLAYER",
          "Result": "0-2-0"
        }
      ]
    },
    {
      "RoundName": "Round 4",
      "Matches": [
        {
          "Player1": "bearland",
          "Player2": "Skrocious",
          "Result": "0-2-0"
        },
        {
          "Player1": "rastaf",
          "Player2": "HouseOfManaMTG",
          "Result": "2-0-0"
        },
        {
          "Player1": "Slyvester3",
          "Player2": "VikingMike",
          "Result": "0-2-0"
        },
        {
          "Player1": "krebsi1307",
          "Player2": "moon11",
          "Result": "2-0-0"
        },
        {
          "Player1": "O_danielakos",
          "Player2": "MatheusPonciano",
          "Result": "0-2-0"
        },
        {
          "Player1": "DemonicTutors",
          "Player2": "MeninooNey",
          "Result": "2-0-0"
        },
        {
          "Player1": "_Falcon_",
          "Player2": "NANI182",
          "Result": "0-2-0"
        },
        {
          "Player1": "Staroson",
          "Player2": "dramaticRoyalty",
          "Result": "2-0-0"
        },
        {
          "Player1": "selesneal",
          "Player2": "Cabz",
          "Result": "0-2-0"
        },
        {
          "Player1": "Skeptic2304",
          "Player2": "toothymtg",
          "Result": "0-0-0"
        },
        {
          "Player1": "cool95",
          "Player2": "fudgems",
          "Result": "2-0-0"
        },
        {
          "Player1": "Misplacedginger",
          "Player2": "BADTRONPLAYER",
          "Result": "0-2-0"
        },
        {
          "Player1": "NathanOfTheGiltLeaf",
          "Player2": "Deerwife",
          "Result": "0-0-0"
        },
        {
          "Player1": "Drfuzybarrel",
          "Player2": "yaboi_tebby",
          "Result": "2-0-0"
        },
        {
          "Player1": "el-pollo-lolo",
          "Player2": "Doomenstein",
          "Result": "0-2-0"
        },
        {
          "Player1": "LucasG1ggs",
          "Player2": "BurnMann",
          "Result": "2-0-0"
        },
        {
          "Player1": "Hawkfrost000",
          "Player2": "Traumatismes",
          "Result": "2-0-0"
        },
        {
          "Player1": "_IlNano_",
          "Player2": "reidq7",
          "Result": "0-2-0"
        },
        {
          "Player1": "Shadowz2005",
          "Player2": "InsomniaTV",
          "Result": "0-2-0"
        },
        {
          "Player1": "ReanimatorFiend",
          "Player2": "Velidar93",
          "Result": "2-0-0"
        },
        {
          "Player1": "Romulus731",
          "Player2": "Badcookie",
          "Result": "0-2-0"
        },
        {
          "Player1": "Boucha",
          "Player2": "Tyabelx",
          "Result": "2-0-0"
        },
        {
          "Player1": "Salvatto",
          "Player2": "BigD_1992",
          "Result": "0-2-0"
        },
        {
          "Player1": "mtgandbagels",
          "Player2": "Jumba",
          "Result": "2-0-0"
        },
        {
          "Player1": "ShowTime_",
          "Player2": "GothMuse",
          "Result": "0-2-0"
        },
        {
          "Player1": "derlumberzack",
          "Player2": "Kollslaw",
          "Result": "0-2-0"
        },
        {
          "Player1": "NowWithBacon",
          "Player2": "padakey",
          "Result": "0-2-0"
        },
        {
          "Player1": "ManUFan",
          "Player2": "boytriton",
          "Result": "2-0-0"
        },
        {
          "Player1": "Venom1",
          "Player2": "msmayer",
          "Result": "2-0-0"
        },
        {
          "Player1": "Impshadowknight",
          "Player2": "Manas235",
          "Result": "2-0-0"
        },
        {
          "Player1": "Ale_Mtg",
          "Player2": "unworldlyorigin",
          "Result": "0-2-0"
        }
      ]
    },
    {
      "RoundName": "Round 5",
      "Matches": [
        {
          "Player1": "padakey",
          "Player2": "dramaticRoyalty",
          "Result": "2-0-0"
        },
        {
          "Player1": "Impshadowknight",
          "Player2": "Deerwife",
          "Result": "0-2-0"
        },
        {
          "Player1": "BurnMann",
          "Player2": "Tyabelx",
          "Result": "0-2-0"
        },
        {
          "Player1": "Drfuzybarrel",
          "Player2": "Kollslaw",
          "Result": "2-0-0"
        },
        {
          "Player1": "Misplacedginger",
          "Player2": "el-pollo-lolo",
          "Result": "0-2-0"
        },
        {
          "Player1": "Badcookie",
          "Player2": "MeninooNey",
          "Result": "0-2-0"
        },
        {
          "Player1": "Boucha",
          "Player2": "reidq7",
          "Result": "0-2-0"
        },
        {
          "Player1": "Slyvester3",
          "Player2": "NANI182",
          "Result": "2-0-0"
        },
        {
          "Player1": "VikingMike",
          "Player2": "InsomniaTV",
          "Result": "2-0-0"
        },
        {
          "Player1": "rastaf",
          "Player2": "Cabz",
          "Result": "2-0-0"
        },
        {
          "Player1": "krebsi1307",
          "Player2": "Skeptic2304",
          "Result": "0-2-0"
        },
        {
          "Player1": "HouseOfManaMTG",
          "Player2": "GothMuse",
          "Result": "2-0-0"
        },
        {
          "Player1": "Doomenstein",
          "Player2": "BADTRONPLAYER",
          "Result": "2-0-0"
        },
        {
          "Player1": "mtgandbagels",
          "Player2": "BigD_1992",
          "Result": "0-2-0"
        },
        {
          "Player1": "Venom1",
          "Player2": "Hawkfrost000",
          "Result": "2-0-0"
        },
        {
          "Player1": "Romulus731",
          "Player2": "_Falcon_",
          "Result": "2-0-0"
        },
        {
          "Player1": "moon11",
          "Player2": "Skrocious",
          "Result": "0-2-0"
        },
        {
          "Player1": "unworldlyorigin",
          "Player2": "LucasG1ggs",
          "Result": "0-2-0"
        },
        {
          "Player1": "MatheusPonciano",
          "Player2": "NathanOfTheGiltLeaf",
          "Result": "0-2-0"
        },
        {
          "Player1": "Shadowz2005",
          "Player2": "Staroson",
          "Result": "0-2-0"
        },
        {
          "Player1": "derlumberzack",
          "Player2": "yaboi_tebby",
          "Result": "0-2-0"
        },
        {
          "Player1": "_IlNano_",
          "Player2": "Manas235",
          "Result": "2-0-0"
        },
        {
          "Player1": "ManUFan",
          "Player2": "O_danielakos",
          "Result": "0-2-0"
        },
        {
          "Player1": "cool95",
          "Player2": "Ale_Mtg",
          "Result": "0-2-0"
        },
        {
          "Player1": "ReanimatorFiend",
          "Player2": "Traumatismes",
          "Result": "0-2-0"
        },
        {
          "Player1": "selesneal",
          "Player2": "DemonicTutors",
          "Result": "0-2-0"
        }
      ]
    },
    {
      "RoundName": "Round 6",
      "Matches": [
        {
          "Player1": "Cabz",
          "Player2": "Skrocious",
          "Result": "0-2-0"
        },
        {
          "Player1": "_IlNano_",
          "Player2": "InsomniaTV",
          "Result": "2-0-0"
        },
        {
          "Player1": "selesneal",
          "Player2": "Tyabelx",
          "Result": "2-0-0"
        },
        {
          "Player1": "Impshadowknight",
          "Player2": "Staroson",
          "Result": "0-0-0"
        },
        {
          "Player1": "Slyvester3",
          "Player2": "yaboi_tebby",
          "Result": "2-0-0"
        },
        {
          "Player1": "Traumatismes",
          "Player2": "GothMuse",
          "Result": "0-2-0"
        },
        {
          "Player1": "ManUFan",
          "Player2": "Badcookie",
          "Result": "2-0-0"
        },
        {
          "Player1": "O_danielakos",
          "Player2": "Kollslaw",
          "Result": "2-0-0"
        },
        {
          "Player1": "Misplacedginger",
          "Player2": "Hawkfrost000",
          "Result": "2-0-0"
        },
        {
          "Player1": "MatheusPonciano",
          "Player2": "fudgems",
          "Result": "0-2-0"
        },
        {
          "Player1": "cool95",
          "Player2": "padakey",
          "Result": "0-2-0"
        },
        {
          "Player1": "BigD_1992",
          "Player2": "NathanOfTheGiltLeaf",
          "Result": "0-2-0"
        },
        {
          "Player1": "Venom1",
          "Player2": "Deerwife",
          "Result": "2-0-0"
        },
        {
          "Player1": "Doomenstein",
          "Player2": "Skeptic2304",
          "Result": "0-2-0"
        },
        {
          "Player1": "LucasG1ggs",
          "Player2": "reidq7",
          "Result": "0-2-0"
        },
        {
          "Player1": "mtgandbagels",
          "Player2": "Shadowz2005",
          "Result": "2-0-0"
        },
        {
          "Player1": "unworldlyorigin",
          "Player2": "NANI182",
          "Result": "2-0-0"
        },
        {
          "Player1": "krebsi1307",
          "Player2": "HouseOfManaMTG",
          "Result": "0-2-0"
        },
        {
          "Player1": "rastaf",
          "Player2": "el-pollo-lolo",
          "Result": "0-2-0"
        },
        {
          "Player1": "Romulus731",
          "Player2": "BurnMann",
          "Result": "2-0-0"
        },
        {
          "Player1": "Boucha",
          "Player2": "Ale_Mtg",
          "Result": "0-2-0"
        },
        {
          "Player1": "Drfuzybarrel",
          "Player2": "VikingMike",
          "Result": "0-0-0"
        },
        {
          "Player1": "moon11",
          "Player2": "MeninooNey",
          "Result": "0-2-0"
        },
        {
          "Player1": "DemonicTutors",
          "Player2": "BADTRONPLAYER",
          "Result": "2-0-0"
        }
      ]
    },
    {
      "RoundName": "Round 7",
      "Matches": [
        {
          "Player1": "Hawkfrost000",
          "Player2": "InsomniaTV",
          "Result": "2-0-0"
        },
        {
          "Player1": "fudgems",
          "Player2": "Boucha",
          "Result": "2-0-0"
        },
        {
          "Player1": "rastaf",
          "Player2": "Drfuzybarrel",
          "Result": "2-0-0"
        },
        {
          "Player1": "Cabz",
          "Player2": "Staroson",
          "Result": "0-2-0"
        },
        {
          "Player1": "HouseOfManaMTG",
          "Player2": "reidq7",
          "Result": "2-0-0"
        },
        {
          "Player1": "Traumatismes",
          "Player2": "Tyabelx",
          "Result": "2-0-0"
        },
        {
          "Player1": "Doomenstein",
          "Player2": "DemonicTutors",
          "Result": "2-0-0"
        },
        {
          "Player1": "O_danielakos",
          "Player2": "selesneal",
          "Result": "2-0-0"
        },
        {
          "Player1": "unworldlyorigin",
          "Player2": "Deerwife",
          "Result": "0-2-0"
        },
        {
          "Player1": "el-pollo-lolo",
          "Player2": "Skeptic2304",
          "Result": "0-2-0"
        },
        {
          "Player1": "Romulus731",
          "Player2": "Kollslaw",
          "Result": "0-2-0"
        },
        {
          "Player1": "Venom1",
          "Player2": "Skrocious",
          "Result": "2-0-0"
        },
        {
          "Player1": "NathanOfTheGiltLeaf",
          "Player2": "MeninooNey",
          "Result": "2-0-0"
        },
        {
          "Player1": "Slyvester3",
          "Player2": "Ale_Mtg",
          "Result": "0-2-0"
        },
        {
          "Player1": "Badcookie",
          "Player2": "NANI182",
          "Result": "2-0-0"
        },
        {
          "Player1": "LucasG1ggs",
          "Player2": "BADTRONPLAYER",
          "Result": "0-2-0"
        },
        {
          "Player1": "Misplacedginger",
          "Player2": "krebsi1307",
          "Result": "0-2-0"
        },
        {
          "Player1": "ManUFan",
          "Player2": "padakey",
          "Result": "2-0-0"
        },
        {
          "Player1": "_IlNano_",
          "Player2": "GothMuse",
          "Result": "2-0-0"
        },
        {
          "Player1": "moon11",
          "Player2": "mtgandbagels",
          "Result": "2-0-0"
        },
        {
          "Player1": "Impshadowknight",
          "Player2": "VikingMike",
          "Result": "0-2-0"
        }
      ]
    },
    {
      "RoundName": "Round 8",
      "Matches": [
        {
          "Player1": "HouseOfManaMTG",
          "Player2": "Skrocious",
          "Result": "0-2-0"
        },
        {
          "Player1": "el-pollo-lolo",
          "Player2": "Doomenstein",
          "Result": "0-2-0"
        },
        {
          "Player1": "krebsi1307",
          "Player2": "Skeptic2304",
          "Result": "0-2-0"
        },
        {
          "Player1": "rastaf",
          "Player2": "Venom1",
          "Result": "2-0-0"
        }
      ]
    },
    {
      "RoundName": "Round 9",
      "Matches": [
        {
          "Player1": "Doomenstein",
          "Player2": "Skrocious",
          "Result": "0-2-0"
        },
        {
          "Player1": "rastaf",
          "Player2": "Skeptic2304",
          "Result": "2-0-0"
        }
      ]
    },
    {
      "RoundName": "Round 10",
      "Matches": [
        {
          "Player1": "rastaf",
          "Player2": "Skrocious",
          "Result": "0-2-0"
        }
      ]
    }
  ],
  "Standings": [
    {
      "Rank": 86,
      "Player": "CrazyGambler",
      "Points": 0,
      "Wins": 0,
      "Losses": 0,
      "Draws": 0,
      "OMWP": 0.3333,
      "GWP": 0,
      "OGWP": 0.4143
    },
    {
      "Rank": 85,
      "Player": "brag1",
      "Points": 0,
      "Wins": 0,
      "Losses": 0,
      "Draws": 0,
      "OMWP": 0.3333,
      "GWP": 0.2,
      "OGWP": 0.3875
    },
    {
      "Rank": 84,
      "Player": "jvidarte",
      "Points": 0,
      "Wins": 0,
      "Losses": 0,
      "Draws": 0,
      "OMWP": 0.3667,
      "GWP": 0,
      "OGWP": 0.4643
    },
    {
      "Rank": 83,
      "Player": "PrismaticRich",
      "Points": 0,
      "Wins": 0,
      "Losses": 0,
      "Draws": 0,
      "OMWP": 0.381,
      "GWP": 0,
      "OGWP": 0.4353
    },
    {
      "Rank": 82,
      "Player": "azkusa",
      "Points": 0,
      "Wins": 0,
      "Losses": 0,
      "Draws": 0,
      "OMWP": 0.4127,
      "GWP": 0.1429,
      "OGWP": 0.4704
    },
    {
      "Rank": 81,
      "Player": "ejk",
      "Points": 0,
      "Wins": 0,
      "Losses": 0,
      "Draws": 0,
      "OMWP": 0.4524,
      "GWP": 0.25,
      "OGWP": 0.4717
    },
    {
      "Rank": 80,
      "Player": "DobleP",
      "Points": 0,
      "Wins": 0,
      "Losses": 0,
      "Draws": 0,
      "OMWP": 0.4603,
      "GWP": 0.1429,
      "OGWP": 0.46759999999999996
    },
    {
      "Rank": 79,
      "Player": "Rashek",
      "Points": 0,
      "Wins": 0,
      "Losses": 0,
      "Draws": 0,
      "OMWP": 0.4857,
      "GWP": 0.3333,
      "OGWP": 0.45549999999999996
    },
    {
      "Rank": 78,
      "Player": "cntrlfreak_ttv",
      "Points": 0,
      "Wins": 0,
      "Losses": 0,
      "Draws": 0,
      "OMWP": 0.5,
      "GWP": 0.2,
      "OGWP": 0.48710000000000003
    },
    {
      "Rank": 77,
      "Player": "azax",
      "Points": 0,
      "Wins": 0,
      "Losses": 0,
      "Draws": 0,
      "OMWP": 0.5,
      "GWP": 0.2,
      "OGWP": 0.5051
    },
    {
      "Rank": 76,
      "Player": "DemianDesposito10",
      "Points": 0,
      "Wins": 0,
      "Losses": 0,
      "Draws": 0,
      "OMWP": 0.5238,
      "GWP": 0,
      "OGWP": 0.47859999999999997
    },
    {
      "Rank": 75,
      "Player": "xRagedFurballx",
      "Points": 0,
      "Wins": 0,
      "Losses": 0,
      "Draws": 0,
      "OMWP": 0.5238,
      "GWP": 0.2,
      "OGWP": 0.475
    },
    {
      "Rank": 74,
      "Player": "GinkoHS",
      "Points": 0,
      "Wins": 0,
      "Losses": 0,
      "Draws": 0,
      "OMWP": 0.5357,
      "GWP": 0,
      "OGWP": 0.5440999999999999
    },
    {
      "Rank": 73,
      "Player": "i_b_TRUE",
      "Points": 0,
      "Wins": 0,
      "Losses": 0,
      "Draws": 0,
      "OMWP": 0.6071,
      "GWP": 0.3333,
      "OGWP": 0.5722
    },
    {
      "Rank": 72,
      "Player": "manukoka",
      "Points": 0,
      "Wins": 0,
      "Losses": 0,
      "Draws": 0,
      "OMWP": 0.6429,
      "GWP": 0.2,
      "OGWP": 0.5514
    },
    {
      "Rank": 71,
      "Player": "Schiaveto",
      "Points": 0,
      "Wins": 0,
      "Losses": 0,
      "Draws": 0,
      "OMWP": 0.7143,
      "GWP": 0.2,
      "OGWP": 0.6736
    },
    {
      "Rank": 70,
      "Player": "Linden_43",
      "Points": 0,
      "Wins": 0,
      "Losses": 0,
      "Draws": 0,
      "OMWP": 0.8571,
      "GWP": 0.3333,
      "OGWP": 0.6784
    },
    {
      "Rank": 69,
      "Player": "_Falcon_",
      "Points": 3,
      "Wins": 0,
      "Losses": 0,
      "Draws": 0,
      "OMWP": 0.4286,
      "GWP": 0.2727,
      "OGWP": 0.4569
    },
    {
      "Rank": 68,
      "Player": "Velidar93",
      "Points": 3,
      "Wins": 0,
      "Losses": 0,
      "Draws": 0,
      "OMWP": 0.44520000000000004,
      "GWP": 0.4545,
      "OGWP": 0.4121
    },
    {
      "Rank": 67,
      "Player": "jontih",
      "Points": 3,
      "Wins": 0,
      "Losses": 0,
      "Draws": 0,
      "OMWP": 0.4603,
      "GWP": 0.375,
      "OGWP": 0.40740000000000004
    },
    {
      "Rank": 66,
      "Player": "Jumba",
      "Points": 3,
      "Wins": 0,
      "Losses": 0,
      "Draws": 0,
      "OMWP": 0.469,
      "GWP": 0.3333,
      "OGWP": 0.4796
    },
    {
      "Rank": 65,
      "Player": "dramaticRoyalty",
      "Points": 3,
      "Wins": 0,
      "Losses": 0,
      "Draws": 0,
      "OMWP": 0.49520000000000003,
      "GWP": 0.35710000000000003,
      "OGWP": 0.4813
    },
    {
      "Rank": 64,
      "Player": "AngelofDeath7",
      "Points": 3,
      "Wins": 0,
      "Losses": 0,
      "Draws": 0,
      "OMWP": 0.5159,
      "GWP": 0.375,
      "OGWP": 0.5472
    },
    {
      "Rank": 63,
      "Player": "Lupos",
      "Points": 3,
      "Wins": 0,
      "Losses": 0,
      "Draws": 0,
      "OMWP": 0.5159,
      "GWP": 0.44439999999999996,
      "OGWP": 0.46009999999999995
    },
    {
      "Rank": 62,
      "Player": "Salvatto",
      "Points": 3,
      "Wins": 0,
      "Losses": 0,
      "Draws": 0,
      "OMWP": 0.5297999999999999,
      "GWP": 0.4,
      "OGWP": 0.4938
    },
    {
      "Rank": 61,
      "Player": "MacIsaac",
      "Points": 3,
      "Wins": 0,
      "Losses": 0,
      "Draws": 0,
      "OMWP": 0.5397,
      "GWP": 0.4286,
      "OGWP": 0.496
    },
    {
      "Rank": 60,
      "Player": "nahuel10",
      "Points": 3,
      "Wins": 0,
      "Losses": 0,
      "Draws": 0,
      "OMWP": 0.5397,
      "GWP": 0.5,
      "OGWP": 0.48969999999999997
    },
    {
      "Rank": 59,
      "Player": "NowWithBacon",
      "Points": 3,
      "Wins": 0,
      "Losses": 0,
      "Draws": 0,
      "OMWP": 0.5643,
      "GWP": 0.4545,
      "OGWP": 0.501
    },
    {
      "Rank": 58,
      "Player": "claudioh",
      "Points": 3,
      "Wins": 0,
      "Losses": 0,
      "Draws": 0,
      "OMWP": 0.5872999999999999,
      "GWP": 0.4286,
      "OGWP": 0.5046
    },
    {
      "Rank": 57,
      "Player": "boytriton",
      "Points": 3,
      "Wins": 0,
      "Losses": 0,
      "Draws": 0,
      "OMWP": 0.619,
      "GWP": 0.4,
      "OGWP": 0.5655
    },
    {
      "Rank": 56,
      "Player": "CrisMTG77",
      "Points": 3,
      "Wins": 0,
      "Losses": 0,
      "Draws": 0,
      "OMWP": 0.6349,
      "GWP": 0.4286,
      "OGWP": 0.5683
    },
    {
      "Rank": 55,
      "Player": "ReanimatorFiend",
      "Points": 6,
      "Wins": 0,
      "Losses": 0,
      "Draws": 0,
      "OMWP": 0.4286,
      "GWP": 0.3846,
      "OGWP": 0.46619999999999995
    },
    {
      "Rank": 54,
      "Player": "ShowTime_",
      "Points": 6,
      "Wins": 0,
      "Losses": 0,
      "Draws": 0,
      "OMWP": 0.44049999999999995,
      "GWP": 0.4545,
      "OGWP": 0.4531
    },
    {
      "Rank": 53,
      "Player": "NANI182",
      "Points": 6,
      "Wins": 0,
      "Losses": 0,
      "Draws": 0,
      "OMWP": 0.483,
      "GWP": 0.36840000000000006,
      "OGWP": 0.4793
    },
    {
      "Rank": 52,
      "Player": "Shadowz2005",
      "Points": 6,
      "Wins": 0,
      "Losses": 0,
      "Draws": 0,
      "OMWP": 0.4921,
      "GWP": 0.35710000000000003,
      "OGWP": 0.4907
    },
    {
      "Rank": 51,
      "Player": "BurnMann",
      "Points": 6,
      "Wins": 0,
      "Losses": 0,
      "Draws": 0,
      "OMWP": 0.4921,
      "GWP": 0.4,
      "OGWP": 0.4827
    },
    {
      "Rank": 50,
      "Player": "msmayer",
      "Points": 6,
      "Wins": 0,
      "Losses": 0,
      "Draws": 0,
      "OMWP": 0.5238,
      "GWP": 0.5556,
      "OGWP": 0.49829999999999997
    },
    {
      "Rank": 49,
      "Player": "Manas235",
      "Points": 6,
      "Wins": 0,
      "Losses": 0,
      "Draws": 0,
      "OMWP": 0.5333,
      "GWP": 0.5,
      "OGWP": 0.49079999999999996
    },
    {
      "Rank": 48,
      "Player": "bearland",
      "Points": 6,
      "Wins": 0,
      "Losses": 0,
      "Draws": 0,
      "OMWP": 0.5476,
      "GWP": 0.5,
      "OGWP": 0.5222
    },
    {
      "Rank": 47,
      "Player": "cool95",
      "Points": 6,
      "Wins": 0,
      "Losses": 0,
      "Draws": 0,
      "OMWP": 0.5556,
      "GWP": 0.4118,
      "OGWP": 0.5303
    },
    {
      "Rank": 46,
      "Player": "MatheusPonciano",
      "Points": 6,
      "Wins": 0,
      "Losses": 0,
      "Draws": 0,
      "OMWP": 0.5635,
      "GWP": 0.4,
      "OGWP": 0.529
    },
    {
      "Rank": 45,
      "Player": "toothymtg",
      "Points": 6,
      "Wins": 0,
      "Losses": 0,
      "Draws": 0,
      "OMWP": 0.5655,
      "GWP": 0.4,
      "OGWP": 0.5565
    },
    {
      "Rank": 44,
      "Player": "derlumberzack",
      "Points": 6,
      "Wins": 0,
      "Losses": 0,
      "Draws": 0,
      "OMWP": 0.6143,
      "GWP": 0.46149999999999997,
      "OGWP": 0.6126
    },
    {
      "Rank": 43,
      "Player": "Romulus731",
      "Points": 9,
      "Wins": 0,
      "Losses": 0,
      "Draws": 0,
      "OMWP": 0.4524,
      "GWP": 0.4667,
      "OGWP": 0.46340000000000003
    },
    {
      "Rank": 42,
      "Player": "mtgandbagels",
      "Points": 9,
      "Wins": 0,
      "Losses": 0,
      "Draws": 0,
      "OMWP": 0.4592,
      "GWP": 0.4118,
      "OGWP": 0.4532
    },
    {
      "Rank": 41,
      "Player": "Badcookie",
      "Points": 9,
      "Wins": 0,
      "Losses": 0,
      "Draws": 0,
      "OMWP": 0.4694,
      "GWP": 0.44439999999999996,
      "OGWP": 0.4671
    },
    {
      "Rank": 40,
      "Player": "BigD_1992",
      "Points": 9,
      "Wins": 0,
      "Losses": 0,
      "Draws": 0,
      "OMWP": 0.4802,
      "GWP": 0.5333,
      "OGWP": 0.4617
    },
    {
      "Rank": 39,
      "Player": "padakey",
      "Points": 9,
      "Wins": 0,
      "Losses": 0,
      "Draws": 0,
      "OMWP": 0.48979999999999996,
      "GWP": 0.44439999999999996,
      "OGWP": 0.4988
    },
    {
      "Rank": 38,
      "Player": "yaboi_tebby",
      "Points": 9,
      "Wins": 0,
      "Losses": 0,
      "Draws": 0,
      "OMWP": 0.5032,
      "GWP": 0.4706,
      "OGWP": 0.5062
    },
    {
      "Rank": 37,
      "Player": "Tyabelx",
      "Points": 9,
      "Wins": 0,
      "Losses": 0,
      "Draws": 0,
      "OMWP": 0.5136,
      "GWP": 0.4706,
      "OGWP": 0.47950000000000004
    },
    {
      "Rank": 36,
      "Player": "InsomniaTV",
      "Points": 9,
      "Wins": 0,
      "Losses": 0,
      "Draws": 0,
      "OMWP": 0.5442,
      "GWP": 0.5,
      "OGWP": 0.4955
    },
    {
      "Rank": 35,
      "Player": "Boucha",
      "Points": 9,
      "Wins": 0,
      "Losses": 0,
      "Draws": 0,
      "OMWP": 0.5714,
      "GWP": 0.45,
      "OGWP": 0.5403
    },
    {
      "Rank": 34,
      "Player": "Impshadowknight",
      "Points": 9,
      "Wins": 0,
      "Losses": 0,
      "Draws": 0,
      "OMWP": 0.5946,
      "GWP": 0.4706,
      "OGWP": 0.5554
    },
    {
      "Rank": 33,
      "Player": "fudgems",
      "Points": 12,
      "Wins": 0,
      "Losses": 0,
      "Draws": 0,
      "OMWP": 0.3881,
      "GWP": 0.625,
      "OGWP": 0.42119999999999996
    },
    {
      "Rank": 32,
      "Player": "Traumatismes",
      "Points": 12,
      "Wins": 0,
      "Losses": 0,
      "Draws": 0,
      "OMWP": 0.43810000000000004,
      "GWP": 0.5263,
      "OGWP": 0.4582
    },
    {
      "Rank": 31,
      "Player": "LucasG1ggs",
      "Points": 12,
      "Wins": 0,
      "Losses": 0,
      "Draws": 0,
      "OMWP": 0.5102,
      "GWP": 0.5625,
      "OGWP": 0.5038
    },
    {
      "Rank": 30,
      "Player": "Kollslaw",
      "Points": 12,
      "Wins": 0,
      "Losses": 0,
      "Draws": 0,
      "OMWP": 0.5265,
      "GWP": 0.5789,
      "OGWP": 0.5106
    },
    {
      "Rank": 29,
      "Player": "ManUFan",
      "Points": 12,
      "Wins": 0,
      "Losses": 0,
      "Draws": 0,
      "OMWP": 0.5333,
      "GWP": 0.5882000000000001,
      "OGWP": 0.5122
    },
    {
      "Rank": 28,
      "Player": "Misplacedginger",
      "Points": 12,
      "Wins": 0,
      "Losses": 0,
      "Draws": 0,
      "OMWP": 0.5442,
      "GWP": 0.5238,
      "OGWP": 0.5294
    },
    {
      "Rank": 27,
      "Player": "Hawkfrost000",
      "Points": 12,
      "Wins": 0,
      "Losses": 0,
      "Draws": 0,
      "OMWP": 0.5442,
      "GWP": 0.5882000000000001,
      "OGWP": 0.51
    },
    {
      "Rank": 26,
      "Player": "Slyvester3",
      "Points": 12,
      "Wins": 0,
      "Losses": 0,
      "Draws": 0,
      "OMWP": 0.5476,
      "GWP": 0.5882000000000001,
      "OGWP": 0.5053
    },
    {
      "Rank": 25,
      "Player": "selesneal",
      "Points": 12,
      "Wins": 0,
      "Losses": 0,
      "Draws": 0,
      "OMWP": 0.5578,
      "GWP": 0.5625,
      "OGWP": 0.5042
    },
    {
      "Rank": 24,
      "Player": "MeninooNey",
      "Points": 12,
      "Wins": 0,
      "Losses": 0,
      "Draws": 0,
      "OMWP": 0.568,
      "GWP": 0.6,
      "OGWP": 0.5211
    },
    {
      "Rank": 23,
      "Player": "moon11",
      "Points": 12,
      "Wins": 0,
      "Losses": 0,
      "Draws": 0,
      "OMWP": 0.5918,
      "GWP": 0.47369999999999995,
      "OGWP": 0.5663
    },
    {
      "Rank": 22,
      "Player": "unworldlyorigin",
      "Points": 12,
      "Wins": 0,
      "Losses": 0,
      "Draws": 0,
      "OMWP": 0.6053999999999999,
      "GWP": 0.5294,
      "OGWP": 0.5616
    },
    {
      "Rank": 21,
      "Player": "Cabz",
      "Points": 12,
      "Wins": 0,
      "Losses": 0,
      "Draws": 0,
      "OMWP": 0.6088,
      "GWP": 0.5294,
      "OGWP": 0.5574
    },
    {
      "Rank": 20,
      "Player": "GothMuse",
      "Points": 12,
      "Wins": 0,
      "Losses": 0,
      "Draws": 0,
      "OMWP": 0.6184000000000001,
      "GWP": 0.5625,
      "OGWP": 0.547
    },
    {
      "Rank": 19,
      "Player": "Staroson",
      "Points": 15,
      "Wins": 0,
      "Losses": 0,
      "Draws": 0,
      "OMWP": 0.4286,
      "GWP": 0.5882000000000001,
      "OGWP": 0.4639
    },
    {
      "Rank": 18,
      "Player": "Ale_Mtg",
      "Points": 15,
      "Wins": 0,
      "Losses": 0,
      "Draws": 0,
      "OMWP": 0.449,
      "GWP": 0.55,
      "OGWP": 0.4757
    },
    {
      "Rank": 17,
      "Player": "NathanOfTheGiltLeaf",
      "Points": 15,
      "Wins": 0,
      "Losses": 0,
      "Draws": 0,
      "OMWP": 0.4796,
      "GWP": 0.625,
      "OGWP": 0.4965
    },
    {
      "Rank": 16,
      "Player": "VikingMike",
      "Points": 15,
      "Wins": 0,
      "Losses": 0,
      "Draws": 0,
      "OMWP": 0.483,
      "GWP": 0.5789,
      "OGWP": 0.4905
    },
    {
      "Rank": 15,
      "Player": "_IlNano_",
      "Points": 15,
      "Wins": 0,
      "Losses": 0,
      "Draws": 0,
      "OMWP": 0.4993,
      "GWP": 0.6111,
      "OGWP": 0.49939999999999996
    },
    {
      "Rank": 14,
      "Player": "O_danielakos",
      "Points": 15,
      "Wins": 0,
      "Losses": 0,
      "Draws": 0,
      "OMWP": 0.5102,
      "GWP": 0.6,
      "OGWP": 0.525
    },
    {
      "Rank": 13,
      "Player": "Drfuzybarrel",
      "Points": 15,
      "Wins": 0,
      "Losses": 0,
      "Draws": 0,
      "OMWP": 0.534,
      "GWP": 0.5789,
      "OGWP": 0.5024000000000001
    },
    {
      "Rank": 12,
      "Player": "reidq7",
      "Points": 15,
      "Wins": 0,
      "Losses": 0,
      "Draws": 0,
      "OMWP": 0.5442,
      "GWP": 0.6875,
      "OGWP": 0.5227
    },
    {
      "Rank": 11,
      "Player": "DemonicTutors",
      "Points": 15,
      "Wins": 0,
      "Losses": 0,
      "Draws": 0,
      "OMWP": 0.5986,
      "GWP": 0.5556,
      "OGWP": 0.5711999999999999
    },
    {
      "Rank": 10,
      "Player": "Deerwife",
      "Points": 15,
      "Wins": 0,
      "Losses": 0,
      "Draws": 0,
      "OMWP": 0.5986,
      "GWP": 0.625,
      "OGWP": 0.5609000000000001
    },
    {
      "Rank": 9,
      "Player": "BADTRONPLAYER",
      "Points": 15,
      "Wins": 0,
      "Losses": 0,
      "Draws": 0,
      "OMWP": 0.5986,
      "GWP": 0.6470999999999999,
      "OGWP": 0.5710000000000001
    },
    {
      "Rank": 8,
      "Player": "krebsi1307",
      "Points": 15,
      "Wins": 0,
      "Losses": 0,
      "Draws": 0,
      "OMWP": 0.6259,
      "GWP": 0.5556,
      "OGWP": 0.5814
    },
    {
      "Rank": 7,
      "Player": "el-pollo-lolo",
      "Points": 15,
      "Wins": 0,
      "Losses": 0,
      "Draws": 0,
      "OMWP": 0.6463,
      "GWP": 0.6315999999999999,
      "OGWP": 0.5721
    },
    {
      "Rank": 6,
      "Player": "Venom1",
      "Points": 18,
      "Wins": 0,
      "Losses": 0,
      "Draws": 0,
      "OMWP": 0.6048,
      "GWP": 0.7059000000000001,
      "OGWP": 0.5848
    },
    {
      "Rank": 5,
      "Player": "HouseOfManaMTG",
      "Points": 18,
      "Wins": 0,
      "Losses": 0,
      "Draws": 0,
      "OMWP": 0.649,
      "GWP": 0.8,
      "OGWP": 0.583
    },
    {
      "Rank": 4,
      "Player": "Doomenstein",
      "Points": 21,
      "Wins": 0,
      "Losses": 0,
      "Draws": 0,
      "OMWP": 0.7006999999999999,
      "GWP": 0.7222,
      "OGWP": 0.6025
    },
    {
      "Rank": 3,
      "Player": "Skeptic2304",
      "Points": 24,
      "Wins": 0,
      "Losses": 0,
      "Draws": 0,
      "OMWP": 0.6156,
      "GWP": 0.7778,
      "OGWP": 0.5355
    },
    {
      "Rank": 2,
      "Player": "rastaf",
      "Points": 24,
      "Wins": 0,
      "Losses": 0,
      "Draws": 0,
      "OMWP": 0.5646,
      "GWP": 0.6842,
      "OGWP": 0.5525
    },
    {
      "Rank": 1,
      "Player": "Skrocious",
      "Points": 24,
      "Wins": 0,
      "Losses": 0,
      "Draws": 0,
      "OMWP": 0.6633,
      "GWP": 0.6470999999999999,
      "OGWP": 0.5821000000000001
    }
  ]
}