{
  "Tournament": {
    "Id": 12800036,
    "Date": "2025-07-01T12:00:00",
    "Name": "Modern Preliminary",
    "Uri": null,
    "JsonFile": null,
    "ForceRedownload": false
  },
  "Decks": null,
  "Rounds": [
    {
      "RoundName": "Round 1",
      "Matches": [
        {
          "Player1": "albertoSD",
          "Player2": "OneModel",
          "Result": "2-0-0"
        },
        {
          "Player1": "byanceyINK",
          "Player2": "ElGaiteiro",
          "Result": "0-2-0"
        },
        {
          "Player1": "Happinessltd",
          "Player2": "kanister",
          "Result": "0-2-0"
        },
        {
          "Player1": "Deathnote1999",
          "Player2": "TBO_MTG",
          "Result": "0-2-0"
        },
        {
          "Player1": "mei0024",
          "Player2": "DavidPierceUTA",
          "Result": "2-0-0"
        },
        {
          "Player1": "imthekiing",
          "Player2": "bernardocssa",
          "Result": "0-2-0"
        }
      ]
    },
    {
      "RoundName": "Round 2",
      "Matches": [
        {
          "Player1": "Deathnote1999",
          "Player2": "DavidPierceUTA",
          "Result": "2-0-0"
        },
        {
          "Player1": "albertoSD",
          "Player2": "mei0024",
          "Result": "0-2-0"
        },
        {
          "Player1": "imthekiing",
          "Player2": "Happinessltd",
          "Result": "2-0-0"
        },
        {
          "Player1": "kanister",
          "Player2": "TBO_MTG",
          "Result": "2-0-0"
        },
        {
          "Player1": "bernardocssa",
          "Player2": "ElGaiteiro",
          "Result": "0-2-0"
        },
        {
          "Player1": "OneModel",
          "Player2": "byanceyINK",
          "Result": "2-0-0"
        }
      ]
    },
    {
      "RoundName": "Round 3",
      "Matches": [
        {
          "Player1": "imthekiing",
          "Player2": "mei0024",
          "Result": "0-2-0"
        },
        {
          "Player1": "byanceyINK",
          "Player2": "DavidPierceUTA",
          "Result": "2-0-0"
        },
        {
          "Player1": "OneModel",
          "Player2": "Deathnote1999",
          "Result": "2-0-0"
        },
        {
          "Player1": "Happinessltd",
          "Player2": "albertoSD",
          "Result": "2-0-0"
        },
        {
          "Player1": "kanister",
          "Player2": "ElGaiteiro",
          "Result": "0-2-0"
        },
        {
          "Player1": "bernardocssa",
          "Player2": "TBO_MTG",
          "Result": "2-0-0"
        }
      ]
    },
    {
      "RoundName": "Round 4",
      "Matches": [
        {
          "Player1": "kanister",
          "Player2": "Deathnote1999",
          "Result": "0-2-0"
        },
        {
          "Player1": "imthekiing",
          "Player2": "TBO_MTG",
          "Result": "2-0-0"
        },
        {
          "Player1": "Happinessltd",
          "Player2": "byanceyINK",
          "Result": "0-2-0"
        },
        {
          "Player1": "mei0024",
          "Player2": "ElGaiteiro",
          "Result": "0-2-0"
        },
        {
          "Player1": "bernardocssa",
          "Player2": "OneModel",
          "Result": "2-0-0"
        }
      ]
    }
  ],
  "Standings": [
    {
      "Rank": 12,
      "Player": "DavidPierceUTA",
      "Points": 0,
      "Wins": 0,
      "Losses": 0,
      "Draws": 0,
      "OMWP": 0.5832999999999999,
      "GWP": 0.25,
      "OGWP": 0.5333
    },
    {
      "Rank": 11,
      "Player": "Happinessltd",
      "Points": 3,
      "Wins": 0,
      "Losses": 0,
      "Draws": 0,
      "OMWP": 0.4583,
      "GWP": 0.22219999999999998,
      "OGWP": 0.5503
    },
    {
      "Rank": 10,
      "Player": "albertoSD",
      "Points": 3,
      "Wins": 0,
      "Losses": 0,
      "Draws": 0,
      "OMWP": 0.5278,
      "GWP": 0.5,
      "OGWP": 0.44439999999999996
    },
    {
      "Rank": 9,
      "Player": "TBO_MTG",
      "Points": 3,
      "Wins": 0,
      "Losses": 0,
      "Draws": 0,
      "OMWP": 0.5625,
      "GWP": 0.25,
      "OGWP": 0.597
    },
    {
      "Rank": 8,
      "Player": "Deathnote1999",
      "Points": 6,
      "Wins": 0,
      "Losses": 0,
      "Draws": 0,
      "OMWP": 0.4167,
      "GWP": 0.4545,
      "OGWP": 0.4167
    },
    {
      "Rank": 7,
      "Player": "OneModel",
      "Points": 6,
      "Wins": 0,
      "Losses": 0,
      "Draws": 0,
      "OMWP": 0.5207999999999999,
      "GWP": 0.4,
      "OGWP": 0.5694
    },
    {
      "Rank": 6,
      "Player": "byanceyINK",
      "Points": 6,
      "Wins": 0,
      "Losses": 0,
      "Draws": 0,
      "OMWP": 0.5417000000000001,
      "GWP": 0.5455,
      "OGWP": 0.4485
    },
    {
      "Rank": 5,
      "Player": "imthekiing",
      "Points": 6,
      "Wins": 0,
      "Losses": 0,
      "Draws": 0,
      "OMWP": 0.5417000000000001,
      "GWP": 0.5556,
      "OGWP": 0.5111
    },
    {
      "Rank": 4,
      "Player": "kanister",
      "Points": 6,
      "Wins": 0,
      "Losses": 0,
      "Draws": 0,
      "OMWP": 0.5417000000000001,
      "GWP": 0.6,
      "OGWP": 0.4621
    },
    {
      "Rank": 3,
      "Player": "mei0024",
      "Points": 9,
      "Wins": 0,
      "Losses": 0,
      "Draws": 0,
      "OMWP": 0.5417000000000001,
      "GWP": 0.6,
      "OGWP": 0.529
    },
    {
      "Rank": 2,
      "Player": "bernardocssa",
      "Points": 9,
      "Wins": 0,
      "Losses": 0,
      "Draws": 0,
      "OMWP": 0.5832999999999999,
      "GWP": 0.7778,
      "OGWP": 0.504
    },
    {
      "Rank": 1,
      "Player": "ElGaiteiro",
      "Points": 12,
      "Wins": 0,
      "Losses": 0,
      "Draws": 0,
      "OMWP": 0.625,
      "GWP": 0.7273000000000001,
      "OGWP": 0.6308
    }
  ]
}