{
  "Tournament": {
    "Id": 12800037,
    "Date": "2025-07-01T17:00:00",
    "Name": "Phantom Sealed Trial 24",
    "Uri": null,
    "JsonFile": null,
    "ForceRedownload": false
  },
  "Decks": null,
  "Rounds": [
    {
      "RoundName": "Round 1",
      "Matches": [
        {
          "Player1": "Hampuse1",
          "Player2": "JSBS",
          "Result": "0-2-0"
        },
        {
          "Player1": "redkjames",
          "Player2": "Kraken__",
          "Result": "0-2-0"
        },
        {
          "Player1": "Taurum",
          "Player2": "Soseloso",
          "Result": "2-0-0"
        },
        {
          "Player1": "TMB000",
          "Player2": "dust01",
          "Result": "2-0-0"
        },
        {
          "Player1": "DarkestMage",
          "Player2": "Darkiundsa",
          "Result": "0-2-0"
        },
        {
          "Player1": "MJ_23",
          "Player2": "KillerKlown667",
          "Result": "0-2-0"
        },
        {
          "Player1": "Ale_Mtg",
          "Player2": "SynthAura",
          "Result": "0-2-0"
        },
        {
          "Player1": "2kool",
          "Player2": "H3llrid3r",
          "Result": "2-0-0"
        },
        {
          "Player1": "Than",
          "Player2": "Fatter_CHOCOBO",
          "Result": "2-0-0"
        },
        {
          "Player1": "ROTATED",
          "Player2": "DrAntiderivative",
          "Result": "2-0-0"
        },
        {
          "Player1": "twistling",
          "Player2": "Thunus",
          "Result": "2-0-0"
        },
        {
          "Player1": "_Spata_",
          "Player2": "eresopacaso",
          "Result": "0-0-0"
        },
        {
          "Player1": "bernardocssa",
          "Player2": "gilliganisla",
          "Result": "0-2-0"
        },
        {
          "Player1": "imthekiing",
          "Player2": "RusGuf",
          "Result": "2-0-0"
        }
      ]
    },
    {
      "RoundName": "Round 2",
      "Matches": [
        {
          "Player1": "DarkestMage",
          "Player2": "bernardocssa",
          "Result": "0-2-0"
        },
        {
          "Player1": "SynthAura",
          "Player2": "Than",
          "Result": "0-2-0"
        },
        {
          "Player1": "ROTATED",
          "Player2": "2kool",
          "Result": "2-0-0"
        },
        {
          "Player1": "Darkiundsa",
          "Player2": "TMB000",
          "Result": "2-0-0"
        },
        {
          "Player1": "eresopacaso",
          "Player2": "RusGuf",
          "Result": "2-0-0"
        },
        {
          "Player1": "imthekiing",
          "Player2": "Taurum",
          "Result": "2-0-0"
        },
        {
          "Player1": "MJ_23",
          "Player2": "redkjames",
          "Result": "0-2-0"
        },
        {
          "Player1": "JSBS",
          "Player2": "KillerKlown667",
          "Result": "0-2-0"
        },
        {
          "Player1": "Hampuse1",
          "Player2": "DrAntiderivative",
          "Result": "0-2-0"
        },
        {
          "Player1": "Ale_Mtg",
          "Player2": "H3llrid3r",
          "Result": "2-0-0"
        },
        {
          "Player1": "twistling",
          "Player2": "_Spata_",
          "Result": "2-0-0"
        },
        {
          "Player1": "dust01",
          "Player2": "Thunus",
          "Result": "0-0-0"
        },
        {
          "Player1": "gilliganisla",
          "Player2": "Kraken__",
          "Result": "0-2-0"
        }
      ]
    },
    {
      "RoundName": "Round 3",
      "Matches": [
        {
          "Player1": "ROTATED",
          "Player2": "Kraken__",
          "Result": "0-2-0"
        },
        {
          "Player1": "gilliganisla",
          "Player2": "SynthAura",
          "Result": "0-0-0"
        },
        {
          "Player1": "_Spata_",
          "Player2": "bernardocssa",
          "Result": "0-2-0"
        },
        {
          "Player1": "Hampuse1",
          "Player2": "H3llrid3r",
          "Result": "2-0-0"
        },
        {
          "Player1": "imthekiing",
          "Player2": "Than",
          "Result": "2-0-0"
        },
        {
          "Player1": "twistling",
          "Player2": "KillerKlown667",
          "Result": "2-0-0"
        },
        {
          "Player1": "Taurum",
          "Player2": "dust01",
          "Result": "2-0-0"
        },
        {
          "Player1": "TMB000",
          "Player2": "Ale_Mtg",
          "Result": "2-0-0"
        },
        {
          "Player1": "DrAntiderivative",
          "Player2": "redkjames",
          "Result": "2-0-0"
        },
        {
          "Player1": "Darkiundsa",
          "Player2": "eresopacaso",
          "Result": "2-0-0"
        },
        {
          "Player1": "JSBS",
          "Player2": "2kool",
          "Result": "1-2-0"
        },
        {
          "Player1": "Thunus",
          "Player2": "RusGuf",
          "Result": "2-0-0"
        }
      ]
    },
    {
      "RoundName": "Round 4",
      "Matches": [
        {
          "Player1": "redkjames",
          "Player2": "JSBS",
          "Result": "0-2-0"
        },
        {
          "Player1": "Darkiundsa",
          "Player2": "Kraken__",
          "Result": "2-0-0"
        },
        {
          "Player1": "Hampuse1",
          "Player2": "Ale_Mtg",
          "Result": "0-2-0"
        },
        {
          "Player1": "bernardocssa",
          "Player2": "KillerKlown667",
          "Result": "0-2-0"
        },
        {
          "Player1": "Taurum",
          "Player2": "gilliganisla",
          "Result": "0-2-0"
        },
        {
          "Player1": "Thunus",
          "Player2": "_Spata_",
          "Result": "2-0-0"
        },
        {
          "Player1": "imthekiing",
          "Player2": "twistling",
          "Result": "0-2-0"
        },
        {
          "Player1": "dust01",
          "Player2": "SynthAura",
          "Result": "2-0-0"
        },
        {
          "Player1": "Than",
          "Player2": "TMB000",
          "Result": "0-2-0"
        },
        {
          "Player1": "DrAntiderivative",
          "Player2": "2kool",
          "Result": "0-2-0"
        },
        {
          "Player1": "ROTATED",
          "Player2": "eresopacaso",
          "Result": "0-0-0"
        }
      ]
    },
    {
      "RoundName": "Round 5",
      "Matches": [
        {
          "Player1": "ROTATED",
          "Player2": "gilliganisla",
          "Result": "0-0-0"
        },
        {
          "Player1": "imthekiing",
          "Player2": "Kraken__",
          "Result": "0-2-0"
        },
        {
          "Player1": "Taurum",
          "Player2": "bernardocssa",
          "Result": "0-2-0"
        },
        {
          "Player1": "TMB000",
          "Player2": "KillerKlown667",
          "Result": "2-0-0"
        },
        {
          "Player1": "JSBS",
          "Player2": "dust01",
          "Result": "2-0-0"
        },
        {
          "Player1": "Than",
          "Player2": "2kool",
          "Result": "0-2-0"
        },
        {
          "Player1": "Thunus",
          "Player2": "Ale_Mtg",
          "Result": "0-2-0"
        },
        {
          "Player1": "Darkiundsa",
          "Player2": "twistling",
          "Result": "0-2-0"
        }
      ]
    }
  ],
  "Standings": [
    {
      "Rank": 28,
      "Player": "Soseloso",
      "Points": 0,
      "Wins": 0,
      "Losses": 0,
      "Draws": 0,
      "OMWP": 0.4,
      "GWP": 0,
      "OGWP": 0.3636
    },
    {
      "Rank": 27,
      "Player": "Fatter_CHOCOBO",
      "Points": 0,
      "Wins": 0,
      "Losses": 0,
      "Draws": 0,
      "OMWP": 0.4,
      "GWP": 0.3333,
      "OGWP": 0.4286
    },
    {
      "Rank": 26,
      "Player": "RusGuf",
      "Points": 0,
      "Wins": 0,
      "Losses": 0,
      "Draws": 0,
      "OMWP": 0.44439999999999996,
      "GWP": 0.1429,
      "OGWP": 0.4777
    },
    {
      "Rank": 25,
      "Player": "MJ_23",
      "Points": 0,
      "Wins": 0,
      "Losses": 0,
      "Draws": 0,
      "OMWP": 0.4667,
      "GWP": 0.2,
      "OGWP": 0.4692
    },
    {
      "Rank": 24,
      "Player": "H3llrid3r",
      "Points": 0,
      "Wins": 0,
      "Losses": 0,
      "Draws": 0,
      "OMWP": 0.5778,
      "GWP": 0,
      "OGWP": 0.5278
    },
    {
      "Rank": 23,
      "Player": "DarkestMage",
      "Points": 0,
      "Wins": 0,
      "Losses": 0,
      "Draws": 0,
      "OMWP": 0.7,
      "GWP": 0.2,
      "OGWP": 0.6077
    },
    {
      "Rank": 22,
      "Player": "eresopacaso",
      "Points": 3,
      "Wins": 0,
      "Losses": 0,
      "Draws": 0,
      "OMWP": 0.5167,
      "GWP": 0.4,
      "OGWP": 0.46630000000000005
    },
    {
      "Rank": 21,
      "Player": "Hampuse1",
      "Points": 3,
      "Wins": 0,
      "Losses": 0,
      "Draws": 0,
      "OMWP": 0.5333,
      "GWP": 0.25,
      "OGWP": 0.508
    },
    {
      "Rank": 20,
      "Player": "SynthAura",
      "Points": 3,
      "Wins": 0,
      "Losses": 0,
      "Draws": 0,
      "OMWP": 0.55,
      "GWP": 0.3636,
      "OGWP": 0.5598
    },
    {
      "Rank": 19,
      "Player": "_Spata_",
      "Points": 3,
      "Wins": 0,
      "Losses": 0,
      "Draws": 0,
      "OMWP": 0.5832999999999999,
      "GWP": 0.3333,
      "OGWP": 0.5927
    },
    {
      "Rank": 18,
      "Player": "redkjames",
      "Points": 3,
      "Wins": 0,
      "Losses": 0,
      "Draws": 0,
      "OMWP": 0.5832999999999999,
      "GWP": 0.4,
      "OGWP": 0.516
    },
    {
      "Rank": 17,
      "Player": "dust01",
      "Points": 6,
      "Wins": 0,
      "Losses": 0,
      "Draws": 0,
      "OMWP": 0.5067,
      "GWP": 0.5,
      "OGWP": 0.4993
    },
    {
      "Rank": 16,
      "Player": "Thunus",
      "Points": 6,
      "Wins": 0,
      "Losses": 0,
      "Draws": 0,
      "OMWP": 0.5333,
      "GWP": 0.46149999999999997,
      "OGWP": 0.5318
    },
    {
      "Rank": 15,
      "Player": "Taurum",
      "Points": 6,
      "Wins": 0,
      "Losses": 0,
      "Draws": 0,
      "OMWP": 0.5467,
      "GWP": 0.3636,
      "OGWP": 0.5464
    },
    {
      "Rank": 14,
      "Player": "Than",
      "Points": 6,
      "Wins": 0,
      "Losses": 0,
      "Draws": 0,
      "OMWP": 0.5733,
      "GWP": 0.4286,
      "OGWP": 0.5255
    },
    {
      "Rank": 13,
      "Player": "Ale_Mtg",
      "Points": 9,
      "Wins": 0,
      "Losses": 0,
      "Draws": 0,
      "OMWP": 0.44,
      "GWP": 0.5832999999999999,
      "OGWP": 0.4368
    },
    {
      "Rank": 12,
      "Player": "bernardocssa",
      "Points": 9,
      "Wins": 0,
      "Losses": 0,
      "Draws": 0,
      "OMWP": 0.49329999999999996,
      "GWP": 0.6,
      "OGWP": 0.4592
    },
    {
      "Rank": 11,
      "Player": "JSBS",
      "Points": 9,
      "Wins": 0,
      "Losses": 0,
      "Draws": 0,
      "OMWP": 0.49329999999999996,
      "GWP": 0.6154,
      "OGWP": 0.4877
    },
    {
      "Rank": 10,
      "Player": "DrAntiderivative",
      "Points": 9,
      "Wins": 0,
      "Losses": 0,
      "Draws": 0,
      "OMWP": 0.5167,
      "GWP": 0.5,
      "OGWP": 0.49579999999999996
    },
    {
      "Rank": 9,
      "Player": "imthekiing",
      "Points": 9,
      "Wins": 0,
      "Losses": 0,
      "Draws": 0,
      "OMWP": 0.5867,
      "GWP": 0.5714,
      "OGWP": 0.53
    },
    {
      "Rank": 8,
      "Player": "KillerKlown667",
      "Points": 9,
      "Wins": 0,
      "Losses": 0,
      "Draws": 0,
      "OMWP": 0.6667000000000001,
      "GWP": 0.5385,
      "OGWP": 0.63
    },
    {
      "Rank": 7,
      "Player": "ROTATED",
      "Points": 9,
      "Wins": 0,
      "Losses": 0,
      "Draws": 0,
      "OMWP": 0.6667000000000001,
      "GWP": 0.5832999999999999,
      "OGWP": 0.5819
    },
    {
      "Rank": 6,
      "Player": "2kool",
      "Points": 12,
      "Wins": 0,
      "Losses": 0,
      "Draws": 0,
      "OMWP": 0.5067,
      "GWP": 0.6667000000000001,
      "OGWP": 0.4921
    },
    {
      "Rank": 5,
      "Player": "gilliganisla",
      "Points": 12,
      "Wins": 0,
      "Losses": 0,
      "Draws": 0,
      "OMWP": 0.5467,
      "GWP": 0.7273000000000001,
      "OGWP": 0.5052
    },
    {
      "Rank": 4,
      "Player": "TMB000",
      "Points": 12,
      "Wins": 0,
      "Losses": 0,
      "Draws": 0,
      "OMWP": 0.56,
      "GWP": 0.6923,
      "OGWP": 0.5332
    },
    {
      "Rank": 3,
      "Player": "Kraken__",
      "Points": 12,
      "Wins": 0,
      "Losses": 0,
      "Draws": 0,
      "OMWP": 0.6267,
      "GWP": 0.6154,
      "OGWP": 0.5795
    },
    {
      "Rank": 2,
      "Player": "Darkiundsa",
      "Points": 12,
      "Wins": 0,
      "Losses": 0,
      "Draws": 0,
      "OMWP": 0.6533,
      "GWP": 0.6154,
      "OGWP": 0.59
    },
    {
      "Rank": 1,
      "Player": "twistling",
      "Points": 15,
      "Wins": 0,
      "Losses": 0,
      "Draws": 0,
      "OMWP": 0.5467,
      "GWP": 0.9091,
      "OGWP": 0.504
    }
  ]
}