{
  "Tournament": {
    "Id": 12800032,
    "Date": "2025-07-01T01:00:00",
    "Name": "Pioneer Challenge 32",
    "Uri": null,
    "JsonFile": null,
    "ForceRedownload": false
  },
  "Decks": null,
  "Rounds": [
    {
      "RoundName": "Round 1",
      "Matches": [
        {
          "Player1": "deleon91",
          "Player2": "Denisevich",
          "Result": "2-0-0"
        },
        {
          "Player1": "wordy333",
          "Player2": "Ale_Mtg",
          "Result": "2-0-0"
        },
        {
          "Player1": "pat0presidente",
          "Player2": "TadalaDe20",
          "Result": "2-0-0"
        },
        {
          "Player1": "Venom1",
          "Player2": "LasVegasChaos",
          "Result": "0-0-0"
        },
        {
          "Player1": "Arianne",
          "Player2": "Willthepill",
          "Result": "2-0-0"
        },
        {
          "Player1": "camroux22",
          "Player2": "HouseOfManaMTG",
          "Result": "0-2-0"
        },
        {
          "Player1": "Theagent002",
          "Player2": "sandoiche",
          "Result": "2-0-0"
        },
        {
          "Player1": "xRagedFurballx",
          "Player2": "Mathilde8",
          "Result": "0-0-0"
        },
        {
          "Player1": "claudioh",
          "Player2": "GinkoHS",
          "Result": "2-0-0"
        },
        {
          "Player1": "Danielpena397",
          "Player2": "tchuco",
          "Result": "0-2-0"
        },
        {
          "Player1": "rougedragon",
          "Player2": "GzusReturned",
          "Result": "0-2-0"
        },
        {
          "Player1": "sandydogmtg",
          "Player2": "O_danielakos",
          "Result": "0-0-0"
        },
        {
          "Player1": "Lord_Beerus",
          "Player2": "Andy_Over",
          "Result": "2-0-0"
        },
        {
          "Player1": "LucaAshok",
          "Player2": "VitorCarvalho01",
          "Result": "0-2-0"
        },
        {
          "Player1": "LuffyDoChapeuDePalha",
          "Player2": "groot02",
          "Result": "0-2-0"
        },
        {
          "Player1": "RUBAO_oDonoDoMundo",
          "Player2": "4UBro",
          "Result": "0-2-0"
        },
        {
          "Player1": "PedraStone",
          "Player2": "ICT95",
          "Result": "2-0-0"
        },
        {
          "Player1": "Capitano_CL",
          "Player2": "kasa",
          "Result": "0-2-0"
        },
        {
          "Player1": "hermanomlg",
          "Player2": "Artemis2021",
          "Result": "0-2-0"
        },
        {
          "Player1": "albertoSD",
          "Player2": "PNascimento",
          "Result": "0-2-0"
        },
        {
          "Player1": "AFX",
          "Player2": "mitch4783",
          "Result": "0-2-0"
        },
        {
          "Player1": "Mateusf34",
          "Player2": "_Chamytinho_",
          "Result": "2-0-0"
        },
        {
          "Player1": "LucasG1ggs",
          "Player2": "xfile",
          "Result": "0-2-0"
        },
        {
          "Player1": "fingers1991",
          "Player2": "AJV20",
          "Result": "2-0-0"
        },
        {
          "Player1": "Snover",
          "Player2": "LeoGuedez",
          "Result": "0-0-0"
        },
        {
          "Player1": "MJ_23",
          "Player2": "musasabi",
          "Result": "2-0-0"
        },
        {
          "Player1": "FanksEoT",
          "Player2": "Shulk",
          "Result": "2-0-0"
        }
      ]
    },
    {
      "RoundName": "Round 2",
      "Matches": [
        {
          "Player1": "hermanomlg",
          "Player2": "GinkoHS",
          "Result": "0-2-0"
        },
        {
          "Player1": "Capitano_CL",
          "Player2": "ICT95",
          "Result": "2-0-0"
        },
        {
          "Player1": "sandydogmtg",
          "Player2": "_Chamytinho_",
          "Result": "2-0-0"
        },
        {
          "Player1": "pat0presidente",
          "Player2": "Lord_Beerus",
          "Result": "2-0-0"
        },
        {
          "Player1": "LuffyDoChapeuDePalha",
          "Player2": "camroux22",
          "Result": "0-0-0"
        },
        {
          "Player1": "Artemis2021",
          "Player2": "Snover",
          "Result": "2-0-0"
        },
        {
          "Player1": "wordy333",
          "Player2": "MJ_23",
          "Result": "2-0-0"
        },
        {
          "Player1": "AFX",
          "Player2": "Ale_Mtg",
          "Result": "2-0-0"
        },
        {
          "Player1": "musasabi",
          "Player2": "xRagedFurballx",
          "Result": "0-2-0"
        },
        {
          "Player1": "fingers1991",
          "Player2": "LeoGuedez",
          "Result": "0-2-0"
        },
        {
          "Player1": "FanksEoT",
          "Player2": "Mathilde8",
          "Result": "0-2-0"
        },
        {
          "Player1": "mitch4783",
          "Player2": "PNascimento",
          "Result": "2-0-0"
        },
        {
          "Player1": "xfile",
          "Player2": "4UBro",
          "Result": "2-0-0"
        },
        {
          "Player1": "deleon91",
          "Player2": "Mateusf34",
          "Result": "0-0-0"
        },
        {
          "Player1": "PedraStone",
          "Player2": "GzusReturned",
          "Result": "0-2-0"
        },
        {
          "Player1": "claudioh",
          "Player2": "tchuco",
          "Result": "2-0-0"
        },
        {
          "Player1": "HouseOfManaMTG",
          "Player2": "VitorCarvalho01",
          "Result": "0-2-0"
        },
        {
          "Player1": "LucaAshok",
          "Player2": "Willthepill",
          "Result": "0-0-0"
        },
        {
          "Player1": "LucasG1ggs",
          "Player2": "TadalaDe20",
          "Result": "2-0-0"
        },
        {
          "Player1": "sandoiche",
          "Player2": "Denisevich",
          "Result": "2-0-0"
        },
        {
          "Player1": "O_danielakos",
          "Player2": "LasVegasChaos",
          "Result": "2-0-0"
        },
        {
          "Player1": "Danielpena397",
          "Player2": "RUBAO_oDonoDoMundo",
          "Result": "1-2-0"
        },
        {
          "Player1": "Theagent002",
          "Player2": "kasa",
          "Result": "0-2-0"
        },
        {
          "Player1": "Arianne",
          "Player2": "groot02",
          "Result": "0-2-0"
        },
        {
          "Player1": "rougedragon",
          "Player2": "Andy_Over",
          "Result": "2-0-0"
        },
        {
          "Player1": "Venom1",
          "Player2": "Shulk",
          "Result": "0-2-0"
        }
      ]
    },
    {
      "RoundName": "Round 3",
      "Matches": [
        {
          "Player1": "pat0presidente",
          "Player2": "kasa",
          "Result": "2-0-0"
        },
        {
          "Player1": "Mateusf34",
          "Player2": "mitch4783",
          "Result": "2-0-0"
        },
        {
          "Player1": "O_danielakos",
          "Player2": "xfile",
          "Result": "2-0-0"
        },
        {
          "Player1": "wordy333",
          "Player2": "Artemis2021",
          "Result": "2-0-0"
        },
        {
          "Player1": "LucaAshok",
          "Player2": "deleon91",
          "Result": "0-2-0"
        },
        {
          "Player1": "Theagent002",
          "Player2": "RUBAO_oDonoDoMundo",
          "Result": "2-0-0"
        },
        {
          "Player1": "sandydogmtg",
          "Player2": "4UBro",
          "Result": "2-0-0"
        },
        {
          "Player1": "Capitano_CL",
          "Player2": "rougedragon",
          "Result": "2-0-0"
        },
        {
          "Player1": "sandoiche",
          "Player2": "LucasG1ggs",
          "Result": "0-2-0"
        },
        {
          "Player1": "Andy_Over",
          "Player2": "Danielpena397",
          "Result": "0-2-0"
        },
        {
          "Player1": "hermanomlg",
          "Player2": "Snover",
          "Result": "0-2-0"
        },
        {
          "Player1": "MJ_23",
          "Player2": "FanksEoT",
          "Result": "2-0-0"
        },
        {
          "Player1": "claudioh",
          "Player2": "LeoGuedez",
          "Result": "0-0-0"
        },
        {
          "Player1": "Arianne",
          "Player2": "Shulk",
          "Result": "2-0-0"
        },
        {
          "Player1": "tchuco",
          "Player2": "LasVegasChaos",
          "Result": "0-2-0"
        },
        {
          "Player1": "LuffyDoChapeuDePalha",
          "Player2": "xRagedFurballx",
          "Result": "2-0-0"
        },
        {
          "Player1": "Venom1",
          "Player2": "musasabi",
          "Result": "0-0-0"
        },
        {
          "Player1": "GzusReturned",
          "Player2": "Mathilde8",
          "Result": "0-2-0"
        },
        {
          "Player1": "groot02",
          "Player2": "VitorCarvalho01",
          "Result": "2-0-0"
        },
        {
          "Player1": "Lord_Beerus",
          "Player2": "GinkoHS",
          "Result": "0-2-0"
        },
        {
          "Player1": "fingers1991",
          "Player2": "PNascimento",
          "Result": "0-0-0"
        },
        {
          "Player1": "AFX",
          "Player2": "PedraStone",
          "Result": "2-0-0"
        }
      ]
    },
    {
      "RoundName": "Round 4",
      "Matches": [
        {
          "Player1": "xfile",
          "Player2": "Artemis2021",
          "Result": "2-0-0"
        },
        {
          "Player1": "LucaAshok",
          "Player2": "xRagedFurballx",
          "Result": "2-0-0"
        },
        {
          "Player1": "Shulk",
          "Player2": "4UBro",
          "Result": "0-2-0"
        },
        {
          "Player1": "MJ_23",
          "Player2": "AFX",
          "Result": "2-0-0"
        },
        {
          "Player1": "deleon91",
          "Player2": "LasVegasChaos",
          "Result": "2-0-0"
        },
        {
          "Player1": "wordy333",
          "Player2": "O_danielakos",
          "Result": "2-0-0"
        },
        {
          "Player1": "Mateusf34",
          "Player2": "Mathilde8",
          "Result": "0-2-0"
        },
        {
          "Player1": "Lord_Beerus",
          "Player2": "PedraStone",
          "Result": "2-0-0"
        },
        {
          "Player1": "GzusReturned",
          "Player2": "PNascimento",
          "Result": "2-0-0"
        },
        {
          "Player1": "VitorCarvalho01",
          "Player2": "LeoGuedez",
          "Result": "2-0-0"
        },
        {
          "Player1": "fingers1991",
          "Player2": "Snover",
          "Result": "0-2-0"
        },
        {
          "Player1": "pat0presidente",
          "Player2": "groot02",
          "Result": "0-2-0"
        },
        {
          "Player1": "Theagent002",
          "Player2": "Arianne",
          "Result": "0-2-0"
        },
        {
          "Player1": "sandoiche",
          "Player2": "RUBAO_oDonoDoMundo",
          "Result": "0-2-0"
        },
        {
          "Player1": "claudioh",
          "Player2": "mitch4783",
          "Result": "0-0-0"
        },
        {
          "Player1": "kasa",
          "Player2": "GinkoHS",
          "Result": "0-2-0"
        },
        {
          "Player1": "Capitano_CL",
          "Player2": "LucasG1ggs",
          "Result": "2-0-0"
        },
        {
          "Player1": "rougedragon",
          "Player2": "tchuco",
          "Result": "0-2-0"
        },
        {
          "Player1": "musasabi",
          "Player2": "Danielpena397",
          "Result": "0-2-0"
        },
        {
          "Player1": "sandydogmtg",
          "Player2": "LuffyDoChapeuDePalha",
          "Result": "0-2-0"
        }
      ]
    },
    {
      "RoundName": "Round 5",
      "Matches": [
        {
          "Player1": "musasabi",
          "Player2": "PedraStone",
          "Result": "0-2-0"
        },
        {
          "Player1": "GzusReturned",
          "Player2": "deleon91",
          "Result": "2-0-0"
        },
        {
          "Player1": "AFX",
          "Player2": "Danielpena397",
          "Result": "2-0-0"
        },
        {
          "Player1": "Artemis2021",
          "Player2": "RUBAO_oDonoDoMundo",
          "Result": "2-0-0"
        },
        {
          "Player1": "claudioh",
          "Player2": "groot02",
          "Result": "1-2-0"
        },
        {
          "Player1": "Capitano_CL",
          "Player2": "GinkoHS",
          "Result": "0-2-0"
        },
        {
          "Player1": "xfile",
          "Player2": "VitorCarvalho01",
          "Result": "0-2-0"
        },
        {
          "Player1": "O_danielakos",
          "Player2": "Mateusf34",
          "Result": "0-2-0"
        },
        {
          "Player1": "Arianne",
          "Player2": "LuffyDoChapeuDePalha",
          "Result": "0-2-0"
        },
        {
          "Player1": "PNascimento",
          "Player2": "4UBro",
          "Result": "2-0-0"
        },
        {
          "Player1": "Theagent002",
          "Player2": "Shulk",
          "Result": "0-2-0"
        },
        {
          "Player1": "LucaAshok",
          "Player2": "tchuco",
          "Result": "0-2-0"
        },
        {
          "Player1": "MJ_23",
          "Player2": "pat0presidente",
          "Result": "0-2-0"
        },
        {
          "Player1": "Andy_Over",
          "Player2": "xRagedFurballx",
          "Result": "0-2-0"
        },
        {
          "Player1": "Lord_Beerus",
          "Player2": "LasVegasChaos",
          "Result": "2-0-0"
        },
        {
          "Player1": "wordy333",
          "Player2": "Mathilde8",
          "Result": "0-0-0"
        },
        {
          "Player1": "LucasG1ggs",
          "Player2": "LeoGuedez",
          "Result": "2-0-0"
        },
        {
          "Player1": "kasa",
          "Player2": "Snover",
          "Result": "2-0-0"
        },
        {
          "Player1": "sandydogmtg",
          "Player2": "mitch4783",
          "Result": "2-0-0"
        }
      ]
    },
    {
      "RoundName": "Round 6",
      "Matches": [
        {
          "Player1": "LucaAshok",
          "Player2": "rougedragon",
          "Result": "2-0-0"
        },
        {
          "Player1": "sandydogmtg",
          "Player2": "claudioh",
          "Result": "2-0-0"
        },
        {
          "Player1": "GinkoHS",
          "Player2": "GzusReturned",
          "Result": "0-2-0"
        },
        {
          "Player1": "Lord_Beerus",
          "Player2": "tchuco",
          "Result": "2-0-0"
        },
        {
          "Player1": "PedraStone",
          "Player2": "4UBro",
          "Result": "0-2-0"
        },
        {
          "Player1": "Mateusf34",
          "Player2": "Artemis2021",
          "Result": "0-2-0"
        },
        {
          "Player1": "LuffyDoChapeuDePalha",
          "Player2": "VitorCarvalho01",
          "Result": "0-2-0"
        },
        {
          "Player1": "xRagedFurballx",
          "Player2": "Shulk",
          "Result": "0-2-0"
        },
        {
          "Player1": "O_danielakos",
          "Player2": "AFX",
          "Result": "2-0-0"
        },
        {
          "Player1": "Arianne",
          "Player2": "kasa",
          "Result": "2-0-0"
        },
        {
          "Player1": "Capitano_CL",
          "Player2": "LasVegasChaos",
          "Result": "2-0-0"
        },
        {
          "Player1": "wordy333",
          "Player2": "pat0presidente",
          "Result": "2-0-0"
        },
        {
          "Player1": "deleon91",
          "Player2": "PNascimento",
          "Result": "2-0-0"
        },
        {
          "Player1": "Theagent002",
          "Player2": "LeoGuedez",
          "Result": "0-2-0"
        },
        {
          "Player1": "groot02",
          "Player2": "Mathilde8",
          "Result": "2-0-0"
        },
        {
          "Player1": "MJ_23",
          "Player2": "xfile",
          "Result": "2-0-0"
        },
        {
          "Player1": "RUBAO_oDonoDoMundo",
          "Player2": "Snover",
          "Result": "2-0-0"
        },
        {
          "Player1": "LucasG1ggs",
          "Player2": "mitch4783",
          "Result": "2-0-0"
        }
      ]
    },
    {
      "RoundName": "Round 7",
      "Matches": [
        {
          "Player1": "GzusReturned",
          "Player2": "VitorCarvalho01",
          "Result": "0-2-0"
        },
        {
          "Player1": "Mateusf34",
          "Player2": "groot02",
          "Result": "0-2-0"
        },
        {
          "Player1": "LuffyDoChapeuDePalha",
          "Player2": "Mathilde8",
          "Result": "1-2-0"
        },
        {
          "Player1": "wordy333",
          "Player2": "pat0presidente",
          "Result": "0-2-0"
        }
      ]
    },
    {
      "RoundName": "Round 8",
      "Matches": [
        {
          "Player1": "pat0presidente",
          "Player2": "Mathilde8",
          "Result": "2-0-0"
        },
        {
          "Player1": "groot02",
          "Player2": "VitorCarvalho01",
          "Result": "2-0-0"
        }
      ]
    },
    {
      "RoundName": "Round 9",
      "Matches": [
        {
          "Player1": "pat0presidente",
          "Player2": "groot02",
          "Result": "0-2-0"
        }
      ]
    }
  ],
  "Standings": [
    {
      "Rank": 54,
      "Player": "AJV20",
      "Points": 0,
      "Wins": 0,
      "Losses": 0,
      "Draws": 0,
      "OMWP": 0.3333,
      "GWP": 0,
      "OGWP": 0.4
    },
    {
      "Rank": 53,
      "Player": "Venom1",
      "Points": 0,
      "Wins": 0,
      "Losses": 0,
      "Draws": 0,
      "OMWP": 0.3889,
      "GWP": 0.3333,
      "OGWP": 0.3968
    },
    {
      "Rank": 52,
      "Player": "Denisevich",
      "Points": 0,
      "Wins": 0,
      "Losses": 0,
      "Draws": 0,
      "OMWP": 0.5,
      "GWP": 0.2,
      "OGWP": 0.5
    },
    {
      "Rank": 51,
      "Player": "ICT95",
      "Points": 0,
      "Wins": 0,
      "Losses": 0,
      "Draws": 0,
      "OMWP": 0.5,
      "GWP": 0.2,
      "OGWP": 0.5
    },
    {
      "Rank": 50,
      "Player": "albertoSD",
      "Points": 0,
      "Wins": 0,
      "Losses": 0,
      "Draws": 0,
      "OMWP": 0.5,
      "GWP": 0.3333,
      "OGWP": 0.4667
    },
    {
      "Rank": 49,
      "Player": "hermanomlg",
      "Points": 0,
      "Wins": 0,
      "Losses": 0,
      "Draws": 0,
      "OMWP": 0.5556,
      "GWP": 0,
      "OGWP": 0.5413
    },
    {
      "Rank": 48,
      "Player": "Willthepill",
      "Points": 0,
      "Wins": 0,
      "Losses": 0,
      "Draws": 0,
      "OMWP": 0.5832999999999999,
      "GWP": 0.2,
      "OGWP": 0.5640999999999999
    },
    {
      "Rank": 47,
      "Player": "camroux22",
      "Points": 0,
      "Wins": 0,
      "Losses": 0,
      "Draws": 0,
      "OMWP": 0.5832999999999999,
      "GWP": 0.3333,
      "OGWP": 0.5146999999999999
    },
    {
      "Rank": 46,
      "Player": "Ale_Mtg",
      "Points": 0,
      "Wins": 0,
      "Losses": 0,
      "Draws": 0,
      "OMWP": 0.6667000000000001,
      "GWP": 0.2,
      "OGWP": 0.5905
    },
    {
      "Rank": 45,
      "Player": "TadalaDe20",
      "Points": 0,
      "Wins": 0,
      "Losses": 0,
      "Draws": 0,
      "OMWP": 0.6667000000000001,
      "GWP": 0.2,
      "OGWP": 0.6125
    },
    {
      "Rank": 44,
      "Player": "_Chamytinho_",
      "Points": 0,
      "Wins": 0,
      "Losses": 0,
      "Draws": 0,
      "OMWP": 0.6667000000000001,
      "GWP": 0.3333,
      "OGWP": 0.5992000000000001
    },
    {
      "Rank": 43,
      "Player": "fingers1991",
      "Points": 3,
      "Wins": 0,
      "Losses": 0,
      "Draws": 0,
      "OMWP": 0.4167,
      "GWP": 0.4,
      "OGWP": 0.406
    },
    {
      "Rank": 42,
      "Player": "musasabi",
      "Points": 3,
      "Wins": 0,
      "Losses": 0,
      "Draws": 0,
      "OMWP": 0.43329999999999996,
      "GWP": 0.35710000000000003,
      "OGWP": 0.44170000000000004
    },
    {
      "Rank": 41,
      "Player": "Andy_Over",
      "Points": 3,
      "Wins": 0,
      "Losses": 0,
      "Draws": 0,
      "OMWP": 0.4583,
      "GWP": 0.2727,
      "OGWP": 0.46649999999999997
    },
    {
      "Rank": 40,
      "Player": "sandoiche",
      "Points": 3,
      "Wins": 0,
      "Losses": 0,
      "Draws": 0,
      "OMWP": 0.4583,
      "GWP": 0.3,
      "OGWP": 0.4562
    },
    {
      "Rank": 39,
      "Player": "HouseOfManaMTG",
      "Points": 3,
      "Wins": 0,
      "Losses": 0,
      "Draws": 0,
      "OMWP": 0.5832999999999999,
      "GWP": 0.5,
      "OGWP": 0.5333
    },
    {
      "Rank": 38,
      "Player": "FanksEoT",
      "Points": 3,
      "Wins": 0,
      "Losses": 0,
      "Draws": 0,
      "OMWP": 0.6667000000000001,
      "GWP": 0.3333,
      "OGWP": 0.5863
    },
    {
      "Rank": 37,
      "Player": "Snover",
      "Points": 6,
      "Wins": 0,
      "Losses": 0,
      "Draws": 0,
      "OMWP": 0.4722,
      "GWP": 0.35710000000000003,
      "OGWP": 0.4833
    },
    {
      "Rank": 36,
      "Player": "Theagent002",
      "Points": 6,
      "Wins": 0,
      "Losses": 0,
      "Draws": 0,
      "OMWP": 0.5,
      "GWP": 0.3333,
      "OGWP": 0.5
    },
    {
      "Rank": 35,
      "Player": "xRagedFurballx",
      "Points": 6,
      "Wins": 0,
      "Losses": 0,
      "Draws": 0,
      "OMWP": 0.5278,
      "GWP": 0.4375,
      "OGWP": 0.4782
    },
    {
      "Rank": 34,
      "Player": "PedraStone",
      "Points": 6,
      "Wins": 0,
      "Losses": 0,
      "Draws": 0,
      "OMWP": 0.5278,
      "GWP": 0.4375,
      "OGWP": 0.5012
    },
    {
      "Rank": 33,
      "Player": "rougedragon",
      "Points": 6,
      "Wins": 0,
      "Losses": 0,
      "Draws": 0,
      "OMWP": 0.5667,
      "GWP": 0.4,
      "OGWP": 0.5215
    },
    {
      "Rank": 32,
      "Player": "LasVegasChaos",
      "Points": 6,
      "Wins": 0,
      "Losses": 0,
      "Draws": 0,
      "OMWP": 0.5832999999999999,
      "GWP": 0.3333,
      "OGWP": 0.5494
    },
    {
      "Rank": 31,
      "Player": "Shulk",
      "Points": 9,
      "Wins": 0,
      "Losses": 0,
      "Draws": 0,
      "OMWP": 0.4167,
      "GWP": 0.5,
      "OGWP": 0.44439999999999996
    },
    {
      "Rank": 30,
      "Player": "Danielpena397",
      "Points": 9,
      "Wins": 0,
      "Losses": 0,
      "Draws": 0,
      "OMWP": 0.43329999999999996,
      "GWP": 0.4286,
      "OGWP": 0.4506
    },
    {
      "Rank": 29,
      "Player": "RUBAO_oDonoDoMundo",
      "Points": 9,
      "Wins": 0,
      "Losses": 0,
      "Draws": 0,
      "OMWP": 0.44439999999999996,
      "GWP": 0.5333,
      "OGWP": 0.44689999999999996
    },
    {
      "Rank": 28,
      "Player": "tchuco",
      "Points": 9,
      "Wins": 0,
      "Losses": 0,
      "Draws": 0,
      "OMWP": 0.4722,
      "GWP": 0.5625,
      "OGWP": 0.4595
    },
    {
      "Rank": 27,
      "Player": "LucaAshok",
      "Points": 9,
      "Wins": 0,
      "Losses": 0,
      "Draws": 0,
      "OMWP": 0.5,
      "GWP": 0.46149999999999997,
      "OGWP": 0.5222
    },
    {
      "Rank": 26,
      "Player": "AFX",
      "Points": 9,
      "Wins": 0,
      "Losses": 0,
      "Draws": 0,
      "OMWP": 0.5,
      "GWP": 0.4667,
      "OGWP": 0.47369999999999995
    },
    {
      "Rank": 25,
      "Player": "LeoGuedez",
      "Points": 9,
      "Wins": 0,
      "Losses": 0,
      "Draws": 0,
      "OMWP": 0.5,
      "GWP": 0.4667,
      "OGWP": 0.49700000000000005
    },
    {
      "Rank": 24,
      "Player": "4UBro",
      "Points": 9,
      "Wins": 0,
      "Losses": 0,
      "Draws": 0,
      "OMWP": 0.5,
      "GWP": 0.5625,
      "OGWP": 0.4939
    },
    {
      "Rank": 23,
      "Player": "PNascimento",
      "Points": 9,
      "Wins": 0,
      "Losses": 0,
      "Draws": 0,
      "OMWP": 0.5278,
      "GWP": 0.4667,
      "OGWP": 0.525
    },
    {
      "Rank": 22,
      "Player": "kasa",
      "Points": 9,
      "Wins": 0,
      "Losses": 0,
      "Draws": 0,
      "OMWP": 0.5556,
      "GWP": 0.5,
      "OGWP": 0.5199
    },
    {
      "Rank": 21,
      "Player": "mitch4783",
      "Points": 9,
      "Wins": 0,
      "Losses": 0,
      "Draws": 0,
      "OMWP": 0.5832999999999999,
      "GWP": 0.5,
      "OGWP": 0.5483
    },
    {
      "Rank": 20,
      "Player": "claudioh",
      "Points": 9,
      "Wins": 0,
      "Losses": 0,
      "Draws": 0,
      "OMWP": 0.6389,
      "GWP": 0.5333,
      "OGWP": 0.5725
    },
    {
      "Rank": 19,
      "Player": "xfile",
      "Points": 9,
      "Wins": 0,
      "Losses": 0,
      "Draws": 0,
      "OMWP": 0.6667000000000001,
      "GWP": 0.4706,
      "OGWP": 0.6217
    },
    {
      "Rank": 18,
      "Player": "Capitano_CL",
      "Points": 12,
      "Wins": 0,
      "Losses": 0,
      "Draws": 0,
      "OMWP": 0.4722,
      "GWP": 0.5625,
      "OGWP": 0.4653
    },
    {
      "Rank": 17,
      "Player": "Lord_Beerus",
      "Points": 12,
      "Wins": 0,
      "Losses": 0,
      "Draws": 0,
      "OMWP": 0.4722,
      "GWP": 0.6,
      "OGWP": 0.4778
    },
    {
      "Rank": 16,
      "Player": "LucasG1ggs",
      "Points": 12,
      "Wins": 0,
      "Losses": 0,
      "Draws": 0,
      "OMWP": 0.4722,
      "GWP": 0.625,
      "OGWP": 0.44439999999999996
    },
    {
      "Rank": 15,
      "Player": "sandydogmtg",
      "Points": 12,
      "Wins": 0,
      "Losses": 0,
      "Draws": 0,
      "OMWP": 0.5278,
      "GWP": 0.5556,
      "OGWP": 0.505
    },
    {
      "Rank": 14,
      "Player": "MJ_23",
      "Points": 12,
      "Wins": 0,
      "Losses": 0,
      "Draws": 0,
      "OMWP": 0.5278,
      "GWP": 0.5714,
      "OGWP": 0.4903
    },
    {
      "Rank": 13,
      "Player": "deleon91",
      "Points": 12,
      "Wins": 0,
      "Losses": 0,
      "Draws": 0,
      "OMWP": 0.5278,
      "GWP": 0.6667000000000001,
      "OGWP": 0.4875
    },
    {
      "Rank": 12,
      "Player": "Artemis2021",
      "Points": 12,
      "Wins": 0,
      "Losses": 0,
      "Draws": 0,
      "OMWP": 0.5278,
      "GWP": 0.6667000000000001,
      "OGWP": 0.5085999999999999
    },
    {
      "Rank": 11,
      "Player": "Arianne",
      "Points": 12,
      "Wins": 0,
      "Losses": 0,
      "Draws": 0,
      "OMWP": 0.5556,
      "GWP": 0.6667000000000001,
      "OGWP": 0.491
    },
    {
      "Rank": 10,
      "Player": "O_danielakos",
      "Points": 12,
      "Wins": 0,
      "Losses": 0,
      "Draws": 0,
      "OMWP": 0.5832999999999999,
      "GWP": 0.5714,
      "OGWP": 0.5305
    },
    {
      "Rank": 9,
      "Player": "GinkoHS",
      "Points": 12,
      "Wins": 0,
      "Losses": 0,
      "Draws": 0,
      "OMWP": 0.5832999999999999,
      "GWP": 0.6,
      "OGWP": 0.5361
    },
    {
      "Rank": 8,
      "Player": "Mateusf34",
      "Points": 12,
      "Wins": 0,
      "Losses": 0,
      "Draws": 0,
      "OMWP": 0.6111,
      "GWP": 0.6429,
      "OGWP": 0.5709000000000001
    },
    {
      "Rank": 7,
      "Player": "LuffyDoChapeuDePalha",
      "Points": 12,
      "Wins": 0,
      "Losses": 0,
      "Draws": 0,
      "OMWP": 0.6389,
      "GWP": 0.5294,
      "OGWP": 0.5794
    },
    {
      "Rank": 6,
      "Player": "GzusReturned",
      "Points": 15,
      "Wins": 0,
      "Losses": 0,
      "Draws": 0,
      "OMWP": 0.5556,
      "GWP": 0.6875,
      "OGWP": 0.5431
    },
    {
      "Rank": 5,
      "Player": "wordy333",
      "Points": 15,
      "Wins": 0,
      "Losses": 0,
      "Draws": 0,
      "OMWP": 0.6389,
      "GWP": 0.7143,
      "OGWP": 0.5717
    },
    {
      "Rank": 4,
      "Player": "VitorCarvalho01",
      "Points": 18,
      "Wins": 0,
      "Losses": 0,
      "Draws": 0,
      "OMWP": 0.6111,
      "GWP": 0.7333,
      "OGWP": 0.5297
    },
    {
      "Rank": 3,
      "Player": "Mathilde8",
      "Points": 18,
      "Wins": 0,
      "Losses": 0,
      "Draws": 0,
      "OMWP": 0.6667000000000001,
      "GWP": 0.6875,
      "OGWP": 0.5942000000000001
    },
    {
      "Rank": 2,
      "Player": "pat0presidente",
      "Points": 18,
      "Wins": 0,
      "Losses": 0,
      "Draws": 0,
      "OMWP": 0.6667000000000001,
      "GWP": 0.6,
      "OGWP": 0.5782
    },
    {
      "Rank": 1,
      "Player": "groot02",
      "Points": 27,
      "Wins": 0,
      "Losses": 0,
      "Draws": 0,
      "OMWP": 0.6944,
      "GWP": 0.75,
      "OGWP": 0.625
    }
  ]
}