{
  "Tournament": {
    "Id": 12801190,
    "Date": "2025-07-01T19:00:00",
    "Name": "Standard Challenge 64",
    "Uri": null,
    "JsonFile": null,
    "ForceRedownload": false
  },
  "Decks": null,
  "Rounds": [
    {
      "RoundName": "Round 1",
      "Matches": [
        {
          "Player1": "fireshoes",
          "Player2": "peter780108",
          "Result": "0-2-0"
        },
        {
          "Player1": "ForgottenEffigy",
          "Player2": "Cachorrowo",
          "Result": "2-0-0"
        },
        {
          "Player1": "SoulStrong",
          "Player2": "outZEROo",
          "Result": "2-0-0"
        },
        {
          "Player1": "rollo1993",
          "Player2": "Linden_43",
          "Result": "2-0-0"
        },
        {
          "Player1": "maximusdee",
          "Player2": "Gobern",
          "Result": "2-0-0"
        },
        {
          "Player1": "Skeptic2304",
          "Player2": "ItsJustSquid",
          "Result": "0-2-0"
        },
        {
          "Player1": "elBB",
          "Player2": "Diomed_Tidid",
          "Result": "2-0-0"
        },
        {
          "Player1": "Cedicent",
          "Player2": "EdgarB",
          "Result": "0-2-0"
        },
        {
          "Player1": "Impshadowknight",
          "Player2": "TrashBoat100",
          "Result": "1-2-0"
        },
        {
          "Player1": "pepeteam",
          "Player2": "ariana20",
          "Result": "2-0-0"
        },
        {
          "Player1": "Gorzone",
          "Player2": "valentinaaaa",
          "Result": "2-0-0"
        },
        {
          "Player1": "DookieTrouserMD",
          "Player2": "GenericUser48",
          "Result": "2-0-0"
        },
        {
          "Player1": "Terribad",
          "Player2": "ICT95",
          "Result": "2-0-0"
        },
        {
          "Player1": "Artemis2021",
          "Player2": "PedraStone",
          "Result": "0-2-0"
        },
        {
          "Player1": "_Falcon_",
          "Player2": "Avarax05",
          "Result": "2-0-0"
        },
        {
          "Player1": "MJ_23",
          "Player2": "_IlNano_",
          "Result": "2-0-0"
        },
        {
          "Player1": "Cown",
          "Player2": "filpin",
          "Result": "2-0-0"
        },
        {
          "Player1": "Brasatore",
          "Player2": "Killah_SUV",
          "Result": "2-0-0"
        },
        {
          "Player1": "fazparte",
          "Player2": "VitorCarvalho01",
          "Result": "0-2-0"
        },
        {
          "Player1": "A_Turtle",
          "Player2": "keyzoo",
          "Result": "2-0-0"
        },
        {
          "Player1": "Skpchino",
          "Player2": "Puff-Sun",
          "Result": "0-2-0"
        },
        {
          "Player1": "Dreddybajs",
          "Player2": "ScavengingBooze",
          "Result": "0-2-0"
        },
        {
          "Player1": "Ale_Mtg",
          "Player2": "DskBayWolf",
          "Result": "0-2-0"
        },
        {
          "Player1": "GTX120",
          "Player2": "BiIIyBruto",
          "Result": "0-2-0"
        },
        {
          "Player1": "Misplacedginger",
          "Player2": "Patrisio",
          "Result": "2-0-0"
        },
        {
          "Player1": "bernardocssa",
          "Player2": "r0cknati0n",
          "Result": "2-0-0"
        },
        {
          "Player1": "Ketofol",
          "Player2": "DB_Dykman",
          "Result": "0-2-0"
        },
        {
          "Player1": "levunga21",
          "Player2": "JoeyNubzy",
          "Result": "0-2-0"
        },
        {
          "Player1": "Dr4ken",
          "Player2": "CroissanceComparee",
          "Result": "0-0-0"
        },
        {
          "Player1": "__forge__",
          "Player2": "FerMTG",
          "Result": "0-2-0"
        },
        {
          "Player1": "TheAdonis",
          "Player2": "claudioh",
          "Result": "2-0-0"
        },
        {
          "Player1": "LucasG1ggs",
          "Player2": "ultrasuperbob",
          "Result": "2-0-0"
        },
        {
          "Player1": "Venom1",
          "Player2": "Zompatanfo",
          "Result": "0-2-0"
        },
        {
          "Player1": "HamAndCheese",
          "Player2": "Thief_Of_Crowns",
          "Result": "2-0-0"
        },
        {
          "Player1": "pokerswizard",
          "Player2": "CrazyGambler",
          "Result": "0-2-0"
        },
        {
          "Player1": "Schiaveto",
          "Player2": "_theMoonSage_",
          "Result": "0-2-0"
        },
        {
          "Player1": "McWinSauce",
          "Player2": "alfonseelric",
          "Result": "2-0-0"
        },
        {
          "Player1": "Kampo",
          "Player2": "taldoitalo",
          "Result": "0-2-0"
        },
        {
          "Player1": "mortadela",
          "Player2": "TentacleFan",
          "Result": "0-2-0"
        },
        {
          "Player1": "Mikebrav",
          "Player2": "T1_Tinker",
          "Result": "2-0-0"
        },
        {
          "Player1": "Keggers",
          "Player2": "bid1992",
          "Result": "2-0-0"
        },
        {
          "Player1": "Arkany1",
          "Player2": "luvadepedreiro",
          "Result": "2-0-0"
        },
        {
          "Player1": "O_danielakos",
          "Player2": "InterludeShadow",
          "Result": "2-0-0"
        },
        {
          "Player1": "L1X0",
          "Player2": "Gregoriusil",
          "Result": "0-2-0"
        },
        {
          "Player1": "Deathnote1999",
          "Player2": "ninepoundhammer",
          "Result": "0-2-0"
        },
        {
          "Player1": "GzusReturned",
          "Player2": "D3dalo",
          "Result": "2-0-0"
        },
        {
          "Player1": "jaces_insecurity",
          "Player2": "Sapoa",
          "Result": "0-2-0"
        }
      ]
    },
    {
      "RoundName": "Round 2",
      "Matches": [
        {
          "Player1": "claudioh",
          "Player2": "Cedicent",
          "Result": "2-0-0"
        },
        {
          "Player1": "Gregoriusil",
          "Player2": "EdgarB",
          "Result": "1-2-0"
        },
        {
          "Player1": "JoeyNubzy",
          "Player2": "DB_Dykman",
          "Result": "0-2-0"
        },
        {
          "Player1": "bernardocssa",
          "Player2": "CroissanceComparee",
          "Result": "2-1-0"
        },
        {
          "Player1": "Impshadowknight",
          "Player2": "keyzoo",
          "Result": "2-0-0"
        },
        {
          "Player1": "pokerswizard",
          "Player2": "levunga21",
          "Result": "0-2-0"
        },
        {
          "Player1": "fireshoes",
          "Player2": "Venom1",
          "Result": "0-2-0"
        },
        {
          "Player1": "LucasG1ggs",
          "Player2": "_theMoonSage_",
          "Result": "0-2-0"
        },
        {
          "Player1": "Gobern",
          "Player2": "InterludeShadow",
          "Result": "2-0-0"
        },
        {
          "Player1": "Cachorrowo",
          "Player2": "alfonseelric",
          "Result": "2-0-0"
        },
        {
          "Player1": "_Falcon_",
          "Player2": "ninepoundhammer",
          "Result": "0-2-0"
        },
        {
          "Player1": "Puff-Sun",
          "Player2": "A_Turtle",
          "Result": "0-2-0"
        },
        {
          "Player1": "CrazyGambler",
          "Player2": "Zompatanfo",
          "Result": "0-2-0"
        },
        {
          "Player1": "Artemis2021",
          "Player2": "ICT95",
          "Result": "2-0-0"
        },
        {
          "Player1": "MJ_23",
          "Player2": "TrashBoat100",
          "Result": "2-0-0"
        },
        {
          "Player1": "TheAdonis",
          "Player2": "Cown",
          "Result": "2-0-0"
        },
        {
          "Player1": "Keggers",
          "Player2": "ForgottenEffigy",
          "Result": "2-0-0"
        },
        {
          "Player1": "Schiaveto",
          "Player2": "luvadepedreiro",
          "Result": "0-2-0"
        },
        {
          "Player1": "r0cknati0n",
          "Player2": "__forge__",
          "Result": "0-2-0"
        },
        {
          "Player1": "PedraStone",
          "Player2": "GzusReturned",
          "Result": "0-2-0"
        },
        {
          "Player1": "rollo1993",
          "Player2": "FerMTG",
          "Result": "0-2-0"
        },
        {
          "Player1": "Avarax05",
          "Player2": "Thief_Of_Crowns",
          "Result": "0-2-0"
        },
        {
          "Player1": "mortadela",
          "Player2": "Misplacedginger",
          "Result": "2-0-0"
        },
        {
          "Player1": "Dreddybajs",
          "Player2": "Skpchino",
          "Result": "0-2-0"
        },
        {
          "Player1": "valentinaaaa",
          "Player2": "Linden_43",
          "Result": "0-2-0"
        },
        {
          "Player1": "_IlNano_",
          "Player2": "GenericUser48",
          "Result": "2-0-0"
        },
        {
          "Player1": "Mikebrav",
          "Player2": "BiIIyBruto",
          "Result": "2-0-0"
        },
        {
          "Player1": "Terribad",
          "Player2": "peter780108",
          "Result": "2-0-0"
        },
        {
          "Player1": "Killah_SUV",
          "Player2": "bid1992",
          "Result": "0-2-0"
        },
        {
          "Player1": "SoulStrong",
          "Player2": "ItsJustSquid",
          "Result": "2-0-0"
        },
        {
          "Player1": "maximusdee",
          "Player2": "pepeteam",
          "Result": "2-0-0"
        },
        {
          "Player1": "fazparte",
          "Player2": "D3dalo",
          "Result": "2-0-0"
        },
        {
          "Player1": "O_danielakos",
          "Player2": "VitorCarvalho01",
          "Result": "2-0-0"
        },
        {
          "Player1": "TentacleFan",
          "Player2": "DskBayWolf",
          "Result": "2-0-0"
        },
        {
          "Player1": "Patrisio",
          "Player2": "ultrasuperbob",
          "Result": "0-2-0"
        },
        {
          "Player1": "GTX120",
          "Player2": "Dr4ken",
          "Result": "0-2-0"
        },
        {
          "Player1": "Kampo",
          "Player2": "Diomed_Tidid",
          "Result": "0-2-0"
        },
        {
          "Player1": "Brasatore",
          "Player2": "HamAndCheese",
          "Result": "0-2-0"
        },
        {
          "Player1": "Deathnote1999",
          "Player2": "ariana20",
          "Result": "2-0-0"
        },
        {
          "Player1": "outZEROo",
          "Player2": "Ketofol",
          "Result": "0-0-0"
        },
        {
          "Player1": "taldoitalo",
          "Player2": "elBB",
          "Result": "0-2-0"
        },
        {
          "Player1": "jaces_insecurity",
          "Player2": "T1_Tinker",
          "Result": "0-2-0"
        },
        {
          "Player1": "Arkany1",
          "Player2": "DookieTrouserMD",
          "Result": "2-0-0"
        },
        {
          "Player1": "McWinSauce",
          "Player2": "Sapoa",
          "Result": "2-0-0"
        },
        {
          "Player1": "Ale_Mtg",
          "Player2": "filpin",
          "Result": "2-0-0"
        },
        {
          "Player1": "ScavengingBooze",
          "Player2": "Gorzone",
          "Result": "2-0-0"
        },
        {
          "Player1": "L1X0",
          "Player2": "Skeptic2304",
          "Result": "2-0-0"
        }
      ]
    },
    {
      "RoundName": "Round 3",
      "Matches": [
        {
          "Player1": "TrashBoat100",
          "Player2": "DookieTrouserMD",
          "Result": "0-2-0"
        },
        {
          "Player1": "Patrisio",
          "Player2": "alfonseelric",
          "Result": "2-0-0"
        },
        {
          "Player1": "keyzoo",
          "Player2": "filpin",
          "Result": "2-0-0"
        },
        {
          "Player1": "maximusdee",
          "Player2": "TentacleFan",
          "Result": "2-0-0"
        },
        {
          "Player1": "_IlNano_",
          "Player2": "CroissanceComparee",
          "Result": "0-2-0"
        },
        {
          "Player1": "Misplacedginger",
          "Player2": "ItsJustSquid",
          "Result": "2-0-0"
        },
        {
          "Player1": "O_danielakos",
          "Player2": "A_Turtle",
          "Result": "2-0-0"
        },
        {
          "Player1": "InterludeShadow",
          "Player2": "D3dalo",
          "Result": "0-0-0"
        },
        {
          "Player1": "Sapoa",
          "Player2": "JoeyNubzy",
          "Result": "0-2-0"
        },
        {
          "Player1": "Mikebrav",
          "Player2": "_theMoonSage_",
          "Result": "0-2-0"
        },
        {
          "Player1": "rollo1993",
          "Player2": "Brasatore",
          "Result": "2-0-0"
        },
        {
          "Player1": "fireshoes",
          "Player2": "Cedicent",
          "Result": "2-0-0"
        },
        {
          "Player1": "bernardocssa",
          "Player2": "GzusReturned",
          "Result": "0-2-0"
        },
        {
          "Player1": "peter780108",
          "Player2": "Deathnote1999",
          "Result": "2-0-0"
        },
        {
          "Player1": "McWinSauce",
          "Player2": "MJ_23",
          "Result": "0-0-0"
        },
        {
          "Player1": "ultrasuperbob",
          "Player2": "Cown",
          "Result": "2-0-0"
        },
        {
          "Player1": "Linden_43",
          "Player2": "PedraStone",
          "Result": "2-0-0"
        },
        {
          "Player1": "Arkany1",
          "Player2": "DB_Dykman",
          "Result": "0-2-0"
        },
        {
          "Player1": "bid1992",
          "Player2": "Thief_Of_Crowns",
          "Result": "0-2-0"
        },
        {
          "Player1": "Gobern",
          "Player2": "pepeteam",
          "Result": "0-2-0"
        },
        {
          "Player1": "TheAdonis",
          "Player2": "Zompatanfo",
          "Result": "0-2-0"
        },
        {
          "Player1": "ScavengingBooze",
          "Player2": "taldoitalo",
          "Result": "2-0-0"
        },
        {
          "Player1": "SoulStrong",
          "Player2": "HamAndCheese",
          "Result": "2-0-0"
        },
        {
          "Player1": "T1_Tinker",
          "Player2": "Artemis2021",
          "Result": "2-0-0"
        },
        {
          "Player1": "levunga21",
          "Player2": "LucasG1ggs",
          "Result": "2-0-0"
        },
        {
          "Player1": "elBB",
          "Player2": "EdgarB",
          "Result": "2-0-0"
        },
        {
          "Player1": "claudioh",
          "Player2": "_Falcon_",
          "Result": "0-2-0"
        },
        {
          "Player1": "Puff-Sun",
          "Player2": "BiIIyBruto",
          "Result": "2-0-0"
        },
        {
          "Player1": "FerMTG",
          "Player2": "ninepoundhammer",
          "Result": "0-2-0"
        },
        {
          "Player1": "GenericUser48",
          "Player2": "VitorCarvalho01",
          "Result": "0-2-0"
        },
        {
          "Player1": "__forge__",
          "Player2": "CrazyGambler",
          "Result": "2-0-0"
        },
        {
          "Player1": "ForgottenEffigy",
          "Player2": "Diomed_Tidid",
          "Result": "0-0-0"
        },
        {
          "Player1": "Terribad",
          "Player2": "Keggers",
          "Result": "1-2-0"
        },
        {
          "Player1": "Dr4ken",
          "Player2": "fazparte",
          "Result": "2-0-0"
        },
        {
          "Player1": "Gorzone",
          "Player2": "Gregoriusil",
          "Result": "2-0-0"
        },
        {
          "Player1": "Venom1",
          "Player2": "Ale_Mtg",
          "Result": "0-0-0"
        },
        {
          "Player1": "Impshadowknight",
          "Player2": "outZEROo",
          "Result": "0-2-0"
        },
        {
          "Player1": "luvadepedreiro",
          "Player2": "DskBayWolf",
          "Result": "0-0-0"
        },
        {
          "Player1": "Skpchino",
          "Player2": "Cachorrowo",
          "Result": "0-0-0"
        },
        {
          "Player1": "L1X0",
          "Player2": "mortadela",
          "Result": "0-2-0"
        }
      ]
    },
    {
      "RoundName": "Round 4",
      "Matches": [
        {
          "Player1": "Puff-Sun",
          "Player2": "T1_Tinker",
          "Result": "2-0-0"
        },
        {
          "Player1": "bernardocssa",
          "Player2": "__forge__",
          "Result": "0-0-0"
        },
        {
          "Player1": "levunga21",
          "Player2": "Thief_Of_Crowns",
          "Result": "2-0-0"
        },
        {
          "Player1": "fireshoes",
          "Player2": "PedraStone",
          "Result": "0-2-0"
        },
        {
          "Player1": "Terribad",
          "Player2": "Diomed_Tidid",
          "Result": "0-2-0"
        },
        {
          "Player1": "Patrisio",
          "Player2": "taldoitalo",
          "Result": "2-0-0"
        },
        {
          "Player1": "TentacleFan",
          "Player2": "VitorCarvalho01",
          "Result": "2-0-0"
        },
        {
          "Player1": "L1X0",
          "Player2": "valentinaaaa",
          "Result": "0-0-0"
        },
        {
          "Player1": "maximusdee",
          "Player2": "Keggers",
          "Result": "0-2-0"
        },
        {
          "Player1": "Misplacedginger",
          "Player2": "DookieTrouserMD",
          "Result": "2-0-0"
        },
        {
          "Player1": "HamAndCheese",
          "Player2": "CroissanceComparee",
          "Result": "0-2-0"
        },
        {
          "Player1": "Arkany1",
          "Player2": "EdgarB",
          "Result": "2-0-0"
        },
        {
          "Player1": "O_danielakos",
          "Player2": "SoulStrong",
          "Result": "0-2-0"
        },
        {
          "Player1": "filpin",
          "Player2": "alfonseelric",
          "Result": "0-2-0"
        },
        {
          "Player1": "rollo1993",
          "Player2": "keyzoo",
          "Result": "2-0-0"
        },
        {
          "Player1": "InterludeShadow",
          "Player2": "Brasatore",
          "Result": "2-0-0"
        },
        {
          "Player1": "Mikebrav",
          "Player2": "_Falcon_",
          "Result": "0-2-0"
        },
        {
          "Player1": "McWinSauce",
          "Player2": "ninepoundhammer",
          "Result": "0-2-0"
        },
        {
          "Player1": "ScavengingBooze",
          "Player2": "elBB",
          "Result": "0-2-0"
        },
        {
          "Player1": "Cedicent",
          "Player2": "bid1992",
          "Result": "2-0-0"
        },
        {
          "Player1": "Venom1",
          "Player2": "Linden_43",
          "Result": "0-2-0"
        },
        {
          "Player1": "TheAdonis",
          "Player2": "FerMTG",
          "Result": "0-2-0"
        },
        {
          "Player1": "Sapoa",
          "Player2": "ForgottenEffigy",
          "Result": "2-0-0"
        },
        {
          "Player1": "MJ_23",
          "Player2": "pepeteam",
          "Result": "2-0-0"
        },
        {
          "Player1": "LucasG1ggs",
          "Player2": "ItsJustSquid",
          "Result": "2-0-0"
        },
        {
          "Player1": "_theMoonSage_",
          "Player2": "DB_Dykman",
          "Result": "0-2-0"
        },
        {
          "Player1": "mortadela",
          "Player2": "outZEROo",
          "Result": "2-0-0"
        },
        {
          "Player1": "Skpchino",
          "Player2": "ultrasuperbob",
          "Result": "2-0-0"
        },
        {
          "Player1": "luvadepedreiro",
          "Player2": "JoeyNubzy",
          "Result": "2-0-0"
        },
        {
          "Player1": "fazparte",
          "Player2": "BiIIyBruto",
          "Result": "2-0-0"
        },
        {
          "Player1": "Zompatanfo",
          "Player2": "GzusReturned",
          "Result": "2-0-0"
        },
        {
          "Player1": "A_Turtle",
          "Player2": "Gorzone",
          "Result": "1-2-0"
        },
        {
          "Player1": "peter780108",
          "Player2": "Dr4ken",
          "Result": "0-2-0"
        }
      ]
    },
    {
      "RoundName": "Round 5",
      "Matches": [
        {
          "Player1": "ultrasuperbob",
          "Player2": "outZEROo",
          "Result": "2-0-0"
        },
        {
          "Player1": "InterludeShadow",
          "Player2": "PedraStone",
          "Result": "2-0-0"
        },
        {
          "Player1": "_theMoonSage_",
          "Player2": "Dr4ken",
          "Result": "0-2-0"
        },
        {
          "Player1": "Keggers",
          "Player2": "elBB",
          "Result": "0-2-0"
        },
        {
          "Player1": "MJ_23",
          "Player2": "Skpchino",
          "Result": "0-2-0"
        },
        {
          "Player1": "valentinaaaa",
          "Player2": "BiIIyBruto",
          "Result": "2-0-0"
        },
        {
          "Player1": "Mikebrav",
          "Player2": "TheAdonis",
          "Result": "2-0-0"
        },
        {
          "Player1": "T1_Tinker",
          "Player2": "DookieTrouserMD",
          "Result": "0-2-0"
        },
        {
          "Player1": "keyzoo",
          "Player2": "alfonseelric",
          "Result": "2-0-0"
        },
        {
          "Player1": "Misplacedginger",
          "Player2": "__forge__",
          "Result": "0-2-0"
        },
        {
          "Player1": "maximusdee",
          "Player2": "Puff-Sun",
          "Result": "2-0-0"
        },
        {
          "Player1": "rollo1993",
          "Player2": "GzusReturned",
          "Result": "2-0-0"
        },
        {
          "Player1": "McWinSauce",
          "Player2": "Arkany1",
          "Result": "0-0-0"
        },
        {
          "Player1": "HamAndCheese",
          "Player2": "VitorCarvalho01",
          "Result": "0-2-0"
        },
        {
          "Player1": "Zompatanfo",
          "Player2": "DB_Dykman",
          "Result": "2-0-0"
        },
        {
          "Player1": "L1X0",
          "Player2": "EdgarB",
          "Result": "0-2-0"
        },
        {
          "Player1": "fireshoes",
          "Player2": "taldoitalo",
          "Result": "0-2-0"
        },
        {
          "Player1": "_Falcon_",
          "Player2": "luvadepedreiro",
          "Result": "0-2-0"
        },
        {
          "Player1": "LucasG1ggs",
          "Player2": "pepeteam",
          "Result": "2-0-0"
        },
        {
          "Player1": "Terribad",
          "Player2": "Sapoa",
          "Result": "0-2-0"
        },
        {
          "Player1": "Patrisio",
          "Player2": "fazparte",
          "Result": "0-0-0"
        },
        {
          "Player1": "peter780108",
          "Player2": "Cedicent",
          "Result": "2-0-0"
        },
        {
          "Player1": "ScavengingBooze",
          "Player2": "Diomed_Tidid",
          "Result": "0-2-0"
        },
        {
          "Player1": "SoulStrong",
          "Player2": "ninepoundhammer",
          "Result": "2-0-0"
        },
        {
          "Player1": "bernardocssa",
          "Player2": "Thief_Of_Crowns",
          "Result": "0-0-0"
        },
        {
          "Player1": "levunga21",
          "Player2": "mortadela",
          "Result": "0-2-0"
        },
        {
          "Player1": "O_danielakos",
          "Player2": "Linden_43",
          "Result": "2-0-0"
        },
        {
          "Player1": "Venom1",
          "Player2": "JoeyNubzy",
          "Result": "2-0-0"
        },
        {
          "Player1": "Gorzone",
          "Player2": "CroissanceComparee",
          "Result": "2-0-0"
        },
        {
          "Player1": "Brasatore",
          "Player2": "bid1992",
          "Result": "0-2-0"
        },
        {
          "Player1": "FerMTG",
          "Player2": "TentacleFan",
          "Result": "2-0-0"
        }
      ]
    },
    {
      "RoundName": "Round 6",
      "Matches": [
        {
          "Player1": "keyzoo",
          "Player2": "valentinaaaa",
          "Result": "0-2-0"
        },
        {
          "Player1": "T1_Tinker",
          "Player2": "fazparte",
          "Result": "0-2-0"
        },
        {
          "Player1": "_theMoonSage_",
          "Player2": "InterludeShadow",
          "Result": "2-0-0"
        },
        {
          "Player1": "L1X0",
          "Player2": "bid1992",
          "Result": "0-2-0"
        },
        {
          "Player1": "Venom1",
          "Player2": "TentacleFan",
          "Result": "0-2-0"
        },
        {
          "Player1": "_Falcon_",
          "Player2": "Linden_43",
          "Result": "2-0-0"
        },
        {
          "Player1": "mortadela",
          "Player2": "elBB",
          "Result": "2-0-0"
        },
        {
          "Player1": "Puff-Sun",
          "Player2": "DookieTrouserMD",
          "Result": "0-2-0"
        },
        {
          "Player1": "Cedicent",
          "Player2": "alfonseelric",
          "Result": "2-0-0"
        },
        {
          "Player1": "levunga21",
          "Player2": "Mikebrav",
          "Result": "0-2-0"
        },
        {
          "Player1": "LucasG1ggs",
          "Player2": "Sapoa",
          "Result": "0-2-0"
        },
        {
          "Player1": "MJ_23",
          "Player2": "Thief_Of_Crowns",
          "Result": "2-0-0"
        },
        {
          "Player1": "FerMTG",
          "Player2": "Diomed_Tidid",
          "Result": "2-0-0"
        },
        {
          "Player1": "rollo1993",
          "Player2": "Gorzone",
          "Result": "2-0-0"
        },
        {
          "Player1": "SoulStrong",
          "Player2": "Zompatanfo",
          "Result": "2-0-0"
        },
        {
          "Player1": "Skpchino",
          "Player2": "Keggers",
          "Result": "0-2-0"
        },
        {
          "Player1": "Patrisio",
          "Player2": "CroissanceComparee",
          "Result": "0-2-0"
        },
        {
          "Player1": "peter780108",
          "Player2": "EdgarB",
          "Result": "2-0-0"
        },
        {
          "Player1": "TheAdonis",
          "Player2": "outZEROo",
          "Result": "2-0-0"
        },
        {
          "Player1": "taldoitalo",
          "Player2": "PedraStone",
          "Result": "0-2-0"
        },
        {
          "Player1": "Dr4ken",
          "Player2": "ninepoundhammer",
          "Result": "0-2-0"
        },
        {
          "Player1": "fireshoes",
          "Player2": "Brasatore",
          "Result": "2-0-0"
        },
        {
          "Player1": "O_danielakos",
          "Player2": "luvadepedreiro",
          "Result": "2-0-0"
        },
        {
          "Player1": "ultrasuperbob",
          "Player2": "VitorCarvalho01",
          "Result": "1-2-0"
        },
        {
          "Player1": "McWinSauce",
          "Player2": "GzusReturned",
          "Result": "0-2-0"
        },
        {
          "Player1": "__forge__",
          "Player2": "DB_Dykman",
          "Result": "0-2-0"
        },
        {
          "Player1": "maximusdee",
          "Player2": "Arkany1",
          "Result": "0-2-0"
        }
      ]
    },
    {
      "RoundName": "Round 7",
      "Matches": [
        {
          "Player1": "Zompatanfo",
          "Player2": "ninepoundhammer",
          "Result": "2-0-0"
        },
        {
          "Player1": "McWinSauce",
          "Player2": "bid1992",
          "Result": "2-0-0"
        },
        {
          "Player1": "levunga21",
          "Player2": "Venom1",
          "Result": "0-2-0"
        },
        {
          "Player1": "FerMTG",
          "Player2": "DB_Dykman",
          "Result": "0-0-0"
        },
        {
          "Player1": "MJ_23",
          "Player2": "GzusReturned",
          "Result": "2-0-0"
        },
        {
          "Player1": "_Falcon_",
          "Player2": "TentacleFan",
          "Result": "0-2-0"
        },
        {
          "Player1": "fireshoes",
          "Player2": "alfonseelric",
          "Result": "2-0-0"
        },
        {
          "Player1": "O_danielakos",
          "Player2": "Keggers",
          "Result": "2-0-0"
        },
        {
          "Player1": "TheAdonis",
          "Player2": "valentinaaaa",
          "Result": "0-2-0"
        },
        {
          "Player1": "EdgarB",
          "Player2": "Thief_Of_Crowns",
          "Result": "0-2-0"
        },
        {
          "Player1": "PedraStone",
          "Player2": "fazparte",
          "Result": "0-2-0"
        },
        {
          "Player1": "Patrisio",
          "Player2": "Diomed_Tidid",
          "Result": "0-2-0"
        },
        {
          "Player1": "SoulStrong",
          "Player2": "Arkany1",
          "Result": "2-0-0"
        },
        {
          "Player1": "Sapoa",
          "Player2": "DookieTrouserMD",
          "Result": "2-0-0"
        },
        {
          "Player1": "mortadela",
          "Player2": "_theMoonSage_",
          "Result": "2-0-0"
        },
        {
          "Player1": "Mikebrav",
          "Player2": "Dr4ken",
          "Result": "0-2-0"
        },
        {
          "Player1": "Brasatore",
          "Player2": "taldoitalo",
          "Result": "2-0-0"
        },
        {
          "Player1": "rollo1993",
          "Player2": "elBB",
          "Result": "2-0-0"
        },
        {
          "Player1": "ultrasuperbob",
          "Player2": "Linden_43",
          "Result": "2-0-0"
        },
        {
          "Player1": "peter780108",
          "Player2": "__forge__",
          "Result": "2-0-0"
        },
        {
          "Player1": "maximusdee",
          "Player2": "luvadepedreiro",
          "Result": "2-0-0"
        },
        {
          "Player1": "Gorzone",
          "Player2": "VitorCarvalho01",
          "Result": "0-2-0"
        },
        {
          "Player1": "Skpchino",
          "Player2": "CroissanceComparee",
          "Result": "0-2-0"
        }
      ]
    },
    {
      "RoundName": "Round 8",
      "Matches": [
        {
          "Player1": "FerMTG",
          "Player2": "ninepoundhammer",
          "Result": "2-0-0"
        },
        {
          "Player1": "mortadela",
          "Player2": "O_danielakos",
          "Result": "2-0-0"
        },
        {
          "Player1": "rollo1993",
          "Player2": "Zompatanfo",
          "Result": "0-2-0"
        },
        {
          "Player1": "SoulStrong",
          "Player2": "TentacleFan",
          "Result": "0-2-0"
        }
      ]
    },
    {
      "RoundName": "Round 9",
      "Matches": [
        {
          "Player1": "mortadela",
          "Player2": "FerMTG",
          "Result": "0-2-0"
        },
        {
          "Player1": "Zompatanfo",
          "Player2": "TentacleFan",
          "Result": "2-0-0"
        }
      ]
    },
    {
      "RoundName": "Round 10",
      "Matches": [
        {
          "Player1": "FerMTG",
          "Player2": "Zompatanfo",
          "Result": "2-0-0"
        }
      ]
    }
  ],
  "Standings": [
    {
      "Rank": 94,
      "Player": "filpin",
      "Points": 0,
      "Wins": 0,
      "Losses": 0,
      "Draws": 0,
      "OMWP": 0.3333,
      "GWP": 0.2,
      "OGWP": 0.3771
    },
    {
      "Rank": 93,
      "Player": "Skeptic2304",
      "Points": 0,
      "Wins": 0,
      "Losses": 0,
      "Draws": 0,
      "OMWP": 0.3333,
      "GWP": 0.3333,
      "OGWP": 0.375
    },
    {
      "Rank": 92,
      "Player": "ICT95",
      "Points": 0,
      "Wins": 0,
      "Losses": 0,
      "Draws": 0,
      "OMWP": 0.3667,
      "GWP": 0,
      "OGWP": 0.375
    },
    {
      "Rank": 91,
      "Player": "ariana20",
      "Points": 0,
      "Wins": 0,
      "Losses": 0,
      "Draws": 0,
      "OMWP": 0.3667,
      "GWP": 0,
      "OGWP": 0.4451
    },
    {
      "Rank": 90,
      "Player": "Killah_SUV",
      "Points": 0,
      "Wins": 0,
      "Losses": 0,
      "Draws": 0,
      "OMWP": 0.381,
      "GWP": 0,
      "OGWP": 0.4375
    },
    {
      "Rank": 89,
      "Player": "pokerswizard",
      "Points": 0,
      "Wins": 0,
      "Losses": 0,
      "Draws": 0,
      "OMWP": 0.381,
      "GWP": 0.3333,
      "OGWP": 0.40630000000000005
    },
    {
      "Rank": 88,
      "Player": "r0cknati0n",
      "Points": 0,
      "Wins": 0,
      "Losses": 0,
      "Draws": 0,
      "OMWP": 0.4857,
      "GWP": 0,
      "OGWP": 0.4596
    },
    {
      "Rank": 87,
      "Player": "jaces_insecurity",
      "Points": 0,
      "Wins": 0,
      "Losses": 0,
      "Draws": 0,
      "OMWP": 0.5238,
      "GWP": 0,
      "OGWP": 0.5158
    },
    {
      "Rank": 86,
      "Player": "Kampo",
      "Points": 0,
      "Wins": 0,
      "Losses": 0,
      "Draws": 0,
      "OMWP": 0.5238,
      "GWP": 0,
      "OGWP": 0.5238
    },
    {
      "Rank": 85,
      "Player": "Ketofol",
      "Points": 0,
      "Wins": 0,
      "Losses": 0,
      "Draws": 0,
      "OMWP": 0.5238,
      "GWP": 0.2,
      "OGWP": 0.5197999999999999
    },
    {
      "Rank": 84,
      "Player": "GTX120",
      "Points": 0,
      "Wins": 0,
      "Losses": 0,
      "Draws": 0,
      "OMWP": 0.5238,
      "GWP": 0.3333,
      "OGWP": 0.5104
    },
    {
      "Rank": 83,
      "Player": "GenericUser48",
      "Points": 0,
      "Wins": 0,
      "Losses": 0,
      "Draws": 0,
      "OMWP": 0.5397,
      "GWP": 0.25,
      "OGWP": 0.5489999999999999
    },
    {
      "Rank": 82,
      "Player": "D3dalo",
      "Points": 0,
      "Wins": 0,
      "Losses": 0,
      "Draws": 0,
      "OMWP": 0.5476,
      "GWP": 0.1429,
      "OGWP": 0.5281
    },
    {
      "Rank": 81,
      "Player": "Avarax05",
      "Points": 0,
      "Wins": 0,
      "Losses": 0,
      "Draws": 0,
      "OMWP": 0.5714,
      "GWP": 0.2,
      "OGWP": 0.5526
    },
    {
      "Rank": 80,
      "Player": "Schiaveto",
      "Points": 0,
      "Wins": 0,
      "Losses": 0,
      "Draws": 0,
      "OMWP": 0.5714,
      "GWP": 0.3333,
      "OGWP": 0.5425
    },
    {
      "Rank": 79,
      "Player": "Dreddybajs",
      "Points": 0,
      "Wins": 0,
      "Losses": 0,
      "Draws": 0,
      "OMWP": 0.5857,
      "GWP": 0.3333,
      "OGWP": 0.5324
    },
    {
      "Rank": 78,
      "Player": "Impshadowknight",
      "Points": 3,
      "Wins": 0,
      "Losses": 0,
      "Draws": 0,
      "OMWP": 0.3333,
      "GWP": 0.375,
      "OGWP": 0.40950000000000003
    },
    {
      "Rank": 77,
      "Player": "Artemis2021",
      "Points": 3,
      "Wins": 0,
      "Losses": 0,
      "Draws": 0,
      "OMWP": 0.3651,
      "GWP": 0.3333,
      "OGWP": 0.4158
    },
    {
      "Rank": 76,
      "Player": "alfonseelric",
      "Points": 3,
      "Wins": 0,
      "Losses": 0,
      "Draws": 0,
      "OMWP": 0.3946,
      "GWP": 0.1333,
      "OGWP": 0.43670000000000003
    },
    {
      "Rank": 75,
      "Player": "Ale_Mtg",
      "Points": 3,
      "Wins": 0,
      "Losses": 0,
      "Draws": 0,
      "OMWP": 0.4127,
      "GWP": 0.375,
      "OGWP": 0.4294
    },
    {
      "Rank": 74,
      "Player": "Cachorrowo",
      "Points": 3,
      "Wins": 0,
      "Losses": 0,
      "Draws": 0,
      "OMWP": 0.4127,
      "GWP": 0.5,
      "OGWP": 0.39770000000000005
    },
    {
      "Rank": 73,
      "Player": "Cown",
      "Points": 3,
      "Wins": 0,
      "Losses": 0,
      "Draws": 0,
      "OMWP": 0.44439999999999996,
      "GWP": 0.3333,
      "OGWP": 0.5022
    },
    {
      "Rank": 72,
      "Player": "claudioh",
      "Points": 3,
      "Wins": 0,
      "Losses": 0,
      "Draws": 0,
      "OMWP": 0.44439999999999996,
      "GWP": 0.4286,
      "OGWP": 0.4875
    },
    {
      "Rank": 71,
      "Player": "Gregoriusil",
      "Points": 3,
      "Wins": 0,
      "Losses": 0,
      "Draws": 0,
      "OMWP": 0.44439999999999996,
      "GWP": 0.5,
      "OGWP": 0.4236
    },
    {
      "Rank": 70,
      "Player": "Gobern",
      "Points": 3,
      "Wins": 0,
      "Losses": 0,
      "Draws": 0,
      "OMWP": 0.5381,
      "GWP": 0.375,
      "OGWP": 0.5316
    },
    {
      "Rank": 69,
      "Player": "TrashBoat100",
      "Points": 3,
      "Wins": 0,
      "Losses": 0,
      "Draws": 0,
      "OMWP": 0.5397,
      "GWP": 0.2857,
      "OGWP": 0.5489999999999999
    },
    {
      "Rank": 68,
      "Player": "DskBayWolf",
      "Points": 3,
      "Wins": 0,
      "Losses": 0,
      "Draws": 0,
      "OMWP": 0.5397,
      "GWP": 0.4286,
      "OGWP": 0.5032
    },
    {
      "Rank": 67,
      "Player": "CrazyGambler",
      "Points": 3,
      "Wins": 0,
      "Losses": 0,
      "Draws": 0,
      "OMWP": 0.5872999999999999,
      "GWP": 0.375,
      "OGWP": 0.5244
    },
    {
      "Rank": 66,
      "Player": "_IlNano_",
      "Points": 3,
      "Wins": 0,
      "Losses": 0,
      "Draws": 0,
      "OMWP": 0.5872999999999999,
      "GWP": 0.375,
      "OGWP": 0.5489999999999999
    },
    {
      "Rank": 65,
      "Player": "Deathnote1999",
      "Points": 3,
      "Wins": 0,
      "Losses": 0,
      "Draws": 0,
      "OMWP": 0.5872999999999999,
      "GWP": 0.4286,
      "OGWP": 0.5403
    },
    {
      "Rank": 64,
      "Player": "ItsJustSquid",
      "Points": 3,
      "Wins": 0,
      "Losses": 0,
      "Draws": 0,
      "OMWP": 0.6083,
      "GWP": 0.4167,
      "OGWP": 0.5188
    },
    {
      "Rank": 63,
      "Player": "ForgottenEffigy",
      "Points": 3,
      "Wins": 0,
      "Losses": 0,
      "Draws": 0,
      "OMWP": 0.619,
      "GWP": 0.3,
      "OGWP": 0.6181
    },
    {
      "Rank": 62,
      "Player": "Cedicent",
      "Points": 6,
      "Wins": 0,
      "Losses": 0,
      "Draws": 0,
      "OMWP": 0.44439999999999996,
      "GWP": 0.35710000000000003,
      "OGWP": 0.47619999999999996
    },
    {
      "Rank": 61,
      "Player": "taldoitalo",
      "Points": 6,
      "Wins": 0,
      "Losses": 0,
      "Draws": 0,
      "OMWP": 0.4667,
      "GWP": 0.3125,
      "OGWP": 0.4706
    },
    {
      "Rank": 60,
      "Player": "Brasatore",
      "Points": 6,
      "Wins": 0,
      "Losses": 0,
      "Draws": 0,
      "OMWP": 0.46869999999999995,
      "GWP": 0.375,
      "OGWP": 0.4434
    },
    {
      "Rank": 59,
      "Player": "T1_Tinker",
      "Points": 6,
      "Wins": 0,
      "Losses": 0,
      "Draws": 0,
      "OMWP": 0.4802,
      "GWP": 0.3846,
      "OGWP": 0.4913
    },
    {
      "Rank": 58,
      "Player": "keyzoo",
      "Points": 6,
      "Wins": 0,
      "Losses": 0,
      "Draws": 0,
      "OMWP": 0.48810000000000003,
      "GWP": 0.4667,
      "OGWP": 0.4661
    },
    {
      "Rank": 57,
      "Player": "L1X0",
      "Points": 6,
      "Wins": 0,
      "Losses": 0,
      "Draws": 0,
      "OMWP": 0.4921,
      "GWP": 0.3333,
      "OGWP": 0.5108
    },
    {
      "Rank": 56,
      "Player": "BiIIyBruto",
      "Points": 6,
      "Wins": 0,
      "Losses": 0,
      "Draws": 0,
      "OMWP": 0.5095000000000001,
      "GWP": 0.3077,
      "OGWP": 0.5155
    },
    {
      "Rank": 55,
      "Player": "pepeteam",
      "Points": 6,
      "Wins": 0,
      "Losses": 0,
      "Draws": 0,
      "OMWP": 0.519,
      "GWP": 0.46149999999999997,
      "OGWP": 0.49770000000000003
    },
    {
      "Rank": 54,
      "Player": "bernardocssa",
      "Points": 6,
      "Wins": 0,
      "Losses": 0,
      "Draws": 0,
      "OMWP": 0.5524,
      "GWP": 0.3636,
      "OGWP": 0.534
    },
    {
      "Rank": 53,
      "Player": "A_Turtle",
      "Points": 6,
      "Wins": 0,
      "Losses": 0,
      "Draws": 0,
      "OMWP": 0.5655,
      "GWP": 0.5,
      "OGWP": 0.5568
    },
    {
      "Rank": 52,
      "Player": "outZEROo",
      "Points": 6,
      "Wins": 0,
      "Losses": 0,
      "Draws": 0,
      "OMWP": 0.5872999999999999,
      "GWP": 0.4286,
      "OGWP": 0.5540999999999999
    },
    {
      "Rank": 51,
      "Player": "JoeyNubzy",
      "Points": 6,
      "Wins": 0,
      "Losses": 0,
      "Draws": 0,
      "OMWP": 0.6,
      "GWP": 0.3846,
      "OGWP": 0.5555
    },
    {
      "Rank": 50,
      "Player": "Terribad",
      "Points": 6,
      "Wins": 0,
      "Losses": 0,
      "Draws": 0,
      "OMWP": 0.6381,
      "GWP": 0.4167,
      "OGWP": 0.5987
    },
    {
      "Rank": 49,
      "Player": "HamAndCheese",
      "Points": 6,
      "Wins": 0,
      "Losses": 0,
      "Draws": 0,
      "OMWP": 0.6667000000000001,
      "GWP": 0.3333,
      "OGWP": 0.5904
    },
    {
      "Rank": 48,
      "Player": "fireshoes",
      "Points": 9,
      "Wins": 0,
      "Losses": 0,
      "Draws": 0,
      "OMWP": 0.4354,
      "GWP": 0.4706,
      "OGWP": 0.4489
    },
    {
      "Rank": 47,
      "Player": "PedraStone",
      "Points": 9,
      "Wins": 0,
      "Losses": 0,
      "Draws": 0,
      "OMWP": 0.4524,
      "GWP": 0.5294,
      "OGWP": 0.4476
    },
    {
      "Rank": 46,
      "Player": "bid1992",
      "Points": 9,
      "Wins": 0,
      "Losses": 0,
      "Draws": 0,
      "OMWP": 0.4558,
      "GWP": 0.5,
      "OGWP": 0.4379
    },
    {
      "Rank": 45,
      "Player": "InterludeShadow",
      "Points": 9,
      "Wins": 0,
      "Losses": 0,
      "Draws": 0,
      "OMWP": 0.47619999999999996,
      "GWP": 0.4667,
      "OGWP": 0.47740000000000005
    },
    {
      "Rank": 44,
      "Player": "LucasG1ggs",
      "Points": 9,
      "Wins": 0,
      "Losses": 0,
      "Draws": 0,
      "OMWP": 0.5032,
      "GWP": 0.4667,
      "OGWP": 0.5232
    },
    {
      "Rank": 43,
      "Player": "Puff-Sun",
      "Points": 9,
      "Wins": 0,
      "Losses": 0,
      "Draws": 0,
      "OMWP": 0.504,
      "GWP": 0.5385,
      "OGWP": 0.506
    },
    {
      "Rank": 42,
      "Player": "EdgarB",
      "Points": 9,
      "Wins": 0,
      "Losses": 0,
      "Draws": 0,
      "OMWP": 0.5306000000000001,
      "GWP": 0.4375,
      "OGWP": 0.5311
    },
    {
      "Rank": 41,
      "Player": "ScavengingBooze",
      "Points": 9,
      "Wins": 0,
      "Losses": 0,
      "Draws": 0,
      "OMWP": 0.5333,
      "GWP": 0.5385,
      "OGWP": 0.5056
    },
    {
      "Rank": 40,
      "Player": "levunga21",
      "Points": 9,
      "Wins": 0,
      "Losses": 0,
      "Draws": 0,
      "OMWP": 0.5435,
      "GWP": 0.4375,
      "OGWP": 0.5045000000000001
    },
    {
      "Rank": 39,
      "Player": "Patrisio",
      "Points": 9,
      "Wins": 0,
      "Losses": 0,
      "Draws": 0,
      "OMWP": 0.5483,
      "GWP": 0.4,
      "OGWP": 0.5375
    },
    {
      "Rank": 38,
      "Player": "TheAdonis",
      "Points": 9,
      "Wins": 0,
      "Losses": 0,
      "Draws": 0,
      "OMWP": 0.551,
      "GWP": 0.5263,
      "OGWP": 0.5311
    },
    {
      "Rank": 37,
      "Player": "Misplacedginger",
      "Points": 9,
      "Wins": 0,
      "Losses": 0,
      "Draws": 0,
      "OMWP": 0.5524,
      "GWP": 0.5385,
      "OGWP": 0.5406
    },
    {
      "Rank": 36,
      "Player": "Linden_43",
      "Points": 9,
      "Wins": 0,
      "Losses": 0,
      "Draws": 0,
      "OMWP": 0.6327,
      "GWP": 0.4118,
      "OGWP": 0.6084
    },
    {
      "Rank": 35,
      "Player": "valentinaaaa",
      "Points": 12,
      "Wins": 0,
      "Losses": 0,
      "Draws": 0,
      "OMWP": 0.4048,
      "GWP": 0.5882000000000001,
      "OGWP": 0.4286
    },
    {
      "Rank": 34,
      "Player": "Thief_Of_Crowns",
      "Points": 12,
      "Wins": 0,
      "Losses": 0,
      "Draws": 0,
      "OMWP": 0.4476,
      "GWP": 0.5263,
      "OGWP": 0.4361
    },
    {
      "Rank": 33,
      "Player": "fazparte",
      "Points": 12,
      "Wins": 0,
      "Losses": 0,
      "Draws": 0,
      "OMWP": 0.4694,
      "GWP": 0.5294,
      "OGWP": 0.4736
    },
    {
      "Rank": 32,
      "Player": "ultrasuperbob",
      "Points": 12,
      "Wins": 0,
      "Losses": 0,
      "Draws": 0,
      "OMWP": 0.4728,
      "GWP": 0.6470999999999999,
      "OGWP": 0.45909999999999995
    },
    {
      "Rank": 31,
      "Player": "Mikebrav",
      "Points": 12,
      "Wins": 0,
      "Losses": 0,
      "Draws": 0,
      "OMWP": 0.483,
      "GWP": 0.5882000000000001,
      "OGWP": 0.4968
    },
    {
      "Rank": 30,
      "Player": "DookieTrouserMD",
      "Points": 12,
      "Wins": 0,
      "Losses": 0,
      "Draws": 0,
      "OMWP": 0.5041,
      "GWP": 0.625,
      "OGWP": 0.4917
    },
    {
      "Rank": 29,
      "Player": "Venom1",
      "Points": 12,
      "Wins": 0,
      "Losses": 0,
      "Draws": 0,
      "OMWP": 0.5129,
      "GWP": 0.5263,
      "OGWP": 0.4775
    },
    {
      "Rank": 28,
      "Player": "_Falcon_",
      "Points": 12,
      "Wins": 0,
      "Losses": 0,
      "Draws": 0,
      "OMWP": 0.5238,
      "GWP": 0.5789,
      "OGWP": 0.49950000000000006
    },
    {
      "Rank": 27,
      "Player": "Skpchino",
      "Points": 12,
      "Wins": 0,
      "Losses": 0,
      "Draws": 0,
      "OMWP": 0.5544,
      "GWP": 0.5263,
      "OGWP": 0.5634
    },
    {
      "Rank": 26,
      "Player": "luvadepedreiro",
      "Points": 12,
      "Wins": 0,
      "Losses": 0,
      "Draws": 0,
      "OMWP": 0.5605,
      "GWP": 0.5556,
      "OGWP": 0.5401
    },
    {
      "Rank": 25,
      "Player": "__forge__",
      "Points": 12,
      "Wins": 0,
      "Losses": 0,
      "Draws": 0,
      "OMWP": 0.5646,
      "GWP": 0.5556,
      "OGWP": 0.5108
    },
    {
      "Rank": 24,
      "Player": "GzusReturned",
      "Points": 12,
      "Wins": 0,
      "Losses": 0,
      "Draws": 0,
      "OMWP": 0.5946,
      "GWP": 0.5882000000000001,
      "OGWP": 0.5362
    },
    {
      "Rank": 23,
      "Player": "_theMoonSage_",
      "Points": 12,
      "Wins": 0,
      "Losses": 0,
      "Draws": 0,
      "OMWP": 0.5986,
      "GWP": 0.5294,
      "OGWP": 0.5513
    },
    {
      "Rank": 22,
      "Player": "McWinSauce",
      "Points": 12,
      "Wins": 0,
      "Losses": 0,
      "Draws": 0,
      "OMWP": 0.5986,
      "GWP": 0.5294,
      "OGWP": 0.5689
    },
    {
      "Rank": 21,
      "Player": "Gorzone",
      "Points": 12,
      "Wins": 0,
      "Losses": 0,
      "Draws": 0,
      "OMWP": 0.6129,
      "GWP": 0.5,
      "OGWP": 0.5867
    },
    {
      "Rank": 20,
      "Player": "Sapoa",
      "Points": 15,
      "Wins": 0,
      "Losses": 0,
      "Draws": 0,
      "OMWP": 0.44420000000000004,
      "GWP": 0.6470999999999999,
      "OGWP": 0.4413
    },
    {
      "Rank": 19,
      "Player": "peter780108",
      "Points": 15,
      "Wins": 0,
      "Losses": 0,
      "Draws": 0,
      "OMWP": 0.4585,
      "GWP": 0.6875,
      "OGWP": 0.47909999999999997
    },
    {
      "Rank": 18,
      "Player": "MJ_23",
      "Points": 15,
      "Wins": 0,
      "Losses": 0,
      "Draws": 0,
      "OMWP": 0.4789,
      "GWP": 0.6470999999999999,
      "OGWP": 0.4772
    },
    {
      "Rank": 17,
      "Player": "CroissanceComparee",
      "Points": 15,
      "Wins": 0,
      "Losses": 0,
      "Draws": 0,
      "OMWP": 0.48840000000000006,
      "GWP": 0.6667000000000001,
      "OGWP": 0.4551
    },
    {
      "Rank": 16,
      "Player": "Diomed_Tidid",
      "Points": 15,
      "Wins": 0,
      "Losses": 0,
      "Draws": 0,
      "OMWP": 0.5238,
      "GWP": 0.7143,
      "OGWP": 0.4765
    },
    {
      "Rank": 15,
      "Player": "maximusdee",
      "Points": 15,
      "Wins": 0,
      "Losses": 0,
      "Draws": 0,
      "OMWP": 0.5639,
      "GWP": 0.6667000000000001,
      "OGWP": 0.541
    },
    {
      "Rank": 14,
      "Player": "Keggers",
      "Points": 15,
      "Wins": 0,
      "Losses": 0,
      "Draws": 0,
      "OMWP": 0.5740999999999999,
      "GWP": 0.6111,
      "OGWP": 0.5446
    },
    {
      "Rank": 13,
      "Player": "VitorCarvalho01",
      "Points": 15,
      "Wins": 0,
      "Losses": 0,
      "Draws": 0,
      "OMWP": 0.5740999999999999,
      "GWP": 0.6470999999999999,
      "OGWP": 0.5206000000000001
    },
    {
      "Rank": 12,
      "Player": "Dr4ken",
      "Points": 15,
      "Wins": 0,
      "Losses": 0,
      "Draws": 0,
      "OMWP": 0.5986,
      "GWP": 0.6875,
      "OGWP": 0.5621
    },
    {
      "Rank": 11,
      "Player": "DB_Dykman",
      "Points": 15,
      "Wins": 0,
      "Losses": 0,
      "Draws": 0,
      "OMWP": 0.615,
      "GWP": 0.6111,
      "OGWP": 0.5458
    },
    {
      "Rank": 10,
      "Player": "elBB",
      "Points": 15,
      "Wins": 0,
      "Losses": 0,
      "Draws": 0,
      "OMWP": 0.6435,
      "GWP": 0.6470999999999999,
      "OGWP": 0.5725
    },
    {
      "Rank": 9,
      "Player": "Arkany1",
      "Points": 15,
      "Wins": 0,
      "Losses": 0,
      "Draws": 0,
      "OMWP": 0.6531,
      "GWP": 0.6667000000000001,
      "OGWP": 0.5946
    },
    {
      "Rank": 8,
      "Player": "ninepoundhammer",
      "Points": 15,
      "Wins": 0,
      "Losses": 0,
      "Draws": 0,
      "OMWP": 0.7006999999999999,
      "GWP": 0.6,
      "OGWP": 0.616
    },
    {
      "Rank": 7,
      "Player": "rollo1993",
      "Points": 18,
      "Wins": 0,
      "Losses": 0,
      "Draws": 0,
      "OMWP": 0.5442,
      "GWP": 0.6667000000000001,
      "OGWP": 0.5222
    },
    {
      "Rank": 6,
      "Player": "O_danielakos",
      "Points": 18,
      "Wins": 0,
      "Losses": 0,
      "Draws": 0,
      "OMWP": 0.6327,
      "GWP": 0.7222,
      "OGWP": 0.5613
    },
    {
      "Rank": 5,
      "Player": "SoulStrong",
      "Points": 21,
      "Wins": 0,
      "Losses": 0,
      "Draws": 0,
      "OMWP": 0.6014,
      "GWP": 0.7368000000000001,
      "OGWP": 0.5502
    },
    {
      "Rank": 4,
      "Player": "TentacleFan",
      "Points": 18,
      "Wins": 0,
      "Losses": 0,
      "Draws": 0,
      "OMWP": 0.6598999999999999,
      "GWP": 0.5789,
      "OGWP": 0.6029
    },
    {
      "Rank": 3,
      "Player": "mortadela",
      "Points": 21,
      "Wins": 0,
      "Losses": 0,
      "Draws": 0,
      "OMWP": 0.5279,
      "GWP": 0.7059000000000001,
      "OGWP": 0.499
    },
    {
      "Rank": 2,
      "Player": "Zompatanfo",
      "Points": 24,
      "Wins": 0,
      "Losses": 0,
      "Draws": 0,
      "OMWP": 0.619,
      "GWP": 0.6842,
      "OGWP": 0.5663
    },
    {
      "Rank": 1,
      "Player": "FerMTG",
      "Points": 27,
      "Wins": 0,
      "Losses": 0,
      "Draws": 0,
      "OMWP": 0.6735,
      "GWP": 0.6667000000000001,
      "OGWP": 0.6076
    }
  ]
}