{
  "Tournament": {
    "Id": 12801685,
    "Date": "2025-07-07T17:00:00",
    "Name": "Duel Commander Trial 16",
    "Uri": null,
    "JsonFile": null,
    "ForceRedownload": false
  },
  "Decks": null,
  "Rounds": [
    {
      "RoundName": "Round 1",
      "Matches": [
        {
          "Player1": "Makia",
          "Player2": "-Nausea-",
          "Result": "0-2-0"
        },
        {
          "Player1": "deleon91",
          "Player2": "Zolazar",
          "Result": "0-0-0"
        },
        {
          "Player1": "ZacharyHaleComstock",
          "Player2": "LBBL",
          "Result": "2-0-0"
        },
        {
          "Player1": "pokerswizard",
          "Player2": "Beicodegeia",
          "Result": "0-2-0"
        },
        {
          "Player1": "sebastianpozzo",
          "Player2": "Selfeisek",
          "Result": "2-0-0"
        },
        {
          "Player1": "Tsubasa_Cat",
          "Player2": "Ivan_Draw_Go",
          "Result": "0-2-0"
        },
        {
          "Player1": "Dudarudi",
          "Player2": "Carbozo",
          "Result": "0-2-0"
        },
        {
          "Player1": "Gregoriusil",
          "Player2": "Gonito",
          "Result": "0-2-0"
        },
        {
          "Player1": "PNascimento",
          "Player2": "Young_Shaman",
          "Result": "0-2-0"
        }
      ]
    },
    {
      "RoundName": "Round 2",
      "Matches": [
        {
          "Player1": "fireshoes",
          "Player2": "ZacharyHaleComstock",
          "Result": "0-2-0"
        },
        {
          "Player1": "Young_Shaman",
          "Player2": "Ivan_Draw_Go",
          "Result": "2-0-0"
        },
        {
          "Player1": "pokerswizard",
          "Player2": "Gregoriusil",
          "Result": "0-2-0"
        },
        {
          "Player1": "Beicodegeia",
          "Player2": "Carbozo",
          "Result": "0-2-0"
        },
        {
          "Player1": "deleon91",
          "Player2": "PNascimento",
          "Result": "0-0-0"
        },
        {
          "Player1": "Makia",
          "Player2": "LBBL",
          "Result": "0-0-0"
        },
        {
          "Player1": "sebastianpozzo",
          "Player2": "-Nausea-",
          "Result": "2-0-0"
        },
        {
          "Player1": "Gonito",
          "Player2": "Zolazar",
          "Result": "2-0-0"
        },
        {
          "Player1": "Selfeisek",
          "Player2": "Dudarudi",
          "Result": "0-2-0"
        }
      ]
    },
    {
      "RoundName": "Round 3",
      "Matches": [
        {
          "Player1": "deleon91",
          "Player2": "LBBL",
          "Result": "2-0-0"
        },
        {
          "Player1": "ZacharyHaleComstock",
          "Player2": "Carbozo",
          "Result": "2-0-0"
        },
        {
          "Player1": "Young_Shaman",
          "Player2": "Gonito",
          "Result": "2-0-0"
        },
        {
          "Player1": "sebastianpozzo",
          "Player2": "Tsubasa_Cat",
          "Result": "2-0-0"
        },
        {
          "Player1": "pokerswizard",
          "Player2": "PNascimento",
          "Result": "0-2-0"
        },
        {
          "Player1": "fireshoes",
          "Player2": "Dudarudi",
          "Result": "0-2-0"
        },
        {
          "Player1": "Beicodegeia",
          "Player2": "-Nausea-",
          "Result": "0-2-0"
        },
        {
          "Player1": "Gregoriusil",
          "Player2": "Zolazar",
          "Result": "2-0-0"
        },
        {
          "Player1": "Makia",
          "Player2": "Ivan_Draw_Go",
          "Result": "0-2-0"
        }
      ]
    },
    {
      "RoundName": "Round 4",
      "Matches": [
        {
          "Player1": "fireshoes",
          "Player2": "PNascimento",
          "Result": "2-0-0"
        },
        {
          "Player1": "Ivan_Draw_Go",
          "Player2": "Carbozo",
          "Result": "0-2-0"
        },
        {
          "Player1": "Makia",
          "Player2": "Beicodegeia",
          "Result": "0-2-0"
        },
        {
          "Player1": "deleon91",
          "Player2": "-Nausea-",
          "Result": "2-0-0"
        },
        {
          "Player1": "ZacharyHaleComstock",
          "Player2": "Gregoriusil",
          "Result": "2-0-0"
        },
        {
          "Player1": "Selfeisek",
          "Player2": "Zolazar",
          "Result": "2-0-0"
        },
        {
          "Player1": "sebastianpozzo",
          "Player2": "Young_Shaman",
          "Result": "0-2-0"
        },
        {
          "Player1": "Tsubasa_Cat",
          "Player2": "LBBL",
          "Result": "2-0-0"
        },
        {
          "Player1": "Dudarudi",
          "Player2": "Gonito",
          "Result": "0-2-0"
        }
      ]
    },
    {
      "RoundName": "Round 5",
      "Matches": [
        {
          "Player1": "Beicodegeia",
          "Player2": "Dudarudi",
          "Result": "2-0-0"
        },
        {
          "Player1": "Ivan_Draw_Go",
          "Player2": "-Nausea-",
          "Result": "0-2-0"
        },
        {
          "Player1": "Makia",
          "Player2": "PNascimento",
          "Result": "2-0-0"
        },
        {
          "Player1": "pokerswizard",
          "Player2": "Zolazar",
          "Result": "0-2-0"
        },
        {
          "Player1": "sebastianpozzo",
          "Player2": "deleon91",
          "Result": "0-2-0"
        },
        {
          "Player1": "fireshoes",
          "Player2": "Selfeisek",
          "Result": "0-2-0"
        },
        {
          "Player1": "ZacharyHaleComstock",
          "Player2": "Young_Shaman",
          "Result": "2-0-0"
        },
        {
          "Player1": "Carbozo",
          "Player2": "Gonito",
          "Result": "0-2-0"
        },
        {
          "Player1": "Tsubasa_Cat",
          "Player2": "Gregoriusil",
          "Result": "0-0-0"
        }
      ]
    },
    {
      "RoundName": "Round 6",
      "Matches": [
        {
          "Player1": "sebastianpozzo",
          "Player2": "deleon91",
          "Result": "2-0-0"
        },
        {
          "Player1": "Gonito",
          "Player2": "Carbozo",
          "Result": "0-2-0"
        },
        {
          "Player1": "Young_Shaman",
          "Player2": "-Nausea-",
          "Result": "2-0-0"
        },
        {
          "Player1": "ZacharyHaleComstock",
          "Player2": "Beicodegeia",
          "Result": "0-2-0"
        }
      ]
    },
    {
      "RoundName": "Round 7",
      "Matches": [
        {
          "Player1": "Young_Shaman",
          "Player2": "Carbozo",
          "Result": "2-0-0"
        },
        {
          "Player1": "sebastianpozzo",
          "Player2": "Beicodegeia",
          "Result": "2-0-0"
        }
      ]
    },
    {
      "RoundName": "Round 8",
      "Matches": [
        {
          "Player1": "sebastianpozzo",
          "Player2": "Young_Shaman",
          "Result": "0-2-0"
        }
      ]
    }
  ],
  "Standings": [
    {
      "Rank": 19,
      "Player": "LBBL",
      "Points": 0,
      "Wins": 0,
      "Losses": 0,
      "Draws": 0,
      "OMWP": 0.7,
      "GWP": 0.2,
      "OGWP": 0.6267
    },
    {
      "Rank": 18,
      "Player": "pokerswizard",
      "Points": 3,
      "Wins": 0,
      "Losses": 0,
      "Draws": 0,
      "OMWP": 0.43329999999999996,
      "GWP": 0.3333,
      "OGWP": 0.44049999999999995
    },
    {
      "Rank": 17,
      "Player": "PNascimento",
      "Points": 3,
      "Wins": 0,
      "Losses": 0,
      "Draws": 0,
      "OMWP": 0.5467,
      "GWP": 0.3333,
      "OGWP": 0.5218
    },
    {
      "Rank": 16,
      "Player": "Makia",
      "Points": 6,
      "Wins": 0,
      "Losses": 0,
      "Draws": 0,
      "OMWP": 0.4533,
      "GWP": 0.5,
      "OGWP": 0.4543
    },
    {
      "Rank": 15,
      "Player": "fireshoes",
      "Points": 6,
      "Wins": 0,
      "Losses": 0,
      "Draws": 0,
      "OMWP": 0.5832999999999999,
      "GWP": 0.4167,
      "OGWP": 0.5353
    },
    {
      "Rank": 14,
      "Player": "Zolazar",
      "Points": 6,
      "Wins": 0,
      "Losses": 0,
      "Draws": 0,
      "OMWP": 0.5867,
      "GWP": 0.4286,
      "OGWP": 0.5242
    },
    {
      "Rank": 13,
      "Player": "Ivan_Draw_Go",
      "Points": 6,
      "Wins": 0,
      "Losses": 0,
      "Draws": 0,
      "OMWP": 0.6,
      "GWP": 0.5,
      "OGWP": 0.5414
    },
    {
      "Rank": 12,
      "Player": "Dudarudi",
      "Points": 6,
      "Wins": 0,
      "Losses": 0,
      "Draws": 0,
      "OMWP": 0.6,
      "GWP": 0.5385,
      "OGWP": 0.5233
    },
    {
      "Rank": 11,
      "Player": "Gregoriusil",
      "Points": 6,
      "Wins": 0,
      "Losses": 0,
      "Draws": 0,
      "OMWP": 0.6267,
      "GWP": 0.4286,
      "OGWP": 0.5487
    },
    {
      "Rank": 10,
      "Player": "Tsubasa_Cat",
      "Points": 9,
      "Wins": 0,
      "Losses": 0,
      "Draws": 0,
      "OMWP": 0.43329999999999996,
      "GWP": 0.5455,
      "OGWP": 0.44049999999999995
    },
    {
      "Rank": 9,
      "Player": "Selfeisek",
      "Points": 9,
      "Wins": 0,
      "Losses": 0,
      "Draws": 0,
      "OMWP": 0.45,
      "GWP": 0.5,
      "OGWP": 0.47090000000000004
    },
    {
      "Rank": 8,
      "Player": "-Nausea-",
      "Points": 9,
      "Wins": 0,
      "Losses": 0,
      "Draws": 0,
      "OMWP": 0.56,
      "GWP": 0.5333,
      "OGWP": 0.5527000000000001
    },
    {
      "Rank": 7,
      "Player": "deleon91",
      "Points": 12,
      "Wins": 0,
      "Losses": 0,
      "Draws": 0,
      "OMWP": 0.4533,
      "GWP": 0.6923,
      "OGWP": 0.4257
    },
    {
      "Rank": 6,
      "Player": "Gonito",
      "Points": 12,
      "Wins": 0,
      "Losses": 0,
      "Draws": 0,
      "OMWP": 0.52,
      "GWP": 0.6667000000000001,
      "OGWP": 0.5047999999999999
    },
    {
      "Rank": 5,
      "Player": "ZacharyHaleComstock",
      "Points": 15,
      "Wins": 0,
      "Losses": 0,
      "Draws": 0,
      "OMWP": 0.5067,
      "GWP": 0.7692,
      "OGWP": 0.46140000000000003
    },
    {
      "Rank": 4,
      "Player": "Beicodegeia",
      "Points": 12,
      "Wins": 0,
      "Losses": 0,
      "Draws": 0,
      "OMWP": 0.4667,
      "GWP": 0.5714,
      "OGWP": 0.4733
    },
    {
      "Rank": 3,
      "Player": "Carbozo",
      "Points": 12,
      "Wins": 0,
      "Losses": 0,
      "Draws": 0,
      "OMWP": 0.64,
      "GWP": 0.46149999999999997,
      "OGWP": 0.6092
    },
    {
      "Rank": 2,
      "Player": "sebastianpozzo",
      "Points": 15,
      "Wins": 0,
      "Losses": 0,
      "Draws": 0,
      "OMWP": 0.68,
      "GWP": 0.5,
      "OGWP": 0.5876
    },
    {
      "Rank": 1,
      "Player": "Young_Shaman",
      "Points": 21,
      "Wins": 0,
      "Losses": 0,
      "Draws": 0,
      "OMWP": 0.6267,
      "GWP": 0.6667000000000001,
      "OGWP": 0.5538000000000001
    }
  ]
}