{
  "Tournament": {
    "Id": 12801678,
    "Date": "2025-07-07T01:00:00",
    "Name": "Duel Commander Trial 16",
    "Uri": null,
    "JsonFile": null,
    "ForceRedownload": false
  },
  "Decks": null,
  "Rounds": [
    {
      "RoundName": "Round 1",
      "Matches": [
        {
          "Player1": "JapaneseFisherman",
          "Player2": "DeadPinkys",
          "Result": "2-0-0"
        },
        {
          "Player1": "Jose Guillermo",
          "Player2": "Selfeisek",
          "Result": "0-2-0"
        },
        {
          "Player1": "ZacharyHaleComstock",
          "Player2": "xDingusKhan",
          "Result": "2-0-0"
        },
        {
          "Player1": "Boin",
          "Player2": "ChironTheMage",
          "Result": "0-2-0"
        },
        {
          "Player1": "HellsNarwhal",
          "Player2": "-Nausea-",
          "Result": "2-0-0"
        },
        {
          "Player1": "pokerswizard",
          "Player2": "DuduDeNunu",
          "Result": "2-0-0"
        },
        {
          "Player1": "mmmbop",
          "Player2": "glyra",
          "Result": "2-0-0"
        },
        {
          "Player1": "pat0presidente",
          "Player2": "Lord_Beerus",
          "Result": "2-0-0"
        },
        {
          "Player1": "Beicodegeia",
          "Player2": "DarkBone",
          "Result": "2-0-0"
        }
      ]
    },
    {
      "RoundName": "Round 2",
      "Matches": [
        {
          "Player1": "Lord_Beerus",
          "Player2": "xDingusKhan",
          "Result": "2-0-0"
        },
        {
          "Player1": "Boin",
          "Player2": "-Nausea-",
          "Result": "0-2-0"
        },
        {
          "Player1": "pokerswizard",
          "Player2": "pat0presidente",
          "Result": "2-0-0"
        },
        {
          "Player1": "Jose Guillermo",
          "Player2": "DeadPinkys",
          "Result": "2-0-0"
        },
        {
          "Player1": "ChironTheMage",
          "Player2": "mmmbop",
          "Result": "0-2-0"
        },
        {
          "Player1": "glyra",
          "Player2": "DarkBone",
          "Result": "2-0-0"
        },
        {
          "Player1": "Beicodegeia",
          "Player2": "DuduDeNunu",
          "Result": "0-2-0"
        },
        {
          "Player1": "JapaneseFisherman",
          "Player2": "Selfeisek",
          "Result": "2-0-0"
        },
        {
          "Player1": "HellsNarwhal",
          "Player2": "ZacharyHaleComstock",
          "Result": "2-0-0"
        }
      ]
    },
    {
      "RoundName": "Round 3",
      "Matches": [
        {
          "Player1": "Lord_Beerus",
          "Player2": "DuduDeNunu",
          "Result": "0-2-0"
        },
        {
          "Player1": "xDingusKhan",
          "Player2": "DeadPinkys",
          "Result": "2-0-0"
        },
        {
          "Player1": "Jose Guillermo",
          "Player2": "pat0presidente",
          "Result": "2-0-0"
        },
        {
          "Player1": "mmmbop",
          "Player2": "pokerswizard",
          "Result": "0-2-0"
        },
        {
          "Player1": "JapaneseFisherman",
          "Player2": "HellsNarwhal",
          "Result": "2-0-0"
        },
        {
          "Player1": "Boin",
          "Player2": "DarkBone",
          "Result": "0-2-0"
        },
        {
          "Player1": "Beicodegeia",
          "Player2": "glyra",
          "Result": "2-0-0"
        },
        {
          "Player1": "Selfeisek",
          "Player2": "-Nausea-",
          "Result": "2-0-0"
        },
        {
          "Player1": "ZacharyHaleComstock",
          "Player2": "ChironTheMage",
          "Result": "2-0-0"
        }
      ]
    },
    {
      "RoundName": "Round 4",
      "Matches": [
        {
          "Player1": "Jose Guillermo",
          "Player2": "ZacharyHaleComstock",
          "Result": "0-2-0"
        },
        {
          "Player1": "HellsNarwhal",
          "Player2": "Lord_Beerus",
          "Result": "0-2-0"
        },
        {
          "Player1": "pokerswizard",
          "Player2": "JapaneseFisherman",
          "Result": "0-2-0"
        },
        {
          "Player1": "mmmbop",
          "Player2": "Beicodegeia",
          "Result": "0-2-0"
        },
        {
          "Player1": "pat0presidente",
          "Player2": "ChironTheMage",
          "Result": "2-0-0"
        },
        {
          "Player1": "xDingusKhan",
          "Player2": "glyra",
          "Result": "0-0-0"
        },
        {
          "Player1": "-Nausea-",
          "Player2": "DarkBone",
          "Result": "2-1-0"
        },
        {
          "Player1": "Selfeisek",
          "Player2": "DuduDeNunu",
          "Result": "0-2-0"
        }
      ]
    },
    {
      "RoundName": "Round 5",
      "Matches": [
        {
          "Player1": "Lord_Beerus",
          "Player2": "DarkBone",
          "Result": "2-0-0"
        },
        {
          "Player1": "pat0presidente",
          "Player2": "xDingusKhan",
          "Result": "0-2-0"
        },
        {
          "Player1": "pokerswizard",
          "Player2": "Beicodegeia",
          "Result": "0-2-0"
        },
        {
          "Player1": "-Nausea-",
          "Player2": "DuduDeNunu",
          "Result": "0-2-0"
        },
        {
          "Player1": "JapaneseFisherman",
          "Player2": "ZacharyHaleComstock",
          "Result": "0-2-0"
        },
        {
          "Player1": "HellsNarwhal",
          "Player2": "Selfeisek",
          "Result": "2-0-0"
        },
        {
          "Player1": "ChironTheMage",
          "Player2": "glyra",
          "Result": "2-0-0"
        },
        {
          "Player1": "Jose Guillermo",
          "Player2": "mmmbop",
          "Result": "0-2-0"
        }
      ]
    },
    {
      "RoundName": "Round 6",
      "Matches": [
        {
          "Player1": "pokerswizard",
          "Player2": "Beicodegeia",
          "Result": "2-0-0"
        },
        {
          "Player1": "ZacharyHaleComstock",
          "Player2": "mmmbop",
          "Result": "0-2-0"
        },
        {
          "Player1": "DuduDeNunu",
          "Player2": "Lord_Beerus",
          "Result": "2-0-0"
        },
        {
          "Player1": "JapaneseFisherman",
          "Player2": "HellsNarwhal",
          "Result": "2-0-0"
        }
      ]
    },
    {
      "RoundName": "Round 7",
      "Matches": [
        {
          "Player1": "pokerswizard",
          "Player2": "mmmbop",
          "Result": "0-2-0"
        },
        {
          "Player1": "JapaneseFisherman",
          "Player2": "DuduDeNunu",
          "Result": "0-2-0"
        }
      ]
    },
    {
      "RoundName": "Round 8",
      "Matches": [
        {
          "Player1": "mmmbop",
          "Player2": "DuduDeNunu",
          "Result": "0-2-0"
        }
      ]
    }
  ],
  "Standings": [
    {
      "Rank": 18,
      "Player": "Boin",
      "Points": 0,
      "Wins": 0,
      "Losses": 0,
      "Draws": 0,
      "OMWP": 0.3778,
      "GWP": 0.25,
      "OGWP": 0.3932
    },
    {
      "Rank": 17,
      "Player": "DeadPinkys",
      "Points": 0,
      "Wins": 0,
      "Losses": 0,
      "Draws": 0,
      "OMWP": 0.6,
      "GWP": 0.25,
      "OGWP": 0.5490999999999999
    },
    {
      "Rank": 16,
      "Player": "DarkBone",
      "Points": 3,
      "Wins": 0,
      "Losses": 0,
      "Draws": 0,
      "OMWP": 0.49329999999999996,
      "GWP": 0.2727,
      "OGWP": 0.45899999999999996
    },
    {
      "Rank": 15,
      "Player": "glyra",
      "Points": 3,
      "Wins": 0,
      "Losses": 0,
      "Draws": 0,
      "OMWP": 0.5467,
      "GWP": 0.3846,
      "OGWP": 0.5218
    },
    {
      "Rank": 14,
      "Player": "-Nausea-",
      "Points": 6,
      "Wins": 0,
      "Losses": 0,
      "Draws": 0,
      "OMWP": 0.49329999999999996,
      "GWP": 0.3846,
      "OGWP": 0.4727
    },
    {
      "Rank": 13,
      "Player": "ChironTheMage",
      "Points": 6,
      "Wins": 0,
      "Losses": 0,
      "Draws": 0,
      "OMWP": 0.49329999999999996,
      "GWP": 0.46149999999999997,
      "OGWP": 0.46630000000000005
    },
    {
      "Rank": 12,
      "Player": "Jose Guillermo",
      "Points": 6,
      "Wins": 0,
      "Losses": 0,
      "Draws": 0,
      "OMWP": 0.5067,
      "GWP": 0.4167,
      "OGWP": 0.4621
    },
    {
      "Rank": 11,
      "Player": "pat0presidente",
      "Points": 6,
      "Wins": 0,
      "Losses": 0,
      "Draws": 0,
      "OMWP": 0.52,
      "GWP": 0.3636,
      "OGWP": 0.5064
    },
    {
      "Rank": 10,
      "Player": "Selfeisek",
      "Points": 6,
      "Wins": 0,
      "Losses": 0,
      "Draws": 0,
      "OMWP": 0.6,
      "GWP": 0.3636,
      "OGWP": 0.5654
    },
    {
      "Rank": 9,
      "Player": "xDingusKhan",
      "Points": 9,
      "Wins": 0,
      "Losses": 0,
      "Draws": 0,
      "OMWP": 0.49329999999999996,
      "GWP": 0.5385,
      "OGWP": 0.4497
    },
    {
      "Rank": 8,
      "Player": "Lord_Beerus",
      "Points": 9,
      "Wins": 0,
      "Losses": 0,
      "Draws": 0,
      "OMWP": 0.5467,
      "GWP": 0.5,
      "OGWP": 0.5138
    },
    {
      "Rank": 7,
      "Player": "HellsNarwhal",
      "Points": 9,
      "Wins": 0,
      "Losses": 0,
      "Draws": 0,
      "OMWP": 0.6,
      "GWP": 0.6667000000000001,
      "OGWP": 0.5214
    },
    {
      "Rank": 6,
      "Player": "Beicodegeia",
      "Points": 12,
      "Wins": 0,
      "Losses": 0,
      "Draws": 0,
      "OMWP": 0.5333,
      "GWP": 0.6923,
      "OGWP": 0.5167
    },
    {
      "Rank": 5,
      "Player": "ZacharyHaleComstock",
      "Points": 12,
      "Wins": 0,
      "Losses": 0,
      "Draws": 0,
      "OMWP": 0.56,
      "GWP": 0.6667000000000001,
      "OGWP": 0.5550999999999999
    },
    {
      "Rank": 4,
      "Player": "pokerswizard",
      "Points": 12,
      "Wins": 0,
      "Losses": 0,
      "Draws": 0,
      "OMWP": 0.68,
      "GWP": 0.6154,
      "OGWP": 0.5997
    },
    {
      "Rank": 3,
      "Player": "JapaneseFisherman",
      "Points": 15,
      "Wins": 0,
      "Losses": 0,
      "Draws": 0,
      "OMWP": 0.5467,
      "GWP": 0.6923,
      "OGWP": 0.5291
    },
    {
      "Rank": 2,
      "Player": "mmmbop",
      "Points": 15,
      "Wins": 0,
      "Losses": 0,
      "Draws": 0,
      "OMWP": 0.5067,
      "GWP": 0.5832999999999999,
      "OGWP": 0.5141
    },
    {
      "Rank": 1,
      "Player": "DuduDeNunu",
      "Points": 21,
      "Wins": 0,
      "Losses": 0,
      "Draws": 0,
      "OMWP": 0.56,
      "GWP": 0.6667000000000001,
      "OGWP": 0.5112
    }
  ]
}