{
  "Tournament": {
    "Id": 12801684,
    "Date": "2025-07-07T16:00:00",
    "Name": "Modern Challenge 64",
    "Uri": null,
    "JsonFile": null,
    "ForceRedownload": false
  },
  "Decks": null,
  "Rounds": [
    {
      "RoundName": "Round 1",
      "Matches": [
        {
          "Player1": "moon11",
          "Player2": "Thunus",
          "Result": "2-0-0"
        },
        {
          "Player1": "sokos13",
          "Player2": "LucaAshok",
          "Result": "2-0-0"
        },
        {
          "Player1": "xRagedFurballx",
          "Player2": "Stiepan90",
          "Result": "0-2-0"
        },
        {
          "Player1": "Capitano_CL",
          "Player2": "416FrowningTable",
          "Result": "0-2-0"
        },
        {
          "Player1": "Nowayh",
          "Player2": "fudgems",
          "Result": "2-0-0"
        },
        {
          "Player1": "hugofreitas1",
          "Player2": "Marmotte_Lambda",
          "Result": "0-0-0"
        },
        {
          "Player1": "Erik157751",
          "Player2": "keyzoo",
          "Result": "2-0-0"
        },
        {
          "Player1": "timmojay",
          "Player2": "2345678",
          "Result": "2-0-0"
        },
        {
          "Player1": "dtardif",
          "Player2": "LuckyLuce",
          "Result": "0-2-0"
        },
        {
          "Player1": "aspiringspike",
          "Player2": "MayoDominaria",
          "Result": "2-0-0"
        },
        {
          "Player1": "jaiimechuu",
          "Player2": "Javieloide",
          "Result": "2-0-0"
        },
        {
          "Player1": "marcofabrizi",
          "Player2": "NathanOfTheGiltLeaf",
          "Result": "2-0-0"
        },
        {
          "Player1": "HaiNation",
          "Player2": "Drugo",
          "Result": "0-2-0"
        },
        {
          "Player1": "Cereza",
          "Player2": "NormanCar",
          "Result": "0-2-0"
        },
        {
          "Player1": "Okayasu",
          "Player2": "abracokes",
          "Result": "2-0-0"
        },
        {
          "Player1": "jready",
          "Player2": "MC_amp2267",
          "Result": "2-0-0"
        },
        {
          "Player1": "rastaf",
          "Player2": "derlumberzack",
          "Result": "2-0-0"
        },
        {
          "Player1": "Maccaciock",
          "Player2": "NygelV",
          "Result": "0-2-0"
        },
        {
          "Player1": "Lightspirit",
          "Player2": "Batz13",
          "Result": "2-0-0"
        },
        {
          "Player1": "MATTOMARINAIO",
          "Player2": "draco09",
          "Result": "2-0-0"
        },
        {
          "Player1": "bcs8995",
          "Player2": "_Chamytinho_",
          "Result": "0-2-0"
        },
        {
          "Player1": "Mistakenn",
          "Player2": "YopopMTG",
          "Result": "2-0-0"
        },
        {
          "Player1": "mikeleee",
          "Player2": "MeninoNey",
          "Result": "2-0-0"
        },
        {
          "Player1": "Samcaster-Mage",
          "Player2": "Sommertroll",
          "Result": "2-0-0"
        },
        {
          "Player1": "F4SE",
          "Player2": "Marecki",
          "Result": "0-2-0"
        },
        {
          "Player1": "Spellyp",
          "Player2": "korol",
          "Result": "0-2-0"
        },
        {
          "Player1": "Ale_Mtg",
          "Player2": "Deathmaxx",
          "Result": "2-0-0"
        },
        {
          "Player1": "Xenowan",
          "Player2": "AcerolaOrion",
          "Result": "2-0-0"
        },
        {
          "Player1": "Poderosisimo",
          "Player2": "Sven745",
          "Result": "0-2-0"
        },
        {
          "Player1": "Luddrox",
          "Player2": "NashEquilibrium1950",
          "Result": "0-2-0"
        },
        {
          "Player1": "maytwer",
          "Player2": "simoneromarm",
          "Result": "2-0-0"
        },
        {
          "Player1": "manukoka",
          "Player2": "IvernOP",
          "Result": "2-0-0"
        },
        {
          "Player1": "medvedev",
          "Player2": "acir",
          "Result": "2-0-0"
        },
        {
          "Player1": "Misplacedginger",
          "Player2": "Doomenstein",
          "Result": "2-0-0"
        },
        {
          "Player1": "Death_Lighter",
          "Player2": "532at",
          "Result": "0-2-0"
        },
        {
          "Player1": "KingHairy",
          "Player2": "Wishful14",
          "Result": "2-0-0"
        },
        {
          "Player1": "Drfuzybarrel",
          "Player2": "klien7",
          "Result": "0-2-0"
        },
        {
          "Player1": "tibalt_of_red_sub",
          "Player2": "ReanimatorFiend",
          "Result": "0-2-0"
        },
        {
          "Player1": "Dreddybajs",
          "Player2": "Corkyboyy",
          "Result": "2-0-0"
        },
        {
          "Player1": "josetorr87",
          "Player2": "eclipse4343",
          "Result": "2-0-0"
        },
        {
          "Player1": "Marvelman123",
          "Player2": "chagu",
          "Result": "0-0-0"
        },
        {
          "Player1": "noodle_boi",
          "Player2": "Prim3Time",
          "Result": "0-2-0"
        },
        {
          "Player1": "wallofspikes",
          "Player2": "peter780108",
          "Result": "0-2-0"
        },
        {
          "Player1": "missflood",
          "Player2": "HouseOfManaMTG",
          "Result": "2-0-0"
        },
        {
          "Player1": "erojas86",
          "Player2": "Beno04",
          "Result": "0-2-0"
        },
        {
          "Player1": "kanister",
          "Player2": "Taddy_99",
          "Result": "0-2-0"
        }
      ]
    },
    {
      "RoundName": "Round 2",
      "Matches": [
        {
          "Player1": "Drugo",
          "Player2": "Beno04",
          "Result": "2-0-0"
        },
        {
          "Player1": "Mistakenn",
          "Player2": "_Chamytinho_",
          "Result": "2-0-0"
        },
        {
          "Player1": "ReanimatorFiend",
          "Player2": "korol",
          "Result": "0-2-0"
        },
        {
          "Player1": "Okayasu",
          "Player2": "Taddy_99",
          "Result": "2-0-0"
        },
        {
          "Player1": "wallofspikes",
          "Player2": "Deathmaxx",
          "Result": "0-2-0"
        },
        {
          "Player1": "simoneromarm",
          "Player2": "fudgems",
          "Result": "2-0-0"
        },
        {
          "Player1": "Capitano_CL",
          "Player2": "Poderosisimo",
          "Result": "2-0-0"
        },
        {
          "Player1": "Erik157751",
          "Player2": "chagu",
          "Result": "0-2-0"
        },
        {
          "Player1": "keyzoo",
          "Player2": "abracokes",
          "Result": "2-0-0"
        },
        {
          "Player1": "Dreddybajs",
          "Player2": "Marmotte_Lambda",
          "Result": "2-0-0"
        },
        {
          "Player1": "MC_amp2267",
          "Player2": "draco09",
          "Result": "2-1-0"
        },
        {
          "Player1": "Maccaciock",
          "Player2": "HaiNation",
          "Result": "2-0-0"
        },
        {
          "Player1": "Death_Lighter",
          "Player2": "YopopMTG",
          "Result": "1-2-0"
        },
        {
          "Player1": "Thunus",
          "Player2": "F4SE",
          "Result": "0-2-0"
        },
        {
          "Player1": "erojas86",
          "Player2": "NathanOfTheGiltLeaf",
          "Result": "2-0-0"
        },
        {
          "Player1": "NygelV",
          "Player2": "Lightspirit",
          "Result": "0-2-0"
        },
        {
          "Player1": "aspiringspike",
          "Player2": "missflood",
          "Result": "0-2-0"
        },
        {
          "Player1": "Misplacedginger",
          "Player2": "NormanCar",
          "Result": "0-2-0"
        },
        {
          "Player1": "LuckyLuce",
          "Player2": "Nowayh",
          "Result": "2-0-0"
        },
        {
          "Player1": "KingHairy",
          "Player2": "Stiepan90",
          "Result": "0-2-0"
        },
        {
          "Player1": "Corkyboyy",
          "Player2": "IvernOP",
          "Result": "2-0-0"
        },
        {
          "Player1": "dtardif",
          "Player2": "2345678",
          "Result": "0-2-0"
        },
        {
          "Player1": "medvedev",
          "Player2": "timmojay",
          "Result": "2-0-0"
        },
        {
          "Player1": "sokos13",
          "Player2": "Ale_Mtg",
          "Result": "2-0-0"
        },
        {
          "Player1": "josetorr87",
          "Player2": "416FrowningTable",
          "Result": "0-2-0"
        },
        {
          "Player1": "HouseOfManaMTG",
          "Player2": "Spellyp",
          "Result": "2-0-0"
        },
        {
          "Player1": "xRagedFurballx",
          "Player2": "AcerolaOrion",
          "Result": "2-0-0"
        },
        {
          "Player1": "marcofabrizi",
          "Player2": "Prim3Time",
          "Result": "2-0-0"
        },
        {
          "Player1": "kanister",
          "Player2": "Luddrox",
          "Result": "2-0-0"
        },
        {
          "Player1": "Sven745",
          "Player2": "NashEquilibrium1950",
          "Result": "1-2-0"
        },
        {
          "Player1": "bcs8995",
          "Player2": "Cereza",
          "Result": "2-0-0"
        },
        {
          "Player1": "derlumberzack",
          "Player2": "Batz13",
          "Result": "0-2-0"
        },
        {
          "Player1": "MeninoNey",
          "Player2": "Wishful14",
          "Result": "2-0-0"
        },
        {
          "Player1": "klien7",
          "Player2": "532at",
          "Result": "2-0-0"
        },
        {
          "Player1": "LucaAshok",
          "Player2": "acir",
          "Result": "0-2-0"
        },
        {
          "Player1": "moon11",
          "Player2": "peter780108",
          "Result": "2-0-0"
        },
        {
          "Player1": "noodle_boi",
          "Player2": "Javieloide",
          "Result": "0-2-0"
        },
        {
          "Player1": "Sommertroll",
          "Player2": "Marvelman123",
          "Result": "0-2-0"
        },
        {
          "Player1": "rastaf",
          "Player2": "Samcaster-Mage",
          "Result": "0-0-0"
        },
        {
          "Player1": "MATTOMARINAIO",
          "Player2": "Marecki",
          "Result": "0-2-0"
        },
        {
          "Player1": "Drfuzybarrel",
          "Player2": "Doomenstein",
          "Result": "0-2-0"
        },
        {
          "Player1": "manukoka",
          "Player2": "maytwer",
          "Result": "0-2-0"
        },
        {
          "Player1": "jready",
          "Player2": "Xenowan",
          "Result": "0-2-0"
        },
        {
          "Player1": "MayoDominaria",
          "Player2": "eclipse4343",
          "Result": "0-2-0"
        },
        {
          "Player1": "jaiimechuu",
          "Player2": "mikeleee",
          "Result": "0-2-0"
        },
        {
          "Player1": "tibalt_of_red_sub",
          "Player2": "hugofreitas1",
          "Result": "0-2-0"
        }
      ]
    },
    {
      "RoundName": "Round 3",
      "Matches": [
        {
          "Player1": "timmojay",
          "Player2": "532at",
          "Result": "2-0-0"
        },
        {
          "Player1": "erojas86",
          "Player2": "Marmotte_Lambda",
          "Result": "0-2-0"
        },
        {
          "Player1": "eclipse4343",
          "Player2": "acir",
          "Result": "0-0-0"
        },
        {
          "Player1": "Maccaciock",
          "Player2": "Nowayh",
          "Result": "0-2-0"
        },
        {
          "Player1": "Samcaster-Mage",
          "Player2": "Deathmaxx",
          "Result": "0-2-0"
        },
        {
          "Player1": "missflood",
          "Player2": "Okayasu",
          "Result": "2-0-0"
        },
        {
          "Player1": "simoneromarm",
          "Player2": "Ale_Mtg",
          "Result": "0-2-0"
        },
        {
          "Player1": "Drfuzybarrel",
          "Player2": "IvernOP",
          "Result": "2-0-0"
        },
        {
          "Player1": "Batz13",
          "Player2": "Taddy_99",
          "Result": "2-0-0"
        },
        {
          "Player1": "Capitano_CL",
          "Player2": "Marvelman123",
          "Result": "2-0-0"
        },
        {
          "Player1": "MATTOMARINAIO",
          "Player2": "2345678",
          "Result": "0-2-0"
        },
        {
          "Player1": "aspiringspike",
          "Player2": "keyzoo",
          "Result": "2-0-0"
        },
        {
          "Player1": "Stiepan90",
          "Player2": "NashEquilibrium1950",
          "Result": "2-0-0"
        },
        {
          "Player1": "rastaf",
          "Player2": "marcofabrizi",
          "Result": "0-2-0"
        },
        {
          "Player1": "bcs8995",
          "Player2": "MeninoNey",
          "Result": "0-0-0"
        },
        {
          "Player1": "moon11",
          "Player2": "416FrowningTable",
          "Result": "2-0-0"
        },
        {
          "Player1": "Dreddybajs",
          "Player2": "korol",
          "Result": "0-2-0"
        },
        {
          "Player1": "LuckyLuce",
          "Player2": "maytwer",
          "Result": "0-2-0"
        },
        {
          "Player1": "tibalt_of_red_sub",
          "Player2": "Death_Lighter",
          "Result": "2-0-0"
        },
        {
          "Player1": "dtardif",
          "Player2": "Luddrox",
          "Result": "2-0-0"
        },
        {
          "Player1": "HaiNation",
          "Player2": "noodle_boi",
          "Result": "2-0-0"
        },
        {
          "Player1": "Prim3Time",
          "Player2": "_Chamytinho_",
          "Result": "0-2-0"
        },
        {
          "Player1": "hugofreitas1",
          "Player2": "ReanimatorFiend",
          "Result": "2-0-0"
        },
        {
          "Player1": "Misplacedginger",
          "Player2": "F4SE",
          "Result": "2-0-0"
        },
        {
          "Player1": "sokos13",
          "Player2": "klien7",
          "Result": "0-0-0"
        },
        {
          "Player1": "manukoka",
          "Player2": "Erik157751",
          "Result": "0-2-0"
        },
        {
          "Player1": "jaiimechuu",
          "Player2": "Beno04",
          "Result": "0-2-0"
        },
        {
          "Player1": "Doomenstein",
          "Player2": "YopopMTG",
          "Result": "2-0-0"
        },
        {
          "Player1": "Mistakenn",
          "Player2": "NormanCar",
          "Result": "2-0-0"
        },
        {
          "Player1": "LucaAshok",
          "Player2": "abracokes",
          "Result": "0-2-0"
        },
        {
          "Player1": "draco09",
          "Player2": "Spellyp",
          "Result": "0-2-0"
        },
        {
          "Player1": "Cereza",
          "Player2": "Thunus",
          "Result": "0-2-0"
        },
        {
          "Player1": "peter780108",
          "Player2": "mikeleee",
          "Result": "2-0-0"
        },
        {
          "Player1": "Xenowan",
          "Player2": "Lightspirit",
          "Result": "0-0-0"
        },
        {
          "Player1": "kanister",
          "Player2": "josetorr87",
          "Result": "0-0-0"
        },
        {
          "Player1": "NygelV",
          "Player2": "MC_amp2267",
          "Result": "2-0-0"
        },
        {
          "Player1": "jready",
          "Player2": "Javieloide",
          "Result": "2-0-0"
        },
        {
          "Player1": "medvedev",
          "Player2": "chagu",
          "Result": "2-0-0"
        },
        {
          "Player1": "Corkyboyy",
          "Player2": "Sven745",
          "Result": "2-0-0"
        },
        {
          "Player1": "xRagedFurballx",
          "Player2": "HouseOfManaMTG",
          "Result": "0-0-0"
        },
        {
          "Player1": "Drugo",
          "Player2": "Marecki",
          "Result": "2-0-0"
        }
      ]
    },
    {
      "RoundName": "Round 4",
      "Matches": [
        {
          "Player1": "tibalt_of_red_sub",
          "Player2": "HaiNation",
          "Result": "2-0-0"
        },
        {
          "Player1": "eclipse4343",
          "Player2": "Beno04",
          "Result": "2-0-0"
        },
        {
          "Player1": "Maccaciock",
          "Player2": "Sven745",
          "Result": "2-0-0"
        },
        {
          "Player1": "Death_Lighter",
          "Player2": "Luddrox",
          "Result": "0-2-0"
        },
        {
          "Player1": "rastaf",
          "Player2": "Marecki",
          "Result": "2-0-0"
        },
        {
          "Player1": "kanister",
          "Player2": "Nowayh",
          "Result": "0-0-0"
        },
        {
          "Player1": "klien7",
          "Player2": "Batz13",
          "Result": "2-0-0"
        },
        {
          "Player1": "Drfuzybarrel",
          "Player2": "Javieloide",
          "Result": "0-2-0"
        },
        {
          "Player1": "simoneromarm",
          "Player2": "YopopMTG",
          "Result": "0-2-0"
        },
        {
          "Player1": "MATTOMARINAIO",
          "Player2": "Spellyp",
          "Result": "0-2-0"
        },
        {
          "Player1": "Marvelman123",
          "Player2": "keyzoo",
          "Result": "2-0-0"
        },
        {
          "Player1": "peter780108",
          "Player2": "Deathmaxx",
          "Result": "0-2-0"
        },
        {
          "Player1": "jready",
          "Player2": "timmojay",
          "Result": "0-2-0"
        },
        {
          "Player1": "josetorr87",
          "Player2": "Prim3Time",
          "Result": "2-0-0"
        },
        {
          "Player1": "aspiringspike",
          "Player2": "Corkyboyy",
          "Result": "2-0-0"
        },
        {
          "Player1": "416FrowningTable",
          "Player2": "Doomenstein",
          "Result": "0-2-0"
        },
        {
          "Player1": "moon11",
          "Player2": "Lightspirit",
          "Result": "2-0-0"
        },
        {
          "Player1": "jaiimechuu",
          "Player2": "532at",
          "Result": "0-2-0"
        },
        {
          "Player1": "ReanimatorFiend",
          "Player2": "Thunus",
          "Result": "0-2-0"
        },
        {
          "Player1": "LuckyLuce",
          "Player2": "chagu",
          "Result": "2-0-0"
        },
        {
          "Player1": "Mistakenn",
          "Player2": "missflood",
          "Result": "2-0-0"
        },
        {
          "Player1": "Capitano_CL",
          "Player2": "Ale_Mtg",
          "Result": "2-0-0"
        },
        {
          "Player1": "Samcaster-Mage",
          "Player2": "Taddy_99",
          "Result": "2-0-0"
        },
        {
          "Player1": "LucaAshok",
          "Player2": "noodle_boi",
          "Result": "2-0-0"
        },
        {
          "Player1": "mikeleee",
          "Player2": "Stiepan90",
          "Result": "2-0-0"
        },
        {
          "Player1": "HouseOfManaMTG",
          "Player2": "Okayasu",
          "Result": "2-0-0"
        },
        {
          "Player1": "Erik157751",
          "Player2": "NashEquilibrium1950",
          "Result": "2-0-0"
        },
        {
          "Player1": "dtardif",
          "Player2": "abracokes",
          "Result": "2-0-0"
        },
        {
          "Player1": "sokos13",
          "Player2": "Drugo",
          "Result": "0-2-0"
        },
        {
          "Player1": "Misplacedginger",
          "Player2": "Xenowan",
          "Result": "0-2-0"
        },
        {
          "Player1": "bcs8995",
          "Player2": "Marmotte_Lambda",
          "Result": "0-2-0"
        },
        {
          "Player1": "_Chamytinho_",
          "Player2": "hugofreitas1",
          "Result": "2-0-0"
        },
        {
          "Player1": "erojas86",
          "Player2": "xRagedFurballx",
          "Result": "0-2-0"
        },
        {
          "Player1": "manukoka",
          "Player2": "MeninoNey",
          "Result": "0-2-0"
        },
        {
          "Player1": "Dreddybajs",
          "Player2": "NygelV",
          "Result": "0-2-0"
        },
        {
          "Player1": "2345678",
          "Player2": "NormanCar",
          "Result": "0-2-0"
        },
        {
          "Player1": "medvedev",
          "Player2": "korol",
          "Result": "0-2-0"
        },
        {
          "Player1": "marcofabrizi",
          "Player2": "maytwer",
          "Result": "0-2-0"
        },
        {
          "Player1": "acir",
          "Player2": "F4SE",
          "Result": "0-2-0"
        }
      ]
    },
    {
      "RoundName": "Round 5",
      "Matches": [
        {
          "Player1": "acir",
          "Player2": "abracokes",
          "Result": "2-0-0"
        },
        {
          "Player1": "aspiringspike",
          "Player2": "Erik157751",
          "Result": "2-0-0"
        },
        {
          "Player1": "missflood",
          "Player2": "_Chamytinho_",
          "Result": "0-0-0"
        },
        {
          "Player1": "LucaAshok",
          "Player2": "MATTOMARINAIO",
          "Result": "0-2-0"
        },
        {
          "Player1": "rastaf",
          "Player2": "eclipse4343",
          "Result": "0-0-0"
        },
        {
          "Player1": "jready",
          "Player2": "kanister",
          "Result": "2-0-0"
        },
        {
          "Player1": "Javieloide",
          "Player2": "chagu",
          "Result": "2-0-0"
        },
        {
          "Player1": "Xenowan",
          "Player2": "HouseOfManaMTG",
          "Result": "0-2-0"
        },
        {
          "Player1": "tibalt_of_red_sub",
          "Player2": "532at",
          "Result": "2-0-0"
        },
        {
          "Player1": "manukoka",
          "Player2": "simoneromarm",
          "Result": "0-2-0"
        },
        {
          "Player1": "dtardif",
          "Player2": "Marvelman123",
          "Result": "0-2-0"
        },
        {
          "Player1": "erojas86",
          "Player2": "Taddy_99",
          "Result": "0-2-0"
        },
        {
          "Player1": "Ale_Mtg",
          "Player2": "Thunus",
          "Result": "0-2-0"
        },
        {
          "Player1": "Corkyboyy",
          "Player2": "Spellyp",
          "Result": "2-0-0"
        },
        {
          "Player1": "Nowayh",
          "Player2": "MeninoNey",
          "Result": "2-0-0"
        },
        {
          "Player1": "sokos13",
          "Player2": "mikeleee",
          "Result": "0-2-0"
        },
        {
          "Player1": "LuckyLuce",
          "Player2": "Deathmaxx",
          "Result": "0-2-0"
        },
        {
          "Player1": "medvedev",
          "Player2": "Drugo",
          "Result": "0-2-0"
        },
        {
          "Player1": "Stiepan90",
          "Player2": "Lightspirit",
          "Result": "0-2-0"
        },
        {
          "Player1": "2345678",
          "Player2": "Beno04",
          "Result": "2-0-0"
        },
        {
          "Player1": "Okayasu",
          "Player2": "YopopMTG",
          "Result": "0-2-0"
        },
        {
          "Player1": "Dreddybajs",
          "Player2": "Samcaster-Mage",
          "Result": "0-2-0"
        },
        {
          "Player1": "klien7",
          "Player2": "Marmotte_Lambda",
          "Result": "2-0-0"
        },
        {
          "Player1": "Doomenstein",
          "Player2": "NygelV",
          "Result": "2-0-0"
        },
        {
          "Player1": "Capitano_CL",
          "Player2": "timmojay",
          "Result": "2-0-0"
        },
        {
          "Player1": "keyzoo",
          "Player2": "Luddrox",
          "Result": "0-2-0"
        },
        {
          "Player1": "Maccaciock",
          "Player2": "josetorr87",
          "Result": "2-0-0"
        },
        {
          "Player1": "Death_Lighter",
          "Player2": "ReanimatorFiend",
          "Result": "0-2-0"
        },
        {
          "Player1": "marcofabrizi",
          "Player2": "NormanCar",
          "Result": "0-2-0"
        },
        {
          "Player1": "xRagedFurballx",
          "Player2": "F4SE",
          "Result": "0-2-0"
        },
        {
          "Player1": "Mistakenn",
          "Player2": "korol",
          "Result": "2-0-0"
        },
        {
          "Player1": "peter780108",
          "Player2": "hugofreitas1",
          "Result": "2-0-0"
        },
        {
          "Player1": "moon11",
          "Player2": "maytwer",
          "Result": "2-0-0"
        }
      ]
    },
    {
      "RoundName": "Round 6",
      "Matches": [
        {
          "Player1": "rastaf",
          "Player2": "Erik157751",
          "Result": "0-2-0"
        },
        {
          "Player1": "xRagedFurballx",
          "Player2": "ReanimatorFiend",
          "Result": "0-2-0"
        },
        {
          "Player1": "peter780108",
          "Player2": "Luddrox",
          "Result": "0-2-0"
        },
        {
          "Player1": "mikeleee",
          "Player2": "Nowayh",
          "Result": "0-2-0"
        },
        {
          "Player1": "keyzoo",
          "Player2": "acir",
          "Result": "0-2-0"
        },
        {
          "Player1": "Doomenstein",
          "Player2": "Deathmaxx",
          "Result": "2-0-0"
        },
        {
          "Player1": "medvedev",
          "Player2": "2345678",
          "Result": "0-2-0"
        },
        {
          "Player1": "manukoka",
          "Player2": "Death_Lighter",
          "Result": "2-0-0"
        },
        {
          "Player1": "NygelV",
          "Player2": "Marmotte_Lambda",
          "Result": "2-0-0"
        },
        {
          "Player1": "moon11",
          "Player2": "_Chamytinho_",
          "Result": "2-0-0"
        },
        {
          "Player1": "klien7",
          "Player2": "korol",
          "Result": "0-2-0"
        },
        {
          "Player1": "Corkyboyy",
          "Player2": "Thunus",
          "Result": "2-0-0"
        },
        {
          "Player1": "Xenowan",
          "Player2": "Marvelman123",
          "Result": "0-2-0"
        },
        {
          "Player1": "jready",
          "Player2": "missflood",
          "Result": "1-2-0"
        },
        {
          "Player1": "LucaAshok",
          "Player2": "erojas86",
          "Result": "0-0-0"
        },
        {
          "Player1": "Javieloide",
          "Player2": "F4SE",
          "Result": "0-2-0"
        },
        {
          "Player1": "sokos13",
          "Player2": "tibalt_of_red_sub",
          "Result": "2-0-0"
        },
        {
          "Player1": "Maccaciock",
          "Player2": "marcofabrizi",
          "Result": "2-0-0"
        },
        {
          "Player1": "Beno04",
          "Player2": "chagu",
          "Result": "0-2-0"
        },
        {
          "Player1": "Stiepan90",
          "Player2": "YopopMTG",
          "Result": "0-2-0"
        },
        {
          "Player1": "maytwer",
          "Player2": "Lightspirit",
          "Result": "2-0-0"
        },
        {
          "Player1": "Capitano_CL",
          "Player2": "HouseOfManaMTG",
          "Result": "0-2-0"
        },
        {
          "Player1": "aspiringspike",
          "Player2": "eclipse4343",
          "Result": "0-2-0"
        },
        {
          "Player1": "LuckyLuce",
          "Player2": "NormanCar",
          "Result": "2-1-0"
        },
        {
          "Player1": "MATTOMARINAIO",
          "Player2": "Taddy_99",
          "Result": "0-2-0"
        },
        {
          "Player1": "hugofreitas1",
          "Player2": "simoneromarm",
          "Result": "2-0-0"
        },
        {
          "Player1": "Mistakenn",
          "Player2": "Drugo",
          "Result": "0-2-0"
        },
        {
          "Player1": "Samcaster-Mage",
          "Player2": "timmojay",
          "Result": "0-0-0"
        }
      ]
    },
    {
      "RoundName": "Round 7",
      "Matches": [
        {
          "Player1": "aspiringspike",
          "Player2": "2345678",
          "Result": "0-0-0"
        },
        {
          "Player1": "maytwer",
          "Player2": "korol",
          "Result": "0-2-0"
        },
        {
          "Player1": "Marvelman123",
          "Player2": "Stiepan90",
          "Result": "2-0-0"
        },
        {
          "Player1": "Maccaciock",
          "Player2": "_Chamytinho_",
          "Result": "2-0-0"
        },
        {
          "Player1": "Mistakenn",
          "Player2": "eclipse4343",
          "Result": "0-2-0"
        },
        {
          "Player1": "Doomenstein",
          "Player2": "HouseOfManaMTG",
          "Result": "0-0-0"
        },
        {
          "Player1": "erojas86",
          "Player2": "keyzoo",
          "Result": "0-2-0"
        },
        {
          "Player1": "moon11",
          "Player2": "Drugo",
          "Result": "0-2-0"
        },
        {
          "Player1": "Erik157751",
          "Player2": "Deathmaxx",
          "Result": "0-2-0"
        },
        {
          "Player1": "LuckyLuce",
          "Player2": "missflood",
          "Result": "0-2-0"
        },
        {
          "Player1": "timmojay",
          "Player2": "acir",
          "Result": "0-2-0"
        },
        {
          "Player1": "rastaf",
          "Player2": "Javieloide",
          "Result": "0-0-0"
        },
        {
          "Player1": "medvedev",
          "Player2": "peter780108",
          "Result": "0-2-0"
        },
        {
          "Player1": "Thunus",
          "Player2": "chagu",
          "Result": "0-2-0"
        },
        {
          "Player1": "Capitano_CL",
          "Player2": "Lightspirit",
          "Result": "2-0-0"
        },
        {
          "Player1": "sokos13",
          "Player2": "YopopMTG",
          "Result": "2-0-0"
        },
        {
          "Player1": "hugofreitas1",
          "Player2": "Taddy_99",
          "Result": "2-0-0"
        },
        {
          "Player1": "tibalt_of_red_sub",
          "Player2": "Marmotte_Lambda",
          "Result": "0-2-0"
        },
        {
          "Player1": "F4SE",
          "Player2": "NormanCar",
          "Result": "0-2-0"
        },
        {
          "Player1": "NygelV",
          "Player2": "mikeleee",
          "Result": "0-2-0"
        },
        {
          "Player1": "klien7",
          "Player2": "Corkyboyy",
          "Result": "2-0-0"
        },
        {
          "Player1": "Samcaster-Mage",
          "Player2": "Nowayh",
          "Result": "2-0-0"
        },
        {
          "Player1": "xRagedFurballx",
          "Player2": "simoneromarm",
          "Result": "2-0-0"
        },
        {
          "Player1": "LucaAshok",
          "Player2": "Beno04",
          "Result": "2-0-0"
        },
        {
          "Player1": "ReanimatorFiend",
          "Player2": "Luddrox",
          "Result": "2-0-0"
        }
      ]
    },
    {
      "RoundName": "Round 8",
      "Matches": [
        {
          "Player1": "sokos13",
          "Player2": "moon11",
          "Result": "2-0-0"
        },
        {
          "Player1": "HouseOfManaMTG",
          "Player2": "eclipse4343",
          "Result": "2-0-0"
        },
        {
          "Player1": "Mistakenn",
          "Player2": "korol",
          "Result": "0-0-0"
        },
        {
          "Player1": "missflood",
          "Player2": "Drugo",
          "Result": "0-2-0"
        }
      ]
    },
    {
      "RoundName": "Round 9",
      "Matches": [
        {
          "Player1": "sokos13",
          "Player2": "Mistakenn",
          "Result": "0-2-0"
        },
        {
          "Player1": "HouseOfManaMTG",
          "Player2": "Drugo",
          "Result": "0-2-0"
        }
      ]
    },
    {
      "RoundName": "Round 10",
      "Matches": [
        {
          "Player1": "Mistakenn",
          "Player2": "Drugo",
          "Result": "0-2-0"
        }
      ]
    }
  ],
  "Standings": [
    {
      "Rank": 92,
      "Player": "draco09",
      "Points": 0,
      "Wins": 0,
      "Losses": 0,
      "Draws": 0,
      "OMWP": 0.3556,
      "GWP": 0.25,
      "OGWP": 0.42340000000000005
    },
    {
      "Rank": 91,
      "Player": "IvernOP",
      "Points": 0,
      "Wins": 0,
      "Losses": 0,
      "Draws": 0,
      "OMWP": 0.4127,
      "GWP": 0.25,
      "OGWP": 0.39770000000000005
    },
    {
      "Rank": 90,
      "Player": "noodle_boi",
      "Points": 0,
      "Wins": 0,
      "Losses": 0,
      "Draws": 0,
      "OMWP": 0.4167,
      "GWP": 0.11109999999999999,
      "OGWP": 0.447
    },
    {
      "Rank": 89,
      "Player": "NathanOfTheGiltLeaf",
      "Points": 0,
      "Wins": 0,
      "Losses": 0,
      "Draws": 0,
      "OMWP": 0.4167,
      "GWP": 0.2,
      "OGWP": 0.4
    },
    {
      "Rank": 88,
      "Player": "Wishful14",
      "Points": 0,
      "Wins": 0,
      "Losses": 0,
      "Draws": 0,
      "OMWP": 0.45,
      "GWP": 0,
      "OGWP": 0.5
    },
    {
      "Rank": 87,
      "Player": "Death_Lighter",
      "Points": 0,
      "Wins": 0,
      "Losses": 0,
      "Draws": 0,
      "OMWP": 0.4556,
      "GWP": 0.3333,
      "OGWP": 0.44520000000000004
    },
    {
      "Rank": 86,
      "Player": "derlumberzack",
      "Points": 0,
      "Wins": 0,
      "Losses": 0,
      "Draws": 0,
      "OMWP": 0.4643,
      "GWP": 0,
      "OGWP": 0.5
    },
    {
      "Rank": 85,
      "Player": "AcerolaOrion",
      "Points": 0,
      "Wins": 0,
      "Losses": 0,
      "Draws": 0,
      "OMWP": 0.4643,
      "GWP": 0,
      "OGWP": 0.5314
    },
    {
      "Rank": 84,
      "Player": "fudgems",
      "Points": 0,
      "Wins": 0,
      "Losses": 0,
      "Draws": 0,
      "OMWP": 0.5238,
      "GWP": 0,
      "OGWP": 0.49310000000000004
    },
    {
      "Rank": 83,
      "Player": "Poderosisimo",
      "Points": 0,
      "Wins": 0,
      "Losses": 0,
      "Draws": 0,
      "OMWP": 0.5238,
      "GWP": 0.2,
      "OGWP": 0.4722
    },
    {
      "Rank": 82,
      "Player": "Cereza",
      "Points": 0,
      "Wins": 0,
      "Losses": 0,
      "Draws": 0,
      "OMWP": 0.5476,
      "GWP": 0,
      "OGWP": 0.5489999999999999
    },
    {
      "Rank": 81,
      "Player": "wallofspikes",
      "Points": 0,
      "Wins": 0,
      "Losses": 0,
      "Draws": 0,
      "OMWP": 0.6429,
      "GWP": 0.3333,
      "OGWP": 0.5867
    },
    {
      "Rank": 80,
      "Player": "Sommertroll",
      "Points": 0,
      "Wins": 0,
      "Losses": 0,
      "Draws": 0,
      "OMWP": 0.7143,
      "GWP": 0.2,
      "OGWP": 0.6283
    },
    {
      "Rank": 79,
      "Player": "MayoDominaria",
      "Points": 0,
      "Wins": 0,
      "Losses": 0,
      "Draws": 0,
      "OMWP": 0.7143,
      "GWP": 0.2,
      "OGWP": 0.6424
    },
    {
      "Rank": 78,
      "Player": "KingHairy",
      "Points": 3,
      "Wins": 0,
      "Losses": 0,
      "Draws": 0,
      "OMWP": 0.381,
      "GWP": 0.5,
      "OGWP": 0.3725
    },
    {
      "Rank": 77,
      "Player": "erojas86",
      "Points": 3,
      "Wins": 0,
      "Losses": 0,
      "Draws": 0,
      "OMWP": 0.4082,
      "GWP": 0.2353,
      "OGWP": 0.4349
    },
    {
      "Rank": 76,
      "Player": "abracokes",
      "Points": 3,
      "Wins": 0,
      "Losses": 0,
      "Draws": 0,
      "OMWP": 0.4267,
      "GWP": 0.3333,
      "OGWP": 0.4593
    },
    {
      "Rank": 75,
      "Player": "Prim3Time",
      "Points": 3,
      "Wins": 0,
      "Losses": 0,
      "Draws": 0,
      "OMWP": 0.4512,
      "GWP": 0.4545,
      "OGWP": 0.4409
    },
    {
      "Rank": 74,
      "Player": "MC_amp2267",
      "Points": 3,
      "Wins": 0,
      "Losses": 0,
      "Draws": 0,
      "OMWP": 0.4683,
      "GWP": 0.375,
      "OGWP": 0.485
    },
    {
      "Rank": 73,
      "Player": "jaiimechuu",
      "Points": 3,
      "Wins": 0,
      "Losses": 0,
      "Draws": 0,
      "OMWP": 0.5047999999999999,
      "GWP": 0.39390000000000003,
      "OGWP": 0.48340000000000005
    },
    {
      "Rank": 72,
      "Player": "Sven745",
      "Points": 3,
      "Wins": 0,
      "Losses": 0,
      "Draws": 0,
      "OMWP": 0.5297999999999999,
      "GWP": 0.3,
      "OGWP": 0.5232
    },
    {
      "Rank": 71,
      "Player": "Drfuzybarrel",
      "Points": 3,
      "Wins": 0,
      "Losses": 0,
      "Draws": 0,
      "OMWP": 0.5832999999999999,
      "GWP": 0.25,
      "OGWP": 0.5412
    },
    {
      "Rank": 70,
      "Player": "HaiNation",
      "Points": 3,
      "Wins": 0,
      "Losses": 0,
      "Draws": 0,
      "OMWP": 0.619,
      "GWP": 0.25,
      "OGWP": 0.5851
    },
    {
      "Rank": 69,
      "Player": "NashEquilibrium1950",
      "Points": 6,
      "Wins": 0,
      "Losses": 0,
      "Draws": 0,
      "OMWP": 0.44049999999999995,
      "GWP": 0.5455,
      "OGWP": 0.4165
    },
    {
      "Rank": 68,
      "Player": "manukoka",
      "Points": 6,
      "Wins": 0,
      "Losses": 0,
      "Draws": 0,
      "OMWP": 0.4476,
      "GWP": 0.2857,
      "OGWP": 0.4421
    },
    {
      "Rank": 67,
      "Player": "532at",
      "Points": 6,
      "Wins": 0,
      "Losses": 0,
      "Draws": 0,
      "OMWP": 0.4476,
      "GWP": 0.4167,
      "OGWP": 0.4736
    },
    {
      "Rank": 66,
      "Player": "MATTOMARINAIO",
      "Points": 6,
      "Wins": 0,
      "Losses": 0,
      "Draws": 0,
      "OMWP": 0.4675,
      "GWP": 0.4286,
      "OGWP": 0.4764
    },
    {
      "Rank": 65,
      "Player": "bcs8995",
      "Points": 6,
      "Wins": 0,
      "Losses": 0,
      "Draws": 0,
      "OMWP": 0.469,
      "GWP": 0.44439999999999996,
      "OGWP": 0.4854
    },
    {
      "Rank": 64,
      "Player": "simoneromarm",
      "Points": 6,
      "Wins": 0,
      "Losses": 0,
      "Draws": 0,
      "OMWP": 0.4789,
      "GWP": 0.375,
      "OGWP": 0.4828
    },
    {
      "Rank": 63,
      "Player": "kanister",
      "Points": 6,
      "Wins": 0,
      "Losses": 0,
      "Draws": 0,
      "OMWP": 0.4943,
      "GWP": 0.4667,
      "OGWP": 0.4789
    },
    {
      "Rank": 62,
      "Player": "keyzoo",
      "Points": 6,
      "Wins": 0,
      "Losses": 0,
      "Draws": 0,
      "OMWP": 0.5034000000000001,
      "GWP": 0.3889,
      "OGWP": 0.46509999999999996
    },
    {
      "Rank": 61,
      "Player": "Batz13",
      "Points": 6,
      "Wins": 0,
      "Losses": 0,
      "Draws": 0,
      "OMWP": 0.5119,
      "GWP": 0.5,
      "OGWP": 0.5082
    },
    {
      "Rank": 60,
      "Player": "MeninoNey",
      "Points": 6,
      "Wins": 0,
      "Losses": 0,
      "Draws": 0,
      "OMWP": 0.519,
      "GWP": 0.5,
      "OGWP": 0.4708
    },
    {
      "Rank": 59,
      "Player": "dtardif",
      "Points": 6,
      "Wins": 0,
      "Losses": 0,
      "Draws": 0,
      "OMWP": 0.5524,
      "GWP": 0.4286,
      "OGWP": 0.5224
    },
    {
      "Rank": 58,
      "Player": "josetorr87",
      "Points": 6,
      "Wins": 0,
      "Losses": 0,
      "Draws": 0,
      "OMWP": 0.561,
      "GWP": 0.3846,
      "OGWP": 0.5661999999999999
    },
    {
      "Rank": 57,
      "Player": "Ale_Mtg",
      "Points": 6,
      "Wins": 0,
      "Losses": 0,
      "Draws": 0,
      "OMWP": 0.581,
      "GWP": 0.46149999999999997,
      "OGWP": 0.5535
    },
    {
      "Rank": 56,
      "Player": "Okayasu",
      "Points": 6,
      "Wins": 0,
      "Losses": 0,
      "Draws": 0,
      "OMWP": 0.581,
      "GWP": 0.5385,
      "OGWP": 0.5088
    },
    {
      "Rank": 55,
      "Player": "Marecki",
      "Points": 6,
      "Wins": 0,
      "Losses": 0,
      "Draws": 0,
      "OMWP": 0.5832999999999999,
      "GWP": 0.5,
      "OGWP": 0.5915
    },
    {
      "Rank": 54,
      "Player": "Spellyp",
      "Points": 6,
      "Wins": 0,
      "Losses": 0,
      "Draws": 0,
      "OMWP": 0.5905,
      "GWP": 0.4667,
      "OGWP": 0.514
    },
    {
      "Rank": 53,
      "Player": "Beno04",
      "Points": 6,
      "Wins": 0,
      "Losses": 0,
      "Draws": 0,
      "OMWP": 0.6053999999999999,
      "GWP": 0.3519,
      "OGWP": 0.5626
    },
    {
      "Rank": 52,
      "Player": "Misplacedginger",
      "Points": 6,
      "Wins": 0,
      "Losses": 0,
      "Draws": 0,
      "OMWP": 0.625,
      "GWP": 0.4545,
      "OGWP": 0.5936
    },
    {
      "Rank": 51,
      "Player": "Dreddybajs",
      "Points": 6,
      "Wins": 0,
      "Losses": 0,
      "Draws": 0,
      "OMWP": 0.6570999999999999,
      "GWP": 0.3846,
      "OGWP": 0.5838
    },
    {
      "Rank": 50,
      "Player": "416FrowningTable",
      "Points": 6,
      "Wins": 0,
      "Losses": 0,
      "Draws": 0,
      "OMWP": 0.6714,
      "GWP": 0.5,
      "OGWP": 0.5647
    },
    {
      "Rank": 49,
      "Player": "LucaAshok",
      "Points": 9,
      "Wins": 0,
      "Losses": 0,
      "Draws": 0,
      "OMWP": 0.4218,
      "GWP": 0.4667,
      "OGWP": 0.4047
    },
    {
      "Rank": 48,
      "Player": "Luddrox",
      "Points": 9,
      "Wins": 0,
      "Losses": 0,
      "Draws": 0,
      "OMWP": 0.44420000000000004,
      "GWP": 0.4211,
      "OGWP": 0.4556
    },
    {
      "Rank": 47,
      "Player": "Taddy_99",
      "Points": 9,
      "Wins": 0,
      "Losses": 0,
      "Draws": 0,
      "OMWP": 0.4646,
      "GWP": 0.44439999999999996,
      "OGWP": 0.4925
    },
    {
      "Rank": 46,
      "Player": "xRagedFurballx",
      "Points": 9,
      "Wins": 0,
      "Losses": 0,
      "Draws": 0,
      "OMWP": 0.48979999999999996,
      "GWP": 0.5294,
      "OGWP": 0.4496
    },
    {
      "Rank": 45,
      "Player": "jready",
      "Points": 9,
      "Wins": 0,
      "Losses": 0,
      "Draws": 0,
      "OMWP": 0.4913,
      "GWP": 0.5333,
      "OGWP": 0.5028
    },
    {
      "Rank": 44,
      "Player": "tibalt_of_red_sub",
      "Points": 9,
      "Wins": 0,
      "Losses": 0,
      "Draws": 0,
      "OMWP": 0.4993,
      "GWP": 0.44439999999999996,
      "OGWP": 0.4639
    },
    {
      "Rank": 43,
      "Player": "marcofabrizi",
      "Points": 9,
      "Wins": 0,
      "Losses": 0,
      "Draws": 0,
      "OMWP": 0.5397,
      "GWP": 0.4667,
      "OGWP": 0.5389
    },
    {
      "Rank": 42,
      "Player": "Thunus",
      "Points": 9,
      "Wins": 0,
      "Losses": 0,
      "Draws": 0,
      "OMWP": 0.5537,
      "GWP": 0.5556,
      "OGWP": 0.5022
    },
    {
      "Rank": 41,
      "Player": "Stiepan90",
      "Points": 9,
      "Wins": 0,
      "Losses": 0,
      "Draws": 0,
      "OMWP": 0.5714,
      "GWP": 0.4118,
      "OGWP": 0.5688
    },
    {
      "Rank": 40,
      "Player": "timmojay",
      "Points": 9,
      "Wins": 0,
      "Losses": 0,
      "Draws": 0,
      "OMWP": 0.5776,
      "GWP": 0.5294,
      "OGWP": 0.5438000000000001
    },
    {
      "Rank": 39,
      "Player": "rastaf",
      "Points": 9,
      "Wins": 0,
      "Losses": 0,
      "Draws": 0,
      "OMWP": 0.5782,
      "GWP": 0.5,
      "OGWP": 0.5257999999999999
    },
    {
      "Rank": 38,
      "Player": "Xenowan",
      "Points": 9,
      "Wins": 0,
      "Losses": 0,
      "Draws": 0,
      "OMWP": 0.5794,
      "GWP": 0.5333,
      "OGWP": 0.5288
    },
    {
      "Rank": 37,
      "Player": "medvedev",
      "Points": 9,
      "Wins": 0,
      "Losses": 0,
      "Draws": 0,
      "OMWP": 0.6735,
      "GWP": 0.5,
      "OGWP": 0.6002000000000001
    },
    {
      "Rank": 36,
      "Player": "Javieloide",
      "Points": 12,
      "Wins": 0,
      "Losses": 0,
      "Draws": 0,
      "OMWP": 0.4388,
      "GWP": 0.5333,
      "OGWP": 0.4509
    },
    {
      "Rank": 35,
      "Player": "Corkyboyy",
      "Points": 12,
      "Wins": 0,
      "Losses": 0,
      "Draws": 0,
      "OMWP": 0.45439999999999997,
      "GWP": 0.5263,
      "OGWP": 0.4718
    },
    {
      "Rank": 34,
      "Player": "acir",
      "Points": 12,
      "Wins": 0,
      "Losses": 0,
      "Draws": 0,
      "OMWP": 0.483,
      "GWP": 0.47369999999999995,
      "OGWP": 0.5004
    },
    {
      "Rank": 33,
      "Player": "Erik157751",
      "Points": 12,
      "Wins": 0,
      "Losses": 0,
      "Draws": 0,
      "OMWP": 0.4932,
      "GWP": 0.5,
      "OGWP": 0.49670000000000003
    },
    {
      "Rank": 32,
      "Player": "ReanimatorFiend",
      "Points": 12,
      "Wins": 0,
      "Losses": 0,
      "Draws": 0,
      "OMWP": 0.4966,
      "GWP": 0.5,
      "OGWP": 0.4985
    },
    {
      "Rank": 31,
      "Player": "hugofreitas1",
      "Points": 12,
      "Wins": 0,
      "Losses": 0,
      "Draws": 0,
      "OMWP": 0.4966,
      "GWP": 0.5556,
      "OGWP": 0.4855
    },
    {
      "Rank": 30,
      "Player": "Marmotte_Lambda",
      "Points": 12,
      "Wins": 0,
      "Losses": 0,
      "Draws": 0,
      "OMWP": 0.5027,
      "GWP": 0.5294,
      "OGWP": 0.4882
    },
    {
      "Rank": 29,
      "Player": "chagu",
      "Points": 12,
      "Wins": 0,
      "Losses": 0,
      "Draws": 0,
      "OMWP": 0.517,
      "GWP": 0.5,
      "OGWP": 0.5216
    },
    {
      "Rank": 28,
      "Player": "YopopMTG",
      "Points": 12,
      "Wins": 0,
      "Losses": 0,
      "Draws": 0,
      "OMWP": 0.5196999999999999,
      "GWP": 0.5556,
      "OGWP": 0.49920000000000003
    },
    {
      "Rank": 27,
      "Player": "F4SE",
      "Points": 12,
      "Wins": 0,
      "Losses": 0,
      "Draws": 0,
      "OMWP": 0.5306000000000001,
      "GWP": 0.5625,
      "OGWP": 0.5277000000000001
    },
    {
      "Rank": 26,
      "Player": "NygelV",
      "Points": 12,
      "Wins": 0,
      "Losses": 0,
      "Draws": 0,
      "OMWP": 0.5740999999999999,
      "GWP": 0.5882000000000001,
      "OGWP": 0.5468
    },
    {
      "Rank": 25,
      "Player": "peter780108",
      "Points": 12,
      "Wins": 0,
      "Losses": 0,
      "Draws": 0,
      "OMWP": 0.5782,
      "GWP": 0.5263,
      "OGWP": 0.5315
    },
    {
      "Rank": 24,
      "Player": "aspiringspike",
      "Points": 12,
      "Wins": 0,
      "Losses": 0,
      "Draws": 0,
      "OMWP": 0.585,
      "GWP": 0.5625,
      "OGWP": 0.5281
    },
    {
      "Rank": 23,
      "Player": "Lightspirit",
      "Points": 12,
      "Wins": 0,
      "Losses": 0,
      "Draws": 0,
      "OMWP": 0.6122,
      "GWP": 0.5882000000000001,
      "OGWP": 0.5553
    },
    {
      "Rank": 22,
      "Player": "_Chamytinho_",
      "Points": 12,
      "Wins": 0,
      "Losses": 0,
      "Draws": 0,
      "OMWP": 0.6293,
      "GWP": 0.5789,
      "OGWP": 0.5682
    },
    {
      "Rank": 21,
      "Player": "LuckyLuce",
      "Points": 12,
      "Wins": 0,
      "Losses": 0,
      "Draws": 0,
      "OMWP": 0.649,
      "GWP": 0.5789,
      "OGWP": 0.5748
    },
    {
      "Rank": 20,
      "Player": "2345678",
      "Points": 15,
      "Wins": 0,
      "Losses": 0,
      "Draws": 0,
      "OMWP": 0.4585,
      "GWP": 0.6470999999999999,
      "OGWP": 0.4926
    },
    {
      "Rank": 19,
      "Player": "Marvelman123",
      "Points": 15,
      "Wins": 0,
      "Losses": 0,
      "Draws": 0,
      "OMWP": 0.46869999999999995,
      "GWP": 0.6315999999999999,
      "OGWP": 0.4581
    },
    {
      "Rank": 18,
      "Player": "Maccaciock",
      "Points": 15,
      "Wins": 0,
      "Losses": 0,
      "Draws": 0,
      "OMWP": 0.4891,
      "GWP": 0.6875,
      "OGWP": 0.47090000000000004
    },
    {
      "Rank": 17,
      "Player": "Samcaster-Mage",
      "Points": 15,
      "Wins": 0,
      "Losses": 0,
      "Draws": 0,
      "OMWP": 0.4925,
      "GWP": 0.625,
      "OGWP": 0.4929
    },
    {
      "Rank": 16,
      "Player": "mikeleee",
      "Points": 15,
      "Wins": 0,
      "Losses": 0,
      "Draws": 0,
      "OMWP": 0.5333,
      "GWP": 0.6315999999999999,
      "OGWP": 0.5158
    },
    {
      "Rank": 15,
      "Player": "Capitano_CL",
      "Points": 15,
      "Wins": 0,
      "Losses": 0,
      "Draws": 0,
      "OMWP": 0.5435,
      "GWP": 0.6111,
      "OGWP": 0.5251
    },
    {
      "Rank": 14,
      "Player": "Nowayh",
      "Points": 15,
      "Wins": 0,
      "Losses": 0,
      "Draws": 0,
      "OMWP": 0.5497,
      "GWP": 0.6111,
      "OGWP": 0.5461
    },
    {
      "Rank": 13,
      "Player": "Deathmaxx",
      "Points": 15,
      "Wins": 0,
      "Losses": 0,
      "Draws": 0,
      "OMWP": 0.5537,
      "GWP": 0.6470999999999999,
      "OGWP": 0.5224
    },
    {
      "Rank": 12,
      "Player": "NormanCar",
      "Points": 15,
      "Wins": 0,
      "Losses": 0,
      "Draws": 0,
      "OMWP": 0.5578,
      "GWP": 0.6470999999999999,
      "OGWP": 0.524
    },
    {
      "Rank": 11,
      "Player": "klien7",
      "Points": 15,
      "Wins": 0,
      "Losses": 0,
      "Draws": 0,
      "OMWP": 0.5639,
      "GWP": 0.6667000000000001,
      "OGWP": 0.505
    },
    {
      "Rank": 10,
      "Player": "maytwer",
      "Points": 15,
      "Wins": 0,
      "Losses": 0,
      "Draws": 0,
      "OMWP": 0.5748,
      "GWP": 0.6111,
      "OGWP": 0.5177
    },
    {
      "Rank": 9,
      "Player": "Doomenstein",
      "Points": 15,
      "Wins": 0,
      "Losses": 0,
      "Draws": 0,
      "OMWP": 0.5782,
      "GWP": 0.6315999999999999,
      "OGWP": 0.53
    },
    {
      "Rank": 8,
      "Player": "missflood",
      "Points": 15,
      "Wins": 0,
      "Losses": 0,
      "Draws": 0,
      "OMWP": 0.598,
      "GWP": 0.5789,
      "OGWP": 0.5784
    },
    {
      "Rank": 7,
      "Player": "eclipse4343",
      "Points": 18,
      "Wins": 0,
      "Losses": 0,
      "Draws": 0,
      "OMWP": 0.4789,
      "GWP": 0.7222,
      "OGWP": 0.46159999999999995
    },
    {
      "Rank": 6,
      "Player": "korol",
      "Points": 18,
      "Wins": 0,
      "Losses": 0,
      "Draws": 0,
      "OMWP": 0.5633,
      "GWP": 0.65,
      "OGWP": 0.5363
    },
    {
      "Rank": 5,
      "Player": "moon11",
      "Points": 18,
      "Wins": 0,
      "Losses": 0,
      "Draws": 0,
      "OMWP": 0.6224000000000001,
      "GWP": 0.6315999999999999,
      "OGWP": 0.605
    },
    {
      "Rank": 4,
      "Player": "sokos13",
      "Points": 18,
      "Wins": 0,
      "Losses": 0,
      "Draws": 0,
      "OMWP": 0.6082,
      "GWP": 0.5789,
      "OGWP": 0.5859000000000001
    },
    {
      "Rank": 3,
      "Player": "HouseOfManaMTG",
      "Points": 21,
      "Wins": 0,
      "Losses": 0,
      "Draws": 0,
      "OMWP": 0.5531,
      "GWP": 0.6315999999999999,
      "OGWP": 0.5556
    },
    {
      "Rank": 2,
      "Player": "Mistakenn",
      "Points": 21,
      "Wins": 0,
      "Losses": 0,
      "Draws": 0,
      "OMWP": 0.7551000000000001,
      "GWP": 0.625,
      "OGWP": 0.6581999999999999
    },
    {
      "Rank": 1,
      "Player": "Drugo",
      "Points": 30,
      "Wins": 0,
      "Losses": 0,
      "Draws": 0,
      "OMWP": 0.5544,
      "GWP": 0.875,
      "OGWP": 0.503
    }
  ]
}