{
  "Tournament": {
    "Id": 12801680,
    "Date": "2025-07-07T03:00:00",
    "Name": "Modern Challenge 32",
    "Uri": null,
    "JsonFile": null,
    "ForceRedownload": false
  },
  "Decks": null,
  "Rounds": [
    {
      "RoundName": "Round 1",
      "Matches": [
        {
          "Player1": "nitang",
          "Player2": "NJ5030",
          "Result": "0-2-0"
        },
        {
          "Player1": "KillaGerm",
          "Player2": "derlumberzack",
          "Result": "2-0-0"
        },
        {
          "Player1": "akwafresh",
          "Player2": "Bkskrandy",
          "Result": "2-0-0"
        },
        {
          "Player1": "InsaneAP3Z",
          "Player2": "reidq7",
          "Result": "0-2-0"
        },
        {
          "Player1": "mijukumono",
          "Player2": "Bugsy69",
          "Result": "0-2-0"
        },
        {
          "Player1": "Nogamblenofutur",
          "Player2": "bhowie",
          "Result": "2-0-0"
        },
        {
          "Player1": "xerioc",
          "Player2": "JulienRodriguez",
          "Result": "2-0-0"
        },
        {
          "Player1": "DemianDesposito10",
          "Player2": "ice_nine_BIGFAN",
          "Result": "0-2-0"
        },
        {
          "Player1": "fingers1991",
          "Player2": "Giltspire",
          "Result": "2-0-0"
        },
        {
          "Player1": "xfile",
          "Player2": "unworldlyorigin",
          "Result": "2-0-0"
        },
        {
          "Player1": "niuwaid001",
          "Player2": "Keggers",
          "Result": "2-0-0"
        },
        {
          "Player1": "Micro",
          "Player2": "Badcookie",
          "Result": "2-0-0"
        },
        {
          "Player1": "ManUFan",
          "Player2": "Restokiki",
          "Result": "0-2-0"
        },
        {
          "Player1": "Venom1",
          "Player2": "ShadowTitan1",
          "Result": "0-2-0"
        },
        {
          "Player1": "haileysworld",
          "Player2": "wolf2222",
          "Result": "0-2-0"
        },
        {
          "Player1": "solaec0501",
          "Player2": "capellomauro",
          "Result": "0-2-0"
        },
        {
          "Player1": "TheAdonis",
          "Player2": "LordOfTheLeash",
          "Result": "2-0-0"
        },
        {
          "Player1": "Linise",
          "Player2": "ultrasuperbob",
          "Result": "0-2-0"
        },
        {
          "Player1": "xRagedFurballx",
          "Player2": "NygelV",
          "Result": "2-0-0"
        },
        {
          "Player1": "auzzie51",
          "Player2": "4UBro",
          "Result": "2-0-0"
        },
        {
          "Player1": "Sarlanga",
          "Player2": "tibalt_of_red_sub",
          "Result": "2-0-0"
        },
        {
          "Player1": "gazmon48",
          "Player2": "LaneOrLaine",
          "Result": "2-0-0"
        },
        {
          "Player1": "_Batutinha_",
          "Player2": "_nicolai",
          "Result": "0-2-0"
        },
        {
          "Player1": "Game_Night",
          "Player2": "LemonGrind",
          "Result": "2-0-0"
        },
        {
          "Player1": "Capitano_CL",
          "Player2": "Drfuzybarrel",
          "Result": "0-2-0"
        },
        {
          "Player1": "termidor",
          "Player2": "azax",
          "Result": "0-2-0"
        },
        {
          "Player1": "LucasG1ggs",
          "Player2": "jjmtg25",
          "Result": "0-2-0"
        },
        {
          "Player1": "nahuel10",
          "Player2": "Delta_Sanku",
          "Result": "0-2-0"
        },
        {
          "Player1": "Thronhart",
          "Player2": "keezles",
          "Result": "0-2-0"
        },
        {
          "Player1": "HelpfulHobo",
          "Player2": "RowzCheese",
          "Result": "0-2-0"
        },
        {
          "Player1": "NathanOfTheGiltLeaf",
          "Player2": "Wishful14",
          "Result": "0-2-0"
        },
        {
          "Player1": "RandomOctopus",
          "Player2": "SkyllaMTG",
          "Result": "2-0-0"
        }
      ]
    },
    {
      "RoundName": "Round 2",
      "Matches": [
        {
          "Player1": "LaneOrLaine",
          "Player2": "bhowie",
          "Result": "2-0-0"
        },
        {
          "Player1": "Capitano_CL",
          "Player2": "solaec0501",
          "Result": "0-2-0"
        },
        {
          "Player1": "Bkskrandy",
          "Player2": "unworldlyorigin",
          "Result": "2-0-0"
        },
        {
          "Player1": "Venom1",
          "Player2": "mijukumono",
          "Result": "2-0-0"
        },
        {
          "Player1": "auzzie51",
          "Player2": "Restokiki",
          "Result": "2-0-0"
        },
        {
          "Player1": "capellomauro",
          "Player2": "Delta_Sanku",
          "Result": "2-0-0"
        },
        {
          "Player1": "niuwaid001",
          "Player2": "xRagedFurballx",
          "Result": "2-0-0"
        },
        {
          "Player1": "Linise",
          "Player2": "InsaneAP3Z",
          "Result": "0-2-0"
        },
        {
          "Player1": "reidq7",
          "Player2": "keezles",
          "Result": "2-0-0"
        },
        {
          "Player1": "akwafresh",
          "Player2": "Nogamblenofutur",
          "Result": "2-0-0"
        },
        {
          "Player1": "Keggers",
          "Player2": "LemonGrind",
          "Result": "0-2-0"
        },
        {
          "Player1": "RandomOctopus",
          "Player2": "Drfuzybarrel",
          "Result": "2-0-0"
        },
        {
          "Player1": "fingers1991",
          "Player2": "jjmtg25",
          "Result": "2-0-0"
        },
        {
          "Player1": "wolf2222",
          "Player2": "gazmon48",
          "Result": "2-0-0"
        },
        {
          "Player1": "NygelV",
          "Player2": "4UBro",
          "Result": "0-2-0"
        },
        {
          "Player1": "termidor",
          "Player2": "SkyllaMTG",
          "Result": "0-2-0"
        },
        {
          "Player1": "TheAdonis",
          "Player2": "Game_Night",
          "Result": "2-0-0"
        },
        {
          "Player1": "tibalt_of_red_sub",
          "Player2": "JulienRodriguez",
          "Result": "2-0-0"
        },
        {
          "Player1": "nahuel10",
          "Player2": "Badcookie",
          "Result": "0-2-0"
        },
        {
          "Player1": "Sarlanga",
          "Player2": "ShadowTitan1",
          "Result": "0-2-0"
        },
        {
          "Player1": "ManUFan",
          "Player2": "derlumberzack",
          "Result": "0-2-0"
        },
        {
          "Player1": "xfile",
          "Player2": "Bugsy69",
          "Result": "0-2-0"
        },
        {
          "Player1": "_Batutinha_",
          "Player2": "DemianDesposito10",
          "Result": "2-0-0"
        },
        {
          "Player1": "RowzCheese",
          "Player2": "_nicolai",
          "Result": "2-0-0"
        },
        {
          "Player1": "KillaGerm",
          "Player2": "ultrasuperbob",
          "Result": "0-2-0"
        },
        {
          "Player1": "LucasG1ggs",
          "Player2": "NathanOfTheGiltLeaf",
          "Result": "2-0-0"
        },
        {
          "Player1": "ice_nine_BIGFAN",
          "Player2": "Wishful14",
          "Result": "0-2-0"
        },
        {
          "Player1": "Micro",
          "Player2": "azax",
          "Result": "0-2-0"
        },
        {
          "Player1": "Giltspire",
          "Player2": "nitang",
          "Result": "0-0-0"
        },
        {
          "Player1": "LordOfTheLeash",
          "Player2": "Thronhart",
          "Result": "0-2-0"
        },
        {
          "Player1": "xerioc",
          "Player2": "NJ5030",
          "Result": "0-2-0"
        }
      ]
    },
    {
      "RoundName": "Round 3",
      "Matches": [
        {
          "Player1": "azax",
          "Player2": "Wishful14",
          "Result": "2-0-0"
        },
        {
          "Player1": "ManUFan",
          "Player2": "bhowie",
          "Result": "2-0-0"
        },
        {
          "Player1": "Venom1",
          "Player2": "xerioc",
          "Result": "2-0-0"
        },
        {
          "Player1": "LemonGrind",
          "Player2": "4UBro",
          "Result": "0-2-0"
        },
        {
          "Player1": "auzzie51",
          "Player2": "RowzCheese",
          "Result": "0-2-0"
        },
        {
          "Player1": "niuwaid001",
          "Player2": "reidq7",
          "Result": "0-2-0"
        },
        {
          "Player1": "Micro",
          "Player2": "tibalt_of_red_sub",
          "Result": "0-2-0"
        },
        {
          "Player1": "xRagedFurballx",
          "Player2": "Giltspire",
          "Result": "2-0-0"
        },
        {
          "Player1": "_Batutinha_",
          "Player2": "SkyllaMTG",
          "Result": "0-2-0"
        },
        {
          "Player1": "KillaGerm",
          "Player2": "solaec0501",
          "Result": "2-0-0"
        },
        {
          "Player1": "ice_nine_BIGFAN",
          "Player2": "keezles",
          "Result": "2-0-0"
        },
        {
          "Player1": "ultrasuperbob",
          "Player2": "NJ5030",
          "Result": "0-2-0"
        },
        {
          "Player1": "haileysworld",
          "Player2": "Bkskrandy",
          "Result": "0-2-0"
        },
        {
          "Player1": "capellomauro",
          "Player2": "Bugsy69",
          "Result": "2-0-0"
        },
        {
          "Player1": "fingers1991",
          "Player2": "TheAdonis",
          "Result": "0-2-0"
        },
        {
          "Player1": "derlumberzack",
          "Player2": "Thronhart",
          "Result": "0-2-0"
        },
        {
          "Player1": "LucasG1ggs",
          "Player2": "Drfuzybarrel",
          "Result": "0-2-0"
        },
        {
          "Player1": "Nogamblenofutur",
          "Player2": "LaneOrLaine",
          "Result": "0-2-0"
        },
        {
          "Player1": "akwafresh",
          "Player2": "ShadowTitan1",
          "Result": "2-0-0"
        },
        {
          "Player1": "Game_Night",
          "Player2": "jjmtg25",
          "Result": "0-2-0"
        },
        {
          "Player1": "wolf2222",
          "Player2": "RandomOctopus",
          "Result": "0-2-0"
        },
        {
          "Player1": "Delta_Sanku",
          "Player2": "Badcookie",
          "Result": "0-2-0"
        },
        {
          "Player1": "JulienRodriguez",
          "Player2": "DemianDesposito10",
          "Result": "1-2-0"
        },
        {
          "Player1": "gazmon48",
          "Player2": "InsaneAP3Z",
          "Result": "2-0-0"
        },
        {
          "Player1": "xfile",
          "Player2": "_nicolai",
          "Result": "0-2-0"
        },
        {
          "Player1": "Sarlanga",
          "Player2": "Restokiki",
          "Result": "2-0-0"
        }
      ]
    },
    {
      "RoundName": "Round 4",
      "Matches": [
        {
          "Player1": "gazmon48",
          "Player2": "Wishful14",
          "Result": "2-0-0"
        },
        {
          "Player1": "Bkskrandy",
          "Player2": "Thronhart",
          "Result": "0-2-0"
        },
        {
          "Player1": "LucasG1ggs",
          "Player2": "derlumberzack",
          "Result": "2-0-0"
        },
        {
          "Player1": "RowzCheese",
          "Player2": "reidq7",
          "Result": "0-2-0"
        },
        {
          "Player1": "Delta_Sanku",
          "Player2": "DemianDesposito10",
          "Result": "2-0-0"
        },
        {
          "Player1": "solaec0501",
          "Player2": "LemonGrind",
          "Result": "0-2-0"
        },
        {
          "Player1": "Sarlanga",
          "Player2": "auzzie51",
          "Result": "0-2-0"
        },
        {
          "Player1": "KillaGerm",
          "Player2": "tibalt_of_red_sub",
          "Result": "2-0-0"
        },
        {
          "Player1": "fingers1991",
          "Player2": "ShadowTitan1",
          "Result": "2-0-0"
        },
        {
          "Player1": "TheAdonis",
          "Player2": "capellomauro",
          "Result": "2-0-0"
        },
        {
          "Player1": "RandomOctopus",
          "Player2": "azax",
          "Result": "2-1-0"
        },
        {
          "Player1": "ManUFan",
          "Player2": "Game_Night",
          "Result": "2-0-0"
        },
        {
          "Player1": "NygelV",
          "Player2": "Nogamblenofutur",
          "Result": "0-0-0"
        },
        {
          "Player1": "xRagedFurballx",
          "Player2": "ice_nine_BIGFAN",
          "Result": "2-0-0"
        },
        {
          "Player1": "Bugsy69",
          "Player2": "SkyllaMTG",
          "Result": "2-0-0"
        },
        {
          "Player1": "Restokiki",
          "Player2": "JulienRodriguez",
          "Result": "2-0-0"
        },
        {
          "Player1": "wolf2222",
          "Player2": "LaneOrLaine",
          "Result": "0-0-0"
        },
        {
          "Player1": "ultrasuperbob",
          "Player2": "4UBro",
          "Result": "0-2-0"
        },
        {
          "Player1": "Drfuzybarrel",
          "Player2": "_nicolai",
          "Result": "2-0-0"
        },
        {
          "Player1": "akwafresh",
          "Player2": "NJ5030",
          "Result": "0-2-0"
        },
        {
          "Player1": "Badcookie",
          "Player2": "jjmtg25",
          "Result": "0-2-0"
        },
        {
          "Player1": "Venom1",
          "Player2": "niuwaid001",
          "Result": "2-0-0"
        },
        {
          "Player1": "_Batutinha_",
          "Player2": "keezles",
          "Result": "2-0-0"
        }
      ]
    },
    {
      "RoundName": "Round 5",
      "Matches": [
        {
          "Player1": "Sarlanga",
          "Player2": "LemonGrind",
          "Result": "0-2-0"
        },
        {
          "Player1": "wolf2222",
          "Player2": "akwafresh",
          "Result": "2-0-0"
        },
        {
          "Player1": "fingers1991",
          "Player2": "azax",
          "Result": "0-2-0"
        },
        {
          "Player1": "Badcookie",
          "Player2": "_nicolai",
          "Result": "2-0-0"
        },
        {
          "Player1": "KillaGerm",
          "Player2": "xRagedFurballx",
          "Result": "2-0-0"
        },
        {
          "Player1": "Bkskrandy",
          "Player2": "NygelV",
          "Result": "2-0-0"
        },
        {
          "Player1": "gazmon48",
          "Player2": "4UBro",
          "Result": "2-0-0"
        },
        {
          "Player1": "ultrasuperbob",
          "Player2": "ice_nine_BIGFAN",
          "Result": "2-0-0"
        },
        {
          "Player1": "reidq7",
          "Player2": "RandomOctopus",
          "Result": "0-2-0"
        },
        {
          "Player1": "auzzie51",
          "Player2": "Bugsy69",
          "Result": "2-0-0"
        },
        {
          "Player1": "ManUFan",
          "Player2": "tibalt_of_red_sub",
          "Result": "2-0-0"
        },
        {
          "Player1": "Venom1",
          "Player2": "Thronhart",
          "Result": "2-0-0"
        },
        {
          "Player1": "Drfuzybarrel",
          "Player2": "RowzCheese",
          "Result": "0-2-0"
        },
        {
          "Player1": "niuwaid001",
          "Player2": "LaneOrLaine",
          "Result": "0-2-0"
        },
        {
          "Player1": "LucasG1ggs",
          "Player2": "Wishful14",
          "Result": "0-2-0"
        },
        {
          "Player1": "Restokiki",
          "Player2": "SkyllaMTG",
          "Result": "0-2-0"
        },
        {
          "Player1": "ShadowTitan1",
          "Player2": "Nogamblenofutur",
          "Result": "0-2-0"
        },
        {
          "Player1": "solaec0501",
          "Player2": "DemianDesposito10",
          "Result": "0-0-0"
        },
        {
          "Player1": "capellomauro",
          "Player2": "jjmtg25",
          "Result": "0-2-0"
        },
        {
          "Player1": "TheAdonis",
          "Player2": "NJ5030",
          "Result": "0-2-0"
        },
        {
          "Player1": "_Batutinha_",
          "Player2": "Delta_Sanku",
          "Result": "0-2-0"
        }
      ]
    },
    {
      "RoundName": "Round 6",
      "Matches": [
        {
          "Player1": "Restokiki",
          "Player2": "DemianDesposito10",
          "Result": "0-2-0"
        },
        {
          "Player1": "ManUFan",
          "Player2": "Delta_Sanku",
          "Result": "2-0-0"
        },
        {
          "Player1": "Bkskrandy",
          "Player2": "xRagedFurballx",
          "Result": "0-2-0"
        },
        {
          "Player1": "ultrasuperbob",
          "Player2": "Wishful14",
          "Result": "2-0-0"
        },
        {
          "Player1": "Badcookie",
          "Player2": "LaneOrLaine",
          "Result": "2-0-0"
        },
        {
          "Player1": "gazmon48",
          "Player2": "azax",
          "Result": "0-2-0"
        },
        {
          "Player1": "_Batutinha_",
          "Player2": "Sarlanga",
          "Result": "0-2-0"
        },
        {
          "Player1": "capellomauro",
          "Player2": "Nogamblenofutur",
          "Result": "0-2-0"
        },
        {
          "Player1": "TheAdonis",
          "Player2": "Venom1",
          "Result": "0-2-0"
        },
        {
          "Player1": "Drfuzybarrel",
          "Player2": "4UBro",
          "Result": "0-2-0"
        },
        {
          "Player1": "tibalt_of_red_sub",
          "Player2": "_nicolai",
          "Result": "2-0-0"
        },
        {
          "Player1": "KillaGerm",
          "Player2": "reidq7",
          "Result": "2-0-0"
        },
        {
          "Player1": "auzzie51",
          "Player2": "jjmtg25",
          "Result": "2-0-0"
        },
        {
          "Player1": "LucasG1ggs",
          "Player2": "solaec0501",
          "Result": "0-2-0"
        },
        {
          "Player1": "LemonGrind",
          "Player2": "SkyllaMTG",
          "Result": "2-0-0"
        },
        {
          "Player1": "Bugsy69",
          "Player2": "Thronhart",
          "Result": "0-0-0"
        },
        {
          "Player1": "wolf2222",
          "Player2": "RowzCheese",
          "Result": "0-2-0"
        },
        {
          "Player1": "ShadowTitan1",
          "Player2": "ice_nine_BIGFAN",
          "Result": "2-0-0"
        },
        {
          "Player1": "fingers1991",
          "Player2": "akwafresh",
          "Result": "2-0-0"
        },
        {
          "Player1": "RandomOctopus",
          "Player2": "NJ5030",
          "Result": "2-0-0"
        }
      ]
    },
    {
      "RoundName": "Round 7",
      "Matches": [
        {
          "Player1": "KillaGerm",
          "Player2": "azax",
          "Result": "0-2-0"
        },
        {
          "Player1": "auzzie51",
          "Player2": "Venom1",
          "Result": "2-0-0"
        },
        {
          "Player1": "wolf2222",
          "Player2": "RandomOctopus",
          "Result": "0-2-0"
        },
        {
          "Player1": "NJ5030",
          "Player2": "RowzCheese",
          "Result": "0-2-0"
        }
      ]
    },
    {
      "RoundName": "Round 8",
      "Matches": [
        {
          "Player1": "RandomOctopus",
          "Player2": "RowzCheese",
          "Result": "2-0-0"
        },
        {
          "Player1": "auzzie51",
          "Player2": "azax",
          "Result": "2-0-0"
        }
      ]
    },
    {
      "RoundName": "Round 9",
      "Matches": [
        {
          "Player1": "auzzie51",
          "Player2": "RandomOctopus",
          "Result": "2-0-0"
        }
      ]
    }
  ],
  "Standings": [
    {
      "Rank": 64,
      "Player": "unworldlyorigin",
      "Points": 0,
      "Wins": 0,
      "Losses": 0,
      "Draws": 0,
      "OMWP": 0.4167,
      "GWP": 0.2,
      "OGWP": 0.45299999999999996
    },
    {
      "Rank": 63,
      "Player": "NathanOfTheGiltLeaf",
      "Points": 0,
      "Wins": 0,
      "Losses": 0,
      "Draws": 0,
      "OMWP": 0.4167,
      "GWP": 0.2,
      "OGWP": 0.502
    },
    {
      "Rank": 62,
      "Player": "JulienRodriguez",
      "Points": 0,
      "Wins": 0,
      "Losses": 0,
      "Draws": 0,
      "OMWP": 0.4167,
      "GWP": 0.2727,
      "OGWP": 0.4343
    },
    {
      "Rank": 61,
      "Player": "Capitano_CL",
      "Points": 0,
      "Wins": 0,
      "Losses": 0,
      "Draws": 0,
      "OMWP": 0.4167,
      "GWP": 0.3333,
      "OGWP": 0.4559
    },
    {
      "Rank": 60,
      "Player": "Linise",
      "Points": 0,
      "Wins": 0,
      "Losses": 0,
      "Draws": 0,
      "OMWP": 0.5,
      "GWP": 0.2,
      "OGWP": 0.4875
    },
    {
      "Rank": 59,
      "Player": "Keggers",
      "Points": 0,
      "Wins": 0,
      "Losses": 0,
      "Draws": 0,
      "OMWP": 0.5333,
      "GWP": 0,
      "OGWP": 0.5962
    },
    {
      "Rank": 58,
      "Player": "nahuel10",
      "Points": 0,
      "Wins": 0,
      "Losses": 0,
      "Draws": 0,
      "OMWP": 0.5832999999999999,
      "GWP": 0,
      "OGWP": 0.5905
    },
    {
      "Rank": 57,
      "Player": "nitang",
      "Points": 0,
      "Wins": 0,
      "Losses": 0,
      "Draws": 0,
      "OMWP": 0.5832999999999999,
      "GWP": 0,
      "OGWP": 0.6071
    },
    {
      "Rank": 56,
      "Player": "LordOfTheLeash",
      "Points": 0,
      "Wins": 0,
      "Losses": 0,
      "Draws": 0,
      "OMWP": 0.5832999999999999,
      "GWP": 0.2,
      "OGWP": 0.5792
    },
    {
      "Rank": 55,
      "Player": "bhowie",
      "Points": 0,
      "Wins": 0,
      "Losses": 0,
      "Draws": 0,
      "OMWP": 0.6111,
      "GWP": 0.25,
      "OGWP": 0.5389
    },
    {
      "Rank": 54,
      "Player": "termidor",
      "Points": 0,
      "Wins": 0,
      "Losses": 0,
      "Draws": 0,
      "OMWP": 0.6667000000000001,
      "GWP": 0,
      "OGWP": 0.6731
    },
    {
      "Rank": 53,
      "Player": "mijukumono",
      "Points": 0,
      "Wins": 0,
      "Losses": 0,
      "Draws": 0,
      "OMWP": 0.75,
      "GWP": 0,
      "OGWP": 0.6479
    },
    {
      "Rank": 52,
      "Player": "HelpfulHobo",
      "Points": 0,
      "Wins": 0,
      "Losses": 0,
      "Draws": 0,
      "OMWP": 0.8332999999999999,
      "GWP": 0.3333,
      "OGWP": 0.6875
    },
    {
      "Rank": 51,
      "Player": "xfile",
      "Points": 3,
      "Wins": 0,
      "Losses": 0,
      "Draws": 0,
      "OMWP": 0.44439999999999996,
      "GWP": 0.44439999999999996,
      "OGWP": 0.4097
    },
    {
      "Rank": 50,
      "Player": "keezles",
      "Points": 3,
      "Wins": 0,
      "Losses": 0,
      "Draws": 0,
      "OMWP": 0.4583,
      "GWP": 0.3,
      "OGWP": 0.49369999999999997
    },
    {
      "Rank": 49,
      "Player": "InsaneAP3Z",
      "Points": 3,
      "Wins": 0,
      "Losses": 0,
      "Draws": 0,
      "OMWP": 0.5556,
      "GWP": 0.375,
      "OGWP": 0.5111
    },
    {
      "Rank": 48,
      "Player": "Giltspire",
      "Points": 3,
      "Wins": 0,
      "Losses": 0,
      "Draws": 0,
      "OMWP": 0.5556,
      "GWP": 0.5,
      "OGWP": 0.4986
    },
    {
      "Rank": 47,
      "Player": "derlumberzack",
      "Points": 3,
      "Wins": 0,
      "Losses": 0,
      "Draws": 0,
      "OMWP": 0.5832999999999999,
      "GWP": 0.3,
      "OGWP": 0.5647
    },
    {
      "Rank": 46,
      "Player": "haileysworld",
      "Points": 3,
      "Wins": 0,
      "Losses": 0,
      "Draws": 0,
      "OMWP": 0.5832999999999999,
      "GWP": 0.3333,
      "OGWP": 0.5307999999999999
    },
    {
      "Rank": 45,
      "Player": "NygelV",
      "Points": 3,
      "Wins": 0,
      "Losses": 0,
      "Draws": 0,
      "OMWP": 0.625,
      "GWP": 0.2,
      "OGWP": 0.5821000000000001
    },
    {
      "Rank": 44,
      "Player": "xerioc",
      "Points": 3,
      "Wins": 0,
      "Losses": 0,
      "Draws": 0,
      "OMWP": 0.6667000000000001,
      "GWP": 0.2857,
      "OGWP": 0.5937
    },
    {
      "Rank": 43,
      "Player": "Micro",
      "Points": 3,
      "Wins": 0,
      "Losses": 0,
      "Draws": 0,
      "OMWP": 0.6667000000000001,
      "GWP": 0.2857,
      "OGWP": 0.6979000000000001
    },
    {
      "Rank": 42,
      "Player": "Game_Night",
      "Points": 3,
      "Wins": 0,
      "Losses": 0,
      "Draws": 0,
      "OMWP": 0.6667000000000001,
      "GWP": 0.3333,
      "OGWP": 0.6234000000000001
    },
    {
      "Rank": 41,
      "Player": "_Batutinha_",
      "Points": 6,
      "Wins": 0,
      "Losses": 0,
      "Draws": 0,
      "OMWP": 0.44439999999999996,
      "GWP": 0.4667,
      "OGWP": 0.434
    },
    {
      "Rank": 40,
      "Player": "LucasG1ggs",
      "Points": 6,
      "Wins": 0,
      "Losses": 0,
      "Draws": 0,
      "OMWP": 0.44439999999999996,
      "GWP": 0.4706,
      "OGWP": 0.45
    },
    {
      "Rank": 39,
      "Player": "_nicolai",
      "Points": 6,
      "Wins": 0,
      "Losses": 0,
      "Draws": 0,
      "OMWP": 0.5278,
      "GWP": 0.2857,
      "OGWP": 0.5577000000000001
    },
    {
      "Rank": 38,
      "Player": "ice_nine_BIGFAN",
      "Points": 6,
      "Wins": 0,
      "Losses": 0,
      "Draws": 0,
      "OMWP": 0.5278,
      "GWP": 0.375,
      "OGWP": 0.5007
    },
    {
      "Rank": 37,
      "Player": "solaec0501",
      "Points": 6,
      "Wins": 0,
      "Losses": 0,
      "Draws": 0,
      "OMWP": 0.5278,
      "GWP": 0.4118,
      "OGWP": 0.5167
    },
    {
      "Rank": 36,
      "Player": "Restokiki",
      "Points": 6,
      "Wins": 0,
      "Losses": 0,
      "Draws": 0,
      "OMWP": 0.5556,
      "GWP": 0.4,
      "OGWP": 0.5133
    },
    {
      "Rank": 35,
      "Player": "niuwaid001",
      "Points": 6,
      "Wins": 0,
      "Losses": 0,
      "Draws": 0,
      "OMWP": 0.6,
      "GWP": 0.5,
      "OGWP": 0.539
    },
    {
      "Rank": 34,
      "Player": "DemianDesposito10",
      "Points": 9,
      "Wins": 0,
      "Losses": 0,
      "Draws": 0,
      "OMWP": 0.3611,
      "GWP": 0.4706,
      "OGWP": 0.4089
    },
    {
      "Rank": 33,
      "Player": "Bkskrandy",
      "Points": 9,
      "Wins": 0,
      "Losses": 0,
      "Draws": 0,
      "OMWP": 0.44439999999999996,
      "GWP": 0.46149999999999997,
      "OGWP": 0.4508
    },
    {
      "Rank": 32,
      "Player": "Delta_Sanku",
      "Points": 9,
      "Wins": 0,
      "Losses": 0,
      "Draws": 0,
      "OMWP": 0.5,
      "GWP": 0.4667,
      "OGWP": 0.5065999999999999
    },
    {
      "Rank": 31,
      "Player": "tibalt_of_red_sub",
      "Points": 9,
      "Wins": 0,
      "Losses": 0,
      "Draws": 0,
      "OMWP": 0.5,
      "GWP": 0.5333,
      "OGWP": 0.4592
    },
    {
      "Rank": 30,
      "Player": "Thronhart",
      "Points": 9,
      "Wins": 0,
      "Losses": 0,
      "Draws": 0,
      "OMWP": 0.5,
      "GWP": 0.5333,
      "OGWP": 0.4596
    },
    {
      "Rank": 29,
      "Player": "Sarlanga",
      "Points": 9,
      "Wins": 0,
      "Losses": 0,
      "Draws": 0,
      "OMWP": 0.5278,
      "GWP": 0.5,
      "OGWP": 0.5411
    },
    {
      "Rank": 28,
      "Player": "Wishful14",
      "Points": 9,
      "Wins": 0,
      "Losses": 0,
      "Draws": 0,
      "OMWP": 0.5278,
      "GWP": 0.5333,
      "OGWP": 0.5375
    },
    {
      "Rank": 27,
      "Player": "SkyllaMTG",
      "Points": 9,
      "Wins": 0,
      "Losses": 0,
      "Draws": 0,
      "OMWP": 0.5556,
      "GWP": 0.5,
      "OGWP": 0.5268
    },
    {
      "Rank": 26,
      "Player": "LaneOrLaine",
      "Points": 9,
      "Wins": 0,
      "Losses": 0,
      "Draws": 0,
      "OMWP": 0.5667,
      "GWP": 0.4286,
      "OGWP": 0.5579
    },
    {
      "Rank": 25,
      "Player": "capellomauro",
      "Points": 9,
      "Wins": 0,
      "Losses": 0,
      "Draws": 0,
      "OMWP": 0.5832999999999999,
      "GWP": 0.4667,
      "OGWP": 0.5424
    },
    {
      "Rank": 24,
      "Player": "ShadowTitan1",
      "Points": 9,
      "Wins": 0,
      "Losses": 0,
      "Draws": 0,
      "OMWP": 0.5832999999999999,
      "GWP": 0.4667,
      "OGWP": 0.557
    },
    {
      "Rank": 23,
      "Player": "Drfuzybarrel",
      "Points": 9,
      "Wins": 0,
      "Losses": 0,
      "Draws": 0,
      "OMWP": 0.5832999999999999,
      "GWP": 0.5,
      "OGWP": 0.5329
    },
    {
      "Rank": 22,
      "Player": "akwafresh",
      "Points": 9,
      "Wins": 0,
      "Losses": 0,
      "Draws": 0,
      "OMWP": 0.6389,
      "GWP": 0.5714,
      "OGWP": 0.5675
    },
    {
      "Rank": 21,
      "Player": "ManUFan",
      "Points": 12,
      "Wins": 0,
      "Losses": 0,
      "Draws": 0,
      "OMWP": 0.3889,
      "GWP": 0.5882000000000001,
      "OGWP": 0.4
    },
    {
      "Rank": 20,
      "Player": "Nogamblenofutur",
      "Points": 12,
      "Wins": 0,
      "Losses": 0,
      "Draws": 0,
      "OMWP": 0.44439999999999996,
      "GWP": 0.6,
      "OGWP": 0.43329999999999996
    },
    {
      "Rank": 19,
      "Player": "LemonGrind",
      "Points": 12,
      "Wins": 0,
      "Losses": 0,
      "Draws": 0,
      "OMWP": 0.44439999999999996,
      "GWP": 0.6923,
      "OGWP": 0.4575
    },
    {
      "Rank": 18,
      "Player": "Badcookie",
      "Points": 12,
      "Wins": 0,
      "Losses": 0,
      "Draws": 0,
      "OMWP": 0.44439999999999996,
      "GWP": 0.7143,
      "OGWP": 0.4139
    },
    {
      "Rank": 17,
      "Player": "xRagedFurballx",
      "Points": 12,
      "Wins": 0,
      "Losses": 0,
      "Draws": 0,
      "OMWP": 0.4556,
      "GWP": 0.6,
      "OGWP": 0.4728
    },
    {
      "Rank": 16,
      "Player": "Bugsy69",
      "Points": 12,
      "Wins": 0,
      "Losses": 0,
      "Draws": 0,
      "OMWP": 0.5,
      "GWP": 0.5625,
      "OGWP": 0.49420000000000003
    },
    {
      "Rank": 15,
      "Player": "jjmtg25",
      "Points": 12,
      "Wins": 0,
      "Losses": 0,
      "Draws": 0,
      "OMWP": 0.5556,
      "GWP": 0.5882000000000001,
      "OGWP": 0.5390999999999999
    },
    {
      "Rank": 14,
      "Player": "fingers1991",
      "Points": 12,
      "Wins": 0,
      "Losses": 0,
      "Draws": 0,
      "OMWP": 0.5832999999999999,
      "GWP": 0.5625,
      "OGWP": 0.5996
    },
    {
      "Rank": 13,
      "Player": "ultrasuperbob",
      "Points": 12,
      "Wins": 0,
      "Losses": 0,
      "Draws": 0,
      "OMWP": 0.5832999999999999,
      "GWP": 0.6,
      "OGWP": 0.5482
    },
    {
      "Rank": 12,
      "Player": "gazmon48",
      "Points": 12,
      "Wins": 0,
      "Losses": 0,
      "Draws": 0,
      "OMWP": 0.5832999999999999,
      "GWP": 0.6,
      "OGWP": 0.575
    },
    {
      "Rank": 11,
      "Player": "TheAdonis",
      "Points": 12,
      "Wins": 0,
      "Losses": 0,
      "Draws": 0,
      "OMWP": 0.5832999999999999,
      "GWP": 0.625,
      "OGWP": 0.5239
    },
    {
      "Rank": 10,
      "Player": "4UBro",
      "Points": 12,
      "Wins": 0,
      "Losses": 0,
      "Draws": 0,
      "OMWP": 0.6111,
      "GWP": 0.6667000000000001,
      "OGWP": 0.5689
    },
    {
      "Rank": 9,
      "Player": "reidq7",
      "Points": 12,
      "Wins": 0,
      "Losses": 0,
      "Draws": 0,
      "OMWP": 0.6222,
      "GWP": 0.6,
      "OGWP": 0.5447
    },
    {
      "Rank": 8,
      "Player": "wolf2222",
      "Points": 12,
      "Wins": 0,
      "Losses": 0,
      "Draws": 0,
      "OMWP": 0.6389,
      "GWP": 0.6,
      "OGWP": 0.5545
    },
    {
      "Rank": 7,
      "Player": "Venom1",
      "Points": 15,
      "Wins": 0,
      "Losses": 0,
      "Draws": 0,
      "OMWP": 0.4556,
      "GWP": 0.7333,
      "OGWP": 0.4653
    },
    {
      "Rank": 6,
      "Player": "KillaGerm",
      "Points": 15,
      "Wins": 0,
      "Losses": 0,
      "Draws": 0,
      "OMWP": 0.5278,
      "GWP": 0.6667000000000001,
      "OGWP": 0.5131
    },
    {
      "Rank": 5,
      "Player": "NJ5030",
      "Points": 15,
      "Wins": 0,
      "Losses": 0,
      "Draws": 0,
      "OMWP": 0.5832999999999999,
      "GWP": 0.7143,
      "OGWP": 0.5282
    },
    {
      "Rank": 4,
      "Player": "RowzCheese",
      "Points": 18,
      "Wins": 0,
      "Losses": 0,
      "Draws": 0,
      "OMWP": 0.5556,
      "GWP": 0.6875,
      "OGWP": 0.509
    },
    {
      "Rank": 3,
      "Player": "azax",
      "Points": 18,
      "Wins": 0,
      "Losses": 0,
      "Draws": 0,
      "OMWP": 0.5832999999999999,
      "GWP": 0.8462000000000001,
      "OGWP": 0.5114
    },
    {
      "Rank": 2,
      "Player": "RandomOctopus",
      "Points": 24,
      "Wins": 0,
      "Losses": 0,
      "Draws": 0,
      "OMWP": 0.6667000000000001,
      "GWP": 0.7059000000000001,
      "OGWP": 0.6267
    },
    {
      "Rank": 1,
      "Player": "auzzie51",
      "Points": 24,
      "Wins": 0,
      "Losses": 0,
      "Draws": 0,
      "OMWP": 0.6111,
      "GWP": 0.6875,
      "OGWP": 0.5675
    }
  ]
}