{
  "Tournament": {
    "Id": 12801688,
    "Date": "2025-07-07T22:00:00",
    "Name": "Standard Challenge 64",
    "Uri": null,
    "JsonFile": null,
    "ForceRedownload": false
  },
  "Decks": null,
  "Rounds": [
    {
      "RoundName": "Round 1",
      "Matches": [
        {
          "Player1": "elvin7",
          "Player2": "Doomenstein",
          "Result": "0-2-0"
        },
        {
          "Player1": "omair00",
          "Player2": "VitorCarvalho01",
          "Result": "0-2-0"
        },
        {
          "Player1": "Goomy_",
          "Player2": "PatrizioSpadoni",
          "Result": "0-2-0"
        },
        {
          "Player1": "hermanomlg",
          "Player2": "Ivan_Draw_Go",
          "Result": "0-2-0"
        },
        {
          "Player1": "Mikebrav",
          "Player2": "Special_Boy",
          "Result": "0-0-0"
        },
        {
          "Player1": "Qaeron",
          "Player2": "PedraStone",
          "Result": "2-0-0"
        },
        {
          "Player1": "AJV20",
          "Player2": "Kampo",
          "Result": "2-0-0"
        },
        {
          "Player1": "Dreddybajs",
          "Player2": "Ale_Mtg",
          "Result": "2-0-0"
        },
        {
          "Player1": "LucasG1ggs",
          "Player2": "maytwer",
          "Result": "0-2-0"
        },
        {
          "Player1": "mortadela",
          "Player2": "RezerDeDog",
          "Result": "2-0-0"
        },
        {
          "Player1": "SuperCow12653",
          "Player2": "marceliiine",
          "Result": "2-0-0"
        },
        {
          "Player1": "deleon91",
          "Player2": "foodchainen",
          "Result": "2-0-0"
        },
        {
          "Player1": "L1X0",
          "Player2": "levunga21",
          "Result": "0-2-0"
        },
        {
          "Player1": "Rooney56",
          "Player2": "AFitzsimmons",
          "Result": "0-2-0"
        },
        {
          "Player1": "WadeB",
          "Player2": "Wishful14",
          "Result": "2-0-0"
        },
        {
          "Player1": "Linden_43",
          "Player2": "InalienableDreamless",
          "Result": "2-0-0"
        },
        {
          "Player1": "MikeEgan",
          "Player2": "cool95",
          "Result": "2-0-0"
        },
        {
          "Player1": "claudioh",
          "Player2": "Univerce",
          "Result": "2-0-0"
        },
        {
          "Player1": "Avarax05",
          "Player2": "BirdFlew",
          "Result": "2-0-0"
        },
        {
          "Player1": "robodude222",
          "Player2": "Salty_Orange",
          "Result": "2-0-0"
        },
        {
          "Player1": "GTX120",
          "Player2": "eli2107",
          "Result": "0-2-0"
        },
        {
          "Player1": "O_danielakos",
          "Player2": "DskBayWolf",
          "Result": "0-2-0"
        },
        {
          "Player1": "rollo1993",
          "Player2": "HouseOfManaMTG",
          "Result": "2-0-0"
        },
        {
          "Player1": "Johnny_Hobbs",
          "Player2": "_Shikamaru_",
          "Result": "0-2-0"
        },
        {
          "Player1": "Sarlanga",
          "Player2": "AdvogadoPaloma",
          "Result": "2-0-0"
        },
        {
          "Player1": "makusong24",
          "Player2": "Gianhunter",
          "Result": "0-2-0"
        },
        {
          "Player1": "knighthawkrex",
          "Player2": "416FrowningTable",
          "Result": "2-0-0"
        },
        {
          "Player1": "TheManLand",
          "Player2": "LuffyDoChapeuDePalha",
          "Result": "2-0-0"
        },
        {
          "Player1": "peter780108",
          "Player2": "Shuichi_Saito",
          "Result": "2-0-0"
        },
        {
          "Player1": "Terribad",
          "Player2": "Shulk",
          "Result": "2-0-0"
        },
        {
          "Player1": "telsacow",
          "Player2": "McWinSauce",
          "Result": "0-2-0"
        },
        {
          "Player1": "pokerswizard",
          "Player2": "ehhh",
          "Result": "0-0-0"
        },
        {
          "Player1": "kcomedina",
          "Player2": "SoulStrong",
          "Result": "0-2-0"
        },
        {
          "Player1": "_Cygnus",
          "Player2": "4UBro",
          "Result": "2-0-0"
        },
        {
          "Player1": "MJ_23",
          "Player2": "YaGirlBryn",
          "Result": "2-0-0"
        },
        {
          "Player1": "Broco_Lee",
          "Player2": "chiyou",
          "Result": "2-0-0"
        },
        {
          "Player1": "DrAntiderivative",
          "Player2": "GzusReturned",
          "Result": "0-2-0"
        },
        {
          "Player1": "Sapoa",
          "Player2": "Prim3Time",
          "Result": "2-0-0"
        },
        {
          "Player1": "Capriccioso",
          "Player2": "Sujiro_Kimimame",
          "Result": "2-0-0"
        },
        {
          "Player1": "LegacyGrinder",
          "Player2": "xRagedFurballx",
          "Result": "0-2-0"
        },
        {
          "Player1": "rastaf",
          "Player2": "Bawer",
          "Result": "2-0-0"
        },
        {
          "Player1": "Tunaktunak",
          "Player2": "Deltacus13",
          "Result": "0-0-0"
        },
        {
          "Player1": "auzzie51",
          "Player2": "Grogore",
          "Result": "2-0-0"
        }
      ]
    },
    {
      "RoundName": "Round 2",
      "Matches": [
        {
          "Player1": "claudioh",
          "Player2": "deleon91",
          "Result": "0-0-0"
        },
        {
          "Player1": "Rooney56",
          "Player2": "O_danielakos",
          "Result": "2-0-0"
        },
        {
          "Player1": "levunga21",
          "Player2": "Capriccioso",
          "Result": "2-0-0"
        },
        {
          "Player1": "Johnny_Hobbs",
          "Player2": "chiyou",
          "Result": "0-2-0"
        },
        {
          "Player1": "elvin7",
          "Player2": "Univerce",
          "Result": "0-2-0"
        },
        {
          "Player1": "Qaeron",
          "Player2": "AJV20",
          "Result": "2-0-0"
        },
        {
          "Player1": "ehhh",
          "Player2": "HouseOfManaMTG",
          "Result": "2-0-0"
        },
        {
          "Player1": "kcomedina",
          "Player2": "Grogore",
          "Result": "0-2-0"
        },
        {
          "Player1": "knighthawkrex",
          "Player2": "PatrizioSpadoni",
          "Result": "2-0-0"
        },
        {
          "Player1": "mortadela",
          "Player2": "eli2107",
          "Result": "0-0-0"
        },
        {
          "Player1": "SoulStrong",
          "Player2": "peter780108",
          "Result": "1-2-0"
        },
        {
          "Player1": "maytwer",
          "Player2": "_Shikamaru_",
          "Result": "0-2-0"
        },
        {
          "Player1": "marceliiine",
          "Player2": "InalienableDreamless",
          "Result": "0-0-0"
        },
        {
          "Player1": "Terribad",
          "Player2": "DskBayWolf",
          "Result": "2-0-0"
        },
        {
          "Player1": "rollo1993",
          "Player2": "WadeB",
          "Result": "2-0-0"
        },
        {
          "Player1": "Dreddybajs",
          "Player2": "TheManLand",
          "Result": "1-2-0"
        },
        {
          "Player1": "LuffyDoChapeuDePalha",
          "Player2": "GTX120",
          "Result": "2-0-0"
        },
        {
          "Player1": "SuperCow12653",
          "Player2": "Avarax05",
          "Result": "0-0-0"
        },
        {
          "Player1": "DrAntiderivative",
          "Player2": "Salty_Orange",
          "Result": "2-0-0"
        },
        {
          "Player1": "cool95",
          "Player2": "AdvogadoPaloma",
          "Result": "2-0-0"
        },
        {
          "Player1": "Broco_Lee",
          "Player2": "Ivan_Draw_Go",
          "Result": "2-0-0"
        },
        {
          "Player1": "Sapoa",
          "Player2": "DookieTrouserMD",
          "Result": "0-2-0"
        },
        {
          "Player1": "auzzie51",
          "Player2": "_Cygnus",
          "Result": "2-0-0"
        },
        {
          "Player1": "BirdFlew",
          "Player2": "YaGirlBryn",
          "Result": "2-0-0"
        },
        {
          "Player1": "omair00",
          "Player2": "hermanomlg",
          "Result": "0-2-0"
        },
        {
          "Player1": "Sujiro_Kimimame",
          "Player2": "Shulk",
          "Result": "0-2-0"
        },
        {
          "Player1": "Doomenstein",
          "Player2": "xRagedFurballx",
          "Result": "0-2-0"
        },
        {
          "Player1": "McWinSauce",
          "Player2": "robodude222",
          "Result": "0-0-0"
        },
        {
          "Player1": "telsacow",
          "Player2": "LucasG1ggs",
          "Result": "2-0-0"
        },
        {
          "Player1": "rastaf",
          "Player2": "GzusReturned",
          "Result": "2-0-0"
        },
        {
          "Player1": "makusong24",
          "Player2": "416FrowningTable",
          "Result": "2-0-0"
        },
        {
          "Player1": "PedraStone",
          "Player2": "Bawer",
          "Result": "2-0-0"
        },
        {
          "Player1": "Gianhunter",
          "Player2": "AFitzsimmons",
          "Result": "2-0-0"
        },
        {
          "Player1": "Ale_Mtg",
          "Player2": "4UBro",
          "Result": "2-0-0"
        },
        {
          "Player1": "Prim3Time",
          "Player2": "Shuichi_Saito",
          "Result": "0-2-0"
        },
        {
          "Player1": "Deltacus13",
          "Player2": "foodchainen",
          "Result": "2-0-0"
        },
        {
          "Player1": "MikeEgan",
          "Player2": "Linden_43",
          "Result": "0-2-0"
        },
        {
          "Player1": "LegacyGrinder",
          "Player2": "RezerDeDog",
          "Result": "0-2-0"
        },
        {
          "Player1": "Mikebrav",
          "Player2": "Tunaktunak",
          "Result": "2-0-0"
        },
        {
          "Player1": "Special_Boy",
          "Player2": "Goomy_",
          "Result": "2-0-0"
        },
        {
          "Player1": "pokerswizard",
          "Player2": "MJ_23",
          "Result": "2-0-0"
        },
        {
          "Player1": "Sarlanga",
          "Player2": "VitorCarvalho01",
          "Result": "0-2-0"
        }
      ]
    },
    {
      "RoundName": "Round 3",
      "Matches": [
        {
          "Player1": "SuperCow12653",
          "Player2": "Shuichi_Saito",
          "Result": "0-2-0"
        },
        {
          "Player1": "Sapoa",
          "Player2": "PedraStone",
          "Result": "2-0-0"
        },
        {
          "Player1": "Doomenstein",
          "Player2": "chiyou",
          "Result": "0-2-0"
        },
        {
          "Player1": "knighthawkrex",
          "Player2": "Gianhunter",
          "Result": "0-2-0"
        },
        {
          "Player1": "L1X0",
          "Player2": "Special_Boy",
          "Result": "2-1-0"
        },
        {
          "Player1": "Prim3Time",
          "Player2": "Sujiro_Kimimame",
          "Result": "0-2-0"
        },
        {
          "Player1": "Mikebrav",
          "Player2": "Avarax05",
          "Result": "0-2-0"
        },
        {
          "Player1": "marceliiine",
          "Player2": "4UBro",
          "Result": "2-0-0"
        },
        {
          "Player1": "Broco_Lee",
          "Player2": "DookieTrouserMD",
          "Result": "2-0-0"
        },
        {
          "Player1": "Grogore",
          "Player2": "Ivan_Draw_Go",
          "Result": "2-0-0"
        },
        {
          "Player1": "rastaf",
          "Player2": "Terribad",
          "Result": "0-0-0"
        },
        {
          "Player1": "peter780108",
          "Player2": "claudioh",
          "Result": "2-0-0"
        },
        {
          "Player1": "Linden_43",
          "Player2": "VitorCarvalho01",
          "Result": "0-2-0"
        },
        {
          "Player1": "auzzie51",
          "Player2": "_Shikamaru_",
          "Result": "2-0-0"
        },
        {
          "Player1": "levunga21",
          "Player2": "McWinSauce",
          "Result": "0-2-0"
        },
        {
          "Player1": "Capriccioso",
          "Player2": "AJV20",
          "Result": "0-2-0"
        },
        {
          "Player1": "Ale_Mtg",
          "Player2": "AFitzsimmons",
          "Result": "0-2-0"
        },
        {
          "Player1": "ehhh",
          "Player2": "cool95",
          "Result": "0-2-0"
        },
        {
          "Player1": "Goomy_",
          "Player2": "GzusReturned",
          "Result": "0-2-0"
        },
        {
          "Player1": "Rooney56",
          "Player2": "LuffyDoChapeuDePalha",
          "Result": "0-2-0"
        },
        {
          "Player1": "Johnny_Hobbs",
          "Player2": "foodchainen",
          "Result": "0-2-0"
        },
        {
          "Player1": "_Cygnus",
          "Player2": "maytwer",
          "Result": "2-0-0"
        },
        {
          "Player1": "hermanomlg",
          "Player2": "eli2107",
          "Result": "0-2-0"
        },
        {
          "Player1": "deleon91",
          "Player2": "Shulk",
          "Result": "0-2-0"
        },
        {
          "Player1": "kcomedina",
          "Player2": "LucasG1ggs",
          "Result": "0-2-0"
        },
        {
          "Player1": "omair00",
          "Player2": "Bawer",
          "Result": "0-2-0"
        },
        {
          "Player1": "SoulStrong",
          "Player2": "PatrizioSpadoni",
          "Result": "2-0-0"
        },
        {
          "Player1": "DrAntiderivative",
          "Player2": "Univerce",
          "Result": "0-2-0"
        },
        {
          "Player1": "rollo1993",
          "Player2": "Qaeron",
          "Result": "2-0-0"
        },
        {
          "Player1": "pokerswizard",
          "Player2": "xRagedFurballx",
          "Result": "2-0-0"
        },
        {
          "Player1": "telsacow",
          "Player2": "BirdFlew",
          "Result": "2-0-0"
        },
        {
          "Player1": "Tunaktunak",
          "Player2": "InalienableDreamless",
          "Result": "2-0-0"
        },
        {
          "Player1": "MJ_23",
          "Player2": "WadeB",
          "Result": "2-0-0"
        },
        {
          "Player1": "O_danielakos",
          "Player2": "Salty_Orange",
          "Result": "2-0-0"
        },
        {
          "Player1": "makusong24",
          "Player2": "Deltacus13",
          "Result": "2-0-0"
        },
        {
          "Player1": "robodude222",
          "Player2": "RezerDeDog",
          "Result": "0-2-0"
        },
        {
          "Player1": "mortadela",
          "Player2": "TheManLand",
          "Result": "0-0-0"
        },
        {
          "Player1": "Dreddybajs",
          "Player2": "MikeEgan",
          "Result": "2-0-0"
        },
        {
          "Player1": "AdvogadoPaloma",
          "Player2": "YaGirlBryn",
          "Result": "2-0-0"
        },
        {
          "Player1": "Sarlanga",
          "Player2": "DskBayWolf",
          "Result": "0-2-0"
        }
      ]
    },
    {
      "RoundName": "Round 4",
      "Matches": [
        {
          "Player1": "L1X0",
          "Player2": "Avarax05",
          "Result": "0-2-0"
        },
        {
          "Player1": "McWinSauce",
          "Player2": "auzzie51",
          "Result": "1-2-0"
        },
        {
          "Player1": "Terribad",
          "Player2": "Shuichi_Saito",
          "Result": "2-0-0"
        },
        {
          "Player1": "Doomenstein",
          "Player2": "Special_Boy",
          "Result": "2-0-0"
        },
        {
          "Player1": "LucasG1ggs",
          "Player2": "deleon91",
          "Result": "0-2-0"
        },
        {
          "Player1": "RezerDeDog",
          "Player2": "GzusReturned",
          "Result": "0-2-0"
        },
        {
          "Player1": "knighthawkrex",
          "Player2": "Sapoa",
          "Result": "0-2-0"
        },
        {
          "Player1": "Broco_Lee",
          "Player2": "peter780108",
          "Result": "0-2-0"
        },
        {
          "Player1": "telsacow",
          "Player2": "Shulk",
          "Result": "2-0-0"
        },
        {
          "Player1": "MJ_23",
          "Player2": "Univerce",
          "Result": "0-2-0"
        },
        {
          "Player1": "Qaeron",
          "Player2": "AFitzsimmons",
          "Result": "0-0-0"
        },
        {
          "Player1": "pokerswizard",
          "Player2": "VitorCarvalho01",
          "Result": "2-0-0"
        },
        {
          "Player1": "MikeEgan",
          "Player2": "Ale_Mtg",
          "Result": "2-0-0"
        },
        {
          "Player1": "DrAntiderivative",
          "Player2": "BirdFlew",
          "Result": "2-0-0"
        },
        {
          "Player1": "PatrizioSpadoni",
          "Player2": "InalienableDreamless",
          "Result": "2-0-0"
        },
        {
          "Player1": "AJV20",
          "Player2": "Linden_43",
          "Result": "0-2-0"
        },
        {
          "Player1": "Tunaktunak",
          "Player2": "_Cygnus",
          "Result": "0-2-0"
        },
        {
          "Player1": "kcomedina",
          "Player2": "4UBro",
          "Result": "0-0-0"
        },
        {
          "Player1": "PedraStone",
          "Player2": "AdvogadoPaloma",
          "Result": "0-2-0"
        },
        {
          "Player1": "mortadela",
          "Player2": "Grogore",
          "Result": "2-0-0"
        },
        {
          "Player1": "Deltacus13",
          "Player2": "marceliiine",
          "Result": "0-2-0"
        },
        {
          "Player1": "robodude222",
          "Player2": "WadeB",
          "Result": "2-0-0"
        },
        {
          "Player1": "DookieTrouserMD",
          "Player2": "DskBayWolf",
          "Result": "0-2-0"
        },
        {
          "Player1": "SuperCow12653",
          "Player2": "foodchainen",
          "Result": "0-2-0"
        },
        {
          "Player1": "claudioh",
          "Player2": "_Shikamaru_",
          "Result": "0-2-0"
        },
        {
          "Player1": "Mikebrav",
          "Player2": "cool95",
          "Result": "0-2-0"
        },
        {
          "Player1": "Sarlanga",
          "Player2": "hermanomlg",
          "Result": "0-2-0"
        },
        {
          "Player1": "ehhh",
          "Player2": "Sujiro_Kimimame",
          "Result": "0-0-0"
        },
        {
          "Player1": "SoulStrong",
          "Player2": "eli2107",
          "Result": "2-0-0"
        },
        {
          "Player1": "levunga21",
          "Player2": "Dreddybajs",
          "Result": "2-0-0"
        },
        {
          "Player1": "Goomy_",
          "Player2": "YaGirlBryn",
          "Result": "2-0-0"
        },
        {
          "Player1": "LuffyDoChapeuDePalha",
          "Player2": "xRagedFurballx",
          "Result": "2-0-0"
        },
        {
          "Player1": "makusong24",
          "Player2": "chiyou",
          "Result": "0-2-0"
        },
        {
          "Player1": "rollo1993",
          "Player2": "Gianhunter",
          "Result": "2-0-0"
        },
        {
          "Player1": "O_danielakos",
          "Player2": "Bawer",
          "Result": "2-0-0"
        },
        {
          "Player1": "rastaf",
          "Player2": "TheManLand",
          "Result": "0-2-0"
        }
      ]
    },
    {
      "RoundName": "Round 5",
      "Matches": [
        {
          "Player1": "L1X0",
          "Player2": "hermanomlg",
          "Result": "0-2-0"
        },
        {
          "Player1": "Sarlanga",
          "Player2": "BirdFlew",
          "Result": "0-2-0"
        },
        {
          "Player1": "eli2107",
          "Player2": "DookieTrouserMD",
          "Result": "2-0-0"
        },
        {
          "Player1": "Broco_Lee",
          "Player2": "GzusReturned",
          "Result": "2-0-0"
        },
        {
          "Player1": "McWinSauce",
          "Player2": "cool95",
          "Result": "2-0-0"
        },
        {
          "Player1": "deleon91",
          "Player2": "Sujiro_Kimimame",
          "Result": "2-0-0"
        },
        {
          "Player1": "SoulStrong",
          "Player2": "Gianhunter",
          "Result": "0-0-0"
        },
        {
          "Player1": "Terribad",
          "Player2": "_Shikamaru_",
          "Result": "2-0-0"
        },
        {
          "Player1": "RezerDeDog",
          "Player2": "Shuichi_Saito",
          "Result": "2-0-0"
        },
        {
          "Player1": "AJV20",
          "Player2": "foodchainen",
          "Result": "0-2-0"
        },
        {
          "Player1": "MikeEgan",
          "Player2": "xRagedFurballx",
          "Result": "0-0-0"
        },
        {
          "Player1": "Doomenstein",
          "Player2": "Shulk",
          "Result": "2-0-0"
        },
        {
          "Player1": "rastaf",
          "Player2": "AFitzsimmons",
          "Result": "2-0-0"
        },
        {
          "Player1": "Tunaktunak",
          "Player2": "Univerce",
          "Result": "2-0-0"
        },
        {
          "Player1": "makusong24",
          "Player2": "marceliiine",
          "Result": "0-2-0"
        },
        {
          "Player1": "LuffyDoChapeuDePalha",
          "Player2": "Linden_43",
          "Result": "0-2-0"
        },
        {
          "Player1": "DrAntiderivative",
          "Player2": "AdvogadoPaloma",
          "Result": "0-2-0"
        },
        {
          "Player1": "MJ_23",
          "Player2": "PatrizioSpadoni",
          "Result": "2-0-0"
        },
        {
          "Player1": "Qaeron",
          "Player2": "knighthawkrex",
          "Result": "2-0-0"
        },
        {
          "Player1": "ehhh",
          "Player2": "PedraStone",
          "Result": "0-2-0"
        },
        {
          "Player1": "peter780108",
          "Player2": "TheManLand",
          "Result": "2-0-0"
        },
        {
          "Player1": "levunga21",
          "Player2": "_Cygnus",
          "Result": "2-0-0"
        },
        {
          "Player1": "kcomedina",
          "Player2": "Deltacus13",
          "Result": "2-0-0"
        },
        {
          "Player1": "O_danielakos",
          "Player2": "Grogore",
          "Result": "2-0-0"
        },
        {
          "Player1": "telsacow",
          "Player2": "mortadela",
          "Result": "2-0-0"
        },
        {
          "Player1": "4UBro",
          "Player2": "YaGirlBryn",
          "Result": "0-2-0"
        },
        {
          "Player1": "Sapoa",
          "Player2": "VitorCarvalho01",
          "Result": "0-2-0"
        },
        {
          "Player1": "Mikebrav",
          "Player2": "robodude222",
          "Result": "2-0-0"
        },
        {
          "Player1": "chiyou",
          "Player2": "DskBayWolf",
          "Result": "0-2-0"
        },
        {
          "Player1": "LucasG1ggs",
          "Player2": "InalienableDreamless",
          "Result": "0-2-0"
        },
        {
          "Player1": "SuperCow12653",
          "Player2": "Goomy_",
          "Result": "0-2-0"
        },
        {
          "Player1": "pokerswizard",
          "Player2": "auzzie51",
          "Result": "2-0-0"
        },
        {
          "Player1": "rollo1993",
          "Player2": "Avarax05",
          "Result": "2-0-0"
        }
      ]
    },
    {
      "RoundName": "Round 6",
      "Matches": [
        {
          "Player1": "knighthawkrex",
          "Player2": "Shuichi_Saito",
          "Result": "2-0-0"
        },
        {
          "Player1": "kcomedina",
          "Player2": "DookieTrouserMD",
          "Result": "2-0-0"
        },
        {
          "Player1": "LuffyDoChapeuDePalha",
          "Player2": "Doomenstein",
          "Result": "2-0-0"
        },
        {
          "Player1": "L1X0",
          "Player2": "Goomy_",
          "Result": "0-2-0"
        },
        {
          "Player1": "Mikebrav",
          "Player2": "GzusReturned",
          "Result": "2-0-0"
        },
        {
          "Player1": "hermanomlg",
          "Player2": "_Shikamaru_",
          "Result": "0-2-0"
        },
        {
          "Player1": "chiyou",
          "Player2": "RezerDeDog",
          "Result": "0-2-0"
        },
        {
          "Player1": "TheManLand",
          "Player2": "VitorCarvalho01",
          "Result": "2-0-0"
        },
        {
          "Player1": "Tunaktunak",
          "Player2": "O_danielakos",
          "Result": "0-2-0"
        },
        {
          "Player1": "Broco_Lee",
          "Player2": "Gianhunter",
          "Result": "0-2-0"
        },
        {
          "Player1": "mortadela",
          "Player2": "Sapoa",
          "Result": "2-1-0"
        },
        {
          "Player1": "levunga21",
          "Player2": "auzzie51",
          "Result": "2-0-0"
        },
        {
          "Player1": "McWinSauce",
          "Player2": "Terribad",
          "Result": "2-0-0"
        },
        {
          "Player1": "MikeEgan",
          "Player2": "DrAntiderivative",
          "Result": "0-2-0"
        },
        {
          "Player1": "Sarlanga",
          "Player2": "makusong24",
          "Result": "2-0-0"
        },
        {
          "Player1": "pokerswizard",
          "Player2": "peter780108",
          "Result": "0-2-0"
        },
        {
          "Player1": "SuperCow12653",
          "Player2": "YaGirlBryn",
          "Result": "0-0-0"
        },
        {
          "Player1": "AJV20",
          "Player2": "robodude222",
          "Result": "0-2-0"
        },
        {
          "Player1": "rastaf",
          "Player2": "Avarax05",
          "Result": "2-0-0"
        },
        {
          "Player1": "Qaeron",
          "Player2": "cool95",
          "Result": "2-0-0"
        },
        {
          "Player1": "Linden_43",
          "Player2": "DskBayWolf",
          "Result": "2-0-0"
        },
        {
          "Player1": "PedraStone",
          "Player2": "Shulk",
          "Result": "2-0-0"
        },
        {
          "Player1": "telsacow",
          "Player2": "rollo1993",
          "Result": "0-2-0"
        },
        {
          "Player1": "Sujiro_Kimimame",
          "Player2": "InalienableDreamless",
          "Result": "2-0-0"
        },
        {
          "Player1": "SoulStrong",
          "Player2": "_Cygnus",
          "Result": "2-0-0"
        },
        {
          "Player1": "eli2107",
          "Player2": "AFitzsimmons",
          "Result": "2-0-0"
        },
        {
          "Player1": "xRagedFurballx",
          "Player2": "foodchainen",
          "Result": "0-2-0"
        },
        {
          "Player1": "deleon91",
          "Player2": "Univerce",
          "Result": "0-0-0"
        },
        {
          "Player1": "MJ_23",
          "Player2": "marceliiine",
          "Result": "2-0-0"
        },
        {
          "Player1": "BirdFlew",
          "Player2": "AdvogadoPaloma",
          "Result": "2-0-0"
        }
      ]
    },
    {
      "RoundName": "Round 7",
      "Matches": [
        {
          "Player1": "McWinSauce",
          "Player2": "TheManLand",
          "Result": "2-0-0"
        },
        {
          "Player1": "Sarlanga",
          "Player2": "DookieTrouserMD",
          "Result": "2-0-0"
        },
        {
          "Player1": "cool95",
          "Player2": "Sujiro_Kimimame",
          "Result": "2-0-0"
        },
        {
          "Player1": "MJ_23",
          "Player2": "auzzie51",
          "Result": "2-0-0"
        },
        {
          "Player1": "marceliiine",
          "Player2": "chiyou",
          "Result": "0-2-0"
        },
        {
          "Player1": "Qaeron",
          "Player2": "LuffyDoChapeuDePalha",
          "Result": "0-2-0"
        },
        {
          "Player1": "foodchainen",
          "Player2": "VitorCarvalho01",
          "Result": "0-2-0"
        },
        {
          "Player1": "Doomenstein",
          "Player2": "PedraStone",
          "Result": "2-0-0"
        },
        {
          "Player1": "mortadela",
          "Player2": "Avarax05",
          "Result": "2-0-0"
        },
        {
          "Player1": "telsacow",
          "Player2": "O_danielakos",
          "Result": "2-0-0"
        },
        {
          "Player1": "Shulk",
          "Player2": "makusong24",
          "Result": "2-0-0"
        },
        {
          "Player1": "Mikebrav",
          "Player2": "Linden_43",
          "Result": "2-1-0"
        },
        {
          "Player1": "DrAntiderivative",
          "Player2": "Tunaktunak",
          "Result": "0-0-0"
        },
        {
          "Player1": "ehhh",
          "Player2": "Goomy_",
          "Result": "0-2-0"
        },
        {
          "Player1": "kcomedina",
          "Player2": "BirdFlew",
          "Result": "0-0-0"
        },
        {
          "Player1": "robodude222",
          "Player2": "knighthawkrex",
          "Result": "0-2-0"
        },
        {
          "Player1": "rollo1993",
          "Player2": "peter780108",
          "Result": "2-0-0"
        },
        {
          "Player1": "eli2107",
          "Player2": "_Shikamaru_",
          "Result": "0-2-0"
        },
        {
          "Player1": "Univerce",
          "Player2": "GzusReturned",
          "Result": "2-0-0"
        },
        {
          "Player1": "SoulStrong",
          "Player2": "RezerDeDog",
          "Result": "2-0-0"
        },
        {
          "Player1": "Broco_Lee",
          "Player2": "DskBayWolf",
          "Result": "2-0-0"
        },
        {
          "Player1": "levunga21",
          "Player2": "Gianhunter",
          "Result": "0-2-0"
        },
        {
          "Player1": "xRagedFurballx",
          "Player2": "AdvogadoPaloma",
          "Result": "0-2-0"
        },
        {
          "Player1": "rastaf",
          "Player2": "pokerswizard",
          "Result": "2-0-0"
        },
        {
          "Player1": "Terribad",
          "Player2": "deleon91",
          "Result": "0-2-0"
        },
        {
          "Player1": "Sapoa",
          "Player2": "AFitzsimmons",
          "Result": "0-2-0"
        }
      ]
    },
    {
      "RoundName": "Round 8",
      "Matches": [
        {
          "Player1": "pokerswizard",
          "Player2": "peter780108",
          "Result": "0-2-0"
        },
        {
          "Player1": "TheManLand",
          "Player2": "Gianhunter",
          "Result": "2-0-0"
        },
        {
          "Player1": "telsacow",
          "Player2": "rollo1993",
          "Result": "2-0-0"
        },
        {
          "Player1": "rastaf",
          "Player2": "McWinSauce",
          "Result": "0-2-0"
        }
      ]
    },
    {
      "RoundName": "Round 9",
      "Matches": [
        {
          "Player1": "peter780108",
          "Player2": "TheManLand",
          "Result": "0-2-0"
        },
        {
          "Player1": "telsacow",
          "Player2": "McWinSauce",
          "Result": "0-2-0"
        }
      ]
    },
    {
      "RoundName": "Round 10",
      "Matches": [
        {
          "Player1": "McWinSauce",
          "Player2": "TheManLand",
          "Result": "0-2-0"
        }
      ]
    }
  ],
  "Standings": [
    {
      "Rank": 87,
      "Player": "Wishful14",
      "Points": 0,
      "Wins": 0,
      "Losses": 0,
      "Draws": 0,
      "OMWP": 0.3333,
      "GWP": 0,
      "OGWP": 0.3333
    },
    {
      "Rank": 86,
      "Player": "Kampo",
      "Points": 0,
      "Wins": 0,
      "Losses": 0,
      "Draws": 0,
      "OMWP": 0.3333,
      "GWP": 0.3333,
      "OGWP": 0.35710000000000003
    },
    {
      "Rank": 85,
      "Player": "Prim3Time",
      "Points": 0,
      "Wins": 0,
      "Losses": 0,
      "Draws": 0,
      "OMWP": 0.4286,
      "GWP": 0,
      "OGWP": 0.5
    },
    {
      "Rank": 84,
      "Player": "4UBro",
      "Points": 0,
      "Wins": 0,
      "Losses": 0,
      "Draws": 0,
      "OMWP": 0.43329999999999996,
      "GWP": 0.23079999999999998,
      "OGWP": 0.4325
    },
    {
      "Rank": 83,
      "Player": "416FrowningTable",
      "Points": 0,
      "Wins": 0,
      "Losses": 0,
      "Draws": 0,
      "OMWP": 0.4524,
      "GWP": 0.2,
      "OGWP": 0.4035
    },
    {
      "Rank": 82,
      "Player": "Salty_Orange",
      "Points": 0,
      "Wins": 0,
      "Losses": 0,
      "Draws": 0,
      "OMWP": 0.47619999999999996,
      "GWP": 0.25,
      "OGWP": 0.4706
    },
    {
      "Rank": 81,
      "Player": "LegacyGrinder",
      "Points": 0,
      "Wins": 0,
      "Losses": 0,
      "Draws": 0,
      "OMWP": 0.5,
      "GWP": 0.3333,
      "OGWP": 0.4722
    },
    {
      "Rank": 80,
      "Player": "omair00",
      "Points": 0,
      "Wins": 0,
      "Losses": 0,
      "Draws": 0,
      "OMWP": 0.5159,
      "GWP": 0.1429,
      "OGWP": 0.502
    },
    {
      "Rank": 79,
      "Player": "elvin7",
      "Points": 0,
      "Wins": 0,
      "Losses": 0,
      "Draws": 0,
      "OMWP": 0.5714,
      "GWP": 0.3333,
      "OGWP": 0.5444
    },
    {
      "Rank": 78,
      "Player": "Johnny_Hobbs",
      "Points": 0,
      "Wins": 0,
      "Losses": 0,
      "Draws": 0,
      "OMWP": 0.619,
      "GWP": 0,
      "OGWP": 0.5882000000000001
    },
    {
      "Rank": 77,
      "Player": "GTX120",
      "Points": 0,
      "Wins": 0,
      "Losses": 0,
      "Draws": 0,
      "OMWP": 0.6429,
      "GWP": 0,
      "OGWP": 0.5588000000000001
    },
    {
      "Rank": 76,
      "Player": "HouseOfManaMTG",
      "Points": 0,
      "Wins": 0,
      "Losses": 0,
      "Draws": 0,
      "OMWP": 0.6667000000000001,
      "GWP": 0.3333,
      "OGWP": 0.5654
    },
    {
      "Rank": 75,
      "Player": "Ale_Mtg",
      "Points": 3,
      "Wins": 0,
      "Losses": 0,
      "Draws": 0,
      "OMWP": 0.43450000000000005,
      "GWP": 0.3333,
      "OGWP": 0.46140000000000003
    },
    {
      "Rank": 74,
      "Player": "Capriccioso",
      "Points": 3,
      "Wins": 0,
      "Losses": 0,
      "Draws": 0,
      "OMWP": 0.4921,
      "GWP": 0.2857,
      "OGWP": 0.4689
    },
    {
      "Rank": 73,
      "Player": "YaGirlBryn",
      "Points": 3,
      "Wins": 0,
      "Losses": 0,
      "Draws": 0,
      "OMWP": 0.4921,
      "GWP": 0.3125,
      "OGWP": 0.4955
    },
    {
      "Rank": 72,
      "Player": "Deltacus13",
      "Points": 3,
      "Wins": 0,
      "Losses": 0,
      "Draws": 0,
      "OMWP": 0.49520000000000003,
      "GWP": 0.3333,
      "OGWP": 0.49090000000000006
    },
    {
      "Rank": 71,
      "Player": "maytwer",
      "Points": 3,
      "Wins": 0,
      "Losses": 0,
      "Draws": 0,
      "OMWP": 0.5159,
      "GWP": 0.5,
      "OGWP": 0.4824
    },
    {
      "Rank": 70,
      "Player": "LucasG1ggs",
      "Points": 3,
      "Wins": 0,
      "Losses": 0,
      "Draws": 0,
      "OMWP": 0.5333,
      "GWP": 0.2,
      "OGWP": 0.5519
    },
    {
      "Rank": 69,
      "Player": "Ivan_Draw_Go",
      "Points": 3,
      "Wins": 0,
      "Losses": 0,
      "Draws": 0,
      "OMWP": 0.5381,
      "GWP": 0.4286,
      "OGWP": 0.5147999999999999
    },
    {
      "Rank": 68,
      "Player": "Bawer",
      "Points": 3,
      "Wins": 0,
      "Losses": 0,
      "Draws": 0,
      "OMWP": 0.5476,
      "GWP": 0.3333,
      "OGWP": 0.5067
    },
    {
      "Rank": 67,
      "Player": "Special_Boy",
      "Points": 3,
      "Wins": 0,
      "Losses": 0,
      "Draws": 0,
      "OMWP": 0.5476,
      "GWP": 0.4167,
      "OGWP": 0.5152
    },
    {
      "Rank": 66,
      "Player": "WadeB",
      "Points": 3,
      "Wins": 0,
      "Losses": 0,
      "Draws": 0,
      "OMWP": 0.619,
      "GWP": 0.3333,
      "OGWP": 0.5425
    },
    {
      "Rank": 65,
      "Player": "Rooney56",
      "Points": 3,
      "Wins": 0,
      "Losses": 0,
      "Draws": 0,
      "OMWP": 0.619,
      "GWP": 0.44439999999999996,
      "OGWP": 0.5588000000000001
    },
    {
      "Rank": 64,
      "Player": "InalienableDreamless",
      "Points": 6,
      "Wins": 0,
      "Losses": 0,
      "Draws": 0,
      "OMWP": 0.4794,
      "GWP": 0.4375,
      "OGWP": 0.4892
    },
    {
      "Rank": 63,
      "Player": "makusong24",
      "Points": 6,
      "Wins": 0,
      "Losses": 0,
      "Draws": 0,
      "OMWP": 0.483,
      "GWP": 0.3125,
      "OGWP": 0.4771
    },
    {
      "Rank": 62,
      "Player": "SuperCow12653",
      "Points": 6,
      "Wins": 0,
      "Losses": 0,
      "Draws": 0,
      "OMWP": 0.4841,
      "GWP": 0.375,
      "OGWP": 0.49079999999999996
    },
    {
      "Rank": 61,
      "Player": "AJV20",
      "Points": 6,
      "Wins": 0,
      "Losses": 0,
      "Draws": 0,
      "OMWP": 0.4921,
      "GWP": 0.35710000000000003,
      "OGWP": 0.4756
    },
    {
      "Rank": 60,
      "Player": "MikeEgan",
      "Points": 6,
      "Wins": 0,
      "Losses": 0,
      "Draws": 0,
      "OMWP": 0.496,
      "GWP": 0.4667,
      "OGWP": 0.4929
    },
    {
      "Rank": 59,
      "Player": "ehhh",
      "Points": 6,
      "Wins": 0,
      "Losses": 0,
      "Draws": 0,
      "OMWP": 0.5079,
      "GWP": 0.3529,
      "OGWP": 0.5073
    },
    {
      "Rank": 58,
      "Player": "Dreddybajs",
      "Points": 6,
      "Wins": 0,
      "Losses": 0,
      "Draws": 0,
      "OMWP": 0.5238,
      "GWP": 0.5455,
      "OGWP": 0.4975
    },
    {
      "Rank": 57,
      "Player": "L1X0",
      "Points": 6,
      "Wins": 0,
      "Losses": 0,
      "Draws": 0,
      "OMWP": 0.5381,
      "GWP": 0.4,
      "OGWP": 0.5082
    },
    {
      "Rank": 56,
      "Player": "DookieTrouserMD",
      "Points": 6,
      "Wins": 0,
      "Losses": 0,
      "Draws": 0,
      "OMWP": 0.5476,
      "GWP": 0.3125,
      "OGWP": 0.5418999999999999
    },
    {
      "Rank": 55,
      "Player": "Grogore",
      "Points": 6,
      "Wins": 0,
      "Losses": 0,
      "Draws": 0,
      "OMWP": 0.5524,
      "GWP": 0.4667,
      "OGWP": 0.5531
    },
    {
      "Rank": 54,
      "Player": "PatrizioSpadoni",
      "Points": 6,
      "Wins": 0,
      "Losses": 0,
      "Draws": 0,
      "OMWP": 0.581,
      "GWP": 0.4286,
      "OGWP": 0.5686
    },
    {
      "Rank": 53,
      "Player": "claudioh",
      "Points": 6,
      "Wins": 0,
      "Losses": 0,
      "Draws": 0,
      "OMWP": 0.7143,
      "GWP": 0.5,
      "OGWP": 0.6322
    },
    {
      "Rank": 52,
      "Player": "marceliiine",
      "Points": 9,
      "Wins": 0,
      "Losses": 0,
      "Draws": 0,
      "OMWP": 0.4218,
      "GWP": 0.47369999999999995,
      "OGWP": 0.4354
    },
    {
      "Rank": 51,
      "Player": "Sujiro_Kimimame",
      "Points": 9,
      "Wins": 0,
      "Losses": 0,
      "Draws": 0,
      "OMWP": 0.4354,
      "GWP": 0.4706,
      "OGWP": 0.44920000000000004
    },
    {
      "Rank": 50,
      "Player": "hermanomlg",
      "Points": 9,
      "Wins": 0,
      "Losses": 0,
      "Draws": 0,
      "OMWP": 0.4524,
      "GWP": 0.4667,
      "OGWP": 0.4731
    },
    {
      "Rank": 49,
      "Player": "DrAntiderivative",
      "Points": 9,
      "Wins": 0,
      "Losses": 0,
      "Draws": 0,
      "OMWP": 0.46259999999999996,
      "GWP": 0.4118,
      "OGWP": 0.4869
    },
    {
      "Rank": 48,
      "Player": "PedraStone",
      "Points": 9,
      "Wins": 0,
      "Losses": 0,
      "Draws": 0,
      "OMWP": 0.46259999999999996,
      "GWP": 0.47369999999999995,
      "OGWP": 0.47119999999999995
    },
    {
      "Rank": 47,
      "Player": "Sarlanga",
      "Points": 9,
      "Wins": 0,
      "Losses": 0,
      "Draws": 0,
      "OMWP": 0.4932,
      "GWP": 0.5,
      "OGWP": 0.4905
    },
    {
      "Rank": 46,
      "Player": "BirdFlew",
      "Points": 9,
      "Wins": 0,
      "Losses": 0,
      "Draws": 0,
      "OMWP": 0.517,
      "GWP": 0.47619999999999996,
      "OGWP": 0.4917
    },
    {
      "Rank": 45,
      "Player": "Sapoa",
      "Points": 9,
      "Wins": 0,
      "Losses": 0,
      "Draws": 0,
      "OMWP": 0.5238,
      "GWP": 0.5,
      "OGWP": 0.49810000000000004
    },
    {
      "Rank": 44,
      "Player": "robodude222",
      "Points": 9,
      "Wins": 0,
      "Losses": 0,
      "Draws": 0,
      "OMWP": 0.5306000000000001,
      "GWP": 0.4118,
      "OGWP": 0.4808
    },
    {
      "Rank": 43,
      "Player": "Shulk",
      "Points": 9,
      "Wins": 0,
      "Losses": 0,
      "Draws": 0,
      "OMWP": 0.5374,
      "GWP": 0.44439999999999996,
      "OGWP": 0.5147999999999999
    },
    {
      "Rank": 42,
      "Player": "_Cygnus",
      "Points": 9,
      "Wins": 0,
      "Losses": 0,
      "Draws": 0,
      "OMWP": 0.5397,
      "GWP": 0.4667,
      "OGWP": 0.5345
    },
    {
      "Rank": 41,
      "Player": "Shuichi_Saito",
      "Points": 9,
      "Wins": 0,
      "Losses": 0,
      "Draws": 0,
      "OMWP": 0.5397,
      "GWP": 0.5294,
      "OGWP": 0.47450000000000003
    },
    {
      "Rank": 40,
      "Player": "xRagedFurballx",
      "Points": 9,
      "Wins": 0,
      "Losses": 0,
      "Draws": 0,
      "OMWP": 0.5442,
      "GWP": 0.44439999999999996,
      "OGWP": 0.5196999999999999
    },
    {
      "Rank": 39,
      "Player": "GzusReturned",
      "Points": 9,
      "Wins": 0,
      "Losses": 0,
      "Draws": 0,
      "OMWP": 0.6327,
      "GWP": 0.44439999999999996,
      "OGWP": 0.5502
    },
    {
      "Rank": 38,
      "Player": "Goomy_",
      "Points": 12,
      "Wins": 0,
      "Losses": 0,
      "Draws": 0,
      "OMWP": 0.3565,
      "GWP": 0.5789,
      "OGWP": 0.39299999999999996
    },
    {
      "Rank": 37,
      "Player": "kcomedina",
      "Points": 12,
      "Wins": 0,
      "Losses": 0,
      "Draws": 0,
      "OMWP": 0.41090000000000004,
      "GWP": 0.5556,
      "OGWP": 0.426
    },
    {
      "Rank": 36,
      "Player": "AdvogadoPaloma",
      "Points": 12,
      "Wins": 0,
      "Losses": 0,
      "Draws": 0,
      "OMWP": 0.4354,
      "GWP": 0.5625,
      "OGWP": 0.45640000000000003
    },
    {
      "Rank": 35,
      "Player": "foodchainen",
      "Points": 12,
      "Wins": 0,
      "Losses": 0,
      "Draws": 0,
      "OMWP": 0.4558,
      "GWP": 0.5294,
      "OGWP": 0.46240000000000003
    },
    {
      "Rank": 34,
      "Player": "Doomenstein",
      "Points": 12,
      "Wins": 0,
      "Losses": 0,
      "Draws": 0,
      "OMWP": 0.46259999999999996,
      "GWP": 0.5263,
      "OGWP": 0.46990000000000004
    },
    {
      "Rank": 33,
      "Player": "O_danielakos",
      "Points": 12,
      "Wins": 0,
      "Losses": 0,
      "Draws": 0,
      "OMWP": 0.4653,
      "GWP": 0.5882000000000001,
      "OGWP": 0.4678
    },
    {
      "Rank": 32,
      "Player": "knighthawkrex",
      "Points": 12,
      "Wins": 0,
      "Losses": 0,
      "Draws": 0,
      "OMWP": 0.4925,
      "GWP": 0.47369999999999995,
      "OGWP": 0.4927
    },
    {
      "Rank": 31,
      "Player": "Tunaktunak",
      "Points": 12,
      "Wins": 0,
      "Losses": 0,
      "Draws": 0,
      "OMWP": 0.4932,
      "GWP": 0.5625,
      "OGWP": 0.4794
    },
    {
      "Rank": 30,
      "Player": "chiyou",
      "Points": 12,
      "Wins": 0,
      "Losses": 0,
      "Draws": 0,
      "OMWP": 0.5034000000000001,
      "GWP": 0.5882000000000001,
      "OGWP": 0.47619999999999996
    },
    {
      "Rank": 29,
      "Player": "RezerDeDog",
      "Points": 12,
      "Wins": 0,
      "Losses": 0,
      "Draws": 0,
      "OMWP": 0.517,
      "GWP": 0.5,
      "OGWP": 0.5257000000000001
    },
    {
      "Rank": 28,
      "Player": "Univerce",
      "Points": 12,
      "Wins": 0,
      "Losses": 0,
      "Draws": 0,
      "OMWP": 0.5272,
      "GWP": 0.5625,
      "OGWP": 0.5124
    },
    {
      "Rank": 27,
      "Player": "cool95",
      "Points": 12,
      "Wins": 0,
      "Losses": 0,
      "Draws": 0,
      "OMWP": 0.5442,
      "GWP": 0.5556,
      "OGWP": 0.5428000000000001
    },
    {
      "Rank": 26,
      "Player": "eli2107",
      "Points": 12,
      "Wins": 0,
      "Losses": 0,
      "Draws": 0,
      "OMWP": 0.5544,
      "GWP": 0.5294,
      "OGWP": 0.5218
    },
    {
      "Rank": 25,
      "Player": "DskBayWolf",
      "Points": 12,
      "Wins": 0,
      "Losses": 0,
      "Draws": 0,
      "OMWP": 0.5578,
      "GWP": 0.5556,
      "OGWP": 0.5458
    },
    {
      "Rank": 24,
      "Player": "AFitzsimmons",
      "Points": 12,
      "Wins": 0,
      "Losses": 0,
      "Draws": 0,
      "OMWP": 0.5646,
      "GWP": 0.5,
      "OGWP": 0.5263
    },
    {
      "Rank": 23,
      "Player": "Qaeron",
      "Points": 12,
      "Wins": 0,
      "Losses": 0,
      "Draws": 0,
      "OMWP": 0.5986,
      "GWP": 0.5789,
      "OGWP": 0.5323
    },
    {
      "Rank": 22,
      "Player": "Avarax05",
      "Points": 12,
      "Wins": 0,
      "Losses": 0,
      "Draws": 0,
      "OMWP": 0.6259,
      "GWP": 0.5,
      "OGWP": 0.5547
    },
    {
      "Rank": 21,
      "Player": "Terribad",
      "Points": 12,
      "Wins": 0,
      "Losses": 0,
      "Draws": 0,
      "OMWP": 0.6531,
      "GWP": 0.5333,
      "OGWP": 0.6154
    },
    {
      "Rank": 20,
      "Player": "auzzie51",
      "Points": 12,
      "Wins": 0,
      "Losses": 0,
      "Draws": 0,
      "OMWP": 0.6592,
      "GWP": 0.5263,
      "OGWP": 0.6072
    },
    {
      "Rank": 19,
      "Player": "MJ_23",
      "Points": 15,
      "Wins": 0,
      "Losses": 0,
      "Draws": 0,
      "OMWP": 0.4789,
      "GWP": 0.6470999999999999,
      "OGWP": 0.46990000000000004
    },
    {
      "Rank": 18,
      "Player": "_Shikamaru_",
      "Points": 15,
      "Wins": 0,
      "Losses": 0,
      "Draws": 0,
      "OMWP": 0.483,
      "GWP": 0.6470999999999999,
      "OGWP": 0.4842
    },
    {
      "Rank": 17,
      "Player": "deleon91",
      "Points": 15,
      "Wins": 0,
      "Losses": 0,
      "Draws": 0,
      "OMWP": 0.4864,
      "GWP": 0.6875,
      "OGWP": 0.4819
    },
    {
      "Rank": 16,
      "Player": "Mikebrav",
      "Points": 15,
      "Wins": 0,
      "Losses": 0,
      "Draws": 0,
      "OMWP": 0.517,
      "GWP": 0.5556,
      "OGWP": 0.5082
    },
    {
      "Rank": 15,
      "Player": "LuffyDoChapeuDePalha",
      "Points": 15,
      "Wins": 0,
      "Losses": 0,
      "Draws": 0,
      "OMWP": 0.5238,
      "GWP": 0.5882000000000001,
      "OGWP": 0.515
    },
    {
      "Rank": 14,
      "Player": "Linden_43",
      "Points": 15,
      "Wins": 0,
      "Losses": 0,
      "Draws": 0,
      "OMWP": 0.5306000000000001,
      "GWP": 0.6667000000000001,
      "OGWP": 0.5238
    },
    {
      "Rank": 13,
      "Player": "VitorCarvalho01",
      "Points": 15,
      "Wins": 0,
      "Losses": 0,
      "Draws": 0,
      "OMWP": 0.5578,
      "GWP": 0.7059000000000001,
      "OGWP": 0.5389
    },
    {
      "Rank": 12,
      "Player": "levunga21",
      "Points": 15,
      "Wins": 0,
      "Losses": 0,
      "Draws": 0,
      "OMWP": 0.5646,
      "GWP": 0.5789,
      "OGWP": 0.5357999999999999
    },
    {
      "Rank": 11,
      "Player": "Broco_Lee",
      "Points": 15,
      "Wins": 0,
      "Losses": 0,
      "Draws": 0,
      "OMWP": 0.5646,
      "GWP": 0.6111,
      "OGWP": 0.5212
    },
    {
      "Rank": 10,
      "Player": "mortadela",
      "Points": 15,
      "Wins": 0,
      "Losses": 0,
      "Draws": 0,
      "OMWP": 0.5672999999999999,
      "GWP": 0.6667000000000001,
      "OGWP": 0.5266
    },
    {
      "Rank": 9,
      "Player": "SoulStrong",
      "Points": 15,
      "Wins": 0,
      "Losses": 0,
      "Draws": 0,
      "OMWP": 0.6184000000000001,
      "GWP": 0.7059000000000001,
      "OGWP": 0.5398
    },
    {
      "Rank": 8,
      "Player": "pokerswizard",
      "Points": 15,
      "Wins": 0,
      "Losses": 0,
      "Draws": 0,
      "OMWP": 0.6395000000000001,
      "GWP": 0.6315999999999999,
      "OGWP": 0.5628
    },
    {
      "Rank": 7,
      "Player": "rastaf",
      "Points": 18,
      "Wins": 0,
      "Losses": 0,
      "Draws": 0,
      "OMWP": 0.5578,
      "GWP": 0.6315999999999999,
      "OGWP": 0.5077
    },
    {
      "Rank": 6,
      "Player": "Gianhunter",
      "Points": 18,
      "Wins": 0,
      "Losses": 0,
      "Draws": 0,
      "OMWP": 0.6598999999999999,
      "GWP": 0.6667000000000001,
      "OGWP": 0.5687
    },
    {
      "Rank": 5,
      "Player": "rollo1993",
      "Points": 21,
      "Wins": 0,
      "Losses": 0,
      "Draws": 0,
      "OMWP": 0.6053999999999999,
      "GWP": 0.7778,
      "OGWP": 0.5175
    },
    {
      "Rank": 4,
      "Player": "telsacow",
      "Points": 18,
      "Wins": 0,
      "Losses": 0,
      "Draws": 0,
      "OMWP": 0.619,
      "GWP": 0.5789,
      "OGWP": 0.5856
    },
    {
      "Rank": 3,
      "Player": "peter780108",
      "Points": 21,
      "Wins": 0,
      "Losses": 0,
      "Draws": 0,
      "OMWP": 0.6837000000000001,
      "GWP": 0.6315999999999999,
      "OGWP": 0.6238
    },
    {
      "Rank": 2,
      "Player": "McWinSauce",
      "Points": 24,
      "Wins": 0,
      "Losses": 0,
      "Draws": 0,
      "OMWP": 0.6122,
      "GWP": 0.8125,
      "OGWP": 0.5423
    },
    {
      "Rank": 1,
      "Player": "TheManLand",
      "Points": 24,
      "Wins": 0,
      "Losses": 0,
      "Draws": 0,
      "OMWP": 0.7448999999999999,
      "GWP": 0.6111,
      "OGWP": 0.6546
    }
  ]
}