[
  {
    "archetype":"Storm",
    "winrate_mean":0.1436,
    "winrate_std":0.3516,
    "sample_size":195,
    "total_wins":140,
    "total_losses":0,
    "total_matches":140,
    "unique_players":91,
    "ci_lower":0.9732937996,
    "ci_upper":1.0,
    "metagame_share":0.2466124661,
    "tier":"Tier 1"
  },
  {
    "archetype":"Mono Red Aggro",
    "winrate_mean":0.1783,
    "winrate_std":0.384,
    "sample_size":157,
    "total_wins":140,
    "total_losses":0,
    "total_matches":140,
    "unique_players":90,
    "ci_lower":0.9732937996,
    "ci_upper":1.0,
    "metagame_share":0.243902439,
    "tier":"Tier 1"
  },
  {
    "archetype":"Dimir Deck",
    "winrate_mean":0.1557,
    "winrate_std":0.3637,
    "sample_size":167,
    "total_wins":130,
    "total_losses":0,
    "total_matches":130,
    "unique_players":60,
    "ci_lower":0.9712984388,
    "ci_upper":1.0,
    "metagame_share":0.162601626,
    "tier":"Tier 1"
  },
  {
    "archetype":"Izzet Deck",
    "winrate_mean":0.3415,
    "winrate_std":0.4801,
    "sample_size":41,
    "total_wins":70,
    "total_losses":0,
    "total_matches":70,
    "unique_players":21,
    "ci_lower":0.9479769376,
    "ci_upper":1.0,
    "metagame_share":0.0569105691,
    "tier":"Tier 1"
  },
  {
    "archetype":"Azorius Deck",
    "winrate_mean":0.4444,
    "winrate_std":0.5064,
    "sample_size":27,
    "total_wins":60,
    "total_losses":0,
    "total_matches":60,
    "unique_players":12,
    "ci_lower":0.9398281479,
    "ci_upper":1.0,
    "metagame_share":0.0325203252,
    "tier":"Tier 1"
  },
  {
    "archetype":"Boros Deck",
    "winrate_mean":0.4,
    "winrate_std":0.5071,
    "sample_size":15,
    "total_wins":30,
    "total_losses":0,
    "total_matches":30,
    "unique_players":9,
    "ci_lower":0.8864866068,
    "ci_upper":1.0,
    "metagame_share":0.0243902439,
    "tier":"Tier 1"
  },
  {
    "archetype":"Autres",
    "winrate_mean":0.2069,
    "winrate_std":0.4123,
    "sample_size":29,
    "total_wins":30,
    "total_losses":0,
    "total_matches":30,
    "unique_players":18,
    "ci_lower":0.8864866068,
    "ci_upper":1.0,
    "metagame_share":0.0487804878,
    "tier":"Tier 1"
  },
  {
    "archetype":"Selesnya Deck",
    "winrate_mean":0.375,
    "winrate_std":0.5,
    "sample_size":16,
    "total_wins":30,
    "total_losses":0,
    "total_matches":30,
    "unique_players":8,
    "ci_lower":0.8864866068,
    "ci_upper":1.0,
    "metagame_share":0.0216802168,
    "tier":"Tier 1"
  },
  {
    "archetype":"Burn",
    "winrate_mean":0.5,
    "winrate_std":0.5774,
    "sample_size":4,
    "total_wins":10,
    "total_losses":0,
    "total_matches":10,
    "unique_players":1,
    "ci_lower":0.7224672001,
    "ci_upper":1.0,
    "metagame_share":0.0027100271,
    "tier":"Tier 1"
  },
  {
    "archetype":"Dimir Control",
    "winrate_mean":0.2,
    "winrate_std":0.4216,
    "sample_size":10,
    "total_wins":10,
    "total_losses":0,
    "total_matches":10,
    "unique_players":8,
    "ci_lower":0.7224672001,
    "ci_upper":1.0,
    "metagame_share":0.0216802168,
    "tier":"Tier 1"
  },
  {
    "archetype":"Golgari Deck",
    "winrate_mean":0.1538,
    "winrate_std":0.3755,
    "sample_size":13,
    "total_wins":10,
    "total_losses":0,
    "total_matches":10,
    "unique_players":9,
    "ci_lower":0.7224672001,
    "ci_upper":1.0,
    "metagame_share":0.0243902439,
    "tier":"Tier 1"
  },
  {
    "archetype":"Gruul Deck",
    "winrate_mean":0.4,
    "winrate_std":0.5477,
    "sample_size":5,
    "total_wins":10,
    "total_losses":0,
    "total_matches":10,
    "unique_players":2,
    "ci_lower":0.7224672001,
    "ci_upper":1.0,
    "metagame_share":0.0054200542,
    "tier":"Tier 1"
  },
  {
    "archetype":"Jeskai Deck",
    "winrate_mean":0.1333,
    "winrate_std":0.3519,
    "sample_size":15,
    "total_wins":10,
    "total_losses":0,
    "total_matches":10,
    "unique_players":8,
    "ci_lower":0.7224672001,
    "ci_upper":1.0,
    "metagame_share":0.0216802168,
    "tier":"Tier 1"
  },
  {
    "archetype":"Rakdos Deck",
    "winrate_mean":0.2857,
    "winrate_std":0.488,
    "sample_size":7,
    "total_wins":10,
    "total_losses":0,
    "total_matches":10,
    "unique_players":5,
    "ci_lower":0.7224672001,
    "ci_upper":1.0,
    "metagame_share":0.0135501355,
    "tier":"Tier 1"
  },
  {
    "archetype":"Orzhov Deck",
    "winrate_mean":0.0,
    "winrate_std":0.0,
    "sample_size":11,
    "total_wins":0,
    "total_losses":0,
    "total_matches":0,
    "unique_players":7,
    "ci_lower":0.0,
    "ci_upper":1.0,
    "metagame_share":0.0189701897,
    "tier":null
  },
  {
    "archetype":"Abzan Deck",
    "winrate_mean":0.0,
    "winrate_std":0.0,
    "sample_size":3,
    "total_wins":0,
    "total_losses":0,
    "total_matches":0,
    "unique_players":3,
    "ci_lower":0.0,
    "ci_upper":1.0,
    "metagame_share":0.0081300813,
    "tier":null
  },
  {
    "archetype":"Naya Deck",
    "winrate_mean":0.0,
    "winrate_std":null,
    "sample_size":1,
    "total_wins":0,
    "total_losses":0,
    "total_matches":0,
    "unique_players":1,
    "ci_lower":0.0,
    "ci_upper":1.0,
    "metagame_share":0.0027100271,
    "tier":null
  },
  {
    "archetype":"Jund Deck",
    "winrate_mean":0.0,
    "winrate_std":null,
    "sample_size":1,
    "total_wins":0,
    "total_losses":0,
    "total_matches":0,
    "unique_players":1,
    "ci_lower":0.0,
    "ci_upper":1.0,
    "metagame_share":0.0027100271,
    "tier":null
  },
  {
    "archetype":"Bant Ramp",
    "winrate_mean":0.0,
    "winrate_std":0.0,
    "sample_size":17,
    "total_wins":0,
    "total_losses":0,
    "total_matches":0,
    "unique_players":14,
    "ci_lower":0.0,
    "ci_upper":1.0,
    "metagame_share":0.0379403794,
    "tier":null
  },
  {
    "archetype":"Sultai Deck",
    "winrate_mean":0.0,
    "winrate_std":null,
    "sample_size":1,
    "total_wins":0,
    "total_losses":0,
    "total_matches":0,
    "unique_players":1,
    "ci_lower":0.0,
    "ci_upper":1.0,
    "metagame_share":0.0027100271,
    "tier":null
  }
]