[
  {
    "archetype_a":"Abzan Deck",
    "archetype_b":"Autres",
    "wins":1,
    "losses":4,
    "total_matches":5,
    "winrate":0.2,
    "ci_lower":0.0362241086,
    "ci_upper":0.6244653702
  },
  {
    "archetype_a":"Abzan Deck",
    "archetype_b":"Azorius Deck",
    "wins":0,
    "losses":5,
    "total_matches":5,
    "winrate":0.0,
    "ci_lower":0.0,
    "ci_upper":0.4344824648
  },
  {
    "archetype_a":"Abzan Deck",
    "archetype_b":"Bant Ramp",
    "wins":3,
    "losses":2,
    "total_matches":5,
    "winrate":0.6,
    "ci_lower":0.2307242813,
    "ci_upper":0.8823792258
  },
  {
    "archetype_a":"Abzan Deck",
    "archetype_b":"Boros Deck",
    "wins":1,
    "losses":4,
    "total_matches":5,
    "winrate":0.2,
    "ci_lower":0.0362241086,
    "ci_upper":0.6244653702
  },
  {
    "archetype_a":"Abzan Deck",
    "archetype_b":"Burn",
    "wins":3,
    "losses":2,
    "total_matches":5,
    "winrate":0.6,
    "ci_lower":0.2307242813,
    "ci_upper":0.8823792258
  },
  {
    "archetype_a":"Abzan Deck",
    "archetype_b":"Dimir Control",
    "wins":1,
    "losses":4,
    "total_matches":5,
    "winrate":0.2,
    "ci_lower":0.0362241086,
    "ci_upper":0.6244653702
  },
  {
    "archetype_a":"Abzan Deck",
    "archetype_b":"Dimir Deck",
    "wins":2,
    "losses":3,
    "total_matches":5,
    "winrate":0.4,
    "ci_lower":0.1176207742,
    "ci_upper":0.7692757187
  },
  {
    "archetype_a":"Abzan Deck",
    "archetype_b":"Golgari Deck",
    "wins":0,
    "losses":5,
    "total_matches":5,
    "winrate":0.0,
    "ci_lower":0.0,
    "ci_upper":0.4344824648
  },
  {
    "archetype_a":"Abzan Deck",
    "archetype_b":"Gruul Deck",
    "wins":3,
    "losses":2,
    "total_matches":5,
    "winrate":0.6,
    "ci_lower":0.2307242813,
    "ci_upper":0.8823792258
  },
  {
    "archetype_a":"Abzan Deck",
    "archetype_b":"Izzet Deck",
    "wins":2,
    "losses":3,
    "total_matches":5,
    "winrate":0.4,
    "ci_lower":0.1176207742,
    "ci_upper":0.7692757187
  },
  {
    "archetype_a":"Abzan Deck",
    "archetype_b":"Jeskai Deck",
    "wins":2,
    "losses":3,
    "total_matches":5,
    "winrate":0.4,
    "ci_lower":0.1176207742,
    "ci_upper":0.7692757187
  },
  {
    "archetype_a":"Abzan Deck",
    "archetype_b":"Jund Deck",
    "wins":2,
    "losses":3,
    "total_matches":5,
    "winrate":0.4,
    "ci_lower":0.1176207742,
    "ci_upper":0.7692757187
  },
  {
    "archetype_a":"Abzan Deck",
    "archetype_b":"Mono Red Aggro",
    "wins":4,
    "losses":1,
    "total_matches":5,
    "winrate":0.8,
    "ci_lower":0.3755346298,
    "ci_upper":0.9637758914
  },
  {
    "archetype_a":"Abzan Deck",
    "archetype_b":"Naya Deck",
    "wins":1,
    "losses":4,
    "total_matches":5,
    "winrate":0.2,
    "ci_lower":0.0362241086,
    "ci_upper":0.6244653702
  },
  {
    "archetype_a":"Abzan Deck",
    "archetype_b":"Orzhov Deck",
    "wins":4,
    "losses":1,
    "total_matches":5,
    "winrate":0.8,
    "ci_lower":0.3755346298,
    "ci_upper":0.9637758914
  },
  {
    "archetype_a":"Abzan Deck",
    "archetype_b":"Rakdos Deck",
    "wins":3,
    "losses":2,
    "total_matches":5,
    "winrate":0.6,
    "ci_lower":0.2307242813,
    "ci_upper":0.8823792258
  },
  {
    "archetype_a":"Abzan Deck",
    "archetype_b":"Selesnya Deck",
    "wins":1,
    "losses":4,
    "total_matches":5,
    "winrate":0.2,
    "ci_lower":0.0362241086,
    "ci_upper":0.6244653702
  },
  {
    "archetype_a":"Abzan Deck",
    "archetype_b":"Storm",
    "wins":3,
    "losses":2,
    "total_matches":5,
    "winrate":0.6,
    "ci_lower":0.2307242813,
    "ci_upper":0.8823792258
  },
  {
    "archetype_a":"Abzan Deck",
    "archetype_b":"Sultai Deck",
    "wins":2,
    "losses":3,
    "total_matches":5,
    "winrate":0.4,
    "ci_lower":0.1176207742,
    "ci_upper":0.7692757187
  },
  {
    "archetype_a":"Autres",
    "archetype_b":"Abzan Deck",
    "wins":4,
    "losses":1,
    "total_matches":5,
    "winrate":0.8,
    "ci_lower":0.3755346298,
    "ci_upper":0.9637758914
  },
  {
    "archetype_a":"Autres",
    "archetype_b":"Azorius Deck",
    "wins":4,
    "losses":9,
    "total_matches":13,
    "winrate":0.3076923077,
    "ci_lower":0.1268070366,
    "ci_upper":0.5763065682
  },
  {
    "archetype_a":"Autres",
    "archetype_b":"Bant Ramp",
    "wins":3,
    "losses":5,
    "total_matches":8,
    "winrate":0.375,
    "ci_lower":0.1368442858,
    "ci_upper":0.6942576054
  },
  {
    "archetype_a":"Autres",
    "archetype_b":"Boros Deck",
    "wins":4,
    "losses":3,
    "total_matches":7,
    "winrate":0.5714285714,
    "ci_lower":0.2504583645,
    "ci_upper":0.8417801447
  },
  {
    "archetype_a":"Autres",
    "archetype_b":"Burn",
    "wins":2,
    "losses":3,
    "total_matches":5,
    "winrate":0.4,
    "ci_lower":0.1176207742,
    "ci_upper":0.7692757187
  },
  {
    "archetype_a":"Autres",
    "archetype_b":"Dimir Control",
    "wins":3,
    "losses":2,
    "total_matches":5,
    "winrate":0.6,
    "ci_lower":0.2307242813,
    "ci_upper":0.8823792258
  },
  {
    "archetype_a":"Autres",
    "archetype_b":"Dimir Deck",
    "wins":3,
    "losses":11,
    "total_matches":14,
    "winrate":0.2142857143,
    "ci_lower":0.0757138671,
    "ci_upper":0.4758923059
  },
  {
    "archetype_a":"Autres",
    "archetype_b":"Golgari Deck",
    "wins":3,
    "losses":3,
    "total_matches":6,
    "winrate":0.5,
    "ci_lower":0.1876163065,
    "ci_upper":0.8123836935
  },
  {
    "archetype_a":"Autres",
    "archetype_b":"Gruul Deck",
    "wins":2,
    "losses":3,
    "total_matches":5,
    "winrate":0.4,
    "ci_lower":0.1176207742,
    "ci_upper":0.7692757187
  },
  {
    "archetype_a":"Autres",
    "archetype_b":"Izzet Deck",
    "wins":7,
    "losses":7,
    "total_matches":14,
    "winrate":0.5,
    "ci_lower":0.2679920245,
    "ci_upper":0.7320079755
  },
  {
    "archetype_a":"Autres",
    "archetype_b":"Jeskai Deck",
    "wins":3,
    "losses":4,
    "total_matches":7,
    "winrate":0.4285714286,
    "ci_lower":0.1582198553,
    "ci_upper":0.7495416355
  },
  {
    "archetype_a":"Autres",
    "archetype_b":"Jund Deck",
    "wins":4,
    "losses":1,
    "total_matches":5,
    "winrate":0.8,
    "ci_lower":0.3755346298,
    "ci_upper":0.9637758914
  },
  {
    "archetype_a":"Autres",
    "archetype_b":"Mono Red Aggro",
    "wins":9,
    "losses":5,
    "total_matches":14,
    "winrate":0.6428571429,
    "ci_lower":0.387644231,
    "ci_upper":0.8365526825
  },
  {
    "archetype_a":"Autres",
    "archetype_b":"Naya Deck",
    "wins":3,
    "losses":2,
    "total_matches":5,
    "winrate":0.6,
    "ci_lower":0.2307242813,
    "ci_upper":0.8823792258
  },
  {
    "archetype_a":"Autres",
    "archetype_b":"Orzhov Deck",
    "wins":3,
    "losses":2,
    "total_matches":5,
    "winrate":0.6,
    "ci_lower":0.2307242813,
    "ci_upper":0.8823792258
  },
  {
    "archetype_a":"Autres",
    "archetype_b":"Rakdos Deck",
    "wins":2,
    "losses":3,
    "total_matches":5,
    "winrate":0.4,
    "ci_lower":0.1176207742,
    "ci_upper":0.7692757187
  },
  {
    "archetype_a":"Autres",
    "archetype_b":"Selesnya Deck",
    "wins":5,
    "losses":3,
    "total_matches":8,
    "winrate":0.625,
    "ci_lower":0.3057423946,
    "ci_upper":0.8631557142
  },
  {
    "archetype_a":"Autres",
    "archetype_b":"Storm",
    "wins":10,
    "losses":4,
    "total_matches":14,
    "winrate":0.7142857143,
    "ci_lower":0.4535091567,
    "ci_upper":0.8827862136
  },
  {
    "archetype_a":"Autres",
    "archetype_b":"Sultai Deck",
    "wins":1,
    "losses":4,
    "total_matches":5,
    "winrate":0.2,
    "ci_lower":0.0362241086,
    "ci_upper":0.6244653702
  },
  {
    "archetype_a":"Azorius Deck",
    "archetype_b":"Abzan Deck",
    "wins":2,
    "losses":3,
    "total_matches":5,
    "winrate":0.4,
    "ci_lower":0.1176207742,
    "ci_upper":0.7692757187
  },
  {
    "archetype_a":"Azorius Deck",
    "archetype_b":"Autres",
    "wins":8,
    "losses":5,
    "total_matches":13,
    "winrate":0.6153846154,
    "ci_lower":0.3552289151,
    "ci_upper":0.822902922
  },
  {
    "archetype_a":"Azorius Deck",
    "archetype_b":"Bant Ramp",
    "wins":5,
    "losses":3,
    "total_matches":8,
    "winrate":0.625,
    "ci_lower":0.3057423946,
    "ci_upper":0.8631557142
  },
  {
    "archetype_a":"Azorius Deck",
    "archetype_b":"Boros Deck",
    "wins":4,
    "losses":3,
    "total_matches":7,
    "winrate":0.5714285714,
    "ci_lower":0.2504583645,
    "ci_upper":0.8417801447
  },
  {
    "archetype_a":"Azorius Deck",
    "archetype_b":"Burn",
    "wins":2,
    "losses":3,
    "total_matches":5,
    "winrate":0.4,
    "ci_lower":0.1176207742,
    "ci_upper":0.7692757187
  },
  {
    "archetype_a":"Azorius Deck",
    "archetype_b":"Dimir Control",
    "wins":3,
    "losses":2,
    "total_matches":5,
    "winrate":0.6,
    "ci_lower":0.2307242813,
    "ci_upper":0.8823792258
  },
  {
    "archetype_a":"Azorius Deck",
    "archetype_b":"Dimir Deck",
    "wins":8,
    "losses":5,
    "total_matches":13,
    "winrate":0.6153846154,
    "ci_lower":0.3552289151,
    "ci_upper":0.822902922
  },
  {
    "archetype_a":"Azorius Deck",
    "archetype_b":"Golgari Deck",
    "wins":4,
    "losses":2,
    "total_matches":6,
    "winrate":0.6666666667,
    "ci_lower":0.2999933151,
    "ci_upper":0.9032285889
  },
  {
    "archetype_a":"Azorius Deck",
    "archetype_b":"Gruul Deck",
    "wins":3,
    "losses":2,
    "total_matches":5,
    "winrate":0.6,
    "ci_lower":0.2307242813,
    "ci_upper":0.8823792258
  },
  {
    "archetype_a":"Azorius Deck",
    "archetype_b":"Izzet Deck",
    "wins":8,
    "losses":5,
    "total_matches":13,
    "winrate":0.6153846154,
    "ci_lower":0.3552289151,
    "ci_upper":0.822902922
  },
  {
    "archetype_a":"Azorius Deck",
    "archetype_b":"Jeskai Deck",
    "wins":6,
    "losses":1,
    "total_matches":7,
    "winrate":0.8571428571,
    "ci_lower":0.4868721707,
    "ci_upper":0.9743203757
  },
  {
    "archetype_a":"Azorius Deck",
    "archetype_b":"Jund Deck",
    "wins":2,
    "losses":3,
    "total_matches":5,
    "winrate":0.4,
    "ci_lower":0.1176207742,
    "ci_upper":0.7692757187
  },
  {
    "archetype_a":"Azorius Deck",
    "archetype_b":"Mono Red Aggro",
    "wins":8,
    "losses":5,
    "total_matches":13,
    "winrate":0.6153846154,
    "ci_lower":0.3552289151,
    "ci_upper":0.822902922
  },
  {
    "archetype_a":"Azorius Deck",
    "archetype_b":"Naya Deck",
    "wins":3,
    "losses":2,
    "total_matches":5,
    "winrate":0.6,
    "ci_lower":0.2307242813,
    "ci_upper":0.8823792258
  },
  {
    "archetype_a":"Azorius Deck",
    "archetype_b":"Orzhov Deck",
    "wins":3,
    "losses":2,
    "total_matches":5,
    "winrate":0.6,
    "ci_lower":0.2307242813,
    "ci_upper":0.8823792258
  },
  {
    "archetype_a":"Azorius Deck",
    "archetype_b":"Rakdos Deck",
    "wins":3,
    "losses":2,
    "total_matches":5,
    "winrate":0.6,
    "ci_lower":0.2307242813,
    "ci_upper":0.8823792258
  },
  {
    "archetype_a":"Azorius Deck",
    "archetype_b":"Selesnya Deck",
    "wins":3,
    "losses":5,
    "total_matches":8,
    "winrate":0.375,
    "ci_lower":0.1368442858,
    "ci_upper":0.6942576054
  },
  {
    "archetype_a":"Azorius Deck",
    "archetype_b":"Storm",
    "wins":6,
    "losses":7,
    "total_matches":13,
    "winrate":0.4615384615,
    "ci_lower":0.2320606781,
    "ci_upper":0.7085620429
  },
  {
    "archetype_a":"Azorius Deck",
    "archetype_b":"Sultai Deck",
    "wins":3,
    "losses":2,
    "total_matches":5,
    "winrate":0.6,
    "ci_lower":0.2307242813,
    "ci_upper":0.8823792258
  },
  {
    "archetype_a":"Bant Ramp",
    "archetype_b":"Abzan Deck",
    "wins":2,
    "losses":3,
    "total_matches":5,
    "winrate":0.4,
    "ci_lower":0.1176207742,
    "ci_upper":0.7692757187
  },
  {
    "archetype_a":"Bant Ramp",
    "archetype_b":"Autres",
    "wins":5,
    "losses":3,
    "total_matches":8,
    "winrate":0.625,
    "ci_lower":0.3057423946,
    "ci_upper":0.8631557142
  },
  {
    "archetype_a":"Bant Ramp",
    "archetype_b":"Azorius Deck",
    "wins":5,
    "losses":3,
    "total_matches":8,
    "winrate":0.625,
    "ci_lower":0.3057423946,
    "ci_upper":0.8631557142
  },
  {
    "archetype_a":"Bant Ramp",
    "archetype_b":"Boros Deck",
    "wins":1,
    "losses":6,
    "total_matches":7,
    "winrate":0.1428571429,
    "ci_lower":0.0256796243,
    "ci_upper":0.5131278293
  },
  {
    "archetype_a":"Bant Ramp",
    "archetype_b":"Burn",
    "wins":0,
    "losses":5,
    "total_matches":5,
    "winrate":0.0,
    "ci_lower":0.0,
    "ci_upper":0.4344824648
  },
  {
    "archetype_a":"Bant Ramp",
    "archetype_b":"Dimir Control",
    "wins":2,
    "losses":3,
    "total_matches":5,
    "winrate":0.4,
    "ci_lower":0.1176207742,
    "ci_upper":0.7692757187
  },
  {
    "archetype_a":"Bant Ramp",
    "archetype_b":"Dimir Deck",
    "wins":5,
    "losses":3,
    "total_matches":8,
    "winrate":0.625,
    "ci_lower":0.3057423946,
    "ci_upper":0.8631557142
  },
  {
    "archetype_a":"Bant Ramp",
    "archetype_b":"Golgari Deck",
    "wins":3,
    "losses":3,
    "total_matches":6,
    "winrate":0.5,
    "ci_lower":0.1876163065,
    "ci_upper":0.8123836935
  },
  {
    "archetype_a":"Bant Ramp",
    "archetype_b":"Gruul Deck",
    "wins":0,
    "losses":5,
    "total_matches":5,
    "winrate":0.0,
    "ci_lower":0.0,
    "ci_upper":0.4344824648
  },
  {
    "archetype_a":"Bant Ramp",
    "archetype_b":"Izzet Deck",
    "wins":1,
    "losses":7,
    "total_matches":8,
    "winrate":0.125,
    "ci_lower":0.0224174915,
    "ci_upper":0.4708881822
  },
  {
    "archetype_a":"Bant Ramp",
    "archetype_b":"Jeskai Deck",
    "wins":4,
    "losses":3,
    "total_matches":7,
    "winrate":0.5714285714,
    "ci_lower":0.2504583645,
    "ci_upper":0.8417801447
  },
  {
    "archetype_a":"Bant Ramp",
    "archetype_b":"Jund Deck",
    "wins":4,
    "losses":1,
    "total_matches":5,
    "winrate":0.8,
    "ci_lower":0.3755346298,
    "ci_upper":0.9637758914
  },
  {
    "archetype_a":"Bant Ramp",
    "archetype_b":"Mono Red Aggro",
    "wins":3,
    "losses":5,
    "total_matches":8,
    "winrate":0.375,
    "ci_lower":0.1368442858,
    "ci_upper":0.6942576054
  },
  {
    "archetype_a":"Bant Ramp",
    "archetype_b":"Naya Deck",
    "wins":2,
    "losses":3,
    "total_matches":5,
    "winrate":0.4,
    "ci_lower":0.1176207742,
    "ci_upper":0.7692757187
  },
  {
    "archetype_a":"Bant Ramp",
    "archetype_b":"Orzhov Deck",
    "wins":2,
    "losses":3,
    "total_matches":5,
    "winrate":0.4,
    "ci_lower":0.1176207742,
    "ci_upper":0.7692757187
  },
  {
    "archetype_a":"Bant Ramp",
    "archetype_b":"Rakdos Deck",
    "wins":2,
    "losses":3,
    "total_matches":5,
    "winrate":0.4,
    "ci_lower":0.1176207742,
    "ci_upper":0.7692757187
  },
  {
    "archetype_a":"Bant Ramp",
    "archetype_b":"Selesnya Deck",
    "wins":4,
    "losses":4,
    "total_matches":8,
    "winrate":0.5,
    "ci_lower":0.2152160622,
    "ci_upper":0.7847839378
  },
  {
    "archetype_a":"Bant Ramp",
    "archetype_b":"Storm",
    "wins":2,
    "losses":6,
    "total_matches":8,
    "winrate":0.25,
    "ci_lower":0.0714792128,
    "ci_upper":0.5907245697
  },
  {
    "archetype_a":"Bant Ramp",
    "archetype_b":"Sultai Deck",
    "wins":3,
    "losses":2,
    "total_matches":5,
    "winrate":0.6,
    "ci_lower":0.2307242813,
    "ci_upper":0.8823792258
  },
  {
    "archetype_a":"Boros Deck",
    "archetype_b":"Abzan Deck",
    "wins":1,
    "losses":4,
    "total_matches":5,
    "winrate":0.2,
    "ci_lower":0.0362241086,
    "ci_upper":0.6244653702
  },
  {
    "archetype_a":"Boros Deck",
    "archetype_b":"Autres",
    "wins":5,
    "losses":2,
    "total_matches":7,
    "winrate":0.7142857143,
    "ci_lower":0.3589344518,
    "ci_upper":0.917781076
  },
  {
    "archetype_a":"Boros Deck",
    "archetype_b":"Azorius Deck",
    "wins":7,
    "losses":0,
    "total_matches":7,
    "winrate":1.0,
    "ci_lower":0.6456695649,
    "ci_upper":1.0
  },
  {
    "archetype_a":"Boros Deck",
    "archetype_b":"Bant Ramp",
    "wins":5,
    "losses":2,
    "total_matches":7,
    "winrate":0.7142857143,
    "ci_lower":0.3589344518,
    "ci_upper":0.917781076
  },
  {
    "archetype_a":"Boros Deck",
    "archetype_b":"Burn",
    "wins":2,
    "losses":3,
    "total_matches":5,
    "winrate":0.4,
    "ci_lower":0.1176207742,
    "ci_upper":0.7692757187
  },
  {
    "archetype_a":"Boros Deck",
    "archetype_b":"Dimir Control",
    "wins":2,
    "losses":3,
    "total_matches":5,
    "winrate":0.4,
    "ci_lower":0.1176207742,
    "ci_upper":0.7692757187
  },
  {
    "archetype_a":"Boros Deck",
    "archetype_b":"Dimir Deck",
    "wins":4,
    "losses":3,
    "total_matches":7,
    "winrate":0.5714285714,
    "ci_lower":0.2504583645,
    "ci_upper":0.8417801447
  },
  {
    "archetype_a":"Boros Deck",
    "archetype_b":"Golgari Deck",
    "wins":3,
    "losses":3,
    "total_matches":6,
    "winrate":0.5,
    "ci_lower":0.1876163065,
    "ci_upper":0.8123836935
  },
  {
    "archetype_a":"Boros Deck",
    "archetype_b":"Gruul Deck",
    "wins":3,
    "losses":2,
    "total_matches":5,
    "winrate":0.6,
    "ci_lower":0.2307242813,
    "ci_upper":0.8823792258
  },
  {
    "archetype_a":"Boros Deck",
    "archetype_b":"Izzet Deck",
    "wins":4,
    "losses":3,
    "total_matches":7,
    "winrate":0.5714285714,
    "ci_lower":0.2504583645,
    "ci_upper":0.8417801447
  },
  {
    "archetype_a":"Boros Deck",
    "archetype_b":"Jeskai Deck",
    "wins":4,
    "losses":3,
    "total_matches":7,
    "winrate":0.5714285714,
    "ci_lower":0.2504583645,
    "ci_upper":0.8417801447
  },
  {
    "archetype_a":"Boros Deck",
    "archetype_b":"Jund Deck",
    "wins":2,
    "losses":3,
    "total_matches":5,
    "winrate":0.4,
    "ci_lower":0.1176207742,
    "ci_upper":0.7692757187
  },
  {
    "archetype_a":"Boros Deck",
    "archetype_b":"Mono Red Aggro",
    "wins":5,
    "losses":2,
    "total_matches":7,
    "winrate":0.7142857143,
    "ci_lower":0.3589344518,
    "ci_upper":0.917781076
  },
  {
    "archetype_a":"Boros Deck",
    "archetype_b":"Naya Deck",
    "wins":2,
    "losses":3,
    "total_matches":5,
    "winrate":0.4,
    "ci_lower":0.1176207742,
    "ci_upper":0.7692757187
  },
  {
    "archetype_a":"Boros Deck",
    "archetype_b":"Orzhov Deck",
    "wins":2,
    "losses":3,
    "total_matches":5,
    "winrate":0.4,
    "ci_lower":0.1176207742,
    "ci_upper":0.7692757187
  },
  {
    "archetype_a":"Boros Deck",
    "archetype_b":"Rakdos Deck",
    "wins":4,
    "losses":1,
    "total_matches":5,
    "winrate":0.8,
    "ci_lower":0.3755346298,
    "ci_upper":0.9637758914
  },
  {
    "archetype_a":"Boros Deck",
    "archetype_b":"Selesnya Deck",
    "wins":3,
    "losses":4,
    "total_matches":7,
    "winrate":0.4285714286,
    "ci_lower":0.1582198553,
    "ci_upper":0.7495416355
  },
  {
    "archetype_a":"Boros Deck",
    "archetype_b":"Storm",
    "wins":5,
    "losses":2,
    "total_matches":7,
    "winrate":0.7142857143,
    "ci_lower":0.3589344518,
    "ci_upper":0.917781076
  },
  {
    "archetype_a":"Boros Deck",
    "archetype_b":"Sultai Deck",
    "wins":5,
    "losses":0,
    "total_matches":5,
    "winrate":1.0,
    "ci_lower":0.5655175352,
    "ci_upper":1.0
  },
  {
    "archetype_a":"Burn",
    "archetype_b":"Abzan Deck",
    "wins":4,
    "losses":1,
    "total_matches":5,
    "winrate":0.8,
    "ci_lower":0.3755346298,
    "ci_upper":0.9637758914
  },
  {
    "archetype_a":"Burn",
    "archetype_b":"Autres",
    "wins":2,
    "losses":3,
    "total_matches":5,
    "winrate":0.4,
    "ci_lower":0.1176207742,
    "ci_upper":0.7692757187
  },
  {
    "archetype_a":"Burn",
    "archetype_b":"Azorius Deck",
    "wins":3,
    "losses":2,
    "total_matches":5,
    "winrate":0.6,
    "ci_lower":0.2307242813,
    "ci_upper":0.8823792258
  },
  {
    "archetype_a":"Burn",
    "archetype_b":"Bant Ramp",
    "wins":3,
    "losses":2,
    "total_matches":5,
    "winrate":0.6,
    "ci_lower":0.2307242813,
    "ci_upper":0.8823792258
  },
  {
    "archetype_a":"Burn",
    "archetype_b":"Boros Deck",
    "wins":3,
    "losses":2,
    "total_matches":5,
    "winrate":0.6,
    "ci_lower":0.2307242813,
    "ci_upper":0.8823792258
  },
  {
    "archetype_a":"Burn",
    "archetype_b":"Dimir Control",
    "wins":3,
    "losses":2,
    "total_matches":5,
    "winrate":0.6,
    "ci_lower":0.2307242813,
    "ci_upper":0.8823792258
  },
  {
    "archetype_a":"Burn",
    "archetype_b":"Dimir Deck",
    "wins":2,
    "losses":3,
    "total_matches":5,
    "winrate":0.4,
    "ci_lower":0.1176207742,
    "ci_upper":0.7692757187
  },
  {
    "archetype_a":"Burn",
    "archetype_b":"Golgari Deck",
    "wins":4,
    "losses":1,
    "total_matches":5,
    "winrate":0.8,
    "ci_lower":0.3755346298,
    "ci_upper":0.9637758914
  },
  {
    "archetype_a":"Burn",
    "archetype_b":"Gruul Deck",
    "wins":2,
    "losses":3,
    "total_matches":5,
    "winrate":0.4,
    "ci_lower":0.1176207742,
    "ci_upper":0.7692757187
  },
  {
    "archetype_a":"Burn",
    "archetype_b":"Izzet Deck",
    "wins":1,
    "losses":4,
    "total_matches":5,
    "winrate":0.2,
    "ci_lower":0.0362241086,
    "ci_upper":0.6244653702
  },
  {
    "archetype_a":"Burn",
    "archetype_b":"Jeskai Deck",
    "wins":3,
    "losses":2,
    "total_matches":5,
    "winrate":0.6,
    "ci_lower":0.2307242813,
    "ci_upper":0.8823792258
  },
  {
    "archetype_a":"Burn",
    "archetype_b":"Jund Deck",
    "wins":2,
    "losses":3,
    "total_matches":5,
    "winrate":0.4,
    "ci_lower":0.1176207742,
    "ci_upper":0.7692757187
  },
  {
    "archetype_a":"Burn",
    "archetype_b":"Mono Red Aggro",
    "wins":3,
    "losses":2,
    "total_matches":5,
    "winrate":0.6,
    "ci_lower":0.2307242813,
    "ci_upper":0.8823792258
  },
  {
    "archetype_a":"Burn",
    "archetype_b":"Naya Deck",
    "wins":5,
    "losses":0,
    "total_matches":5,
    "winrate":1.0,
    "ci_lower":0.5655175352,
    "ci_upper":1.0
  },
  {
    "archetype_a":"Burn",
    "archetype_b":"Orzhov Deck",
    "wins":2,
    "losses":3,
    "total_matches":5,
    "winrate":0.4,
    "ci_lower":0.1176207742,
    "ci_upper":0.7692757187
  },
  {
    "archetype_a":"Burn",
    "archetype_b":"Rakdos Deck",
    "wins":4,
    "losses":1,
    "total_matches":5,
    "winrate":0.8,
    "ci_lower":0.3755346298,
    "ci_upper":0.9637758914
  },
  {
    "archetype_a":"Burn",
    "archetype_b":"Selesnya Deck",
    "wins":4,
    "losses":1,
    "total_matches":5,
    "winrate":0.8,
    "ci_lower":0.3755346298,
    "ci_upper":0.9637758914
  },
  {
    "archetype_a":"Burn",
    "archetype_b":"Storm",
    "wins":2,
    "losses":3,
    "total_matches":5,
    "winrate":0.4,
    "ci_lower":0.1176207742,
    "ci_upper":0.7692757187
  },
  {
    "archetype_a":"Burn",
    "archetype_b":"Sultai Deck",
    "wins":4,
    "losses":1,
    "total_matches":5,
    "winrate":0.8,
    "ci_lower":0.3755346298,
    "ci_upper":0.9637758914
  },
  {
    "archetype_a":"Dimir Control",
    "archetype_b":"Abzan Deck",
    "wins":2,
    "losses":3,
    "total_matches":5,
    "winrate":0.4,
    "ci_lower":0.1176207742,
    "ci_upper":0.7692757187
  },
  {
    "archetype_a":"Dimir Control",
    "archetype_b":"Autres",
    "wins":4,
    "losses":1,
    "total_matches":5,
    "winrate":0.8,
    "ci_lower":0.3755346298,
    "ci_upper":0.9637758914
  },
  {
    "archetype_a":"Dimir Control",
    "archetype_b":"Azorius Deck",
    "wins":1,
    "losses":4,
    "total_matches":5,
    "winrate":0.2,
    "ci_lower":0.0362241086,
    "ci_upper":0.6244653702
  },
  {
    "archetype_a":"Dimir Control",
    "archetype_b":"Bant Ramp",
    "wins":4,
    "losses":1,
    "total_matches":5,
    "winrate":0.8,
    "ci_lower":0.3755346298,
    "ci_upper":0.9637758914
  },
  {
    "archetype_a":"Dimir Control",
    "archetype_b":"Boros Deck",
    "wins":2,
    "losses":3,
    "total_matches":5,
    "winrate":0.4,
    "ci_lower":0.1176207742,
    "ci_upper":0.7692757187
  },
  {
    "archetype_a":"Dimir Control",
    "archetype_b":"Burn",
    "wins":3,
    "losses":2,
    "total_matches":5,
    "winrate":0.6,
    "ci_lower":0.2307242813,
    "ci_upper":0.8823792258
  },
  {
    "archetype_a":"Dimir Control",
    "archetype_b":"Dimir Deck",
    "wins":1,
    "losses":4,
    "total_matches":5,
    "winrate":0.2,
    "ci_lower":0.0362241086,
    "ci_upper":0.6244653702
  },
  {
    "archetype_a":"Dimir Control",
    "archetype_b":"Golgari Deck",
    "wins":3,
    "losses":2,
    "total_matches":5,
    "winrate":0.6,
    "ci_lower":0.2307242813,
    "ci_upper":0.8823792258
  },
  {
    "archetype_a":"Dimir Control",
    "archetype_b":"Gruul Deck",
    "wins":3,
    "losses":2,
    "total_matches":5,
    "winrate":0.6,
    "ci_lower":0.2307242813,
    "ci_upper":0.8823792258
  },
  {
    "archetype_a":"Dimir Control",
    "archetype_b":"Izzet Deck",
    "wins":1,
    "losses":4,
    "total_matches":5,
    "winrate":0.2,
    "ci_lower":0.0362241086,
    "ci_upper":0.6244653702
  },
  {
    "archetype_a":"Dimir Control",
    "archetype_b":"Jeskai Deck",
    "wins":2,
    "losses":3,
    "total_matches":5,
    "winrate":0.4,
    "ci_lower":0.1176207742,
    "ci_upper":0.7692757187
  },
  {
    "archetype_a":"Dimir Control",
    "archetype_b":"Jund Deck",
    "wins":5,
    "losses":0,
    "total_matches":5,
    "winrate":1.0,
    "ci_lower":0.5655175352,
    "ci_upper":1.0
  },
  {
    "archetype_a":"Dimir Control",
    "archetype_b":"Mono Red Aggro",
    "wins":1,
    "losses":4,
    "total_matches":5,
    "winrate":0.2,
    "ci_lower":0.0362241086,
    "ci_upper":0.6244653702
  },
  {
    "archetype_a":"Dimir Control",
    "archetype_b":"Naya Deck",
    "wins":2,
    "losses":3,
    "total_matches":5,
    "winrate":0.4,
    "ci_lower":0.1176207742,
    "ci_upper":0.7692757187
  },
  {
    "archetype_a":"Dimir Control",
    "archetype_b":"Orzhov Deck",
    "wins":1,
    "losses":4,
    "total_matches":5,
    "winrate":0.2,
    "ci_lower":0.0362241086,
    "ci_upper":0.6244653702
  },
  {
    "archetype_a":"Dimir Control",
    "archetype_b":"Rakdos Deck",
    "wins":2,
    "losses":3,
    "total_matches":5,
    "winrate":0.4,
    "ci_lower":0.1176207742,
    "ci_upper":0.7692757187
  },
  {
    "archetype_a":"Dimir Control",
    "archetype_b":"Selesnya Deck",
    "wins":1,
    "losses":4,
    "total_matches":5,
    "winrate":0.2,
    "ci_lower":0.0362241086,
    "ci_upper":0.6244653702
  },
  {
    "archetype_a":"Dimir Control",
    "archetype_b":"Storm",
    "wins":2,
    "losses":3,
    "total_matches":5,
    "winrate":0.4,
    "ci_lower":0.1176207742,
    "ci_upper":0.7692757187
  },
  {
    "archetype_a":"Dimir Control",
    "archetype_b":"Sultai Deck",
    "wins":2,
    "losses":3,
    "total_matches":5,
    "winrate":0.4,
    "ci_lower":0.1176207742,
    "ci_upper":0.7692757187
  },
  {
    "archetype_a":"Dimir Deck",
    "archetype_b":"Abzan Deck",
    "wins":2,
    "losses":3,
    "total_matches":5,
    "winrate":0.4,
    "ci_lower":0.1176207742,
    "ci_upper":0.7692757187
  },
  {
    "archetype_a":"Dimir Deck",
    "archetype_b":"Autres",
    "wins":3,
    "losses":11,
    "total_matches":14,
    "winrate":0.2142857143,
    "ci_lower":0.0757138671,
    "ci_upper":0.4758923059
  },
  {
    "archetype_a":"Dimir Deck",
    "archetype_b":"Azorius Deck",
    "wins":7,
    "losses":6,
    "total_matches":13,
    "winrate":0.5384615385,
    "ci_lower":0.2914379571,
    "ci_upper":0.7679393219
  },
  {
    "archetype_a":"Dimir Deck",
    "archetype_b":"Bant Ramp",
    "wins":4,
    "losses":4,
    "total_matches":8,
    "winrate":0.5,
    "ci_lower":0.2152160622,
    "ci_upper":0.7847839378
  },
  {
    "archetype_a":"Dimir Deck",
    "archetype_b":"Boros Deck",
    "wins":7,
    "losses":0,
    "total_matches":7,
    "winrate":1.0,
    "ci_lower":0.6456695649,
    "ci_upper":1.0
  },
  {
    "archetype_a":"Dimir Deck",
    "archetype_b":"Burn",
    "wins":3,
    "losses":2,
    "total_matches":5,
    "winrate":0.6,
    "ci_lower":0.2307242813,
    "ci_upper":0.8823792258
  },
  {
    "archetype_a":"Dimir Deck",
    "archetype_b":"Dimir Control",
    "wins":2,
    "losses":3,
    "total_matches":5,
    "winrate":0.4,
    "ci_lower":0.1176207742,
    "ci_upper":0.7692757187
  },
  {
    "archetype_a":"Dimir Deck",
    "archetype_b":"Golgari Deck",
    "wins":1,
    "losses":5,
    "total_matches":6,
    "winrate":0.1666666667,
    "ci_lower":0.0300533697,
    "ci_upper":0.5635028222
  },
  {
    "archetype_a":"Dimir Deck",
    "archetype_b":"Gruul Deck",
    "wins":4,
    "losses":1,
    "total_matches":5,
    "winrate":0.8,
    "ci_lower":0.3755346298,
    "ci_upper":0.9637758914
  },
  {
    "archetype_a":"Dimir Deck",
    "archetype_b":"Izzet Deck",
    "wins":7,
    "losses":13,
    "total_matches":20,
    "winrate":0.35,
    "ci_lower":0.1811918241,
    "ci_upper":0.5671457233
  },
  {
    "archetype_a":"Dimir Deck",
    "archetype_b":"Jeskai Deck",
    "wins":3,
    "losses":4,
    "total_matches":7,
    "winrate":0.4285714286,
    "ci_lower":0.1582198553,
    "ci_upper":0.7495416355
  },
  {
    "archetype_a":"Dimir Deck",
    "archetype_b":"Jund Deck",
    "wins":2,
    "losses":3,
    "total_matches":5,
    "winrate":0.4,
    "ci_lower":0.1176207742,
    "ci_upper":0.7692757187
  },
  {
    "archetype_a":"Dimir Deck",
    "archetype_b":"Mono Red Aggro",
    "wins":30,
    "losses":20,
    "total_matches":50,
    "winrate":0.6,
    "ci_lower":0.4618143775,
    "ci_upper":0.7239161027
  },
  {
    "archetype_a":"Dimir Deck",
    "archetype_b":"Naya Deck",
    "wins":2,
    "losses":3,
    "total_matches":5,
    "winrate":0.4,
    "ci_lower":0.1176207742,
    "ci_upper":0.7692757187
  },
  {
    "archetype_a":"Dimir Deck",
    "archetype_b":"Orzhov Deck",
    "wins":4,
    "losses":1,
    "total_matches":5,
    "winrate":0.8,
    "ci_lower":0.3755346298,
    "ci_upper":0.9637758914
  },
  {
    "archetype_a":"Dimir Deck",
    "archetype_b":"Rakdos Deck",
    "wins":3,
    "losses":2,
    "total_matches":5,
    "winrate":0.6,
    "ci_lower":0.2307242813,
    "ci_upper":0.8823792258
  },
  {
    "archetype_a":"Dimir Deck",
    "archetype_b":"Selesnya Deck",
    "wins":3,
    "losses":5,
    "total_matches":8,
    "winrate":0.375,
    "ci_lower":0.1368442858,
    "ci_upper":0.6942576054
  },
  {
    "archetype_a":"Dimir Deck",
    "archetype_b":"Storm",
    "wins":24,
    "losses":26,
    "total_matches":50,
    "winrate":0.48,
    "ci_lower":0.3479713529,
    "ci_upper":0.6148825511
  },
  {
    "archetype_a":"Dimir Deck",
    "archetype_b":"Sultai Deck",
    "wins":2,
    "losses":3,
    "total_matches":5,
    "winrate":0.4,
    "ci_lower":0.1176207742,
    "ci_upper":0.7692757187
  },
  {
    "archetype_a":"Golgari Deck",
    "archetype_b":"Abzan Deck",
    "wins":2,
    "losses":3,
    "total_matches":5,
    "winrate":0.4,
    "ci_lower":0.1176207742,
    "ci_upper":0.7692757187
  },
  {
    "archetype_a":"Golgari Deck",
    "archetype_b":"Autres",
    "wins":3,
    "losses":3,
    "total_matches":6,
    "winrate":0.5,
    "ci_lower":0.1876163065,
    "ci_upper":0.8123836935
  },
  {
    "archetype_a":"Golgari Deck",
    "archetype_b":"Azorius Deck",
    "wins":1,
    "losses":5,
    "total_matches":6,
    "winrate":0.1666666667,
    "ci_lower":0.0300533697,
    "ci_upper":0.5635028222
  },
  {
    "archetype_a":"Golgari Deck",
    "archetype_b":"Bant Ramp",
    "wins":2,
    "losses":4,
    "total_matches":6,
    "winrate":0.3333333333,
    "ci_lower":0.0967714111,
    "ci_upper":0.7000066849
  },
  {
    "archetype_a":"Golgari Deck",
    "archetype_b":"Boros Deck",
    "wins":3,
    "losses":3,
    "total_matches":6,
    "winrate":0.5,
    "ci_lower":0.1876163065,
    "ci_upper":0.8123836935
  },
  {
    "archetype_a":"Golgari Deck",
    "archetype_b":"Burn",
    "wins":1,
    "losses":4,
    "total_matches":5,
    "winrate":0.2,
    "ci_lower":0.0362241086,
    "ci_upper":0.6244653702
  },
  {
    "archetype_a":"Golgari Deck",
    "archetype_b":"Dimir Control",
    "wins":4,
    "losses":1,
    "total_matches":5,
    "winrate":0.8,
    "ci_lower":0.3755346298,
    "ci_upper":0.9637758914
  },
  {
    "archetype_a":"Golgari Deck",
    "archetype_b":"Dimir Deck",
    "wins":2,
    "losses":4,
    "total_matches":6,
    "winrate":0.3333333333,
    "ci_lower":0.0967714111,
    "ci_upper":0.7000066849
  },
  {
    "archetype_a":"Golgari Deck",
    "archetype_b":"Gruul Deck",
    "wins":4,
    "losses":1,
    "total_matches":5,
    "winrate":0.8,
    "ci_lower":0.3755346298,
    "ci_upper":0.9637758914
  },
  {
    "archetype_a":"Golgari Deck",
    "archetype_b":"Izzet Deck",
    "wins":5,
    "losses":1,
    "total_matches":6,
    "winrate":0.8333333333,
    "ci_lower":0.4364971778,
    "ci_upper":0.9699466303
  },
  {
    "archetype_a":"Golgari Deck",
    "archetype_b":"Jeskai Deck",
    "wins":2,
    "losses":4,
    "total_matches":6,
    "winrate":0.3333333333,
    "ci_lower":0.0967714111,
    "ci_upper":0.7000066849
  },
  {
    "archetype_a":"Golgari Deck",
    "archetype_b":"Jund Deck",
    "wins":3,
    "losses":2,
    "total_matches":5,
    "winrate":0.6,
    "ci_lower":0.2307242813,
    "ci_upper":0.8823792258
  },
  {
    "archetype_a":"Golgari Deck",
    "archetype_b":"Mono Red Aggro",
    "wins":4,
    "losses":2,
    "total_matches":6,
    "winrate":0.6666666667,
    "ci_lower":0.2999933151,
    "ci_upper":0.9032285889
  },
  {
    "archetype_a":"Golgari Deck",
    "archetype_b":"Naya Deck",
    "wins":3,
    "losses":2,
    "total_matches":5,
    "winrate":0.6,
    "ci_lower":0.2307242813,
    "ci_upper":0.8823792258
  },
  {
    "archetype_a":"Golgari Deck",
    "archetype_b":"Orzhov Deck",
    "wins":3,
    "losses":2,
    "total_matches":5,
    "winrate":0.6,
    "ci_lower":0.2307242813,
    "ci_upper":0.8823792258
  },
  {
    "archetype_a":"Golgari Deck",
    "archetype_b":"Rakdos Deck",
    "wins":3,
    "losses":2,
    "total_matches":5,
    "winrate":0.6,
    "ci_lower":0.2307242813,
    "ci_upper":0.8823792258
  },
  {
    "archetype_a":"Golgari Deck",
    "archetype_b":"Selesnya Deck",
    "wins":4,
    "losses":2,
    "total_matches":6,
    "winrate":0.6666666667,
    "ci_lower":0.2999933151,
    "ci_upper":0.9032285889
  },
  {
    "archetype_a":"Golgari Deck",
    "archetype_b":"Storm",
    "wins":4,
    "losses":2,
    "total_matches":6,
    "winrate":0.6666666667,
    "ci_lower":0.2999933151,
    "ci_upper":0.9032285889
  },
  {
    "archetype_a":"Golgari Deck",
    "archetype_b":"Sultai Deck",
    "wins":3,
    "losses":2,
    "total_matches":5,
    "winrate":0.6,
    "ci_lower":0.2307242813,
    "ci_upper":0.8823792258
  },
  {
    "archetype_a":"Gruul Deck",
    "archetype_b":"Abzan Deck",
    "wins":2,
    "losses":3,
    "total_matches":5,
    "winrate":0.4,
    "ci_lower":0.1176207742,
    "ci_upper":0.7692757187
  },
  {
    "archetype_a":"Gruul Deck",
    "archetype_b":"Autres",
    "wins":1,
    "losses":4,
    "total_matches":5,
    "winrate":0.2,
    "ci_lower":0.0362241086,
    "ci_upper":0.6244653702
  },
  {
    "archetype_a":"Gruul Deck",
    "archetype_b":"Azorius Deck",
    "wins":3,
    "losses":2,
    "total_matches":5,
    "winrate":0.6,
    "ci_lower":0.2307242813,
    "ci_upper":0.8823792258
  },
  {
    "archetype_a":"Gruul Deck",
    "archetype_b":"Bant Ramp",
    "wins":1,
    "losses":4,
    "total_matches":5,
    "winrate":0.2,
    "ci_lower":0.0362241086,
    "ci_upper":0.6244653702
  },
  {
    "archetype_a":"Gruul Deck",
    "archetype_b":"Boros Deck",
    "wins":3,
    "losses":2,
    "total_matches":5,
    "winrate":0.6,
    "ci_lower":0.2307242813,
    "ci_upper":0.8823792258
  },
  {
    "archetype_a":"Gruul Deck",
    "archetype_b":"Burn",
    "wins":3,
    "losses":2,
    "total_matches":5,
    "winrate":0.6,
    "ci_lower":0.2307242813,
    "ci_upper":0.8823792258
  },
  {
    "archetype_a":"Gruul Deck",
    "archetype_b":"Dimir Control",
    "wins":4,
    "losses":1,
    "total_matches":5,
    "winrate":0.8,
    "ci_lower":0.3755346298,
    "ci_upper":0.9637758914
  },
  {
    "archetype_a":"Gruul Deck",
    "archetype_b":"Dimir Deck",
    "wins":2,
    "losses":3,
    "total_matches":5,
    "winrate":0.4,
    "ci_lower":0.1176207742,
    "ci_upper":0.7692757187
  },
  {
    "archetype_a":"Gruul Deck",
    "archetype_b":"Golgari Deck",
    "wins":5,
    "losses":0,
    "total_matches":5,
    "winrate":1.0,
    "ci_lower":0.5655175352,
    "ci_upper":1.0
  },
  {
    "archetype_a":"Gruul Deck",
    "archetype_b":"Izzet Deck",
    "wins":3,
    "losses":2,
    "total_matches":5,
    "winrate":0.6,
    "ci_lower":0.2307242813,
    "ci_upper":0.8823792258
  },
  {
    "archetype_a":"Gruul Deck",
    "archetype_b":"Jeskai Deck",
    "wins":3,
    "losses":2,
    "total_matches":5,
    "winrate":0.6,
    "ci_lower":0.2307242813,
    "ci_upper":0.8823792258
  },
  {
    "archetype_a":"Gruul Deck",
    "archetype_b":"Jund Deck",
    "wins":2,
    "losses":3,
    "total_matches":5,
    "winrate":0.4,
    "ci_lower":0.1176207742,
    "ci_upper":0.7692757187
  },
  {
    "archetype_a":"Gruul Deck",
    "archetype_b":"Mono Red Aggro",
    "wins":2,
    "losses":3,
    "total_matches":5,
    "winrate":0.4,
    "ci_lower":0.1176207742,
    "ci_upper":0.7692757187
  },
  {
    "archetype_a":"Gruul Deck",
    "archetype_b":"Naya Deck",
    "wins":2,
    "losses":3,
    "total_matches":5,
    "winrate":0.4,
    "ci_lower":0.1176207742,
    "ci_upper":0.7692757187
  },
  {
    "archetype_a":"Gruul Deck",
    "archetype_b":"Orzhov Deck",
    "wins":3,
    "losses":2,
    "total_matches":5,
    "winrate":0.6,
    "ci_lower":0.2307242813,
    "ci_upper":0.8823792258
  },
  {
    "archetype_a":"Gruul Deck",
    "archetype_b":"Rakdos Deck",
    "wins":3,
    "losses":2,
    "total_matches":5,
    "winrate":0.6,
    "ci_lower":0.2307242813,
    "ci_upper":0.8823792258
  },
  {
    "archetype_a":"Gruul Deck",
    "archetype_b":"Selesnya Deck",
    "wins":5,
    "losses":0,
    "total_matches":5,
    "winrate":1.0,
    "ci_lower":0.5655175352,
    "ci_upper":1.0
  },
  {
    "archetype_a":"Gruul Deck",
    "archetype_b":"Storm",
    "wins":2,
    "losses":3,
    "total_matches":5,
    "winrate":0.4,
    "ci_lower":0.1176207742,
    "ci_upper":0.7692757187
  },
  {
    "archetype_a":"Gruul Deck",
    "archetype_b":"Sultai Deck",
    "wins":4,
    "losses":1,
    "total_matches":5,
    "winrate":0.8,
    "ci_lower":0.3755346298,
    "ci_upper":0.9637758914
  },
  {
    "archetype_a":"Izzet Deck",
    "archetype_b":"Abzan Deck",
    "wins":4,
    "losses":1,
    "total_matches":5,
    "winrate":0.8,
    "ci_lower":0.3755346298,
    "ci_upper":0.9637758914
  },
  {
    "archetype_a":"Izzet Deck",
    "archetype_b":"Autres",
    "wins":5,
    "losses":9,
    "total_matches":14,
    "winrate":0.3571428571,
    "ci_lower":0.1634473175,
    "ci_upper":0.612355769
  },
  {
    "archetype_a":"Izzet Deck",
    "archetype_b":"Azorius Deck",
    "wins":7,
    "losses":6,
    "total_matches":13,
    "winrate":0.5384615385,
    "ci_lower":0.2914379571,
    "ci_upper":0.7679393219
  },
  {
    "archetype_a":"Izzet Deck",
    "archetype_b":"Bant Ramp",
    "wins":7,
    "losses":1,
    "total_matches":8,
    "winrate":0.875,
    "ci_lower":0.5291118178,
    "ci_upper":0.9775825085
  },
  {
    "archetype_a":"Izzet Deck",
    "archetype_b":"Boros Deck",
    "wins":3,
    "losses":4,
    "total_matches":7,
    "winrate":0.4285714286,
    "ci_lower":0.1582198553,
    "ci_upper":0.7495416355
  },
  {
    "archetype_a":"Izzet Deck",
    "archetype_b":"Burn",
    "wins":1,
    "losses":4,
    "total_matches":5,
    "winrate":0.2,
    "ci_lower":0.0362241086,
    "ci_upper":0.6244653702
  },
  {
    "archetype_a":"Izzet Deck",
    "archetype_b":"Dimir Control",
    "wins":1,
    "losses":4,
    "total_matches":5,
    "winrate":0.2,
    "ci_lower":0.0362241086,
    "ci_upper":0.6244653702
  },
  {
    "archetype_a":"Izzet Deck",
    "archetype_b":"Dimir Deck",
    "wins":12,
    "losses":8,
    "total_matches":20,
    "winrate":0.6,
    "ci_lower":0.3865815008,
    "ci_upper":0.7811934676
  },
  {
    "archetype_a":"Izzet Deck",
    "archetype_b":"Golgari Deck",
    "wins":1,
    "losses":5,
    "total_matches":6,
    "winrate":0.1666666667,
    "ci_lower":0.0300533697,
    "ci_upper":0.5635028222
  },
  {
    "archetype_a":"Izzet Deck",
    "archetype_b":"Gruul Deck",
    "wins":2,
    "losses":3,
    "total_matches":5,
    "winrate":0.4,
    "ci_lower":0.1176207742,
    "ci_upper":0.7692757187
  },
  {
    "archetype_a":"Izzet Deck",
    "archetype_b":"Jeskai Deck",
    "wins":3,
    "losses":4,
    "total_matches":7,
    "winrate":0.4285714286,
    "ci_lower":0.1582198553,
    "ci_upper":0.7495416355
  },
  {
    "archetype_a":"Izzet Deck",
    "archetype_b":"Jund Deck",
    "wins":3,
    "losses":2,
    "total_matches":5,
    "winrate":0.6,
    "ci_lower":0.2307242813,
    "ci_upper":0.8823792258
  },
  {
    "archetype_a":"Izzet Deck",
    "archetype_b":"Mono Red Aggro",
    "wins":10,
    "losses":10,
    "total_matches":20,
    "winrate":0.5,
    "ci_lower":0.2992980082,
    "ci_upper":0.7007019918
  },
  {
    "archetype_a":"Izzet Deck",
    "archetype_b":"Naya Deck",
    "wins":3,
    "losses":2,
    "total_matches":5,
    "winrate":0.6,
    "ci_lower":0.2307242813,
    "ci_upper":0.8823792258
  },
  {
    "archetype_a":"Izzet Deck",
    "archetype_b":"Orzhov Deck",
    "wins":4,
    "losses":1,
    "total_matches":5,
    "winrate":0.8,
    "ci_lower":0.3755346298,
    "ci_upper":0.9637758914
  },
  {
    "archetype_a":"Izzet Deck",
    "archetype_b":"Rakdos Deck",
    "wins":2,
    "losses":3,
    "total_matches":5,
    "winrate":0.4,
    "ci_lower":0.1176207742,
    "ci_upper":0.7692757187
  },
  {
    "archetype_a":"Izzet Deck",
    "archetype_b":"Selesnya Deck",
    "wins":4,
    "losses":4,
    "total_matches":8,
    "winrate":0.5,
    "ci_lower":0.2152160622,
    "ci_upper":0.7847839378
  },
  {
    "archetype_a":"Izzet Deck",
    "archetype_b":"Storm",
    "wins":9,
    "losses":11,
    "total_matches":20,
    "winrate":0.45,
    "ci_lower":0.2581978583,
    "ci_upper":0.6579146575
  },
  {
    "archetype_a":"Izzet Deck",
    "archetype_b":"Sultai Deck",
    "wins":2,
    "losses":3,
    "total_matches":5,
    "winrate":0.4,
    "ci_lower":0.1176207742,
    "ci_upper":0.7692757187
  },
  {
    "archetype_a":"Jeskai Deck",
    "archetype_b":"Abzan Deck",
    "wins":2,
    "losses":3,
    "total_matches":5,
    "winrate":0.4,
    "ci_lower":0.1176207742,
    "ci_upper":0.7692757187
  },
  {
    "archetype_a":"Jeskai Deck",
    "archetype_b":"Autres",
    "wins":3,
    "losses":4,
    "total_matches":7,
    "winrate":0.4285714286,
    "ci_lower":0.1582198553,
    "ci_upper":0.7495416355
  },
  {
    "archetype_a":"Jeskai Deck",
    "archetype_b":"Azorius Deck",
    "wins":3,
    "losses":4,
    "total_matches":7,
    "winrate":0.4285714286,
    "ci_lower":0.1582198553,
    "ci_upper":0.7495416355
  },
  {
    "archetype_a":"Jeskai Deck",
    "archetype_b":"Bant Ramp",
    "wins":4,
    "losses":3,
    "total_matches":7,
    "winrate":0.5714285714,
    "ci_lower":0.2504583645,
    "ci_upper":0.8417801447
  },
  {
    "archetype_a":"Jeskai Deck",
    "archetype_b":"Boros Deck",
    "wins":2,
    "losses":5,
    "total_matches":7,
    "winrate":0.2857142857,
    "ci_lower":0.082218924,
    "ci_upper":0.6410655482
  },
  {
    "archetype_a":"Jeskai Deck",
    "archetype_b":"Burn",
    "wins":4,
    "losses":1,
    "total_matches":5,
    "winrate":0.8,
    "ci_lower":0.3755346298,
    "ci_upper":0.9637758914
  },
  {
    "archetype_a":"Jeskai Deck",
    "archetype_b":"Dimir Control",
    "wins":3,
    "losses":2,
    "total_matches":5,
    "winrate":0.6,
    "ci_lower":0.2307242813,
    "ci_upper":0.8823792258
  },
  {
    "archetype_a":"Jeskai Deck",
    "archetype_b":"Dimir Deck",
    "wins":5,
    "losses":2,
    "total_matches":7,
    "winrate":0.7142857143,
    "ci_lower":0.3589344518,
    "ci_upper":0.917781076
  },
  {
    "archetype_a":"Jeskai Deck",
    "archetype_b":"Golgari Deck",
    "wins":2,
    "losses":4,
    "total_matches":6,
    "winrate":0.3333333333,
    "ci_lower":0.0967714111,
    "ci_upper":0.7000066849
  },
  {
    "archetype_a":"Jeskai Deck",
    "archetype_b":"Gruul Deck",
    "wins":1,
    "losses":4,
    "total_matches":5,
    "winrate":0.2,
    "ci_lower":0.0362241086,
    "ci_upper":0.6244653702
  },
  {
    "archetype_a":"Jeskai Deck",
    "archetype_b":"Izzet Deck",
    "wins":4,
    "losses":3,
    "total_matches":7,
    "winrate":0.5714285714,
    "ci_lower":0.2504583645,
    "ci_upper":0.8417801447
  },
  {
    "archetype_a":"Jeskai Deck",
    "archetype_b":"Jund Deck",
    "wins":4,
    "losses":1,
    "total_matches":5,
    "winrate":0.8,
    "ci_lower":0.3755346298,
    "ci_upper":0.9637758914
  },
  {
    "archetype_a":"Jeskai Deck",
    "archetype_b":"Mono Red Aggro",
    "wins":2,
    "losses":5,
    "total_matches":7,
    "winrate":0.2857142857,
    "ci_lower":0.082218924,
    "ci_upper":0.6410655482
  },
  {
    "archetype_a":"Jeskai Deck",
    "archetype_b":"Naya Deck",
    "wins":3,
    "losses":2,
    "total_matches":5,
    "winrate":0.6,
    "ci_lower":0.2307242813,
    "ci_upper":0.8823792258
  },
  {
    "archetype_a":"Jeskai Deck",
    "archetype_b":"Orzhov Deck",
    "wins":4,
    "losses":1,
    "total_matches":5,
    "winrate":0.8,
    "ci_lower":0.3755346298,
    "ci_upper":0.9637758914
  },
  {
    "archetype_a":"Jeskai Deck",
    "archetype_b":"Rakdos Deck",
    "wins":2,
    "losses":3,
    "total_matches":5,
    "winrate":0.4,
    "ci_lower":0.1176207742,
    "ci_upper":0.7692757187
  },
  {
    "archetype_a":"Jeskai Deck",
    "archetype_b":"Selesnya Deck",
    "wins":3,
    "losses":4,
    "total_matches":7,
    "winrate":0.4285714286,
    "ci_lower":0.1582198553,
    "ci_upper":0.7495416355
  },
  {
    "archetype_a":"Jeskai Deck",
    "archetype_b":"Storm",
    "wins":4,
    "losses":3,
    "total_matches":7,
    "winrate":0.5714285714,
    "ci_lower":0.2504583645,
    "ci_upper":0.8417801447
  },
  {
    "archetype_a":"Jeskai Deck",
    "archetype_b":"Sultai Deck",
    "wins":3,
    "losses":2,
    "total_matches":5,
    "winrate":0.6,
    "ci_lower":0.2307242813,
    "ci_upper":0.8823792258
  },
  {
    "archetype_a":"Jund Deck",
    "archetype_b":"Abzan Deck",
    "wins":3,
    "losses":2,
    "total_matches":5,
    "winrate":0.6,
    "ci_lower":0.2307242813,
    "ci_upper":0.8823792258
  },
  {
    "archetype_a":"Jund Deck",
    "archetype_b":"Autres",
    "wins":3,
    "losses":2,
    "total_matches":5,
    "winrate":0.6,
    "ci_lower":0.2307242813,
    "ci_upper":0.8823792258
  },
  {
    "archetype_a":"Jund Deck",
    "archetype_b":"Azorius Deck",
    "wins":2,
    "losses":3,
    "total_matches":5,
    "winrate":0.4,
    "ci_lower":0.1176207742,
    "ci_upper":0.7692757187
  },
  {
    "archetype_a":"Jund Deck",
    "archetype_b":"Bant Ramp",
    "wins":1,
    "losses":4,
    "total_matches":5,
    "winrate":0.2,
    "ci_lower":0.0362241086,
    "ci_upper":0.6244653702
  },
  {
    "archetype_a":"Jund Deck",
    "archetype_b":"Boros Deck",
    "wins":1,
    "losses":4,
    "total_matches":5,
    "winrate":0.2,
    "ci_lower":0.0362241086,
    "ci_upper":0.6244653702
  },
  {
    "archetype_a":"Jund Deck",
    "archetype_b":"Burn",
    "wins":2,
    "losses":3,
    "total_matches":5,
    "winrate":0.4,
    "ci_lower":0.1176207742,
    "ci_upper":0.7692757187
  },
  {
    "archetype_a":"Jund Deck",
    "archetype_b":"Dimir Control",
    "wins":1,
    "losses":4,
    "total_matches":5,
    "winrate":0.2,
    "ci_lower":0.0362241086,
    "ci_upper":0.6244653702
  },
  {
    "archetype_a":"Jund Deck",
    "archetype_b":"Dimir Deck",
    "wins":3,
    "losses":2,
    "total_matches":5,
    "winrate":0.6,
    "ci_lower":0.2307242813,
    "ci_upper":0.8823792258
  },
  {
    "archetype_a":"Jund Deck",
    "archetype_b":"Golgari Deck",
    "wins":1,
    "losses":4,
    "total_matches":5,
    "winrate":0.2,
    "ci_lower":0.0362241086,
    "ci_upper":0.6244653702
  },
  {
    "archetype_a":"Jund Deck",
    "archetype_b":"Gruul Deck",
    "wins":2,
    "losses":3,
    "total_matches":5,
    "winrate":0.4,
    "ci_lower":0.1176207742,
    "ci_upper":0.7692757187
  },
  {
    "archetype_a":"Jund Deck",
    "archetype_b":"Izzet Deck",
    "wins":2,
    "losses":3,
    "total_matches":5,
    "winrate":0.4,
    "ci_lower":0.1176207742,
    "ci_upper":0.7692757187
  },
  {
    "archetype_a":"Jund Deck",
    "archetype_b":"Jeskai Deck",
    "wins":3,
    "losses":2,
    "total_matches":5,
    "winrate":0.6,
    "ci_lower":0.2307242813,
    "ci_upper":0.8823792258
  },
  {
    "archetype_a":"Jund Deck",
    "archetype_b":"Mono Red Aggro",
    "wins":4,
    "losses":1,
    "total_matches":5,
    "winrate":0.8,
    "ci_lower":0.3755346298,
    "ci_upper":0.9637758914
  },
  {
    "archetype_a":"Jund Deck",
    "archetype_b":"Naya Deck",
    "wins":4,
    "losses":1,
    "total_matches":5,
    "winrate":0.8,
    "ci_lower":0.3755346298,
    "ci_upper":0.9637758914
  },
  {
    "archetype_a":"Jund Deck",
    "archetype_b":"Orzhov Deck",
    "wins":1,
    "losses":4,
    "total_matches":5,
    "winrate":0.2,
    "ci_lower":0.0362241086,
    "ci_upper":0.6244653702
  },
  {
    "archetype_a":"Jund Deck",
    "archetype_b":"Rakdos Deck",
    "wins":1,
    "losses":4,
    "total_matches":5,
    "winrate":0.2,
    "ci_lower":0.0362241086,
    "ci_upper":0.6244653702
  },
  {
    "archetype_a":"Jund Deck",
    "archetype_b":"Selesnya Deck",
    "wins":1,
    "losses":4,
    "total_matches":5,
    "winrate":0.2,
    "ci_lower":0.0362241086,
    "ci_upper":0.6244653702
  },
  {
    "archetype_a":"Jund Deck",
    "archetype_b":"Storm",
    "wins":2,
    "losses":3,
    "total_matches":5,
    "winrate":0.4,
    "ci_lower":0.1176207742,
    "ci_upper":0.7692757187
  },
  {
    "archetype_a":"Jund Deck",
    "archetype_b":"Sultai Deck",
    "wins":3,
    "losses":2,
    "total_matches":5,
    "winrate":0.6,
    "ci_lower":0.2307242813,
    "ci_upper":0.8823792258
  },
  {
    "archetype_a":"Mono Red Aggro",
    "archetype_b":"Abzan Deck",
    "wins":4,
    "losses":1,
    "total_matches":5,
    "winrate":0.8,
    "ci_lower":0.3755346298,
    "ci_upper":0.9637758914
  },
  {
    "archetype_a":"Mono Red Aggro",
    "archetype_b":"Autres",
    "wins":9,
    "losses":5,
    "total_matches":14,
    "winrate":0.6428571429,
    "ci_lower":0.387644231,
    "ci_upper":0.8365526825
  },
  {
    "archetype_a":"Mono Red Aggro",
    "archetype_b":"Azorius Deck",
    "wins":5,
    "losses":8,
    "total_matches":13,
    "winrate":0.3846153846,
    "ci_lower":0.177097078,
    "ci_upper":0.6447710849
  },
  {
    "archetype_a":"Mono Red Aggro",
    "archetype_b":"Bant Ramp",
    "wins":2,
    "losses":6,
    "total_matches":8,
    "winrate":0.25,
    "ci_lower":0.0714792128,
    "ci_upper":0.5907245697
  },
  {
    "archetype_a":"Mono Red Aggro",
    "archetype_b":"Boros Deck",
    "wins":2,
    "losses":5,
    "total_matches":7,
    "winrate":0.2857142857,
    "ci_lower":0.082218924,
    "ci_upper":0.6410655482
  },
  {
    "archetype_a":"Mono Red Aggro",
    "archetype_b":"Burn",
    "wins":2,
    "losses":3,
    "total_matches":5,
    "winrate":0.4,
    "ci_lower":0.1176207742,
    "ci_upper":0.7692757187
  },
  {
    "archetype_a":"Mono Red Aggro",
    "archetype_b":"Dimir Control",
    "wins":3,
    "losses":2,
    "total_matches":5,
    "winrate":0.6,
    "ci_lower":0.2307242813,
    "ci_upper":0.8823792258
  },
  {
    "archetype_a":"Mono Red Aggro",
    "archetype_b":"Dimir Deck",
    "wins":24,
    "losses":26,
    "total_matches":50,
    "winrate":0.48,
    "ci_lower":0.3479713529,
    "ci_upper":0.6148825511
  },
  {
    "archetype_a":"Mono Red Aggro",
    "archetype_b":"Golgari Deck",
    "wins":4,
    "losses":2,
    "total_matches":6,
    "winrate":0.6666666667,
    "ci_lower":0.2999933151,
    "ci_upper":0.9032285889
  },
  {
    "archetype_a":"Mono Red Aggro",
    "archetype_b":"Gruul Deck",
    "wins":4,
    "losses":1,
    "total_matches":5,
    "winrate":0.8,
    "ci_lower":0.3755346298,
    "ci_upper":0.9637758914
  },
  {
    "archetype_a":"Mono Red Aggro",
    "archetype_b":"Izzet Deck",
    "wins":12,
    "losses":8,
    "total_matches":20,
    "winrate":0.6,
    "ci_lower":0.3865815008,
    "ci_upper":0.7811934676
  },
  {
    "archetype_a":"Mono Red Aggro",
    "archetype_b":"Jeskai Deck",
    "wins":5,
    "losses":2,
    "total_matches":7,
    "winrate":0.7142857143,
    "ci_lower":0.3589344518,
    "ci_upper":0.917781076
  },
  {
    "archetype_a":"Mono Red Aggro",
    "archetype_b":"Jund Deck",
    "wins":0,
    "losses":5,
    "total_matches":5,
    "winrate":0.0,
    "ci_lower":0.0,
    "ci_upper":0.4344824648
  },
  {
    "archetype_a":"Mono Red Aggro",
    "archetype_b":"Naya Deck",
    "wins":2,
    "losses":3,
    "total_matches":5,
    "winrate":0.4,
    "ci_lower":0.1176207742,
    "ci_upper":0.7692757187
  },
  {
    "archetype_a":"Mono Red Aggro",
    "archetype_b":"Orzhov Deck",
    "wins":3,
    "losses":2,
    "total_matches":5,
    "winrate":0.6,
    "ci_lower":0.2307242813,
    "ci_upper":0.8823792258
  },
  {
    "archetype_a":"Mono Red Aggro",
    "archetype_b":"Rakdos Deck",
    "wins":2,
    "losses":3,
    "total_matches":5,
    "winrate":0.4,
    "ci_lower":0.1176207742,
    "ci_upper":0.7692757187
  },
  {
    "archetype_a":"Mono Red Aggro",
    "archetype_b":"Selesnya Deck",
    "wins":4,
    "losses":4,
    "total_matches":8,
    "winrate":0.5,
    "ci_lower":0.2152160622,
    "ci_upper":0.7847839378
  },
  {
    "archetype_a":"Mono Red Aggro",
    "archetype_b":"Storm",
    "wins":30,
    "losses":20,
    "total_matches":50,
    "winrate":0.6,
    "ci_lower":0.4618143775,
    "ci_upper":0.7239161027
  },
  {
    "archetype_a":"Mono Red Aggro",
    "archetype_b":"Sultai Deck",
    "wins":1,
    "losses":4,
    "total_matches":5,
    "winrate":0.2,
    "ci_lower":0.0362241086,
    "ci_upper":0.6244653702
  },
  {
    "archetype_a":"Naya Deck",
    "archetype_b":"Abzan Deck",
    "wins":1,
    "losses":4,
    "total_matches":5,
    "winrate":0.2,
    "ci_lower":0.0362241086,
    "ci_upper":0.6244653702
  },
  {
    "archetype_a":"Naya Deck",
    "archetype_b":"Autres",
    "wins":3,
    "losses":2,
    "total_matches":5,
    "winrate":0.6,
    "ci_lower":0.2307242813,
    "ci_upper":0.8823792258
  },
  {
    "archetype_a":"Naya Deck",
    "archetype_b":"Azorius Deck",
    "wins":1,
    "losses":4,
    "total_matches":5,
    "winrate":0.2,
    "ci_lower":0.0362241086,
    "ci_upper":0.6244653702
  },
  {
    "archetype_a":"Naya Deck",
    "archetype_b":"Bant Ramp",
    "wins":3,
    "losses":2,
    "total_matches":5,
    "winrate":0.6,
    "ci_lower":0.2307242813,
    "ci_upper":0.8823792258
  },
  {
    "archetype_a":"Naya Deck",
    "archetype_b":"Boros Deck",
    "wins":0,
    "losses":5,
    "total_matches":5,
    "winrate":0.0,
    "ci_lower":0.0,
    "ci_upper":0.4344824648
  },
  {
    "archetype_a":"Naya Deck",
    "archetype_b":"Burn",
    "wins":3,
    "losses":2,
    "total_matches":5,
    "winrate":0.6,
    "ci_lower":0.2307242813,
    "ci_upper":0.8823792258
  },
  {
    "archetype_a":"Naya Deck",
    "archetype_b":"Dimir Control",
    "wins":1,
    "losses":4,
    "total_matches":5,
    "winrate":0.2,
    "ci_lower":0.0362241086,
    "ci_upper":0.6244653702
  },
  {
    "archetype_a":"Naya Deck",
    "archetype_b":"Dimir Deck",
    "wins":3,
    "losses":2,
    "total_matches":5,
    "winrate":0.6,
    "ci_lower":0.2307242813,
    "ci_upper":0.8823792258
  },
  {
    "archetype_a":"Naya Deck",
    "archetype_b":"Golgari Deck",
    "wins":4,
    "losses":1,
    "total_matches":5,
    "winrate":0.8,
    "ci_lower":0.3755346298,
    "ci_upper":0.9637758914
  },
  {
    "archetype_a":"Naya Deck",
    "archetype_b":"Gruul Deck",
    "wins":3,
    "losses":2,
    "total_matches":5,
    "winrate":0.6,
    "ci_lower":0.2307242813,
    "ci_upper":0.8823792258
  },
  {
    "archetype_a":"Naya Deck",
    "archetype_b":"Izzet Deck",
    "wins":4,
    "losses":1,
    "total_matches":5,
    "winrate":0.8,
    "ci_lower":0.3755346298,
    "ci_upper":0.9637758914
  },
  {
    "archetype_a":"Naya Deck",
    "archetype_b":"Jeskai Deck",
    "wins":3,
    "losses":2,
    "total_matches":5,
    "winrate":0.6,
    "ci_lower":0.2307242813,
    "ci_upper":0.8823792258
  },
  {
    "archetype_a":"Naya Deck",
    "archetype_b":"Jund Deck",
    "wins":1,
    "losses":4,
    "total_matches":5,
    "winrate":0.2,
    "ci_lower":0.0362241086,
    "ci_upper":0.6244653702
  },
  {
    "archetype_a":"Naya Deck",
    "archetype_b":"Mono Red Aggro",
    "wins":2,
    "losses":3,
    "total_matches":5,
    "winrate":0.4,
    "ci_lower":0.1176207742,
    "ci_upper":0.7692757187
  },
  {
    "archetype_a":"Naya Deck",
    "archetype_b":"Orzhov Deck",
    "wins":3,
    "losses":2,
    "total_matches":5,
    "winrate":0.6,
    "ci_lower":0.2307242813,
    "ci_upper":0.8823792258
  },
  {
    "archetype_a":"Naya Deck",
    "archetype_b":"Rakdos Deck",
    "wins":0,
    "losses":5,
    "total_matches":5,
    "winrate":0.0,
    "ci_lower":0.0,
    "ci_upper":0.4344824648
  },
  {
    "archetype_a":"Naya Deck",
    "archetype_b":"Selesnya Deck",
    "wins":5,
    "losses":0,
    "total_matches":5,
    "winrate":1.0,
    "ci_lower":0.5655175352,
    "ci_upper":1.0
  },
  {
    "archetype_a":"Naya Deck",
    "archetype_b":"Storm",
    "wins":5,
    "losses":0,
    "total_matches":5,
    "winrate":1.0,
    "ci_lower":0.5655175352,
    "ci_upper":1.0
  },
  {
    "archetype_a":"Naya Deck",
    "archetype_b":"Sultai Deck",
    "wins":5,
    "losses":0,
    "total_matches":5,
    "winrate":1.0,
    "ci_lower":0.5655175352,
    "ci_upper":1.0
  },
  {
    "archetype_a":"Orzhov Deck",
    "archetype_b":"Abzan Deck",
    "wins":3,
    "losses":2,
    "total_matches":5,
    "winrate":0.6,
    "ci_lower":0.2307242813,
    "ci_upper":0.8823792258
  },
  {
    "archetype_a":"Orzhov Deck",
    "archetype_b":"Autres",
    "wins":3,
    "losses":2,
    "total_matches":5,
    "winrate":0.6,
    "ci_lower":0.2307242813,
    "ci_upper":0.8823792258
  },
  {
    "archetype_a":"Orzhov Deck",
    "archetype_b":"Azorius Deck",
    "wins":1,
    "losses":4,
    "total_matches":5,
    "winrate":0.2,
    "ci_lower":0.0362241086,
    "ci_upper":0.6244653702
  },
  {
    "archetype_a":"Orzhov Deck",
    "archetype_b":"Bant Ramp",
    "wins":2,
    "losses":3,
    "total_matches":5,
    "winrate":0.4,
    "ci_lower":0.1176207742,
    "ci_upper":0.7692757187
  },
  {
    "archetype_a":"Orzhov Deck",
    "archetype_b":"Boros Deck",
    "wins":2,
    "losses":3,
    "total_matches":5,
    "winrate":0.4,
    "ci_lower":0.1176207742,
    "ci_upper":0.7692757187
  },
  {
    "archetype_a":"Orzhov Deck",
    "archetype_b":"Burn",
    "wins":2,
    "losses":3,
    "total_matches":5,
    "winrate":0.4,
    "ci_lower":0.1176207742,
    "ci_upper":0.7692757187
  },
  {
    "archetype_a":"Orzhov Deck",
    "archetype_b":"Dimir Control",
    "wins":2,
    "losses":3,
    "total_matches":5,
    "winrate":0.4,
    "ci_lower":0.1176207742,
    "ci_upper":0.7692757187
  },
  {
    "archetype_a":"Orzhov Deck",
    "archetype_b":"Dimir Deck",
    "wins":2,
    "losses":3,
    "total_matches":5,
    "winrate":0.4,
    "ci_lower":0.1176207742,
    "ci_upper":0.7692757187
  },
  {
    "archetype_a":"Orzhov Deck",
    "archetype_b":"Golgari Deck",
    "wins":2,
    "losses":3,
    "total_matches":5,
    "winrate":0.4,
    "ci_lower":0.1176207742,
    "ci_upper":0.7692757187
  },
  {
    "archetype_a":"Orzhov Deck",
    "archetype_b":"Gruul Deck",
    "wins":2,
    "losses":3,
    "total_matches":5,
    "winrate":0.4,
    "ci_lower":0.1176207742,
    "ci_upper":0.7692757187
  },
  {
    "archetype_a":"Orzhov Deck",
    "archetype_b":"Izzet Deck",
    "wins":2,
    "losses":3,
    "total_matches":5,
    "winrate":0.4,
    "ci_lower":0.1176207742,
    "ci_upper":0.7692757187
  },
  {
    "archetype_a":"Orzhov Deck",
    "archetype_b":"Jeskai Deck",
    "wins":2,
    "losses":3,
    "total_matches":5,
    "winrate":0.4,
    "ci_lower":0.1176207742,
    "ci_upper":0.7692757187
  },
  {
    "archetype_a":"Orzhov Deck",
    "archetype_b":"Jund Deck",
    "wins":2,
    "losses":3,
    "total_matches":5,
    "winrate":0.4,
    "ci_lower":0.1176207742,
    "ci_upper":0.7692757187
  },
  {
    "archetype_a":"Orzhov Deck",
    "archetype_b":"Mono Red Aggro",
    "wins":2,
    "losses":3,
    "total_matches":5,
    "winrate":0.4,
    "ci_lower":0.1176207742,
    "ci_upper":0.7692757187
  },
  {
    "archetype_a":"Orzhov Deck",
    "archetype_b":"Naya Deck",
    "wins":3,
    "losses":2,
    "total_matches":5,
    "winrate":0.6,
    "ci_lower":0.2307242813,
    "ci_upper":0.8823792258
  },
  {
    "archetype_a":"Orzhov Deck",
    "archetype_b":"Rakdos Deck",
    "wins":2,
    "losses":3,
    "total_matches":5,
    "winrate":0.4,
    "ci_lower":0.1176207742,
    "ci_upper":0.7692757187
  },
  {
    "archetype_a":"Orzhov Deck",
    "archetype_b":"Selesnya Deck",
    "wins":1,
    "losses":4,
    "total_matches":5,
    "winrate":0.2,
    "ci_lower":0.0362241086,
    "ci_upper":0.6244653702
  },
  {
    "archetype_a":"Orzhov Deck",
    "archetype_b":"Storm",
    "wins":2,
    "losses":3,
    "total_matches":5,
    "winrate":0.4,
    "ci_lower":0.1176207742,
    "ci_upper":0.7692757187
  },
  {
    "archetype_a":"Orzhov Deck",
    "archetype_b":"Sultai Deck",
    "wins":3,
    "losses":2,
    "total_matches":5,
    "winrate":0.6,
    "ci_lower":0.2307242813,
    "ci_upper":0.8823792258
  },
  {
    "archetype_a":"Rakdos Deck",
    "archetype_b":"Abzan Deck",
    "wins":4,
    "losses":1,
    "total_matches":5,
    "winrate":0.8,
    "ci_lower":0.3755346298,
    "ci_upper":0.9637758914
  },
  {
    "archetype_a":"Rakdos Deck",
    "archetype_b":"Autres",
    "wins":1,
    "losses":4,
    "total_matches":5,
    "winrate":0.2,
    "ci_lower":0.0362241086,
    "ci_upper":0.6244653702
  },
  {
    "archetype_a":"Rakdos Deck",
    "archetype_b":"Azorius Deck",
    "wins":1,
    "losses":4,
    "total_matches":5,
    "winrate":0.2,
    "ci_lower":0.0362241086,
    "ci_upper":0.6244653702
  },
  {
    "archetype_a":"Rakdos Deck",
    "archetype_b":"Bant Ramp",
    "wins":3,
    "losses":2,
    "total_matches":5,
    "winrate":0.6,
    "ci_lower":0.2307242813,
    "ci_upper":0.8823792258
  },
  {
    "archetype_a":"Rakdos Deck",
    "archetype_b":"Boros Deck",
    "wins":3,
    "losses":2,
    "total_matches":5,
    "winrate":0.6,
    "ci_lower":0.2307242813,
    "ci_upper":0.8823792258
  },
  {
    "archetype_a":"Rakdos Deck",
    "archetype_b":"Burn",
    "wins":2,
    "losses":3,
    "total_matches":5,
    "winrate":0.4,
    "ci_lower":0.1176207742,
    "ci_upper":0.7692757187
  },
  {
    "archetype_a":"Rakdos Deck",
    "archetype_b":"Dimir Control",
    "wins":3,
    "losses":2,
    "total_matches":5,
    "winrate":0.6,
    "ci_lower":0.2307242813,
    "ci_upper":0.8823792258
  },
  {
    "archetype_a":"Rakdos Deck",
    "archetype_b":"Dimir Deck",
    "wins":2,
    "losses":3,
    "total_matches":5,
    "winrate":0.4,
    "ci_lower":0.1176207742,
    "ci_upper":0.7692757187
  },
  {
    "archetype_a":"Rakdos Deck",
    "archetype_b":"Golgari Deck",
    "wins":3,
    "losses":2,
    "total_matches":5,
    "winrate":0.6,
    "ci_lower":0.2307242813,
    "ci_upper":0.8823792258
  },
  {
    "archetype_a":"Rakdos Deck",
    "archetype_b":"Gruul Deck",
    "wins":3,
    "losses":2,
    "total_matches":5,
    "winrate":0.6,
    "ci_lower":0.2307242813,
    "ci_upper":0.8823792258
  },
  {
    "archetype_a":"Rakdos Deck",
    "archetype_b":"Izzet Deck",
    "wins":4,
    "losses":1,
    "total_matches":5,
    "winrate":0.8,
    "ci_lower":0.3755346298,
    "ci_upper":0.9637758914
  },
  {
    "archetype_a":"Rakdos Deck",
    "archetype_b":"Jeskai Deck",
    "wins":4,
    "losses":1,
    "total_matches":5,
    "winrate":0.8,
    "ci_lower":0.3755346298,
    "ci_upper":0.9637758914
  },
  {
    "archetype_a":"Rakdos Deck",
    "archetype_b":"Jund Deck",
    "wins":5,
    "losses":0,
    "total_matches":5,
    "winrate":1.0,
    "ci_lower":0.5655175352,
    "ci_upper":1.0
  },
  {
    "archetype_a":"Rakdos Deck",
    "archetype_b":"Mono Red Aggro",
    "wins":1,
    "losses":4,
    "total_matches":5,
    "winrate":0.2,
    "ci_lower":0.0362241086,
    "ci_upper":0.6244653702
  },
  {
    "archetype_a":"Rakdos Deck",
    "archetype_b":"Naya Deck",
    "wins":4,
    "losses":1,
    "total_matches":5,
    "winrate":0.8,
    "ci_lower":0.3755346298,
    "ci_upper":0.9637758914
  },
  {
    "archetype_a":"Rakdos Deck",
    "archetype_b":"Orzhov Deck",
    "wins":3,
    "losses":2,
    "total_matches":5,
    "winrate":0.6,
    "ci_lower":0.2307242813,
    "ci_upper":0.8823792258
  },
  {
    "archetype_a":"Rakdos Deck",
    "archetype_b":"Selesnya Deck",
    "wins":3,
    "losses":2,
    "total_matches":5,
    "winrate":0.6,
    "ci_lower":0.2307242813,
    "ci_upper":0.8823792258
  },
  {
    "archetype_a":"Rakdos Deck",
    "archetype_b":"Storm",
    "wins":2,
    "losses":3,
    "total_matches":5,
    "winrate":0.4,
    "ci_lower":0.1176207742,
    "ci_upper":0.7692757187
  },
  {
    "archetype_a":"Rakdos Deck",
    "archetype_b":"Sultai Deck",
    "wins":3,
    "losses":2,
    "total_matches":5,
    "winrate":0.6,
    "ci_lower":0.2307242813,
    "ci_upper":0.8823792258
  },
  {
    "archetype_a":"Selesnya Deck",
    "archetype_b":"Abzan Deck",
    "wins":3,
    "losses":2,
    "total_matches":5,
    "winrate":0.6,
    "ci_lower":0.2307242813,
    "ci_upper":0.8823792258
  },
  {
    "archetype_a":"Selesnya Deck",
    "archetype_b":"Autres",
    "wins":6,
    "losses":2,
    "total_matches":8,
    "winrate":0.75,
    "ci_lower":0.4092754303,
    "ci_upper":0.9285207872
  },
  {
    "archetype_a":"Selesnya Deck",
    "archetype_b":"Azorius Deck",
    "wins":4,
    "losses":4,
    "total_matches":8,
    "winrate":0.5,
    "ci_lower":0.2152160622,
    "ci_upper":0.7847839378
  },
  {
    "archetype_a":"Selesnya Deck",
    "archetype_b":"Bant Ramp",
    "wins":3,
    "losses":5,
    "total_matches":8,
    "winrate":0.375,
    "ci_lower":0.1368442858,
    "ci_upper":0.6942576054
  },
  {
    "archetype_a":"Selesnya Deck",
    "archetype_b":"Boros Deck",
    "wins":3,
    "losses":4,
    "total_matches":7,
    "winrate":0.4285714286,
    "ci_lower":0.1582198553,
    "ci_upper":0.7495416355
  },
  {
    "archetype_a":"Selesnya Deck",
    "archetype_b":"Burn",
    "wins":2,
    "losses":3,
    "total_matches":5,
    "winrate":0.4,
    "ci_lower":0.1176207742,
    "ci_upper":0.7692757187
  },
  {
    "archetype_a":"Selesnya Deck",
    "archetype_b":"Dimir Control",
    "wins":2,
    "losses":3,
    "total_matches":5,
    "winrate":0.4,
    "ci_lower":0.1176207742,
    "ci_upper":0.7692757187
  },
  {
    "archetype_a":"Selesnya Deck",
    "archetype_b":"Dimir Deck",
    "wins":6,
    "losses":2,
    "total_matches":8,
    "winrate":0.75,
    "ci_lower":0.4092754303,
    "ci_upper":0.9285207872
  },
  {
    "archetype_a":"Selesnya Deck",
    "archetype_b":"Golgari Deck",
    "wins":2,
    "losses":4,
    "total_matches":6,
    "winrate":0.3333333333,
    "ci_lower":0.0967714111,
    "ci_upper":0.7000066849
  },
  {
    "archetype_a":"Selesnya Deck",
    "archetype_b":"Gruul Deck",
    "wins":4,
    "losses":1,
    "total_matches":5,
    "winrate":0.8,
    "ci_lower":0.3755346298,
    "ci_upper":0.9637758914
  },
  {
    "archetype_a":"Selesnya Deck",
    "archetype_b":"Izzet Deck",
    "wins":5,
    "losses":3,
    "total_matches":8,
    "winrate":0.625,
    "ci_lower":0.3057423946,
    "ci_upper":0.8631557142
  },
  {
    "archetype_a":"Selesnya Deck",
    "archetype_b":"Jeskai Deck",
    "wins":3,
    "losses":4,
    "total_matches":7,
    "winrate":0.4285714286,
    "ci_lower":0.1582198553,
    "ci_upper":0.7495416355
  },
  {
    "archetype_a":"Selesnya Deck",
    "archetype_b":"Jund Deck",
    "wins":2,
    "losses":3,
    "total_matches":5,
    "winrate":0.4,
    "ci_lower":0.1176207742,
    "ci_upper":0.7692757187
  },
  {
    "archetype_a":"Selesnya Deck",
    "archetype_b":"Mono Red Aggro",
    "wins":2,
    "losses":6,
    "total_matches":8,
    "winrate":0.25,
    "ci_lower":0.0714792128,
    "ci_upper":0.5907245697
  },
  {
    "archetype_a":"Selesnya Deck",
    "archetype_b":"Naya Deck",
    "wins":2,
    "losses":3,
    "total_matches":5,
    "winrate":0.4,
    "ci_lower":0.1176207742,
    "ci_upper":0.7692757187
  },
  {
    "archetype_a":"Selesnya Deck",
    "archetype_b":"Orzhov Deck",
    "wins":2,
    "losses":3,
    "total_matches":5,
    "winrate":0.4,
    "ci_lower":0.1176207742,
    "ci_upper":0.7692757187
  },
  {
    "archetype_a":"Selesnya Deck",
    "archetype_b":"Rakdos Deck",
    "wins":3,
    "losses":2,
    "total_matches":5,
    "winrate":0.6,
    "ci_lower":0.2307242813,
    "ci_upper":0.8823792258
  },
  {
    "archetype_a":"Selesnya Deck",
    "archetype_b":"Storm",
    "wins":5,
    "losses":3,
    "total_matches":8,
    "winrate":0.625,
    "ci_lower":0.3057423946,
    "ci_upper":0.8631557142
  },
  {
    "archetype_a":"Selesnya Deck",
    "archetype_b":"Sultai Deck",
    "wins":3,
    "losses":2,
    "total_matches":5,
    "winrate":0.6,
    "ci_lower":0.2307242813,
    "ci_upper":0.8823792258
  },
  {
    "archetype_a":"Storm",
    "archetype_b":"Abzan Deck",
    "wins":3,
    "losses":2,
    "total_matches":5,
    "winrate":0.6,
    "ci_lower":0.2307242813,
    "ci_upper":0.8823792258
  },
  {
    "archetype_a":"Storm",
    "archetype_b":"Autres",
    "wins":6,
    "losses":8,
    "total_matches":14,
    "winrate":0.4285714286,
    "ci_lower":0.213807989,
    "ci_upper":0.6740935542
  },
  {
    "archetype_a":"Storm",
    "archetype_b":"Azorius Deck",
    "wins":8,
    "losses":5,
    "total_matches":13,
    "winrate":0.6153846154,
    "ci_lower":0.3552289151,
    "ci_upper":0.822902922
  },
  {
    "archetype_a":"Storm",
    "archetype_b":"Bant Ramp",
    "wins":5,
    "losses":3,
    "total_matches":8,
    "winrate":0.625,
    "ci_lower":0.3057423946,
    "ci_upper":0.8631557142
  },
  {
    "archetype_a":"Storm",
    "archetype_b":"Boros Deck",
    "wins":0,
    "losses":7,
    "total_matches":7,
    "winrate":0.0,
    "ci_lower":5.551115123e-17,
    "ci_upper":0.3543304351
  },
  {
    "archetype_a":"Storm",
    "archetype_b":"Burn",
    "wins":0,
    "losses":5,
    "total_matches":5,
    "winrate":0.0,
    "ci_lower":0.0,
    "ci_upper":0.4344824648
  },
  {
    "archetype_a":"Storm",
    "archetype_b":"Dimir Control",
    "wins":3,
    "losses":2,
    "total_matches":5,
    "winrate":0.6,
    "ci_lower":0.2307242813,
    "ci_upper":0.8823792258
  },
  {
    "archetype_a":"Storm",
    "archetype_b":"Dimir Deck",
    "wins":24,
    "losses":26,
    "total_matches":50,
    "winrate":0.48,
    "ci_lower":0.3479713529,
    "ci_upper":0.6148825511
  },
  {
    "archetype_a":"Storm",
    "archetype_b":"Golgari Deck",
    "wins":3,
    "losses":3,
    "total_matches":6,
    "winrate":0.5,
    "ci_lower":0.1876163065,
    "ci_upper":0.8123836935
  },
  {
    "archetype_a":"Storm",
    "archetype_b":"Gruul Deck",
    "wins":3,
    "losses":2,
    "total_matches":5,
    "winrate":0.6,
    "ci_lower":0.2307242813,
    "ci_upper":0.8823792258
  },
  {
    "archetype_a":"Storm",
    "archetype_b":"Izzet Deck",
    "wins":8,
    "losses":12,
    "total_matches":20,
    "winrate":0.4,
    "ci_lower":0.2188065324,
    "ci_upper":0.6134184992
  },
  {
    "archetype_a":"Storm",
    "archetype_b":"Jeskai Deck",
    "wins":4,
    "losses":3,
    "total_matches":7,
    "winrate":0.5714285714,
    "ci_lower":0.2504583645,
    "ci_upper":0.8417801447
  },
  {
    "archetype_a":"Storm",
    "archetype_b":"Jund Deck",
    "wins":3,
    "losses":2,
    "total_matches":5,
    "winrate":0.6,
    "ci_lower":0.2307242813,
    "ci_upper":0.8823792258
  },
  {
    "archetype_a":"Storm",
    "archetype_b":"Mono Red Aggro",
    "wins":25,
    "losses":25,
    "total_matches":50,
    "winrate":0.5,
    "ci_lower":0.3664451432,
    "ci_upper":0.6335548568
  },
  {
    "archetype_a":"Storm",
    "archetype_b":"Naya Deck",
    "wins":3,
    "losses":2,
    "total_matches":5,
    "winrate":0.6,
    "ci_lower":0.2307242813,
    "ci_upper":0.8823792258
  },
  {
    "archetype_a":"Storm",
    "archetype_b":"Orzhov Deck",
    "wins":2,
    "losses":3,
    "total_matches":5,
    "winrate":0.4,
    "ci_lower":0.1176207742,
    "ci_upper":0.7692757187
  },
  {
    "archetype_a":"Storm",
    "archetype_b":"Rakdos Deck",
    "wins":3,
    "losses":2,
    "total_matches":5,
    "winrate":0.6,
    "ci_lower":0.2307242813,
    "ci_upper":0.8823792258
  },
  {
    "archetype_a":"Storm",
    "archetype_b":"Selesnya Deck",
    "wins":4,
    "losses":4,
    "total_matches":8,
    "winrate":0.5,
    "ci_lower":0.2152160622,
    "ci_upper":0.7847839378
  },
  {
    "archetype_a":"Storm",
    "archetype_b":"Sultai Deck",
    "wins":2,
    "losses":3,
    "total_matches":5,
    "winrate":0.4,
    "ci_lower":0.1176207742,
    "ci_upper":0.7692757187
  },
  {
    "archetype_a":"Sultai Deck",
    "archetype_b":"Abzan Deck",
    "wins":2,
    "losses":3,
    "total_matches":5,
    "winrate":0.4,
    "ci_lower":0.1176207742,
    "ci_upper":0.7692757187
  },
  {
    "archetype_a":"Sultai Deck",
    "archetype_b":"Autres",
    "wins":1,
    "losses":4,
    "total_matches":5,
    "winrate":0.2,
    "ci_lower":0.0362241086,
    "ci_upper":0.6244653702
  },
  {
    "archetype_a":"Sultai Deck",
    "archetype_b":"Azorius Deck",
    "wins":1,
    "losses":4,
    "total_matches":5,
    "winrate":0.2,
    "ci_lower":0.0362241086,
    "ci_upper":0.6244653702
  },
  {
    "archetype_a":"Sultai Deck",
    "archetype_b":"Bant Ramp",
    "wins":0,
    "losses":5,
    "total_matches":5,
    "winrate":0.0,
    "ci_lower":0.0,
    "ci_upper":0.4344824648
  },
  {
    "archetype_a":"Sultai Deck",
    "archetype_b":"Boros Deck",
    "wins":2,
    "losses":3,
    "total_matches":5,
    "winrate":0.4,
    "ci_lower":0.1176207742,
    "ci_upper":0.7692757187
  },
  {
    "archetype_a":"Sultai Deck",
    "archetype_b":"Burn",
    "wins":0,
    "losses":5,
    "total_matches":5,
    "winrate":0.0,
    "ci_lower":0.0,
    "ci_upper":0.4344824648
  },
  {
    "archetype_a":"Sultai Deck",
    "archetype_b":"Dimir Control",
    "wins":2,
    "losses":3,
    "total_matches":5,
    "winrate":0.4,
    "ci_lower":0.1176207742,
    "ci_upper":0.7692757187
  },
  {
    "archetype_a":"Sultai Deck",
    "archetype_b":"Dimir Deck",
    "wins":2,
    "losses":3,
    "total_matches":5,
    "winrate":0.4,
    "ci_lower":0.1176207742,
    "ci_upper":0.7692757187
  },
  {
    "archetype_a":"Sultai Deck",
    "archetype_b":"Golgari Deck",
    "wins":4,
    "losses":1,
    "total_matches":5,
    "winrate":0.8,
    "ci_lower":0.3755346298,
    "ci_upper":0.9637758914
  },
  {
    "archetype_a":"Sultai Deck",
    "archetype_b":"Gruul Deck",
    "wins":2,
    "losses":3,
    "total_matches":5,
    "winrate":0.4,
    "ci_lower":0.1176207742,
    "ci_upper":0.7692757187
  },
  {
    "archetype_a":"Sultai Deck",
    "archetype_b":"Izzet Deck",
    "wins":3,
    "losses":2,
    "total_matches":5,
    "winrate":0.6,
    "ci_lower":0.2307242813,
    "ci_upper":0.8823792258
  },
  {
    "archetype_a":"Sultai Deck",
    "archetype_b":"Jeskai Deck",
    "wins":2,
    "losses":3,
    "total_matches":5,
    "winrate":0.4,
    "ci_lower":0.1176207742,
    "ci_upper":0.7692757187
  },
  {
    "archetype_a":"Sultai Deck",
    "archetype_b":"Jund Deck",
    "wins":2,
    "losses":3,
    "total_matches":5,
    "winrate":0.4,
    "ci_lower":0.1176207742,
    "ci_upper":0.7692757187
  },
  {
    "archetype_a":"Sultai Deck",
    "archetype_b":"Mono Red Aggro",
    "wins":2,
    "losses":3,
    "total_matches":5,
    "winrate":0.4,
    "ci_lower":0.1176207742,
    "ci_upper":0.7692757187
  },
  {
    "archetype_a":"Sultai Deck",
    "archetype_b":"Naya Deck",
    "wins":4,
    "losses":1,
    "total_matches":5,
    "winrate":0.8,
    "ci_lower":0.3755346298,
    "ci_upper":0.9637758914
  },
  {
    "archetype_a":"Sultai Deck",
    "archetype_b":"Orzhov Deck",
    "wins":3,
    "losses":2,
    "total_matches":5,
    "winrate":0.6,
    "ci_lower":0.2307242813,
    "ci_upper":0.8823792258
  },
  {
    "archetype_a":"Sultai Deck",
    "archetype_b":"Rakdos Deck",
    "wins":1,
    "losses":4,
    "total_matches":5,
    "winrate":0.2,
    "ci_lower":0.0362241086,
    "ci_upper":0.6244653702
  },
  {
    "archetype_a":"Sultai Deck",
    "archetype_b":"Selesnya Deck",
    "wins":3,
    "losses":2,
    "total_matches":5,
    "winrate":0.6,
    "ci_lower":0.2307242813,
    "ci_upper":0.8823792258
  },
  {
    "archetype_a":"Sultai Deck",
    "archetype_b":"Storm",
    "wins":2,
    "losses":3,
    "total_matches":5,
    "winrate":0.4,
    "ci_lower":0.1176207742,
    "ci_upper":0.7692757187
  }
]