{
  "Tournament": {
    "Id": 12803655,
    "Date": "2025-07-16T23:00:00",
    "Name": "Legacy Challenge 32",
    "Uri": null,
    "JsonFile": null,
    "ForceRedownload": false
  },
  "Decks": null,
  "Rounds": [
    {
      "RoundName": "Round 1",
      "Matches": [
        {
          "Player1": "Skpchino",
          "Player2": "LasVegasChaos",
          "Result": "0-2-0"
        },
        {
          "Player1": "matttothec",
          "Player2": "_Shatun_",
          "Result": "2-0-0"
        },
        {
          "Player1": "minyafriend",
          "Player2": "unworldlyorigin",
          "Result": "2-0-0"
        },
        {
          "Player1": "ReformedPaolo",
          "Player2": "DethFrmAbove",
          "Result": "0-0-0"
        },
        {
          "Player1": "Univerce",
          "Player2": "Gogo1984",
          "Result": "0-2-0"
        },
        {
          "Player1": "chouqin",
          "Player2": "powered_by_VANYA",
          "Result": "0-2-0"
        },
        {
          "Player1": "Srogers90",
          "Player2": "choutin",
          "Result": "0-2-0"
        },
        {
          "Player1": "DrPP",
          "Player2": "FynnOfBlood",
          "Result": "2-0-0"
        },
        {
          "Player1": "Geodude_Jared",
          "Player2": "harmonywoods",
          "Result": "0-0-0"
        },
        {
          "Player1": "SuperCow12653",
          "Player2": "xfile",
          "Result": "2-0-0"
        },
        {
          "Player1": "Sarlanga",
          "Player2": "kaikas",
          "Result": "0-2-0"
        },
        {
          "Player1": "DNSolver",
          "Player2": "achillies27",
          "Result": "0-2-0"
        },
        {
          "Player1": "Thebigempty92",
          "Player2": "Munchlax446",
          "Result": "0-0-0"
        },
        {
          "Player1": "adamwasmo",
          "Player2": "TheWitchKling",
          "Result": "0-2-0"
        },
        {
          "Player1": "WadeB",
          "Player2": "Joyfulwaffle",
          "Result": "0-2-0"
        },
        {
          "Player1": "i_b_TRUE",
          "Player2": "maximusdee",
          "Result": "0-2-0"
        },
        {
          "Player1": "parkss",
          "Player2": "unemployment",
          "Result": "0-2-0"
        },
        {
          "Player1": "jibeta",
          "Player2": "monzatubarao",
          "Result": "2-0-0"
        },
        {
          "Player1": "ResponsiblyStupid",
          "Player2": "_Chamytinho_",
          "Result": "0-2-0"
        },
        {
          "Player1": "musasabi",
          "Player2": "wizardpasta",
          "Result": "0-2-0"
        },
        {
          "Player1": "Chiog33",
          "Player2": "makusong24",
          "Result": "0-2-0"
        },
        {
          "Player1": "O_danielakos",
          "Player2": "boytriton",
          "Result": "2-0-0"
        },
        {
          "Player1": "Gianhunter",
          "Player2": "Adam-Bazika",
          "Result": "2-0-0"
        },
        {
          "Player1": "-CAPS-",
          "Player2": "y2fae",
          "Result": "2-1-0"
        },
        {
          "Player1": "Vlalutscher",
          "Player2": "MandrillMan",
          "Result": "0-2-0"
        }
      ]
    },
    {
      "RoundName": "Round 2",
      "Matches": [
        {
          "Player1": "maximusdee",
          "Player2": "achillies27",
          "Result": "0-0-0"
        },
        {
          "Player1": "wizardpasta",
          "Player2": "MandrillMan",
          "Result": "0-2-0"
        },
        {
          "Player1": "Thebigempty92",
          "Player2": "Univerce",
          "Result": "2-0-0"
        },
        {
          "Player1": "Gianhunter",
          "Player2": "powered_by_VANYA",
          "Result": "2-0-0"
        },
        {
          "Player1": "DrPP",
          "Player2": "LasVegasChaos",
          "Result": "2-0-0"
        },
        {
          "Player1": "adamwasmo",
          "Player2": "chouqin",
          "Result": "2-0-0"
        },
        {
          "Player1": "Chiog33",
          "Player2": "xfile",
          "Result": "0-2-0"
        },
        {
          "Player1": "jibeta",
          "Player2": "_Chamytinho_",
          "Result": "2-0-0"
        },
        {
          "Player1": "O_danielakos",
          "Player2": "makusong24",
          "Result": "0-2-0"
        },
        {
          "Player1": "SuperCow12653",
          "Player2": "Joyfulwaffle",
          "Result": "0-2-0"
        },
        {
          "Player1": "choutin",
          "Player2": "-CAPS-",
          "Result": "0-2-0"
        },
        {
          "Player1": "matttothec",
          "Player2": "minyafriend",
          "Result": "0-2-0"
        },
        {
          "Player1": "FynnOfBlood",
          "Player2": "y2fae",
          "Result": "2-0-0"
        },
        {
          "Player1": "i_b_TRUE",
          "Player2": "Adam-Bazika",
          "Result": "2-0-0"
        },
        {
          "Player1": "parkss",
          "Player2": "Vlalutscher",
          "Result": "0-2-0"
        },
        {
          "Player1": "harmonywoods",
          "Player2": "unemployment",
          "Result": "2-0-0"
        },
        {
          "Player1": "boytriton",
          "Player2": "Sarlanga",
          "Result": "0-2-0"
        },
        {
          "Player1": "musasabi",
          "Player2": "WadeB",
          "Result": "2-0-0"
        },
        {
          "Player1": "DNSolver",
          "Player2": "Srogers90",
          "Result": "2-0-0"
        },
        {
          "Player1": "Geodude_Jared",
          "Player2": "Munchlax446",
          "Result": "0-2-0"
        },
        {
          "Player1": "kaikas",
          "Player2": "Gogo1984",
          "Result": "0-2-0"
        },
        {
          "Player1": "unworldlyorigin",
          "Player2": "monzatubarao",
          "Result": "2-0-0"
        },
        {
          "Player1": "DethFrmAbove",
          "Player2": "TheWitchKling",
          "Result": "2-0-0"
        }
      ]
    },
    {
      "RoundName": "Round 3",
      "Matches": [
        {
          "Player1": "Chiog33",
          "Player2": "y2fae",
          "Result": "2-0-0"
        },
        {
          "Player1": "_Shatun_",
          "Player2": "xfile",
          "Result": "2-1-0"
        },
        {
          "Player1": "powered_by_VANYA",
          "Player2": "unemployment",
          "Result": "0-2-0"
        },
        {
          "Player1": "MandrillMan",
          "Player2": "-CAPS-",
          "Result": "0-2-0"
        },
        {
          "Player1": "O_danielakos",
          "Player2": "Thebigempty92",
          "Result": "0-2-0"
        },
        {
          "Player1": "SuperCow12653",
          "Player2": "FynnOfBlood",
          "Result": "2-0-0"
        },
        {
          "Player1": "DNSolver",
          "Player2": "choutin",
          "Result": "2-0-0"
        },
        {
          "Player1": "wizardpasta",
          "Player2": "unworldlyorigin",
          "Result": "0-2-0"
        },
        {
          "Player1": "maximusdee",
          "Player2": "DrPP",
          "Result": "2-0-0"
        },
        {
          "Player1": "monzatubarao",
          "Player2": "Adam-Bazika",
          "Result": "0-0-0"
        },
        {
          "Player1": "musasabi",
          "Player2": "TheWitchKling",
          "Result": "2-0-0"
        },
        {
          "Player1": "jibeta",
          "Player2": "Munchlax446",
          "Result": "0-2-0"
        },
        {
          "Player1": "DethFrmAbove",
          "Player2": "Gogo1984",
          "Result": "0-2-0"
        },
        {
          "Player1": "matttothec",
          "Player2": "i_b_TRUE",
          "Result": "2-0-0"
        },
        {
          "Player1": "Vlalutscher",
          "Player2": "LasVegasChaos",
          "Result": "2-0-0"
        },
        {
          "Player1": "chouqin",
          "Player2": "boytriton",
          "Result": "2-0-0"
        },
        {
          "Player1": "harmonywoods",
          "Player2": "Joyfulwaffle",
          "Result": "2-0-0"
        },
        {
          "Player1": "minyafriend",
          "Player2": "Sarlanga",
          "Result": "0-2-0"
        },
        {
          "Player1": "kaikas",
          "Player2": "_Chamytinho_",
          "Result": "2-0-0"
        },
        {
          "Player1": "adamwasmo",
          "Player2": "achillies27",
          "Result": "0-2-0"
        },
        {
          "Player1": "makusong24",
          "Player2": "Gianhunter",
          "Result": "2-0-0"
        }
      ]
    },
    {
      "RoundName": "Round 4",
      "Matches": [
        {
          "Player1": "DrPP",
          "Player2": "Gianhunter",
          "Result": "0-2-0"
        },
        {
          "Player1": "_Shatun_",
          "Player2": "unworldlyorigin",
          "Result": "2-0-0"
        },
        {
          "Player1": "harmonywoods",
          "Player2": "Gogo1984",
          "Result": "0-2-0"
        },
        {
          "Player1": "Munchlax446",
          "Player2": "-CAPS-",
          "Result": "2-0-0"
        },
        {
          "Player1": "Srogers90",
          "Player2": "powered_by_VANYA",
          "Result": "2-0-0"
        },
        {
          "Player1": "Sarlanga",
          "Player2": "achillies27",
          "Result": "2-0-0"
        },
        {
          "Player1": "FynnOfBlood",
          "Player2": "LasVegasChaos",
          "Result": "0-2-0"
        },
        {
          "Player1": "DNSolver",
          "Player2": "Thebigempty92",
          "Result": "2-0-0"
        },
        {
          "Player1": "minyafriend",
          "Player2": "SuperCow12653",
          "Result": "0-2-0"
        },
        {
          "Player1": "jibeta",
          "Player2": "DethFrmAbove",
          "Result": "0-2-0"
        },
        {
          "Player1": "O_danielakos",
          "Player2": "musasabi",
          "Result": "0-2-0"
        },
        {
          "Player1": "Vlalutscher",
          "Player2": "unemployment",
          "Result": "2-0-0"
        },
        {
          "Player1": "boytriton",
          "Player2": "_Chamytinho_",
          "Result": "0-2-0"
        },
        {
          "Player1": "MandrillMan",
          "Player2": "Joyfulwaffle",
          "Result": "2-0-0"
        },
        {
          "Player1": "Chiog33",
          "Player2": "monzatubarao",
          "Result": "0-2-0"
        },
        {
          "Player1": "matttothec",
          "Player2": "kaikas",
          "Result": "0-2-0"
        },
        {
          "Player1": "makusong24",
          "Player2": "maximusdee",
          "Result": "2-0-0"
        },
        {
          "Player1": "chouqin",
          "Player2": "choutin",
          "Result": "0-2-0"
        }
      ]
    },
    {
      "RoundName": "Round 5",
      "Matches": [
        {
          "Player1": "_Shatun_",
          "Player2": "Vlalutscher",
          "Result": "2-0-0"
        },
        {
          "Player1": "Gianhunter",
          "Player2": "harmonywoods",
          "Result": "2-0-0"
        },
        {
          "Player1": "DethFrmAbove",
          "Player2": "kaikas",
          "Result": "0-2-0"
        },
        {
          "Player1": "SuperCow12653",
          "Player2": "MandrillMan",
          "Result": "2-0-0"
        },
        {
          "Player1": "jibeta",
          "Player2": "unemployment",
          "Result": "2-0-0"
        },
        {
          "Player1": "achillies27",
          "Player2": "Joyfulwaffle",
          "Result": "0-0-0"
        },
        {
          "Player1": "minyafriend",
          "Player2": "_Chamytinho_",
          "Result": "0-0-0"
        },
        {
          "Player1": "Sarlanga",
          "Player2": "-CAPS-",
          "Result": "2-0-0"
        },
        {
          "Player1": "LasVegasChaos",
          "Player2": "choutin",
          "Result": "0-2-0"
        },
        {
          "Player1": "DNSolver",
          "Player2": "maximusdee",
          "Result": "0-2-0"
        },
        {
          "Player1": "Chiog33",
          "Player2": "chouqin",
          "Result": "0-2-0"
        },
        {
          "Player1": "FynnOfBlood",
          "Player2": "powered_by_VANYA",
          "Result": "2-0-0"
        },
        {
          "Player1": "Srogers90",
          "Player2": "DrPP",
          "Result": "0-2-0"
        },
        {
          "Player1": "makusong24",
          "Player2": "musasabi",
          "Result": "0-2-0"
        },
        {
          "Player1": "Thebigempty92",
          "Player2": "monzatubarao",
          "Result": "2-0-0"
        },
        {
          "Player1": "Munchlax446",
          "Player2": "Gogo1984",
          "Result": "0-2-0"
        },
        {
          "Player1": "matttothec",
          "Player2": "unworldlyorigin",
          "Result": "0-2-0"
        }
      ]
    },
    {
      "RoundName": "Round 6",
      "Matches": [
        {
          "Player1": "achillies27",
          "Player2": "unemployment",
          "Result": "2-0-0"
        },
        {
          "Player1": "Gianhunter",
          "Player2": "Munchlax446",
          "Result": "0-2-0"
        },
        {
          "Player1": "LasVegasChaos",
          "Player2": "powered_by_VANYA",
          "Result": "0-2-0"
        },
        {
          "Player1": "DethFrmAbove",
          "Player2": "Joyfulwaffle",
          "Result": "0-2-0"
        },
        {
          "Player1": "MandrillMan",
          "Player2": "unworldlyorigin",
          "Result": "2-0-0"
        },
        {
          "Player1": "_Shatun_",
          "Player2": "SuperCow12653",
          "Result": "0-0-0"
        },
        {
          "Player1": "FynnOfBlood",
          "Player2": "chouqin",
          "Result": "0-2-0"
        },
        {
          "Player1": "Sarlanga",
          "Player2": "makusong24",
          "Result": "2-0-0"
        },
        {
          "Player1": "Srogers90",
          "Player2": "monzatubarao",
          "Result": "0-0-0"
        },
        {
          "Player1": "maximusdee",
          "Player2": "Gogo1984",
          "Result": "2-0-0"
        },
        {
          "Player1": "jibeta",
          "Player2": "-CAPS-",
          "Result": "0-2-0"
        },
        {
          "Player1": "Thebigempty92",
          "Player2": "harmonywoods",
          "Result": "0-0-0"
        },
        {
          "Player1": "DNSolver",
          "Player2": "DrPP",
          "Result": "2-0-0"
        },
        {
          "Player1": "Vlalutscher",
          "Player2": "_Chamytinho_",
          "Result": "2-0-0"
        },
        {
          "Player1": "minyafriend",
          "Player2": "choutin",
          "Result": "0-2-0"
        },
        {
          "Player1": "musasabi",
          "Player2": "kaikas",
          "Result": "2-0-0"
        }
      ]
    },
    {
      "RoundName": "Round 7",
      "Matches": [
        {
          "Player1": "musasabi",
          "Player2": "maximusdee",
          "Result": "2-0-0"
        },
        {
          "Player1": "kaikas",
          "Player2": "Munchlax446",
          "Result": "0-2-0"
        },
        {
          "Player1": "makusong24",
          "Player2": "Gogo1984",
          "Result": "2-0-0"
        },
        {
          "Player1": "Sarlanga",
          "Player2": "SuperCow12653",
          "Result": "0-2-0"
        }
      ]
    },
    {
      "RoundName": "Round 8",
      "Matches": [
        {
          "Player1": "musasabi",
          "Player2": "Munchlax446",
          "Result": "2-0-0"
        },
        {
          "Player1": "makusong24",
          "Player2": "SuperCow12653",
          "Result": "0-2-0"
        }
      ]
    },
    {
      "RoundName": "Round 9",
      "Matches": [
        {
          "Player1": "musasabi",
          "Player2": "SuperCow12653",
          "Result": "2-0-0"
        }
      ]
    }
  ],
  "Standings": [
    {
      "Rank": 50,
      "Player": "Skpchino",
      "Points": 0,
      "Wins": 0,
      "Losses": 0,
      "Draws": 0,
      "OMWP": 0.3333,
      "GWP": 0,
      "OGWP": 0.35710000000000003
    },
    {
      "Rank": 49,
      "Player": "Adam-Bazika",
      "Points": 0,
      "Wins": 0,
      "Losses": 0,
      "Draws": 0,
      "OMWP": 0.44439999999999996,
      "GWP": 0.1429,
      "OGWP": 0.4752
    },
    {
      "Rank": 48,
      "Player": "y2fae",
      "Points": 0,
      "Wins": 0,
      "Losses": 0,
      "Draws": 0,
      "OMWP": 0.44439999999999996,
      "GWP": 0.3333,
      "OGWP": 0.4581
    },
    {
      "Rank": 47,
      "Player": "ResponsiblyStupid",
      "Points": 0,
      "Wins": 0,
      "Losses": 0,
      "Draws": 0,
      "OMWP": 0.5,
      "GWP": 0,
      "OGWP": 0.5
    },
    {
      "Rank": 46,
      "Player": "parkss",
      "Points": 0,
      "Wins": 0,
      "Losses": 0,
      "Draws": 0,
      "OMWP": 0.5,
      "GWP": 0.3333,
      "OGWP": 0.47859999999999997
    },
    {
      "Rank": 45,
      "Player": "ReformedPaolo",
      "Points": 0,
      "Wins": 0,
      "Losses": 0,
      "Draws": 0,
      "OMWP": 0.5,
      "GWP": 0.3333,
      "OGWP": 0.5
    },
    {
      "Rank": 44,
      "Player": "boytriton",
      "Points": 0,
      "Wins": 0,
      "Losses": 0,
      "Draws": 0,
      "OMWP": 0.5417000000000001,
      "GWP": 0.2727,
      "OGWP": 0.5119
    },
    {
      "Rank": 43,
      "Player": "Univerce",
      "Points": 0,
      "Wins": 0,
      "Losses": 0,
      "Draws": 0,
      "OMWP": 0.6667000000000001,
      "GWP": 0.3333,
      "OGWP": 0.5938
    },
    {
      "Rank": 42,
      "Player": "Geodude_Jared",
      "Points": 0,
      "Wins": 0,
      "Losses": 0,
      "Draws": 0,
      "OMWP": 0.75,
      "GWP": 0,
      "OGWP": 0.6570999999999999
    },
    {
      "Rank": 41,
      "Player": "WadeB",
      "Points": 0,
      "Wins": 0,
      "Losses": 0,
      "Draws": 0,
      "OMWP": 0.75,
      "GWP": 0.2,
      "OGWP": 0.6706
    },
    {
      "Rank": 40,
      "Player": "adamwasmo",
      "Points": 3,
      "Wins": 0,
      "Losses": 0,
      "Draws": 0,
      "OMWP": 0.44439999999999996,
      "GWP": 0.4286,
      "OGWP": 0.4556
    },
    {
      "Rank": 39,
      "Player": "i_b_TRUE",
      "Points": 3,
      "Wins": 0,
      "Losses": 0,
      "Draws": 0,
      "OMWP": 0.5222,
      "GWP": 0.2857,
      "OGWP": 0.46149999999999997
    },
    {
      "Rank": 38,
      "Player": "TheWitchKling",
      "Points": 3,
      "Wins": 0,
      "Losses": 0,
      "Draws": 0,
      "OMWP": 0.5556,
      "GWP": 0.2857,
      "OGWP": 0.5714
    },
    {
      "Rank": 37,
      "Player": "O_danielakos",
      "Points": 3,
      "Wins": 0,
      "Losses": 0,
      "Draws": 0,
      "OMWP": 0.5832999999999999,
      "GWP": 0.3,
      "OGWP": 0.5476
    },
    {
      "Rank": 36,
      "Player": "xfile",
      "Points": 3,
      "Wins": 0,
      "Losses": 0,
      "Draws": 0,
      "OMWP": 0.6111,
      "GWP": 0.4286,
      "OGWP": 0.5625
    },
    {
      "Rank": 35,
      "Player": "wizardpasta",
      "Points": 3,
      "Wins": 0,
      "Losses": 0,
      "Draws": 0,
      "OMWP": 0.6667000000000001,
      "GWP": 0.44439999999999996,
      "OGWP": 0.6272
    },
    {
      "Rank": 34,
      "Player": "Chiog33",
      "Points": 6,
      "Wins": 0,
      "Losses": 0,
      "Draws": 0,
      "OMWP": 0.43329999999999996,
      "GWP": 0.4,
      "OGWP": 0.44670000000000004
    },
    {
      "Rank": 33,
      "Player": "powered_by_VANYA",
      "Points": 6,
      "Wins": 0,
      "Losses": 0,
      "Draws": 0,
      "OMWP": 0.44439999999999996,
      "GWP": 0.375,
      "OGWP": 0.4578
    },
    {
      "Rank": 32,
      "Player": "monzatubarao",
      "Points": 6,
      "Wins": 0,
      "Losses": 0,
      "Draws": 0,
      "OMWP": 0.44439999999999996,
      "GWP": 0.4,
      "OGWP": 0.4548
    },
    {
      "Rank": 31,
      "Player": "LasVegasChaos",
      "Points": 6,
      "Wins": 0,
      "Losses": 0,
      "Draws": 0,
      "OMWP": 0.4722,
      "GWP": 0.35710000000000003,
      "OGWP": 0.4645
    },
    {
      "Rank": 30,
      "Player": "FynnOfBlood",
      "Points": 6,
      "Wins": 0,
      "Losses": 0,
      "Draws": 0,
      "OMWP": 0.4722,
      "GWP": 0.4118,
      "OGWP": 0.4533
    },
    {
      "Rank": 29,
      "Player": "unemployment",
      "Points": 6,
      "Wins": 0,
      "Losses": 0,
      "Draws": 0,
      "OMWP": 0.5,
      "GWP": 0.35710000000000003,
      "OGWP": 0.49579999999999996
    },
    {
      "Rank": 28,
      "Player": "matttothec",
      "Points": 6,
      "Wins": 0,
      "Losses": 0,
      "Draws": 0,
      "OMWP": 0.5,
      "GWP": 0.3636,
      "OGWP": 0.5067
    },
    {
      "Rank": 27,
      "Player": "minyafriend",
      "Points": 6,
      "Wins": 0,
      "Losses": 0,
      "Draws": 0,
      "OMWP": 0.6222,
      "GWP": 0.4,
      "OGWP": 0.5665
    },
    {
      "Rank": 26,
      "Player": "chouqin",
      "Points": 9,
      "Wins": 0,
      "Losses": 0,
      "Draws": 0,
      "OMWP": 0.3889,
      "GWP": 0.5,
      "OGWP": 0.42479999999999996
    },
    {
      "Rank": 25,
      "Player": "unworldlyorigin",
      "Points": 9,
      "Wins": 0,
      "Losses": 0,
      "Draws": 0,
      "OMWP": 0.4556,
      "GWP": 0.5333,
      "OGWP": 0.4618
    },
    {
      "Rank": 24,
      "Player": "_Chamytinho_",
      "Points": 9,
      "Wins": 0,
      "Losses": 0,
      "Draws": 0,
      "OMWP": 0.4722,
      "GWP": 0.5,
      "OGWP": 0.4778
    },
    {
      "Rank": 23,
      "Player": "Srogers90",
      "Points": 9,
      "Wins": 0,
      "Losses": 0,
      "Draws": 0,
      "OMWP": 0.5,
      "GWP": 0.4286,
      "OGWP": 0.49689999999999995
    },
    {
      "Rank": 22,
      "Player": "Thebigempty92",
      "Points": 9,
      "Wins": 0,
      "Losses": 0,
      "Draws": 0,
      "OMWP": 0.5278,
      "GWP": 0.5,
      "OGWP": 0.504
    },
    {
      "Rank": 21,
      "Player": "jibeta",
      "Points": 9,
      "Wins": 0,
      "Losses": 0,
      "Draws": 0,
      "OMWP": 0.5278,
      "GWP": 0.5333,
      "OGWP": 0.5057
    },
    {
      "Rank": 20,
      "Player": "DrPP",
      "Points": 9,
      "Wins": 0,
      "Losses": 0,
      "Draws": 0,
      "OMWP": 0.5556,
      "GWP": 0.4667,
      "OGWP": 0.5367000000000001
    },
    {
      "Rank": 19,
      "Player": "DethFrmAbove",
      "Points": 9,
      "Wins": 0,
      "Losses": 0,
      "Draws": 0,
      "OMWP": 0.5556,
      "GWP": 0.5,
      "OGWP": 0.5183
    },
    {
      "Rank": 18,
      "Player": "achillies27",
      "Points": 9,
      "Wins": 0,
      "Losses": 0,
      "Draws": 0,
      "OMWP": 0.6111,
      "GWP": 0.5333,
      "OGWP": 0.5643
    },
    {
      "Rank": 17,
      "Player": "Vlalutscher",
      "Points": 12,
      "Wins": 0,
      "Losses": 0,
      "Draws": 0,
      "OMWP": 0.4722,
      "GWP": 0.6,
      "OGWP": 0.4517
    },
    {
      "Rank": 16,
      "Player": "choutin",
      "Points": 12,
      "Wins": 0,
      "Losses": 0,
      "Draws": 0,
      "OMWP": 0.5,
      "GWP": 0.6,
      "OGWP": 0.4818
    },
    {
      "Rank": 15,
      "Player": "_Shatun_",
      "Points": 12,
      "Wins": 0,
      "Losses": 0,
      "Draws": 0,
      "OMWP": 0.5467,
      "GWP": 0.6,
      "OGWP": 0.5226
    },
    {
      "Rank": 14,
      "Player": "harmonywoods",
      "Points": 12,
      "Wins": 0,
      "Losses": 0,
      "Draws": 0,
      "OMWP": 0.5556,
      "GWP": 0.6,
      "OGWP": 0.521
    },
    {
      "Rank": 13,
      "Player": "Gianhunter",
      "Points": 12,
      "Wins": 0,
      "Losses": 0,
      "Draws": 0,
      "OMWP": 0.5556,
      "GWP": 0.6923,
      "OGWP": 0.5101
    },
    {
      "Rank": 12,
      "Player": "Joyfulwaffle",
      "Points": 12,
      "Wins": 0,
      "Losses": 0,
      "Draws": 0,
      "OMWP": 0.5832999999999999,
      "GWP": 0.5556,
      "OGWP": 0.5361
    },
    {
      "Rank": 11,
      "Player": "DNSolver",
      "Points": 12,
      "Wins": 0,
      "Losses": 0,
      "Draws": 0,
      "OMWP": 0.5832999999999999,
      "GWP": 0.6429,
      "OGWP": 0.536
    },
    {
      "Rank": 10,
      "Player": "MandrillMan",
      "Points": 12,
      "Wins": 0,
      "Losses": 0,
      "Draws": 0,
      "OMWP": 0.6111,
      "GWP": 0.5625,
      "OGWP": 0.5639
    },
    {
      "Rank": 9,
      "Player": "-CAPS-",
      "Points": 12,
      "Wins": 0,
      "Losses": 0,
      "Draws": 0,
      "OMWP": 0.6389,
      "GWP": 0.5625,
      "OGWP": 0.5763
    },
    {
      "Rank": 8,
      "Player": "kaikas",
      "Points": 12,
      "Wins": 0,
      "Losses": 0,
      "Draws": 0,
      "OMWP": 0.65,
      "GWP": 0.6667000000000001,
      "OGWP": 0.5919
    },
    {
      "Rank": 7,
      "Player": "Sarlanga",
      "Points": 15,
      "Wins": 0,
      "Losses": 0,
      "Draws": 0,
      "OMWP": 0.5278,
      "GWP": 0.7143,
      "OGWP": 0.5112
    },
    {
      "Rank": 6,
      "Player": "maximusdee",
      "Points": 15,
      "Wins": 0,
      "Losses": 0,
      "Draws": 0,
      "OMWP": 0.5832999999999999,
      "GWP": 0.6875,
      "OGWP": 0.5392
    },
    {
      "Rank": 5,
      "Player": "Gogo1984",
      "Points": 15,
      "Wins": 0,
      "Losses": 0,
      "Draws": 0,
      "OMWP": 0.6389,
      "GWP": 0.6875,
      "OGWP": 0.5836
    },
    {
      "Rank": 4,
      "Player": "makusong24",
      "Points": 15,
      "Wins": 0,
      "Losses": 0,
      "Draws": 0,
      "OMWP": 0.6389,
      "GWP": 0.5714,
      "OGWP": 0.6022
    },
    {
      "Rank": 3,
      "Player": "Munchlax446",
      "Points": 18,
      "Wins": 0,
      "Losses": 0,
      "Draws": 0,
      "OMWP": 0.5832999999999999,
      "GWP": 0.7143,
      "OGWP": 0.5515
    },
    {
      "Rank": 2,
      "Player": "SuperCow12653",
      "Points": 21,
      "Wins": 0,
      "Losses": 0,
      "Draws": 0,
      "OMWP": 0.5,
      "GWP": 0.6875,
      "OGWP": 0.49310000000000004
    },
    {
      "Rank": 1,
      "Player": "musasabi",
      "Points": 24,
      "Wins": 0,
      "Losses": 0,
      "Draws": 0,
      "OMWP": 0.44439999999999996,
      "GWP": 0.7857,
      "OGWP": 0.4471
    }
  ]
}