{
  "Tournament": {
    "Id": 12803652,
    "Date": "2025-07-16T20:00:00",
    "Name": "Limited Preliminary",
    "Uri": null,
    "JsonFile": null,
    "ForceRedownload": false
  },
  "Decks": null,
  "Rounds": [
    {
      "RoundName": "Round 1",
      "Matches": [
        {
          "Player1": "Unifro",
          "Player2": "Adam-Bazika",
          "Result": "2-0-0"
        },
        {
          "Player1": "Lifeisrisk7",
          "Player2": "InsomniaTV",
          "Result": "2-0-0"
        },
        {
          "Player1": "Dreddybajs",
          "Player2": "bernardocssa",
          "Result": "0-2-0"
        },
        {
          "Player1": "Cabalasp",
          "Player2": "causeofpanic",
          "Result": "2-0-0"
        },
        {
          "Player1": "mcnasty1858",
          "Player2": "mei0024",
          "Result": "0-2-0"
        },
        {
          "Player1": "TellKou",
          "Player2": "D3dalo",
          "Result": "2-0-0"
        }
      ]
    },
    {
      "RoundName": "Round 2",
      "Matches": [
        {
          "Player1": "bernardocssa",
          "Player2": "TellKou",
          "Result": "2-0-0"
        },
        {
          "Player1": "mei0024",
          "Player2": "Unifro",
          "Result": "0-2-0"
        },
        {
          "Player1": "Cabalasp",
          "Player2": "Lifeisrisk7",
          "Result": "0-2-0"
        },
        {
          "Player1": "InsomniaTV",
          "Player2": "D3dalo",
          "Result": "2-0-0"
        },
        {
          "Player1": "causeofpanic",
          "Player2": "Adam-Bazika",
          "Result": "0-2-0"
        }
      ]
    },
    {
      "RoundName": "Round 3",
      "Matches": [
        {
          "Player1": "bernardocssa",
          "Player2": "Lifeisrisk7",
          "Result": "0-2-0"
        },
        {
          "Player1": "InsomniaTV",
          "Player2": "Unifro",
          "Result": "0-2-0"
        },
        {
          "Player1": "mei0024",
          "Player2": "Adam-Bazika",
          "Result": "2-0-0"
        },
        {
          "Player1": "causeofpanic",
          "Player2": "D3dalo",
          "Result": "2-0-0"
        },
        {
          "Player1": "Cabalasp",
          "Player2": "TellKou",
          "Result": "0-2-0"
        }
      ]
    },
    {
      "RoundName": "Round 4",
      "Matches": [
        {
          "Player1": "causeofpanic",
          "Player2": "bernardocssa",
          "Result": "0-2-0"
        },
        {
          "Player1": "TellKou",
          "Player2": "mei0024",
          "Result": "2-0-0"
        },
        {
          "Player1": "Lifeisrisk7",
          "Player2": "Unifro",
          "Result": "0-2-0"
        },
        {
          "Player1": "InsomniaTV",
          "Player2": "Adam-Bazika",
          "Result": "2-0-0"
        }
      ]
    }
  ],
  "Standings": [
    {
      "Rank": 12,
      "Player": "mcnasty1858",
      "Points": 0,
      "Wins": 0,
      "Losses": 0,
      "Draws": 0,
      "OMWP": 0.5,
      "GWP": 0,
      "OGWP": 0.44439999999999996
    },
    {
      "Rank": 11,
      "Player": "D3dalo",
      "Points": 0,
      "Wins": 0,
      "Losses": 0,
      "Draws": 0,
      "OMWP": 0.5278,
      "GWP": 0,
      "OGWP": 0.4815
    },
    {
      "Rank": 10,
      "Player": "Dreddybajs",
      "Points": 0,
      "Wins": 0,
      "Losses": 0,
      "Draws": 0,
      "OMWP": 0.75,
      "GWP": 0,
      "OGWP": 0.75
    },
    {
      "Rank": 9,
      "Player": "causeofpanic",
      "Points": 3,
      "Wins": 0,
      "Losses": 0,
      "Draws": 0,
      "OMWP": 0.4792,
      "GWP": 0.3333,
      "OGWP": 0.4867
    },
    {
      "Rank": 8,
      "Player": "Adam-Bazika",
      "Points": 3,
      "Wins": 0,
      "Losses": 0,
      "Draws": 0,
      "OMWP": 0.5832999999999999,
      "GWP": 0.3636,
      "OGWP": 0.5278
    },
    {
      "Rank": 7,
      "Player": "mei0024",
      "Points": 6,
      "Wins": 0,
      "Losses": 0,
      "Draws": 0,
      "OMWP": 0.6042000000000001,
      "GWP": 0.44439999999999996,
      "OGWP": 0.5694
    },
    {
      "Rank": 6,
      "Player": "InsomniaTV",
      "Points": 6,
      "Wins": 0,
      "Losses": 0,
      "Draws": 0,
      "OMWP": 0.6042000000000001,
      "GWP": 0.44439999999999996,
      "OGWP": 0.5909
    },
    {
      "Rank": 5,
      "Player": "Cabalasp",
      "Points": 6,
      "Wins": 0,
      "Losses": 0,
      "Draws": 0,
      "OMWP": 0.6111,
      "GWP": 0.5,
      "OGWP": 0.5926
    },
    {
      "Rank": 4,
      "Player": "TellKou",
      "Points": 9,
      "Wins": 0,
      "Losses": 0,
      "Draws": 0,
      "OMWP": 0.5207999999999999,
      "GWP": 0.6667000000000001,
      "OGWP": 0.5069
    },
    {
      "Rank": 3,
      "Player": "bernardocssa",
      "Points": 9,
      "Wins": 0,
      "Losses": 0,
      "Draws": 0,
      "OMWP": 0.5417000000000001,
      "GWP": 0.75,
      "OGWP": 0.5278
    },
    {
      "Rank": 2,
      "Player": "Lifeisrisk7",
      "Points": 9,
      "Wins": 0,
      "Losses": 0,
      "Draws": 0,
      "OMWP": 0.6875,
      "GWP": 0.7778,
      "OGWP": 0.6457999999999999
    },
    {
      "Rank": 1,
      "Player": "Unifro",
      "Points": 12,
      "Wins": 0,
      "Losses": 0,
      "Draws": 0,
      "OMWP": 0.5207999999999999,
      "GWP": 0.8889,
      "OGWP": 0.5075999999999999
    }
  ]
}