{
  "Tournament": {
    "Id": 12803153,
    "Date": "2025-07-16T14:00:00",
    "Name": "Pioneer Preliminary Special",
    "Uri": null,
    "JsonFile": null,
    "ForceRedownload": false
  },
  "Decks": null,
  "Rounds": [
    {
      "RoundName": "Round 1",
      "Matches": [
        {
          "Player1": "BERNASTORRES",
          "Player2": "hashimo13",
          "Result": "2-0-0"
        },
        {
          "Player1": "komattaman",
          "Player2": "Mathilde8",
          "Result": "0-2-0"
        },
        {
          "Player1": "McWinSauce",
          "Player2": "creazygoat",
          "Result": "2-0-0"
        },
        {
          "Player1": "unagieel",
          "Player2": "pirol94",
          "Result": "0-2-0"
        },
        {
          "Player1": "gurig",
          "Player2": "LasVegasChaos",
          "Result": "0-2-0"
        },
        {
          "Player1": "AlpInco",
          "Player2": "Arkany1",
          "Result": "0-2-0"
        },
        {
          "Player1": "_Shatun_",
          "Player2": "EiJunCHN",
          "Result": "0-2-0"
        },
        {
          "Player1": "MissTrigger",
          "Player2": "Selfeisek",
          "Result": "0-2-0"
        },
        {
          "Player1": "Oceansoul92",
          "Player2": "boytriton",
          "Result": "2-0-0"
        }
      ]
    },
    {
      "RoundName": "Round 2",
      "Matches": [
        {
          "Player1": "Arkany1",
          "Player2": "LasVegasChaos",
          "Result": "2-0-0"
        },
        {
          "Player1": "Alico",
          "Player2": "Mathilde8",
          "Result": "2-0-0"
        },
        {
          "Player1": "komattaman",
          "Player2": "hashimo13",
          "Result": "0-0-0"
        },
        {
          "Player1": "MissTrigger",
          "Player2": "gurig",
          "Result": "0-2-0"
        },
        {
          "Player1": "McWinSauce",
          "Player2": "Selfeisek",
          "Result": "0-2-0"
        },
        {
          "Player1": "unagieel",
          "Player2": "boytriton",
          "Result": "2-0-0"
        },
        {
          "Player1": "BERNASTORRES",
          "Player2": "Oceansoul92",
          "Result": "2-0-0"
        },
        {
          "Player1": "_Shatun_",
          "Player2": "AlpInco",
          "Result": "0-2-0"
        },
        {
          "Player1": "pirol94",
          "Player2": "EiJunCHN",
          "Result": "0-2-0"
        }
      ]
    },
    {
      "RoundName": "Round 3",
      "Matches": [
        {
          "Player1": "Oceansoul92",
          "Player2": "AlpInco",
          "Result": "2-0-0"
        },
        {
          "Player1": "Alico",
          "Player2": "EiJunCHN",
          "Result": "2-0-0"
        },
        {
          "Player1": "unagieel",
          "Player2": "creazygoat",
          "Result": "2-0-0"
        },
        {
          "Player1": "Arkany1",
          "Player2": "Mathilde8",
          "Result": "0-2-0"
        },
        {
          "Player1": "_Shatun_",
          "Player2": "pirol94",
          "Result": "0-2-0"
        },
        {
          "Player1": "LasVegasChaos",
          "Player2": "hashimo13",
          "Result": "2-0-0"
        },
        {
          "Player1": "McWinSauce",
          "Player2": "gurig",
          "Result": "0-2-0"
        },
        {
          "Player1": "BERNASTORRES",
          "Player2": "Selfeisek",
          "Result": "0-0-0"
        },
        {
          "Player1": "MissTrigger",
          "Player2": "komattaman",
          "Result": "2-0-0"
        }
      ]
    },
    {
      "RoundName": "Round 4",
      "Matches": [
        {
          "Player1": "AlpInco",
          "Player2": "creazygoat",
          "Result": "0-2-0"
        },
        {
          "Player1": "gurig",
          "Player2": "boytriton",
          "Result": "2-0-0"
        },
        {
          "Player1": "Selfeisek",
          "Player2": "Alico",
          "Result": "0-0-0"
        },
        {
          "Player1": "Oceansoul92",
          "Player2": "LasVegasChaos",
          "Result": "2-0-0"
        },
        {
          "Player1": "McWinSauce",
          "Player2": "MissTrigger",
          "Result": "0-2-0"
        },
        {
          "Player1": "BERNASTORRES",
          "Player2": "Mathilde8",
          "Result": "0-2-0"
        },
        {
          "Player1": "unagieel",
          "Player2": "EiJunCHN",
          "Result": "2-0-0"
        },
        {
          "Player1": "pirol94",
          "Player2": "Arkany1",
          "Result": "0-2-0"
        }
      ]
    }
  ],
  "Standings": [
    {
      "Rank": 19,
      "Player": "_Shatun_",
      "Points": 0,
      "Wins": 0,
      "Losses": 0,
      "Draws": 0,
      "OMWP": 0.44439999999999996,
      "GWP": 0.1429,
      "OGWP": 0.44439999999999996
    },
    {
      "Rank": 18,
      "Player": "komattaman",
      "Points": 0,
      "Wins": 0,
      "Losses": 0,
      "Draws": 0,
      "OMWP": 0.5832999999999999,
      "GWP": 0.25,
      "OGWP": 0.5333
    },
    {
      "Rank": 17,
      "Player": "AlpInco",
      "Points": 3,
      "Wins": 0,
      "Losses": 0,
      "Draws": 0,
      "OMWP": 0.5832999999999999,
      "GWP": 0.3,
      "OGWP": 0.5486
    },
    {
      "Rank": 16,
      "Player": "McWinSauce",
      "Points": 3,
      "Wins": 0,
      "Losses": 0,
      "Draws": 0,
      "OMWP": 0.625,
      "GWP": 0.22219999999999998,
      "OGWP": 0.5832999999999999
    },
    {
      "Rank": 15,
      "Player": "boytriton",
      "Points": 3,
      "Wins": 0,
      "Losses": 0,
      "Draws": 0,
      "OMWP": 0.75,
      "GWP": 0.3333,
      "OGWP": 0.65
    },
    {
      "Rank": 14,
      "Player": "hashimo13",
      "Points": 6,
      "Wins": 0,
      "Losses": 0,
      "Draws": 0,
      "OMWP": 0.44439999999999996,
      "GWP": 0.5,
      "OGWP": 0.44439999999999996
    },
    {
      "Rank": 13,
      "Player": "creazygoat",
      "Points": 6,
      "Wins": 0,
      "Losses": 0,
      "Draws": 0,
      "OMWP": 0.4722,
      "GWP": 0.5,
      "OGWP": 0.4556
    },
    {
      "Rank": 12,
      "Player": "MissTrigger",
      "Points": 6,
      "Wins": 0,
      "Losses": 0,
      "Draws": 0,
      "OMWP": 0.5417000000000001,
      "GWP": 0.5,
      "OGWP": 0.5
    },
    {
      "Rank": 11,
      "Player": "pirol94",
      "Points": 6,
      "Wins": 0,
      "Losses": 0,
      "Draws": 0,
      "OMWP": 0.5832999999999999,
      "GWP": 0.5,
      "OGWP": 0.5778
    },
    {
      "Rank": 10,
      "Player": "EiJunCHN",
      "Points": 6,
      "Wins": 0,
      "Losses": 0,
      "Draws": 0,
      "OMWP": 0.6457999999999999,
      "GWP": 0.5,
      "OGWP": 0.6021
    },
    {
      "Rank": 9,
      "Player": "BERNASTORRES",
      "Points": 6,
      "Wins": 0,
      "Losses": 0,
      "Draws": 0,
      "OMWP": 0.6875,
      "GWP": 0.5,
      "OGWP": 0.5875
    },
    {
      "Rank": 8,
      "Player": "LasVegasChaos",
      "Points": 6,
      "Wins": 0,
      "Losses": 0,
      "Draws": 0,
      "OMWP": 0.6875,
      "GWP": 0.5,
      "OGWP": 0.6319
    },
    {
      "Rank": 7,
      "Player": "Oceansoul92",
      "Points": 9,
      "Wins": 0,
      "Losses": 0,
      "Draws": 0,
      "OMWP": 0.4167,
      "GWP": 0.5832999999999999,
      "OGWP": 0.4167
    },
    {
      "Rank": 6,
      "Player": "gurig",
      "Points": 9,
      "Wins": 0,
      "Losses": 0,
      "Draws": 0,
      "OMWP": 0.4167,
      "GWP": 0.6667000000000001,
      "OGWP": 0.4167
    },
    {
      "Rank": 5,
      "Player": "unagieel",
      "Points": 9,
      "Wins": 0,
      "Losses": 0,
      "Draws": 0,
      "OMWP": 0.4583,
      "GWP": 0.7,
      "OGWP": 0.4583
    },
    {
      "Rank": 4,
      "Player": "Arkany1",
      "Points": 9,
      "Wins": 0,
      "Losses": 0,
      "Draws": 0,
      "OMWP": 0.5207999999999999,
      "GWP": 0.7778,
      "OGWP": 0.4833
    },
    {
      "Rank": 3,
      "Player": "Selfeisek",
      "Points": 9,
      "Wins": 0,
      "Losses": 0,
      "Draws": 0,
      "OMWP": 0.5832999999999999,
      "GWP": 0.6667000000000001,
      "OGWP": 0.5521
    },
    {
      "Rank": 2,
      "Player": "Mathilde8",
      "Points": 9,
      "Wins": 0,
      "Losses": 0,
      "Draws": 0,
      "OMWP": 0.6457999999999999,
      "GWP": 0.6,
      "OGWP": 0.6214999999999999
    },
    {
      "Rank": 1,
      "Player": "Alico",
      "Points": 12,
      "Wins": 0,
      "Losses": 0,
      "Draws": 0,
      "OMWP": 0.6667000000000001,
      "GWP": 0.875,
      "OGWP": 0.5889
    }
  ]
}