{
  "Tournament": {
    "Id": 12802779,
    "Date": "2025-07-10T18:00:00",
    "Name": "Duel Commander Trial 16",
    "Uri": null,
    "JsonFile": null,
    "ForceRedownload": false
  },
  "Decks": null,
  "Rounds": [
    {
      "RoundName": "Round 1",
      "Matches": [
        {
          "Player1": "sebastianpozzo",
          "Player2": "takeInitiative",
          "Result": "2-0-0"
        },
        {
          "Player1": "Selfeisek",
          "Player2": "wcl",
          "Result": "2-0-0"
        },
        {
          "Player1": "Dudarudi",
          "Player2": "Gregoriusil",
          "Result": "0-2-0"
        },
        {
          "Player1": "Boumbo76",
          "Player2": "Pernobyl",
          "Result": "2-0-0"
        },
        {
          "Player1": "canepis16",
          "Player2": "boytriton",
          "Result": "0-2-0"
        },
        {
          "Player1": "Gonito",
          "Player2": "Whoah",
          "Result": "0-2-0"
        },
        {
          "Player1": "Beicodegeia",
          "Player2": "deleon91",
          "Result": "2-0-0"
        },
        {
          "Player1": "pokerswizard",
          "Player2": "Rod_Chill",
          "Result": "2-0-0"
        },
        {
          "Player1": "albertoSD",
          "Player2": "ChironTheMage",
          "Result": "0-2-0"
        },
        {
          "Player1": "rinazina",
          "Player2": "Brivenix",
          "Result": "0-2-0"
        },
        {
          "Player1": "Dreddybajs",
          "Player2": "Vaunted",
          "Result": "0-2-0"
        }
      ]
    },
    {
      "RoundName": "Round 2",
      "Matches": [
        {
          "Player1": "pokerswizard",
          "Player2": "albertoSD",
          "Result": "1-2-0"
        },
        {
          "Player1": "canepis16",
          "Player2": "takeInitiative",
          "Result": "0-2-0"
        },
        {
          "Player1": "rinazina",
          "Player2": "Rod_Chill",
          "Result": "2-0-0"
        },
        {
          "Player1": "Pernobyl",
          "Player2": "wcl",
          "Result": "0-2-0"
        },
        {
          "Player1": "Boumbo76",
          "Player2": "Vaunted",
          "Result": "2-0-0"
        },
        {
          "Player1": "Brivenix",
          "Player2": "boytriton",
          "Result": "0-2-0"
        },
        {
          "Player1": "Dudarudi",
          "Player2": "Gonito",
          "Result": "0-0-0"
        },
        {
          "Player1": "Dreddybajs",
          "Player2": "deleon91",
          "Result": "2-0-0"
        },
        {
          "Player1": "Beicodegeia",
          "Player2": "Gregoriusil",
          "Result": "0-2-0"
        },
        {
          "Player1": "sebastianpozzo",
          "Player2": "Selfeisek",
          "Result": "2-0-0"
        },
        {
          "Player1": "ChironTheMage",
          "Player2": "Whoah",
          "Result": "0-2-0"
        }
      ]
    },
    {
      "RoundName": "Round 3",
      "Matches": [
        {
          "Player1": "rinazina",
          "Player2": "wcl",
          "Result": "0-0-0"
        },
        {
          "Player1": "Brivenix",
          "Player2": "Gonito",
          "Result": "2-0-0"
        },
        {
          "Player1": "Selfeisek",
          "Player2": "Rod_Chill",
          "Result": "0-2-0"
        },
        {
          "Player1": "Boumbo76",
          "Player2": "Whoah",
          "Result": "0-2-0"
        },
        {
          "Player1": "ChironTheMage",
          "Player2": "Beicodegeia",
          "Result": "0-2-0"
        },
        {
          "Player1": "Vaunted",
          "Player2": "takeInitiative",
          "Result": "0-2-0"
        },
        {
          "Player1": "Pernobyl",
          "Player2": "Dudarudi",
          "Result": "0-2-0"
        },
        {
          "Player1": "pokerswizard",
          "Player2": "Gregoriusil",
          "Result": "0-2-0"
        },
        {
          "Player1": "sebastianpozzo",
          "Player2": "boytriton",
          "Result": "0-2-0"
        },
        {
          "Player1": "Dreddybajs",
          "Player2": "albertoSD",
          "Result": "0-2-0"
        }
      ]
    },
    {
      "RoundName": "Round 4",
      "Matches": [
        {
          "Player1": "rinazina",
          "Player2": "ChironTheMage",
          "Result": "2-0-0"
        },
        {
          "Player1": "deleon91",
          "Player2": "Gonito",
          "Result": "0-2-0"
        },
        {
          "Player1": "albertoSD",
          "Player2": "Whoah",
          "Result": "2-0-0"
        },
        {
          "Player1": "pokerswizard",
          "Player2": "Selfeisek",
          "Result": "0-2-0"
        },
        {
          "Player1": "Beicodegeia",
          "Player2": "wcl",
          "Result": "0-2-0"
        },
        {
          "Player1": "Brivenix",
          "Player2": "sebastianpozzo",
          "Result": "1-2-0"
        },
        {
          "Player1": "Dreddybajs",
          "Player2": "Dudarudi",
          "Result": "0-2-0"
        },
        {
          "Player1": "Vaunted",
          "Player2": "Rod_Chill",
          "Result": "1-2-0"
        },
        {
          "Player1": "Boumbo76",
          "Player2": "takeInitiative",
          "Result": "2-0-0"
        },
        {
          "Player1": "Gregoriusil",
          "Player2": "boytriton",
          "Result": "2-0-0"
        }
      ]
    },
    {
      "RoundName": "Round 5",
      "Matches": [
        {
          "Player1": "albertoSD",
          "Player2": "takeInitiative",
          "Result": "0-2-0"
        },
        {
          "Player1": "Whoah",
          "Player2": "boytriton",
          "Result": "2-0-0"
        },
        {
          "Player1": "Boumbo76",
          "Player2": "Gregoriusil",
          "Result": "0-2-0"
        },
        {
          "Player1": "ChironTheMage",
          "Player2": "deleon91",
          "Result": "2-0-0"
        },
        {
          "Player1": "rinazina",
          "Player2": "Vaunted",
          "Result": "2-0-0"
        },
        {
          "Player1": "Selfeisek",
          "Player2": "Dudarudi",
          "Result": "2-0-0"
        },
        {
          "Player1": "sebastianpozzo",
          "Player2": "wcl",
          "Result": "0-2-0"
        },
        {
          "Player1": "Gonito",
          "Player2": "Beicodegeia",
          "Result": "2-0-0"
        },
        {
          "Player1": "Rod_Chill",
          "Player2": "Brivenix",
          "Result": "2-0-0"
        }
      ]
    },
    {
      "RoundName": "Round 6",
      "Matches": [
        {
          "Player1": "sebastianpozzo",
          "Player2": "wcl",
          "Result": "2-0-0"
        },
        {
          "Player1": "Boumbo76",
          "Player2": "boytriton",
          "Result": "2-0-0"
        },
        {
          "Player1": "Selfeisek",
          "Player2": "Whoah",
          "Result": "2-0-0"
        },
        {
          "Player1": "rinazina",
          "Player2": "Gregoriusil",
          "Result": "2-0-0"
        }
      ]
    },
    {
      "RoundName": "Round 7",
      "Matches": [
        {
          "Player1": "rinazina",
          "Player2": "Boumbo76",
          "Result": "0-0-0"
        },
        {
          "Player1": "sebastianpozzo",
          "Player2": "Selfeisek",
          "Result": "2-0-0"
        }
      ]
    },
    {
      "RoundName": "Round 8",
      "Matches": [
        {
          "Player1": "Boumbo76",
          "Player2": "sebastianpozzo",
          "Result": "2-0-0"
        }
      ]
    }
  ],
  "Standings": [
    {
      "Rank": 22,
      "Player": "canepis16",
      "Points": 0,
      "Wins": 0,
      "Losses": 0,
      "Draws": 0,
      "OMWP": 0.6,
      "GWP": 0.2,
      "OGWP": 0.6039
    },
    {
      "Rank": 21,
      "Player": "Pernobyl",
      "Points": 0,
      "Wins": 0,
      "Losses": 0,
      "Draws": 0,
      "OMWP": 0.6,
      "GWP": 0.25,
      "OGWP": 0.531
    },
    {
      "Rank": 20,
      "Player": "Dreddybajs",
      "Points": 3,
      "Wins": 0,
      "Losses": 0,
      "Draws": 0,
      "OMWP": 0.4167,
      "GWP": 0.3,
      "OGWP": 0.4232
    },
    {
      "Rank": 19,
      "Player": "deleon91",
      "Points": 3,
      "Wins": 0,
      "Losses": 0,
      "Draws": 0,
      "OMWP": 0.43329999999999996,
      "GWP": 0.2,
      "OGWP": 0.4375
    },
    {
      "Rank": 18,
      "Player": "Vaunted",
      "Points": 3,
      "Wins": 0,
      "Losses": 0,
      "Draws": 0,
      "OMWP": 0.5467,
      "GWP": 0.2727,
      "OGWP": 0.522
    },
    {
      "Rank": 17,
      "Player": "pokerswizard",
      "Points": 3,
      "Wins": 0,
      "Losses": 0,
      "Draws": 0,
      "OMWP": 0.7,
      "GWP": 0.3,
      "OGWP": 0.63
    },
    {
      "Rank": 16,
      "Player": "ChironTheMage",
      "Points": 6,
      "Wins": 0,
      "Losses": 0,
      "Draws": 0,
      "OMWP": 0.5467,
      "GWP": 0.4167,
      "OGWP": 0.5597
    },
    {
      "Rank": 15,
      "Player": "Dudarudi",
      "Points": 6,
      "Wins": 0,
      "Losses": 0,
      "Draws": 0,
      "OMWP": 0.5733,
      "GWP": 0.4545,
      "OGWP": 0.5231
    },
    {
      "Rank": 14,
      "Player": "Brivenix",
      "Points": 6,
      "Wins": 0,
      "Losses": 0,
      "Draws": 0,
      "OMWP": 0.6,
      "GWP": 0.46149999999999997,
      "OGWP": 0.5606
    },
    {
      "Rank": 13,
      "Player": "Beicodegeia",
      "Points": 6,
      "Wins": 0,
      "Losses": 0,
      "Draws": 0,
      "OMWP": 0.6267,
      "GWP": 0.5,
      "OGWP": 0.5367000000000001
    },
    {
      "Rank": 12,
      "Player": "Rod_Chill",
      "Points": 9,
      "Wins": 0,
      "Losses": 0,
      "Draws": 0,
      "OMWP": 0.4533,
      "GWP": 0.5,
      "OGWP": 0.48210000000000003
    },
    {
      "Rank": 11,
      "Player": "Gonito",
      "Points": 9,
      "Wins": 0,
      "Losses": 0,
      "Draws": 0,
      "OMWP": 0.4667,
      "GWP": 0.5,
      "OGWP": 0.4953
    },
    {
      "Rank": 10,
      "Player": "takeInitiative",
      "Points": 9,
      "Wins": 0,
      "Losses": 0,
      "Draws": 0,
      "OMWP": 0.49329999999999996,
      "GWP": 0.5714,
      "OGWP": 0.45530000000000004
    },
    {
      "Rank": 9,
      "Player": "albertoSD",
      "Points": 9,
      "Wins": 0,
      "Losses": 0,
      "Draws": 0,
      "OMWP": 0.49329999999999996,
      "GWP": 0.5714,
      "OGWP": 0.4764
    },
    {
      "Rank": 8,
      "Player": "boytriton",
      "Points": 9,
      "Wins": 0,
      "Losses": 0,
      "Draws": 0,
      "OMWP": 0.6267,
      "GWP": 0.6364,
      "OGWP": 0.5710999999999999
    },
    {
      "Rank": 7,
      "Player": "wcl",
      "Points": 12,
      "Wins": 0,
      "Losses": 0,
      "Draws": 0,
      "OMWP": 0.5067,
      "GWP": 0.6,
      "OGWP": 0.5231
    },
    {
      "Rank": 6,
      "Player": "Whoah",
      "Points": 12,
      "Wins": 0,
      "Losses": 0,
      "Draws": 0,
      "OMWP": 0.56,
      "GWP": 0.7273000000000001,
      "OGWP": 0.5326
    },
    {
      "Rank": 5,
      "Player": "Gregoriusil",
      "Points": 15,
      "Wins": 0,
      "Losses": 0,
      "Draws": 0,
      "OMWP": 0.4667,
      "GWP": 0.8332999999999999,
      "OGWP": 0.4925
    },
    {
      "Rank": 4,
      "Player": "rinazina",
      "Points": 12,
      "Wins": 0,
      "Losses": 0,
      "Draws": 0,
      "OMWP": 0.5067,
      "GWP": 0.6667000000000001,
      "OGWP": 0.4623
    },
    {
      "Rank": 3,
      "Player": "Selfeisek",
      "Points": 12,
      "Wins": 0,
      "Losses": 0,
      "Draws": 0,
      "OMWP": 0.5467,
      "GWP": 0.6154,
      "OGWP": 0.47759999999999997
    },
    {
      "Rank": 2,
      "Player": "sebastianpozzo",
      "Points": 15,
      "Wins": 0,
      "Losses": 0,
      "Draws": 0,
      "OMWP": 0.6,
      "GWP": 0.5,
      "OGWP": 0.5769
    },
    {
      "Rank": 1,
      "Player": "Boumbo76",
      "Points": 18,
      "Wins": 0,
      "Losses": 0,
      "Draws": 0,
      "OMWP": 0.6133,
      "GWP": 0.5385,
      "OGWP": 0.5597
    }
  ]
}