{
  "Tournament": {
    "Id": 12802784,
    "Date": "2025-07-10T22:00:00",
    "Name": "Modern Preliminary",
    "Uri": null,
    "JsonFile": null,
    "ForceRedownload": false
  },
  "Decks": null,
  "Rounds": [
    {
      "RoundName": "Round 1",
      "Matches": [
        {
          "Player1": "SoIMBAGallade",
          "Player2": "cigarettesaftershrek",
          "Result": "2-0-0"
        },
        {
          "Player1": "Giox96",
          "Player2": "NJ5030",
          "Result": "0-2-0"
        },
        {
          "Player1": "ChironTheMage",
          "Player2": "myra00",
          "Result": "2-0-0"
        },
        {
          "Player1": "Foxantes",
          "Player2": "KadettiKersantti",
          "Result": "2-0-0"
        },
        {
          "Player1": "Rooney56",
          "Player2": "Erik157751",
          "Result": "2-0-0"
        },
        {
          "Player1": "Dr4ken",
          "Player2": "sandydogmtg",
          "Result": "0-2-0"
        },
        {
          "Player1": "GreaterClifford",
          "Player2": "Univerce",
          "Result": "0-2-0"
        },
        {
          "Player1": "Qaeron",
          "Player2": "WingedHussar",
          "Result": "2-0-0"
        }
      ]
    },
    {
      "RoundName": "Round 2",
      "Matches": [
        {
          "Player1": "myra00",
          "Player2": "KadettiKersantti",
          "Result": "2-0-0"
        },
        {
          "Player1": "WingedHussar",
          "Player2": "Giox96",
          "Result": "0-2-0"
        },
        {
          "Player1": "GreaterClifford",
          "Player2": "Dr4ken",
          "Result": "0-2-0"
        },
        {
          "Player1": "sandydogmtg",
          "Player2": "Foxantes",
          "Result": "2-0-0"
        },
        {
          "Player1": "Qaeron",
          "Player2": "NJ5030",
          "Result": "2-0-0"
        },
        {
          "Player1": "Erik157751",
          "Player2": "cigarettesaftershrek",
          "Result": "2-0-0"
        },
        {
          "Player1": "SoIMBAGallade",
          "Player2": "ChironTheMage",
          "Result": "0-2-0"
        },
        {
          "Player1": "Rooney56",
          "Player2": "Univerce",
          "Result": "0-2-0"
        }
      ]
    },
    {
      "RoundName": "Round 3",
      "Matches": [
        {
          "Player1": "Erik157751",
          "Player2": "Giox96",
          "Result": "0-2-0"
        },
        {
          "Player1": "SoIMBAGallade",
          "Player2": "Dr4ken",
          "Result": "2-0-0"
        },
        {
          "Player1": "ChironTheMage",
          "Player2": "Univerce",
          "Result": "0-2-0"
        },
        {
          "Player1": "GreaterClifford",
          "Player2": "KadettiKersantti",
          "Result": "2-0-0"
        },
        {
          "Player1": "sandydogmtg",
          "Player2": "Qaeron",
          "Result": "0-2-0"
        },
        {
          "Player1": "WingedHussar",
          "Player2": "cigarettesaftershrek",
          "Result": "2-0-0"
        },
        {
          "Player1": "Foxantes",
          "Player2": "myra00",
          "Result": "2-0-0"
        },
        {
          "Player1": "Rooney56",
          "Player2": "NJ5030",
          "Result": "0-2-0"
        }
      ]
    },
    {
      "RoundName": "Round 4",
      "Matches": [
        {
          "Player1": "SoIMBAGallade",
          "Player2": "NJ5030",
          "Result": "2-0-0"
        },
        {
          "Player1": "Rooney56",
          "Player2": "GreaterClifford",
          "Result": "2-0-0"
        },
        {
          "Player1": "Erik157751",
          "Player2": "Dr4ken",
          "Result": "2-0-0"
        },
        {
          "Player1": "ChironTheMage",
          "Player2": "Foxantes",
          "Result": "0-2-0"
        },
        {
          "Player1": "sandydogmtg",
          "Player2": "Giox96",
          "Result": "0-2-0"
        },
        {
          "Player1": "Qaeron",
          "Player2": "Univerce",
          "Result": "2-0-0"
        }
      ]
    }
  ],
  "Standings": [
    {
      "Rank": 16,
      "Player": "KadettiKersantti",
      "Points": 0,
      "Wins": 0,
      "Losses": 0,
      "Draws": 0,
      "OMWP": 0.4722,
      "GWP": 0.25,
      "OGWP": 0.5027
    },
    {
      "Rank": 15,
      "Player": "cigarettesaftershrek",
      "Points": 0,
      "Wins": 0,
      "Losses": 0,
      "Draws": 0,
      "OMWP": 0.5832999999999999,
      "GWP": 0.25,
      "OGWP": 0.5606
    },
    {
      "Rank": 14,
      "Player": "GreaterClifford",
      "Points": 3,
      "Wins": 0,
      "Losses": 0,
      "Draws": 0,
      "OMWP": 0.4792,
      "GWP": 0.3636,
      "OGWP": 0.45299999999999996
    },
    {
      "Rank": 13,
      "Player": "Dr4ken",
      "Points": 3,
      "Wins": 0,
      "Losses": 0,
      "Draws": 0,
      "OMWP": 0.5207999999999999,
      "GWP": 0.3,
      "OGWP": 0.5
    },
    {
      "Rank": 12,
      "Player": "myra00",
      "Points": 3,
      "Wins": 0,
      "Losses": 0,
      "Draws": 0,
      "OMWP": 0.5278,
      "GWP": 0.44439999999999996,
      "OGWP": 0.4778
    },
    {
      "Rank": 11,
      "Player": "Erik157751",
      "Points": 6,
      "Wins": 0,
      "Losses": 0,
      "Draws": 0,
      "OMWP": 0.4792,
      "GWP": 0.5455,
      "OGWP": 0.4697
    },
    {
      "Rank": 10,
      "Player": "Rooney56",
      "Points": 6,
      "Wins": 0,
      "Losses": 0,
      "Draws": 0,
      "OMWP": 0.5207999999999999,
      "GWP": 0.5455,
      "OGWP": 0.5023
    },
    {
      "Rank": 9,
      "Player": "ChironTheMage",
      "Points": 6,
      "Wins": 0,
      "Losses": 0,
      "Draws": 0,
      "OMWP": 0.6457999999999999,
      "GWP": 0.4,
      "OGWP": 0.5952000000000001
    },
    {
      "Rank": 8,
      "Player": "WingedHussar",
      "Points": 6,
      "Wins": 0,
      "Losses": 0,
      "Draws": 0,
      "OMWP": 0.6944,
      "GWP": 0.5,
      "OGWP": 0.6
    },
    {
      "Rank": 7,
      "Player": "sandydogmtg",
      "Points": 6,
      "Wins": 0,
      "Losses": 0,
      "Draws": 0,
      "OMWP": 0.7082999999999999,
      "GWP": 0.4545,
      "OGWP": 0.625
    },
    {
      "Rank": 6,
      "Player": "NJ5030",
      "Points": 6,
      "Wins": 0,
      "Losses": 0,
      "Draws": 0,
      "OMWP": 0.75,
      "GWP": 0.5,
      "OGWP": 0.6620999999999999
    },
    {
      "Rank": 5,
      "Player": "SoIMBAGallade",
      "Points": 9,
      "Wins": 0,
      "Losses": 0,
      "Draws": 0,
      "OMWP": 0.4167,
      "GWP": 0.6364,
      "OGWP": 0.3917
    },
    {
      "Rank": 4,
      "Player": "Foxantes",
      "Points": 9,
      "Wins": 0,
      "Losses": 0,
      "Draws": 0,
      "OMWP": 0.4167,
      "GWP": 0.7,
      "OGWP": 0.4081
    },
    {
      "Rank": 3,
      "Player": "Giox96",
      "Points": 9,
      "Wins": 0,
      "Losses": 0,
      "Draws": 0,
      "OMWP": 0.5,
      "GWP": 0.6667000000000001,
      "OGWP": 0.5
    },
    {
      "Rank": 2,
      "Player": "Univerce",
      "Points": 9,
      "Wins": 0,
      "Losses": 0,
      "Draws": 0,
      "OMWP": 0.5832999999999999,
      "GWP": 0.6,
      "OGWP": 0.5273
    },
    {
      "Rank": 1,
      "Player": "Qaeron",
      "Points": 12,
      "Wins": 0,
      "Losses": 0,
      "Draws": 0,
      "OMWP": 0.5625,
      "GWP": 0.8,
      "OGWP": 0.5136
    }
  ]
}