{
  "Tournament": {
    "Id": 12802776,
    "Date": "2025-07-10T15:00:00",
    "Name": "Modern Challenge 64",
    "Uri": null,
    "JsonFile": null,
    "ForceRedownload": false
  },
  "Decks": null,
  "Rounds": [
    {
      "RoundName": "Round 1",
      "Matches": [
        {
          "Player1": "gpowerone",
          "Player2": "Selfeisek",
          "Result": "0-2-0"
        },
        {
          "Player1": "RCMerriam",
          "Player2": "NJ5030",
          "Result": "2-0-0"
        },
        {
          "Player1": "_Falcon_",
          "Player2": "_Shikamaru_",
          "Result": "2-0-0"
        },
        {
          "Player1": "bobthedog",
          "Player2": "Echoplex_",
          "Result": "2-0-0"
        },
        {
          "Player1": "Dreddybajs",
          "Player2": "Matti",
          "Result": "0-2-0"
        },
        {
          "Player1": "moon11",
          "Player2": "fudgems",
          "Result": "2-0-0"
        },
        {
          "Player1": "TrueHero",
          "Player2": "MATTOMARINAIO",
          "Result": "0-2-0"
        },
        {
          "Player1": "rastaf",
          "Player2": "koorn",
          "Result": "2-0-0"
        },
        {
          "Player1": "Efgan3",
          "Player2": "Fatal_Vlad",
          "Result": "0-2-0"
        },
        {
          "Player1": "Edraros3",
          "Player2": "Samcaster-Mage",
          "Result": "0-0-0"
        },
        {
          "Player1": "Doomenstein",
          "Player2": "amin0e",
          "Result": "0-2-0"
        },
        {
          "Player1": "medvedev",
          "Player2": "DobleP",
          "Result": "2-0-0"
        },
        {
          "Player1": "Bahamut147",
          "Player2": "Rosiedog88",
          "Result": "0-2-0"
        },
        {
          "Player1": "littledarwin",
          "Player2": "chanel-santini",
          "Result": "2-0-0"
        },
        {
          "Player1": "Jenara19",
          "Player2": "ashame",
          "Result": "0-2-0"
        },
        {
          "Player1": "joaoclaudioms",
          "Player2": "wzanotti",
          "Result": "0-2-0"
        },
        {
          "Player1": "oskiyaa",
          "Player2": "aarrgh",
          "Result": "2-0-0"
        },
        {
          "Player1": "Deathnote1999",
          "Player2": "Badcookie",
          "Result": "2-1-0"
        },
        {
          "Player1": "Maccaciock",
          "Player2": "Erik157751",
          "Result": "0-2-0"
        },
        {
          "Player1": "levunga21",
          "Player2": "manukoka",
          "Result": "0-0-0"
        },
        {
          "Player1": "MeninoNey",
          "Player2": "LeBonBon",
          "Result": "2-0-0"
        },
        {
          "Player1": "FerMTG",
          "Player2": "NashEquilibrium1950",
          "Result": "2-0-0"
        },
        {
          "Player1": "oeni",
          "Player2": "Kollslaw",
          "Result": "2-0-0"
        },
        {
          "Player1": "sokos13",
          "Player2": "Cereza",
          "Result": "0-2-0"
        },
        {
          "Player1": "oosunq",
          "Player2": "kanister",
          "Result": "2-0-0"
        },
        {
          "Player1": "roland77",
          "Player2": "JackActual",
          "Result": "2-0-0"
        },
        {
          "Player1": "albertoSD",
          "Player2": "Darcore",
          "Result": "0-2-0"
        },
        {
          "Player1": "O_danielakos",
          "Player2": "hugofreitas1",
          "Result": "2-0-0"
        },
        {
          "Player1": "Kotte89",
          "Player2": "kaikas",
          "Result": "0-2-0"
        },
        {
          "Player1": "BigD_1992",
          "Player2": "TheEndofJakes",
          "Result": "2-0-0"
        },
        {
          "Player1": "DemianDesposito10",
          "Player2": "Skrocious",
          "Result": "0-2-0"
        },
        {
          "Player1": "NathanOfTheGiltLeaf",
          "Player2": "Thunus",
          "Result": "0-0-0"
        },
        {
          "Player1": "Darthkid",
          "Player2": "EL_Zanetti",
          "Result": "0-0-0"
        },
        {
          "Player1": "Gerschi",
          "Player2": "TSPJendrek",
          "Result": "0-2-0"
        },
        {
          "Player1": "skyforth",
          "Player2": "Death_Lighter",
          "Result": "2-0-0"
        },
        {
          "Player1": "mikeleee",
          "Player2": "RezerDeDog",
          "Result": "0-2-0"
        },
        {
          "Player1": "filpin",
          "Player2": "Faria_Limer",
          "Result": "0-2-0"
        },
        {
          "Player1": "doom580",
          "Player2": "Doelle98",
          "Result": "0-2-0"
        },
        {
          "Player1": "WanderingOnes",
          "Player2": "boytriton",
          "Result": "0-2-0"
        },
        {
          "Player1": "ConnorM426",
          "Player2": "KadettiKersantti",
          "Result": "2-0-0"
        }
      ]
    },
    {
      "RoundName": "Round 2",
      "Matches": [
        {
          "Player1": "gpowerone",
          "Player2": "filpin",
          "Result": "0-2-0"
        },
        {
          "Player1": "Jenara19",
          "Player2": "Kollslaw",
          "Result": "0-2-0"
        },
        {
          "Player1": "_Falcon_",
          "Player2": "ashame",
          "Result": "2-0-0"
        },
        {
          "Player1": "koorn",
          "Player2": "_Shikamaru_",
          "Result": "0-2-0"
        },
        {
          "Player1": "Death_Lighter",
          "Player2": "Thunus",
          "Result": "1-2-0"
        },
        {
          "Player1": "joaoclaudioms",
          "Player2": "TheEndofJakes",
          "Result": "2-0-0"
        },
        {
          "Player1": "Deathnote1999",
          "Player2": "amin0e",
          "Result": "2-0-0"
        },
        {
          "Player1": "ConnorM426",
          "Player2": "Fatal_Vlad",
          "Result": "2-0-0"
        },
        {
          "Player1": "Rosiedog88",
          "Player2": "Cereza",
          "Result": "2-0-0"
        },
        {
          "Player1": "Edraros3",
          "Player2": "fudgems",
          "Result": "2-0-0"
        },
        {
          "Player1": "bobthedog",
          "Player2": "Darthkid",
          "Result": "2-0-0"
        },
        {
          "Player1": "boytriton",
          "Player2": "Darcore",
          "Result": "0-2-0"
        },
        {
          "Player1": "chanel-santini",
          "Player2": "NashEquilibrium1950",
          "Result": "2-0-0"
        },
        {
          "Player1": "oosunq",
          "Player2": "BigD_1992",
          "Result": "0-2-0"
        },
        {
          "Player1": "MeninoNey",
          "Player2": "RezerDeDog",
          "Result": "2-0-0"
        },
        {
          "Player1": "oeni",
          "Player2": "Samcaster-Mage",
          "Result": "1-2-0"
        },
        {
          "Player1": "MATTOMARINAIO",
          "Player2": "Doelle98",
          "Result": "0-2-0"
        },
        {
          "Player1": "O_danielakos",
          "Player2": "Erik157751",
          "Result": "0-2-0"
        },
        {
          "Player1": "albertoSD",
          "Player2": "Efgan3",
          "Result": "0-0-0"
        },
        {
          "Player1": "DobleP",
          "Player2": "Badcookie",
          "Result": "0-0-0"
        },
        {
          "Player1": "doom580",
          "Player2": "TrueHero",
          "Result": "0-2-0"
        },
        {
          "Player1": "Doomenstein",
          "Player2": "NJ5030",
          "Result": "2-0-0"
        },
        {
          "Player1": "Maccaciock",
          "Player2": "EL_Zanetti",
          "Result": "0-2-0"
        },
        {
          "Player1": "littledarwin",
          "Player2": "Matti",
          "Result": "0-2-0"
        },
        {
          "Player1": "manukoka",
          "Player2": "aarrgh",
          "Result": "2-0-0"
        },
        {
          "Player1": "sokos13",
          "Player2": "Dreddybajs",
          "Result": "2-0-0"
        },
        {
          "Player1": "Skrocious",
          "Player2": "skyforth",
          "Result": "0-2-0"
        },
        {
          "Player1": "rastaf",
          "Player2": "TSPJendrek",
          "Result": "0-2-0"
        },
        {
          "Player1": "mikeleee",
          "Player2": "Bahamut147",
          "Result": "0-0-0"
        },
        {
          "Player1": "levunga21",
          "Player2": "RCMerriam",
          "Result": "2-0-0"
        },
        {
          "Player1": "kanister",
          "Player2": "DemianDesposito10",
          "Result": "2-0-0"
        },
        {
          "Player1": "medvedev",
          "Player2": "wzanotti",
          "Result": "0-2-0"
        },
        {
          "Player1": "WanderingOnes",
          "Player2": "JackActual",
          "Result": "2-0-0"
        },
        {
          "Player1": "Echoplex_",
          "Player2": "LeBonBon",
          "Result": "2-0-0"
        },
        {
          "Player1": "Kotte89",
          "Player2": "KadettiKersantti",
          "Result": "2-0-0"
        },
        {
          "Player1": "NathanOfTheGiltLeaf",
          "Player2": "Faria_Limer",
          "Result": "2-0-0"
        },
        {
          "Player1": "moon11",
          "Player2": "FerMTG",
          "Result": "0-2-0"
        },
        {
          "Player1": "oskiyaa",
          "Player2": "kaikas",
          "Result": "0-2-0"
        },
        {
          "Player1": "roland77",
          "Player2": "Selfeisek",
          "Result": "0-2-0"
        }
      ]
    },
    {
      "RoundName": "Round 3",
      "Matches": [
        {
          "Player1": "Dreddybajs",
          "Player2": "Badcookie",
          "Result": "0-2-0"
        },
        {
          "Player1": "moon11",
          "Player2": "Echoplex_",
          "Result": "0-2-0"
        },
        {
          "Player1": "fudgems",
          "Player2": "LeBonBon",
          "Result": "2-0-0"
        },
        {
          "Player1": "_Falcon_",
          "Player2": "MeninoNey",
          "Result": "0-2-0"
        },
        {
          "Player1": "Erik157751",
          "Player2": "kaikas",
          "Result": "0-2-0"
        },
        {
          "Player1": "Darthkid",
          "Player2": "Edraros3",
          "Result": "0-2-0"
        },
        {
          "Player1": "Fatal_Vlad",
          "Player2": "Faria_Limer",
          "Result": "0-0-0"
        },
        {
          "Player1": "roland77",
          "Player2": "medvedev",
          "Result": "2-0-0"
        },
        {
          "Player1": "RCMerriam",
          "Player2": "DobleP",
          "Result": "0-2-0"
        },
        {
          "Player1": "O_danielakos",
          "Player2": "boytriton",
          "Result": "2-0-0"
        },
        {
          "Player1": "skyforth",
          "Player2": "NathanOfTheGiltLeaf",
          "Result": "0-2-0"
        },
        {
          "Player1": "manukoka",
          "Player2": "ashame",
          "Result": "2-0-0"
        },
        {
          "Player1": "Jenara19",
          "Player2": "mikeleee",
          "Result": "2-0-0"
        },
        {
          "Player1": "Rosiedog88",
          "Player2": "wzanotti",
          "Result": "2-0-0"
        },
        {
          "Player1": "sokos13",
          "Player2": "WanderingOnes",
          "Result": "2-0-0"
        },
        {
          "Player1": "Doomenstein",
          "Player2": "RezerDeDog",
          "Result": "2-0-0"
        },
        {
          "Player1": "koorn",
          "Player2": "TheEndofJakes",
          "Result": "0-2-0"
        },
        {
          "Player1": "Kotte89",
          "Player2": "TrueHero",
          "Result": "0-2-0"
        },
        {
          "Player1": "ConnorM426",
          "Player2": "Doelle98",
          "Result": "0-2-0"
        },
        {
          "Player1": "bobthedog",
          "Player2": "levunga21",
          "Result": "2-0-0"
        },
        {
          "Player1": "oosunq",
          "Player2": "Cereza",
          "Result": "2-0-0"
        },
        {
          "Player1": "littledarwin",
          "Player2": "oskiyaa",
          "Result": "0-2-0"
        },
        {
          "Player1": "rastaf",
          "Player2": "_Shikamaru_",
          "Result": "0-2-0"
        },
        {
          "Player1": "kanister",
          "Player2": "MATTOMARINAIO",
          "Result": "0-2-0"
        },
        {
          "Player1": "Maccaciock",
          "Player2": "Death_Lighter",
          "Result": "0-2-0"
        },
        {
          "Player1": "TSPJendrek",
          "Player2": "BigD_1992",
          "Result": "0-2-0"
        },
        {
          "Player1": "Selfeisek",
          "Player2": "Darcore",
          "Result": "2-1-0"
        },
        {
          "Player1": "Samcaster-Mage",
          "Player2": "FerMTG",
          "Result": "0-2-0"
        },
        {
          "Player1": "oeni",
          "Player2": "amin0e",
          "Result": "0-2-0"
        },
        {
          "Player1": "hugofreitas1",
          "Player2": "Bahamut147",
          "Result": "2-0-0"
        },
        {
          "Player1": "Matti",
          "Player2": "Deathnote1999",
          "Result": "2-0-0"
        },
        {
          "Player1": "Efgan3",
          "Player2": "Kollslaw",
          "Result": "0-2-0"
        },
        {
          "Player1": "joaoclaudioms",
          "Player2": "Thunus",
          "Result": "0-2-0"
        },
        {
          "Player1": "Skrocious",
          "Player2": "EL_Zanetti",
          "Result": "0-2-0"
        },
        {
          "Player1": "filpin",
          "Player2": "chanel-santini",
          "Result": "0-2-0"
        }
      ]
    },
    {
      "RoundName": "Round 4",
      "Matches": [
        {
          "Player1": "Faria_Limer",
          "Player2": "WanderingOnes",
          "Result": "0-2-0"
        },
        {
          "Player1": "Maccaciock",
          "Player2": "koorn",
          "Result": "2-0-0"
        },
        {
          "Player1": "Selfeisek",
          "Player2": "kaikas",
          "Result": "2-0-0"
        },
        {
          "Player1": "Death_Lighter",
          "Player2": "Cereza",
          "Result": "2-0-0"
        },
        {
          "Player1": "skyforth",
          "Player2": "Echoplex_",
          "Result": "2-0-0"
        },
        {
          "Player1": "roland77",
          "Player2": "EL_Zanetti",
          "Result": "0-2-0"
        },
        {
          "Player1": "rastaf",
          "Player2": "joaoclaudioms",
          "Result": "0-2-0"
        },
        {
          "Player1": "Matti",
          "Player2": "Doelle98",
          "Result": "2-0-0"
        },
        {
          "Player1": "sokos13",
          "Player2": "oosunq",
          "Result": "1-2-0"
        },
        {
          "Player1": "levunga21",
          "Player2": "Fatal_Vlad",
          "Result": "2-0-0"
        },
        {
          "Player1": "medvedev",
          "Player2": "boytriton",
          "Result": "0-2-0"
        },
        {
          "Player1": "ConnorM426",
          "Player2": "wzanotti",
          "Result": "0-2-0"
        },
        {
          "Player1": "hugofreitas1",
          "Player2": "amin0e",
          "Result": "2-0-0"
        },
        {
          "Player1": "littledarwin",
          "Player2": "moon11",
          "Result": "2-0-0"
        },
        {
          "Player1": "bobthedog",
          "Player2": "NathanOfTheGiltLeaf",
          "Result": "2-0-0"
        },
        {
          "Player1": "oeni",
          "Player2": "Efgan3",
          "Result": "0-2-0"
        },
        {
          "Player1": "Kollslaw",
          "Player2": "_Shikamaru_",
          "Result": "2-0-0"
        },
        {
          "Player1": "Badcookie",
          "Player2": "fudgems",
          "Result": "0-2-0"
        },
        {
          "Player1": "BigD_1992",
          "Player2": "FerMTG",
          "Result": "2-0-0"
        },
        {
          "Player1": "Doomenstein",
          "Player2": "chanel-santini",
          "Result": "2-0-0"
        },
        {
          "Player1": "manukoka",
          "Player2": "Deathnote1999",
          "Result": "2-0-0"
        },
        {
          "Player1": "DobleP",
          "Player2": "Thunus",
          "Result": "0-2-0"
        },
        {
          "Player1": "Bahamut147",
          "Player2": "filpin",
          "Result": "0-2-0"
        },
        {
          "Player1": "Samcaster-Mage",
          "Player2": "Darcore",
          "Result": "2-0-0"
        },
        {
          "Player1": "kanister",
          "Player2": "Jenara19",
          "Result": "0-2-0"
        },
        {
          "Player1": "TSPJendrek",
          "Player2": "Erik157751",
          "Result": "2-0-0"
        },
        {
          "Player1": "RCMerriam",
          "Player2": "TheEndofJakes",
          "Result": "2-0-0"
        },
        {
          "Player1": "_Falcon_",
          "Player2": "TrueHero",
          "Result": "2-0-0"
        },
        {
          "Player1": "DemianDesposito10",
          "Player2": "ashame",
          "Result": "0-2-0"
        },
        {
          "Player1": "MeninoNey",
          "Player2": "Rosiedog88",
          "Result": "0-2-0"
        },
        {
          "Player1": "oskiyaa",
          "Player2": "MATTOMARINAIO",
          "Result": "2-0-0"
        },
        {
          "Player1": "Kotte89",
          "Player2": "Skrocious",
          "Result": "0-2-0"
        },
        {
          "Player1": "O_danielakos",
          "Player2": "Edraros3",
          "Result": "0-2-0"
        }
      ]
    },
    {
      "RoundName": "Round 5",
      "Matches": [
        {
          "Player1": "levunga21",
          "Player2": "EL_Zanetti",
          "Result": "2-0-0"
        },
        {
          "Player1": "TSPJendrek",
          "Player2": "skyforth",
          "Result": "2-0-0"
        },
        {
          "Player1": "medvedev",
          "Player2": "Cereza",
          "Result": "0-2-0"
        },
        {
          "Player1": "Efgan3",
          "Player2": "amin0e",
          "Result": "2-0-0"
        },
        {
          "Player1": "Jenara19",
          "Player2": "Skrocious",
          "Result": "0-2-0"
        },
        {
          "Player1": "oeni",
          "Player2": "Bahamut147",
          "Result": "2-0-0"
        },
        {
          "Player1": "Death_Lighter",
          "Player2": "Fatal_Vlad",
          "Result": "2-0-0"
        },
        {
          "Player1": "Edraros3",
          "Player2": "_Falcon_",
          "Result": "0-2-0"
        },
        {
          "Player1": "hugofreitas1",
          "Player2": "Doomenstein",
          "Result": "0-2-0"
        },
        {
          "Player1": "MATTOMARINAIO",
          "Player2": "boytriton",
          "Result": "0-0-0"
        },
        {
          "Player1": "manukoka",
          "Player2": "wzanotti",
          "Result": "0-0-0"
        },
        {
          "Player1": "Maccaciock",
          "Player2": "DemianDesposito10",
          "Result": "2-0-0"
        },
        {
          "Player1": "NathanOfTheGiltLeaf",
          "Player2": "Kollslaw",
          "Result": "2-0-0"
        },
        {
          "Player1": "bobthedog",
          "Player2": "oosunq",
          "Result": "2-0-0"
        },
        {
          "Player1": "Matti",
          "Player2": "BigD_1992",
          "Result": "2-0-0"
        },
        {
          "Player1": "filpin",
          "Player2": "fudgems",
          "Result": "2-0-0"
        },
        {
          "Player1": "Faria_Limer",
          "Player2": "Badcookie",
          "Result": "2-0-0"
        },
        {
          "Player1": "sokos13",
          "Player2": "Deathnote1999",
          "Result": "0-2-0"
        },
        {
          "Player1": "ConnorM426",
          "Player2": "TrueHero",
          "Result": "0-2-0"
        },
        {
          "Player1": "littledarwin",
          "Player2": "DobleP",
          "Result": "0-2-0"
        },
        {
          "Player1": "FerMTG",
          "Player2": "MeninoNey",
          "Result": "2-0-0"
        },
        {
          "Player1": "roland77",
          "Player2": "_Shikamaru_",
          "Result": "0-2-0"
        },
        {
          "Player1": "WanderingOnes",
          "Player2": "Darcore",
          "Result": "2-0-0"
        },
        {
          "Player1": "Doelle98",
          "Player2": "Thunus",
          "Result": "0-2-0"
        },
        {
          "Player1": "Erik157751",
          "Player2": "Echoplex_",
          "Result": "0-2-0"
        },
        {
          "Player1": "Selfeisek",
          "Player2": "Rosiedog88",
          "Result": "2-0-0"
        },
        {
          "Player1": "ashame",
          "Player2": "chanel-santini",
          "Result": "2-0-0"
        },
        {
          "Player1": "RCMerriam",
          "Player2": "kaikas",
          "Result": "2-0-0"
        },
        {
          "Player1": "joaoclaudioms",
          "Player2": "O_danielakos",
          "Result": "0-0-0"
        },
        {
          "Player1": "oskiyaa",
          "Player2": "Samcaster-Mage",
          "Result": "2-0-0"
        },
        {
          "Player1": "rastaf",
          "Player2": "Kotte89",
          "Result": "2-0-0"
        }
      ]
    },
    {
      "RoundName": "Round 6",
      "Matches": [
        {
          "Player1": "bobthedog",
          "Player2": "Selfeisek",
          "Result": "2-0-0"
        },
        {
          "Player1": "Matti",
          "Player2": "Doomenstein",
          "Result": "2-0-0"
        },
        {
          "Player1": "WanderingOnes",
          "Player2": "Edraros3",
          "Result": "0-2-0"
        },
        {
          "Player1": "Efgan3",
          "Player2": "_Shikamaru_",
          "Result": "2-0-0"
        },
        {
          "Player1": "TrueHero",
          "Player2": "kaikas",
          "Result": "0-2-0"
        },
        {
          "Player1": "medvedev",
          "Player2": "Bahamut147",
          "Result": "0-2-0"
        },
        {
          "Player1": "RCMerriam",
          "Player2": "filpin",
          "Result": "2-0-0"
        },
        {
          "Player1": "oskiyaa",
          "Player2": "wzanotti",
          "Result": "0-2-0"
        },
        {
          "Player1": "levunga21",
          "Player2": "FerMTG",
          "Result": "0-2-0"
        },
        {
          "Player1": "Rosiedog88",
          "Player2": "NathanOfTheGiltLeaf",
          "Result": "2-0-0"
        },
        {
          "Player1": "Death_Lighter",
          "Player2": "Skrocious",
          "Result": "0-2-0"
        },
        {
          "Player1": "O_danielakos",
          "Player2": "Deathnote1999",
          "Result": "0-2-0"
        },
        {
          "Player1": "roland77",
          "Player2": "joaoclaudioms",
          "Result": "0-2-0"
        },
        {
          "Player1": "ConnorM426",
          "Player2": "Darcore",
          "Result": "0-2-0"
        },
        {
          "Player1": "oeni",
          "Player2": "chanel-santini",
          "Result": "0-2-0"
        },
        {
          "Player1": "BigD_1992",
          "Player2": "_Falcon_",
          "Result": "0-2-0"
        },
        {
          "Player1": "littledarwin",
          "Player2": "Faria_Limer",
          "Result": "2-0-0"
        },
        {
          "Player1": "moon11",
          "Player2": "Erik157751",
          "Result": "2-0-0"
        },
        {
          "Player1": "MeninoNey",
          "Player2": "Echoplex_",
          "Result": "2-0-0"
        },
        {
          "Player1": "skyforth",
          "Player2": "ashame",
          "Result": "2-0-0"
        },
        {
          "Player1": "EL_Zanetti",
          "Player2": "Kollslaw",
          "Result": "2-0-0"
        },
        {
          "Player1": "rastaf",
          "Player2": "Maccaciock",
          "Result": "0-2-0"
        },
        {
          "Player1": "TSPJendrek",
          "Player2": "Thunus",
          "Result": "2-0-0"
        },
        {
          "Player1": "oosunq",
          "Player2": "Samcaster-Mage",
          "Result": "2-0-0"
        },
        {
          "Player1": "hugofreitas1",
          "Player2": "Doelle98",
          "Result": "0-2-0"
        },
        {
          "Player1": "boytriton",
          "Player2": "Cereza",
          "Result": "2-0-0"
        },
        {
          "Player1": "Jenara19",
          "Player2": "amin0e",
          "Result": "2-0-0"
        },
        {
          "Player1": "manukoka",
          "Player2": "DobleP",
          "Result": "0-2-0"
        },
        {
          "Player1": "MATTOMARINAIO",
          "Player2": "Badcookie",
          "Result": "2-0-0"
        }
      ]
    },
    {
      "RoundName": "Round 7",
      "Matches": [
        {
          "Player1": "Efgan3",
          "Player2": "DobleP",
          "Result": "0-2-0"
        },
        {
          "Player1": "joaoclaudioms",
          "Player2": "moon11",
          "Result": "0-2-0"
        },
        {
          "Player1": "Maccaciock",
          "Player2": "_Shikamaru_",
          "Result": "2-0-0"
        },
        {
          "Player1": "WanderingOnes",
          "Player2": "hugofreitas1",
          "Result": "2-0-0"
        },
        {
          "Player1": "Erik157751",
          "Player2": "Faria_Limer",
          "Result": "2-0-0"
        },
        {
          "Player1": "MeninoNey",
          "Player2": "Doelle98",
          "Result": "2-0-0"
        },
        {
          "Player1": "Deathnote1999",
          "Player2": "Edraros3",
          "Result": "2-0-0"
        },
        {
          "Player1": "Jenara19",
          "Player2": "Echoplex_",
          "Result": "0-0-0"
        },
        {
          "Player1": "RCMerriam",
          "Player2": "Thunus",
          "Result": "0-2-0"
        },
        {
          "Player1": "Samcaster-Mage",
          "Player2": "ashame",
          "Result": "0-0-0"
        },
        {
          "Player1": "kaikas",
          "Player2": "boytriton",
          "Result": "0-2-0"
        },
        {
          "Player1": "Death_Lighter",
          "Player2": "EL_Zanetti",
          "Result": "0-2-0"
        },
        {
          "Player1": "FerMTG",
          "Player2": "Rosiedog88",
          "Result": "0-2-0"
        },
        {
          "Player1": "rastaf",
          "Player2": "Bahamut147",
          "Result": "2-0-0"
        },
        {
          "Player1": "skyforth",
          "Player2": "BigD_1992",
          "Result": "0-2-0"
        },
        {
          "Player1": "Doomenstein",
          "Player2": "Skrocious",
          "Result": "0-2-0"
        },
        {
          "Player1": "Selfeisek",
          "Player2": "wzanotti",
          "Result": "0-2-0"
        },
        {
          "Player1": "oskiyaa",
          "Player2": "oosunq",
          "Result": "2-0-0"
        },
        {
          "Player1": "bobthedog",
          "Player2": "Matti",
          "Result": "2-0-0"
        },
        {
          "Player1": "medvedev",
          "Player2": "Badcookie",
          "Result": "2-0-0"
        },
        {
          "Player1": "TSPJendrek",
          "Player2": "_Falcon_",
          "Result": "0-2-0"
        },
        {
          "Player1": "O_danielakos",
          "Player2": "TrueHero",
          "Result": "0-0-0"
        },
        {
          "Player1": "levunga21",
          "Player2": "NathanOfTheGiltLeaf",
          "Result": "0-2-0"
        },
        {
          "Player1": "littledarwin",
          "Player2": "manukoka",
          "Result": "0-2-0"
        },
        {
          "Player1": "filpin",
          "Player2": "Darcore",
          "Result": "2-0-0"
        },
        {
          "Player1": "MATTOMARINAIO",
          "Player2": "chanel-santini",
          "Result": "2-0-0"
        }
      ]
    },
    {
      "RoundName": "Round 8",
      "Matches": [
        {
          "Player1": "Matti",
          "Player2": "BigD_1992",
          "Result": "2-0-0"
        },
        {
          "Player1": "bobthedog",
          "Player2": "Selfeisek",
          "Result": "0-0-0"
        },
        {
          "Player1": "Rosiedog88",
          "Player2": "NathanOfTheGiltLeaf",
          "Result": "0-2-0"
        },
        {
          "Player1": "_Falcon_",
          "Player2": "wzanotti",
          "Result": "0-2-0"
        }
      ]
    },
    {
      "RoundName": "Round 9",
      "Matches": [
        {
          "Player1": "Matti",
          "Player2": "NathanOfTheGiltLeaf",
          "Result": "0-2-0"
        },
        {
          "Player1": "bobthedog",
          "Player2": "wzanotti",
          "Result": "1-2-0"
        }
      ]
    },
    {
      "RoundName": "Round 10",
      "Matches": [
        {
          "Player1": "NathanOfTheGiltLeaf",
          "Player2": "wzanotti",
          "Result": "2-0-0"
        }
      ]
    }
  ],
  "Standings": [
    {
      "Rank": 80,
      "Player": "KadettiKersantti",
      "Points": 0,
      "Wins": 0,
      "Losses": 0,
      "Draws": 0,
      "OMWP": 0.3333,
      "GWP": 0,
      "OGWP": 0.3667
    },
    {
      "Rank": 79,
      "Player": "mikeleee",
      "Points": 0,
      "Wins": 0,
      "Losses": 0,
      "Draws": 0,
      "OMWP": 0.4127,
      "GWP": 0,
      "OGWP": 0.4838
    },
    {
      "Rank": 78,
      "Player": "koorn",
      "Points": 0,
      "Wins": 0,
      "Losses": 0,
      "Draws": 0,
      "OMWP": 0.44049999999999995,
      "GWP": 0.11109999999999999,
      "OGWP": 0.4428
    },
    {
      "Rank": 77,
      "Player": "JackActual",
      "Points": 0,
      "Wins": 0,
      "Losses": 0,
      "Draws": 0,
      "OMWP": 0.4524,
      "GWP": 0,
      "OGWP": 0.525
    },
    {
      "Rank": 76,
      "Player": "albertoSD",
      "Points": 0,
      "Wins": 0,
      "Losses": 0,
      "Draws": 0,
      "OMWP": 0.5,
      "GWP": 0,
      "OGWP": 0.5278
    },
    {
      "Rank": 75,
      "Player": "LeBonBon",
      "Points": 0,
      "Wins": 0,
      "Losses": 0,
      "Draws": 0,
      "OMWP": 0.5143,
      "GWP": 0,
      "OGWP": 0.531
    },
    {
      "Rank": 74,
      "Player": "Dreddybajs",
      "Points": 0,
      "Wins": 0,
      "Losses": 0,
      "Draws": 0,
      "OMWP": 0.5302,
      "GWP": 0,
      "OGWP": 0.4839
    },
    {
      "Rank": 73,
      "Player": "doom580",
      "Points": 0,
      "Wins": 0,
      "Losses": 0,
      "Draws": 0,
      "OMWP": 0.5714,
      "GWP": 0,
      "OGWP": 0.5589999999999999
    },
    {
      "Rank": 72,
      "Player": "NJ5030",
      "Points": 0,
      "Wins": 0,
      "Losses": 0,
      "Draws": 0,
      "OMWP": 0.5714,
      "GWP": 0,
      "OGWP": 0.5707
    },
    {
      "Rank": 71,
      "Player": "NashEquilibrium1950",
      "Points": 0,
      "Wins": 0,
      "Losses": 0,
      "Draws": 0,
      "OMWP": 0.5714,
      "GWP": 0.2,
      "OGWP": 0.5458
    },
    {
      "Rank": 70,
      "Player": "aarrgh",
      "Points": 0,
      "Wins": 0,
      "Losses": 0,
      "Draws": 0,
      "OMWP": 0.6429,
      "GWP": 0,
      "OGWP": 0.5832999999999999
    },
    {
      "Rank": 69,
      "Player": "gpowerone",
      "Points": 0,
      "Wins": 0,
      "Losses": 0,
      "Draws": 0,
      "OMWP": 0.6429,
      "GWP": 0.2,
      "OGWP": 0.5805
    },
    {
      "Rank": 68,
      "Player": "Gerschi",
      "Points": 0,
      "Wins": 0,
      "Losses": 0,
      "Draws": 0,
      "OMWP": 0.7143,
      "GWP": 0.3333,
      "OGWP": 0.6470999999999999
    },
    {
      "Rank": 67,
      "Player": "Badcookie",
      "Points": 3,
      "Wins": 0,
      "Losses": 0,
      "Draws": 0,
      "OMWP": 0.4857,
      "GWP": 0.36840000000000006,
      "OGWP": 0.4867
    },
    {
      "Rank": 66,
      "Player": "TheEndofJakes",
      "Points": 3,
      "Wins": 0,
      "Losses": 0,
      "Draws": 0,
      "OMWP": 0.5119,
      "GWP": 0.3333,
      "OGWP": 0.5017
    },
    {
      "Rank": 65,
      "Player": "kanister",
      "Points": 3,
      "Wins": 0,
      "Losses": 0,
      "Draws": 0,
      "OMWP": 0.5119,
      "GWP": 0.4,
      "OGWP": 0.4813
    },
    {
      "Rank": 64,
      "Player": "Kotte89",
      "Points": 3,
      "Wins": 0,
      "Losses": 0,
      "Draws": 0,
      "OMWP": 0.5238,
      "GWP": 0.2,
      "OGWP": 0.5065999999999999
    },
    {
      "Rank": 63,
      "Player": "RezerDeDog",
      "Points": 3,
      "Wins": 0,
      "Losses": 0,
      "Draws": 0,
      "OMWP": 0.5397,
      "GWP": 0.5,
      "OGWP": 0.5146000000000001
    },
    {
      "Rank": 62,
      "Player": "DemianDesposito10",
      "Points": 3,
      "Wins": 0,
      "Losses": 0,
      "Draws": 0,
      "OMWP": 0.5476,
      "GWP": 0.2,
      "OGWP": 0.5329999999999999
    },
    {
      "Rank": 61,
      "Player": "Darthkid",
      "Points": 3,
      "Wins": 0,
      "Losses": 0,
      "Draws": 0,
      "OMWP": 0.7619,
      "GWP": 0.3333,
      "OGWP": 0.6343
    },
    {
      "Rank": 60,
      "Player": "oeni",
      "Points": 6,
      "Wins": 0,
      "Losses": 0,
      "Draws": 0,
      "OMWP": 0.4325,
      "GWP": 0.4118,
      "OGWP": 0.44880000000000003
    },
    {
      "Rank": 59,
      "Player": "Fatal_Vlad",
      "Points": 6,
      "Wins": 0,
      "Losses": 0,
      "Draws": 0,
      "OMWP": 0.4476,
      "GWP": 0.3846,
      "OGWP": 0.4727
    },
    {
      "Rank": 58,
      "Player": "Bahamut147",
      "Points": 6,
      "Wins": 0,
      "Losses": 0,
      "Draws": 0,
      "OMWP": 0.4694,
      "GWP": 0.3889,
      "OGWP": 0.47479999999999994
    },
    {
      "Rank": 57,
      "Player": "fudgems",
      "Points": 6,
      "Wins": 0,
      "Losses": 0,
      "Draws": 0,
      "OMWP": 0.47619999999999996,
      "GWP": 0.46149999999999997,
      "OGWP": 0.45289999999999997
    },
    {
      "Rank": 56,
      "Player": "roland77",
      "Points": 6,
      "Wins": 0,
      "Losses": 0,
      "Draws": 0,
      "OMWP": 0.4921,
      "GWP": 0.5,
      "OGWP": 0.48560000000000003
    },
    {
      "Rank": 55,
      "Player": "Faria_Limer",
      "Points": 6,
      "Wins": 0,
      "Losses": 0,
      "Draws": 0,
      "OMWP": 0.4925,
      "GWP": 0.3529,
      "OGWP": 0.4949
    },
    {
      "Rank": 54,
      "Player": "sokos13",
      "Points": 6,
      "Wins": 0,
      "Losses": 0,
      "Draws": 0,
      "OMWP": 0.5047999999999999,
      "GWP": 0.4167,
      "OGWP": 0.49219999999999997
    },
    {
      "Rank": 53,
      "Player": "medvedev",
      "Points": 6,
      "Wins": 0,
      "Losses": 0,
      "Draws": 0,
      "OMWP": 0.517,
      "GWP": 0.4118,
      "OGWP": 0.5108
    },
    {
      "Rank": 52,
      "Player": "ConnorM426",
      "Points": 6,
      "Wins": 0,
      "Losses": 0,
      "Draws": 0,
      "OMWP": 0.527,
      "GWP": 0.4,
      "OGWP": 0.5034000000000001
    },
    {
      "Rank": 51,
      "Player": "amin0e",
      "Points": 6,
      "Wins": 0,
      "Losses": 0,
      "Draws": 0,
      "OMWP": 0.5317000000000001,
      "GWP": 0.3333,
      "OGWP": 0.5459
    },
    {
      "Rank": 50,
      "Player": "Cereza",
      "Points": 6,
      "Wins": 0,
      "Losses": 0,
      "Draws": 0,
      "OMWP": 0.5508,
      "GWP": 0.4375,
      "OGWP": 0.5011
    },
    {
      "Rank": 49,
      "Player": "rastaf",
      "Points": 9,
      "Wins": 0,
      "Losses": 0,
      "Draws": 0,
      "OMWP": 0.449,
      "GWP": 0.4706,
      "OGWP": 0.45280000000000004
    },
    {
      "Rank": 48,
      "Player": "hugofreitas1",
      "Points": 9,
      "Wins": 0,
      "Losses": 0,
      "Draws": 0,
      "OMWP": 0.4683,
      "GWP": 0.5,
      "OGWP": 0.47729999999999995
    },
    {
      "Rank": 47,
      "Player": "chanel-santini",
      "Points": 9,
      "Wins": 0,
      "Losses": 0,
      "Draws": 0,
      "OMWP": 0.483,
      "GWP": 0.44439999999999996,
      "OGWP": 0.49119999999999997
    },
    {
      "Rank": 46,
      "Player": "_Shikamaru_",
      "Points": 9,
      "Wins": 0,
      "Losses": 0,
      "Draws": 0,
      "OMWP": 0.5136,
      "GWP": 0.4118,
      "OGWP": 0.5196000000000001
    },
    {
      "Rank": 45,
      "Player": "Erik157751",
      "Points": 9,
      "Wins": 0,
      "Losses": 0,
      "Draws": 0,
      "OMWP": 0.517,
      "GWP": 0.44439999999999996,
      "OGWP": 0.5093
    },
    {
      "Rank": 44,
      "Player": "Darcore",
      "Points": 9,
      "Wins": 0,
      "Losses": 0,
      "Draws": 0,
      "OMWP": 0.5238,
      "GWP": 0.5,
      "OGWP": 0.498
    },
    {
      "Rank": 43,
      "Player": "joaoclaudioms",
      "Points": 9,
      "Wins": 0,
      "Losses": 0,
      "Draws": 0,
      "OMWP": 0.5238,
      "GWP": 0.5,
      "OGWP": 0.5169
    },
    {
      "Rank": 42,
      "Player": "O_danielakos",
      "Points": 9,
      "Wins": 0,
      "Losses": 0,
      "Draws": 0,
      "OMWP": 0.551,
      "GWP": 0.45,
      "OGWP": 0.534
    },
    {
      "Rank": 41,
      "Player": "Kollslaw",
      "Points": 9,
      "Wins": 0,
      "Losses": 0,
      "Draws": 0,
      "OMWP": 0.5556,
      "GWP": 0.5,
      "OGWP": 0.5423
    },
    {
      "Rank": 40,
      "Player": "Samcaster-Mage",
      "Points": 9,
      "Wins": 0,
      "Losses": 0,
      "Draws": 0,
      "OMWP": 0.5578,
      "GWP": 0.4706,
      "OGWP": 0.5327000000000001
    },
    {
      "Rank": 39,
      "Player": "Death_Lighter",
      "Points": 9,
      "Wins": 0,
      "Losses": 0,
      "Draws": 0,
      "OMWP": 0.5740999999999999,
      "GWP": 0.4667,
      "OGWP": 0.5503
    },
    {
      "Rank": 38,
      "Player": "littledarwin",
      "Points": 9,
      "Wins": 0,
      "Losses": 0,
      "Draws": 0,
      "OMWP": 0.5986,
      "GWP": 0.5,
      "OGWP": 0.5413
    },
    {
      "Rank": 37,
      "Player": "Echoplex_",
      "Points": 9,
      "Wins": 0,
      "Losses": 0,
      "Draws": 0,
      "OMWP": 0.5986,
      "GWP": 0.5,
      "OGWP": 0.5484
    },
    {
      "Rank": 36,
      "Player": "filpin",
      "Points": 12,
      "Wins": 0,
      "Losses": 0,
      "Draws": 0,
      "OMWP": 0.40409999999999996,
      "GWP": 0.5294,
      "OGWP": 0.43479999999999996
    },
    {
      "Rank": 35,
      "Player": "Efgan3",
      "Points": 12,
      "Wins": 0,
      "Losses": 0,
      "Draws": 0,
      "OMWP": 0.4347,
      "GWP": 0.5556,
      "OGWP": 0.4285
    },
    {
      "Rank": 34,
      "Player": "Maccaciock",
      "Points": 12,
      "Wins": 0,
      "Losses": 0,
      "Draws": 0,
      "OMWP": 0.4422,
      "GWP": 0.5556,
      "OGWP": 0.4407
    },
    {
      "Rank": 33,
      "Player": "WanderingOnes",
      "Points": 12,
      "Wins": 0,
      "Losses": 0,
      "Draws": 0,
      "OMWP": 0.4585,
      "GWP": 0.55,
      "OGWP": 0.4535
    },
    {
      "Rank": 32,
      "Player": "Jenara19",
      "Points": 12,
      "Wins": 0,
      "Losses": 0,
      "Draws": 0,
      "OMWP": 0.4592,
      "GWP": 0.5625,
      "OGWP": 0.4633
    },
    {
      "Rank": 31,
      "Player": "moon11",
      "Points": 12,
      "Wins": 0,
      "Losses": 0,
      "Draws": 0,
      "OMWP": 0.4714,
      "GWP": 0.5333,
      "OGWP": 0.5088
    },
    {
      "Rank": 30,
      "Player": "TrueHero",
      "Points": 12,
      "Wins": 0,
      "Losses": 0,
      "Draws": 0,
      "OMWP": 0.48979999999999996,
      "GWP": 0.5556,
      "OGWP": 0.4744
    },
    {
      "Rank": 29,
      "Player": "Doomenstein",
      "Points": 12,
      "Wins": 0,
      "Losses": 0,
      "Draws": 0,
      "OMWP": 0.48979999999999996,
      "GWP": 0.5789,
      "OGWP": 0.4893
    },
    {
      "Rank": 28,
      "Player": "MATTOMARINAIO",
      "Points": 12,
      "Wins": 0,
      "Losses": 0,
      "Draws": 0,
      "OMWP": 0.5238,
      "GWP": 0.5556,
      "OGWP": 0.5099
    },
    {
      "Rank": 27,
      "Player": "Edraros3",
      "Points": 12,
      "Wins": 0,
      "Losses": 0,
      "Draws": 0,
      "OMWP": 0.5333,
      "GWP": 0.5,
      "OGWP": 0.522
    },
    {
      "Rank": 26,
      "Player": "ashame",
      "Points": 12,
      "Wins": 0,
      "Losses": 0,
      "Draws": 0,
      "OMWP": 0.5374,
      "GWP": 0.5294,
      "OGWP": 0.5127
    },
    {
      "Rank": 25,
      "Player": "RCMerriam",
      "Points": 12,
      "Wins": 0,
      "Losses": 0,
      "Draws": 0,
      "OMWP": 0.5442,
      "GWP": 0.5625,
      "OGWP": 0.5118
    },
    {
      "Rank": 24,
      "Player": "oosunq",
      "Points": 12,
      "Wins": 0,
      "Losses": 0,
      "Draws": 0,
      "OMWP": 0.5605,
      "GWP": 0.47369999999999995,
      "OGWP": 0.54
    },
    {
      "Rank": 23,
      "Player": "Doelle98",
      "Points": 12,
      "Wins": 0,
      "Losses": 0,
      "Draws": 0,
      "OMWP": 0.5646,
      "GWP": 0.5625,
      "OGWP": 0.5335
    },
    {
      "Rank": 22,
      "Player": "kaikas",
      "Points": 12,
      "Wins": 0,
      "Losses": 0,
      "Draws": 0,
      "OMWP": 0.5782,
      "GWP": 0.5263,
      "OGWP": 0.5379
    },
    {
      "Rank": 21,
      "Player": "manukoka",
      "Points": 12,
      "Wins": 0,
      "Losses": 0,
      "Draws": 0,
      "OMWP": 0.5986,
      "GWP": 0.5,
      "OGWP": 0.561
    },
    {
      "Rank": 20,
      "Player": "skyforth",
      "Points": 12,
      "Wins": 0,
      "Losses": 0,
      "Draws": 0,
      "OMWP": 0.6122,
      "GWP": 0.5556,
      "OGWP": 0.5841
    },
    {
      "Rank": 19,
      "Player": "levunga21",
      "Points": 12,
      "Wins": 0,
      "Losses": 0,
      "Draws": 0,
      "OMWP": 0.6694,
      "GWP": 0.5882000000000001,
      "OGWP": 0.5978
    },
    {
      "Rank": 18,
      "Player": "boytriton",
      "Points": 15,
      "Wins": 0,
      "Losses": 0,
      "Draws": 0,
      "OMWP": 0.46259999999999996,
      "GWP": 0.5714,
      "OGWP": 0.4902
    },
    {
      "Rank": 17,
      "Player": "EL_Zanetti",
      "Points": 15,
      "Wins": 0,
      "Losses": 0,
      "Draws": 0,
      "OMWP": 0.4932,
      "GWP": 0.625,
      "OGWP": 0.513
    },
    {
      "Rank": 16,
      "Player": "Deathnote1999",
      "Points": 15,
      "Wins": 0,
      "Losses": 0,
      "Draws": 0,
      "OMWP": 0.4993,
      "GWP": 0.6667000000000001,
      "OGWP": 0.4622
    },
    {
      "Rank": 15,
      "Player": "DobleP",
      "Points": 15,
      "Wins": 0,
      "Losses": 0,
      "Draws": 0,
      "OMWP": 0.5034000000000001,
      "GWP": 0.625,
      "OGWP": 0.5065
    },
    {
      "Rank": 14,
      "Player": "Skrocious",
      "Points": 15,
      "Wins": 0,
      "Losses": 0,
      "Draws": 0,
      "OMWP": 0.5034000000000001,
      "GWP": 0.6470999999999999,
      "OGWP": 0.4936
    },
    {
      "Rank": 13,
      "Player": "oskiyaa",
      "Points": 15,
      "Wins": 0,
      "Losses": 0,
      "Draws": 0,
      "OMWP": 0.5374,
      "GWP": 0.6667000000000001,
      "OGWP": 0.5062
    },
    {
      "Rank": 12,
      "Player": "TSPJendrek",
      "Points": 15,
      "Wins": 0,
      "Losses": 0,
      "Draws": 0,
      "OMWP": 0.5782,
      "GWP": 0.6470999999999999,
      "OGWP": 0.5406
    },
    {
      "Rank": 11,
      "Player": "MeninoNey",
      "Points": 15,
      "Wins": 0,
      "Losses": 0,
      "Draws": 0,
      "OMWP": 0.585,
      "GWP": 0.6315999999999999,
      "OGWP": 0.5617
    },
    {
      "Rank": 10,
      "Player": "Thunus",
      "Points": 15,
      "Wins": 0,
      "Losses": 0,
      "Draws": 0,
      "OMWP": 0.5918,
      "GWP": 0.6470999999999999,
      "OGWP": 0.5787
    },
    {
      "Rank": 9,
      "Player": "FerMTG",
      "Points": 15,
      "Wins": 0,
      "Losses": 0,
      "Draws": 0,
      "OMWP": 0.5986,
      "GWP": 0.6470999999999999,
      "OGWP": 0.5478000000000001
    },
    {
      "Rank": 8,
      "Player": "Selfeisek",
      "Points": 15,
      "Wins": 0,
      "Losses": 0,
      "Draws": 0,
      "OMWP": 0.6259,
      "GWP": 0.6315999999999999,
      "OGWP": 0.5698
    },
    {
      "Rank": 7,
      "Player": "BigD_1992",
      "Points": 15,
      "Wins": 0,
      "Losses": 0,
      "Draws": 0,
      "OMWP": 0.6598999999999999,
      "GWP": 0.6111,
      "OGWP": 0.5779
    },
    {
      "Rank": 6,
      "Player": "_Falcon_",
      "Points": 18,
      "Wins": 0,
      "Losses": 0,
      "Draws": 0,
      "OMWP": 0.6122,
      "GWP": 0.7222,
      "OGWP": 0.5552
    },
    {
      "Rank": 5,
      "Player": "Rosiedog88",
      "Points": 18,
      "Wins": 0,
      "Losses": 0,
      "Draws": 0,
      "OMWP": 0.6259,
      "GWP": 0.6667000000000001,
      "OGWP": 0.5869
    },
    {
      "Rank": 4,
      "Player": "Matti",
      "Points": 21,
      "Wins": 0,
      "Losses": 0,
      "Draws": 0,
      "OMWP": 0.619,
      "GWP": 0.6667000000000001,
      "OGWP": 0.5758
    },
    {
      "Rank": 3,
      "Player": "bobthedog",
      "Points": 24,
      "Wins": 0,
      "Losses": 0,
      "Draws": 0,
      "OMWP": 0.5986,
      "GWP": 0.7778,
      "OGWP": 0.5544
    },
    {
      "Rank": 2,
      "Player": "wzanotti",
      "Points": 24,
      "Wins": 0,
      "Losses": 0,
      "Draws": 0,
      "OMWP": 0.5646,
      "GWP": 0.6842,
      "OGWP": 0.5395
    },
    {
      "Rank": 1,
      "Player": "NathanOfTheGiltLeaf",
      "Points": 24,
      "Wins": 0,
      "Losses": 0,
      "Draws": 0,
      "OMWP": 0.6496999999999999,
      "GWP": 0.6875,
      "OGWP": 0.584
    }
  ]
}