{
  "Tournament": {
    "Id": 12802785,
    "Date": "2025-07-10T23:00:00",
    "Name": "Pioneer Challenge 32",
    "Uri": null,
    "JsonFile": null,
    "ForceRedownload": false
  },
  "Decks": null,
  "Rounds": [
    {
      "RoundName": "Round 1",
      "Matches": [
        {
          "Player1": "WadeB",
          "Player2": "Al1Baba",
          "Result": "0-2-0"
        },
        {
          "Player1": "Capitano_CL",
          "Player2": "chanel-santini",
          "Result": "2-0-0"
        },
        {
          "Player1": "kytk321",
          "Player2": "Cachorrowo",
          "Result": "2-0-0"
        },
        {
          "Player1": "albertoSD",
          "Player2": "musasabi",
          "Result": "2-0-0"
        },
        {
          "Player1": "AFX",
          "Player2": "CrazyMorango",
          "Result": "2-0-0"
        },
        {
          "Player1": "DemonicTutors",
          "Player2": "_Siegfried",
          "Result": "0-2-0"
        },
        {
          "Player1": "Arianne",
          "Player2": "monzatubarao",
          "Result": "0-2-0"
        },
        {
          "Player1": "xfile",
          "Player2": "wcl",
          "Result": "2-0-0"
        },
        {
          "Player1": "moon11",
          "Player2": "Free_tix",
          "Result": "2-0-0"
        },
        {
          "Player1": "Cabz",
          "Player2": "Arkany1",
          "Result": "0-2-0"
        },
        {
          "Player1": "xRagedFurballx",
          "Player2": "bid1992",
          "Result": "0-2-0"
        },
        {
          "Player1": "pirol94",
          "Player2": "Fentmaxer",
          "Result": "0-2-0"
        },
        {
          "Player1": "O_danielakos",
          "Player2": "Hernan72",
          "Result": "2-0-0"
        },
        {
          "Player1": "GzusReturned",
          "Player2": "AdvogadoPaloma",
          "Result": "0-2-0"
        },
        {
          "Player1": "deleon91",
          "Player2": "andrw1232",
          "Result": "0-2-0"
        },
        {
          "Player1": "_Cygnus",
          "Player2": "maytwer",
          "Result": "0-2-0"
        },
        {
          "Player1": "karatedom",
          "Player2": "PedraStone",
          "Result": "0-0-0"
        },
        {
          "Player1": "kaikas",
          "Player2": "Scooby_Snacks",
          "Result": "2-0-0"
        },
        {
          "Player1": "_Falcon_",
          "Player2": "Danielpena397",
          "Result": "0-2-0"
        },
        {
          "Player1": "claudioh",
          "Player2": "frostkoorn",
          "Result": "2-0-0"
        },
        {
          "Player1": "pat0presidente",
          "Player2": "Mateusf34",
          "Result": "2-0-0"
        },
        {
          "Player1": "VitorCarvalho01",
          "Player2": "FlawlessVictory-",
          "Result": "0-2-0"
        },
        {
          "Player1": "tchuco",
          "Player2": "_Chamytinho_",
          "Result": "2-0-0"
        },
        {
          "Player1": "MJ_23",
          "Player2": "GinkoHS",
          "Result": "2-0-0"
        },
        {
          "Player1": "SoulStrong",
          "Player2": "LuffyDoChapeuDePalha",
          "Result": "2-0-0"
        },
        {
          "Player1": "InterludeShadow",
          "Player2": "Mathilde8",
          "Result": "0-2-0"
        }
      ]
    },
    {
      "RoundName": "Round 2",
      "Matches": [
        {
          "Player1": "xfile",
          "Player2": "Mathilde8",
          "Result": "2-0-0"
        },
        {
          "Player1": "Fentmaxer",
          "Player2": "Danielpena397",
          "Result": "0-0-0"
        },
        {
          "Player1": "musasabi",
          "Player2": "WadeB",
          "Result": "2-0-0"
        },
        {
          "Player1": "karatedom",
          "Player2": "CrazyMorango",
          "Result": "0-2-0"
        },
        {
          "Player1": "kaikas",
          "Player2": "bid1992",
          "Result": "0-0-0"
        },
        {
          "Player1": "xRagedFurballx",
          "Player2": "GinkoHS",
          "Result": "2-0-0"
        },
        {
          "Player1": "claudioh",
          "Player2": "monzatubarao",
          "Result": "0-2-0"
        },
        {
          "Player1": "deleon91",
          "Player2": "DemonicTutors",
          "Result": "0-2-0"
        },
        {
          "Player1": "Hernan72",
          "Player2": "Scooby_Snacks",
          "Result": "0-2-0"
        },
        {
          "Player1": "wcl",
          "Player2": "VitorCarvalho01",
          "Result": "0-0-0"
        },
        {
          "Player1": "_Cygnus",
          "Player2": "InterludeShadow",
          "Result": "0-2-0"
        },
        {
          "Player1": "kytk321",
          "Player2": "maytwer",
          "Result": "2-0-0"
        },
        {
          "Player1": "GzusReturned",
          "Player2": "chanel-santini",
          "Result": "2-0-0"
        },
        {
          "Player1": "O_danielakos",
          "Player2": "Arkany1",
          "Result": "2-1-0"
        },
        {
          "Player1": "Arianne",
          "Player2": "pirol94",
          "Result": "0-2-0"
        },
        {
          "Player1": "MJ_23",
          "Player2": "AFX",
          "Result": "0-2-0"
        },
        {
          "Player1": "albertoSD",
          "Player2": "tchuco",
          "Result": "0-2-0"
        },
        {
          "Player1": "Mateusf34",
          "Player2": "Free_tix",
          "Result": "2-0-0"
        },
        {
          "Player1": "_Shatun_",
          "Player2": "andrw1232",
          "Result": "0-2-0"
        },
        {
          "Player1": "Capitano_CL",
          "Player2": "_Siegfried",
          "Result": "2-0-0"
        },
        {
          "Player1": "pat0presidente",
          "Player2": "AdvogadoPaloma",
          "Result": "2-0-0"
        },
        {
          "Player1": "moon11",
          "Player2": "Al1Baba",
          "Result": "0-2-0"
        },
        {
          "Player1": "PedraStone",
          "Player2": "_Chamytinho_",
          "Result": "2-0-0"
        },
        {
          "Player1": "LuffyDoChapeuDePalha",
          "Player2": "frostkoorn",
          "Result": "2-0-0"
        },
        {
          "Player1": "Cabz",
          "Player2": "_Falcon_",
          "Result": "0-2-0"
        },
        {
          "Player1": "SoulStrong",
          "Player2": "FlawlessVictory-",
          "Result": "2-0-0"
        }
      ]
    },
    {
      "RoundName": "Round 3",
      "Matches": [
        {
          "Player1": "pirol94",
          "Player2": "GzusReturned",
          "Result": "0-2-0"
        },
        {
          "Player1": "xfile",
          "Player2": "PedraStone",
          "Result": "0-2-0"
        },
        {
          "Player1": "_Shatun_",
          "Player2": "maytwer",
          "Result": "0-2-0"
        },
        {
          "Player1": "Mateusf34",
          "Player2": "kaikas",
          "Result": "0-2-0"
        },
        {
          "Player1": "Cachorrowo",
          "Player2": "Danielpena397",
          "Result": "0-2-0"
        },
        {
          "Player1": "LuffyDoChapeuDePalha",
          "Player2": "FlawlessVictory-",
          "Result": "2-0-0"
        },
        {
          "Player1": "pat0presidente",
          "Player2": "bid1992",
          "Result": "0-2-0"
        },
        {
          "Player1": "albertoSD",
          "Player2": "moon11",
          "Result": "0-2-0"
        },
        {
          "Player1": "_Siegfried",
          "Player2": "Scooby_Snacks",
          "Result": "0-2-0"
        },
        {
          "Player1": "claudioh",
          "Player2": "_Falcon_",
          "Result": "0-2-0"
        },
        {
          "Player1": "VitorCarvalho01",
          "Player2": "frostkoorn",
          "Result": "2-0-0"
        },
        {
          "Player1": "Capitano_CL",
          "Player2": "O_danielakos",
          "Result": "2-0-0"
        },
        {
          "Player1": "Arianne",
          "Player2": "Cabz",
          "Result": "0-2-0"
        },
        {
          "Player1": "MJ_23",
          "Player2": "xRagedFurballx",
          "Result": "2-0-0"
        },
        {
          "Player1": "AFX",
          "Player2": "monzatubarao",
          "Result": "2-0-0"
        },
        {
          "Player1": "DemonicTutors",
          "Player2": "Mathilde8",
          "Result": "0-2-0"
        },
        {
          "Player1": "InterludeShadow",
          "Player2": "wcl",
          "Result": "0-2-0"
        },
        {
          "Player1": "Free_tix",
          "Player2": "chanel-santini",
          "Result": "2-0-0"
        },
        {
          "Player1": "CrazyMorango",
          "Player2": "AdvogadoPaloma",
          "Result": "2-0-0"
        },
        {
          "Player1": "tchuco",
          "Player2": "Fentmaxer",
          "Result": "2-0-0"
        },
        {
          "Player1": "andrw1232",
          "Player2": "Al1Baba",
          "Result": "0-2-0"
        },
        {
          "Player1": "musasabi",
          "Player2": "Arkany1",
          "Result": "0-2-0"
        },
        {
          "Player1": "Hernan72",
          "Player2": "_Chamytinho_",
          "Result": "0-2-0"
        },
        {
          "Player1": "SoulStrong",
          "Player2": "kytk321",
          "Result": "0-2-0"
        }
      ]
    },
    {
      "RoundName": "Round 4",
      "Matches": [
        {
          "Player1": "_Shatun_",
          "Player2": "_Chamytinho_",
          "Result": "2-0-0"
        },
        {
          "Player1": "Cabz",
          "Player2": "chanel-santini",
          "Result": "2-0-0"
        },
        {
          "Player1": "SoulStrong",
          "Player2": "wcl",
          "Result": "2-0-0"
        },
        {
          "Player1": "pat0presidente",
          "Player2": "monzatubarao",
          "Result": "0-2-0"
        },
        {
          "Player1": "_Falcon_",
          "Player2": "Al1Baba",
          "Result": "0-2-0"
        },
        {
          "Player1": "xfile",
          "Player2": "maytwer",
          "Result": "0-2-0"
        },
        {
          "Player1": "LuffyDoChapeuDePalha",
          "Player2": "Fentmaxer",
          "Result": "2-0-0"
        },
        {
          "Player1": "musasabi",
          "Player2": "xRagedFurballx",
          "Result": "2-0-0"
        },
        {
          "Player1": "AFX",
          "Player2": "bid1992",
          "Result": "2-0-0"
        },
        {
          "Player1": "moon11",
          "Player2": "kaikas",
          "Result": "2-0-0"
        },
        {
          "Player1": "Capitano_CL",
          "Player2": "tchuco",
          "Result": "0-2-0"
        },
        {
          "Player1": "VitorCarvalho01",
          "Player2": "_Siegfried",
          "Result": "0-2-0"
        },
        {
          "Player1": "Cachorrowo",
          "Player2": "AdvogadoPaloma",
          "Result": "0-2-0"
        },
        {
          "Player1": "kytk321",
          "Player2": "PedraStone",
          "Result": "0-0-0"
        },
        {
          "Player1": "CrazyMorango",
          "Player2": "GzusReturned",
          "Result": "0-2-0"
        },
        {
          "Player1": "Mateusf34",
          "Player2": "DemonicTutors",
          "Result": "2-0-0"
        },
        {
          "Player1": "MJ_23",
          "Player2": "andrw1232",
          "Result": "0-0-0"
        },
        {
          "Player1": "Arianne",
          "Player2": "frostkoorn",
          "Result": "2-0-0"
        },
        {
          "Player1": "Arkany1",
          "Player2": "FlawlessVictory-",
          "Result": "2-0-0"
        },
        {
          "Player1": "deleon91",
          "Player2": "Free_tix",
          "Result": "0-2-0"
        },
        {
          "Player1": "O_danielakos",
          "Player2": "Danielpena397",
          "Result": "0-2-0"
        },
        {
          "Player1": "Scooby_Snacks",
          "Player2": "Mathilde8",
          "Result": "0-0-0"
        }
      ]
    },
    {
      "RoundName": "Round 5",
      "Matches": [
        {
          "Player1": "PedraStone",
          "Player2": "tchuco",
          "Result": "0-2-0"
        },
        {
          "Player1": "Capitano_CL",
          "Player2": "kytk321",
          "Result": "0-2-0"
        },
        {
          "Player1": "Arianne",
          "Player2": "xRagedFurballx",
          "Result": "2-0-0"
        },
        {
          "Player1": "Danielpena397",
          "Player2": "Mathilde8",
          "Result": "2-0-0"
        },
        {
          "Player1": "_Falcon_",
          "Player2": "Free_tix",
          "Result": "0-2-0"
        },
        {
          "Player1": "monzatubarao",
          "Player2": "SoulStrong",
          "Result": "2-0-0"
        },
        {
          "Player1": "MJ_23",
          "Player2": "wcl",
          "Result": "2-0-0"
        },
        {
          "Player1": "Arkany1",
          "Player2": "_Siegfried",
          "Result": "2-0-0"
        },
        {
          "Player1": "maytwer",
          "Player2": "andrw1232",
          "Result": "0-2-0"
        },
        {
          "Player1": "AFX",
          "Player2": "Al1Baba",
          "Result": "0-2-0"
        },
        {
          "Player1": "Mateusf34",
          "Player2": "Scooby_Snacks",
          "Result": "2-0-0"
        },
        {
          "Player1": "kaikas",
          "Player2": "Fentmaxer",
          "Result": "0-2-0"
        },
        {
          "Player1": "xfile",
          "Player2": "AdvogadoPaloma",
          "Result": "2-0-0"
        },
        {
          "Player1": "moon11",
          "Player2": "LuffyDoChapeuDePalha",
          "Result": "2-0-0"
        },
        {
          "Player1": "DemonicTutors",
          "Player2": "_Chamytinho_",
          "Result": "0-2-0"
        },
        {
          "Player1": "O_danielakos",
          "Player2": "Cabz",
          "Result": "0-2-0"
        },
        {
          "Player1": "_Shatun_",
          "Player2": "musasabi",
          "Result": "0-0-0"
        },
        {
          "Player1": "bid1992",
          "Player2": "GzusReturned",
          "Result": "2-0-0"
        },
        {
          "Player1": "pat0presidente",
          "Player2": "CrazyMorango",
          "Result": "0-2-0"
        }
      ]
    },
    {
      "RoundName": "Round 6",
      "Matches": [
        {
          "Player1": "Capitano_CL",
          "Player2": "MJ_23",
          "Result": "2-0-0"
        },
        {
          "Player1": "_Shatun_",
          "Player2": "Mateusf34",
          "Result": "2-0-0"
        },
        {
          "Player1": "Free_tix",
          "Player2": "GzusReturned",
          "Result": "2-0-0"
        },
        {
          "Player1": "Arianne",
          "Player2": "CrazyMorango",
          "Result": "0-2-0"
        },
        {
          "Player1": "pat0presidente",
          "Player2": "_Siegfried",
          "Result": "0-2-0"
        },
        {
          "Player1": "SoulStrong",
          "Player2": "maytwer",
          "Result": "0-2-0"
        },
        {
          "Player1": "musasabi",
          "Player2": "wcl",
          "Result": "2-0-0"
        },
        {
          "Player1": "LuffyDoChapeuDePalha",
          "Player2": "xfile",
          "Result": "2-0-0"
        },
        {
          "Player1": "tchuco",
          "Player2": "Al1Baba",
          "Result": "2-0-0"
        },
        {
          "Player1": "Fentmaxer",
          "Player2": "Mathilde8",
          "Result": "0-2-0"
        },
        {
          "Player1": "moon11",
          "Player2": "monzatubarao",
          "Result": "0-2-0"
        },
        {
          "Player1": "andrw1232",
          "Player2": "bid1992",
          "Result": "2-0-0"
        },
        {
          "Player1": "O_danielakos",
          "Player2": "_Falcon_",
          "Result": "2-0-0"
        },
        {
          "Player1": "_Chamytinho_",
          "Player2": "AdvogadoPaloma",
          "Result": "0-0-0"
        },
        {
          "Player1": "AFX",
          "Player2": "kytk321",
          "Result": "2-0-0"
        },
        {
          "Player1": "DemonicTutors",
          "Player2": "chanel-santini",
          "Result": "0-2-0"
        },
        {
          "Player1": "Arkany1",
          "Player2": "PedraStone",
          "Result": "2-0-0"
        },
        {
          "Player1": "Cabz",
          "Player2": "Danielpena397",
          "Result": "0-2-0"
        }
      ]
    },
    {
      "RoundName": "Round 7",
      "Matches": [
        {
          "Player1": "andrw1232",
          "Player2": "Arkany1",
          "Result": "0-2-0"
        },
        {
          "Player1": "Al1Baba",
          "Player2": "monzatubarao",
          "Result": "2-0-0"
        },
        {
          "Player1": "tchuco",
          "Player2": "PedraStone",
          "Result": "2-0-0"
        },
        {
          "Player1": "AFX",
          "Player2": "Danielpena397",
          "Result": "2-0-0"
        }
      ]
    },
    {
      "RoundName": "Round 8",
      "Matches": [
        {
          "Player1": "AFX",
          "Player2": "Al1Baba",
          "Result": "0-2-0"
        },
        {
          "Player1": "tchuco",
          "Player2": "Arkany1",
          "Result": "2-0-0"
        }
      ]
    },
    {
      "RoundName": "Round 9",
      "Matches": [
        {
          "Player1": "tchuco",
          "Player2": "Al1Baba",
          "Result": "2-0-0"
        }
      ]
    }
  ],
  "Standings": [
    {
      "Rank": 53,
      "Player": "frostkoorn",
      "Points": 0,
      "Wins": 0,
      "Losses": 0,
      "Draws": 0,
      "OMWP": 0.4167,
      "GWP": 0.2727,
      "OGWP": 0.3937
    },
    {
      "Rank": 52,
      "Player": "GinkoHS",
      "Points": 0,
      "Wins": 0,
      "Losses": 0,
      "Draws": 0,
      "OMWP": 0.4167,
      "GWP": 0.3333,
      "OGWP": 0.4
    },
    {
      "Rank": 51,
      "Player": "Hernan72",
      "Points": 0,
      "Wins": 0,
      "Losses": 0,
      "Draws": 0,
      "OMWP": 0.4667,
      "GWP": 0.25,
      "OGWP": 0.4611
    },
    {
      "Rank": 50,
      "Player": "_Cygnus",
      "Points": 0,
      "Wins": 0,
      "Losses": 0,
      "Draws": 0,
      "OMWP": 0.5,
      "GWP": 0.3333,
      "OGWP": 0.46880000000000005
    },
    {
      "Rank": 49,
      "Player": "WadeB",
      "Points": 0,
      "Wins": 0,
      "Losses": 0,
      "Draws": 0,
      "OMWP": 0.6667000000000001,
      "GWP": 0,
      "OGWP": 0.5989
    },
    {
      "Rank": 48,
      "Player": "karatedom",
      "Points": 0,
      "Wins": 0,
      "Losses": 0,
      "Draws": 0,
      "OMWP": 0.6667000000000001,
      "GWP": 0.3333,
      "OGWP": 0.6
    },
    {
      "Rank": 47,
      "Player": "VitorCarvalho01",
      "Points": 3,
      "Wins": 0,
      "Losses": 0,
      "Draws": 0,
      "OMWP": 0.375,
      "GWP": 0.22219999999999998,
      "OGWP": 0.429
    },
    {
      "Rank": 46,
      "Player": "pirol94",
      "Points": 3,
      "Wins": 0,
      "Losses": 0,
      "Draws": 0,
      "OMWP": 0.44439999999999996,
      "GWP": 0.3333,
      "OGWP": 0.4794
    },
    {
      "Rank": 45,
      "Player": "InterludeShadow",
      "Points": 3,
      "Wins": 0,
      "Losses": 0,
      "Draws": 0,
      "OMWP": 0.44439999999999996,
      "GWP": 0.375,
      "OGWP": 0.44310000000000005
    },
    {
      "Rank": 44,
      "Player": "xRagedFurballx",
      "Points": 3,
      "Wins": 0,
      "Losses": 0,
      "Draws": 0,
      "OMWP": 0.4667,
      "GWP": 0.3077,
      "OGWP": 0.4324
    },
    {
      "Rank": 43,
      "Player": "DemonicTutors",
      "Points": 3,
      "Wins": 0,
      "Losses": 0,
      "Draws": 0,
      "OMWP": 0.4722,
      "GWP": 0.3333,
      "OGWP": 0.4429
    },
    {
      "Rank": 42,
      "Player": "claudioh",
      "Points": 3,
      "Wins": 0,
      "Losses": 0,
      "Draws": 0,
      "OMWP": 0.5,
      "GWP": 0.375,
      "OGWP": 0.4825
    },
    {
      "Rank": 41,
      "Player": "FlawlessVictory-",
      "Points": 3,
      "Wins": 0,
      "Losses": 0,
      "Draws": 0,
      "OMWP": 0.5832999999999999,
      "GWP": 0.4545,
      "OGWP": 0.5381
    },
    {
      "Rank": 40,
      "Player": "deleon91",
      "Points": 3,
      "Wins": 0,
      "Losses": 0,
      "Draws": 0,
      "OMWP": 0.6111,
      "GWP": 0.25,
      "OGWP": 0.5492
    },
    {
      "Rank": 39,
      "Player": "Cachorrowo",
      "Points": 3,
      "Wins": 0,
      "Losses": 0,
      "Draws": 0,
      "OMWP": 0.6111,
      "GWP": 0.3333,
      "OGWP": 0.5638000000000001
    },
    {
      "Rank": 38,
      "Player": "albertoSD",
      "Points": 3,
      "Wins": 0,
      "Losses": 0,
      "Draws": 0,
      "OMWP": 0.7222,
      "GWP": 0.4286,
      "OGWP": 0.6557
    },
    {
      "Rank": 37,
      "Player": "wcl",
      "Points": 6,
      "Wins": 0,
      "Losses": 0,
      "Draws": 0,
      "OMWP": 0.44439999999999996,
      "GWP": 0.4667,
      "OGWP": 0.4388
    },
    {
      "Rank": 36,
      "Player": "AdvogadoPaloma",
      "Points": 6,
      "Wins": 0,
      "Losses": 0,
      "Draws": 0,
      "OMWP": 0.4722,
      "GWP": 0.4286,
      "OGWP": 0.48350000000000004
    },
    {
      "Rank": 35,
      "Player": "Scooby_Snacks",
      "Points": 6,
      "Wins": 0,
      "Losses": 0,
      "Draws": 0,
      "OMWP": 0.48,
      "GWP": 0.4167,
      "OGWP": 0.4443
    },
    {
      "Rank": 34,
      "Player": "Arianne",
      "Points": 6,
      "Wins": 0,
      "Losses": 0,
      "Draws": 0,
      "OMWP": 0.5,
      "GWP": 0.3333,
      "OGWP": 0.4571
    },
    {
      "Rank": 33,
      "Player": "chanel-santini",
      "Points": 6,
      "Wins": 0,
      "Losses": 0,
      "Draws": 0,
      "OMWP": 0.5333,
      "GWP": 0.3333,
      "OGWP": 0.5067
    },
    {
      "Rank": 32,
      "Player": "kaikas",
      "Points": 6,
      "Wins": 0,
      "Losses": 0,
      "Draws": 0,
      "OMWP": 0.5467,
      "GWP": 0.3636,
      "OGWP": 0.5397
    },
    {
      "Rank": 31,
      "Player": "pat0presidente",
      "Points": 6,
      "Wins": 0,
      "Losses": 0,
      "Draws": 0,
      "OMWP": 0.5832999999999999,
      "GWP": 0.4,
      "OGWP": 0.5563
    },
    {
      "Rank": 30,
      "Player": "_Falcon_",
      "Points": 6,
      "Wins": 0,
      "Losses": 0,
      "Draws": 0,
      "OMWP": 0.6111,
      "GWP": 0.4,
      "OGWP": 0.5677
    },
    {
      "Rank": 29,
      "Player": "Mateusf34",
      "Points": 9,
      "Wins": 0,
      "Losses": 0,
      "Draws": 0,
      "OMWP": 0.4667,
      "GWP": 0.5333,
      "OGWP": 0.4594
    },
    {
      "Rank": 28,
      "Player": "musasabi",
      "Points": 9,
      "Wins": 0,
      "Losses": 0,
      "Draws": 0,
      "OMWP": 0.4722,
      "GWP": 0.4286,
      "OGWP": 0.4984
    },
    {
      "Rank": 27,
      "Player": "_Siegfried",
      "Points": 9,
      "Wins": 0,
      "Losses": 0,
      "Draws": 0,
      "OMWP": 0.4833,
      "GWP": 0.46149999999999997,
      "OGWP": 0.4782
    },
    {
      "Rank": 26,
      "Player": "GzusReturned",
      "Points": 9,
      "Wins": 0,
      "Losses": 0,
      "Draws": 0,
      "OMWP": 0.5,
      "GWP": 0.5714,
      "OGWP": 0.4825
    },
    {
      "Rank": 25,
      "Player": "Cabz",
      "Points": 9,
      "Wins": 0,
      "Losses": 0,
      "Draws": 0,
      "OMWP": 0.5278,
      "GWP": 0.4286,
      "OGWP": 0.5143
    },
    {
      "Rank": 24,
      "Player": "MJ_23",
      "Points": 9,
      "Wins": 0,
      "Losses": 0,
      "Draws": 0,
      "OMWP": 0.5556,
      "GWP": 0.4667,
      "OGWP": 0.5225
    },
    {
      "Rank": 23,
      "Player": "_Chamytinho_",
      "Points": 9,
      "Wins": 0,
      "Losses": 0,
      "Draws": 0,
      "OMWP": 0.5556,
      "GWP": 0.4667,
      "OGWP": 0.5435
    },
    {
      "Rank": 22,
      "Player": "xfile",
      "Points": 9,
      "Wins": 0,
      "Losses": 0,
      "Draws": 0,
      "OMWP": 0.5556,
      "GWP": 0.5294,
      "OGWP": 0.5201
    },
    {
      "Rank": 21,
      "Player": "SoulStrong",
      "Points": 9,
      "Wins": 0,
      "Losses": 0,
      "Draws": 0,
      "OMWP": 0.5832999999999999,
      "GWP": 0.5,
      "OGWP": 0.5435
    },
    {
      "Rank": 20,
      "Player": "O_danielakos",
      "Points": 9,
      "Wins": 0,
      "Losses": 0,
      "Draws": 0,
      "OMWP": 0.5832999999999999,
      "GWP": 0.5,
      "OGWP": 0.5468
    },
    {
      "Rank": 19,
      "Player": "Fentmaxer",
      "Points": 9,
      "Wins": 0,
      "Losses": 0,
      "Draws": 0,
      "OMWP": 0.65,
      "GWP": 0.5333,
      "OGWP": 0.5694
    },
    {
      "Rank": 18,
      "Player": "CrazyMorango",
      "Points": 12,
      "Wins": 0,
      "Losses": 0,
      "Draws": 0,
      "OMWP": 0.44439999999999996,
      "GWP": 0.6,
      "OGWP": 0.45899999999999996
    },
    {
      "Rank": 17,
      "Player": "Free_tix",
      "Points": 12,
      "Wins": 0,
      "Losses": 0,
      "Draws": 0,
      "OMWP": 0.44439999999999996,
      "GWP": 0.6,
      "OGWP": 0.4645
    },
    {
      "Rank": 16,
      "Player": "LuffyDoChapeuDePalha",
      "Points": 12,
      "Wins": 0,
      "Losses": 0,
      "Draws": 0,
      "OMWP": 0.4722,
      "GWP": 0.5333,
      "OGWP": 0.4943
    },
    {
      "Rank": 15,
      "Player": "Mathilde8",
      "Points": 12,
      "Wins": 0,
      "Losses": 0,
      "Draws": 0,
      "OMWP": 0.4833,
      "GWP": 0.5294,
      "OGWP": 0.4868
    },
    {
      "Rank": 14,
      "Player": "bid1992",
      "Points": 12,
      "Wins": 0,
      "Losses": 0,
      "Draws": 0,
      "OMWP": 0.5389,
      "GWP": 0.6,
      "OGWP": 0.5117
    },
    {
      "Rank": 13,
      "Player": "maytwer",
      "Points": 12,
      "Wins": 0,
      "Losses": 0,
      "Draws": 0,
      "OMWP": 0.5832999999999999,
      "GWP": 0.5625,
      "OGWP": 0.5415
    },
    {
      "Rank": 12,
      "Player": "Capitano_CL",
      "Points": 12,
      "Wins": 0,
      "Losses": 0,
      "Draws": 0,
      "OMWP": 0.5832999999999999,
      "GWP": 0.6,
      "OGWP": 0.5357
    },
    {
      "Rank": 11,
      "Player": "_Shatun_",
      "Points": 12,
      "Wins": 0,
      "Losses": 0,
      "Draws": 0,
      "OMWP": 0.6,
      "GWP": 0.6429,
      "OGWP": 0.5411
    },
    {
      "Rank": 10,
      "Player": "kytk321",
      "Points": 12,
      "Wins": 0,
      "Losses": 0,
      "Draws": 0,
      "OMWP": 0.6111,
      "GWP": 0.5294,
      "OGWP": 0.5472
    },
    {
      "Rank": 9,
      "Player": "moon11",
      "Points": 12,
      "Wins": 0,
      "Losses": 0,
      "Draws": 0,
      "OMWP": 0.6222,
      "GWP": 0.6154,
      "OGWP": 0.5682
    },
    {
      "Rank": 8,
      "Player": "PedraStone",
      "Points": 12,
      "Wins": 0,
      "Losses": 0,
      "Draws": 0,
      "OMWP": 0.6389,
      "GWP": 0.6,
      "OGWP": 0.5946
    },
    {
      "Rank": 7,
      "Player": "Danielpena397",
      "Points": 15,
      "Wins": 0,
      "Losses": 0,
      "Draws": 0,
      "OMWP": 0.4722,
      "GWP": 0.7333,
      "OGWP": 0.45409999999999995
    },
    {
      "Rank": 6,
      "Player": "monzatubarao",
      "Points": 15,
      "Wins": 0,
      "Losses": 0,
      "Draws": 0,
      "OMWP": 0.5,
      "GWP": 0.7143,
      "OGWP": 0.4852
    },
    {
      "Rank": 5,
      "Player": "andrw1232",
      "Points": 15,
      "Wins": 0,
      "Losses": 0,
      "Draws": 0,
      "OMWP": 0.6111,
      "GWP": 0.7143,
      "OGWP": 0.5624
    },
    {
      "Rank": 4,
      "Player": "Arkany1",
      "Points": 18,
      "Wins": 0,
      "Losses": 0,
      "Draws": 0,
      "OMWP": 0.5,
      "GWP": 0.7857,
      "OGWP": 0.4789
    },
    {
      "Rank": 3,
      "Player": "AFX",
      "Points": 18,
      "Wins": 0,
      "Losses": 0,
      "Draws": 0,
      "OMWP": 0.6944,
      "GWP": 0.6875,
      "OGWP": 0.6133
    },
    {
      "Rank": 2,
      "Player": "Al1Baba",
      "Points": 21,
      "Wins": 0,
      "Losses": 0,
      "Draws": 0,
      "OMWP": 0.6667000000000001,
      "GWP": 0.7692,
      "OGWP": 0.6123
    },
    {
      "Rank": 1,
      "Player": "tchuco",
      "Points": 27,
      "Wins": 0,
      "Losses": 0,
      "Draws": 0,
      "OMWP": 0.5832999999999999,
      "GWP": 0.9231,
      "OGWP": 0.5663
    }
  ]
}