{
  "Tournament": {
    "Id": 12802771,
    "Date": "2025-07-10T02:00:00",
    "Name": "Standard Challenge 32",
    "Uri": null,
    "JsonFile": null,
    "ForceRedownload": false
  },
  "Decks": null,
  "Rounds": [
    {
      "RoundName": "Round 1",
      "Matches": [
        {
          "Player1": "HoldTheElle",
          "Player2": "P1key",
          "Result": "2-0-0"
        },
        {
          "Player1": "O_danielakos",
          "Player2": "kthanakit26",
          "Result": "2-0-0"
        },
        {
          "Player1": "conconman",
          "Player2": "katuo079595",
          "Result": "0-2-0"
        },
        {
          "Player1": "Sarlanga",
          "Player2": "BitterBozzom",
          "Result": "0-2-0"
        },
        {
          "Player1": "moon11",
          "Player2": "YaGirlBryn",
          "Result": "2-0-0"
        },
        {
          "Player1": "Ale_Mtg",
          "Player2": "KeepAny7vsYou",
          "Result": "2-0-0"
        },
        {
          "Player1": "Shadowz2005",
          "Player2": "Snover",
          "Result": "0-2-0"
        },
        {
          "Player1": "xRagedFurballx",
          "Player2": "manohito",
          "Result": "0-2-0"
        },
        {
          "Player1": "VictorEsquici",
          "Player2": "AFitzsimmons",
          "Result": "2-0-0"
        },
        {
          "Player1": "bless_von",
          "Player2": "_Siegfried",
          "Result": "2-0-0"
        },
        {
          "Player1": "PaulPatrick",
          "Player2": "Faria_Limer",
          "Result": "0-2-0"
        },
        {
          "Player1": "ashame",
          "Player2": "Illao1",
          "Result": "0-2-0"
        },
        {
          "Player1": "littledarwin",
          "Player2": "Linden_43",
          "Result": "2-0-0"
        },
        {
          "Player1": "leeg",
          "Player2": "Venom1",
          "Result": "2-0-0"
        },
        {
          "Player1": "tchuco",
          "Player2": "BirdFlew",
          "Result": "2-0-0"
        },
        {
          "Player1": "ShadowTitan1",
          "Player2": "NigelGregory",
          "Result": "0-2-0"
        },
        {
          "Player1": "RileyLBJ",
          "Player2": "GDS-in-modern",
          "Result": "2-0-0"
        },
        {
          "Player1": "xfile",
          "Player2": "RubyXillia",
          "Result": "2-0-0"
        },
        {
          "Player1": "Comrade1312",
          "Player2": "Predrag133",
          "Result": "0-2-0"
        },
        {
          "Player1": "soccerdude789",
          "Player2": "komattaman",
          "Result": "2-0-0"
        },
        {
          "Player1": "Deltacus13",
          "Player2": "Grogore",
          "Result": "0-2-0"
        },
        {
          "Player1": "deleon91",
          "Player2": "chumgod",
          "Result": "2-0-0"
        },
        {
          "Player1": "GTX120",
          "Player2": "Goomy_",
          "Result": "2-0-0"
        },
        {
          "Player1": "416FrowningTable",
          "Player2": "Koscheii",
          "Result": "0-2-0"
        }
      ]
    },
    {
      "RoundName": "Round 2",
      "Matches": [
        {
          "Player1": "conconman",
          "Player2": "ashame",
          "Result": "0-2-0"
        },
        {
          "Player1": "P1key",
          "Player2": "BirdFlew",
          "Result": "0-2-0"
        },
        {
          "Player1": "PaulPatrick",
          "Player2": "_Siegfried",
          "Result": "0-0-0"
        },
        {
          "Player1": "bless_von",
          "Player2": "xfile",
          "Result": "2-0-0"
        },
        {
          "Player1": "Sarlanga",
          "Player2": "xRagedFurballx",
          "Result": "1-2-0"
        },
        {
          "Player1": "littledarwin",
          "Player2": "Faria_Limer",
          "Result": "0-2-0"
        },
        {
          "Player1": "tchuco",
          "Player2": "BitterBozzom",
          "Result": "2-0-0"
        },
        {
          "Player1": "Venom1",
          "Player2": "Shadowz2005",
          "Result": "2-0-0"
        },
        {
          "Player1": "deleon91",
          "Player2": "Snover",
          "Result": "2-0-0"
        },
        {
          "Player1": "Linden_43",
          "Player2": "RubyXillia",
          "Result": "2-0-0"
        },
        {
          "Player1": "ShadowTitan1",
          "Player2": "YaGirlBryn",
          "Result": "2-0-0"
        },
        {
          "Player1": "GDS-in-modern",
          "Player2": "AFitzsimmons",
          "Result": "2-0-0"
        },
        {
          "Player1": "kthanakit26",
          "Player2": "komattaman",
          "Result": "0-2-0"
        },
        {
          "Player1": "leeg",
          "Player2": "RileyLBJ",
          "Result": "0-2-0"
        },
        {
          "Player1": "Goomy_",
          "Player2": "chumgod",
          "Result": "0-2-0"
        },
        {
          "Player1": "416FrowningTable",
          "Player2": "Comrade1312",
          "Result": "2-0-0"
        },
        {
          "Player1": "soccerdude789",
          "Player2": "katuo079595",
          "Result": "2-0-0"
        },
        {
          "Player1": "moon11",
          "Player2": "VictorEsquici",
          "Result": "2-0-0"
        },
        {
          "Player1": "Ale_Mtg",
          "Player2": "manohito",
          "Result": "2-0-0"
        },
        {
          "Player1": "Grogore",
          "Player2": "Koscheii",
          "Result": "2-0-0"
        },
        {
          "Player1": "Deltacus13",
          "Player2": "KeepAny7vsYou",
          "Result": "0-2-0"
        },
        {
          "Player1": "O_danielakos",
          "Player2": "Predrag133",
          "Result": "0-2-0"
        },
        {
          "Player1": "HoldTheElle",
          "Player2": "NigelGregory",
          "Result": "2-0-0"
        },
        {
          "Player1": "GTX120",
          "Player2": "Illao1",
          "Result": "0-2-0"
        }
      ]
    },
    {
      "RoundName": "Round 3",
      "Matches": [
        {
          "Player1": "Linden_43",
          "Player2": "Koscheii",
          "Result": "2-0-0"
        },
        {
          "Player1": "Sarlanga",
          "Player2": "Deltacus13",
          "Result": "2-0-0"
        },
        {
          "Player1": "HoldTheElle",
          "Player2": "Grogore",
          "Result": "2-0-0"
        },
        {
          "Player1": "Venom1",
          "Player2": "ShadowTitan1",
          "Result": "2-0-0"
        },
        {
          "Player1": "_Siegfried",
          "Player2": "chumgod",
          "Result": "0-2-0"
        },
        {
          "Player1": "KeepAny7vsYou",
          "Player2": "BirdFlew",
          "Result": "0-2-0"
        },
        {
          "Player1": "Ale_Mtg",
          "Player2": "Predrag133",
          "Result": "2-0-0"
        },
        {
          "Player1": "O_danielakos",
          "Player2": "416FrowningTable",
          "Result": "0-0-0"
        },
        {
          "Player1": "soccerdude789",
          "Player2": "moon11",
          "Result": "2-0-0"
        },
        {
          "Player1": "tchuco",
          "Player2": "deleon91",
          "Result": "2-0-0"
        },
        {
          "Player1": "Shadowz2005",
          "Player2": "YaGirlBryn",
          "Result": "2-0-0"
        },
        {
          "Player1": "conconman",
          "Player2": "Goomy_",
          "Result": "0-2-0"
        },
        {
          "Player1": "littledarwin",
          "Player2": "VictorEsquici",
          "Result": "2-0-0"
        },
        {
          "Player1": "NigelGregory",
          "Player2": "BitterBozzom",
          "Result": "2-0-0"
        },
        {
          "Player1": "leeg",
          "Player2": "xRagedFurballx",
          "Result": "0-2-0"
        },
        {
          "Player1": "Faria_Limer",
          "Player2": "Illao1",
          "Result": "2-0-0"
        },
        {
          "Player1": "bless_von",
          "Player2": "RileyLBJ",
          "Result": "2-0-0"
        },
        {
          "Player1": "PaulPatrick",
          "Player2": "P1key",
          "Result": "2-0-0"
        },
        {
          "Player1": "xfile",
          "Player2": "GDS-in-modern",
          "Result": "2-0-0"
        },
        {
          "Player1": "GTX120",
          "Player2": "komattaman",
          "Result": "0-2-0"
        },
        {
          "Player1": "ashame",
          "Player2": "Snover",
          "Result": "2-0-0"
        },
        {
          "Player1": "katuo079595",
          "Player2": "manohito",
          "Result": "0-2-0"
        }
      ]
    },
    {
      "RoundName": "Round 4",
      "Matches": [
        {
          "Player1": "leeg",
          "Player2": "Snover",
          "Result": "0-2-0"
        },
        {
          "Player1": "416FrowningTable",
          "Player2": "Predrag133",
          "Result": "0-2-0"
        },
        {
          "Player1": "littledarwin",
          "Player2": "xfile",
          "Result": "2-0-0"
        },
        {
          "Player1": "PaulPatrick",
          "Player2": "Koscheii",
          "Result": "2-0-0"
        },
        {
          "Player1": "manohito",
          "Player2": "Illao1",
          "Result": "0-2-0"
        },
        {
          "Player1": "Shadowz2005",
          "Player2": "GDS-in-modern",
          "Result": "2-0-0"
        },
        {
          "Player1": "Sarlanga",
          "Player2": "katuo079595",
          "Result": "0-2-0"
        },
        {
          "Player1": "HoldTheElle",
          "Player2": "Ale_Mtg",
          "Result": "0-2-0"
        },
        {
          "Player1": "AFitzsimmons",
          "Player2": "O_danielakos",
          "Result": "0-2-0"
        },
        {
          "Player1": "soccerdude789",
          "Player2": "Faria_Limer",
          "Result": "0-2-0"
        },
        {
          "Player1": "ShadowTitan1",
          "Player2": "BitterBozzom",
          "Result": "0-2-0"
        },
        {
          "Player1": "_Siegfried",
          "Player2": "Goomy_",
          "Result": "0-2-0"
        },
        {
          "Player1": "moon11",
          "Player2": "xRagedFurballx",
          "Result": "0-2-0"
        },
        {
          "Player1": "deleon91",
          "Player2": "NigelGregory",
          "Result": "2-0-0"
        },
        {
          "Player1": "tchuco",
          "Player2": "bless_von",
          "Result": "2-0-0"
        },
        {
          "Player1": "Venom1",
          "Player2": "komattaman",
          "Result": "0-2-0"
        },
        {
          "Player1": "chumgod",
          "Player2": "BirdFlew",
          "Result": "2-0-0"
        },
        {
          "Player1": "KeepAny7vsYou",
          "Player2": "VictorEsquici",
          "Result": "0-2-0"
        },
        {
          "Player1": "Grogore",
          "Player2": "RileyLBJ",
          "Result": "2-0-0"
        },
        {
          "Player1": "ashame",
          "Player2": "Linden_43",
          "Result": "2-0-0"
        }
      ]
    },
    {
      "RoundName": "Round 5",
      "Matches": [
        {
          "Player1": "Shadowz2005",
          "Player2": "manohito",
          "Result": "2-0-0"
        },
        {
          "Player1": "BirdFlew",
          "Player2": "BitterBozzom",
          "Result": "0-2-0"
        },
        {
          "Player1": "Venom1",
          "Player2": "RileyLBJ",
          "Result": "2-0-0"
        },
        {
          "Player1": "tchuco",
          "Player2": "Illao1",
          "Result": "0-2-0"
        },
        {
          "Player1": "HoldTheElle",
          "Player2": "ashame",
          "Result": "0-2-0"
        },
        {
          "Player1": "AFitzsimmons",
          "Player2": "YaGirlBryn",
          "Result": "2-0-0"
        },
        {
          "Player1": "O_danielakos",
          "Player2": "VictorEsquici",
          "Result": "0-0-0"
        },
        {
          "Player1": "deleon91",
          "Player2": "xRagedFurballx",
          "Result": "0-2-0"
        },
        {
          "Player1": "416FrowningTable",
          "Player2": "Snover",
          "Result": "2-0-0"
        },
        {
          "Player1": "Sarlanga",
          "Player2": "leeg",
          "Result": "0-2-0"
        },
        {
          "Player1": "soccerdude789",
          "Player2": "NigelGregory",
          "Result": "2-0-0"
        },
        {
          "Player1": "littledarwin",
          "Player2": "bless_von",
          "Result": "2-0-0"
        },
        {
          "Player1": "moon11",
          "Player2": "Goomy_",
          "Result": "2-0-0"
        },
        {
          "Player1": "chumgod",
          "Player2": "Predrag133",
          "Result": "0-2-0"
        },
        {
          "Player1": "PaulPatrick",
          "Player2": "katuo079595",
          "Result": "2-0-0"
        },
        {
          "Player1": "Grogore",
          "Player2": "komattaman",
          "Result": "2-0-0"
        },
        {
          "Player1": "KeepAny7vsYou",
          "Player2": "Koscheii",
          "Result": "0-0-0"
        },
        {
          "Player1": "GDS-in-modern",
          "Player2": "_Siegfried",
          "Result": "0-2-0"
        },
        {
          "Player1": "xfile",
          "Player2": "Linden_43",
          "Result": "2-0-0"
        },
        {
          "Player1": "Ale_Mtg",
          "Player2": "Faria_Limer",
          "Result": "2-0-0"
        }
      ]
    },
    {
      "RoundName": "Round 6",
      "Matches": [
        {
          "Player1": "leeg",
          "Player2": "Goomy_",
          "Result": "0-2-0"
        },
        {
          "Player1": "RileyLBJ",
          "Player2": "Snover",
          "Result": "0-2-0"
        },
        {
          "Player1": "xRagedFurballx",
          "Player2": "ashame",
          "Result": "2-0-0"
        },
        {
          "Player1": "NigelGregory",
          "Player2": "AFitzsimmons",
          "Result": "0-2-0"
        },
        {
          "Player1": "PaulPatrick",
          "Player2": "komattaman",
          "Result": "0-2-0"
        },
        {
          "Player1": "bless_von",
          "Player2": "VictorEsquici",
          "Result": "0-2-0"
        },
        {
          "Player1": "tchuco",
          "Player2": "Ale_Mtg",
          "Result": "2-0-0"
        },
        {
          "Player1": "manohito",
          "Player2": "Linden_43",
          "Result": "0-2-0"
        },
        {
          "Player1": "deleon91",
          "Player2": "416FrowningTable",
          "Result": "0-2-0"
        },
        {
          "Player1": "moon11",
          "Player2": "BitterBozzom",
          "Result": "2-0-0"
        },
        {
          "Player1": "katuo079595",
          "Player2": "KeepAny7vsYou",
          "Result": "0-2-0"
        },
        {
          "Player1": "HoldTheElle",
          "Player2": "xfile",
          "Result": "0-2-0"
        },
        {
          "Player1": "O_danielakos",
          "Player2": "Shadowz2005",
          "Result": "0-2-0"
        },
        {
          "Player1": "soccerdude789",
          "Player2": "Grogore",
          "Result": "2-0-0"
        },
        {
          "Player1": "Faria_Limer",
          "Player2": "Predrag133",
          "Result": "2-0-0"
        },
        {
          "Player1": "_Siegfried",
          "Player2": "BirdFlew",
          "Result": "2-0-0"
        },
        {
          "Player1": "Venom1",
          "Player2": "chumgod",
          "Result": "0-2-0"
        },
        {
          "Player1": "littledarwin",
          "Player2": "Illao1",
          "Result": "0-2-0"
        }
      ]
    },
    {
      "RoundName": "Round 7",
      "Matches": [
        {
          "Player1": "soccerdude789",
          "Player2": "tchuco",
          "Result": "0-2-0"
        },
        {
          "Player1": "littledarwin",
          "Player2": "Faria_Limer",
          "Result": "0-2-0"
        },
        {
          "Player1": "xRagedFurballx",
          "Player2": "Illao1",
          "Result": "2-0-0"
        },
        {
          "Player1": "Ale_Mtg",
          "Player2": "Predrag133",
          "Result": "2-0-0"
        }
      ]
    },
    {
      "RoundName": "Round 8",
      "Matches": [
        {
          "Player1": "Faria_Limer",
          "Player2": "tchuco",
          "Result": "2-0-0"
        },
        {
          "Player1": "xRagedFurballx",
          "Player2": "Ale_Mtg",
          "Result": "0-2-0"
        }
      ]
    },
    {
      "RoundName": "Round 9",
      "Matches": [
        {
          "Player1": "Ale_Mtg",
          "Player2": "Faria_Limer",
          "Result": "2-0-0"
        }
      ]
    }
  ],
  "Standings": [
    {
      "Rank": 48,
      "Player": "P1key",
      "Points": 0,
      "Wins": 0,
      "Losses": 0,
      "Draws": 0,
      "OMWP": 0.44439999999999996,
      "GWP": 0.1429,
      "OGWP": 0.4473
    },
    {
      "Rank": 47,
      "Player": "Deltacus13",
      "Points": 0,
      "Wins": 0,
      "Losses": 0,
      "Draws": 0,
      "OMWP": 0.5,
      "GWP": 0,
      "OGWP": 0.4921
    },
    {
      "Rank": 46,
      "Player": "conconman",
      "Points": 0,
      "Wins": 0,
      "Losses": 0,
      "Draws": 0,
      "OMWP": 0.5,
      "GWP": 0.3333,
      "OGWP": 0.4764
    },
    {
      "Rank": 45,
      "Player": "RubyXillia",
      "Points": 0,
      "Wins": 0,
      "Losses": 0,
      "Draws": 0,
      "OMWP": 0.5832999999999999,
      "GWP": 0,
      "OGWP": 0.5962
    },
    {
      "Rank": 44,
      "Player": "kthanakit26",
      "Points": 0,
      "Wins": 0,
      "Losses": 0,
      "Draws": 0,
      "OMWP": 0.5832999999999999,
      "GWP": 0.3333,
      "OGWP": 0.521
    },
    {
      "Rank": 43,
      "Player": "Comrade1312",
      "Points": 0,
      "Wins": 0,
      "Losses": 0,
      "Draws": 0,
      "OMWP": 0.6667000000000001,
      "GWP": 0.2,
      "OGWP": 0.6462
    },
    {
      "Rank": 42,
      "Player": "ShadowTitan1",
      "Points": 3,
      "Wins": 0,
      "Losses": 0,
      "Draws": 0,
      "OMWP": 0.4167,
      "GWP": 0.25,
      "OGWP": 0.45
    },
    {
      "Rank": 41,
      "Player": "GDS-in-modern",
      "Points": 3,
      "Wins": 0,
      "Losses": 0,
      "Draws": 0,
      "OMWP": 0.5333,
      "GWP": 0.25,
      "OGWP": 0.5594
    },
    {
      "Rank": 40,
      "Player": "YaGirlBryn",
      "Points": 3,
      "Wins": 0,
      "Losses": 0,
      "Draws": 0,
      "OMWP": 0.5417000000000001,
      "GWP": 0.11109999999999999,
      "OGWP": 0.5335
    },
    {
      "Rank": 39,
      "Player": "Koscheii",
      "Points": 3,
      "Wins": 0,
      "Losses": 0,
      "Draws": 0,
      "OMWP": 0.5667,
      "GWP": 0.25,
      "OGWP": 0.5563
    },
    {
      "Rank": 38,
      "Player": "GTX120",
      "Points": 3,
      "Wins": 0,
      "Losses": 0,
      "Draws": 0,
      "OMWP": 0.6667000000000001,
      "GWP": 0.5,
      "OGWP": 0.5683
    },
    {
      "Rank": 37,
      "Player": "Sarlanga",
      "Points": 6,
      "Wins": 0,
      "Losses": 0,
      "Draws": 0,
      "OMWP": 0.4667,
      "GWP": 0.3333,
      "OGWP": 0.4947
    },
    {
      "Rank": 36,
      "Player": "RileyLBJ",
      "Points": 6,
      "Wins": 0,
      "Losses": 0,
      "Draws": 0,
      "OMWP": 0.4722,
      "GWP": 0.3333,
      "OGWP": 0.48560000000000003
    },
    {
      "Rank": 35,
      "Player": "katuo079595",
      "Points": 6,
      "Wins": 0,
      "Losses": 0,
      "Draws": 0,
      "OMWP": 0.4722,
      "GWP": 0.4,
      "OGWP": 0.47909999999999997
    },
    {
      "Rank": 34,
      "Player": "leeg",
      "Points": 6,
      "Wins": 0,
      "Losses": 0,
      "Draws": 0,
      "OMWP": 0.5,
      "GWP": 0.4375,
      "OGWP": 0.4893
    },
    {
      "Rank": 33,
      "Player": "NigelGregory",
      "Points": 6,
      "Wins": 0,
      "Losses": 0,
      "Draws": 0,
      "OMWP": 0.5278,
      "GWP": 0.4,
      "OGWP": 0.5171
    },
    {
      "Rank": 32,
      "Player": "BirdFlew",
      "Points": 6,
      "Wins": 0,
      "Losses": 0,
      "Draws": 0,
      "OMWP": 0.5556,
      "GWP": 0.375,
      "OGWP": 0.5246
    },
    {
      "Rank": 31,
      "Player": "manohito",
      "Points": 6,
      "Wins": 0,
      "Losses": 0,
      "Draws": 0,
      "OMWP": 0.6667000000000001,
      "GWP": 0.4,
      "OGWP": 0.6225999999999999
    },
    {
      "Rank": 30,
      "Player": "AFitzsimmons",
      "Points": 9,
      "Wins": 0,
      "Losses": 0,
      "Draws": 0,
      "OMWP": 0.4,
      "GWP": 0.5714,
      "OGWP": 0.42
    },
    {
      "Rank": 29,
      "Player": "KeepAny7vsYou",
      "Points": 9,
      "Wins": 0,
      "Losses": 0,
      "Draws": 0,
      "OMWP": 0.44439999999999996,
      "GWP": 0.5,
      "OGWP": 0.4562
    },
    {
      "Rank": 28,
      "Player": "Goomy_",
      "Points": 9,
      "Wins": 0,
      "Losses": 0,
      "Draws": 0,
      "OMWP": 0.4722,
      "GWP": 0.4667,
      "OGWP": 0.4833
    },
    {
      "Rank": 27,
      "Player": "_Siegfried",
      "Points": 9,
      "Wins": 0,
      "Losses": 0,
      "Draws": 0,
      "OMWP": 0.4722,
      "GWP": 0.5333,
      "OGWP": 0.4522
    },
    {
      "Rank": 26,
      "Player": "BitterBozzom",
      "Points": 9,
      "Wins": 0,
      "Losses": 0,
      "Draws": 0,
      "OMWP": 0.4722,
      "GWP": 0.5333,
      "OGWP": 0.4531
    },
    {
      "Rank": 25,
      "Player": "Linden_43",
      "Points": 9,
      "Wins": 0,
      "Losses": 0,
      "Draws": 0,
      "OMWP": 0.5,
      "GWP": 0.5,
      "OGWP": 0.4911
    },
    {
      "Rank": 24,
      "Player": "Venom1",
      "Points": 9,
      "Wins": 0,
      "Losses": 0,
      "Draws": 0,
      "OMWP": 0.5,
      "GWP": 0.5333,
      "OGWP": 0.4793
    },
    {
      "Rank": 23,
      "Player": "PaulPatrick",
      "Points": 9,
      "Wins": 0,
      "Losses": 0,
      "Draws": 0,
      "OMWP": 0.5,
      "GWP": 0.5385,
      "OGWP": 0.48100000000000004
    },
    {
      "Rank": 22,
      "Player": "Snover",
      "Points": 9,
      "Wins": 0,
      "Losses": 0,
      "Draws": 0,
      "OMWP": 0.5278,
      "GWP": 0.5,
      "OGWP": 0.5111
    },
    {
      "Rank": 21,
      "Player": "O_danielakos",
      "Points": 9,
      "Wins": 0,
      "Losses": 0,
      "Draws": 0,
      "OMWP": 0.5556,
      "GWP": 0.4706,
      "OGWP": 0.5710000000000001
    },
    {
      "Rank": 20,
      "Player": "VictorEsquici",
      "Points": 9,
      "Wins": 0,
      "Losses": 0,
      "Draws": 0,
      "OMWP": 0.5556,
      "GWP": 0.5625,
      "OGWP": 0.5327000000000001
    },
    {
      "Rank": 19,
      "Player": "HoldTheElle",
      "Points": 9,
      "Wins": 0,
      "Losses": 0,
      "Draws": 0,
      "OMWP": 0.5832999999999999,
      "GWP": 0.4286,
      "OGWP": 0.5607
    },
    {
      "Rank": 18,
      "Player": "bless_von",
      "Points": 9,
      "Wins": 0,
      "Losses": 0,
      "Draws": 0,
      "OMWP": 0.5832999999999999,
      "GWP": 0.4667,
      "OGWP": 0.5768
    },
    {
      "Rank": 17,
      "Player": "deleon91",
      "Points": 9,
      "Wins": 0,
      "Losses": 0,
      "Draws": 0,
      "OMWP": 0.6389,
      "GWP": 0.4667,
      "OGWP": 0.5861
    },
    {
      "Rank": 16,
      "Player": "Shadowz2005",
      "Points": 12,
      "Wins": 0,
      "Losses": 0,
      "Draws": 0,
      "OMWP": 0.4167,
      "GWP": 0.6667000000000001,
      "OGWP": 0.42840000000000006
    },
    {
      "Rank": 15,
      "Player": "416FrowningTable",
      "Points": 12,
      "Wins": 0,
      "Losses": 0,
      "Draws": 0,
      "OMWP": 0.4722,
      "GWP": 0.6,
      "OGWP": 0.466
    },
    {
      "Rank": 14,
      "Player": "xfile",
      "Points": 12,
      "Wins": 0,
      "Losses": 0,
      "Draws": 0,
      "OMWP": 0.4722,
      "GWP": 0.6923,
      "OGWP": 0.44780000000000003
    },
    {
      "Rank": 13,
      "Player": "chumgod",
      "Points": 12,
      "Wins": 0,
      "Losses": 0,
      "Draws": 0,
      "OMWP": 0.5,
      "GWP": 0.5333,
      "OGWP": 0.5112
    },
    {
      "Rank": 12,
      "Player": "Grogore",
      "Points": 12,
      "Wins": 0,
      "Losses": 0,
      "Draws": 0,
      "OMWP": 0.5,
      "GWP": 0.6429,
      "OGWP": 0.46149999999999997
    },
    {
      "Rank": 11,
      "Player": "komattaman",
      "Points": 12,
      "Wins": 0,
      "Losses": 0,
      "Draws": 0,
      "OMWP": 0.5278,
      "GWP": 0.5714,
      "OGWP": 0.5529
    },
    {
      "Rank": 10,
      "Player": "ashame",
      "Points": 12,
      "Wins": 0,
      "Losses": 0,
      "Draws": 0,
      "OMWP": 0.5832999999999999,
      "GWP": 0.5625,
      "OGWP": 0.5329999999999999
    },
    {
      "Rank": 9,
      "Player": "moon11",
      "Points": 12,
      "Wins": 0,
      "Losses": 0,
      "Draws": 0,
      "OMWP": 0.5832999999999999,
      "GWP": 0.5625,
      "OGWP": 0.5724
    },
    {
      "Rank": 8,
      "Player": "littledarwin",
      "Points": 12,
      "Wins": 0,
      "Losses": 0,
      "Draws": 0,
      "OMWP": 0.6389,
      "GWP": 0.625,
      "OGWP": 0.6004
    },
    {
      "Rank": 7,
      "Player": "Predrag133",
      "Points": 12,
      "Wins": 0,
      "Losses": 0,
      "Draws": 0,
      "OMWP": 0.6389,
      "GWP": 0.6923,
      "OGWP": 0.5640999999999999
    },
    {
      "Rank": 6,
      "Player": "soccerdude789",
      "Points": 15,
      "Wins": 0,
      "Losses": 0,
      "Draws": 0,
      "OMWP": 0.5832999999999999,
      "GWP": 0.7692,
      "OGWP": 0.5485
    },
    {
      "Rank": 5,
      "Player": "Illao1",
      "Points": 15,
      "Wins": 0,
      "Losses": 0,
      "Draws": 0,
      "OMWP": 0.6111,
      "GWP": 0.6667000000000001,
      "OGWP": 0.586
    },
    {
      "Rank": 4,
      "Player": "xRagedFurballx",
      "Points": 18,
      "Wins": 0,
      "Losses": 0,
      "Draws": 0,
      "OMWP": 0.4722,
      "GWP": 0.7692,
      "OGWP": 0.4604
    },
    {
      "Rank": 3,
      "Player": "tchuco",
      "Points": 18,
      "Wins": 0,
      "Losses": 0,
      "Draws": 0,
      "OMWP": 0.5832999999999999,
      "GWP": 0.7143,
      "OGWP": 0.5403
    },
    {
      "Rank": 2,
      "Player": "Faria_Limer",
      "Points": 21,
      "Wins": 0,
      "Losses": 0,
      "Draws": 0,
      "OMWP": 0.7222,
      "GWP": 0.7143,
      "OGWP": 0.6708
    },
    {
      "Rank": 1,
      "Player": "Ale_Mtg",
      "Points": 24,
      "Wins": 0,
      "Losses": 0,
      "Draws": 0,
      "OMWP": 0.6111,
      "GWP": 0.7333,
      "OGWP": 0.5749
    }
  ]
}