{
  "Tournament": {
    "Id": 12802775,
    "Date": "2025-07-10T14:00:00",
    "Name": "Standard Preliminary",
    "Uri": null,
    "JsonFile": null,
    "ForceRedownload": false
  },
  "Decks": null,
  "Rounds": [
    {
      "RoundName": "Round 1",
      "Matches": [
        {
          "Player1": "tim96",
          "Player2": "eli2107",
          "Result": "2-0-0"
        },
        {
          "Player1": "Olivetti",
          "Player2": "komattaman",
          "Result": "0-2-0"
        },
        {
          "Player1": "mei0024",
          "Player2": "YSZzz",
          "Result": "2-0-0"
        },
        {
          "Player1": "Dreddybajs",
          "Player2": "Dai66s",
          "Result": "2-0-0"
        },
        {
          "Player1": "J_tekt",
          "Player2": "Darkiundsa",
          "Result": "0-2-0"
        },
        {
          "Player1": "Qaeron",
          "Player2": "manjyui",
          "Result": "0-2-0"
        }
      ]
    },
    {
      "RoundName": "Round 2",
      "Matches": [
        {
          "Player1": "J_tekt",
          "Player2": "Dai66s",
          "Result": "0-0-0"
        },
        {
          "Player1": "tim96",
          "Player2": "manjyui",
          "Result": "0-2-0"
        },
        {
          "Player1": "Qaeron",
          "Player2": "eli2107",
          "Result": "0-2-0"
        },
        {
          "Player1": "Olivetti",
          "Player2": "YSZzz",
          "Result": "0-2-0"
        },
        {
          "Player1": "Darkiundsa",
          "Player2": "mei0024",
          "Result": "0-2-0"
        },
        {
          "Player1": "Dreddybajs",
          "Player2": "komattaman",
          "Result": "0-0-0"
        }
      ]
    },
    {
      "RoundName": "Round 3",
      "Matches": [
        {
          "Player1": "manjyui",
          "Player2": "eli2107",
          "Result": "0-2-0"
        },
        {
          "Player1": "Dreddybajs",
          "Player2": "J_tekt",
          "Result": "2-0-0"
        },
        {
          "Player1": "Olivetti",
          "Player2": "Darkiundsa",
          "Result": "1-2-0"
        },
        {
          "Player1": "mei0024",
          "Player2": "komattaman",
          "Result": "0-2-0"
        },
        {
          "Player1": "tim96",
          "Player2": "YSZzz",
          "Result": "2-0-0"
        },
        {
          "Player1": "Dai66s",
          "Player2": "Qaeron",
          "Result": "2-0-0"
        }
      ]
    },
    {
      "RoundName": "Round 4",
      "Matches": [
        {
          "Player1": "Dreddybajs",
          "Player2": "Darkiundsa",
          "Result": "0-2-0"
        },
        {
          "Player1": "Dai66s",
          "Player2": "YSZzz",
          "Result": "0-2-0"
        },
        {
          "Player1": "tim96",
          "Player2": "komattaman",
          "Result": "0-0-0"
        },
        {
          "Player1": "mei0024",
          "Player2": "eli2107",
          "Result": "0-2-0"
        }
      ]
    }
  ],
  "Standings": [
    {
      "Rank": 12,
      "Player": "Qaeron",
      "Points": 0,
      "Wins": 0,
      "Losses": 0,
      "Draws": 0,
      "OMWP": 0.5832999999999999,
      "GWP": 0.1429,
      "OGWP": 0.5333
    },
    {
      "Rank": 11,
      "Player": "Olivetti",
      "Points": 0,
      "Wins": 0,
      "Losses": 0,
      "Draws": 0,
      "OMWP": 0.75,
      "GWP": 0.1429,
      "OGWP": 0.6889
    },
    {
      "Rank": 10,
      "Player": "Dai66s",
      "Points": 3,
      "Wins": 0,
      "Losses": 0,
      "Draws": 0,
      "OMWP": 0.4583,
      "GWP": 0.3333,
      "OGWP": 0.4583
    },
    {
      "Rank": 9,
      "Player": "YSZzz",
      "Points": 6,
      "Wins": 0,
      "Losses": 0,
      "Draws": 0,
      "OMWP": 0.4167,
      "GWP": 0.6,
      "OGWP": 0.428
    },
    {
      "Rank": 8,
      "Player": "J_tekt",
      "Points": 6,
      "Wins": 0,
      "Losses": 0,
      "Draws": 0,
      "OMWP": 0.5278,
      "GWP": 0.5,
      "OGWP": 0.4667
    },
    {
      "Rank": 7,
      "Player": "manjyui",
      "Points": 6,
      "Wins": 0,
      "Losses": 0,
      "Draws": 0,
      "OMWP": 0.5278,
      "GWP": 0.6667000000000001,
      "OGWP": 0.4778
    },
    {
      "Rank": 6,
      "Player": "Dreddybajs",
      "Points": 6,
      "Wins": 0,
      "Losses": 0,
      "Draws": 0,
      "OMWP": 0.6457999999999999,
      "GWP": 0.4,
      "OGWP": 0.575
    },
    {
      "Rank": 5,
      "Player": "tim96",
      "Points": 6,
      "Wins": 0,
      "Losses": 0,
      "Draws": 0,
      "OMWP": 0.7292000000000001,
      "GWP": 0.5,
      "OGWP": 0.6667000000000001
    },
    {
      "Rank": 4,
      "Player": "mei0024",
      "Points": 6,
      "Wins": 0,
      "Losses": 0,
      "Draws": 0,
      "OMWP": 0.75,
      "GWP": 0.5455,
      "OGWP": 0.6667000000000001
    },
    {
      "Rank": 3,
      "Player": "Darkiundsa",
      "Points": 9,
      "Wins": 0,
      "Losses": 0,
      "Draws": 0,
      "OMWP": 0.4583,
      "GWP": 0.6667000000000001,
      "OGWP": 0.4447
    },
    {
      "Rank": 2,
      "Player": "eli2107",
      "Points": 9,
      "Wins": 0,
      "Losses": 0,
      "Draws": 0,
      "OMWP": 0.5,
      "GWP": 0.6,
      "OGWP": 0.5114
    },
    {
      "Rank": 1,
      "Player": "komattaman",
      "Points": 12,
      "Wins": 0,
      "Losses": 0,
      "Draws": 0,
      "OMWP": 0.4583,
      "GWP": 0.8,
      "OGWP": 0.4447
    }
  ]
}