{
  "Tournament": {
    "Id": 12803705,
    "Date": "2025-07-20T14:30:00",
    "Name": "Duel Commander Trial 16",
    "Uri": null,
    "JsonFile": null,
    "ForceRedownload": false
  },
  "Decks": null,
  "Rounds": [
    {
      "RoundName": "Round 1",
      "Matches": [
        {
          "Player1": "Beekeeper",
          "Player2": "mkalil",
          "Result": "2-0-0"
        },
        {
          "Player1": "BERNASTORRES",
          "Player2": "Beicodegeia",
          "Result": "0-2-0"
        },
        {
          "Player1": "ZacharyHaleComstock",
          "Player2": "NickNorman",
          "Result": "2-0-0"
        },
        {
          "Player1": "Dreddybajs",
          "Player2": "Monticles",
          "Result": "2-0-0"
        },
        {
          "Player1": "JapaneseFisherman",
          "Player2": "Terminus0",
          "Result": "0-2-0"
        },
        {
          "Player1": "boytriton",
          "Player2": "Jose Guillermo",
          "Result": "0-2-0"
        },
        {
          "Player1": "eli2107",
          "Player2": "Selfeisek",
          "Result": "2-0-0"
        },
        {
          "Player1": "rinazina",
          "Player2": "medvedev",
          "Result": "2-0-0"
        },
        {
          "Player1": "Olivetti",
          "Player2": "Fr0st3d",
          "Result": "2-1-0"
        }
      ]
    },
    {
      "RoundName": "Round 2",
      "Matches": [
        {
          "Player1": "Beekeeper",
          "Player2": "NickNorman",
          "Result": "2-0-0"
        },
        {
          "Player1": "Selfeisek",
          "Player2": "BERNASTORRES",
          "Result": "2-0-0"
        },
        {
          "Player1": "mkalil",
          "Player2": "Monticles",
          "Result": "0-0-0"
        },
        {
          "Player1": "rinazina",
          "Player2": "Dreddybajs",
          "Result": "0-2-0"
        },
        {
          "Player1": "boytriton",
          "Player2": "Fr0st3d",
          "Result": "0-2-0"
        },
        {
          "Player1": "Beicodegeia",
          "Player2": "Terminus0",
          "Result": "2-0-0"
        },
        {
          "Player1": "JapaneseFisherman",
          "Player2": "medvedev",
          "Result": "2-0-0"
        },
        {
          "Player1": "Jose Guillermo",
          "Player2": "Olivetti",
          "Result": "0-0-0"
        },
        {
          "Player1": "ZacharyHaleComstock",
          "Player2": "eli2107",
          "Result": "2-0-0"
        }
      ]
    },
    {
      "RoundName": "Round 3",
      "Matches": [
        {
          "Player1": "Dreddybajs",
          "Player2": "Beicodegeia",
          "Result": "2-0-0"
        },
        {
          "Player1": "Selfeisek",
          "Player2": "Fr0st3d",
          "Result": "2-0-0"
        },
        {
          "Player1": "Terminus0",
          "Player2": "mkalil",
          "Result": "0-2-0"
        },
        {
          "Player1": "Olivetti",
          "Player2": "eli2107",
          "Result": "0-2-0"
        },
        {
          "Player1": "rinazina",
          "Player2": "Jose Guillermo",
          "Result": "0-2-0"
        },
        {
          "Player1": "JapaneseFisherman",
          "Player2": "NickNorman",
          "Result": "2-0-0"
        },
        {
          "Player1": "medvedev",
          "Player2": "Monticles",
          "Result": "0-2-0"
        },
        {
          "Player1": "ZacharyHaleComstock",
          "Player2": "Beekeeper",
          "Result": "2-0-0"
        }
      ]
    },
    {
      "RoundName": "Round 4",
      "Matches": [
        {
          "Player1": "rinazina",
          "Player2": "JapaneseFisherman",
          "Result": "0-2-0"
        },
        {
          "Player1": "Terminus0",
          "Player2": "Fr0st3d",
          "Result": "0-2-0"
        },
        {
          "Player1": "Olivetti",
          "Player2": "boytriton",
          "Result": "0-2-0"
        },
        {
          "Player1": "ZacharyHaleComstock",
          "Player2": "Selfeisek",
          "Result": "2-0-0"
        },
        {
          "Player1": "Beekeeper",
          "Player2": "eli2107",
          "Result": "0-2-0"
        },
        {
          "Player1": "Beicodegeia",
          "Player2": "mkalil",
          "Result": "2-0-0"
        },
        {
          "Player1": "NickNorman",
          "Player2": "Monticles",
          "Result": "2-0-0"
        },
        {
          "Player1": "Jose Guillermo",
          "Player2": "Dreddybajs",
          "Result": "0-2-0"
        }
      ]
    },
    {
      "RoundName": "Round 5",
      "Matches": [
        {
          "Player1": "Jose Guillermo",
          "Player2": "eli2107",
          "Result": "0-2-0"
        },
        {
          "Player1": "Beekeeper",
          "Player2": "Selfeisek",
          "Result": "2-0-0"
        },
        {
          "Player1": "Olivetti",
          "Player2": "NickNorman",
          "Result": "2-0-0"
        },
        {
          "Player1": "JapaneseFisherman",
          "Player2": "Beicodegeia",
          "Result": "2-0-0"
        },
        {
          "Player1": "rinazina",
          "Player2": "Monticles",
          "Result": "2-0-0"
        },
        {
          "Player1": "Dreddybajs",
          "Player2": "ZacharyHaleComstock",
          "Result": "0-2-0"
        },
        {
          "Player1": "Fr0st3d",
          "Player2": "mkalil",
          "Result": "2-0-0"
        },
        {
          "Player1": "medvedev",
          "Player2": "boytriton",
          "Result": "0-2-0"
        }
      ]
    },
    {
      "RoundName": "Round 6",
      "Matches": [
        {
          "Player1": "Beicodegeia",
          "Player2": "eli2107",
          "Result": "0-2-0"
        },
        {
          "Player1": "Dreddybajs",
          "Player2": "Beekeeper",
          "Result": "2-0-0"
        },
        {
          "Player1": "ZacharyHaleComstock",
          "Player2": "boytriton",
          "Result": "2-0-0"
        },
        {
          "Player1": "Jose Guillermo",
          "Player2": "JapaneseFisherman",
          "Result": "0-2-0"
        }
      ]
    },
    {
      "RoundName": "Round 7",
      "Matches": [
        {
          "Player1": "JapaneseFisherman",
          "Player2": "ZacharyHaleComstock",
          "Result": "0-0-0"
        },
        {
          "Player1": "Dreddybajs",
          "Player2": "eli2107",
          "Result": "2-0-0"
        }
      ]
    },
    {
      "RoundName": "Round 8",
      "Matches": [
        {
          "Player1": "Dreddybajs",
          "Player2": "ZacharyHaleComstock",
          "Result": "0-2-0"
        }
      ]
    }
  ],
  "Standings": [
    {
      "Rank": 18,
      "Player": "BERNASTORRES",
      "Points": 0,
      "Wins": 0,
      "Losses": 0,
      "Draws": 0,
      "OMWP": 0.5,
      "GWP": 0,
      "OGWP": 0.4583
    },
    {
      "Rank": 17,
      "Player": "Monticles",
      "Points": 3,
      "Wins": 0,
      "Losses": 0,
      "Draws": 0,
      "OMWP": 0.4533,
      "GWP": 0.1818,
      "OGWP": 0.49950000000000006
    },
    {
      "Rank": 16,
      "Player": "medvedev",
      "Points": 3,
      "Wins": 0,
      "Losses": 0,
      "Draws": 0,
      "OMWP": 0.5333,
      "GWP": 0.3846,
      "OGWP": 0.5
    },
    {
      "Rank": 15,
      "Player": "Terminus0",
      "Points": 3,
      "Wins": 0,
      "Losses": 0,
      "Draws": 0,
      "OMWP": 0.6,
      "GWP": 0.4,
      "OGWP": 0.55
    },
    {
      "Rank": 14,
      "Player": "NickNorman",
      "Points": 3,
      "Wins": 0,
      "Losses": 0,
      "Draws": 0,
      "OMWP": 0.6267,
      "GWP": 0.3333,
      "OGWP": 0.5364
    },
    {
      "Rank": 13,
      "Player": "mkalil",
      "Points": 6,
      "Wins": 0,
      "Losses": 0,
      "Draws": 0,
      "OMWP": 0.49329999999999996,
      "GWP": 0.5,
      "OGWP": 0.47
    },
    {
      "Rank": 12,
      "Player": "rinazina",
      "Points": 6,
      "Wins": 0,
      "Losses": 0,
      "Draws": 0,
      "OMWP": 0.5733,
      "GWP": 0.46149999999999997,
      "OGWP": 0.5406
    },
    {
      "Rank": 11,
      "Player": "Olivetti",
      "Points": 6,
      "Wins": 0,
      "Losses": 0,
      "Draws": 0,
      "OMWP": 0.5867,
      "GWP": 0.3846,
      "OGWP": 0.5447
    },
    {
      "Rank": 10,
      "Player": "Selfeisek",
      "Points": 6,
      "Wins": 0,
      "Losses": 0,
      "Draws": 0,
      "OMWP": 0.6667000000000001,
      "GWP": 0.4167,
      "OGWP": 0.5965
    },
    {
      "Rank": 9,
      "Player": "Fr0st3d",
      "Points": 9,
      "Wins": 0,
      "Losses": 0,
      "Draws": 0,
      "OMWP": 0.4267,
      "GWP": 0.5333,
      "OGWP": 0.44789999999999996
    },
    {
      "Rank": 8,
      "Player": "boytriton",
      "Points": 9,
      "Wins": 0,
      "Losses": 0,
      "Draws": 0,
      "OMWP": 0.4833,
      "GWP": 0.5385,
      "OGWP": 0.4506
    },
    {
      "Rank": 7,
      "Player": "Beicodegeia",
      "Points": 9,
      "Wins": 0,
      "Losses": 0,
      "Draws": 0,
      "OMWP": 0.5333,
      "GWP": 0.5,
      "OGWP": 0.5436
    },
    {
      "Rank": 6,
      "Player": "Beekeeper",
      "Points": 9,
      "Wins": 0,
      "Losses": 0,
      "Draws": 0,
      "OMWP": 0.5867,
      "GWP": 0.5832999999999999,
      "OGWP": 0.5565
    },
    {
      "Rank": 5,
      "Player": "Jose Guillermo",
      "Points": 9,
      "Wins": 0,
      "Losses": 0,
      "Draws": 0,
      "OMWP": 0.6,
      "GWP": 0.5,
      "OGWP": 0.6042000000000001
    },
    {
      "Rank": 4,
      "Player": "JapaneseFisherman",
      "Points": 15,
      "Wins": 0,
      "Losses": 0,
      "Draws": 0,
      "OMWP": 0.4,
      "GWP": 0.6667000000000001,
      "OGWP": 0.41590000000000005
    },
    {
      "Rank": 3,
      "Player": "eli2107",
      "Points": 15,
      "Wins": 0,
      "Losses": 0,
      "Draws": 0,
      "OMWP": 0.6,
      "GWP": 0.8181999999999999,
      "OGWP": 0.5197999999999999
    },
    {
      "Rank": 2,
      "Player": "Dreddybajs",
      "Points": 18,
      "Wins": 0,
      "Losses": 0,
      "Draws": 0,
      "OMWP": 0.5867,
      "GWP": 0.8181999999999999,
      "OGWP": 0.5018
    },
    {
      "Rank": 1,
      "Player": "ZacharyHaleComstock",
      "Points": 24,
      "Wins": 0,
      "Losses": 0,
      "Draws": 0,
      "OMWP": 0.5867,
      "GWP": 0.7143,
      "OGWP": 0.5939
    }
  ]
}