{
  "Tournament": {
    "Id": 12803701,
    "Date": "2025-07-20T05:00:00",
    "Name": "Legacy Challenge 32",
    "Uri": null,
    "JsonFile": null,
    "ForceRedownload": false
  },
  "Decks": null,
  "Rounds": [
    {
      "RoundName": "Round 1",
      "Matches": [
        {
          "Player1": "xfile",
          "Player2": "harmonywoods",
          "Result": "0-2-0"
        },
        {
          "Player1": "Lord_Beerus",
          "Player2": "shiromuni",
          "Result": "2-0-0"
        },
        {
          "Player1": "silviawataru",
          "Player2": "Infernum_Doge",
          "Result": "2-0-0"
        },
        {
          "Player1": "albertoSD",
          "Player2": "WadeB",
          "Result": "0-0-0"
        },
        {
          "Player1": "_INF_",
          "Player2": "Matiuzzzo",
          "Result": "2-1-0"
        },
        {
          "Player1": "snoopy-magic",
          "Player2": "_J0SE_",
          "Result": "2-0-0"
        },
        {
          "Player1": "Kaijimmy",
          "Player2": "Ryuho090",
          "Result": "0-2-0"
        },
        {
          "Player1": "TheGrimLavamancer",
          "Player2": "Munchlax446",
          "Result": "0-2-0"
        },
        {
          "Player1": "MikeEgan",
          "Player2": "VitoCorleone",
          "Result": "2-0-0"
        },
        {
          "Player1": "Srogers90",
          "Player2": "derJurist",
          "Result": "2-0-0"
        },
        {
          "Player1": "DLCabelo",
          "Player2": "akisamiyou",
          "Result": "2-1-0"
        },
        {
          "Player1": "FynnOfBlood",
          "Player2": "Prim3Time",
          "Result": "2-0-0"
        },
        {
          "Player1": "Eureka22422",
          "Player2": "Suzukiii",
          "Result": "0-2-0"
        },
        {
          "Player1": "DominiqueTutor",
          "Player2": "Maxtortion",
          "Result": "0-2-0"
        },
        {
          "Player1": "Raydan",
          "Player2": "wcl",
          "Result": "2-0-0"
        },
        {
          "Player1": "2plus2isfive",
          "Player2": "izzy-wilde",
          "Result": "2-0-0"
        },
        {
          "Player1": "Zarathustra",
          "Player2": "Kaziku",
          "Result": "2-0-0"
        }
      ]
    },
    {
      "RoundName": "Round 2",
      "Matches": [
        {
          "Player1": "Kaziku",
          "Player2": "Infernum_Doge",
          "Result": "2-0-0"
        },
        {
          "Player1": "TheGrimLavamancer",
          "Player2": "_J0SE_",
          "Result": "2-0-0"
        },
        {
          "Player1": "Kaijimmy",
          "Player2": "shiromuni",
          "Result": "0-2-0"
        },
        {
          "Player1": "derJurist",
          "Player2": "wcl",
          "Result": "0-2-0"
        },
        {
          "Player1": "2plus2isfive",
          "Player2": "harmonywoods",
          "Result": "2-0-0"
        },
        {
          "Player1": "Prim3Time",
          "Player2": "izzy-wilde",
          "Result": "0-2-0"
        },
        {
          "Player1": "akisamiyou",
          "Player2": "VitoCorleone",
          "Result": "0-2-0"
        },
        {
          "Player1": "Suzukiii",
          "Player2": "Raydan",
          "Result": "2-0-0"
        },
        {
          "Player1": "Lord_Beerus",
          "Player2": "xfile",
          "Result": "2-0-0"
        },
        {
          "Player1": "Zarathustra",
          "Player2": "Munchlax446",
          "Result": "0-2-0"
        },
        {
          "Player1": "WadeB",
          "Player2": "Matiuzzzo",
          "Result": "2-0-0"
        },
        {
          "Player1": "silviawataru",
          "Player2": "_INF_",
          "Result": "0-2-0"
        },
        {
          "Player1": "Maxtortion",
          "Player2": "snoopy-magic",
          "Result": "0-2-0"
        },
        {
          "Player1": "Ryuho090",
          "Player2": "FynnOfBlood",
          "Result": "2-0-0"
        },
        {
          "Player1": "MikeEgan",
          "Player2": "Srogers90",
          "Result": "0-2-0"
        },
        {
          "Player1": "DLCabelo",
          "Player2": "albertoSD",
          "Result": "0-2-0"
        }
      ]
    },
    {
      "RoundName": "Round 3",
      "Matches": [
        {
          "Player1": "Maxtortion",
          "Player2": "WadeB",
          "Result": "2-0-0"
        },
        {
          "Player1": "TheGrimLavamancer",
          "Player2": "akisamiyou",
          "Result": "2-0-0"
        },
        {
          "Player1": "silviawataru",
          "Player2": "shiromuni",
          "Result": "2-0-0"
        },
        {
          "Player1": "Raydan",
          "Player2": "izzy-wilde",
          "Result": "0-2-0"
        },
        {
          "Player1": "snoopy-magic",
          "Player2": "2plus2isfive",
          "Result": "1-2-0"
        },
        {
          "Player1": "DLCabelo",
          "Player2": "VitoCorleone",
          "Result": "0-2-0"
        },
        {
          "Player1": "Prim3Time",
          "Player2": "Matiuzzzo",
          "Result": "0-2-0"
        },
        {
          "Player1": "albertoSD",
          "Player2": "MikeEgan",
          "Result": "2-0-0"
        },
        {
          "Player1": "Srogers90",
          "Player2": "Suzukiii",
          "Result": "0-2-0"
        },
        {
          "Player1": "Lord_Beerus",
          "Player2": "Munchlax446",
          "Result": "0-2-0"
        },
        {
          "Player1": "FynnOfBlood",
          "Player2": "wcl",
          "Result": "2-0-0"
        },
        {
          "Player1": "Kaziku",
          "Player2": "harmonywoods",
          "Result": "2-0-0"
        },
        {
          "Player1": "_INF_",
          "Player2": "Ryuho090",
          "Result": "0-2-0"
        },
        {
          "Player1": "Zarathustra",
          "Player2": "DominiqueTutor",
          "Result": "2-0-0"
        },
        {
          "Player1": "derJurist",
          "Player2": "Infernum_Doge",
          "Result": "0-2-0"
        }
      ]
    },
    {
      "RoundName": "Round 4",
      "Matches": [
        {
          "Player1": "snoopy-magic",
          "Player2": "TheGrimLavamancer",
          "Result": "2-0-0"
        },
        {
          "Player1": "derJurist",
          "Player2": "Prim3Time",
          "Result": "2-0-0"
        },
        {
          "Player1": "silviawataru",
          "Player2": "Zarathustra",
          "Result": "2-0-0"
        },
        {
          "Player1": "Infernum_Doge",
          "Player2": "Matiuzzzo",
          "Result": "2-0-0"
        },
        {
          "Player1": "DLCabelo",
          "Player2": "shiromuni",
          "Result": "0-2-0"
        },
        {
          "Player1": "DominiqueTutor",
          "Player2": "wcl",
          "Result": "0-2-0"
        },
        {
          "Player1": "albertoSD",
          "Player2": "izzy-wilde",
          "Result": "2-0-0"
        },
        {
          "Player1": "Srogers90",
          "Player2": "Maxtortion",
          "Result": "0-0-0"
        },
        {
          "Player1": "Kaijimmy",
          "Player2": "harmonywoods",
          "Result": "0-2-0"
        },
        {
          "Player1": "2plus2isfive",
          "Player2": "Ryuho090",
          "Result": "0-2-0"
        },
        {
          "Player1": "_INF_",
          "Player2": "FynnOfBlood",
          "Result": "0-0-0"
        },
        {
          "Player1": "MikeEgan",
          "Player2": "Lord_Beerus",
          "Result": "2-0-0"
        },
        {
          "Player1": "Suzukiii",
          "Player2": "Munchlax446",
          "Result": "2-1-0"
        },
        {
          "Player1": "Kaziku",
          "Player2": "VitoCorleone",
          "Result": "2-0-0"
        }
      ]
    },
    {
      "RoundName": "Round 5",
      "Matches": [
        {
          "Player1": "2plus2isfive",
          "Player2": "Munchlax446",
          "Result": "0-0-0"
        },
        {
          "Player1": "Maxtortion",
          "Player2": "_INF_",
          "Result": "2-0-0"
        },
        {
          "Player1": "albertoSD",
          "Player2": "Suzukiii",
          "Result": "0-2-0"
        },
        {
          "Player1": "FynnOfBlood",
          "Player2": "VitoCorleone",
          "Result": "2-0-0"
        },
        {
          "Player1": "silviawataru",
          "Player2": "snoopy-magic",
          "Result": "0-2-0"
        },
        {
          "Player1": "Zarathustra",
          "Player2": "harmonywoods",
          "Result": "0-0-0"
        },
        {
          "Player1": "MikeEgan",
          "Player2": "shiromuni",
          "Result": "0-2-0"
        },
        {
          "Player1": "Kaziku",
          "Player2": "Ryuho090",
          "Result": "0-0-0"
        },
        {
          "Player1": "Lord_Beerus",
          "Player2": "TheGrimLavamancer",
          "Result": "2-0-0"
        },
        {
          "Player1": "izzy-wilde",
          "Player2": "wcl",
          "Result": "2-0-0"
        },
        {
          "Player1": "akisamiyou",
          "Player2": "Infernum_Doge",
          "Result": "2-0-0"
        },
        {
          "Player1": "Kaijimmy",
          "Player2": "derJurist",
          "Result": "0-2-0"
        }
      ]
    },
    {
      "RoundName": "Round 6",
      "Matches": [
        {
          "Player1": "Lord_Beerus",
          "Player2": "akisamiyou",
          "Result": "2-0-0"
        },
        {
          "Player1": "TheGrimLavamancer",
          "Player2": "harmonywoods",
          "Result": "0-2-0"
        },
        {
          "Player1": "Kaijimmy",
          "Player2": "Prim3Time",
          "Result": "2-0-0"
        },
        {
          "Player1": "Maxtortion",
          "Player2": "2plus2isfive",
          "Result": "0-2-0"
        },
        {
          "Player1": "derJurist",
          "Player2": "VitoCorleone",
          "Result": "0-2-0"
        },
        {
          "Player1": "Suzukiii",
          "Player2": "Ryuho090",
          "Result": "0-2-0"
        },
        {
          "Player1": "albertoSD",
          "Player2": "snoopy-magic",
          "Result": "0-2-0"
        },
        {
          "Player1": "MikeEgan",
          "Player2": "Infernum_Doge",
          "Result": "2-0-0"
        },
        {
          "Player1": "Kaziku",
          "Player2": "FynnOfBlood",
          "Result": "2-1-0"
        },
        {
          "Player1": "Zarathustra",
          "Player2": "shiromuni",
          "Result": "2-0-0"
        },
        {
          "Player1": "silviawataru",
          "Player2": "izzy-wilde",
          "Result": "0-2-0"
        },
        {
          "Player1": "_INF_",
          "Player2": "Munchlax446",
          "Result": "0-2-0"
        }
      ]
    },
    {
      "RoundName": "Round 7",
      "Matches": [
        {
          "Player1": "snoopy-magic",
          "Player2": "Munchlax446",
          "Result": "0-2-0"
        },
        {
          "Player1": "Maxtortion",
          "Player2": "Ryuho090",
          "Result": "2-0-0"
        },
        {
          "Player1": "albertoSD",
          "Player2": "Suzukiii",
          "Result": "0-2-0"
        },
        {
          "Player1": "Kaziku",
          "Player2": "2plus2isfive",
          "Result": "0-2-0"
        }
      ]
    },
    {
      "RoundName": "Round 8",
      "Matches": [
        {
          "Player1": "Suzukiii",
          "Player2": "2plus2isfive",
          "Result": "2-0-0"
        },
        {
          "Player1": "Maxtortion",
          "Player2": "Munchlax446",
          "Result": "0-2-0"
        }
      ]
    },
    {
      "RoundName": "Round 9",
      "Matches": [
        {
          "Player1": "Suzukiii",
          "Player2": "Munchlax446",
          "Result": "0-2-0"
        }
      ]
    }
  ],
  "Standings": [
    {
      "Rank": 34,
      "Player": "xfile",
      "Points": 0,
      "Wins": 0,
      "Losses": 0,
      "Draws": 0,
      "OMWP": 0.5832999999999999,
      "GWP": 0.2,
      "OGWP": 0.4955
    },
    {
      "Rank": 33,
      "Player": "_J0SE_",
      "Points": 0,
      "Wins": 0,
      "Losses": 0,
      "Draws": 0,
      "OMWP": 0.5832999999999999,
      "GWP": 0.2,
      "OGWP": 0.5452
    },
    {
      "Rank": 32,
      "Player": "Eureka22422",
      "Points": 0,
      "Wins": 0,
      "Losses": 0,
      "Draws": 0,
      "OMWP": 0.8332999999999999,
      "GWP": 0.3333,
      "OGWP": 0.6875
    },
    {
      "Rank": 31,
      "Player": "Matiuzzzo",
      "Points": 3,
      "Wins": 0,
      "Losses": 0,
      "Draws": 0,
      "OMWP": 0.375,
      "GWP": 0.4,
      "OGWP": 0.4092
    },
    {
      "Rank": 30,
      "Player": "Prim3Time",
      "Points": 3,
      "Wins": 0,
      "Losses": 0,
      "Draws": 0,
      "OMWP": 0.43329999999999996,
      "GWP": 0.16670000000000001,
      "OGWP": 0.47700000000000004
    },
    {
      "Rank": 29,
      "Player": "DLCabelo",
      "Points": 3,
      "Wins": 0,
      "Losses": 0,
      "Draws": 0,
      "OMWP": 0.5,
      "GWP": 0.22219999999999998,
      "OGWP": 0.5455
    },
    {
      "Rank": 28,
      "Player": "WadeB",
      "Points": 3,
      "Wins": 0,
      "Losses": 0,
      "Draws": 0,
      "OMWP": 0.5556,
      "GWP": 0.4286,
      "OGWP": 0.5385
    },
    {
      "Rank": 27,
      "Player": "DominiqueTutor",
      "Points": 3,
      "Wins": 0,
      "Losses": 0,
      "Draws": 0,
      "OMWP": 0.6111,
      "GWP": 0.25,
      "OGWP": 0.5566
    },
    {
      "Rank": 26,
      "Player": "Raydan",
      "Points": 3,
      "Wins": 0,
      "Losses": 0,
      "Draws": 0,
      "OMWP": 0.6667000000000001,
      "GWP": 0.5,
      "OGWP": 0.595
    },
    {
      "Rank": 25,
      "Player": "derJurist",
      "Points": 6,
      "Wins": 0,
      "Losses": 0,
      "Draws": 0,
      "OMWP": 0.4167,
      "GWP": 0.375,
      "OGWP": 0.4152
    },
    {
      "Rank": 24,
      "Player": "akisamiyou",
      "Points": 6,
      "Wins": 0,
      "Losses": 0,
      "Draws": 0,
      "OMWP": 0.43329999999999996,
      "GWP": 0.4667,
      "OGWP": 0.42560000000000003
    },
    {
      "Rank": 23,
      "Player": "Infernum_Doge",
      "Points": 6,
      "Wins": 0,
      "Losses": 0,
      "Draws": 0,
      "OMWP": 0.44439999999999996,
      "GWP": 0.375,
      "OGWP": 0.46740000000000004
    },
    {
      "Rank": 22,
      "Player": "Kaijimmy",
      "Points": 6,
      "Wins": 0,
      "Losses": 0,
      "Draws": 0,
      "OMWP": 0.5333,
      "GWP": 0.4286,
      "OGWP": 0.4974
    },
    {
      "Rank": 21,
      "Player": "TheGrimLavamancer",
      "Points": 6,
      "Wins": 0,
      "Losses": 0,
      "Draws": 0,
      "OMWP": 0.5556,
      "GWP": 0.35710000000000003,
      "OGWP": 0.5279
    },
    {
      "Rank": 20,
      "Player": "Srogers90",
      "Points": 6,
      "Wins": 0,
      "Losses": 0,
      "Draws": 0,
      "OMWP": 0.5832999999999999,
      "GWP": 0.4,
      "OGWP": 0.5406
    },
    {
      "Rank": 19,
      "Player": "wcl",
      "Points": 9,
      "Wins": 0,
      "Losses": 0,
      "Draws": 0,
      "OMWP": 0.43329999999999996,
      "GWP": 0.4545,
      "OGWP": 0.4779
    },
    {
      "Rank": 18,
      "Player": "VitoCorleone",
      "Points": 9,
      "Wins": 0,
      "Losses": 0,
      "Draws": 0,
      "OMWP": 0.44439999999999996,
      "GWP": 0.5,
      "OGWP": 0.46270000000000006
    },
    {
      "Rank": 17,
      "Player": "shiromuni",
      "Points": 9,
      "Wins": 0,
      "Losses": 0,
      "Draws": 0,
      "OMWP": 0.5,
      "GWP": 0.6,
      "OGWP": 0.49
    },
    {
      "Rank": 16,
      "Player": "harmonywoods",
      "Points": 9,
      "Wins": 0,
      "Losses": 0,
      "Draws": 0,
      "OMWP": 0.5278,
      "GWP": 0.4286,
      "OGWP": 0.5019
    },
    {
      "Rank": 15,
      "Player": "MikeEgan",
      "Points": 9,
      "Wins": 0,
      "Losses": 0,
      "Draws": 0,
      "OMWP": 0.5278,
      "GWP": 0.5,
      "OGWP": 0.5088
    },
    {
      "Rank": 14,
      "Player": "silviawataru",
      "Points": 9,
      "Wins": 0,
      "Losses": 0,
      "Draws": 0,
      "OMWP": 0.5832999999999999,
      "GWP": 0.5,
      "OGWP": 0.5778
    },
    {
      "Rank": 13,
      "Player": "FynnOfBlood",
      "Points": 9,
      "Wins": 0,
      "Losses": 0,
      "Draws": 0,
      "OMWP": 0.5832999999999999,
      "GWP": 0.5385,
      "OGWP": 0.5167
    },
    {
      "Rank": 12,
      "Player": "_INF_",
      "Points": 9,
      "Wins": 0,
      "Losses": 0,
      "Draws": 0,
      "OMWP": 0.6111,
      "GWP": 0.5,
      "OGWP": 0.5719
    },
    {
      "Rank": 11,
      "Player": "Lord_Beerus",
      "Points": 12,
      "Wins": 0,
      "Losses": 0,
      "Draws": 0,
      "OMWP": 0.44439999999999996,
      "GWP": 0.5625,
      "OGWP": 0.4833
    },
    {
      "Rank": 10,
      "Player": "Zarathustra",
      "Points": 12,
      "Wins": 0,
      "Losses": 0,
      "Draws": 0,
      "OMWP": 0.5278,
      "GWP": 0.6154,
      "OGWP": 0.5112
    },
    {
      "Rank": 9,
      "Player": "izzy-wilde",
      "Points": 12,
      "Wins": 0,
      "Losses": 0,
      "Draws": 0,
      "OMWP": 0.5278,
      "GWP": 0.6429,
      "OGWP": 0.5196000000000001
    },
    {
      "Rank": 8,
      "Player": "Kaziku",
      "Points": 12,
      "Wins": 0,
      "Losses": 0,
      "Draws": 0,
      "OMWP": 0.5832999999999999,
      "GWP": 0.5625,
      "OGWP": 0.5346
    },
    {
      "Rank": 7,
      "Player": "albertoSD",
      "Points": 12,
      "Wins": 0,
      "Losses": 0,
      "Draws": 0,
      "OMWP": 0.5832999999999999,
      "GWP": 0.6154,
      "OGWP": 0.5543
    },
    {
      "Rank": 6,
      "Player": "snoopy-magic",
      "Points": 15,
      "Wins": 0,
      "Losses": 0,
      "Draws": 0,
      "OMWP": 0.5556,
      "GWP": 0.7333,
      "OGWP": 0.52
    },
    {
      "Rank": 5,
      "Player": "Ryuho090",
      "Points": 18,
      "Wins": 0,
      "Losses": 0,
      "Draws": 0,
      "OMWP": 0.6111,
      "GWP": 0.75,
      "OGWP": 0.5719
    },
    {
      "Rank": 4,
      "Player": "Maxtortion",
      "Points": 15,
      "Wins": 0,
      "Losses": 0,
      "Draws": 0,
      "OMWP": 0.5556,
      "GWP": 0.6,
      "OGWP": 0.5183
    },
    {
      "Rank": 3,
      "Player": "2plus2isfive",
      "Points": 18,
      "Wins": 0,
      "Losses": 0,
      "Draws": 0,
      "OMWP": 0.7222,
      "GWP": 0.7143,
      "OGWP": 0.6329
    },
    {
      "Rank": 2,
      "Player": "Suzukiii",
      "Points": 21,
      "Wins": 0,
      "Losses": 0,
      "Draws": 0,
      "OMWP": 0.5832999999999999,
      "GWP": 0.6875,
      "OGWP": 0.5403
    },
    {
      "Rank": 1,
      "Player": "Munchlax446",
      "Points": 21,
      "Wins": 0,
      "Losses": 0,
      "Draws": 0,
      "OMWP": 0.6389,
      "GWP": 0.6429,
      "OGWP": 0.5728
    }
  ]
}