{
  "Tournament": {
    "Id": 12803707,
    "Date": "2025-07-20T17:00:00",
    "Name": "Legacy Challenge 32",
    "Uri": null,
    "JsonFile": null,
    "ForceRedownload": false
  },
  "Decks": null,
  "Rounds": [
    {
      "RoundName": "Round 1",
      "Matches": [
        {
          "Player1": "WadeB",
          "Player2": "jake-upLVT",
          "Result": "0-2-0"
        },
        {
          "Player1": "Peppe",
          "Player2": "Rinzler_92",
          "Result": "0-2-0"
        },
        {
          "Player1": "MoMo321",
          "Player2": "Infernum_Doge",
          "Result": "2-0-0"
        },
        {
          "Player1": "JakeTMS",
          "Player2": "izzy-wilde",
          "Result": "0-2-0"
        },
        {
          "Player1": "matttothec",
          "Player2": "silviawataru",
          "Result": "0-2-0"
        },
        {
          "Player1": "Jenara19",
          "Player2": "kaikas",
          "Result": "0-2-0"
        },
        {
          "Player1": "alli",
          "Player2": "morsaaa",
          "Result": "2-0-0"
        },
        {
          "Player1": "FrankHolmquist",
          "Player2": "Erik157751",
          "Result": "2-0-0"
        },
        {
          "Player1": "roter_Erzengel",
          "Player2": "habsburger",
          "Result": "2-0-0"
        },
        {
          "Player1": "jankyb",
          "Player2": "discoverN",
          "Result": "2-0-0"
        },
        {
          "Player1": "minyafriend",
          "Player2": "nekoyama2",
          "Result": "2-0-0"
        },
        {
          "Player1": "Antarctica",
          "Player2": "GodOfSlaughter",
          "Result": "0-2-0"
        },
        {
          "Player1": "TheHamburglar",
          "Player2": "beware_the_water",
          "Result": "0-2-0"
        },
        {
          "Player1": "parkss",
          "Player2": "Skpchino",
          "Result": "0-2-0"
        },
        {
          "Player1": "monkeyscantcry",
          "Player2": "Martinho1111",
          "Result": "0-2-0"
        },
        {
          "Player1": "sefgun",
          "Player2": "_INF_",
          "Result": "0-0-0"
        },
        {
          "Player1": "Sol-e22558",
          "Player2": "strgn7",
          "Result": "2-0-0"
        },
        {
          "Player1": "wonderPreaux",
          "Player2": "shiromuni",
          "Result": "2-0-0"
        },
        {
          "Player1": "1OR513N86",
          "Player2": "NotCicero",
          "Result": "0-2-0"
        },
        {
          "Player1": "burrarun",
          "Player2": "maximusdee",
          "Result": "0-2-0"
        },
        {
          "Player1": "Dreddybajs",
          "Player2": "albertoSD",
          "Result": "2-0-0"
        },
        {
          "Player1": "kabloom",
          "Player2": "akisamiyou",
          "Result": "2-0-0"
        },
        {
          "Player1": "kirdiekirdie",
          "Player2": "Game_Night",
          "Result": "2-0-0"
        },
        {
          "Player1": "Sprouts",
          "Player2": "Mortaa",
          "Result": "2-0-0"
        },
        {
          "Player1": "Geodude_Jared",
          "Player2": "Some_tim3Since",
          "Result": "0-2-0"
        },
        {
          "Player1": "magiclaszlo",
          "Player2": "Munchlax446",
          "Result": "0-2-0"
        },
        {
          "Player1": "jewdan",
          "Player2": "Ant_Are_MTG",
          "Result": "2-0-0"
        },
        {
          "Player1": "HJ_Kaiser",
          "Player2": "rikimaru6",
          "Result": "2-0-0"
        },
        {
          "Player1": "kentaro_hokori",
          "Player2": "ReformedPaolo",
          "Result": "2-0-0"
        },
        {
          "Player1": "JPA93",
          "Player2": "pepeteam",
          "Result": "0-2-0"
        },
        {
          "Player1": "SuperCow12653",
          "Player2": "TheGenz",
          "Result": "2-0-0"
        }
      ]
    },
    {
      "RoundName": "Round 2",
      "Matches": [
        {
          "Player1": "sefgun",
          "Player2": "akisamiyou",
          "Result": "0-2-0"
        },
        {
          "Player1": "parkss",
          "Player2": "TheHamburglar",
          "Result": "0-2-0"
        },
        {
          "Player1": "Ant_Are_MTG",
          "Player2": "Mortaa",
          "Result": "2-0-0"
        },
        {
          "Player1": "maximusdee",
          "Player2": "Rinzler_92",
          "Result": "0-2-0"
        },
        {
          "Player1": "izzy-wilde",
          "Player2": "_INF_",
          "Result": "0-2-0"
        },
        {
          "Player1": "shiromuni",
          "Player2": "nekoyama2",
          "Result": "2-0-0"
        },
        {
          "Player1": "Martinho1111",
          "Player2": "NotCicero",
          "Result": "2-0-0"
        },
        {
          "Player1": "alli",
          "Player2": "beware_the_water",
          "Result": "2-0-0"
        },
        {
          "Player1": "monkeyscantcry",
          "Player2": "Jenara19",
          "Result": "2-0-0"
        },
        {
          "Player1": "roter_Erzengel",
          "Player2": "kaikas",
          "Result": "0-0-0"
        },
        {
          "Player1": "Sprouts",
          "Player2": "pepeteam",
          "Result": "0-0-0"
        },
        {
          "Player1": "minyafriend",
          "Player2": "Skpchino",
          "Result": "0-0-0"
        },
        {
          "Player1": "silviawataru",
          "Player2": "Some_tim3Since",
          "Result": "0-2-0"
        },
        {
          "Player1": "strgn7",
          "Player2": "Geodude_Jared",
          "Result": "2-0-0"
        },
        {
          "Player1": "wonderPreaux",
          "Player2": "jewdan",
          "Result": "2-0-0"
        },
        {
          "Player1": "kirdiekirdie",
          "Player2": "HyuugaHeir",
          "Result": "2-0-0"
        },
        {
          "Player1": "1OR513N86",
          "Player2": "Infernum_Doge",
          "Result": "0-2-0"
        },
        {
          "Player1": "Peppe",
          "Player2": "WadeB",
          "Result": "0-2-0"
        },
        {
          "Player1": "Dreddybajs",
          "Player2": "SuperCow12653",
          "Result": "2-0-0"
        },
        {
          "Player1": "ReformedPaolo",
          "Player2": "TheGenz",
          "Result": "2-0-0"
        },
        {
          "Player1": "HJ_Kaiser",
          "Player2": "FrankHolmquist",
          "Result": "2-0-0"
        },
        {
          "Player1": "Sol-e22558",
          "Player2": "jake-upLVT",
          "Result": "2-0-0"
        },
        {
          "Player1": "kabloom",
          "Player2": "GodOfSlaughter",
          "Result": "2-0-0"
        },
        {
          "Player1": "habsburger",
          "Player2": "burrarun",
          "Result": "0-2-0"
        },
        {
          "Player1": "kentaro_hokori",
          "Player2": "MoMo321",
          "Result": "2-0-0"
        },
        {
          "Player1": "jankyb",
          "Player2": "Munchlax446",
          "Result": "0-2-0"
        },
        {
          "Player1": "JPA93",
          "Player2": "morsaaa",
          "Result": "0-2-0"
        },
        {
          "Player1": "Game_Night",
          "Player2": "rikimaru6",
          "Result": "2-0-0"
        },
        {
          "Player1": "Erik157751",
          "Player2": "JakeTMS",
          "Result": "2-0-0"
        },
        {
          "Player1": "matttothec",
          "Player2": "Antarctica",
          "Result": "2-0-0"
        },
        {
          "Player1": "discoverN",
          "Player2": "magiclaszlo",
          "Result": "2-0-0"
        }
      ]
    },
    {
      "RoundName": "Round 3",
      "Matches": [
        {
          "Player1": "matttothec",
          "Player2": "Sprouts",
          "Result": "2-0-0"
        },
        {
          "Player1": "minyafriend",
          "Player2": "kabloom",
          "Result": "2-0-0"
        },
        {
          "Player1": "HJ_Kaiser",
          "Player2": "wonderPreaux",
          "Result": "2-0-0"
        },
        {
          "Player1": "sefgun",
          "Player2": "rikimaru6",
          "Result": "2-0-0"
        },
        {
          "Player1": "Dreddybajs",
          "Player2": "Some_tim3Since",
          "Result": "2-0-0"
        },
        {
          "Player1": "burrarun",
          "Player2": "morsaaa",
          "Result": "0-2-0"
        },
        {
          "Player1": "Game_Night",
          "Player2": "WadeB",
          "Result": "0-2-0"
        },
        {
          "Player1": "jankyb",
          "Player2": "NotCicero",
          "Result": "0-2-0"
        },
        {
          "Player1": "roter_Erzengel",
          "Player2": "Sol-e22558",
          "Result": "2-0-0"
        },
        {
          "Player1": "Erik157751",
          "Player2": "izzy-wilde",
          "Result": "0-2-0"
        },
        {
          "Player1": "maximusdee",
          "Player2": "MoMo321",
          "Result": "0-0-0"
        },
        {
          "Player1": "kaikas",
          "Player2": "akisamiyou",
          "Result": "0-2-0"
        },
        {
          "Player1": "SuperCow12653",
          "Player2": "jake-upLVT",
          "Result": "2-0-0"
        },
        {
          "Player1": "kentaro_hokori",
          "Player2": "pepeteam",
          "Result": "2-0-0"
        },
        {
          "Player1": "jewdan",
          "Player2": "Jenara19",
          "Result": "0-2-0"
        },
        {
          "Player1": "Antarctica",
          "Player2": "TheGenz",
          "Result": "0-2-0"
        },
        {
          "Player1": "beware_the_water",
          "Player2": "Ant_Are_MTG",
          "Result": "0-2-0"
        },
        {
          "Player1": "Skpchino",
          "Player2": "Infernum_Doge",
          "Result": "2-0-0"
        },
        {
          "Player1": "TheHamburglar",
          "Player2": "strgn7",
          "Result": "0-0-0"
        },
        {
          "Player1": "kirdiekirdie",
          "Player2": "Martinho1111",
          "Result": "2-0-0"
        },
        {
          "Player1": "silviawataru",
          "Player2": "monkeyscantcry",
          "Result": "0-2-0"
        },
        {
          "Player1": "FrankHolmquist",
          "Player2": "HyuugaHeir",
          "Result": "2-0-0"
        },
        {
          "Player1": "_INF_",
          "Player2": "Munchlax446",
          "Result": "2-0-0"
        },
        {
          "Player1": "alli",
          "Player2": "Rinzler_92",
          "Result": "2-0-0"
        },
        {
          "Player1": "1OR513N86",
          "Player2": "Peppe",
          "Result": "0-2-0"
        },
        {
          "Player1": "shiromuni",
          "Player2": "ReformedPaolo",
          "Result": "0-2-0"
        },
        {
          "Player1": "discoverN",
          "Player2": "GodOfSlaughter",
          "Result": "2-0-0"
        }
      ]
    },
    {
      "RoundName": "Round 4",
      "Matches": [
        {
          "Player1": "Erik157751",
          "Player2": "shiromuni",
          "Result": "0-2-0"
        },
        {
          "Player1": "matttothec",
          "Player2": "Ant_Are_MTG",
          "Result": "2-0-0"
        },
        {
          "Player1": "1OR513N86",
          "Player2": "Jenara19",
          "Result": "0-2-0"
        },
        {
          "Player1": "burrarun",
          "Player2": "Game_Night",
          "Result": "0-0-0"
        },
        {
          "Player1": "WadeB",
          "Player2": "Some_tim3Since",
          "Result": "0-2-0"
        },
        {
          "Player1": "jankyb",
          "Player2": "TheGenz",
          "Result": "2-0-0"
        },
        {
          "Player1": "Skpchino",
          "Player2": "MoMo321",
          "Result": "0-2-0"
        },
        {
          "Player1": "HJ_Kaiser",
          "Player2": "minyafriend",
          "Result": "0-2-0"
        },
        {
          "Player1": "pepeteam",
          "Player2": "Martinho1111",
          "Result": "2-0-0"
        },
        {
          "Player1": "kabloom",
          "Player2": "Sol-e22558",
          "Result": "0-2-0"
        },
        {
          "Player1": "discoverN",
          "Player2": "FrankHolmquist",
          "Result": "2-0-0"
        },
        {
          "Player1": "ReformedPaolo",
          "Player2": "akisamiyou",
          "Result": "2-0-0"
        },
        {
          "Player1": "SuperCow12653",
          "Player2": "Rinzler_92",
          "Result": "2-0-0"
        },
        {
          "Player1": "sefgun",
          "Player2": "Infernum_Doge",
          "Result": "0-2-0"
        },
        {
          "Player1": "monkeyscantcry",
          "Player2": "TheHamburglar",
          "Result": "2-0-0"
        },
        {
          "Player1": "Dreddybajs",
          "Player2": "alli",
          "Result": "0-2-0"
        },
        {
          "Player1": "kaikas",
          "Player2": "izzy-wilde",
          "Result": "0-2-0"
        },
        {
          "Player1": "maximusdee",
          "Player2": "strgn7",
          "Result": "2-0-0"
        },
        {
          "Player1": "roter_Erzengel",
          "Player2": "kirdiekirdie",
          "Result": "0-2-0"
        },
        {
          "Player1": "wonderPreaux",
          "Player2": "morsaaa",
          "Result": "2-0-0"
        },
        {
          "Player1": "kentaro_hokori",
          "Player2": "_INF_",
          "Result": "0-2-0"
        },
        {
          "Player1": "Peppe",
          "Player2": "HyuugaHeir",
          "Result": "2-1-0"
        },
        {
          "Player1": "NotCicero",
          "Player2": "Munchlax446",
          "Result": "0-0-0"
        }
      ]
    },
    {
      "RoundName": "Round 5",
      "Matches": [
        {
          "Player1": "maximusdee",
          "Player2": "Erik157751",
          "Result": "2-0-0"
        },
        {
          "Player1": "kirdiekirdie",
          "Player2": "_INF_",
          "Result": "0-2-0"
        },
        {
          "Player1": "jankyb",
          "Player2": "morsaaa",
          "Result": "0-2-0"
        },
        {
          "Player1": "Dreddybajs",
          "Player2": "Munchlax446",
          "Result": "0-2-0"
        },
        {
          "Player1": "TheHamburglar",
          "Player2": "Jenara19",
          "Result": "0-2-0"
        },
        {
          "Player1": "monkeyscantcry",
          "Player2": "pepeteam",
          "Result": "2-0-0"
        },
        {
          "Player1": "Skpchino",
          "Player2": "shiromuni",
          "Result": "2-0-0"
        },
        {
          "Player1": "kabloom",
          "Player2": "Martinho1111",
          "Result": "2-0-0"
        },
        {
          "Player1": "matttothec",
          "Player2": "Sol-e22558",
          "Result": "0-2-0"
        },
        {
          "Player1": "ReformedPaolo",
          "Player2": "MoMo321",
          "Result": "0-2-0"
        },
        {
          "Player1": "akisamiyou",
          "Player2": "Infernum_Doge",
          "Result": "0-2-0"
        },
        {
          "Player1": "wonderPreaux",
          "Player2": "Some_tim3Since",
          "Result": "2-0-0"
        },
        {
          "Player1": "minyafriend",
          "Player2": "alli",
          "Result": "0-2-0"
        },
        {
          "Player1": "kentaro_hokori",
          "Player2": "izzy-wilde",
          "Result": "0-2-0"
        },
        {
          "Player1": "roter_Erzengel",
          "Player2": "SuperCow12653",
          "Result": "0-0-0"
        },
        {
          "Player1": "TheGenz",
          "Player2": "HyuugaHeir",
          "Result": "2-0-0"
        },
        {
          "Player1": "Peppe",
          "Player2": "NotCicero",
          "Result": "0-2-0"
        },
        {
          "Player1": "HJ_Kaiser",
          "Player2": "discoverN",
          "Result": "2-0-0"
        },
        {
          "Player1": "Rinzler_92",
          "Player2": "Game_Night",
          "Result": "0-2-0"
        }
      ]
    },
    {
      "RoundName": "Round 6",
      "Matches": [
        {
          "Player1": "minyafriend",
          "Player2": "izzy-wilde",
          "Result": "0-2-0"
        },
        {
          "Player1": "kentaro_hokori",
          "Player2": "Game_Night",
          "Result": "2-0-0"
        },
        {
          "Player1": "SuperCow12653",
          "Player2": "MoMo321",
          "Result": "2-0-0"
        },
        {
          "Player1": "discoverN",
          "Player2": "ReformedPaolo",
          "Result": "0-2-0"
        },
        {
          "Player1": "Jenara19",
          "Player2": "maximusdee",
          "Result": "2-0-0"
        },
        {
          "Player1": "Peppe",
          "Player2": "TheGenz",
          "Result": "2-0-0"
        },
        {
          "Player1": "HJ_Kaiser",
          "Player2": "kirdiekirdie",
          "Result": "0-2-0"
        },
        {
          "Player1": "matttothec",
          "Player2": "roter_Erzengel",
          "Result": "2-0-0"
        },
        {
          "Player1": "Skpchino",
          "Player2": "Some_tim3Since",
          "Result": "1-2-0"
        },
        {
          "Player1": "NotCicero",
          "Player2": "Infernum_Doge",
          "Result": "2-0-0"
        },
        {
          "Player1": "kabloom",
          "Player2": "morsaaa",
          "Result": "2-0-0"
        },
        {
          "Player1": "alli",
          "Player2": "_INF_",
          "Result": "2-0-0"
        },
        {
          "Player1": "wonderPreaux",
          "Player2": "Munchlax446",
          "Result": "2-0-0"
        },
        {
          "Player1": "Dreddybajs",
          "Player2": "pepeteam",
          "Result": "2-0-0"
        },
        {
          "Player1": "monkeyscantcry",
          "Player2": "Sol-e22558",
          "Result": "0-2-0"
        },
        {
          "Player1": "sefgun",
          "Player2": "Rinzler_92",
          "Result": "2-0-0"
        },
        {
          "Player1": "Martinho1111",
          "Player2": "akisamiyou",
          "Result": "2-0-0"
        },
        {
          "Player1": "jankyb",
          "Player2": "shiromuni",
          "Result": "2-0-0"
        }
      ]
    },
    {
      "RoundName": "Round 7",
      "Matches": [
        {
          "Player1": "wonderPreaux",
          "Player2": "Sol-e22558",
          "Result": "2-0-0"
        },
        {
          "Player1": "_INF_",
          "Player2": "SuperCow12653",
          "Result": "0-2-0"
        },
        {
          "Player1": "minyafriend",
          "Player2": "alli",
          "Result": "0-2-0"
        },
        {
          "Player1": "kirdiekirdie",
          "Player2": "izzy-wilde",
          "Result": "2-0-0"
        }
      ]
    },
    {
      "RoundName": "Round 8",
      "Matches": [
        {
          "Player1": "alli",
          "Player2": "wonderPreaux",
          "Result": "0-2-0"
        },
        {
          "Player1": "kirdiekirdie",
          "Player2": "SuperCow12653",
          "Result": "0-0-0"
        }
      ]
    },
    {
      "RoundName": "Round 9",
      "Matches": [
        {
          "Player1": "wonderPreaux",
          "Player2": "kirdiekirdie",
          "Result": "0-2-0"
        }
      ]
    }
  ],
  "Standings": [
    {
      "Rank": 63,
      "Player": "habsburger",
      "Points": 0,
      "Wins": 0,
      "Losses": 0,
      "Draws": 0,
      "OMWP": 0.4167,
      "GWP": 0.3333,
      "OGWP": 0.4
    },
    {
      "Rank": 62,
      "Player": "Mortaa",
      "Points": 0,
      "Wins": 0,
      "Losses": 0,
      "Draws": 0,
      "OMWP": 0.4167,
      "GWP": 0.3333,
      "OGWP": 0.4495
    },
    {
      "Rank": 61,
      "Player": "Antarctica",
      "Points": 0,
      "Wins": 0,
      "Losses": 0,
      "Draws": 0,
      "OMWP": 0.44439999999999996,
      "GWP": 0.1429,
      "OGWP": 0.47119999999999995
    },
    {
      "Rank": 60,
      "Player": "Geodude_Jared",
      "Points": 0,
      "Wins": 0,
      "Losses": 0,
      "Draws": 0,
      "OMWP": 0.5,
      "GWP": 0.2,
      "OGWP": 0.4667
    },
    {
      "Rank": 59,
      "Player": "nekoyama2",
      "Points": 0,
      "Wins": 0,
      "Losses": 0,
      "Draws": 0,
      "OMWP": 0.5,
      "GWP": 0.2,
      "OGWP": 0.5
    },
    {
      "Rank": 58,
      "Player": "JPA93",
      "Points": 0,
      "Wins": 0,
      "Losses": 0,
      "Draws": 0,
      "OMWP": 0.5,
      "GWP": 0.3333,
      "OGWP": 0.4521
    },
    {
      "Rank": 57,
      "Player": "parkss",
      "Points": 0,
      "Wins": 0,
      "Losses": 0,
      "Draws": 0,
      "OMWP": 0.5,
      "GWP": 0.3333,
      "OGWP": 0.4808
    },
    {
      "Rank": 56,
      "Player": "rikimaru6",
      "Points": 0,
      "Wins": 0,
      "Losses": 0,
      "Draws": 0,
      "OMWP": 0.5556,
      "GWP": 0.25,
      "OGWP": 0.5349
    },
    {
      "Rank": 55,
      "Player": "JakeTMS",
      "Points": 0,
      "Wins": 0,
      "Losses": 0,
      "Draws": 0,
      "OMWP": 0.5832999999999999,
      "GWP": 0,
      "OGWP": 0.5158
    },
    {
      "Rank": 54,
      "Player": "1OR513N86",
      "Points": 0,
      "Wins": 0,
      "Losses": 0,
      "Draws": 0,
      "OMWP": 0.5832999999999999,
      "GWP": 0,
      "OGWP": 0.5512
    },
    {
      "Rank": 53,
      "Player": "magiclaszlo",
      "Points": 0,
      "Wins": 0,
      "Losses": 0,
      "Draws": 0,
      "OMWP": 0.5832999999999999,
      "GWP": 0.2,
      "OGWP": 0.5522
    },
    {
      "Rank": 52,
      "Player": "albertoSD",
      "Points": 0,
      "Wins": 0,
      "Losses": 0,
      "Draws": 0,
      "OMWP": 0.6667000000000001,
      "GWP": 0,
      "OGWP": 0.5714
    },
    {
      "Rank": 51,
      "Player": "burrarun",
      "Points": 3,
      "Wins": 0,
      "Losses": 0,
      "Draws": 0,
      "OMWP": 0.4583,
      "GWP": 0.22219999999999998,
      "OGWP": 0.47619999999999996
    },
    {
      "Rank": 50,
      "Player": "GodOfSlaughter",
      "Points": 3,
      "Wins": 0,
      "Losses": 0,
      "Draws": 0,
      "OMWP": 0.5,
      "GWP": 0.3333,
      "OGWP": 0.48719999999999997
    },
    {
      "Rank": 49,
      "Player": "Erik157751",
      "Points": 3,
      "Wins": 0,
      "Losses": 0,
      "Draws": 0,
      "OMWP": 0.5,
      "GWP": 0.3846,
      "OGWP": 0.47700000000000004
    },
    {
      "Rank": 48,
      "Player": "Sprouts",
      "Points": 3,
      "Wins": 0,
      "Losses": 0,
      "Draws": 0,
      "OMWP": 0.5,
      "GWP": 0.44439999999999996,
      "OGWP": 0.47119999999999995
    },
    {
      "Rank": 47,
      "Player": "strgn7",
      "Points": 3,
      "Wins": 0,
      "Losses": 0,
      "Draws": 0,
      "OMWP": 0.5417000000000001,
      "GWP": 0.22219999999999998,
      "OGWP": 0.5082
    },
    {
      "Rank": 46,
      "Player": "HyuugaHeir",
      "Points": 3,
      "Wins": 0,
      "Losses": 0,
      "Draws": 0,
      "OMWP": 0.5417000000000001,
      "GWP": 0.2727,
      "OGWP": 0.5201
    },
    {
      "Rank": 45,
      "Player": "kaikas",
      "Points": 3,
      "Wins": 0,
      "Losses": 0,
      "Draws": 0,
      "OMWP": 0.5832999999999999,
      "GWP": 0.3636,
      "OGWP": 0.5246
    },
    {
      "Rank": 44,
      "Player": "silviawataru",
      "Points": 3,
      "Wins": 0,
      "Losses": 0,
      "Draws": 0,
      "OMWP": 0.6667000000000001,
      "GWP": 0.3333,
      "OGWP": 0.6451
    },
    {
      "Rank": 43,
      "Player": "jewdan",
      "Points": 3,
      "Wins": 0,
      "Losses": 0,
      "Draws": 0,
      "OMWP": 0.6667000000000001,
      "GWP": 0.375,
      "OGWP": 0.6079
    },
    {
      "Rank": 42,
      "Player": "beware_the_water",
      "Points": 3,
      "Wins": 0,
      "Losses": 0,
      "Draws": 0,
      "OMWP": 0.6667000000000001,
      "GWP": 0.5,
      "OGWP": 0.5554
    },
    {
      "Rank": 41,
      "Player": "jake-upLVT",
      "Points": 3,
      "Wins": 0,
      "Losses": 0,
      "Draws": 0,
      "OMWP": 0.7222,
      "GWP": 0.44439999999999996,
      "OGWP": 0.6514
    },
    {
      "Rank": 40,
      "Player": "Ant_Are_MTG",
      "Points": 6,
      "Wins": 0,
      "Losses": 0,
      "Draws": 0,
      "OMWP": 0.4167,
      "GWP": 0.4545,
      "OGWP": 0.4628
    },
    {
      "Rank": 39,
      "Player": "FrankHolmquist",
      "Points": 6,
      "Wins": 0,
      "Losses": 0,
      "Draws": 0,
      "OMWP": 0.4583,
      "GWP": 0.5,
      "OGWP": 0.43770000000000003
    },
    {
      "Rank": 38,
      "Player": "WadeB",
      "Points": 6,
      "Wins": 0,
      "Losses": 0,
      "Draws": 0,
      "OMWP": 0.5,
      "GWP": 0.6,
      "OGWP": 0.5015999999999999
    },
    {
      "Rank": 37,
      "Player": "shiromuni",
      "Points": 6,
      "Wins": 0,
      "Losses": 0,
      "Draws": 0,
      "OMWP": 0.5278,
      "GWP": 0.3333,
      "OGWP": 0.5275
    },
    {
      "Rank": 36,
      "Player": "akisamiyou",
      "Points": 6,
      "Wins": 0,
      "Losses": 0,
      "Draws": 0,
      "OMWP": 0.5278,
      "GWP": 0.3846,
      "OGWP": 0.5249
    },
    {
      "Rank": 35,
      "Player": "TheGenz",
      "Points": 6,
      "Wins": 0,
      "Losses": 0,
      "Draws": 0,
      "OMWP": 0.5278,
      "GWP": 0.4375,
      "OGWP": 0.49340000000000006
    },
    {
      "Rank": 34,
      "Player": "Rinzler_92",
      "Points": 6,
      "Wins": 0,
      "Losses": 0,
      "Draws": 0,
      "OMWP": 0.6389,
      "GWP": 0.35710000000000003,
      "OGWP": 0.5785
    },
    {
      "Rank": 33,
      "Player": "Peppe",
      "Points": 9,
      "Wins": 0,
      "Losses": 0,
      "Draws": 0,
      "OMWP": 0.4167,
      "GWP": 0.4286,
      "OGWP": 0.4507
    },
    {
      "Rank": 32,
      "Player": "maximusdee",
      "Points": 9,
      "Wins": 0,
      "Losses": 0,
      "Draws": 0,
      "OMWP": 0.44439999999999996,
      "GWP": 0.5714,
      "OGWP": 0.4347
    },
    {
      "Rank": 31,
      "Player": "TheHamburglar",
      "Points": 9,
      "Wins": 0,
      "Losses": 0,
      "Draws": 0,
      "OMWP": 0.4667,
      "GWP": 0.46149999999999997,
      "OGWP": 0.4918
    },
    {
      "Rank": 30,
      "Player": "sefgun",
      "Points": 9,
      "Wins": 0,
      "Losses": 0,
      "Draws": 0,
      "OMWP": 0.4667,
      "GWP": 0.5,
      "OGWP": 0.4592
    },
    {
      "Rank": 29,
      "Player": "discoverN",
      "Points": 9,
      "Wins": 0,
      "Losses": 0,
      "Draws": 0,
      "OMWP": 0.5,
      "GWP": 0.46149999999999997,
      "OGWP": 0.486
    },
    {
      "Rank": 28,
      "Player": "Game_Night",
      "Points": 9,
      "Wins": 0,
      "Losses": 0,
      "Draws": 0,
      "OMWP": 0.5,
      "GWP": 0.5333,
      "OGWP": 0.48340000000000005
    },
    {
      "Rank": 27,
      "Player": "Infernum_Doge",
      "Points": 9,
      "Wins": 0,
      "Losses": 0,
      "Draws": 0,
      "OMWP": 0.5,
      "GWP": 0.5333,
      "OGWP": 0.4935
    },
    {
      "Rank": 26,
      "Player": "jankyb",
      "Points": 9,
      "Wins": 0,
      "Losses": 0,
      "Draws": 0,
      "OMWP": 0.5,
      "GWP": 0.5625,
      "OGWP": 0.4975
    },
    {
      "Rank": 25,
      "Player": "pepeteam",
      "Points": 9,
      "Wins": 0,
      "Losses": 0,
      "Draws": 0,
      "OMWP": 0.5278,
      "GWP": 0.4375,
      "OGWP": 0.5124
    },
    {
      "Rank": 24,
      "Player": "Skpchino",
      "Points": 9,
      "Wins": 0,
      "Losses": 0,
      "Draws": 0,
      "OMWP": 0.5278,
      "GWP": 0.5,
      "OGWP": 0.5111
    },
    {
      "Rank": 23,
      "Player": "morsaaa",
      "Points": 9,
      "Wins": 0,
      "Losses": 0,
      "Draws": 0,
      "OMWP": 0.6111,
      "GWP": 0.4667,
      "OGWP": 0.5692
    },
    {
      "Rank": 22,
      "Player": "Martinho1111",
      "Points": 9,
      "Wins": 0,
      "Losses": 0,
      "Draws": 0,
      "OMWP": 0.6111,
      "GWP": 0.4706,
      "OGWP": 0.5897
    },
    {
      "Rank": 21,
      "Player": "roter_Erzengel",
      "Points": 9,
      "Wins": 0,
      "Losses": 0,
      "Draws": 0,
      "OMWP": 0.6389,
      "GWP": 0.4667,
      "OGWP": 0.568
    },
    {
      "Rank": 20,
      "Player": "Jenara19",
      "Points": 12,
      "Wins": 0,
      "Losses": 0,
      "Draws": 0,
      "OMWP": 0.44439999999999996,
      "GWP": 0.6,
      "OGWP": 0.46619999999999995
    },
    {
      "Rank": 19,
      "Player": "ReformedPaolo",
      "Points": 12,
      "Wins": 0,
      "Losses": 0,
      "Draws": 0,
      "OMWP": 0.4722,
      "GWP": 0.6154,
      "OGWP": 0.4632
    },
    {
      "Rank": 18,
      "Player": "matttothec",
      "Points": 12,
      "Wins": 0,
      "Losses": 0,
      "Draws": 0,
      "OMWP": 0.4722,
      "GWP": 0.6429,
      "OGWP": 0.4498
    },
    {
      "Rank": 17,
      "Player": "NotCicero",
      "Points": 12,
      "Wins": 0,
      "Losses": 0,
      "Draws": 0,
      "OMWP": 0.5,
      "GWP": 0.6429,
      "OGWP": 0.49520000000000003
    },
    {
      "Rank": 16,
      "Player": "Some_tim3Since",
      "Points": 12,
      "Wins": 0,
      "Losses": 0,
      "Draws": 0,
      "OMWP": 0.5278,
      "GWP": 0.6,
      "OGWP": 0.5179
    },
    {
      "Rank": 15,
      "Player": "kabloom",
      "Points": 12,
      "Wins": 0,
      "Losses": 0,
      "Draws": 0,
      "OMWP": 0.5278,
      "GWP": 0.6667000000000001,
      "OGWP": 0.49810000000000004
    },
    {
      "Rank": 14,
      "Player": "monkeyscantcry",
      "Points": 12,
      "Wins": 0,
      "Losses": 0,
      "Draws": 0,
      "OMWP": 0.5556,
      "GWP": 0.6923,
      "OGWP": 0.4949
    },
    {
      "Rank": 13,
      "Player": "HJ_Kaiser",
      "Points": 12,
      "Wins": 0,
      "Losses": 0,
      "Draws": 0,
      "OMWP": 0.6111,
      "GWP": 0.5714,
      "OGWP": 0.5742
    },
    {
      "Rank": 12,
      "Player": "MoMo321",
      "Points": 12,
      "Wins": 0,
      "Losses": 0,
      "Draws": 0,
      "OMWP": 0.6111,
      "GWP": 0.6,
      "OGWP": 0.5784
    },
    {
      "Rank": 11,
      "Player": "Munchlax446",
      "Points": 12,
      "Wins": 0,
      "Losses": 0,
      "Draws": 0,
      "OMWP": 0.6389,
      "GWP": 0.6429,
      "OGWP": 0.5945
    },
    {
      "Rank": 10,
      "Player": "kentaro_hokori",
      "Points": 12,
      "Wins": 0,
      "Losses": 0,
      "Draws": 0,
      "OMWP": 0.6667000000000001,
      "GWP": 0.5625,
      "OGWP": 0.5868
    },
    {
      "Rank": 9,
      "Player": "Dreddybajs",
      "Points": 12,
      "Wins": 0,
      "Losses": 0,
      "Draws": 0,
      "OMWP": 0.6667000000000001,
      "GWP": 0.5714,
      "OGWP": 0.5752
    },
    {
      "Rank": 8,
      "Player": "minyafriend",
      "Points": 12,
      "Wins": 0,
      "Losses": 0,
      "Draws": 0,
      "OMWP": 0.6667000000000001,
      "GWP": 0.6667000000000001,
      "OGWP": 0.5781000000000001
    },
    {
      "Rank": 7,
      "Player": "izzy-wilde",
      "Points": 15,
      "Wins": 0,
      "Losses": 0,
      "Draws": 0,
      "OMWP": 0.5278,
      "GWP": 0.6470999999999999,
      "OGWP": 0.4997
    },
    {
      "Rank": 6,
      "Player": "Sol-e22558",
      "Points": 15,
      "Wins": 0,
      "Losses": 0,
      "Draws": 0,
      "OMWP": 0.5278,
      "GWP": 0.6667000000000001,
      "OGWP": 0.541
    },
    {
      "Rank": 5,
      "Player": "_INF_",
      "Points": 15,
      "Wins": 0,
      "Losses": 0,
      "Draws": 0,
      "OMWP": 0.75,
      "GWP": 0.6875,
      "OGWP": 0.6361
    },
    {
      "Rank": 4,
      "Player": "SuperCow12653",
      "Points": 18,
      "Wins": 0,
      "Losses": 0,
      "Draws": 0,
      "OMWP": 0.4722,
      "GWP": 0.6875,
      "OGWP": 0.47950000000000004
    },
    {
      "Rank": 3,
      "Player": "alli",
      "Points": 21,
      "Wins": 0,
      "Losses": 0,
      "Draws": 0,
      "OMWP": 0.5556,
      "GWP": 0.75,
      "OGWP": 0.5416
    },
    {
      "Rank": 2,
      "Player": "wonderPreaux",
      "Points": 21,
      "Wins": 0,
      "Losses": 0,
      "Draws": 0,
      "OMWP": 0.5278,
      "GWP": 0.7692,
      "OGWP": 0.4982
    },
    {
      "Rank": 1,
      "Player": "kirdiekirdie",
      "Points": 24,
      "Wins": 0,
      "Losses": 0,
      "Draws": 0,
      "OMWP": 0.5556,
      "GWP": 0.7143,
      "OGWP": 0.5105
    }
  ]
}