{
  "Tournament": {
    "Id": 12803708,
    "Date": "2025-07-20T18:00:00",
    "Name": "Modern Preliminary",
    "Uri": null,
    "JsonFile": null,
    "ForceRedownload": false
  },
  "Decks": null,
  "Rounds": [
    {
      "RoundName": "Round 1",
      "Matches": [
        {
          "Player1": "shadow438",
          "Player2": "Deerwife",
          "Result": "2-0-0"
        },
        {
          "Player1": "Aero88",
          "Player2": "minimumrocks1356",
          "Result": "0-2-0"
        },
        {
          "Player1": "Foxantes",
          "Player2": "Erik157751",
          "Result": "0-2-0"
        },
        {
          "Player1": "lunaloveee",
          "Player2": "goz_take",
          "Result": "2-0-0"
        },
        {
          "Player1": "Based",
          "Player2": "coljr",
          "Result": "0-2-0"
        },
        {
          "Player1": "GreaterClifford",
          "Player2": "Disciple_of_control",
          "Result": "2-0-0"
        }
      ]
    },
    {
      "RoundName": "Round 2",
      "Matches": [
        {
          "Player1": "GreaterClifford",
          "Player2": "lunaloveee",
          "Result": "0-2-0"
        },
        {
          "Player1": "shadow438",
          "Player2": "Erik157751",
          "Result": "0-2-0"
        },
        {
          "Player1": "Foxantes",
          "Player2": "Disciple_of_control",
          "Result": "0-0-0"
        },
        {
          "Player1": "Based",
          "Player2": "Articunozard",
          "Result": "0-2-0"
        },
        {
          "Player1": "Aero88",
          "Player2": "Deerwife",
          "Result": "2-0-0"
        },
        {
          "Player1": "minimumrocks1356",
          "Player2": "coljr",
          "Result": "0-0-0"
        }
      ]
    },
    {
      "RoundName": "Round 3",
      "Matches": [
        {
          "Player1": "Aero88",
          "Player2": "goz_take",
          "Result": "0-2-0"
        },
        {
          "Player1": "Erik157751",
          "Player2": "lunaloveee",
          "Result": "0-2-0"
        },
        {
          "Player1": "Foxantes",
          "Player2": "coljr",
          "Result": "2-0-0"
        },
        {
          "Player1": "minimumrocks1356",
          "Player2": "Articunozard",
          "Result": "2-0-0"
        },
        {
          "Player1": "Based",
          "Player2": "Disciple_of_control",
          "Result": "0-2-0"
        },
        {
          "Player1": "shadow438",
          "Player2": "GreaterClifford",
          "Result": "2-0-0"
        }
      ]
    },
    {
      "RoundName": "Round 4",
      "Matches": [
        {
          "Player1": "shadow438",
          "Player2": "Foxantes",
          "Result": "2-0-0"
        },
        {
          "Player1": "minimumrocks1356",
          "Player2": "lunaloveee",
          "Result": "1-2-0"
        },
        {
          "Player1": "coljr",
          "Player2": "Disciple_of_control",
          "Result": "0-2-0"
        },
        {
          "Player1": "Articunozard",
          "Player2": "goz_take",
          "Result": "0-2-0"
        },
        {
          "Player1": "Erik157751",
          "Player2": "Aero88",
          "Result": "0-2-0"
        }
      ]
    }
  ],
  "Standings": [
    {
      "Rank": 13,
      "Player": "Based",
      "Points": 0,
      "Wins": 0,
      "Losses": 0,
      "Draws": 0,
      "OMWP": 0.44439999999999996,
      "GWP": 0.3333,
      "OGWP": 0.4028
    },
    {
      "Rank": 12,
      "Player": "Deerwife",
      "Points": 0,
      "Wins": 0,
      "Losses": 0,
      "Draws": 0,
      "OMWP": 0.625,
      "GWP": 0.2,
      "OGWP": 0.5644
    },
    {
      "Rank": 11,
      "Player": "coljr",
      "Points": 3,
      "Wins": 0,
      "Losses": 0,
      "Draws": 0,
      "OMWP": 0.5207999999999999,
      "GWP": 0.22219999999999998,
      "OGWP": 0.5196999999999999
    },
    {
      "Rank": 10,
      "Player": "Disciple_of_control",
      "Points": 6,
      "Wins": 0,
      "Losses": 0,
      "Draws": 0,
      "OMWP": 0.4167,
      "GWP": 0.5,
      "OGWP": 0.428
    },
    {
      "Rank": 9,
      "Player": "Foxantes",
      "Points": 6,
      "Wins": 0,
      "Losses": 0,
      "Draws": 0,
      "OMWP": 0.5207999999999999,
      "GWP": 0.5455,
      "OGWP": 0.4792
    },
    {
      "Rank": 8,
      "Player": "Aero88",
      "Points": 6,
      "Wins": 0,
      "Losses": 0,
      "Draws": 0,
      "OMWP": 0.5832999999999999,
      "GWP": 0.5455,
      "OGWP": 0.5396
    },
    {
      "Rank": 7,
      "Player": "Articunozard",
      "Points": 6,
      "Wins": 0,
      "Losses": 0,
      "Draws": 0,
      "OMWP": 0.6111,
      "GWP": 0.375,
      "OGWP": 0.5528
    },
    {
      "Rank": 6,
      "Player": "Erik157751",
      "Points": 6,
      "Wins": 0,
      "Losses": 0,
      "Draws": 0,
      "OMWP": 0.6875,
      "GWP": 0.5,
      "OGWP": 0.6186
    },
    {
      "Rank": 5,
      "Player": "GreaterClifford",
      "Points": 6,
      "Wins": 0,
      "Losses": 0,
      "Draws": 0,
      "OMWP": 0.75,
      "GWP": 0.5,
      "OGWP": 0.6278
    },
    {
      "Rank": 4,
      "Player": "shadow438",
      "Points": 9,
      "Wins": 0,
      "Losses": 0,
      "Draws": 0,
      "OMWP": 0.4583,
      "GWP": 0.5832999999999999,
      "OGWP": 0.4697
    },
    {
      "Rank": 3,
      "Player": "minimumrocks1356",
      "Points": 9,
      "Wins": 0,
      "Losses": 0,
      "Draws": 0,
      "OMWP": 0.5832999999999999,
      "GWP": 0.7,
      "OGWP": 0.5134000000000001
    },
    {
      "Rank": 2,
      "Player": "goz_take",
      "Points": 9,
      "Wins": 0,
      "Losses": 0,
      "Draws": 0,
      "OMWP": 0.6667000000000001,
      "GWP": 0.625,
      "OGWP": 0.5735
    },
    {
      "Rank": 1,
      "Player": "lunaloveee",
      "Points": 12,
      "Wins": 0,
      "Losses": 0,
      "Draws": 0,
      "OMWP": 0.625,
      "GWP": 0.8,
      "OGWP": 0.5813
    }
  ]
}