{
  "Tournament": {
    "Id": 12803700,
    "Date": "2025-07-20T03:00:00",
    "Name": "Modern Challenge 32",
    "Uri": null,
    "JsonFile": null,
    "ForceRedownload": false
  },
  "Decks": null,
  "Rounds": [
    {
      "RoundName": "Round 1",
      "Matches": [
        {
          "Player1": "camroux22",
          "Player2": "chickenfryguy",
          "Result": "0-2-0"
        },
        {
          "Player1": "Smigui",
          "Player2": "Ambg4646",
          "Result": "2-0-0"
        },
        {
          "Player1": "NeoKipper",
          "Player2": "soggymeatball",
          "Result": "0-2-0"
        },
        {
          "Player1": "Golgarburr",
          "Player2": "Prim3Time",
          "Result": "2-0-0"
        },
        {
          "Player1": "YungDingo",
          "Player2": "CrisMTG77",
          "Result": "0-2-0"
        },
        {
          "Player1": "O_danielakos",
          "Player2": "selesneal",
          "Result": "0-2-0"
        },
        {
          "Player1": "Raydan",
          "Player2": "Cipher10597",
          "Result": "2-0-0"
        },
        {
          "Player1": "chrish2134",
          "Player2": "NathanOfTheGiltLeaf",
          "Result": "2-0-0"
        },
        {
          "Player1": "expalfini",
          "Player2": "NormanCar",
          "Result": "0-2-0"
        },
        {
          "Player1": "slaxx",
          "Player2": "niuwaid001",
          "Result": "2-0-0"
        },
        {
          "Player1": "praiseseigerhino",
          "Player2": "IronBeagle",
          "Result": "2-0-0"
        },
        {
          "Player1": "azax",
          "Player2": "yolad",
          "Result": "2-0-0"
        },
        {
          "Player1": "Rhye24",
          "Player2": "UnbanOko",
          "Result": "0-2-0"
        },
        {
          "Player1": "MikeEgan",
          "Player2": "AngusJim",
          "Result": "0-2-0"
        },
        {
          "Player1": "nikkuniku",
          "Player2": "narca",
          "Result": "2-0-0"
        },
        {
          "Player1": "Lord_Beerus",
          "Player2": "HelpfulHobo",
          "Result": "0-2-0"
        },
        {
          "Player1": "Nammersquats",
          "Player2": "jvidarte",
          "Result": "2-0-0"
        },
        {
          "Player1": "twinlesstwin",
          "Player2": "Azja",
          "Result": "2-0-0"
        },
        {
          "Player1": "tibalt_of_red_sub",
          "Player2": "Giltspire",
          "Result": "0-2-0"
        },
        {
          "Player1": "fuya",
          "Player2": "Paeng_Paeng",
          "Result": "2-0-0"
        },
        {
          "Player1": "DragonFodder",
          "Player2": "InsaneAP3Z",
          "Result": "2-0-0"
        },
        {
          "Player1": "C_S_W____",
          "Player2": "SirSemaj429",
          "Result": "2-0-0"
        },
        {
          "Player1": "JCspider",
          "Player2": "AChord4Five",
          "Result": "2-0-0"
        },
        {
          "Player1": "Brent-C",
          "Player2": "Marmotte_Lambda",
          "Result": "2-0-0"
        },
        {
          "Player1": "Slatorade",
          "Player2": "Rainwalker83",
          "Result": "0-2-0"
        },
        {
          "Player1": "Kricha13",
          "Player2": "hermanomlg",
          "Result": "0-2-0"
        },
        {
          "Player1": "Aje8",
          "Player2": "Ciraris",
          "Result": "0-2-0"
        },
        {
          "Player1": "samsoni1",
          "Player2": "Ted10",
          "Result": "2-0-0"
        },
        {
          "Player1": "xfile",
          "Player2": "reidq7",
          "Result": "0-2-0"
        },
        {
          "Player1": "DemianDesposito10",
          "Player2": "MisterTwin",
          "Result": "0-2-0"
        }
      ]
    },
    {
      "RoundName": "Round 2",
      "Matches": [
        {
          "Player1": "samsoni1",
          "Player2": "UnbanOko",
          "Result": "0-2-0"
        },
        {
          "Player1": "O_danielakos",
          "Player2": "narca",
          "Result": "2-0-0"
        },
        {
          "Player1": "JCspider",
          "Player2": "slaxx",
          "Result": "0-2-0"
        },
        {
          "Player1": "C_S_W____",
          "Player2": "Rainwalker83",
          "Result": "2-0-0"
        },
        {
          "Player1": "niuwaid001",
          "Player2": "SirSemaj429",
          "Result": "2-0-0"
        },
        {
          "Player1": "Golgarburr",
          "Player2": "hermanomlg",
          "Result": "0-2-0"
        },
        {
          "Player1": "CrisMTG77",
          "Player2": "NormanCar",
          "Result": "2-0-0"
        },
        {
          "Player1": "Paeng_Paeng",
          "Player2": "IronBeagle",
          "Result": "0-2-0"
        },
        {
          "Player1": "praiseseigerhino",
          "Player2": "reidq7",
          "Result": "0-2-0"
        },
        {
          "Player1": "DragonFodder",
          "Player2": "Smigui",
          "Result": "0-2-0"
        },
        {
          "Player1": "AngusJim",
          "Player2": "MisterTwin",
          "Result": "2-0-0"
        },
        {
          "Player1": "chrish2134",
          "Player2": "selesneal",
          "Result": "0-2-0"
        },
        {
          "Player1": "Nammersquats",
          "Player2": "Brent-C",
          "Result": "2-0-0"
        },
        {
          "Player1": "nikkuniku",
          "Player2": "fuya",
          "Result": "0-2-0"
        },
        {
          "Player1": "Lord_Beerus",
          "Player2": "AChord4Five",
          "Result": "0-2-0"
        },
        {
          "Player1": "NeoKipper",
          "Player2": "InsaneAP3Z",
          "Result": "2-0-0"
        },
        {
          "Player1": "Raydan",
          "Player2": "Giltspire",
          "Result": "2-0-0"
        },
        {
          "Player1": "tibalt_of_red_sub",
          "Player2": "Marmotte_Lambda",
          "Result": "2-0-0"
        },
        {
          "Player1": "soggymeatball",
          "Player2": "chickenfryguy",
          "Result": "2-0-0"
        },
        {
          "Player1": "Slatorade",
          "Player2": "YungDingo",
          "Result": "0-2-0"
        },
        {
          "Player1": "azax",
          "Player2": "Ciraris",
          "Result": "2-0-0"
        },
        {
          "Player1": "twinlesstwin",
          "Player2": "HelpfulHobo",
          "Result": "2-0-0"
        },
        {
          "Player1": "Kricha13",
          "Player2": "xfile",
          "Result": "0-2-0"
        },
        {
          "Player1": "Rhye24",
          "Player2": "MikeEgan",
          "Result": "2-0-0"
        },
        {
          "Player1": "DemianDesposito10",
          "Player2": "NathanOfTheGiltLeaf",
          "Result": "0-2-0"
        },
        {
          "Player1": "Prim3Time",
          "Player2": "Ambg4646",
          "Result": "2-0-0"
        },
        {
          "Player1": "Ted10",
          "Player2": "Cipher10597",
          "Result": "2-0-0"
        },
        {
          "Player1": "camroux22",
          "Player2": "yolad",
          "Result": "0-2-0"
        },
        {
          "Player1": "Aje8",
          "Player2": "jvidarte",
          "Result": "0-2-0"
        }
      ]
    },
    {
      "RoundName": "Round 3",
      "Matches": [
        {
          "Player1": "Golgarburr",
          "Player2": "chickenfryguy",
          "Result": "2-0-0"
        },
        {
          "Player1": "C_S_W____",
          "Player2": "Raydan",
          "Result": "2-0-0"
        },
        {
          "Player1": "DragonFodder",
          "Player2": "chrish2134",
          "Result": "0-2-0"
        },
        {
          "Player1": "IronBeagle",
          "Player2": "AChord4Five",
          "Result": "2-0-0"
        },
        {
          "Player1": "tibalt_of_red_sub",
          "Player2": "YungDingo",
          "Result": "2-0-0"
        },
        {
          "Player1": "niuwaid001",
          "Player2": "NormanCar",
          "Result": "2-0-0"
        },
        {
          "Player1": "DemianDesposito10",
          "Player2": "narca",
          "Result": "2-0-0"
        },
        {
          "Player1": "jvidarte",
          "Player2": "MisterTwin",
          "Result": "0-2-0"
        },
        {
          "Player1": "Brent-C",
          "Player2": "Ciraris",
          "Result": "2-0-0"
        },
        {
          "Player1": "Kricha13",
          "Player2": "Slatorade",
          "Result": "0-2-0"
        },
        {
          "Player1": "Nammersquats",
          "Player2": "twinlesstwin",
          "Result": "0-2-0"
        },
        {
          "Player1": "xfile",
          "Player2": "Ted10",
          "Result": "2-0-0"
        },
        {
          "Player1": "fuya",
          "Player2": "praiseseigerhino",
          "Result": "0-2-0"
        },
        {
          "Player1": "Prim3Time",
          "Player2": "yolad",
          "Result": "0-2-0"
        },
        {
          "Player1": "azax",
          "Player2": "UnbanOko",
          "Result": "0-2-0"
        },
        {
          "Player1": "MikeEgan",
          "Player2": "SirSemaj429",
          "Result": "0-2-0"
        },
        {
          "Player1": "CrisMTG77",
          "Player2": "reidq7",
          "Result": "0-2-0"
        },
        {
          "Player1": "Paeng_Paeng",
          "Player2": "Cipher10597",
          "Result": "2-0-0"
        },
        {
          "Player1": "Smigui",
          "Player2": "AngusJim",
          "Result": "0-2-0"
        },
        {
          "Player1": "soggymeatball",
          "Player2": "hermanomlg",
          "Result": "2-0-0"
        },
        {
          "Player1": "slaxx",
          "Player2": "selesneal",
          "Result": "0-2-0"
        },
        {
          "Player1": "Giltspire",
          "Player2": "NathanOfTheGiltLeaf",
          "Result": "0-2-0"
        },
        {
          "Player1": "O_danielakos",
          "Player2": "samsoni1",
          "Result": "2-0-0"
        },
        {
          "Player1": "NeoKipper",
          "Player2": "Rainwalker83",
          "Result": "2-0-0"
        },
        {
          "Player1": "JCspider",
          "Player2": "HelpfulHobo",
          "Result": "0-2-0"
        },
        {
          "Player1": "Rhye24",
          "Player2": "nikkuniku",
          "Result": "0-2-0"
        }
      ]
    },
    {
      "RoundName": "Round 4",
      "Matches": [
        {
          "Player1": "twinlesstwin",
          "Player2": "UnbanOko",
          "Result": "0-2-0"
        },
        {
          "Player1": "HelpfulHobo",
          "Player2": "MisterTwin",
          "Result": "2-0-0"
        },
        {
          "Player1": "tibalt_of_red_sub",
          "Player2": "CrisMTG77",
          "Result": "0-2-0"
        },
        {
          "Player1": "Raydan",
          "Player2": "Brent-C",
          "Result": "2-0-0"
        },
        {
          "Player1": "Rainwalker83",
          "Player2": "Ciraris",
          "Result": "2-0-0"
        },
        {
          "Player1": "O_danielakos",
          "Player2": "soggymeatball",
          "Result": "2-0-0"
        },
        {
          "Player1": "Lord_Beerus",
          "Player2": "DemianDesposito10",
          "Result": "2-0-0"
        },
        {
          "Player1": "jvidarte",
          "Player2": "Paeng_Paeng",
          "Result": "2-0-0"
        },
        {
          "Player1": "slaxx",
          "Player2": "NeoKipper",
          "Result": "0-2-0"
        },
        {
          "Player1": "Slatorade",
          "Player2": "samsoni1",
          "Result": "0-2-0"
        },
        {
          "Player1": "Nammersquats",
          "Player2": "xfile",
          "Result": "0-0-0"
        },
        {
          "Player1": "Golgarburr",
          "Player2": "nikkuniku",
          "Result": "2-0-0"
        },
        {
          "Player1": "C_S_W____",
          "Player2": "AngusJim",
          "Result": "2-0-0"
        },
        {
          "Player1": "chickenfryguy",
          "Player2": "Ted10",
          "Result": "2-0-0"
        },
        {
          "Player1": "niuwaid001",
          "Player2": "NathanOfTheGiltLeaf",
          "Result": "2-0-0"
        },
        {
          "Player1": "hermanomlg",
          "Player2": "IronBeagle",
          "Result": "0-2-0"
        },
        {
          "Player1": "selesneal",
          "Player2": "reidq7",
          "Result": "2-0-0"
        },
        {
          "Player1": "fuya",
          "Player2": "yolad",
          "Result": "0-2-0"
        },
        {
          "Player1": "chrish2134",
          "Player2": "azax",
          "Result": "0-0-0"
        },
        {
          "Player1": "praiseseigerhino",
          "Player2": "Smigui",
          "Result": "2-0-0"
        },
        {
          "Player1": "SirSemaj429",
          "Player2": "NormanCar",
          "Result": "0-2-0"
        },
        {
          "Player1": "DragonFodder",
          "Player2": "Kricha13",
          "Result": "2-0-0"
        }
      ]
    },
    {
      "RoundName": "Round 5",
      "Matches": [
        {
          "Player1": "C_S_W____",
          "Player2": "praiseseigerhino",
          "Result": "2-0-0"
        },
        {
          "Player1": "HelpfulHobo",
          "Player2": "niuwaid001",
          "Result": "2-0-0"
        },
        {
          "Player1": "nikkuniku",
          "Player2": "Rainwalker83",
          "Result": "2-0-0"
        },
        {
          "Player1": "IronBeagle",
          "Player2": "yolad",
          "Result": "0-2-0"
        },
        {
          "Player1": "selesneal",
          "Player2": "UnbanOko",
          "Result": "0-2-0"
        },
        {
          "Player1": "Golgarburr",
          "Player2": "azax",
          "Result": "0-2-0"
        },
        {
          "Player1": "samsoni1",
          "Player2": "NormanCar",
          "Result": "0-2-0"
        },
        {
          "Player1": "tibalt_of_red_sub",
          "Player2": "fuya",
          "Result": "0-0-0"
        },
        {
          "Player1": "AngusJim",
          "Player2": "reidq7",
          "Result": "0-2-0"
        },
        {
          "Player1": "Nammersquats",
          "Player2": "soggymeatball",
          "Result": "2-0-0"
        },
        {
          "Player1": "jvidarte",
          "Player2": "chickenfryguy",
          "Result": "0-2-0"
        },
        {
          "Player1": "DragonFodder",
          "Player2": "NathanOfTheGiltLeaf",
          "Result": "0-0-0"
        },
        {
          "Player1": "slaxx",
          "Player2": "MisterTwin",
          "Result": "0-2-0"
        },
        {
          "Player1": "Lord_Beerus",
          "Player2": "xfile",
          "Result": "2-0-0"
        },
        {
          "Player1": "NeoKipper",
          "Player2": "Raydan",
          "Result": "2-0-0"
        },
        {
          "Player1": "chrish2134",
          "Player2": "hermanomlg",
          "Result": "0-2-0"
        },
        {
          "Player1": "O_danielakos",
          "Player2": "twinlesstwin",
          "Result": "2-0-0"
        },
        {
          "Player1": "narca",
          "Player2": "Ciraris",
          "Result": "0-2-0"
        },
        {
          "Player1": "CrisMTG77",
          "Player2": "Smigui",
          "Result": "0-2-0"
        },
        {
          "Player1": "Paeng_Paeng",
          "Player2": "Brent-C",
          "Result": "0-2-0"
        }
      ]
    },
    {
      "RoundName": "Round 6",
      "Matches": [
        {
          "Player1": "nikkuniku",
          "Player2": "niuwaid001",
          "Result": "2-0-0"
        },
        {
          "Player1": "fuya",
          "Player2": "Brent-C",
          "Result": "2-0-0"
        },
        {
          "Player1": "twinlesstwin",
          "Player2": "IronBeagle",
          "Result": "0-2-0"
        },
        {
          "Player1": "NeoKipper",
          "Player2": "azax",
          "Result": "0-2-0"
        },
        {
          "Player1": "jvidarte",
          "Player2": "Ciraris",
          "Result": "2-0-0"
        },
        {
          "Player1": "Lord_Beerus",
          "Player2": "NathanOfTheGiltLeaf",
          "Result": "0-2-0"
        },
        {
          "Player1": "hermanomlg",
          "Player2": "AngusJim",
          "Result": "2-0-0"
        },
        {
          "Player1": "Golgarburr",
          "Player2": "Raydan",
          "Result": "2-1-0"
        },
        {
          "Player1": "praiseseigerhino",
          "Player2": "chickenfryguy",
          "Result": "2-0-0"
        },
        {
          "Player1": "tibalt_of_red_sub",
          "Player2": "Rainwalker83",
          "Result": "0-2-0"
        },
        {
          "Player1": "soggymeatball",
          "Player2": "Smigui",
          "Result": "2-0-0"
        },
        {
          "Player1": "Nammersquats",
          "Player2": "selesneal",
          "Result": "0-2-0"
        },
        {
          "Player1": "DragonFodder",
          "Player2": "samsoni1",
          "Result": "0-2-0"
        },
        {
          "Player1": "C_S_W____",
          "Player2": "UnbanOko",
          "Result": "2-0-0"
        },
        {
          "Player1": "slaxx",
          "Player2": "chrish2134",
          "Result": "0-2-0"
        },
        {
          "Player1": "HelpfulHobo",
          "Player2": "yolad",
          "Result": "0-2-0"
        },
        {
          "Player1": "Slatorade",
          "Player2": "Paeng_Paeng",
          "Result": "0-2-0"
        },
        {
          "Player1": "MisterTwin",
          "Player2": "NormanCar",
          "Result": "0-0-1"
        },
        {
          "Player1": "O_danielakos",
          "Player2": "reidq7",
          "Result": "2-0-0"
        }
      ]
    },
    {
      "RoundName": "Round 7",
      "Matches": [
        {
          "Player1": "azax",
          "Player2": "yolad",
          "Result": "0-0-0"
        },
        {
          "Player1": "praiseseigerhino",
          "Player2": "UnbanOko",
          "Result": "0-2-0"
        },
        {
          "Player1": "C_S_W____",
          "Player2": "reidq7",
          "Result": "0-2-0"
        },
        {
          "Player1": "O_danielakos",
          "Player2": "selesneal",
          "Result": "0-2-0"
        }
      ]
    },
    {
      "RoundName": "Round 8",
      "Matches": [
        {
          "Player1": "azax",
          "Player2": "reidq7",
          "Result": "2-0-0"
        },
        {
          "Player1": "selesneal",
          "Player2": "UnbanOko",
          "Result": "2-0-0"
        }
      ]
    },
    {
      "RoundName": "Round 9",
      "Matches": [
        {
          "Player1": "selesneal",
          "Player2": "azax",
          "Result": "2-0-0"
        }
      ]
    }
  ],
  "Standings": [
    {
      "Rank": 60,
      "Player": "Cipher10597",
      "Points": 0,
      "Wins": 0,
      "Losses": 0,
      "Draws": 0,
      "OMWP": 0.3889,
      "GWP": 0,
      "OGWP": 0.4389
    },
    {
      "Rank": 59,
      "Player": "MikeEgan",
      "Points": 0,
      "Wins": 0,
      "Losses": 0,
      "Draws": 0,
      "OMWP": 0.3889,
      "GWP": 0.25,
      "OGWP": 0.3889
    },
    {
      "Rank": 58,
      "Player": "Ambg4646",
      "Points": 0,
      "Wins": 0,
      "Losses": 0,
      "Draws": 0,
      "OMWP": 0.4167,
      "GWP": 0,
      "OGWP": 0.4643
    },
    {
      "Rank": 57,
      "Player": "Aje8",
      "Points": 0,
      "Wins": 0,
      "Losses": 0,
      "Draws": 0,
      "OMWP": 0.4167,
      "GWP": 0.2,
      "OGWP": 0.4808
    },
    {
      "Rank": 56,
      "Player": "Marmotte_Lambda",
      "Points": 0,
      "Wins": 0,
      "Losses": 0,
      "Draws": 0,
      "OMWP": 0.4167,
      "GWP": 0.3333,
      "OGWP": 0.43079999999999996
    },
    {
      "Rank": 55,
      "Player": "Kricha13",
      "Points": 0,
      "Wins": 0,
      "Losses": 0,
      "Draws": 0,
      "OMWP": 0.43329999999999996,
      "GWP": 0.2,
      "OGWP": 0.4265
    },
    {
      "Rank": 54,
      "Player": "expalfini",
      "Points": 0,
      "Wins": 0,
      "Losses": 0,
      "Draws": 0,
      "OMWP": 0.5,
      "GWP": 0,
      "OGWP": 0.5625
    },
    {
      "Rank": 53,
      "Player": "InsaneAP3Z",
      "Points": 0,
      "Wins": 0,
      "Losses": 0,
      "Draws": 0,
      "OMWP": 0.5,
      "GWP": 0.2,
      "OGWP": 0.5
    },
    {
      "Rank": 52,
      "Player": "Azja",
      "Points": 0,
      "Wins": 0,
      "Losses": 0,
      "Draws": 0,
      "OMWP": 0.5,
      "GWP": 0.3333,
      "OGWP": 0.5333
    },
    {
      "Rank": 51,
      "Player": "camroux22",
      "Points": 0,
      "Wins": 0,
      "Losses": 0,
      "Draws": 0,
      "OMWP": 0.6667000000000001,
      "GWP": 0.2,
      "OGWP": 0.6346
    },
    {
      "Rank": 50,
      "Player": "YungDingo",
      "Points": 3,
      "Wins": 0,
      "Losses": 0,
      "Draws": 0,
      "OMWP": 0.42219999999999996,
      "GWP": 0.2857,
      "OGWP": 0.441
    },
    {
      "Rank": 49,
      "Player": "Ted10",
      "Points": 3,
      "Wins": 0,
      "Losses": 0,
      "Draws": 0,
      "OMWP": 0.43329999999999996,
      "GWP": 0.4,
      "OGWP": 0.43450000000000005
    },
    {
      "Rank": 48,
      "Player": "JCspider",
      "Points": 3,
      "Wins": 0,
      "Losses": 0,
      "Draws": 0,
      "OMWP": 0.44439999999999996,
      "GWP": 0.44439999999999996,
      "OGWP": 0.5143
    },
    {
      "Rank": 47,
      "Player": "Giltspire",
      "Points": 3,
      "Wins": 0,
      "Losses": 0,
      "Draws": 0,
      "OMWP": 0.5,
      "GWP": 0.375,
      "OGWP": 0.5162
    },
    {
      "Rank": 46,
      "Player": "AChord4Five",
      "Points": 3,
      "Wins": 0,
      "Losses": 0,
      "Draws": 0,
      "OMWP": 0.5,
      "GWP": 0.5,
      "OGWP": 0.5
    },
    {
      "Rank": 45,
      "Player": "narca",
      "Points": 3,
      "Wins": 0,
      "Losses": 0,
      "Draws": 0,
      "OMWP": 0.5333,
      "GWP": 0.11109999999999999,
      "OGWP": 0.544
    },
    {
      "Rank": 44,
      "Player": "DemianDesposito10",
      "Points": 3,
      "Wins": 0,
      "Losses": 0,
      "Draws": 0,
      "OMWP": 0.5333,
      "GWP": 0.3333,
      "OGWP": 0.5068
    },
    {
      "Rank": 43,
      "Player": "SirSemaj429",
      "Points": 3,
      "Wins": 0,
      "Losses": 0,
      "Draws": 0,
      "OMWP": 0.5832999999999999,
      "GWP": 0.3,
      "OGWP": 0.5311
    },
    {
      "Rank": 42,
      "Player": "Rhye24",
      "Points": 3,
      "Wins": 0,
      "Losses": 0,
      "Draws": 0,
      "OMWP": 0.6111,
      "GWP": 0.3333,
      "OGWP": 0.5897
    },
    {
      "Rank": 41,
      "Player": "Prim3Time",
      "Points": 3,
      "Wins": 0,
      "Losses": 0,
      "Draws": 0,
      "OMWP": 0.6111,
      "GWP": 0.4286,
      "OGWP": 0.5316
    },
    {
      "Rank": 40,
      "Player": "Slatorade",
      "Points": 6,
      "Wins": 0,
      "Losses": 0,
      "Draws": 0,
      "OMWP": 0.4,
      "GWP": 0.3846,
      "OGWP": 0.4103
    },
    {
      "Rank": 39,
      "Player": "tibalt_of_red_sub",
      "Points": 6,
      "Wins": 0,
      "Losses": 0,
      "Draws": 0,
      "OMWP": 0.4611,
      "GWP": 0.4,
      "OGWP": 0.45380000000000004
    },
    {
      "Rank": 38,
      "Player": "DragonFodder",
      "Points": 6,
      "Wins": 0,
      "Losses": 0,
      "Draws": 0,
      "OMWP": 0.4722,
      "GWP": 0.3333,
      "OGWP": 0.47009999999999996
    },
    {
      "Rank": 37,
      "Player": "Paeng_Paeng",
      "Points": 6,
      "Wins": 0,
      "Losses": 0,
      "Draws": 0,
      "OMWP": 0.5067,
      "GWP": 0.3846,
      "OGWP": 0.48469999999999996
    },
    {
      "Rank": 36,
      "Player": "xfile",
      "Points": 6,
      "Wins": 0,
      "Losses": 0,
      "Draws": 0,
      "OMWP": 0.5,
      "GWP": 0.4167,
      "OGWP": 0.4819
    },
    {
      "Rank": 35,
      "Player": "Ciraris",
      "Points": 6,
      "Wins": 0,
      "Losses": 0,
      "Draws": 0,
      "OMWP": 0.49329999999999996,
      "GWP": 0.4667,
      "OGWP": 0.46659999999999996
    },
    {
      "Rank": 34,
      "Player": "slaxx",
      "Points": 6,
      "Wins": 0,
      "Losses": 0,
      "Draws": 0,
      "OMWP": 0.5832999999999999,
      "GWP": 0.4,
      "OGWP": 0.579
    },
    {
      "Rank": 33,
      "Player": "CrisMTG77",
      "Points": 9,
      "Wins": 0,
      "Losses": 0,
      "Draws": 0,
      "OMWP": 0.4667,
      "GWP": 0.5385,
      "OGWP": 0.4877
    },
    {
      "Rank": 32,
      "Player": "Brent-C",
      "Points": 9,
      "Wins": 0,
      "Losses": 0,
      "Draws": 0,
      "OMWP": 0.4722,
      "GWP": 0.46149999999999997,
      "OGWP": 0.4731
    },
    {
      "Rank": 31,
      "Player": "jvidarte",
      "Points": 9,
      "Wins": 0,
      "Losses": 0,
      "Draws": 0,
      "OMWP": 0.4722,
      "GWP": 0.5,
      "OGWP": 0.46340000000000003
    },
    {
      "Rank": 30,
      "Player": "Lord_Beerus",
      "Points": 9,
      "Wins": 0,
      "Losses": 0,
      "Draws": 0,
      "OMWP": 0.48,
      "GWP": 0.5,
      "OGWP": 0.4943
    },
    {
      "Rank": 29,
      "Player": "NormanCar",
      "Points": 9,
      "Wins": 0,
      "Losses": 0,
      "Draws": 0,
      "OMWP": 0.4889,
      "GWP": 0.5625,
      "OGWP": 0.44939999999999997
    },
    {
      "Rank": 28,
      "Player": "Smigui",
      "Points": 9,
      "Wins": 0,
      "Losses": 0,
      "Draws": 0,
      "OMWP": 0.5167,
      "GWP": 0.5,
      "OGWP": 0.4793
    },
    {
      "Rank": 27,
      "Player": "niuwaid001",
      "Points": 9,
      "Wins": 0,
      "Losses": 0,
      "Draws": 0,
      "OMWP": 0.5278,
      "GWP": 0.4286,
      "OGWP": 0.5367999999999999
    },
    {
      "Rank": 26,
      "Player": "chickenfryguy",
      "Points": 9,
      "Wins": 0,
      "Losses": 0,
      "Draws": 0,
      "OMWP": 0.5278,
      "GWP": 0.5,
      "OGWP": 0.4889
    },
    {
      "Rank": 25,
      "Player": "samsoni1",
      "Points": 9,
      "Wins": 0,
      "Losses": 0,
      "Draws": 0,
      "OMWP": 0.5278,
      "GWP": 0.5,
      "OGWP": 0.5273
    },
    {
      "Rank": 24,
      "Player": "Rainwalker83",
      "Points": 9,
      "Wins": 0,
      "Losses": 0,
      "Draws": 0,
      "OMWP": 0.5556,
      "GWP": 0.5,
      "OGWP": 0.5640999999999999
    },
    {
      "Rank": 23,
      "Player": "Raydan",
      "Points": 9,
      "Wins": 0,
      "Losses": 0,
      "Draws": 0,
      "OMWP": 0.5832999999999999,
      "GWP": 0.5333,
      "OGWP": 0.5228
    },
    {
      "Rank": 22,
      "Player": "chrish2134",
      "Points": 9,
      "Wins": 0,
      "Losses": 0,
      "Draws": 0,
      "OMWP": 0.6111,
      "GWP": 0.5385,
      "OGWP": 0.5735
    },
    {
      "Rank": 21,
      "Player": "AngusJim",
      "Points": 9,
      "Wins": 0,
      "Losses": 0,
      "Draws": 0,
      "OMWP": 0.6389,
      "GWP": 0.4706,
      "OGWP": 0.5684
    },
    {
      "Rank": 20,
      "Player": "twinlesstwin",
      "Points": 9,
      "Wins": 0,
      "Losses": 0,
      "Draws": 0,
      "OMWP": 0.6667000000000001,
      "GWP": 0.5333,
      "OGWP": 0.5877
    },
    {
      "Rank": 19,
      "Player": "NathanOfTheGiltLeaf",
      "Points": 12,
      "Wins": 0,
      "Losses": 0,
      "Draws": 0,
      "OMWP": 0.4133,
      "GWP": 0.6154,
      "OGWP": 0.40950000000000003
    },
    {
      "Rank": 18,
      "Player": "MisterTwin",
      "Points": 12,
      "Wins": 0,
      "Losses": 0,
      "Draws": 0,
      "OMWP": 0.4722,
      "GWP": 0.5625,
      "OGWP": 0.4849
    },
    {
      "Rank": 17,
      "Player": "nikkuniku",
      "Points": 12,
      "Wins": 0,
      "Losses": 0,
      "Draws": 0,
      "OMWP": 0.5,
      "GWP": 0.6667000000000001,
      "OGWP": 0.45630000000000004
    },
    {
      "Rank": 16,
      "Player": "NeoKipper",
      "Points": 12,
      "Wins": 0,
      "Losses": 0,
      "Draws": 0,
      "OMWP": 0.5278,
      "GWP": 0.6667000000000001,
      "OGWP": 0.509
    },
    {
      "Rank": 15,
      "Player": "IronBeagle",
      "Points": 12,
      "Wins": 0,
      "Losses": 0,
      "Draws": 0,
      "OMWP": 0.5556,
      "GWP": 0.5333,
      "OGWP": 0.5598
    },
    {
      "Rank": 14,
      "Player": "hermanomlg",
      "Points": 12,
      "Wins": 0,
      "Losses": 0,
      "Draws": 0,
      "OMWP": 0.5556,
      "GWP": 0.5714,
      "OGWP": 0.496
    },
    {
      "Rank": 13,
      "Player": "HelpfulHobo",
      "Points": 12,
      "Wins": 0,
      "Losses": 0,
      "Draws": 0,
      "OMWP": 0.5467,
      "GWP": 0.6429,
      "OGWP": 0.5397
    },
    {
      "Rank": 12,
      "Player": "fuya",
      "Points": 12,
      "Wins": 0,
      "Losses": 0,
      "Draws": 0,
      "OMWP": 0.5467,
      "GWP": 0.6429,
      "OGWP": 0.5497
    },
    {
      "Rank": 11,
      "Player": "Nammersquats",
      "Points": 12,
      "Wins": 0,
      "Losses": 0,
      "Draws": 0,
      "OMWP": 0.5667,
      "GWP": 0.5333,
      "OGWP": 0.5575
    },
    {
      "Rank": 10,
      "Player": "Golgarburr",
      "Points": 12,
      "Wins": 0,
      "Losses": 0,
      "Draws": 0,
      "OMWP": 0.5867,
      "GWP": 0.5,
      "OGWP": 0.5706
    },
    {
      "Rank": 9,
      "Player": "soggymeatball",
      "Points": 12,
      "Wins": 0,
      "Losses": 0,
      "Draws": 0,
      "OMWP": 0.6389,
      "GWP": 0.6,
      "OGWP": 0.581
    },
    {
      "Rank": 8,
      "Player": "praiseseigerhino",
      "Points": 12,
      "Wins": 0,
      "Losses": 0,
      "Draws": 0,
      "OMWP": 0.6667000000000001,
      "GWP": 0.6,
      "OGWP": 0.6032
    },
    {
      "Rank": 7,
      "Player": "O_danielakos",
      "Points": 15,
      "Wins": 0,
      "Losses": 0,
      "Draws": 0,
      "OMWP": 0.5832999999999999,
      "GWP": 0.7143,
      "OGWP": 0.5738
    },
    {
      "Rank": 6,
      "Player": "yolad",
      "Points": 15,
      "Wins": 0,
      "Losses": 0,
      "Draws": 0,
      "OMWP": 0.5832999999999999,
      "GWP": 0.7692,
      "OGWP": 0.5447
    },
    {
      "Rank": 5,
      "Player": "C_S_W____",
      "Points": 18,
      "Wins": 0,
      "Losses": 0,
      "Draws": 0,
      "OMWP": 0.5556,
      "GWP": 0.8,
      "OGWP": 0.5344
    },
    {
      "Rank": 4,
      "Player": "reidq7",
      "Points": 15,
      "Wins": 0,
      "Losses": 0,
      "Draws": 0,
      "OMWP": 0.6389,
      "GWP": 0.6429,
      "OGWP": 0.5956
    },
    {
      "Rank": 3,
      "Player": "UnbanOko",
      "Points": 18,
      "Wins": 0,
      "Losses": 0,
      "Draws": 0,
      "OMWP": 0.6667000000000001,
      "GWP": 0.7692,
      "OGWP": 0.6146
    },
    {
      "Rank": 2,
      "Player": "azax",
      "Points": 21,
      "Wins": 0,
      "Losses": 0,
      "Draws": 0,
      "OMWP": 0.64,
      "GWP": 0.6923,
      "OGWP": 0.625
    },
    {
      "Rank": 1,
      "Player": "selesneal",
      "Points": 24,
      "Wins": 0,
      "Losses": 0,
      "Draws": 0,
      "OMWP": 0.6389,
      "GWP": 0.8332999999999999,
      "OGWP": 0.5997
    }
  ]
}