{
  "Tournament": {
    "Id": 12803711,
    "Date": "2025-07-20T22:00:00",
    "Name": "Pioneer Challenge 32",
    "Uri": null,
    "JsonFile": null,
    "ForceRedownload": false
  },
  "Decks": null,
  "Rounds": [
    {
      "RoundName": "Round 1",
      "Matches": [
        {
          "Player1": "Raydan",
          "Player2": "John1111",
          "Result": "0-2-0"
        },
        {
          "Player1": "LasVegasChaos",
          "Player2": "ElCucuy",
          "Result": "2-0-0"
        },
        {
          "Player1": "HouseOfManaMTG",
          "Player2": "MandrillMan",
          "Result": "2-0-0"
        },
        {
          "Player1": "mikeleee",
          "Player2": "JulioP1985",
          "Result": "2-0-0"
        },
        {
          "Player1": "Nammersquats",
          "Player2": "maytwer",
          "Result": "0-2-0"
        },
        {
          "Player1": "DrPP",
          "Player2": "GzusReturned",
          "Result": "2-0-0"
        },
        {
          "Player1": "McWinSauce",
          "Player2": "O_danielakos",
          "Result": "0-2-0"
        },
        {
          "Player1": "albertoSD",
          "Player2": "renatoaraujo",
          "Result": "2-0-0"
        },
        {
          "Player1": "termidor",
          "Player2": "Alico",
          "Result": "2-0-0"
        },
        {
          "Player1": "pokerswizard",
          "Player2": "Caleb_Yetman",
          "Result": "0-2-0"
        },
        {
          "Player1": "Willthepill",
          "Player2": "Lollopollo2001",
          "Result": "0-2-0"
        },
        {
          "Player1": "howa",
          "Player2": "VitorCarvalho01",
          "Result": "0-2-0"
        },
        {
          "Player1": "boytriton",
          "Player2": "groot02",
          "Result": "0-0-0"
        },
        {
          "Player1": "2345678",
          "Player2": "alfonseelric",
          "Result": "2-0-0"
        },
        {
          "Player1": "LuffyDoChapeuDePalha",
          "Player2": "_Siegfried",
          "Result": "0-2-0"
        },
        {
          "Player1": "Pacman2810",
          "Player2": "Beicodegeia",
          "Result": "0-2-0"
        },
        {
          "Player1": "LucasG1ggs",
          "Player2": "Marcuzinho",
          "Result": "2-0-0"
        },
        {
          "Player1": "levunga21",
          "Player2": "claudioh",
          "Result": "2-0-0"
        },
        {
          "Player1": "MagicalSnap",
          "Player2": "Chichotek",
          "Result": "0-2-0"
        },
        {
          "Player1": "blastoids",
          "Player2": "deleon91",
          "Result": "0-2-0"
        },
        {
          "Player1": "Lord_Beerus",
          "Player2": "Brasatore",
          "Result": "0-0-0"
        },
        {
          "Player1": "PedraStone",
          "Player2": "Shulk",
          "Result": "0-2-0"
        },
        {
          "Player1": "MJ_23",
          "Player2": "EdwardKenway",
          "Result": "2-0-0"
        },
        {
          "Player1": "Univerce",
          "Player2": "creazygoat",
          "Result": "2-0-0"
        },
        {
          "Player1": "karatedom",
          "Player2": "Caders21",
          "Result": "2-0-0"
        },
        {
          "Player1": "Shadowz2005",
          "Player2": "_Shikamaru_",
          "Result": "2-0-0"
        },
        {
          "Player1": "HEROtsukai",
          "Player2": "jakobpablo",
          "Result": "0-2-0"
        },
        {
          "Player1": "Skpchino",
          "Player2": "gazmon48",
          "Result": "0-2-0"
        },
        {
          "Player1": "Wizard_2002",
          "Player2": "boom_bust",
          "Result": "0-0-0"
        }
      ]
    },
    {
      "RoundName": "Round 2",
      "Matches": [
        {
          "Player1": "levunga21",
          "Player2": "Brasatore",
          "Result": "0-2-0"
        },
        {
          "Player1": "Wizard_2002",
          "Player2": "jakobpablo",
          "Result": "0-2-0"
        },
        {
          "Player1": "Lollopollo2001",
          "Player2": "LasVegasChaos",
          "Result": "0-2-0"
        },
        {
          "Player1": "howa",
          "Player2": "LuffyDoChapeuDePalha",
          "Result": "2-0-0"
        },
        {
          "Player1": "blastoids",
          "Player2": "EdwardKenway",
          "Result": "2-0-0"
        },
        {
          "Player1": "HEROtsukai",
          "Player2": "MandrillMan",
          "Result": "0-0-0"
        },
        {
          "Player1": "LucasG1ggs",
          "Player2": "termidor",
          "Result": "2-0-0"
        },
        {
          "Player1": "Raydan",
          "Player2": "boom_bust",
          "Result": "0-2-0"
        },
        {
          "Player1": "DrPP",
          "Player2": "HouseOfManaMTG",
          "Result": "2-0-0"
        },
        {
          "Player1": "Nammersquats",
          "Player2": "Caders21",
          "Result": "0-2-0"
        },
        {
          "Player1": "Univerce",
          "Player2": "groot02",
          "Result": "2-0-0"
        },
        {
          "Player1": "Beicodegeia",
          "Player2": "Chichotek",
          "Result": "0-0-0"
        },
        {
          "Player1": "_Siegfried",
          "Player2": "Shulk",
          "Result": "2-0-0"
        },
        {
          "Player1": "claudioh",
          "Player2": "_Shikamaru_",
          "Result": "2-0-0"
        },
        {
          "Player1": "deleon91",
          "Player2": "Caleb_Yetman",
          "Result": "2-0-0"
        },
        {
          "Player1": "renatoaraujo",
          "Player2": "Willthepill",
          "Result": "2-0-0"
        },
        {
          "Player1": "MagicalSnap",
          "Player2": "ElCucuy",
          "Result": "0-2-0"
        },
        {
          "Player1": "Lord_Beerus",
          "Player2": "creazygoat",
          "Result": "2-0-0"
        },
        {
          "Player1": "MJ_23",
          "Player2": "maytwer",
          "Result": "2-0-0"
        },
        {
          "Player1": "Shadowz2005",
          "Player2": "VitorCarvalho01",
          "Result": "2-0-0"
        },
        {
          "Player1": "Alico",
          "Player2": "alfonseelric",
          "Result": "2-0-0"
        },
        {
          "Player1": "pokerswizard",
          "Player2": "PedraStone",
          "Result": "0-2-0"
        },
        {
          "Player1": "mikeleee",
          "Player2": "2345678",
          "Result": "0-2-0"
        },
        {
          "Player1": "karatedom",
          "Player2": "Marcuzinho",
          "Result": "2-0-0"
        },
        {
          "Player1": "O_danielakos",
          "Player2": "John1111",
          "Result": "0-2-0"
        },
        {
          "Player1": "Skpchino",
          "Player2": "boytriton",
          "Result": "2-0-0"
        },
        {
          "Player1": "McWinSauce",
          "Player2": "GzusReturned",
          "Result": "2-0-0"
        },
        {
          "Player1": "albertoSD",
          "Player2": "gazmon48",
          "Result": "0-2-0"
        }
      ]
    },
    {
      "RoundName": "Round 3",
      "Matches": [
        {
          "Player1": "termidor",
          "Player2": "Caders21",
          "Result": "0-2-0"
        },
        {
          "Player1": "HEROtsukai",
          "Player2": "mikeleee",
          "Result": "0-0-0"
        },
        {
          "Player1": "LucasG1ggs",
          "Player2": "2345678",
          "Result": "0-2-0"
        },
        {
          "Player1": "John1111",
          "Player2": "Univerce",
          "Result": "2-0-0"
        },
        {
          "Player1": "LuffyDoChapeuDePalha",
          "Player2": "EdwardKenway",
          "Result": "2-0-0"
        },
        {
          "Player1": "LasVegasChaos",
          "Player2": "VitorCarvalho01",
          "Result": "0-2-0"
        },
        {
          "Player1": "maytwer",
          "Player2": "Alico",
          "Result": "0-2-0"
        },
        {
          "Player1": "O_danielakos",
          "Player2": "ElCucuy",
          "Result": "2-0-0"
        },
        {
          "Player1": "karatedom",
          "Player2": "_Siegfried",
          "Result": "2-0-0"
        },
        {
          "Player1": "Beicodegeia",
          "Player2": "DrPP",
          "Result": "2-0-0"
        },
        {
          "Player1": "GzusReturned",
          "Player2": "creazygoat",
          "Result": "2-0-0"
        },
        {
          "Player1": "claudioh",
          "Player2": "PedraStone",
          "Result": "2-0-0"
        },
        {
          "Player1": "Chichotek",
          "Player2": "Lollopollo2001",
          "Result": "0-2-0"
        },
        {
          "Player1": "blastoids",
          "Player2": "Skpchino",
          "Result": "2-1-0"
        },
        {
          "Player1": "Wizard_2002",
          "Player2": "pokerswizard",
          "Result": "2-0-0"
        },
        {
          "Player1": "Marcuzinho",
          "Player2": "MandrillMan",
          "Result": "2-0-0"
        },
        {
          "Player1": "gazmon48",
          "Player2": "deleon91",
          "Result": "0-2-0"
        },
        {
          "Player1": "levunga21",
          "Player2": "McWinSauce",
          "Result": "0-2-0"
        },
        {
          "Player1": "Lord_Beerus",
          "Player2": "groot02",
          "Result": "2-0-0"
        },
        {
          "Player1": "howa",
          "Player2": "Caleb_Yetman",
          "Result": "2-0-0"
        },
        {
          "Player1": "HouseOfManaMTG",
          "Player2": "boom_bust",
          "Result": "0-2-0"
        },
        {
          "Player1": "MJ_23",
          "Player2": "Brasatore",
          "Result": "0-2-0"
        },
        {
          "Player1": "renatoaraujo",
          "Player2": "Shulk",
          "Result": "2-0-0"
        },
        {
          "Player1": "Shadowz2005",
          "Player2": "jakobpablo",
          "Result": "2-0-0"
        }
      ]
    },
    {
      "RoundName": "Round 4",
      "Matches": [
        {
          "Player1": "howa",
          "Player2": "_Siegfried",
          "Result": "2-0-0"
        },
        {
          "Player1": "renatoaraujo",
          "Player2": "Alico",
          "Result": "2-0-0"
        },
        {
          "Player1": "creazygoat",
          "Player2": "Shulk",
          "Result": "0-2-0"
        },
        {
          "Player1": "deleon91",
          "Player2": "Brasatore",
          "Result": "0-2-0"
        },
        {
          "Player1": "DrPP",
          "Player2": "Caders21",
          "Result": "2-0-0"
        },
        {
          "Player1": "levunga21",
          "Player2": "Caleb_Yetman",
          "Result": "0-2-0"
        },
        {
          "Player1": "LuffyDoChapeuDePalha",
          "Player2": "ElCucuy",
          "Result": "2-0-0"
        },
        {
          "Player1": "karatedom",
          "Player2": "VitorCarvalho01",
          "Result": "0-2-0"
        },
        {
          "Player1": "blastoids",
          "Player2": "Univerce",
          "Result": "1-2-0"
        },
        {
          "Player1": "Shadowz2005",
          "Player2": "John1111",
          "Result": "0-2-0"
        },
        {
          "Player1": "Marcuzinho",
          "Player2": "GzusReturned",
          "Result": "0-2-0"
        },
        {
          "Player1": "O_danielakos",
          "Player2": "boom_bust",
          "Result": "2-0-0"
        },
        {
          "Player1": "MJ_23",
          "Player2": "HEROtsukai",
          "Result": "0-2-0"
        },
        {
          "Player1": "McWinSauce",
          "Player2": "Lollopollo2001",
          "Result": "2-0-0"
        },
        {
          "Player1": "MagicalSnap",
          "Player2": "PedraStone",
          "Result": "0-2-0"
        },
        {
          "Player1": "mikeleee",
          "Player2": "LasVegasChaos",
          "Result": "2-0-0"
        },
        {
          "Player1": "claudioh",
          "Player2": "jakobpablo",
          "Result": "0-2-0"
        },
        {
          "Player1": "maytwer",
          "Player2": "groot02",
          "Result": "0-2-0"
        },
        {
          "Player1": "Beicodegeia",
          "Player2": "2345678",
          "Result": "2-0-0"
        },
        {
          "Player1": "Wizard_2002",
          "Player2": "LucasG1ggs",
          "Result": "2-0-0"
        },
        {
          "Player1": "gazmon48",
          "Player2": "Lord_Beerus",
          "Result": "2-0-0"
        }
      ]
    },
    {
      "RoundName": "Round 5",
      "Matches": [
        {
          "Player1": "O_danielakos",
          "Player2": "gazmon48",
          "Result": "0-2-0"
        },
        {
          "Player1": "HEROtsukai",
          "Player2": "VitorCarvalho01",
          "Result": "0-2-0"
        },
        {
          "Player1": "renatoaraujo",
          "Player2": "2345678",
          "Result": "2-0-0"
        },
        {
          "Player1": "McWinSauce",
          "Player2": "Univerce",
          "Result": "0-2-0"
        },
        {
          "Player1": "blastoids",
          "Player2": "Shulk",
          "Result": "2-0-0"
        },
        {
          "Player1": "howa",
          "Player2": "Shadowz2005",
          "Result": "2-0-0"
        },
        {
          "Player1": "MagicalSnap",
          "Player2": "EdwardKenway",
          "Result": "0-2-0"
        },
        {
          "Player1": "Alico",
          "Player2": "PedraStone",
          "Result": "0-0-0"
        },
        {
          "Player1": "LuffyDoChapeuDePalha",
          "Player2": "Caleb_Yetman",
          "Result": "2-0-0"
        },
        {
          "Player1": "LucasG1ggs",
          "Player2": "mikeleee",
          "Result": "0-2-0"
        },
        {
          "Player1": "Wizard_2002",
          "Player2": "deleon91",
          "Result": "0-2-0"
        },
        {
          "Player1": "karatedom",
          "Player2": "DrPP",
          "Result": "2-0-0"
        },
        {
          "Player1": "Lollopollo2001",
          "Player2": "GzusReturned",
          "Result": "2-0-0"
        },
        {
          "Player1": "Beicodegeia",
          "Player2": "jakobpablo",
          "Result": "2-0-0"
        },
        {
          "Player1": "claudioh",
          "Player2": "groot02",
          "Result": "2-0-0"
        },
        {
          "Player1": "Lord_Beerus",
          "Player2": "boom_bust",
          "Result": "0-2-0"
        },
        {
          "Player1": "John1111",
          "Player2": "Brasatore",
          "Result": "0-2-0"
        },
        {
          "Player1": "_Siegfried",
          "Player2": "LasVegasChaos",
          "Result": "0-2-0"
        },
        {
          "Player1": "MJ_23",
          "Player2": "Caders21",
          "Result": "2-0-0"
        }
      ]
    },
    {
      "RoundName": "Round 6",
      "Matches": [
        {
          "Player1": "Beicodegeia",
          "Player2": "Brasatore",
          "Result": "0-2-0"
        },
        {
          "Player1": "claudioh",
          "Player2": "Alico",
          "Result": "2-0-0"
        },
        {
          "Player1": "blastoids",
          "Player2": "O_danielakos",
          "Result": "0-0-0"
        },
        {
          "Player1": "boom_bust",
          "Player2": "PedraStone",
          "Result": "2-0-0"
        },
        {
          "Player1": "LucasG1ggs",
          "Player2": "EdwardKenway",
          "Result": "2-0-0"
        },
        {
          "Player1": "McWinSauce",
          "Player2": "Shadowz2005",
          "Result": "0-0-0"
        },
        {
          "Player1": "howa",
          "Player2": "John1111",
          "Result": "0-2-0"
        },
        {
          "Player1": "_Siegfried",
          "Player2": "GzusReturned",
          "Result": "0-2-0"
        },
        {
          "Player1": "Lord_Beerus",
          "Player2": "Caleb_Yetman",
          "Result": "0-0-0"
        },
        {
          "Player1": "DrPP",
          "Player2": "mikeleee",
          "Result": "2-0-0"
        },
        {
          "Player1": "MagicalSnap",
          "Player2": "Shulk",
          "Result": "0-2-0"
        },
        {
          "Player1": "renatoaraujo",
          "Player2": "VitorCarvalho01",
          "Result": "2-0-0"
        },
        {
          "Player1": "karatedom",
          "Player2": "deleon91",
          "Result": "0-2-0"
        },
        {
          "Player1": "groot02",
          "Player2": "ElCucuy",
          "Result": "0-2-0"
        },
        {
          "Player1": "LuffyDoChapeuDePalha",
          "Player2": "jakobpablo",
          "Result": "0-2-0"
        },
        {
          "Player1": "HEROtsukai",
          "Player2": "2345678",
          "Result": "0-2-0"
        },
        {
          "Player1": "gazmon48",
          "Player2": "Univerce",
          "Result": "1-2-0"
        },
        {
          "Player1": "Wizard_2002",
          "Player2": "Lollopollo2001",
          "Result": "0-2-0"
        },
        {
          "Player1": "LasVegasChaos",
          "Player2": "MJ_23",
          "Result": "2-0-0"
        }
      ]
    },
    {
      "RoundName": "Round 7",
      "Matches": [
        {
          "Player1": "deleon91",
          "Player2": "Univerce",
          "Result": "2-0-0"
        },
        {
          "Player1": "John1111",
          "Player2": "VitorCarvalho01",
          "Result": "2-0-0"
        },
        {
          "Player1": "gazmon48",
          "Player2": "Brasatore",
          "Result": "2-0-0"
        },
        {
          "Player1": "renatoaraujo",
          "Player2": "Beicodegeia",
          "Result": "0-2-0"
        }
      ]
    },
    {
      "RoundName": "Round 8",
      "Matches": [
        {
          "Player1": "deleon91",
          "Player2": "John1111",
          "Result": "0-2-0"
        },
        {
          "Player1": "gazmon48",
          "Player2": "Beicodegeia",
          "Result": "0-2-0"
        }
      ]
    },
    {
      "RoundName": "Round 9",
      "Matches": [
        {
          "Player1": "Beicodegeia",
          "Player2": "John1111",
          "Result": "0-2-0"
        }
      ]
    }
  ],
  "Standings": [
    {
      "Rank": 58,
      "Player": "boytriton",
      "Points": 0,
      "Wins": 0,
      "Losses": 0,
      "Draws": 0,
      "OMWP": 0.3333,
      "GWP": 0.3333,
      "OGWP": 0.3875
    },
    {
      "Rank": 57,
      "Player": "Nammersquats",
      "Points": 0,
      "Wins": 0,
      "Losses": 0,
      "Draws": 0,
      "OMWP": 0.3667,
      "GWP": 0.3333,
      "OGWP": 0.39740000000000003
    },
    {
      "Rank": 56,
      "Player": "pokerswizard",
      "Points": 0,
      "Wins": 0,
      "Losses": 0,
      "Draws": 0,
      "OMWP": 0.3889,
      "GWP": 0.25,
      "OGWP": 0.4375
    },
    {
      "Rank": 55,
      "Player": "MandrillMan",
      "Points": 0,
      "Wins": 0,
      "Losses": 0,
      "Draws": 0,
      "OMWP": 0.3889,
      "GWP": 0.25,
      "OGWP": 0.4434
    },
    {
      "Rank": 54,
      "Player": "JulioP1985",
      "Points": 0,
      "Wins": 0,
      "Losses": 0,
      "Draws": 0,
      "OMWP": 0.5,
      "GWP": 0,
      "OGWP": 0.5
    },
    {
      "Rank": 53,
      "Player": "alfonseelric",
      "Points": 0,
      "Wins": 0,
      "Losses": 0,
      "Draws": 0,
      "OMWP": 0.5832999999999999,
      "GWP": 0,
      "OGWP": 0.5625
    },
    {
      "Rank": 52,
      "Player": "creazygoat",
      "Points": 0,
      "Wins": 0,
      "Losses": 0,
      "Draws": 0,
      "OMWP": 0.5832999999999999,
      "GWP": 0.3333,
      "OGWP": 0.4972
    },
    {
      "Rank": 51,
      "Player": "_Shikamaru_",
      "Points": 0,
      "Wins": 0,
      "Losses": 0,
      "Draws": 0,
      "OMWP": 0.6667000000000001,
      "GWP": 0.2,
      "OGWP": 0.5670000000000001
    },
    {
      "Rank": 50,
      "Player": "Willthepill",
      "Points": 0,
      "Wins": 0,
      "Losses": 0,
      "Draws": 0,
      "OMWP": 0.75,
      "GWP": 0,
      "OGWP": 0.6333
    },
    {
      "Rank": 49,
      "Player": "Raydan",
      "Points": 0,
      "Wins": 0,
      "Losses": 0,
      "Draws": 0,
      "OMWP": 0.75,
      "GWP": 0.2,
      "OGWP": 0.6513
    },
    {
      "Rank": 48,
      "Player": "Pacman2810",
      "Points": 0,
      "Wins": 0,
      "Losses": 0,
      "Draws": 0,
      "OMWP": 0.8332999999999999,
      "GWP": 0,
      "OGWP": 0.7333
    },
    {
      "Rank": 47,
      "Player": "MagicalSnap",
      "Points": 3,
      "Wins": 0,
      "Losses": 0,
      "Draws": 0,
      "OMWP": 0.4,
      "GWP": 0.2857,
      "OGWP": 0.42310000000000003
    },
    {
      "Rank": 46,
      "Player": "maytwer",
      "Points": 3,
      "Wins": 0,
      "Losses": 0,
      "Draws": 0,
      "OMWP": 0.4167,
      "GWP": 0.3,
      "OGWP": 0.43329999999999996
    },
    {
      "Rank": 45,
      "Player": "termidor",
      "Points": 3,
      "Wins": 0,
      "Losses": 0,
      "Draws": 0,
      "OMWP": 0.4667,
      "GWP": 0.375,
      "OGWP": 0.48719999999999997
    },
    {
      "Rank": 44,
      "Player": "Marcuzinho",
      "Points": 3,
      "Wins": 0,
      "Losses": 0,
      "Draws": 0,
      "OMWP": 0.5,
      "GWP": 0.3636,
      "OGWP": 0.451
    },
    {
      "Rank": 43,
      "Player": "Skpchino",
      "Points": 3,
      "Wins": 0,
      "Losses": 0,
      "Draws": 0,
      "OMWP": 0.5,
      "GWP": 0.375,
      "OGWP": 0.5019
    },
    {
      "Rank": 42,
      "Player": "HouseOfManaMTG",
      "Points": 3,
      "Wins": 0,
      "Losses": 0,
      "Draws": 0,
      "OMWP": 0.5556,
      "GWP": 0.5,
      "OGWP": 0.5032
    },
    {
      "Rank": 41,
      "Player": "Chichotek",
      "Points": 3,
      "Wins": 0,
      "Losses": 0,
      "Draws": 0,
      "OMWP": 0.6111,
      "GWP": 0.4286,
      "OGWP": 0.5556
    },
    {
      "Rank": 40,
      "Player": "levunga21",
      "Points": 3,
      "Wins": 0,
      "Losses": 0,
      "Draws": 0,
      "OMWP": 0.625,
      "GWP": 0.4,
      "OGWP": 0.575
    },
    {
      "Rank": 39,
      "Player": "albertoSD",
      "Points": 3,
      "Wins": 0,
      "Losses": 0,
      "Draws": 0,
      "OMWP": 0.75,
      "GWP": 0.6,
      "OGWP": 0.6548
    },
    {
      "Rank": 38,
      "Player": "EdwardKenway",
      "Points": 6,
      "Wins": 0,
      "Losses": 0,
      "Draws": 0,
      "OMWP": 0.4667,
      "GWP": 0.4286,
      "OGWP": 0.4792
    },
    {
      "Rank": 37,
      "Player": "PedraStone",
      "Points": 6,
      "Wins": 0,
      "Losses": 0,
      "Draws": 0,
      "OMWP": 0.5,
      "GWP": 0.375,
      "OGWP": 0.4549
    },
    {
      "Rank": 36,
      "Player": "Caders21",
      "Points": 6,
      "Wins": 0,
      "Losses": 0,
      "Draws": 0,
      "OMWP": 0.5,
      "GWP": 0.46149999999999997,
      "OGWP": 0.4769
    },
    {
      "Rank": 35,
      "Player": "groot02",
      "Points": 6,
      "Wins": 0,
      "Losses": 0,
      "Draws": 0,
      "OMWP": 0.5278,
      "GWP": 0.4,
      "OGWP": 0.4551
    },
    {
      "Rank": 34,
      "Player": "Caleb_Yetman",
      "Points": 6,
      "Wins": 0,
      "Losses": 0,
      "Draws": 0,
      "OMWP": 0.5278,
      "GWP": 0.4375,
      "OGWP": 0.5147999999999999
    },
    {
      "Rank": 33,
      "Player": "_Siegfried",
      "Points": 6,
      "Wins": 0,
      "Losses": 0,
      "Draws": 0,
      "OMWP": 0.5832999999999999,
      "GWP": 0.4,
      "OGWP": 0.5247999999999999
    },
    {
      "Rank": 32,
      "Player": "Shulk",
      "Points": 9,
      "Wins": 0,
      "Losses": 0,
      "Draws": 0,
      "OMWP": 0.44439999999999996,
      "GWP": 0.4667,
      "OGWP": 0.4396
    },
    {
      "Rank": 31,
      "Player": "LucasG1ggs",
      "Points": 9,
      "Wins": 0,
      "Losses": 0,
      "Draws": 0,
      "OMWP": 0.44439999999999996,
      "GWP": 0.5,
      "OGWP": 0.4654
    },
    {
      "Rank": 30,
      "Player": "GzusReturned",
      "Points": 9,
      "Wins": 0,
      "Losses": 0,
      "Draws": 0,
      "OMWP": 0.4722,
      "GWP": 0.4375,
      "OGWP": 0.4733
    },
    {
      "Rank": 29,
      "Player": "Alico",
      "Points": 9,
      "Wins": 0,
      "Losses": 0,
      "Draws": 0,
      "OMWP": 0.4722,
      "GWP": 0.5,
      "OGWP": 0.441
    },
    {
      "Rank": 28,
      "Player": "LuffyDoChapeuDePalha",
      "Points": 9,
      "Wins": 0,
      "Losses": 0,
      "Draws": 0,
      "OMWP": 0.4722,
      "GWP": 0.5333,
      "OGWP": 0.48109999999999997
    },
    {
      "Rank": 27,
      "Player": "ElCucuy",
      "Points": 9,
      "Wins": 0,
      "Losses": 0,
      "Draws": 0,
      "OMWP": 0.5,
      "GWP": 0.4167,
      "OGWP": 0.48009999999999997
    },
    {
      "Rank": 26,
      "Player": "MJ_23",
      "Points": 9,
      "Wins": 0,
      "Losses": 0,
      "Draws": 0,
      "OMWP": 0.5389,
      "GWP": 0.5,
      "OGWP": 0.5088
    },
    {
      "Rank": 25,
      "Player": "Lord_Beerus",
      "Points": 9,
      "Wins": 0,
      "Losses": 0,
      "Draws": 0,
      "OMWP": 0.5556,
      "GWP": 0.4375,
      "OGWP": 0.5245000000000001
    },
    {
      "Rank": 24,
      "Player": "HEROtsukai",
      "Points": 9,
      "Wins": 0,
      "Losses": 0,
      "Draws": 0,
      "OMWP": 0.5556,
      "GWP": 0.4667,
      "OGWP": 0.5435
    },
    {
      "Rank": 23,
      "Player": "mikeleee",
      "Points": 9,
      "Wins": 0,
      "Losses": 0,
      "Draws": 0,
      "OMWP": 0.5556,
      "GWP": 0.5,
      "OGWP": 0.5217
    },
    {
      "Rank": 22,
      "Player": "blastoids",
      "Points": 9,
      "Wins": 0,
      "Losses": 0,
      "Draws": 0,
      "OMWP": 0.5832999999999999,
      "GWP": 0.5294,
      "OGWP": 0.5429999999999999
    },
    {
      "Rank": 21,
      "Player": "McWinSauce",
      "Points": 9,
      "Wins": 0,
      "Losses": 0,
      "Draws": 0,
      "OMWP": 0.6111,
      "GWP": 0.5,
      "OGWP": 0.5379
    },
    {
      "Rank": 20,
      "Player": "Wizard_2002",
      "Points": 9,
      "Wins": 0,
      "Losses": 0,
      "Draws": 0,
      "OMWP": 0.6111,
      "GWP": 0.5,
      "OGWP": 0.5539999999999999
    },
    {
      "Rank": 19,
      "Player": "claudioh",
      "Points": 12,
      "Wins": 0,
      "Losses": 0,
      "Draws": 0,
      "OMWP": 0.4167,
      "GWP": 0.5625,
      "OGWP": 0.4328
    },
    {
      "Rank": 18,
      "Player": "boom_bust",
      "Points": 12,
      "Wins": 0,
      "Losses": 0,
      "Draws": 0,
      "OMWP": 0.44439999999999996,
      "GWP": 0.5333,
      "OGWP": 0.45289999999999997
    },
    {
      "Rank": 17,
      "Player": "Lollopollo2001",
      "Points": 12,
      "Wins": 0,
      "Losses": 0,
      "Draws": 0,
      "OMWP": 0.4722,
      "GWP": 0.6,
      "OGWP": 0.4603
    },
    {
      "Rank": 16,
      "Player": "LasVegasChaos",
      "Points": 12,
      "Wins": 0,
      "Losses": 0,
      "Draws": 0,
      "OMWP": 0.5278,
      "GWP": 0.5625,
      "OGWP": 0.5218
    },
    {
      "Rank": 15,
      "Player": "karatedom",
      "Points": 12,
      "Wins": 0,
      "Losses": 0,
      "Draws": 0,
      "OMWP": 0.5389,
      "GWP": 0.5333,
      "OGWP": 0.5586
    },
    {
      "Rank": 14,
      "Player": "DrPP",
      "Points": 12,
      "Wins": 0,
      "Losses": 0,
      "Draws": 0,
      "OMWP": 0.5389,
      "GWP": 0.6429,
      "OGWP": 0.5276
    },
    {
      "Rank": 13,
      "Player": "howa",
      "Points": 12,
      "Wins": 0,
      "Losses": 0,
      "Draws": 0,
      "OMWP": 0.5556,
      "GWP": 0.6154,
      "OGWP": 0.5710000000000001
    },
    {
      "Rank": 12,
      "Player": "2345678",
      "Points": 12,
      "Wins": 0,
      "Losses": 0,
      "Draws": 0,
      "OMWP": 0.5832999999999999,
      "GWP": 0.625,
      "OGWP": 0.5333
    },
    {
      "Rank": 11,
      "Player": "O_danielakos",
      "Points": 12,
      "Wins": 0,
      "Losses": 0,
      "Draws": 0,
      "OMWP": 0.6111,
      "GWP": 0.5714,
      "OGWP": 0.5652
    },
    {
      "Rank": 10,
      "Player": "Shadowz2005",
      "Points": 12,
      "Wins": 0,
      "Losses": 0,
      "Draws": 0,
      "OMWP": 0.6111,
      "GWP": 0.5714,
      "OGWP": 0.5867
    },
    {
      "Rank": 9,
      "Player": "jakobpablo",
      "Points": 12,
      "Wins": 0,
      "Losses": 0,
      "Draws": 0,
      "OMWP": 0.6111,
      "GWP": 0.5882000000000001,
      "OGWP": 0.5611999999999999
    },
    {
      "Rank": 8,
      "Player": "VitorCarvalho01",
      "Points": 12,
      "Wins": 0,
      "Losses": 0,
      "Draws": 0,
      "OMWP": 0.6667000000000001,
      "GWP": 0.7143,
      "OGWP": 0.5693
    },
    {
      "Rank": 7,
      "Player": "Univerce",
      "Points": 15,
      "Wins": 0,
      "Losses": 0,
      "Draws": 0,
      "OMWP": 0.5278,
      "GWP": 0.6470999999999999,
      "OGWP": 0.5291
    },
    {
      "Rank": 6,
      "Player": "renatoaraujo",
      "Points": 15,
      "Wins": 0,
      "Losses": 0,
      "Draws": 0,
      "OMWP": 0.5278,
      "GWP": 0.6667000000000001,
      "OGWP": 0.5399
    },
    {
      "Rank": 5,
      "Player": "Brasatore",
      "Points": 18,
      "Wins": 0,
      "Losses": 0,
      "Draws": 0,
      "OMWP": 0.6389,
      "GWP": 0.8,
      "OGWP": 0.6015
    },
    {
      "Rank": 4,
      "Player": "gazmon48",
      "Points": 15,
      "Wins": 0,
      "Losses": 0,
      "Draws": 0,
      "OMWP": 0.6111,
      "GWP": 0.6429,
      "OGWP": 0.5667
    },
    {
      "Rank": 3,
      "Player": "deleon91",
      "Points": 18,
      "Wins": 0,
      "Losses": 0,
      "Draws": 0,
      "OMWP": 0.6111,
      "GWP": 0.7692,
      "OGWP": 0.5739
    },
    {
      "Rank": 2,
      "Player": "Beicodegeia",
      "Points": 21,
      "Wins": 0,
      "Losses": 0,
      "Draws": 0,
      "OMWP": 0.6111,
      "GWP": 0.7333,
      "OGWP": 0.5697
    },
    {
      "Rank": 1,
      "Player": "John1111",
      "Points": 24,
      "Wins": 0,
      "Losses": 0,
      "Draws": 0,
      "OMWP": 0.6944,
      "GWP": 0.7692,
      "OGWP": 0.5898
    }
  ]
}