{
  "Tournament": {
    "Id": 12803706,
    "Date": "2025-07-20T15:00:00",
    "Name": "Pioneer Challenge 32",
    "Uri": null,
    "JsonFile": null,
    "ForceRedownload": false
  },
  "Decks": null,
  "Rounds": [
    {
      "RoundName": "Round 1",
      "Matches": [
        {
          "Player1": "medvedev",
          "Player2": "PNascimento",
          "Result": "2-0-0"
        },
        {
          "Player1": "Pumdaddy6",
          "Player2": "Shulk",
          "Result": "0-2-0"
        },
        {
          "Player1": "totemsilence",
          "Player2": "ElCucuy",
          "Result": "0-0-0"
        },
        {
          "Player1": "eli2107",
          "Player2": "_Falcon_",
          "Result": "0-0-0"
        },
        {
          "Player1": "LuffyDoChapeuDePalha",
          "Player2": "andrw1232",
          "Result": "2-0-0"
        },
        {
          "Player1": "LucasG1ggs",
          "Player2": "O_danielakos",
          "Result": "2-0-0"
        },
        {
          "Player1": "MJ_23",
          "Player2": "Add1ct3d",
          "Result": "2-0-0"
        },
        {
          "Player1": "kaikas",
          "Player2": "4UBro",
          "Result": "0-0-0"
        },
        {
          "Player1": "Tsubasa_Cat",
          "Player2": "deleon91",
          "Result": "2-0-0"
        },
        {
          "Player1": "Hernan72",
          "Player2": "Brasatore",
          "Result": "2-0-0"
        },
        {
          "Player1": "rushi_00",
          "Player2": "kytk321",
          "Result": "2-0-0"
        },
        {
          "Player1": "Meltiin",
          "Player2": "Laplasjan",
          "Result": "2-0-0"
        },
        {
          "Player1": "MdvWin",
          "Player2": "luvadepedreiro",
          "Result": "0-2-0"
        },
        {
          "Player1": "arturcosta",
          "Player2": "izzy-wilde",
          "Result": "2-0-0"
        },
        {
          "Player1": "albertoSD",
          "Player2": "Venom1",
          "Result": "0-2-0"
        },
        {
          "Player1": "maytwer",
          "Player2": "elBB",
          "Result": "0-2-0"
        },
        {
          "Player1": "amaransneak",
          "Player2": "RezerDeDog",
          "Result": "2-0-0"
        },
        {
          "Player1": "Oceansoul92",
          "Player2": "alfonseelric",
          "Result": "0-2-0"
        },
        {
          "Player1": "JulioP1985",
          "Player2": "Denisevich",
          "Result": "0-0-0"
        }
      ]
    },
    {
      "RoundName": "Round 2",
      "Matches": [
        {
          "Player1": "ElCucuy",
          "Player2": "Shulk",
          "Result": "0-2-0"
        },
        {
          "Player1": "Add1ct3d",
          "Player2": "JulioP1985",
          "Result": "2-0-0"
        },
        {
          "Player1": "Meltiin",
          "Player2": "LuffyDoChapeuDePalha",
          "Result": "2-0-0"
        },
        {
          "Player1": "LucasG1ggs",
          "Player2": "alfonseelric",
          "Result": "2-0-0"
        },
        {
          "Player1": "Venom1",
          "Player2": "4UBro",
          "Result": "0-2-0"
        },
        {
          "Player1": "Hernan72",
          "Player2": "arturcosta",
          "Result": "2-0-0"
        },
        {
          "Player1": "luvadepedreiro",
          "Player2": "MJ_23",
          "Result": "0-2-0"
        },
        {
          "Player1": "rushi_00",
          "Player2": "Denisevich",
          "Result": "2-0-0"
        },
        {
          "Player1": "maytwer",
          "Player2": "PNascimento",
          "Result": "2-0-0"
        },
        {
          "Player1": "Pumdaddy6",
          "Player2": "kaikas",
          "Result": "0-2-0"
        },
        {
          "Player1": "Oceansoul92",
          "Player2": "deleon91",
          "Result": "0-2-0"
        },
        {
          "Player1": "totemsilence",
          "Player2": "MdvWin",
          "Result": "0-2-0"
        },
        {
          "Player1": "Brasatore",
          "Player2": "RezerDeDog",
          "Result": "2-0-0"
        },
        {
          "Player1": "eli2107",
          "Player2": "andrw1232",
          "Result": "2-0-0"
        },
        {
          "Player1": "Laplasjan",
          "Player2": "izzy-wilde",
          "Result": "2-0-0"
        },
        {
          "Player1": "Theagent002",
          "Player2": "elBB",
          "Result": "0-2-0"
        },
        {
          "Player1": "amaransneak",
          "Player2": "_Falcon_",
          "Result": "0-2-0"
        },
        {
          "Player1": "medvedev",
          "Player2": "Tsubasa_Cat",
          "Result": "0-2-0"
        },
        {
          "Player1": "O_danielakos",
          "Player2": "kytk321",
          "Result": "2-0-0"
        }
      ]
    },
    {
      "RoundName": "Round 3",
      "Matches": [
        {
          "Player1": "Meltiin",
          "Player2": "LucasG1ggs",
          "Result": "2-0-0"
        },
        {
          "Player1": "MdvWin",
          "Player2": "arturcosta",
          "Result": "2-0-0"
        },
        {
          "Player1": "Venom1",
          "Player2": "Laplasjan",
          "Result": "2-0-0"
        },
        {
          "Player1": "RezerDeDog",
          "Player2": "izzy-wilde",
          "Result": "2-0-0"
        },
        {
          "Player1": "_Falcon_",
          "Player2": "Shulk",
          "Result": "0-2-0"
        },
        {
          "Player1": "rushi_00",
          "Player2": "4UBro",
          "Result": "2-0-0"
        },
        {
          "Player1": "Hernan72",
          "Player2": "Tsubasa_Cat",
          "Result": "0-2-0"
        },
        {
          "Player1": "eli2107",
          "Player2": "Denisevich",
          "Result": "0-2-0"
        },
        {
          "Player1": "kytk321",
          "Player2": "Add1ct3d",
          "Result": "2-0-0"
        },
        {
          "Player1": "amaransneak",
          "Player2": "alfonseelric",
          "Result": "0-0-0"
        },
        {
          "Player1": "LuffyDoChapeuDePalha",
          "Player2": "maytwer",
          "Result": "0-0-0"
        },
        {
          "Player1": "Brasatore",
          "Player2": "medvedev",
          "Result": "2-0-0"
        },
        {
          "Player1": "ElCucuy",
          "Player2": "luvadepedreiro",
          "Result": "1-2-0"
        },
        {
          "Player1": "O_danielakos",
          "Player2": "kaikas",
          "Result": "0-2-0"
        },
        {
          "Player1": "Theagent002",
          "Player2": "deleon91",
          "Result": "2-0-0"
        },
        {
          "Player1": "MJ_23",
          "Player2": "elBB",
          "Result": "0-2-0"
        }
      ]
    },
    {
      "RoundName": "Round 4",
      "Matches": [
        {
          "Player1": "kaikas",
          "Player2": "Brasatore",
          "Result": "0-2-0"
        },
        {
          "Player1": "RezerDeDog",
          "Player2": "ElCucuy",
          "Result": "0-2-0"
        },
        {
          "Player1": "LucasG1ggs",
          "Player2": "Hernan72",
          "Result": "2-0-0"
        },
        {
          "Player1": "MJ_23",
          "Player2": "4UBro",
          "Result": "2-0-0"
        },
        {
          "Player1": "Theagent002",
          "Player2": "Meltiin",
          "Result": "2-0-0"
        },
        {
          "Player1": "O_danielakos",
          "Player2": "maytwer",
          "Result": "2-0-0"
        },
        {
          "Player1": "Add1ct3d",
          "Player2": "arturcosta",
          "Result": "2-0-0"
        },
        {
          "Player1": "medvedev",
          "Player2": "eli2107",
          "Result": "0-0-0"
        },
        {
          "Player1": "amaransneak",
          "Player2": "MdvWin",
          "Result": "0-2-0"
        },
        {
          "Player1": "Tsubasa_Cat",
          "Player2": "elBB",
          "Result": "2-0-0"
        },
        {
          "Player1": "deleon91",
          "Player2": "luvadepedreiro",
          "Result": "0-2-0"
        },
        {
          "Player1": "Venom1",
          "Player2": "LuffyDoChapeuDePalha",
          "Result": "0-2-0"
        },
        {
          "Player1": "_Falcon_",
          "Player2": "Denisevich",
          "Result": "2-0-0"
        },
        {
          "Player1": "PNascimento",
          "Player2": "alfonseelric",
          "Result": "2-0-0"
        },
        {
          "Player1": "Laplasjan",
          "Player2": "kytk321",
          "Result": "0-2-0"
        },
        {
          "Player1": "rushi_00",
          "Player2": "Shulk",
          "Result": "0-2-0"
        }
      ]
    },
    {
      "RoundName": "Round 5",
      "Matches": [
        {
          "Player1": "Hernan72",
          "Player2": "alfonseelric",
          "Result": "0-2-0"
        },
        {
          "Player1": "eli2107",
          "Player2": "kaikas",
          "Result": "0-0-0"
        },
        {
          "Player1": "Venom1",
          "Player2": "PNascimento",
          "Result": "0-0-0"
        },
        {
          "Player1": "O_danielakos",
          "Player2": "amaransneak",
          "Result": "2-0-0"
        },
        {
          "Player1": "Add1ct3d",
          "Player2": "ElCucuy",
          "Result": "0-2-0"
        },
        {
          "Player1": "medvedev",
          "Player2": "izzy-wilde",
          "Result": "0-2-0"
        },
        {
          "Player1": "Meltiin",
          "Player2": "4UBro",
          "Result": "2-0-0"
        },
        {
          "Player1": "kytk321",
          "Player2": "Denisevich",
          "Result": "0-2-0"
        },
        {
          "Player1": "LucasG1ggs",
          "Player2": "_Falcon_",
          "Result": "0-0-0"
        },
        {
          "Player1": "LuffyDoChapeuDePalha",
          "Player2": "MdvWin",
          "Result": "2-0-0"
        },
        {
          "Player1": "deleon91",
          "Player2": "arturcosta",
          "Result": "2-0-0"
        },
        {
          "Player1": "MJ_23",
          "Player2": "Brasatore",
          "Result": "0-2-0"
        },
        {
          "Player1": "Theagent002",
          "Player2": "rushi_00",
          "Result": "2-0-0"
        },
        {
          "Player1": "luvadepedreiro",
          "Player2": "elBB",
          "Result": "0-2-0"
        },
        {
          "Player1": "Tsubasa_Cat",
          "Player2": "Shulk",
          "Result": "2-0-0"
        }
      ]
    },
    {
      "RoundName": "Round 6",
      "Matches": [
        {
          "Player1": "4UBro",
          "Player2": "Hernan72",
          "Result": "2-0-0"
        },
        {
          "Player1": "Venom1",
          "Player2": "Denisevich",
          "Result": "2-0-0"
        },
        {
          "Player1": "eli2107",
          "Player2": "PNascimento",
          "Result": "2-0-0"
        },
        {
          "Player1": "Theagent002",
          "Player2": "LuffyDoChapeuDePalha",
          "Result": "0-0-0"
        },
        {
          "Player1": "LucasG1ggs",
          "Player2": "Brasatore",
          "Result": "0-2-0"
        },
        {
          "Player1": "Laplasjan",
          "Player2": "deleon91",
          "Result": "0-2-0"
        },
        {
          "Player1": "MJ_23",
          "Player2": "rushi_00",
          "Result": "2-0-0"
        },
        {
          "Player1": "_Falcon_",
          "Player2": "ElCucuy",
          "Result": "2-0-0"
        },
        {
          "Player1": "O_danielakos",
          "Player2": "MdvWin",
          "Result": "2-0-0"
        },
        {
          "Player1": "izzy-wilde",
          "Player2": "alfonseelric",
          "Result": "0-2-0"
        },
        {
          "Player1": "luvadepedreiro",
          "Player2": "kaikas",
          "Result": "0-2-0"
        },
        {
          "Player1": "Meltiin",
          "Player2": "Tsubasa_Cat",
          "Result": "0-2-0"
        },
        {
          "Player1": "elBB",
          "Player2": "Shulk",
          "Result": "0-2-0"
        }
      ]
    },
    {
      "RoundName": "Round 7",
      "Matches": [
        {
          "Player1": "MJ_23",
          "Player2": "Tsubasa_Cat",
          "Result": "0-0-0"
        },
        {
          "Player1": "Brasatore",
          "Player2": "elBB",
          "Result": "0-2-0"
        },
        {
          "Player1": "Theagent002",
          "Player2": "Meltiin",
          "Result": "2-0-0"
        },
        {
          "Player1": "Shulk",
          "Player2": "LucasG1ggs",
          "Result": "0-2-0"
        }
      ]
    },
    {
      "RoundName": "Round 8",
      "Matches": [
        {
          "Player1": "Theagent002",
          "Player2": "LucasG1ggs",
          "Result": "0-2-0"
        },
        {
          "Player1": "Tsubasa_Cat",
          "Player2": "elBB",
          "Result": "0-2-0"
        }
      ]
    },
    {
      "RoundName": "Round 9",
      "Matches": [
        {
          "Player1": "LucasG1ggs",
          "Player2": "elBB",
          "Result": "2-0-0"
        }
      ]
    }
  ],
  "Standings": [
    {
      "Rank": 39,
      "Player": "JulioP1985",
      "Points": 0,
      "Wins": 0,
      "Losses": 0,
      "Draws": 0,
      "OMWP": 0.5,
      "GWP": 0,
      "OGWP": 0.5167
    },
    {
      "Rank": 38,
      "Player": "totemsilence",
      "Points": 0,
      "Wins": 0,
      "Losses": 0,
      "Draws": 0,
      "OMWP": 0.5,
      "GWP": 0.2,
      "OGWP": 0.5333
    },
    {
      "Rank": 37,
      "Player": "Oceansoul92",
      "Points": 0,
      "Wins": 0,
      "Losses": 0,
      "Draws": 0,
      "OMWP": 0.5,
      "GWP": 0.2,
      "OGWP": 0.5359
    },
    {
      "Rank": 36,
      "Player": "andrw1232",
      "Points": 0,
      "Wins": 0,
      "Losses": 0,
      "Draws": 0,
      "OMWP": 0.5832999999999999,
      "GWP": 0.3333,
      "OGWP": 0.5045000000000001
    },
    {
      "Rank": 35,
      "Player": "albertoSD",
      "Points": 0,
      "Wins": 0,
      "Losses": 0,
      "Draws": 0,
      "OMWP": 0.6667000000000001,
      "GWP": 0.3333,
      "OGWP": 0.5333
    },
    {
      "Rank": 34,
      "Player": "Pumdaddy6",
      "Points": 0,
      "Wins": 0,
      "Losses": 0,
      "Draws": 0,
      "OMWP": 0.75,
      "GWP": 0.3333,
      "OGWP": 0.6146
    },
    {
      "Rank": 33,
      "Player": "arturcosta",
      "Points": 3,
      "Wins": 0,
      "Losses": 0,
      "Draws": 0,
      "OMWP": 0.43329999999999996,
      "GWP": 0.3333,
      "OGWP": 0.44770000000000004
    },
    {
      "Rank": 32,
      "Player": "RezerDeDog",
      "Points": 3,
      "Wins": 0,
      "Losses": 0,
      "Draws": 0,
      "OMWP": 0.5167,
      "GWP": 0.3636,
      "OGWP": 0.4719
    },
    {
      "Rank": 31,
      "Player": "maytwer",
      "Points": 3,
      "Wins": 0,
      "Losses": 0,
      "Draws": 0,
      "OMWP": 0.5832999999999999,
      "GWP": 0.4167,
      "OGWP": 0.5408
    },
    {
      "Rank": 30,
      "Player": "medvedev",
      "Points": 3,
      "Wins": 0,
      "Losses": 0,
      "Draws": 0,
      "OMWP": 0.6,
      "GWP": 0.25,
      "OGWP": 0.545
    },
    {
      "Rank": 29,
      "Player": "izzy-wilde",
      "Points": 6,
      "Wins": 0,
      "Losses": 0,
      "Draws": 0,
      "OMWP": 0.3667,
      "GWP": 0.3333,
      "OGWP": 0.37939999999999996
    },
    {
      "Rank": 28,
      "Player": "PNascimento",
      "Points": 6,
      "Wins": 0,
      "Losses": 0,
      "Draws": 0,
      "OMWP": 0.4667,
      "GWP": 0.4667,
      "OGWP": 0.4508
    },
    {
      "Rank": 27,
      "Player": "kytk321",
      "Points": 6,
      "Wins": 0,
      "Losses": 0,
      "Draws": 0,
      "OMWP": 0.5,
      "GWP": 0.46149999999999997,
      "OGWP": 0.4917
    },
    {
      "Rank": 26,
      "Player": "Laplasjan",
      "Points": 6,
      "Wins": 0,
      "Losses": 0,
      "Draws": 0,
      "OMWP": 0.5133,
      "GWP": 0.3333,
      "OGWP": 0.491
    },
    {
      "Rank": 25,
      "Player": "amaransneak",
      "Points": 6,
      "Wins": 0,
      "Losses": 0,
      "Draws": 0,
      "OMWP": 0.5333,
      "GWP": 0.3333,
      "OGWP": 0.5318999999999999
    },
    {
      "Rank": 24,
      "Player": "Hernan72",
      "Points": 6,
      "Wins": 0,
      "Losses": 0,
      "Draws": 0,
      "OMWP": 0.6389,
      "GWP": 0.3333,
      "OGWP": 0.5903
    },
    {
      "Rank": 23,
      "Player": "alfonseelric",
      "Points": 9,
      "Wins": 0,
      "Losses": 0,
      "Draws": 0,
      "OMWP": 0.4,
      "GWP": 0.5333,
      "OGWP": 0.4042
    },
    {
      "Rank": 22,
      "Player": "Add1ct3d",
      "Points": 9,
      "Wins": 0,
      "Losses": 0,
      "Draws": 0,
      "OMWP": 0.44670000000000004,
      "GWP": 0.5,
      "OGWP": 0.4434
    },
    {
      "Rank": 21,
      "Player": "eli2107",
      "Points": 9,
      "Wins": 0,
      "Losses": 0,
      "Draws": 0,
      "OMWP": 0.4722,
      "GWP": 0.4375,
      "OGWP": 0.4826
    },
    {
      "Rank": 20,
      "Player": "MdvWin",
      "Points": 9,
      "Wins": 0,
      "Losses": 0,
      "Draws": 0,
      "OMWP": 0.4833,
      "GWP": 0.5333,
      "OGWP": 0.4439
    },
    {
      "Rank": 19,
      "Player": "Denisevich",
      "Points": 9,
      "Wins": 0,
      "Losses": 0,
      "Draws": 0,
      "OMWP": 0.5111,
      "GWP": 0.5333,
      "OGWP": 0.4936
    },
    {
      "Rank": 18,
      "Player": "ElCucuy",
      "Points": 9,
      "Wins": 0,
      "Losses": 0,
      "Draws": 0,
      "OMWP": 0.5278,
      "GWP": 0.5333,
      "OGWP": 0.51
    },
    {
      "Rank": 17,
      "Player": "deleon91",
      "Points": 9,
      "Wins": 0,
      "Losses": 0,
      "Draws": 0,
      "OMWP": 0.5556,
      "GWP": 0.5385,
      "OGWP": 0.5036
    },
    {
      "Rank": 16,
      "Player": "luvadepedreiro",
      "Points": 9,
      "Wins": 0,
      "Losses": 0,
      "Draws": 0,
      "OMWP": 0.5832999999999999,
      "GWP": 0.5294,
      "OGWP": 0.5476
    },
    {
      "Rank": 15,
      "Player": "4UBro",
      "Points": 9,
      "Wins": 0,
      "Losses": 0,
      "Draws": 0,
      "OMWP": 0.5832999999999999,
      "GWP": 0.5625,
      "OGWP": 0.5171
    },
    {
      "Rank": 14,
      "Player": "rushi_00",
      "Points": 9,
      "Wins": 0,
      "Losses": 0,
      "Draws": 0,
      "OMWP": 0.6222,
      "GWP": 0.5294,
      "OGWP": 0.5787
    },
    {
      "Rank": 13,
      "Player": "Venom1",
      "Points": 12,
      "Wins": 0,
      "Losses": 0,
      "Draws": 0,
      "OMWP": 0.44439999999999996,
      "GWP": 0.5333,
      "OGWP": 0.4668
    },
    {
      "Rank": 12,
      "Player": "O_danielakos",
      "Points": 12,
      "Wins": 0,
      "Losses": 0,
      "Draws": 0,
      "OMWP": 0.49439999999999995,
      "GWP": 0.5625,
      "OGWP": 0.48869999999999997
    },
    {
      "Rank": 11,
      "Player": "kaikas",
      "Points": 12,
      "Wins": 0,
      "Losses": 0,
      "Draws": 0,
      "OMWP": 0.5556,
      "GWP": 0.5625,
      "OGWP": 0.5188
    },
    {
      "Rank": 10,
      "Player": "LuffyDoChapeuDePalha",
      "Points": 12,
      "Wins": 0,
      "Losses": 0,
      "Draws": 0,
      "OMWP": 0.5556,
      "GWP": 0.5714,
      "OGWP": 0.5162
    },
    {
      "Rank": 9,
      "Player": "_Falcon_",
      "Points": 12,
      "Wins": 0,
      "Losses": 0,
      "Draws": 0,
      "OMWP": 0.5667,
      "GWP": 0.6667000000000001,
      "OGWP": 0.5215
    },
    {
      "Rank": 8,
      "Player": "MJ_23",
      "Points": 12,
      "Wins": 0,
      "Losses": 0,
      "Draws": 0,
      "OMWP": 0.5832999999999999,
      "GWP": 0.5556,
      "OGWP": 0.5619
    },
    {
      "Rank": 7,
      "Player": "Meltiin",
      "Points": 12,
      "Wins": 0,
      "Losses": 0,
      "Draws": 0,
      "OMWP": 0.6667000000000001,
      "GWP": 0.5882000000000001,
      "OGWP": 0.5974
    },
    {
      "Rank": 6,
      "Player": "Brasatore",
      "Points": 15,
      "Wins": 0,
      "Losses": 0,
      "Draws": 0,
      "OMWP": 0.5,
      "GWP": 0.6875,
      "OGWP": 0.4622
    },
    {
      "Rank": 5,
      "Player": "Shulk",
      "Points": 15,
      "Wins": 0,
      "Losses": 0,
      "Draws": 0,
      "OMWP": 0.6111,
      "GWP": 0.6667000000000001,
      "OGWP": 0.5709000000000001
    },
    {
      "Rank": 4,
      "Player": "Theagent002",
      "Points": 18,
      "Wins": 0,
      "Losses": 0,
      "Draws": 0,
      "OMWP": 0.6,
      "GWP": 0.6923,
      "OGWP": 0.5579999999999999
    },
    {
      "Rank": 3,
      "Player": "Tsubasa_Cat",
      "Points": 21,
      "Wins": 0,
      "Losses": 0,
      "Draws": 0,
      "OMWP": 0.5556,
      "GWP": 0.8,
      "OGWP": 0.5038
    },
    {
      "Rank": 2,
      "Player": "elBB",
      "Points": 18,
      "Wins": 0,
      "Losses": 0,
      "Draws": 0,
      "OMWP": 0.6944,
      "GWP": 0.5625,
      "OGWP": 0.6101
    },
    {
      "Rank": 1,
      "Player": "LucasG1ggs",
      "Points": 21,
      "Wins": 0,
      "Losses": 0,
      "Draws": 0,
      "OMWP": 0.6111,
      "GWP": 0.625,
      "OGWP": 0.5619
    }
  ]
}