{
  "Tournament": {
    "Id": 12803702,
    "Date": "2025-07-20T09:00:00",
    "Name": "Vintage Challenge 32",
    "Uri": null,
    "JsonFile": null,
    "ForceRedownload": false
  },
  "Decks": null,
  "Rounds": [
    {
      "RoundName": "Round 1",
      "Matches": [
        {
          "Player1": "Alico",
          "Player2": "John1111",
          "Result": "2-0-0"
        },
        {
          "Player1": "AFX",
          "Player2": "bless_von",
          "Result": "0-2-0"
        },
        {
          "Player1": "-Vidar-",
          "Player2": "KingSedris",
          "Result": "0-2-0"
        },
        {
          "Player1": "TricksterGod",
          "Player2": "_Shikamaru_",
          "Result": "0-2-0"
        },
        {
          "Player1": "jez_organix",
          "Player2": "Filly",
          "Result": "0-2-0"
        },
        {
          "Player1": "medvedev",
          "Player2": "_Shatun_",
          "Result": "2-0-0"
        },
        {
          "Player1": "Terminus0",
          "Player2": "RikRin",
          "Result": "0-2-0"
        },
        {
          "Player1": "DrPP",
          "Player2": "izzy-wilde",
          "Result": "2-0-0"
        },
        {
          "Player1": "Zero_mana",
          "Player2": "Molimo1987",
          "Result": "0-0-0"
        },
        {
          "Player1": "missflood",
          "Player2": "Munchlax446",
          "Result": "0-2-0"
        },
        {
          "Player1": "adm29",
          "Player2": "crK",
          "Result": "0-2-0"
        },
        {
          "Player1": "desolutionist",
          "Player2": "DB_bhobbsie",
          "Result": "2-0-0"
        },
        {
          "Player1": "s063",
          "Player2": "Tsubasa_Cat",
          "Result": "0-2-0"
        },
        {
          "Player1": "oosunq",
          "Player2": "_dr4gun0v_",
          "Result": "2-0-0"
        },
        {
          "Player1": "albertoSD",
          "Player2": "blackdecks99",
          "Result": "0-2-0"
        },
        {
          "Player1": "SingPanMan",
          "Player2": "choutin",
          "Result": "0-2-0"
        }
      ]
    },
    {
      "RoundName": "Round 2",
      "Matches": [
        {
          "Player1": "Terminus0",
          "Player2": "missflood",
          "Result": "2-0-0"
        },
        {
          "Player1": "medvedev",
          "Player2": "Zero_mana",
          "Result": "2-0-0"
        },
        {
          "Player1": "jez_organix",
          "Player2": "izzy-wilde",
          "Result": "0-2-0"
        },
        {
          "Player1": "adm29",
          "Player2": "Molimo1987",
          "Result": "2-0-0"
        },
        {
          "Player1": "desolutionist",
          "Player2": "Filly",
          "Result": "2-0-0"
        },
        {
          "Player1": "DrPP",
          "Player2": "choutin",
          "Result": "2-1-0"
        },
        {
          "Player1": "oosunq",
          "Player2": "bless_von",
          "Result": "0-2-0"
        },
        {
          "Player1": "AFX",
          "Player2": "John1111",
          "Result": "0-2-0"
        },
        {
          "Player1": "albertoSD",
          "Player2": "-Vidar-",
          "Result": "0-2-0"
        },
        {
          "Player1": "Alico",
          "Player2": "_Shikamaru_",
          "Result": "2-0-0"
        },
        {
          "Player1": "SingPanMan",
          "Player2": "DB_bhobbsie",
          "Result": "2-1-0"
        },
        {
          "Player1": "s063",
          "Player2": "_dr4gun0v_",
          "Result": "0-2-0"
        },
        {
          "Player1": "blackdecks99",
          "Player2": "Tsubasa_Cat",
          "Result": "0-2-0"
        },
        {
          "Player1": "_Shatun_",
          "Player2": "TricksterGod",
          "Result": "2-0-0"
        },
        {
          "Player1": "RikRin",
          "Player2": "KingSedris",
          "Result": "2-0-0"
        },
        {
          "Player1": "crK",
          "Player2": "Munchlax446",
          "Result": "2-0-0"
        }
      ]
    },
    {
      "RoundName": "Round 3",
      "Matches": [
        {
          "Player1": "adm29",
          "Player2": "KingSedris",
          "Result": "0-2-0"
        },
        {
          "Player1": "Tsubasa_Cat",
          "Player2": "Alico",
          "Result": "2-0-0"
        },
        {
          "Player1": "bless_von",
          "Player2": "DrPP",
          "Result": "0-2-0"
        },
        {
          "Player1": "Munchlax446",
          "Player2": "_Shikamaru_",
          "Result": "0-2-0"
        },
        {
          "Player1": "blackdecks99",
          "Player2": "Terminus0",
          "Result": "0-2-0"
        },
        {
          "Player1": "AFX",
          "Player2": "Molimo1987",
          "Result": "2-0-0"
        },
        {
          "Player1": "jez_organix",
          "Player2": "TricksterGod",
          "Result": "2-0-0"
        },
        {
          "Player1": "John1111",
          "Player2": "_dr4gun0v_",
          "Result": "2-0-0"
        },
        {
          "Player1": "-Vidar-",
          "Player2": "choutin",
          "Result": "2-0-0"
        },
        {
          "Player1": "_Shatun_",
          "Player2": "Zero_mana",
          "Result": "2-0-0"
        },
        {
          "Player1": "medvedev",
          "Player2": "RikRin",
          "Result": "2-0-0"
        },
        {
          "Player1": "oosunq",
          "Player2": "Filly",
          "Result": "2-0-0"
        },
        {
          "Player1": "desolutionist",
          "Player2": "crK",
          "Result": "2-0-0"
        },
        {
          "Player1": "SingPanMan",
          "Player2": "izzy-wilde",
          "Result": "0-0-0"
        }
      ]
    },
    {
      "RoundName": "Round 4",
      "Matches": [
        {
          "Player1": "medvedev",
          "Player2": "DrPP",
          "Result": "0-2-0"
        },
        {
          "Player1": "adm29",
          "Player2": "Zero_mana",
          "Result": "0-2-0"
        },
        {
          "Player1": "_Shatun_",
          "Player2": "RikRin",
          "Result": "2-0-0"
        },
        {
          "Player1": "_dr4gun0v_",
          "Player2": "Munchlax446",
          "Result": "2-0-0"
        },
        {
          "Player1": "AFX",
          "Player2": "TricksterGod",
          "Result": "2-0-0"
        },
        {
          "Player1": "John1111",
          "Player2": "_Shikamaru_",
          "Result": "0-2-0"
        },
        {
          "Player1": "crK",
          "Player2": "Alico",
          "Result": "0-2-0"
        },
        {
          "Player1": "bless_von",
          "Player2": "izzy-wilde",
          "Result": "0-2-0"
        },
        {
          "Player1": "oosunq",
          "Player2": "KingSedris",
          "Result": "0-0-0"
        },
        {
          "Player1": "-Vidar-",
          "Player2": "Terminus0",
          "Result": "0-2-0"
        },
        {
          "Player1": "jez_organix",
          "Player2": "choutin",
          "Result": "0-2-0"
        },
        {
          "Player1": "Filly",
          "Player2": "SingPanMan",
          "Result": "0-2-0"
        },
        {
          "Player1": "desolutionist",
          "Player2": "Tsubasa_Cat",
          "Result": "0-0-0"
        }
      ]
    },
    {
      "RoundName": "Round 5",
      "Matches": [
        {
          "Player1": "medvedev",
          "Player2": "Terminus0",
          "Result": "2-0-0"
        },
        {
          "Player1": "izzy-wilde",
          "Player2": "_Shikamaru_",
          "Result": "0-2-0"
        },
        {
          "Player1": "KingSedris",
          "Player2": "Alico",
          "Result": "0-2-0"
        },
        {
          "Player1": "crK",
          "Player2": "choutin",
          "Result": "2-0-0"
        },
        {
          "Player1": "oosunq",
          "Player2": "-Vidar-",
          "Result": "0-2-0"
        },
        {
          "Player1": "adm29",
          "Player2": "_dr4gun0v_",
          "Result": "2-0-0"
        },
        {
          "Player1": "AFX",
          "Player2": "RikRin",
          "Result": "0-2-0"
        },
        {
          "Player1": "SingPanMan",
          "Player2": "Zero_mana",
          "Result": "2-0-0"
        },
        {
          "Player1": "_Shatun_",
          "Player2": "Tsubasa_Cat",
          "Result": "0-2-0"
        },
        {
          "Player1": "jez_organix",
          "Player2": "Munchlax446",
          "Result": "0-2-0"
        },
        {
          "Player1": "bless_von",
          "Player2": "John1111",
          "Result": "0-2-0"
        },
        {
          "Player1": "desolutionist",
          "Player2": "DrPP",
          "Result": "0-2-0"
        }
      ]
    },
    {
      "RoundName": "Round 6",
      "Matches": [
        {
          "Player1": "medvedev",
          "Player2": "_Shikamaru_",
          "Result": "2-0-0"
        },
        {
          "Player1": "Alico",
          "Player2": "izzy-wilde",
          "Result": "2-0-0"
        },
        {
          "Player1": "RikRin",
          "Player2": "DrPP",
          "Result": "0-2-0"
        },
        {
          "Player1": "desolutionist",
          "Player2": "Tsubasa_Cat",
          "Result": "0-2-0"
        }
      ]
    },
    {
      "RoundName": "Round 7",
      "Matches": [
        {
          "Player1": "Tsubasa_Cat",
          "Player2": "DrPP",
          "Result": "0-2-0"
        },
        {
          "Player1": "medvedev",
          "Player2": "Alico",
          "Result": "2-0-0"
        }
      ]
    },
    {
      "RoundName": "Round 8",
      "Matches": [
        {
          "Player1": "medvedev",
          "Player2": "DrPP",
          "Result": "0-2-0"
        }
      ]
    }
  ],
  "Standings": [
    {
      "Rank": 32,
      "Player": "albertoSD",
      "Points": 0,
      "Wins": 0,
      "Losses": 0,
      "Draws": 0,
      "OMWP": 0.4667,
      "GWP": 0.2,
      "OGWP": 0.43939999999999996
    },
    {
      "Rank": 31,
      "Player": "missflood",
      "Points": 0,
      "Wins": 0,
      "Losses": 0,
      "Draws": 0,
      "OMWP": 0.5,
      "GWP": 0,
      "OGWP": 0.5333
    },
    {
      "Rank": 30,
      "Player": "s063",
      "Points": 0,
      "Wins": 0,
      "Losses": 0,
      "Draws": 0,
      "OMWP": 0.6,
      "GWP": 0,
      "OGWP": 0.625
    },
    {
      "Rank": 29,
      "Player": "DB_bhobbsie",
      "Points": 0,
      "Wins": 0,
      "Losses": 0,
      "Draws": 0,
      "OMWP": 0.7,
      "GWP": 0.2,
      "OGWP": 0.6026
    },
    {
      "Rank": 28,
      "Player": "Molimo1987",
      "Points": 3,
      "Wins": 0,
      "Losses": 0,
      "Draws": 0,
      "OMWP": 0.4,
      "GWP": 0.3333,
      "OGWP": 0.46340000000000003
    },
    {
      "Rank": 27,
      "Player": "jez_organix",
      "Points": 3,
      "Wins": 0,
      "Losses": 0,
      "Draws": 0,
      "OMWP": 0.4133,
      "GWP": 0.1818,
      "OGWP": 0.4119
    },
    {
      "Rank": 26,
      "Player": "TricksterGod",
      "Points": 3,
      "Wins": 0,
      "Losses": 0,
      "Draws": 0,
      "OMWP": 0.5333,
      "GWP": 0.2727,
      "OGWP": 0.5304
    },
    {
      "Rank": 25,
      "Player": "Filly",
      "Points": 3,
      "Wins": 0,
      "Losses": 0,
      "Draws": 0,
      "OMWP": 0.5333,
      "GWP": 0.3333,
      "OGWP": 0.5096
    },
    {
      "Rank": 24,
      "Player": "blackdecks99",
      "Points": 3,
      "Wins": 0,
      "Losses": 0,
      "Draws": 0,
      "OMWP": 0.5778,
      "GWP": 0.2857,
      "OGWP": 0.5832999999999999
    },
    {
      "Rank": 23,
      "Player": "_dr4gun0v_",
      "Points": 6,
      "Wins": 0,
      "Losses": 0,
      "Draws": 0,
      "OMWP": 0.4267,
      "GWP": 0.5,
      "OGWP": 0.439
    },
    {
      "Rank": 22,
      "Player": "AFX",
      "Points": 6,
      "Wins": 0,
      "Losses": 0,
      "Draws": 0,
      "OMWP": 0.4533,
      "GWP": 0.5,
      "OGWP": 0.4267
    },
    {
      "Rank": 21,
      "Player": "adm29",
      "Points": 6,
      "Wins": 0,
      "Losses": 0,
      "Draws": 0,
      "OMWP": 0.4667,
      "GWP": 0.46149999999999997,
      "OGWP": 0.48450000000000004
    },
    {
      "Rank": 20,
      "Player": "oosunq",
      "Points": 6,
      "Wins": 0,
      "Losses": 0,
      "Draws": 0,
      "OMWP": 0.4667,
      "GWP": 0.5,
      "OGWP": 0.49219999999999997
    },
    {
      "Rank": 19,
      "Player": "Munchlax446",
      "Points": 6,
      "Wins": 0,
      "Losses": 0,
      "Draws": 0,
      "OMWP": 0.49329999999999996,
      "GWP": 0.4,
      "OGWP": 0.4924
    },
    {
      "Rank": 18,
      "Player": "Zero_mana",
      "Points": 6,
      "Wins": 0,
      "Losses": 0,
      "Draws": 0,
      "OMWP": 0.5467,
      "GWP": 0.4286,
      "OGWP": 0.5077
    },
    {
      "Rank": 17,
      "Player": "bless_von",
      "Points": 6,
      "Wins": 0,
      "Losses": 0,
      "Draws": 0,
      "OMWP": 0.6,
      "GWP": 0.4667,
      "OGWP": 0.5744
    },
    {
      "Rank": 16,
      "Player": "choutin",
      "Points": 6,
      "Wins": 0,
      "Losses": 0,
      "Draws": 0,
      "OMWP": 0.6267,
      "GWP": 0.4545,
      "OGWP": 0.5592
    },
    {
      "Rank": 15,
      "Player": "SingPanMan",
      "Points": 9,
      "Wins": 0,
      "Losses": 0,
      "Draws": 0,
      "OMWP": 0.4133,
      "GWP": 0.5385,
      "OGWP": 0.41759999999999997
    },
    {
      "Rank": 14,
      "Player": "-Vidar-",
      "Points": 9,
      "Wins": 0,
      "Losses": 0,
      "Draws": 0,
      "OMWP": 0.4667,
      "GWP": 0.5455,
      "OGWP": 0.514
    },
    {
      "Rank": 13,
      "Player": "Terminus0",
      "Points": 9,
      "Wins": 0,
      "Losses": 0,
      "Draws": 0,
      "OMWP": 0.5333,
      "GWP": 0.6667000000000001,
      "OGWP": 0.4758
    },
    {
      "Rank": 12,
      "Player": "John1111",
      "Points": 9,
      "Wins": 0,
      "Losses": 0,
      "Draws": 0,
      "OMWP": 0.56,
      "GWP": 0.5,
      "OGWP": 0.5767
    },
    {
      "Rank": 11,
      "Player": "crK",
      "Points": 9,
      "Wins": 0,
      "Losses": 0,
      "Draws": 0,
      "OMWP": 0.56,
      "GWP": 0.5455,
      "OGWP": 0.5299
    },
    {
      "Rank": 10,
      "Player": "KingSedris",
      "Points": 9,
      "Wins": 0,
      "Losses": 0,
      "Draws": 0,
      "OMWP": 0.56,
      "GWP": 0.6154,
      "OGWP": 0.5347
    },
    {
      "Rank": 9,
      "Player": "_Shatun_",
      "Points": 9,
      "Wins": 0,
      "Losses": 0,
      "Draws": 0,
      "OMWP": 0.5867,
      "GWP": 0.5385,
      "OGWP": 0.5357
    },
    {
      "Rank": 8,
      "Player": "RikRin",
      "Points": 9,
      "Wins": 0,
      "Losses": 0,
      "Draws": 0,
      "OMWP": 0.6,
      "GWP": 0.5,
      "OGWP": 0.5974
    },
    {
      "Rank": 7,
      "Player": "izzy-wilde",
      "Points": 9,
      "Wins": 0,
      "Losses": 0,
      "Draws": 0,
      "OMWP": 0.6267,
      "GWP": 0.5385,
      "OGWP": 0.5844
    },
    {
      "Rank": 6,
      "Player": "_Shikamaru_",
      "Points": 12,
      "Wins": 0,
      "Losses": 0,
      "Draws": 0,
      "OMWP": 0.5467,
      "GWP": 0.75,
      "OGWP": 0.4877
    },
    {
      "Rank": 5,
      "Player": "desolutionist",
      "Points": 12,
      "Wins": 0,
      "Losses": 0,
      "Draws": 0,
      "OMWP": 0.6133,
      "GWP": 0.6667000000000001,
      "OGWP": 0.5590999999999999
    },
    {
      "Rank": 4,
      "Player": "Tsubasa_Cat",
      "Points": 15,
      "Wins": 0,
      "Losses": 0,
      "Draws": 0,
      "OMWP": 0.5733,
      "GWP": 0.75,
      "OGWP": 0.5077
    },
    {
      "Rank": 3,
      "Player": "Alico",
      "Points": 15,
      "Wins": 0,
      "Losses": 0,
      "Draws": 0,
      "OMWP": 0.68,
      "GWP": 0.6667000000000001,
      "OGWP": 0.6322
    },
    {
      "Rank": 2,
      "Player": "medvedev",
      "Points": 18,
      "Wins": 0,
      "Losses": 0,
      "Draws": 0,
      "OMWP": 0.64,
      "GWP": 0.6667000000000001,
      "OGWP": 0.5934
    },
    {
      "Rank": 1,
      "Player": "DrPP",
      "Points": 24,
      "Wins": 0,
      "Losses": 0,
      "Draws": 0,
      "OMWP": 0.6,
      "GWP": 0.8332999999999999,
      "OGWP": 0.5586
    }
  ]
}