{
  "Tournament": {
    "Id": 12803682,
    "Date": "2025-07-18T21:00:00",
    "Name": "Duel Commander Trial 16",
    "Uri": null,
    "JsonFile": null,
    "ForceRedownload": false
  },
  "Decks": null,
  "Rounds": [
    {
      "RoundName": "Round 1",
      "Matches": [
        {
          "Player1": "ZacharyHaleComstock",
          "Player2": "josetorr87",
          "Result": "2-0-0"
        },
        {
          "Player1": "Beicodegeia",
          "Player2": "yriel",
          "Result": "0-2-0"
        },
        {
          "Player1": "glyra",
          "Player2": "Marmotte_Lambda",
          "Result": "0-2-0"
        },
        {
          "Player1": "Gonito",
          "Player2": "wcl",
          "Result": "0-2-0"
        },
        {
          "Player1": "bernardocssa",
          "Player2": "Erlinska",
          "Result": "0-2-0"
        },
        {
          "Player1": "DarkBone",
          "Player2": "TVAmaral",
          "Result": "2-0-0"
        },
        {
          "Player1": "i_b_TRUE",
          "Player2": "Pernobyl",
          "Result": "0-2-0"
        },
        {
          "Player1": "ovmlcabrera",
          "Player2": "Salvatto",
          "Result": "2-0-0"
        },
        {
          "Player1": "Jose Guillermo",
          "Player2": "etazazer",
          "Result": "2-0-0"
        },
        {
          "Player1": "Beekeeper",
          "Player2": "BeoulveHeart",
          "Result": "2-0-0"
        },
        {
          "Player1": "shrek001",
          "Player2": "pat0presidente",
          "Result": "2-0-0"
        },
        {
          "Player1": "sebastianpozzo",
          "Player2": "GuiBonella",
          "Result": "2-0-0"
        }
      ]
    },
    {
      "RoundName": "Round 2",
      "Matches": [
        {
          "Player1": "ovmlcabrera",
          "Player2": "shrek001",
          "Result": "0-2-0"
        },
        {
          "Player1": "pat0presidente",
          "Player2": "i_b_TRUE",
          "Result": "0-2-0"
        },
        {
          "Player1": "Beekeeper",
          "Player2": "wcl",
          "Result": "0-2-0"
        },
        {
          "Player1": "josetorr87",
          "Player2": "TVAmaral",
          "Result": "0-2-0"
        },
        {
          "Player1": "Erlinska",
          "Player2": "Marmotte_Lambda",
          "Result": "0-2-0"
        },
        {
          "Player1": "glyra",
          "Player2": "GuiBonella",
          "Result": "2-0-0"
        },
        {
          "Player1": "ZacharyHaleComstock",
          "Player2": "yriel",
          "Result": "1-2-0"
        },
        {
          "Player1": "Jose Guillermo",
          "Player2": "DarkBone",
          "Result": "0-2-0"
        },
        {
          "Player1": "Salvatto",
          "Player2": "Gonito",
          "Result": "0-2-0"
        },
        {
          "Player1": "bernardocssa",
          "Player2": "Beicodegeia",
          "Result": "0-2-0"
        },
        {
          "Player1": "sebastianpozzo",
          "Player2": "Pernobyl",
          "Result": "2-0-0"
        },
        {
          "Player1": "etazazer",
          "Player2": "BeoulveHeart",
          "Result": "0-2-0"
        }
      ]
    },
    {
      "RoundName": "Round 3",
      "Matches": [
        {
          "Player1": "i_b_TRUE",
          "Player2": "Beekeeper",
          "Result": "0-2-0"
        },
        {
          "Player1": "ovmlcabrera",
          "Player2": "Pernobyl",
          "Result": "2-0-0"
        },
        {
          "Player1": "DarkBone",
          "Player2": "wcl",
          "Result": "0-2-0"
        },
        {
          "Player1": "etazazer",
          "Player2": "GuiBonella",
          "Result": "0-2-0"
        },
        {
          "Player1": "shrek001",
          "Player2": "Marmotte_Lambda",
          "Result": "0-2-0"
        },
        {
          "Player1": "pat0presidente",
          "Player2": "Salvatto",
          "Result": "0-2-0"
        },
        {
          "Player1": "TVAmaral",
          "Player2": "Beicodegeia",
          "Result": "2-0-0"
        },
        {
          "Player1": "sebastianpozzo",
          "Player2": "yriel",
          "Result": "0-2-0"
        },
        {
          "Player1": "ZacharyHaleComstock",
          "Player2": "BeoulveHeart",
          "Result": "0-2-0"
        },
        {
          "Player1": "Erlinska",
          "Player2": "Gonito",
          "Result": "0-0-0"
        },
        {
          "Player1": "Jose Guillermo",
          "Player2": "glyra",
          "Result": "2-0-0"
        }
      ]
    },
    {
      "RoundName": "Round 4",
      "Matches": [
        {
          "Player1": "Marmotte_Lambda",
          "Player2": "wcl",
          "Result": "2-0-0"
        },
        {
          "Player1": "Pernobyl",
          "Player2": "Gonito",
          "Result": "0-2-0"
        },
        {
          "Player1": "Jose Guillermo",
          "Player2": "shrek001",
          "Result": "2-0-0"
        },
        {
          "Player1": "ovmlcabrera",
          "Player2": "DarkBone",
          "Result": "0-2-0"
        },
        {
          "Player1": "Beekeeper",
          "Player2": "yriel",
          "Result": "2-0-0"
        },
        {
          "Player1": "bernardocssa",
          "Player2": "pat0presidente",
          "Result": "2-0-0"
        },
        {
          "Player1": "Beicodegeia",
          "Player2": "glyra",
          "Result": "0-2-0"
        },
        {
          "Player1": "i_b_TRUE",
          "Player2": "ZacharyHaleComstock",
          "Result": "2-0-0"
        },
        {
          "Player1": "sebastianpozzo",
          "Player2": "BeoulveHeart",
          "Result": "2-0-0"
        },
        {
          "Player1": "Erlinska",
          "Player2": "TVAmaral",
          "Result": "2-0-0"
        },
        {
          "Player1": "Salvatto",
          "Player2": "GuiBonella",
          "Result": "2-0-0"
        }
      ]
    },
    {
      "RoundName": "Round 5",
      "Matches": [
        {
          "Player1": "Jose Guillermo",
          "Player2": "yriel",
          "Result": "0-2-0"
        },
        {
          "Player1": "shrek001",
          "Player2": "Salvatto",
          "Result": "0-2-0"
        },
        {
          "Player1": "GuiBonella",
          "Player2": "BeoulveHeart",
          "Result": "2-0-0"
        },
        {
          "Player1": "Erlinska",
          "Player2": "wcl",
          "Result": "2-0-0"
        },
        {
          "Player1": "Gonito",
          "Player2": "TVAmaral",
          "Result": "2-0-0"
        },
        {
          "Player1": "i_b_TRUE",
          "Player2": "glyra",
          "Result": "0-2-0"
        },
        {
          "Player1": "sebastianpozzo",
          "Player2": "Marmotte_Lambda",
          "Result": "0-2-0"
        },
        {
          "Player1": "Beekeeper",
          "Player2": "DarkBone",
          "Result": "2-0-0"
        },
        {
          "Player1": "ovmlcabrera",
          "Player2": "bernardocssa",
          "Result": "2-0-0"
        }
      ]
    },
    {
      "RoundName": "Round 6",
      "Matches": [
        {
          "Player1": "Beekeeper",
          "Player2": "DarkBone",
          "Result": "0-2-0"
        },
        {
          "Player1": "yriel",
          "Player2": "wcl",
          "Result": "2-0-0"
        },
        {
          "Player1": "glyra",
          "Player2": "Marmotte_Lambda",
          "Result": "2-0-0"
        },
        {
          "Player1": "sebastianpozzo",
          "Player2": "Erlinska",
          "Result": "2-0-0"
        }
      ]
    },
    {
      "RoundName": "Round 7",
      "Matches": [
        {
          "Player1": "sebastianpozzo",
          "Player2": "DarkBone",
          "Result": "2-0-0"
        },
        {
          "Player1": "yriel",
          "Player2": "glyra",
          "Result": "2-0-0"
        }
      ]
    },
    {
      "RoundName": "Round 8",
      "Matches": [
        {
          "Player1": "sebastianpozzo",
          "Player2": "yriel",
          "Result": "0-2-0"
        }
      ]
    }
  ],
  "Standings": [
    {
      "Rank": 24,
      "Player": "josetorr87",
      "Points": 0,
      "Wins": 0,
      "Losses": 0,
      "Draws": 0,
      "OMWP": 0.3667,
      "GWP": 0.2,
      "OGWP": 0.4167
    },
    {
      "Rank": 23,
      "Player": "pat0presidente",
      "Points": 0,
      "Wins": 0,
      "Losses": 0,
      "Draws": 0,
      "OMWP": 0.45,
      "GWP": 0.11109999999999999,
      "OGWP": 0.45049999999999996
    },
    {
      "Rank": 22,
      "Player": "etazazer",
      "Points": 0,
      "Wins": 0,
      "Losses": 0,
      "Draws": 0,
      "OMWP": 0.4667,
      "GWP": 0.25,
      "OGWP": 0.5018
    },
    {
      "Rank": 21,
      "Player": "ZacharyHaleComstock",
      "Points": 3,
      "Wins": 0,
      "Losses": 0,
      "Draws": 0,
      "OMWP": 0.4833,
      "GWP": 0.3,
      "OGWP": 0.491
    },
    {
      "Rank": 20,
      "Player": "Pernobyl",
      "Points": 3,
      "Wins": 0,
      "Losses": 0,
      "Draws": 0,
      "OMWP": 0.55,
      "GWP": 0.3333,
      "OGWP": 0.5152
    },
    {
      "Rank": 19,
      "Player": "i_b_TRUE",
      "Points": 6,
      "Wins": 0,
      "Losses": 0,
      "Draws": 0,
      "OMWP": 0.48,
      "GWP": 0.4,
      "OGWP": 0.4476
    },
    {
      "Rank": 18,
      "Player": "BeoulveHeart",
      "Points": 6,
      "Wins": 0,
      "Losses": 0,
      "Draws": 0,
      "OMWP": 0.49329999999999996,
      "GWP": 0.5385,
      "OGWP": 0.4806
    },
    {
      "Rank": 17,
      "Player": "GuiBonella",
      "Points": 6,
      "Wins": 0,
      "Losses": 0,
      "Draws": 0,
      "OMWP": 0.5067,
      "GWP": 0.4286,
      "OGWP": 0.5142
    },
    {
      "Rank": 16,
      "Player": "bernardocssa",
      "Points": 6,
      "Wins": 0,
      "Losses": 0,
      "Draws": 0,
      "OMWP": 0.5333,
      "GWP": 0.3636,
      "OGWP": 0.47350000000000003
    },
    {
      "Rank": 15,
      "Player": "TVAmaral",
      "Points": 6,
      "Wins": 0,
      "Losses": 0,
      "Draws": 0,
      "OMWP": 0.5467,
      "GWP": 0.5,
      "OGWP": 0.47740000000000005
    },
    {
      "Rank": 14,
      "Player": "Beicodegeia",
      "Points": 6,
      "Wins": 0,
      "Losses": 0,
      "Draws": 0,
      "OMWP": 0.55,
      "GWP": 0.4,
      "OGWP": 0.5253
    },
    {
      "Rank": 13,
      "Player": "shrek001",
      "Points": 6,
      "Wins": 0,
      "Losses": 0,
      "Draws": 0,
      "OMWP": 0.6267,
      "GWP": 0.5,
      "OGWP": 0.5578
    },
    {
      "Rank": 12,
      "Player": "Salvatto",
      "Points": 9,
      "Wins": 0,
      "Losses": 0,
      "Draws": 0,
      "OMWP": 0.4667,
      "GWP": 0.5385,
      "OGWP": 0.46149999999999997
    },
    {
      "Rank": 11,
      "Player": "ovmlcabrera",
      "Points": 9,
      "Wins": 0,
      "Losses": 0,
      "Draws": 0,
      "OMWP": 0.4667,
      "GWP": 0.5455,
      "OGWP": 0.4548
    },
    {
      "Rank": 10,
      "Player": "Gonito",
      "Points": 9,
      "Wins": 0,
      "Losses": 0,
      "Draws": 0,
      "OMWP": 0.5467,
      "GWP": 0.5,
      "OGWP": 0.5117
    },
    {
      "Rank": 9,
      "Player": "Jose Guillermo",
      "Points": 9,
      "Wins": 0,
      "Losses": 0,
      "Draws": 0,
      "OMWP": 0.5467,
      "GWP": 0.5385,
      "OGWP": 0.5219
    },
    {
      "Rank": 8,
      "Player": "wcl",
      "Points": 9,
      "Wins": 0,
      "Losses": 0,
      "Draws": 0,
      "OMWP": 0.76,
      "GWP": 0.5714,
      "OGWP": 0.6359
    },
    {
      "Rank": 7,
      "Player": "Beekeeper",
      "Points": 12,
      "Wins": 0,
      "Losses": 0,
      "Draws": 0,
      "OMWP": 0.56,
      "GWP": 0.6923,
      "OGWP": 0.5481
    },
    {
      "Rank": 6,
      "Player": "Erlinska",
      "Points": 12,
      "Wins": 0,
      "Losses": 0,
      "Draws": 0,
      "OMWP": 0.6,
      "GWP": 0.6154,
      "OGWP": 0.5537
    },
    {
      "Rank": 5,
      "Player": "Marmotte_Lambda",
      "Points": 15,
      "Wins": 0,
      "Losses": 0,
      "Draws": 0,
      "OMWP": 0.6,
      "GWP": 0.8332999999999999,
      "OGWP": 0.5695
    },
    {
      "Rank": 4,
      "Player": "glyra",
      "Points": 12,
      "Wins": 0,
      "Losses": 0,
      "Draws": 0,
      "OMWP": 0.56,
      "GWP": 0.5455,
      "OGWP": 0.5201
    },
    {
      "Rank": 3,
      "Player": "DarkBone",
      "Points": 12,
      "Wins": 0,
      "Losses": 0,
      "Draws": 0,
      "OMWP": 0.6,
      "GWP": 0.5385,
      "OGWP": 0.5695
    },
    {
      "Rank": 2,
      "Player": "sebastianpozzo",
      "Points": 15,
      "Wins": 0,
      "Losses": 0,
      "Draws": 0,
      "OMWP": 0.5867,
      "GWP": 0.6154,
      "OGWP": 0.5652
    },
    {
      "Rank": 1,
      "Player": "yriel",
      "Points": 21,
      "Wins": 0,
      "Losses": 0,
      "Draws": 0,
      "OMWP": 0.5467,
      "GWP": 0.6923,
      "OGWP": 0.5159
    }
  ]
}