{
  "Tournament": {
    "Id": 12803679,
    "Date": "2025-07-18T17:00:00",
    "Name": "Modern Challenge 64",
    "Uri": null,
    "JsonFile": null,
    "ForceRedownload": false
  },
  "Decks": null,
  "Rounds": [
    {
      "RoundName": "Round 1",
      "Matches": [
        {
          "Player1": "Golgarburr",
          "Player2": "Johnny_Hobbs",
          "Result": "0-2-0"
        },
        {
          "Player1": "ArrakeenPeasant",
          "Player2": "TempleOS",
          "Result": "2-0-0"
        },
        {
          "Player1": "Gerardo94",
          "Player2": "RoosterCogburn",
          "Result": "2-0-0"
        },
        {
          "Player1": "nahuel10",
          "Player2": "Doomenstein",
          "Result": "2-0-0"
        },
        {
          "Player1": "yriel",
          "Player2": "leilao",
          "Result": "2-0-0"
        },
        {
          "Player1": "Gobern",
          "Player2": "Tornado66",
          "Result": "2-0-0"
        },
        {
          "Player1": "aspiringspike",
          "Player2": "rzr360",
          "Result": "2-0-0"
        },
        {
          "Player1": "hugofreitas1",
          "Player2": "pwqz",
          "Result": "0-2-0"
        },
        {
          "Player1": "SoulStrong",
          "Player2": "Skrocious",
          "Result": "0-2-0"
        },
        {
          "Player1": "Capitano_CL",
          "Player2": "LuegenKonrad",
          "Result": "2-0-0"
        },
        {
          "Player1": "blackdecks99",
          "Player2": "Lightspirit",
          "Result": "0-2-0"
        },
        {
          "Player1": "BERNASTORRES",
          "Player2": "xl_snapcaster",
          "Result": "2-0-0"
        },
        {
          "Player1": "LORiWWA",
          "Player2": "NotSnype315",
          "Result": "2-0-0"
        },
        {
          "Player1": "bellfy",
          "Player2": "Rvng",
          "Result": "0-2-0"
        },
        {
          "Player1": "Aardos",
          "Player2": "DemonicTutors",
          "Result": "2-0-0"
        },
        {
          "Player1": "Shadyrat",
          "Player2": "dzk",
          "Result": "2-0-0"
        },
        {
          "Player1": "Misplacedginger",
          "Player2": "WadeB",
          "Result": "0-2-0"
        },
        {
          "Player1": "PetrKikac1",
          "Player2": "TheAcidicHasidic",
          "Result": "2-0-0"
        },
        {
          "Player1": "sandoiche",
          "Player2": "Redman1034",
          "Result": "2-0-0"
        },
        {
          "Player1": "Maccaciock",
          "Player2": "Adam-Bazika",
          "Result": "2-0-0"
        },
        {
          "Player1": "echecetmat35",
          "Player2": "ReanimatorFiend",
          "Result": "0-2-0"
        },
        {
          "Player1": "rastaf",
          "Player2": "Navas",
          "Result": "2-0-0"
        },
        {
          "Player1": "_Batutinha_",
          "Player2": "PTarts2win",
          "Result": "0-2-0"
        },
        {
          "Player1": "BigB3N",
          "Player2": "Meumeunome",
          "Result": "2-0-0"
        },
        {
          "Player1": "hermanomlg",
          "Player2": "AgentLion09",
          "Result": "2-0-0"
        },
        {
          "Player1": "termidor",
          "Player2": "MeninoNey",
          "Result": "0-2-0"
        },
        {
          "Player1": "littledarwin",
          "Player2": "slaxx",
          "Result": "2-0-0"
        },
        {
          "Player1": "Terribad",
          "Player2": "Promilx",
          "Result": "2-0-0"
        },
        {
          "Player1": "JakeTMS",
          "Player2": "UnbanOko",
          "Result": "2-0-0"
        },
        {
          "Player1": "O_danielakos",
          "Player2": "SuperCow12653",
          "Result": "2-0-0"
        },
        {
          "Player1": "Fatal_Vlad",
          "Player2": "SkolemChi",
          "Result": "2-0-0"
        },
        {
          "Player1": "Selfeisek",
          "Player2": "DemianDesposito10",
          "Result": "2-0-0"
        },
        {
          "Player1": "TSPJendrek",
          "Player2": "Thunus",
          "Result": "2-0-0"
        },
        {
          "Player1": "manukoka",
          "Player2": "Mistakenn",
          "Result": "0-2-0"
        },
        {
          "Player1": "oeni",
          "Player2": "Xenowan",
          "Result": "0-2-0"
        },
        {
          "Player1": "ShadowTitan1",
          "Player2": "Badcookie",
          "Result": "2-0-0"
        },
        {
          "Player1": "Attomium",
          "Player2": "MTGLincoln",
          "Result": "2-0-0"
        },
        {
          "Player1": "NathanOfTheGiltLeaf",
          "Player2": "VicentStrange",
          "Result": "0-0-0"
        }
      ]
    },
    {
      "RoundName": "Round 2",
      "Matches": [
        {
          "Player1": "Terribad",
          "Player2": "PTarts2win",
          "Result": "0-2-0"
        },
        {
          "Player1": "manukoka",
          "Player2": "Doomenstein",
          "Result": "0-2-0"
        },
        {
          "Player1": "sandoiche",
          "Player2": "Gerardo94",
          "Result": "0-2-0"
        },
        {
          "Player1": "Johnny_Hobbs",
          "Player2": "pwqz",
          "Result": "2-0-0"
        },
        {
          "Player1": "BERNASTORRES",
          "Player2": "ShadowTitan1",
          "Result": "0-2-0"
        },
        {
          "Player1": "Capitano_CL",
          "Player2": "ArrakeenPeasant",
          "Result": "0-2-0"
        },
        {
          "Player1": "Misplacedginger",
          "Player2": "SoulStrong",
          "Result": "0-2-0"
        },
        {
          "Player1": "rastaf",
          "Player2": "hermanomlg",
          "Result": "0-2-0"
        },
        {
          "Player1": "leilao",
          "Player2": "Meumeunome",
          "Result": "0-2-0"
        },
        {
          "Player1": "Shadyrat",
          "Player2": "Fatal_Vlad",
          "Result": "0-2-0"
        },
        {
          "Player1": "littledarwin",
          "Player2": "MeninoNey",
          "Result": "0-2-0"
        },
        {
          "Player1": "_Batutinha_",
          "Player2": "xl_snapcaster",
          "Result": "2-0-0"
        },
        {
          "Player1": "NathanOfTheGiltLeaf",
          "Player2": "Skrocious",
          "Result": "2-0-0"
        },
        {
          "Player1": "Thunus",
          "Player2": "NotSnype315",
          "Result": "2-0-0"
        },
        {
          "Player1": "TSPJendrek",
          "Player2": "Mistakenn",
          "Result": "0-2-0"
        },
        {
          "Player1": "yriel",
          "Player2": "O_danielakos",
          "Result": "2-0-0"
        },
        {
          "Player1": "Golgarburr",
          "Player2": "Gobern",
          "Result": "0-2-0"
        },
        {
          "Player1": "Tornado66",
          "Player2": "Adam-Bazika",
          "Result": "2-0-0"
        },
        {
          "Player1": "Selfeisek",
          "Player2": "LORiWWA",
          "Result": "0-2-0"
        },
        {
          "Player1": "LuegenKonrad",
          "Player2": "Badcookie",
          "Result": "2-0-0"
        },
        {
          "Player1": "termidor",
          "Player2": "Redman1034",
          "Result": "2-0-0"
        },
        {
          "Player1": "Patxi",
          "Player2": "Lightspirit",
          "Result": "0-2-0"
        },
        {
          "Player1": "blackdecks99",
          "Player2": "hugofreitas1",
          "Result": "2-0-0"
        },
        {
          "Player1": "DemianDesposito10",
          "Player2": "RoosterCogburn",
          "Result": "2-0-0"
        },
        {
          "Player1": "Attomium",
          "Player2": "nahuel10",
          "Result": "0-2-0"
        },
        {
          "Player1": "bellfy",
          "Player2": "MTGLincoln",
          "Result": "2-0-0"
        },
        {
          "Player1": "TempleOS",
          "Player2": "dzk",
          "Result": "0-2-0"
        },
        {
          "Player1": "slaxx",
          "Player2": "TheAcidicHasidic",
          "Result": "0-0-0"
        },
        {
          "Player1": "Navas",
          "Player2": "SuperCow12653",
          "Result": "0-2-0"
        },
        {
          "Player1": "Rvng",
          "Player2": "Maccaciock",
          "Result": "2-0-0"
        },
        {
          "Player1": "VicentStrange",
          "Player2": "SkolemChi",
          "Result": "2-0-0"
        },
        {
          "Player1": "rzr360",
          "Player2": "DemonicTutors",
          "Result": "0-2-0"
        },
        {
          "Player1": "Aardos",
          "Player2": "WadeB",
          "Result": "2-0-0"
        },
        {
          "Player1": "oeni",
          "Player2": "Promilx",
          "Result": "0-2-0"
        },
        {
          "Player1": "aspiringspike",
          "Player2": "Xenowan",
          "Result": "0-2-0"
        },
        {
          "Player1": "ReanimatorFiend",
          "Player2": "PetrKikac1",
          "Result": "2-0-0"
        },
        {
          "Player1": "UnbanOko",
          "Player2": "AgentLion09",
          "Result": "2-0-0"
        },
        {
          "Player1": "BigB3N",
          "Player2": "JakeTMS",
          "Result": "0-2-0"
        }
      ]
    },
    {
      "RoundName": "Round 3",
      "Matches": [
        {
          "Player1": "Meumeunome",
          "Player2": "PetrKikac1",
          "Result": "2-0-0"
        },
        {
          "Player1": "Capitano_CL",
          "Player2": "Promilx",
          "Result": "2-0-0"
        },
        {
          "Player1": "Patxi",
          "Player2": "Adam-Bazika",
          "Result": "2-0-0"
        },
        {
          "Player1": "hugofreitas1",
          "Player2": "SkolemChi",
          "Result": "0-2-0"
        },
        {
          "Player1": "Xenowan",
          "Player2": "MeninoNey",
          "Result": "2-0-0"
        },
        {
          "Player1": "rzr360",
          "Player2": "MTGLincoln",
          "Result": "2-0-0"
        },
        {
          "Player1": "LORiWWA",
          "Player2": "JakeTMS",
          "Result": "2-0-0"
        },
        {
          "Player1": "PTarts2win",
          "Player2": "Johnny_Hobbs",
          "Result": "2-0-0"
        },
        {
          "Player1": "Mistakenn",
          "Player2": "hermanomlg",
          "Result": "2-0-0"
        },
        {
          "Player1": "Rvng",
          "Player2": "ArrakeenPeasant",
          "Result": "2-0-0"
        },
        {
          "Player1": "Aardos",
          "Player2": "ShadowTitan1",
          "Result": "0-2-0"
        },
        {
          "Player1": "nahuel10",
          "Player2": "NathanOfTheGiltLeaf",
          "Result": "0-0-0"
        },
        {
          "Player1": "Skrocious",
          "Player2": "Tornado66",
          "Result": "0-2-0"
        },
        {
          "Player1": "O_danielakos",
          "Player2": "DemonicTutors",
          "Result": "2-0-0"
        },
        {
          "Player1": "LuegenKonrad",
          "Player2": "Thunus",
          "Result": "0-2-0"
        },
        {
          "Player1": "bellfy",
          "Player2": "blackdecks99",
          "Result": "2-0-0"
        },
        {
          "Player1": "oeni",
          "Player2": "RoosterCogburn",
          "Result": "2-0-0"
        },
        {
          "Player1": "yriel",
          "Player2": "ReanimatorFiend",
          "Result": "2-0-0"
        },
        {
          "Player1": "Gobern",
          "Player2": "Fatal_Vlad",
          "Result": "0-2-0"
        },
        {
          "Player1": "Gerardo94",
          "Player2": "Lightspirit",
          "Result": "2-0-0"
        },
        {
          "Player1": "Shadyrat",
          "Player2": "Selfeisek",
          "Result": "2-0-0"
        },
        {
          "Player1": "echecetmat35",
          "Player2": "Maccaciock",
          "Result": "2-0-0"
        },
        {
          "Player1": "Doomenstein",
          "Player2": "DemianDesposito10",
          "Result": "0-2-0"
        },
        {
          "Player1": "littledarwin",
          "Player2": "Attomium",
          "Result": "2-0-0"
        },
        {
          "Player1": "rastaf",
          "Player2": "TSPJendrek",
          "Result": "2-0-0"
        },
        {
          "Player1": "SoulStrong",
          "Player2": "BigB3N",
          "Result": "0-2-0"
        },
        {
          "Player1": "VicentStrange",
          "Player2": "pwqz",
          "Result": "0-2-0"
        },
        {
          "Player1": "slaxx",
          "Player2": "SuperCow12653",
          "Result": "0-2-0"
        },
        {
          "Player1": "Terribad",
          "Player2": "termidor",
          "Result": "0-2-0"
        },
        {
          "Player1": "leilao",
          "Player2": "Redman1034",
          "Result": "2-0-0"
        },
        {
          "Player1": "sandoiche",
          "Player2": "BERNASTORRES",
          "Result": "0-2-0"
        },
        {
          "Player1": "aspiringspike",
          "Player2": "dzk",
          "Result": "2-0-0"
        },
        {
          "Player1": "manukoka",
          "Player2": "Badcookie",
          "Result": "2-0-0"
        },
        {
          "Player1": "_Batutinha_",
          "Player2": "UnbanOko",
          "Result": "2-1-0"
        }
      ]
    },
    {
      "RoundName": "Round 4",
      "Matches": [
        {
          "Player1": "DemianDesposito10",
          "Player2": "ReanimatorFiend",
          "Result": "2-0-0"
        },
        {
          "Player1": "Johnny_Hobbs",
          "Player2": "JakeTMS",
          "Result": "0-2-0"
        },
        {
          "Player1": "Terribad",
          "Player2": "DemonicTutors",
          "Result": "0-2-0"
        },
        {
          "Player1": "SoulStrong",
          "Player2": "AgentLion09",
          "Result": "2-0-0"
        },
        {
          "Player1": "BigB3N",
          "Player2": "ArrakeenPeasant",
          "Result": "2-0-0"
        },
        {
          "Player1": "Rvng",
          "Player2": "ShadowTitan1",
          "Result": "2-0-0"
        },
        {
          "Player1": "PTarts2win",
          "Player2": "NathanOfTheGiltLeaf",
          "Result": "0-2-0"
        },
        {
          "Player1": "sandoiche",
          "Player2": "Skrocious",
          "Result": "2-0-0"
        },
        {
          "Player1": "Doomenstein",
          "Player2": "leilao",
          "Result": "0-2-0"
        },
        {
          "Player1": "littledarwin",
          "Player2": "Aardos",
          "Result": "0-2-0"
        },
        {
          "Player1": "rzr360",
          "Player2": "LuegenKonrad",
          "Result": "0-2-0"
        },
        {
          "Player1": "bellfy",
          "Player2": "oeni",
          "Result": "0-2-0"
        },
        {
          "Player1": "Mistakenn",
          "Player2": "Fatal_Vlad",
          "Result": "2-0-0"
        },
        {
          "Player1": "Gerardo94",
          "Player2": "yriel",
          "Result": "2-0-0"
        },
        {
          "Player1": "aspiringspike",
          "Player2": "BERNASTORRES",
          "Result": "0-0-0"
        },
        {
          "Player1": "Shadyrat",
          "Player2": "Tornado66",
          "Result": "0-2-0"
        },
        {
          "Player1": "Badcookie",
          "Player2": "Redman1034",
          "Result": "0-2-0"
        },
        {
          "Player1": "LORiWWA",
          "Player2": "Xenowan",
          "Result": "2-0-0"
        },
        {
          "Player1": "PetrKikac1",
          "Player2": "dzk",
          "Result": "2-0-0"
        },
        {
          "Player1": "Capitano_CL",
          "Player2": "Meumeunome",
          "Result": "2-0-0"
        },
        {
          "Player1": "Gobern",
          "Player2": "nahuel10",
          "Result": "2-0-0"
        },
        {
          "Player1": "Patxi",
          "Player2": "O_danielakos",
          "Result": "0-2-0"
        },
        {
          "Player1": "Attomium",
          "Player2": "Promilx",
          "Result": "0-2-0"
        },
        {
          "Player1": "_Batutinha_",
          "Player2": "Lightspirit",
          "Result": "0-2-0"
        },
        {
          "Player1": "Selfeisek",
          "Player2": "SkolemChi",
          "Result": "2-0-0"
        },
        {
          "Player1": "termidor",
          "Player2": "hermanomlg",
          "Result": "0-2-0"
        },
        {
          "Player1": "SuperCow12653",
          "Player2": "pwqz",
          "Result": "2-0-0"
        },
        {
          "Player1": "manukoka",
          "Player2": "VicentStrange",
          "Result": "2-0-0"
        },
        {
          "Player1": "echecetmat35",
          "Player2": "MeninoNey",
          "Result": "0-2-0"
        },
        {
          "Player1": "rastaf",
          "Player2": "Thunus",
          "Result": "2-0-0"
        },
        {
          "Player1": "Maccaciock",
          "Player2": "TSPJendrek",
          "Result": "0-2-0"
        }
      ]
    },
    {
      "RoundName": "Round 5",
      "Matches": [
        {
          "Player1": "VicentStrange",
          "Player2": "Redman1034",
          "Result": "2-0-0"
        },
        {
          "Player1": "echecetmat35",
          "Player2": "_Batutinha_",
          "Result": "2-0-0"
        },
        {
          "Player1": "Xenowan",
          "Player2": "BigB3N",
          "Result": "2-0-0"
        },
        {
          "Player1": "leilao",
          "Player2": "LuegenKonrad",
          "Result": "0-2-0"
        },
        {
          "Player1": "PTarts2win",
          "Player2": "JakeTMS",
          "Result": "0-2-0"
        },
        {
          "Player1": "BERNASTORRES",
          "Player2": "yriel",
          "Result": "0-2-0"
        },
        {
          "Player1": "Capitano_CL",
          "Player2": "hermanomlg",
          "Result": "2-0-0"
        },
        {
          "Player1": "O_danielakos",
          "Player2": "ShadowTitan1",
          "Result": "2-0-0"
        },
        {
          "Player1": "rastaf",
          "Player2": "SuperCow12653",
          "Result": "0-2-0"
        },
        {
          "Player1": "Doomenstein",
          "Player2": "AgentLion09",
          "Result": "2-0-0"
        },
        {
          "Player1": "sandoiche",
          "Player2": "manukoka",
          "Result": "2-0-0"
        },
        {
          "Player1": "Gobern",
          "Player2": "NathanOfTheGiltLeaf",
          "Result": "2-0-0"
        },
        {
          "Player1": "littledarwin",
          "Player2": "ReanimatorFiend",
          "Result": "2-0-0"
        },
        {
          "Player1": "TSPJendrek",
          "Player2": "ArrakeenPeasant",
          "Result": "0-2-0"
        },
        {
          "Player1": "Maccaciock",
          "Player2": "SkolemChi",
          "Result": "2-0-0"
        },
        {
          "Player1": "MeninoNey",
          "Player2": "Fatal_Vlad",
          "Result": "0-2-0"
        },
        {
          "Player1": "DemianDesposito10",
          "Player2": "Lightspirit",
          "Result": "0-2-0"
        },
        {
          "Player1": "Attomium",
          "Player2": "hugofreitas1",
          "Result": "0-2-0"
        },
        {
          "Player1": "Johnny_Hobbs",
          "Player2": "Thunus",
          "Result": "0-0-0"
        },
        {
          "Player1": "oeni",
          "Player2": "pwqz",
          "Result": "0-2-0"
        },
        {
          "Player1": "bellfy",
          "Player2": "Promilx",
          "Result": "0-2-0"
        },
        {
          "Player1": "Mistakenn",
          "Player2": "LORiWWA",
          "Result": "2-0-0"
        },
        {
          "Player1": "SoulStrong",
          "Player2": "Selfeisek",
          "Result": "0-2-0"
        },
        {
          "Player1": "nahuel10",
          "Player2": "DemonicTutors",
          "Result": "2-0-0"
        },
        {
          "Player1": "termidor",
          "Player2": "Meumeunome",
          "Result": "0-2-0"
        },
        {
          "Player1": "Shadyrat",
          "Player2": "PetrKikac1",
          "Result": "0-2-0"
        },
        {
          "Player1": "Aardos",
          "Player2": "Tornado66",
          "Result": "2-0-0"
        },
        {
          "Player1": "Rvng",
          "Player2": "Gerardo94",
          "Result": "2-0-0"
        }
      ]
    },
    {
      "RoundName": "Round 6",
      "Matches": [
        {
          "Player1": "hermanomlg",
          "Player2": "DemianDesposito10",
          "Result": "2-0-0"
        },
        {
          "Player1": "Gerardo94",
          "Player2": "Fatal_Vlad",
          "Result": "2-0-0"
        },
        {
          "Player1": "Aardos",
          "Player2": "JakeTMS",
          "Result": "2-0-0"
        },
        {
          "Player1": "SuperCow12653",
          "Player2": "LORiWWA",
          "Result": "0-2-0"
        },
        {
          "Player1": "Rvng",
          "Player2": "Mistakenn",
          "Result": "0-2-0"
        },
        {
          "Player1": "Capitano_CL",
          "Player2": "Xenowan",
          "Result": "0-2-0"
        },
        {
          "Player1": "bellfy",
          "Player2": "VicentStrange",
          "Result": "0-2-0"
        },
        {
          "Player1": "rastaf",
          "Player2": "PetrKikac1",
          "Result": "0-2-0"
        },
        {
          "Player1": "leilao",
          "Player2": "DemonicTutors",
          "Result": "2-0-0"
        },
        {
          "Player1": "O_danielakos",
          "Player2": "NathanOfTheGiltLeaf",
          "Result": "2-0-0"
        },
        {
          "Player1": "Selfeisek",
          "Player2": "LuegenKonrad",
          "Result": "0-2-0"
        },
        {
          "Player1": "Doomenstein",
          "Player2": "Thunus",
          "Result": "0-2-0"
        },
        {
          "Player1": "Badcookie",
          "Player2": "SkolemChi",
          "Result": "0-2-0"
        },
        {
          "Player1": "Gobern",
          "Player2": "BERNASTORRES",
          "Result": "2-0-0"
        },
        {
          "Player1": "BigB3N",
          "Player2": "pwqz",
          "Result": "0-2-0"
        },
        {
          "Player1": "yriel",
          "Player2": "Lightspirit",
          "Result": "0-2-0"
        },
        {
          "Player1": "oeni",
          "Player2": "SoulStrong",
          "Result": "2-0-0"
        },
        {
          "Player1": "Maccaciock",
          "Player2": "hugofreitas1",
          "Result": "2-0-0"
        },
        {
          "Player1": "littledarwin",
          "Player2": "sandoiche",
          "Result": "0-2-0"
        },
        {
          "Player1": "Shadyrat",
          "Player2": "Promilx",
          "Result": "0-2-0"
        },
        {
          "Player1": "AgentLion09",
          "Player2": "Redman1034",
          "Result": "0-2-0"
        },
        {
          "Player1": "ShadowTitan1",
          "Player2": "Tornado66",
          "Result": "0-2-0"
        },
        {
          "Player1": "Johnny_Hobbs",
          "Player2": "Meumeunome",
          "Result": "0-2-0"
        },
        {
          "Player1": "echecetmat35",
          "Player2": "PTarts2win",
          "Result": "0-2-0"
        },
        {
          "Player1": "termidor",
          "Player2": "ReanimatorFiend",
          "Result": "0-2-0"
        },
        {
          "Player1": "nahuel10",
          "Player2": "MeninoNey",
          "Result": "0-2-0"
        }
      ]
    },
    {
      "RoundName": "Round 7",
      "Matches": [
        {
          "Player1": "hermanomlg",
          "Player2": "pwqz",
          "Result": "0-2-0"
        },
        {
          "Player1": "ShadowTitan1",
          "Player2": "Johnny_Hobbs",
          "Result": "2-0-0"
        },
        {
          "Player1": "termidor",
          "Player2": "Doomenstein",
          "Result": "2-0-0"
        },
        {
          "Player1": "SoulStrong",
          "Player2": "SkolemChi",
          "Result": "0-2-0"
        },
        {
          "Player1": "O_danielakos",
          "Player2": "Tornado66",
          "Result": "2-0-0"
        },
        {
          "Player1": "Rvng",
          "Player2": "LORiWWA",
          "Result": "2-0-0"
        },
        {
          "Player1": "AgentLion09",
          "Player2": "Badcookie",
          "Result": "0-2-0"
        },
        {
          "Player1": "MeninoNey",
          "Player2": "Thunus",
          "Result": "2-0-0"
        },
        {
          "Player1": "Maccaciock",
          "Player2": "DemianDesposito10",
          "Result": "2-0-0"
        },
        {
          "Player1": "yriel",
          "Player2": "NathanOfTheGiltLeaf",
          "Result": "0-2-0"
        },
        {
          "Player1": "Capitano_CL",
          "Player2": "JakeTMS",
          "Result": "0-2-0"
        },
        {
          "Player1": "rastaf",
          "Player2": "nahuel10",
          "Result": "2-0-0"
        },
        {
          "Player1": "Shadyrat",
          "Player2": "Redman1034",
          "Result": "0-2-0"
        },
        {
          "Player1": "sandoiche",
          "Player2": "Fatal_Vlad",
          "Result": "0-2-0"
        },
        {
          "Player1": "BERNASTORRES",
          "Player2": "ReanimatorFiend",
          "Result": "2-0-0"
        },
        {
          "Player1": "Aardos",
          "Player2": "Lightspirit",
          "Result": "2-0-0"
        },
        {
          "Player1": "Gerardo94",
          "Player2": "Mistakenn",
          "Result": "2-0-0"
        },
        {
          "Player1": "oeni",
          "Player2": "Selfeisek",
          "Result": "2-0-0"
        },
        {
          "Player1": "echecetmat35",
          "Player2": "leilao",
          "Result": "0-2-0"
        },
        {
          "Player1": "Gobern",
          "Player2": "Xenowan",
          "Result": "2-0-0"
        },
        {
          "Player1": "littledarwin",
          "Player2": "VicentStrange",
          "Result": "0-0-0"
        },
        {
          "Player1": "BigB3N",
          "Player2": "DemonicTutors",
          "Result": "2-0-0"
        },
        {
          "Player1": "SuperCow12653",
          "Player2": "Meumeunome",
          "Result": "2-0-0"
        },
        {
          "Player1": "PTarts2win",
          "Player2": "LuegenKonrad",
          "Result": "0-2-0"
        },
        {
          "Player1": "Promilx",
          "Player2": "PetrKikac1",
          "Result": "0-2-0"
        }
      ]
    },
    {
      "RoundName": "Round 8",
      "Matches": [
        {
          "Player1": "Mistakenn",
          "Player2": "Fatal_Vlad",
          "Result": "2-0-0"
        },
        {
          "Player1": "Rvng",
          "Player2": "Aardos",
          "Result": "0-2-0"
        },
        {
          "Player1": "O_danielakos",
          "Player2": "Gobern",
          "Result": "2-0-0"
        },
        {
          "Player1": "Gerardo94",
          "Player2": "LORiWWA",
          "Result": "2-0-0"
        }
      ]
    },
    {
      "RoundName": "Round 9",
      "Matches": [
        {
          "Player1": "O_danielakos",
          "Player2": "Gerardo94",
          "Result": "2-0-0"
        },
        {
          "Player1": "Aardos",
          "Player2": "Mistakenn",
          "Result": "2-0-0"
        }
      ]
    },
    {
      "RoundName": "Round 10",
      "Matches": [
        {
          "Player1": "O_danielakos",
          "Player2": "Aardos",
          "Result": "0-2-0"
        }
      ]
    }
  ],
  "Standings": [
    {
      "Rank": 77,
      "Player": "MTGLincoln",
      "Points": 0,
      "Wins": 0,
      "Losses": 0,
      "Draws": 0,
      "OMWP": 0.3333,
      "GWP": 0.1429,
      "OGWP": 0.3504
    },
    {
      "Rank": 76,
      "Player": "Misplacedginger",
      "Points": 0,
      "Wins": 0,
      "Losses": 0,
      "Draws": 0,
      "OMWP": 0.4167,
      "GWP": 0,
      "OGWP": 0.4265
    },
    {
      "Rank": 75,
      "Player": "TempleOS",
      "Points": 0,
      "Wins": 0,
      "Losses": 0,
      "Draws": 0,
      "OMWP": 0.4667,
      "GWP": 0.2,
      "OGWP": 0.45
    },
    {
      "Rank": 74,
      "Player": "xl_snapcaster",
      "Points": 0,
      "Wins": 0,
      "Losses": 0,
      "Draws": 0,
      "OMWP": 0.4857,
      "GWP": 0,
      "OGWP": 0.4974
    },
    {
      "Rank": 73,
      "Player": "TheAcidicHasidic",
      "Points": 0,
      "Wins": 0,
      "Losses": 0,
      "Draws": 0,
      "OMWP": 0.5238,
      "GWP": 0.2,
      "OGWP": 0.5278
    },
    {
      "Rank": 72,
      "Player": "Adam-Bazika",
      "Points": 0,
      "Wins": 0,
      "Losses": 0,
      "Draws": 0,
      "OMWP": 0.5476,
      "GWP": 0.1429,
      "OGWP": 0.5606
    },
    {
      "Rank": 71,
      "Player": "NotSnype315",
      "Points": 0,
      "Wins": 0,
      "Losses": 0,
      "Draws": 0,
      "OMWP": 0.5714,
      "GWP": 0.3333,
      "OGWP": 0.4722
    },
    {
      "Rank": 70,
      "Player": "RoosterCogburn",
      "Points": 0,
      "Wins": 0,
      "Losses": 0,
      "Draws": 0,
      "OMWP": 0.619,
      "GWP": 0,
      "OGWP": 0.5895
    },
    {
      "Rank": 69,
      "Player": "Navas",
      "Points": 0,
      "Wins": 0,
      "Losses": 0,
      "Draws": 0,
      "OMWP": 0.6429,
      "GWP": 0,
      "OGWP": 0.625
    },
    {
      "Rank": 68,
      "Player": "Golgarburr",
      "Points": 0,
      "Wins": 0,
      "Losses": 0,
      "Draws": 0,
      "OMWP": 0.6429,
      "GWP": 0.2,
      "OGWP": 0.5345
    },
    {
      "Rank": 67,
      "Player": "AgentLion09",
      "Points": 3,
      "Wins": 0,
      "Losses": 0,
      "Draws": 0,
      "OMWP": 0.3889,
      "GWP": 0.25,
      "OGWP": 0.4165
    },
    {
      "Rank": 66,
      "Player": "Attomium",
      "Points": 3,
      "Wins": 0,
      "Losses": 0,
      "Draws": 0,
      "OMWP": 0.419,
      "GWP": 0.3846,
      "OGWP": 0.40590000000000004
    },
    {
      "Rank": 65,
      "Player": "blackdecks99",
      "Points": 3,
      "Wins": 0,
      "Losses": 0,
      "Draws": 0,
      "OMWP": 0.4603,
      "GWP": 0.44439999999999996,
      "OGWP": 0.42219999999999996
    },
    {
      "Rank": 64,
      "Player": "rzr360",
      "Points": 3,
      "Wins": 0,
      "Losses": 0,
      "Draws": 0,
      "OMWP": 0.4702,
      "GWP": 0.3,
      "OGWP": 0.4697
    },
    {
      "Rank": 63,
      "Player": "dzk",
      "Points": 3,
      "Wins": 0,
      "Losses": 0,
      "Draws": 0,
      "OMWP": 0.4702,
      "GWP": 0.4,
      "OGWP": 0.4558
    },
    {
      "Rank": 62,
      "Player": "Terribad",
      "Points": 3,
      "Wins": 0,
      "Losses": 0,
      "Draws": 0,
      "OMWP": 0.47619999999999996,
      "GWP": 0.4545,
      "OGWP": 0.4404
    },
    {
      "Rank": 61,
      "Player": "UnbanOko",
      "Points": 3,
      "Wins": 0,
      "Losses": 0,
      "Draws": 0,
      "OMWP": 0.4825,
      "GWP": 0.4286,
      "OGWP": 0.4806
    },
    {
      "Rank": 60,
      "Player": "slaxx",
      "Points": 3,
      "Wins": 0,
      "Losses": 0,
      "Draws": 0,
      "OMWP": 0.4921,
      "GWP": 0.44439999999999996,
      "OGWP": 0.44909999999999994
    },
    {
      "Rank": 59,
      "Player": "Skrocious",
      "Points": 3,
      "Wins": 0,
      "Losses": 0,
      "Draws": 0,
      "OMWP": 0.5476,
      "GWP": 0.4,
      "OGWP": 0.5279
    },
    {
      "Rank": 58,
      "Player": "WadeB",
      "Points": 3,
      "Wins": 0,
      "Losses": 0,
      "Draws": 0,
      "OMWP": 0.5952000000000001,
      "GWP": 0.5,
      "OGWP": 0.5196000000000001
    },
    {
      "Rank": 57,
      "Player": "SoulStrong",
      "Points": 6,
      "Wins": 0,
      "Losses": 0,
      "Draws": 0,
      "OMWP": 0.4286,
      "GWP": 0.3529,
      "OGWP": 0.46020000000000005
    },
    {
      "Rank": 56,
      "Player": "Doomenstein",
      "Points": 6,
      "Wins": 0,
      "Losses": 0,
      "Draws": 0,
      "OMWP": 0.4313,
      "GWP": 0.36840000000000006,
      "OGWP": 0.4249
    },
    {
      "Rank": 55,
      "Player": "hugofreitas1",
      "Points": 6,
      "Wins": 0,
      "Losses": 0,
      "Draws": 0,
      "OMWP": 0.47619999999999996,
      "GWP": 0.3333,
      "OGWP": 0.5292
    },
    {
      "Rank": 54,
      "Player": "_Batutinha_",
      "Points": 6,
      "Wins": 0,
      "Losses": 0,
      "Draws": 0,
      "OMWP": 0.47619999999999996,
      "GWP": 0.46149999999999997,
      "OGWP": 0.47100000000000003
    },
    {
      "Rank": 53,
      "Player": "Badcookie",
      "Points": 6,
      "Wins": 0,
      "Losses": 0,
      "Draws": 0,
      "OMWP": 0.4794,
      "GWP": 0.375,
      "OGWP": 0.49090000000000006
    },
    {
      "Rank": 52,
      "Player": "aspiringspike",
      "Points": 6,
      "Wins": 0,
      "Losses": 0,
      "Draws": 0,
      "OMWP": 0.48810000000000003,
      "GWP": 0.5455,
      "OGWP": 0.4746
    },
    {
      "Rank": 51,
      "Player": "manukoka",
      "Points": 6,
      "Wins": 0,
      "Losses": 0,
      "Draws": 0,
      "OMWP": 0.5333,
      "GWP": 0.46149999999999997,
      "OGWP": 0.5097999999999999
    },
    {
      "Rank": 50,
      "Player": "Shadyrat",
      "Points": 6,
      "Wins": 0,
      "Losses": 0,
      "Draws": 0,
      "OMWP": 0.5374,
      "GWP": 0.3125,
      "OGWP": 0.5063
    },
    {
      "Rank": 49,
      "Player": "bellfy",
      "Points": 6,
      "Wins": 0,
      "Losses": 0,
      "Draws": 0,
      "OMWP": 0.5397,
      "GWP": 0.3077,
      "OGWP": 0.5547
    },
    {
      "Rank": 48,
      "Player": "DemonicTutors",
      "Points": 6,
      "Wins": 0,
      "Losses": 0,
      "Draws": 0,
      "OMWP": 0.5646,
      "GWP": 0.3529,
      "OGWP": 0.5449
    },
    {
      "Rank": 47,
      "Player": "TSPJendrek",
      "Points": 6,
      "Wins": 0,
      "Losses": 0,
      "Draws": 0,
      "OMWP": 0.6057,
      "GWP": 0.4286,
      "OGWP": 0.5728
    },
    {
      "Rank": 46,
      "Player": "Patxi",
      "Points": 6,
      "Wins": 0,
      "Losses": 0,
      "Draws": 0,
      "OMWP": 0.6349,
      "GWP": 0.5556,
      "OGWP": 0.5660000000000001
    },
    {
      "Rank": 45,
      "Player": "Redman1034",
      "Points": 9,
      "Wins": 0,
      "Losses": 0,
      "Draws": 0,
      "OMWP": 0.449,
      "GWP": 0.44439999999999996,
      "OGWP": 0.4294
    },
    {
      "Rank": 44,
      "Player": "SkolemChi",
      "Points": 9,
      "Wins": 0,
      "Losses": 0,
      "Draws": 0,
      "OMWP": 0.4694,
      "GWP": 0.5294,
      "OGWP": 0.46049999999999996
    },
    {
      "Rank": 43,
      "Player": "termidor",
      "Points": 9,
      "Wins": 0,
      "Losses": 0,
      "Draws": 0,
      "OMWP": 0.483,
      "GWP": 0.3529,
      "OGWP": 0.5146000000000001
    },
    {
      "Rank": 42,
      "Player": "DemianDesposito10",
      "Points": 9,
      "Wins": 0,
      "Losses": 0,
      "Draws": 0,
      "OMWP": 0.483,
      "GWP": 0.4375,
      "OGWP": 0.4864
    },
    {
      "Rank": 41,
      "Player": "Thunus",
      "Points": 9,
      "Wins": 0,
      "Losses": 0,
      "Draws": 0,
      "OMWP": 0.4993,
      "GWP": 0.3889,
      "OGWP": 0.5039
    },
    {
      "Rank": 40,
      "Player": "Selfeisek",
      "Points": 9,
      "Wins": 0,
      "Losses": 0,
      "Draws": 0,
      "OMWP": 0.5034000000000001,
      "GWP": 0.44439999999999996,
      "OGWP": 0.49729999999999996
    },
    {
      "Rank": 39,
      "Player": "ReanimatorFiend",
      "Points": 9,
      "Wins": 0,
      "Losses": 0,
      "Draws": 0,
      "OMWP": 0.5102,
      "GWP": 0.5294,
      "OGWP": 0.47009999999999996
    },
    {
      "Rank": 38,
      "Player": "echecetmat35",
      "Points": 9,
      "Wins": 0,
      "Losses": 0,
      "Draws": 0,
      "OMWP": 0.5428999999999999,
      "GWP": 0.4667,
      "OGWP": 0.5600999999999999
    },
    {
      "Rank": 37,
      "Player": "littledarwin",
      "Points": 9,
      "Wins": 0,
      "Losses": 0,
      "Draws": 0,
      "OMWP": 0.5442,
      "GWP": 0.3889,
      "OGWP": 0.5439
    },
    {
      "Rank": 36,
      "Player": "ArrakeenPeasant",
      "Points": 9,
      "Wins": 0,
      "Losses": 0,
      "Draws": 0,
      "OMWP": 0.5467,
      "GWP": 0.5,
      "OGWP": 0.5427000000000001
    },
    {
      "Rank": 35,
      "Player": "nahuel10",
      "Points": 9,
      "Wins": 0,
      "Losses": 0,
      "Draws": 0,
      "OMWP": 0.551,
      "GWP": 0.44439999999999996,
      "OGWP": 0.5366
    },
    {
      "Rank": 34,
      "Player": "Johnny_Hobbs",
      "Points": 9,
      "Wins": 0,
      "Losses": 0,
      "Draws": 0,
      "OMWP": 0.5578,
      "GWP": 0.4375,
      "OGWP": 0.5287
    },
    {
      "Rank": 33,
      "Player": "Promilx",
      "Points": 12,
      "Wins": 0,
      "Losses": 0,
      "Draws": 0,
      "OMWP": 0.4558,
      "GWP": 0.5294,
      "OGWP": 0.4673
    },
    {
      "Rank": 32,
      "Player": "Maccaciock",
      "Points": 12,
      "Wins": 0,
      "Losses": 0,
      "Draws": 0,
      "OMWP": 0.4585,
      "GWP": 0.6,
      "OGWP": 0.4851
    },
    {
      "Rank": 31,
      "Player": "leilao",
      "Points": 12,
      "Wins": 0,
      "Losses": 0,
      "Draws": 0,
      "OMWP": 0.483,
      "GWP": 0.5556,
      "OGWP": 0.48109999999999997
    },
    {
      "Rank": 30,
      "Player": "oeni",
      "Points": 12,
      "Wins": 0,
      "Losses": 0,
      "Draws": 0,
      "OMWP": 0.48979999999999996,
      "GWP": 0.625,
      "OGWP": 0.4732
    },
    {
      "Rank": 29,
      "Player": "VicentStrange",
      "Points": 12,
      "Wins": 0,
      "Losses": 0,
      "Draws": 0,
      "OMWP": 0.4925,
      "GWP": 0.5294,
      "OGWP": 0.5073
    },
    {
      "Rank": 28,
      "Player": "rastaf",
      "Points": 12,
      "Wins": 0,
      "Losses": 0,
      "Draws": 0,
      "OMWP": 0.5129,
      "GWP": 0.625,
      "OGWP": 0.48009999999999997
    },
    {
      "Rank": 27,
      "Player": "sandoiche",
      "Points": 12,
      "Wins": 0,
      "Losses": 0,
      "Draws": 0,
      "OMWP": 0.5333,
      "GWP": 0.5263,
      "OGWP": 0.5032
    },
    {
      "Rank": 26,
      "Player": "PTarts2win",
      "Points": 12,
      "Wins": 0,
      "Losses": 0,
      "Draws": 0,
      "OMWP": 0.5333,
      "GWP": 0.5263,
      "OGWP": 0.5458
    },
    {
      "Rank": 25,
      "Player": "BERNASTORRES",
      "Points": 12,
      "Wins": 0,
      "Losses": 0,
      "Draws": 0,
      "OMWP": 0.5476,
      "GWP": 0.5333,
      "OGWP": 0.5136
    },
    {
      "Rank": 24,
      "Player": "hermanomlg",
      "Points": 12,
      "Wins": 0,
      "Losses": 0,
      "Draws": 0,
      "OMWP": 0.5578,
      "GWP": 0.5294,
      "OGWP": 0.5307999999999999
    },
    {
      "Rank": 23,
      "Player": "BigB3N",
      "Points": 12,
      "Wins": 0,
      "Losses": 0,
      "Draws": 0,
      "OMWP": 0.5687,
      "GWP": 0.5556,
      "OGWP": 0.5372
    },
    {
      "Rank": 22,
      "Player": "Meumeunome",
      "Points": 12,
      "Wins": 0,
      "Losses": 0,
      "Draws": 0,
      "OMWP": 0.5714,
      "GWP": 0.5882000000000001,
      "OGWP": 0.5239
    },
    {
      "Rank": 21,
      "Player": "Tornado66",
      "Points": 12,
      "Wins": 0,
      "Losses": 0,
      "Draws": 0,
      "OMWP": 0.5918,
      "GWP": 0.5263,
      "OGWP": 0.5283
    },
    {
      "Rank": 20,
      "Player": "Capitano_CL",
      "Points": 12,
      "Wins": 0,
      "Losses": 0,
      "Draws": 0,
      "OMWP": 0.6367,
      "GWP": 0.5294,
      "OGWP": 0.5818
    },
    {
      "Rank": 19,
      "Player": "ShadowTitan1",
      "Points": 12,
      "Wins": 0,
      "Losses": 0,
      "Draws": 0,
      "OMWP": 0.6395000000000001,
      "GWP": 0.5294,
      "OGWP": 0.6013000000000001
    },
    {
      "Rank": 18,
      "Player": "yriel",
      "Points": 12,
      "Wins": 0,
      "Losses": 0,
      "Draws": 0,
      "OMWP": 0.6735,
      "GWP": 0.5,
      "OGWP": 0.6278
    },
    {
      "Rank": 17,
      "Player": "PetrKikac1",
      "Points": 15,
      "Wins": 0,
      "Losses": 0,
      "Draws": 0,
      "OMWP": 0.449,
      "GWP": 0.6111,
      "OGWP": 0.47700000000000004
    },
    {
      "Rank": 16,
      "Player": "LuegenKonrad",
      "Points": 15,
      "Wins": 0,
      "Losses": 0,
      "Draws": 0,
      "OMWP": 0.46259999999999996,
      "GWP": 0.6470999999999999,
      "OGWP": 0.45039999999999997
    },
    {
      "Rank": 15,
      "Player": "MeninoNey",
      "Points": 15,
      "Wins": 0,
      "Losses": 0,
      "Draws": 0,
      "OMWP": 0.5102,
      "GWP": 0.6875,
      "OGWP": 0.46590000000000004
    },
    {
      "Rank": 14,
      "Player": "pwqz",
      "Points": 15,
      "Wins": 0,
      "Losses": 0,
      "Draws": 0,
      "OMWP": 0.5374,
      "GWP": 0.6875,
      "OGWP": 0.5193
    },
    {
      "Rank": 13,
      "Player": "Lightspirit",
      "Points": 15,
      "Wins": 0,
      "Losses": 0,
      "Draws": 0,
      "OMWP": 0.5639,
      "GWP": 0.6,
      "OGWP": 0.5444
    },
    {
      "Rank": 12,
      "Player": "JakeTMS",
      "Points": 15,
      "Wins": 0,
      "Losses": 0,
      "Draws": 0,
      "OMWP": 0.5782,
      "GWP": 0.6470999999999999,
      "OGWP": 0.5341
    },
    {
      "Rank": 11,
      "Player": "SuperCow12653",
      "Points": 15,
      "Wins": 0,
      "Losses": 0,
      "Draws": 0,
      "OMWP": 0.585,
      "GWP": 0.625,
      "OGWP": 0.5713
    },
    {
      "Rank": 10,
      "Player": "NathanOfTheGiltLeaf",
      "Points": 15,
      "Wins": 0,
      "Losses": 0,
      "Draws": 0,
      "OMWP": 0.5986,
      "GWP": 0.7059000000000001,
      "OGWP": 0.5424
    },
    {
      "Rank": 9,
      "Player": "Xenowan",
      "Points": 15,
      "Wins": 0,
      "Losses": 0,
      "Draws": 0,
      "OMWP": 0.6429,
      "GWP": 0.6315999999999999,
      "OGWP": 0.59
    },
    {
      "Rank": 8,
      "Player": "LORiWWA",
      "Points": 15,
      "Wins": 0,
      "Losses": 0,
      "Draws": 0,
      "OMWP": 0.6598999999999999,
      "GWP": 0.5556,
      "OGWP": 0.614
    },
    {
      "Rank": 7,
      "Player": "Fatal_Vlad",
      "Points": 15,
      "Wins": 0,
      "Losses": 0,
      "Draws": 0,
      "OMWP": 0.6598999999999999,
      "GWP": 0.5882000000000001,
      "OGWP": 0.5949
    },
    {
      "Rank": 6,
      "Player": "Gobern",
      "Points": 18,
      "Wins": 0,
      "Losses": 0,
      "Draws": 0,
      "OMWP": 0.5782,
      "GWP": 0.6315999999999999,
      "OGWP": 0.5376
    },
    {
      "Rank": 5,
      "Player": "Rvng",
      "Points": 18,
      "Wins": 0,
      "Losses": 0,
      "Draws": 0,
      "OMWP": 0.6435,
      "GWP": 0.8667,
      "OGWP": 0.5677
    },
    {
      "Rank": 4,
      "Player": "Mistakenn",
      "Points": 21,
      "Wins": 0,
      "Losses": 0,
      "Draws": 0,
      "OMWP": 0.6448999999999999,
      "GWP": 0.75,
      "OGWP": 0.5908
    },
    {
      "Rank": 3,
      "Player": "Gerardo94",
      "Points": 21,
      "Wins": 0,
      "Losses": 0,
      "Draws": 0,
      "OMWP": 0.6598999999999999,
      "GWP": 0.7059000000000001,
      "OGWP": 0.5949
    },
    {
      "Rank": 2,
      "Player": "O_danielakos",
      "Points": 24,
      "Wins": 0,
      "Losses": 0,
      "Draws": 0,
      "OMWP": 0.568,
      "GWP": 0.7646999999999999,
      "OGWP": 0.5422
    },
    {
      "Rank": 1,
      "Player": "Aardos",
      "Points": 27,
      "Wins": 0,
      "Losses": 0,
      "Draws": 0,
      "OMWP": 0.5476,
      "GWP": 0.7059000000000001,
      "OGWP": 0.5064
    }
  ]
}