{
  "Tournament": {
    "Id": 12803681,
    "Date": "2025-07-18T19:00:00",
    "Name": "Standard Challenge 32",
    "Uri": null,
    "JsonFile": null,
    "ForceRedownload": false
  },
  "Decks": null,
  "Rounds": [
    {
      "RoundName": "Round 1",
      "Matches": [
        {
          "Player1": "sebastianpozzo",
          "Player2": "_ZNT_",
          "Result": "2-0-0"
        },
        {
          "Player1": "manukoka",
          "Player2": "GzusReturned",
          "Result": "0-2-0"
        },
        {
          "Player1": "aarrgh",
          "Player2": "JulioP1985",
          "Result": "2-0-0"
        },
        {
          "Player1": "Mottaka",
          "Player2": "ElGaiteiro",
          "Result": "2-0-0"
        },
        {
          "Player1": "AJV20",
          "Player2": "ShadowTitan1",
          "Result": "0-2-0"
        },
        {
          "Player1": "Varo",
          "Player2": "quinniac",
          "Result": "0-2-0"
        },
        {
          "Player1": "EdgarB",
          "Player2": "josetorr87",
          "Result": "0-0-0"
        },
        {
          "Player1": "omair00",
          "Player2": "deleon91",
          "Result": "0-2-0"
        },
        {
          "Player1": "Moe12",
          "Player2": "KadettiKersantti",
          "Result": "0-2-0"
        },
        {
          "Player1": "peterhmasters",
          "Player2": "Shulk",
          "Result": "0-2-0"
        },
        {
          "Player1": "Kampo",
          "Player2": "IronBeagle",
          "Result": "0-2-0"
        },
        {
          "Player1": "LucasG1ggs",
          "Player2": "SuperCow12653",
          "Result": "0-2-0"
        },
        {
          "Player1": "Dreddybajs",
          "Player2": "SoulStrong",
          "Result": "0-2-0"
        },
        {
          "Player1": "Edel",
          "Player2": "YaGirlBryn",
          "Result": "0-0-0"
        },
        {
          "Player1": "OafMcNamara",
          "Player2": "VitorCarvalho01",
          "Result": "2-0-0"
        },
        {
          "Player1": "Brasatore",
          "Player2": "Univerce",
          "Result": "0-2-0"
        },
        {
          "Player1": "burnet7",
          "Player2": "Mldyss",
          "Result": "2-0-0"
        },
        {
          "Player1": "littledarwin",
          "Player2": "kcomedina",
          "Result": "0-2-0"
        },
        {
          "Player1": "Comrade1312",
          "Player2": "kaikas",
          "Result": "2-0-0"
        },
        {
          "Player1": "Capitano_CL",
          "Player2": "supersam710",
          "Result": "0-2-0"
        },
        {
          "Player1": "cigarettesaftershrek",
          "Player2": "MJ_23",
          "Result": "2-0-0"
        },
        {
          "Player1": "Salvatto",
          "Player2": "bomberboss",
          "Result": "2-0-0"
        },
        {
          "Player1": "Bullwinkkle6705",
          "Player2": "LORiWWA",
          "Result": "2-0-0"
        },
        {
          "Player1": "_Davimorais",
          "Player2": "Gerardo94",
          "Result": "2-0-0"
        },
        {
          "Player1": "matttothec",
          "Player2": "boiler",
          "Result": "0-2-0"
        },
        {
          "Player1": "andrw1232",
          "Player2": "WadeB",
          "Result": "0-2-0"
        },
        {
          "Player1": "L1X0",
          "Player2": "HyPPeR",
          "Result": "0-2-0"
        }
      ]
    },
    {
      "RoundName": "Round 2",
      "Matches": [
        {
          "Player1": "SoulStrong",
          "Player2": "IronBeagle",
          "Result": "2-0-0"
        },
        {
          "Player1": "kcomedina",
          "Player2": "KadettiKersantti",
          "Result": "0-2-0"
        },
        {
          "Player1": "OafMcNamara",
          "Player2": "WadeB",
          "Result": "0-2-0"
        },
        {
          "Player1": "burnet7",
          "Player2": "Comrade1312",
          "Result": "0-2-0"
        },
        {
          "Player1": "matttothec",
          "Player2": "andrw1232",
          "Result": "2-0-0"
        },
        {
          "Player1": "Varo",
          "Player2": "josetorr87",
          "Result": "2-0-0"
        },
        {
          "Player1": "Edel",
          "Player2": "Univerce",
          "Result": "0-2-0"
        },
        {
          "Player1": "AJV20",
          "Player2": "L1X0",
          "Result": "0-2-0"
        },
        {
          "Player1": "quinniac",
          "Player2": "EdgarB",
          "Result": "0-2-0"
        },
        {
          "Player1": "_ZNT_",
          "Player2": "JulioP1985",
          "Result": "2-0-0"
        },
        {
          "Player1": "Dreddybajs",
          "Player2": "Moe12",
          "Result": "2-0-0"
        },
        {
          "Player1": "Salvatto",
          "Player2": "aarrgh",
          "Result": "2-0-0"
        },
        {
          "Player1": "Brasatore",
          "Player2": "YaGirlBryn",
          "Result": "0-2-0"
        },
        {
          "Player1": "kaikas",
          "Player2": "Mldyss",
          "Result": "0-2-0"
        },
        {
          "Player1": "Capitano_CL",
          "Player2": "LucasG1ggs",
          "Result": "0-2-0"
        },
        {
          "Player1": "Kampo",
          "Player2": "VitorCarvalho01",
          "Result": "0-2-0"
        },
        {
          "Player1": "manukoka",
          "Player2": "LORiWWA",
          "Result": "2-0-0"
        },
        {
          "Player1": "Bullwinkkle6705",
          "Player2": "cftsoc3",
          "Result": "2-0-0"
        },
        {
          "Player1": "boiler",
          "Player2": "supersam710",
          "Result": "2-0-0"
        },
        {
          "Player1": "Mottaka",
          "Player2": "deleon91",
          "Result": "2-0-0"
        },
        {
          "Player1": "SuperCow12653",
          "Player2": "cigarettesaftershrek",
          "Result": "2-0-0"
        },
        {
          "Player1": "_Davimorais",
          "Player2": "ShadowTitan1",
          "Result": "0-2-0"
        },
        {
          "Player1": "sebastianpozzo",
          "Player2": "Shulk",
          "Result": "2-0-0"
        },
        {
          "Player1": "littledarwin",
          "Player2": "Gerardo94",
          "Result": "0-2-0"
        },
        {
          "Player1": "bomberboss",
          "Player2": "ElGaiteiro",
          "Result": "2-0-0"
        },
        {
          "Player1": "HyPPeR",
          "Player2": "GzusReturned",
          "Result": "2-0-0"
        },
        {
          "Player1": "MJ_23",
          "Player2": "omair00",
          "Result": "2-0-0"
        }
      ]
    },
    {
      "RoundName": "Round 3",
      "Matches": [
        {
          "Player1": "Salvatto",
          "Player2": "Univerce",
          "Result": "2-0-0"
        },
        {
          "Player1": "Dreddybajs",
          "Player2": "OafMcNamara",
          "Result": "0-2-0"
        },
        {
          "Player1": "Edel",
          "Player2": "IronBeagle",
          "Result": "0-2-0"
        },
        {
          "Player1": "kcomedina",
          "Player2": "burnet7",
          "Result": "2-0-0"
        },
        {
          "Player1": "manukoka",
          "Player2": "Shulk",
          "Result": "2-0-0"
        },
        {
          "Player1": "quinniac",
          "Player2": "supersam710",
          "Result": "2-0-0"
        },
        {
          "Player1": "SoulStrong",
          "Player2": "SuperCow12653",
          "Result": "0-2-0"
        },
        {
          "Player1": "Mottaka",
          "Player2": "ShadowTitan1",
          "Result": "2-0-0"
        },
        {
          "Player1": "L1X0",
          "Player2": "GzusReturned",
          "Result": "2-1-0"
        },
        {
          "Player1": "sebastianpozzo",
          "Player2": "WadeB",
          "Result": "2-0-0"
        },
        {
          "Player1": "_Davimorais",
          "Player2": "bomberboss",
          "Result": "2-0-0"
        },
        {
          "Player1": "Mldyss",
          "Player2": "VitorCarvalho01",
          "Result": "0-0-0"
        },
        {
          "Player1": "Gerardo94",
          "Player2": "cigarettesaftershrek",
          "Result": "0-0-0"
        },
        {
          "Player1": "matttothec",
          "Player2": "aarrgh",
          "Result": "2-0-0"
        },
        {
          "Player1": "boiler",
          "Player2": "Comrade1312",
          "Result": "0-2-0"
        },
        {
          "Player1": "Moe12",
          "Player2": "ElGaiteiro",
          "Result": "2-0-0"
        },
        {
          "Player1": "HyPPeR",
          "Player2": "Bullwinkkle6705",
          "Result": "0-2-0"
        },
        {
          "Player1": "EdgarB",
          "Player2": "KadettiKersantti",
          "Result": "0-2-0"
        },
        {
          "Player1": "AJV20",
          "Player2": "kaikas",
          "Result": "2-0-0"
        },
        {
          "Player1": "_ZNT_",
          "Player2": "Brasatore",
          "Result": "0-2-0"
        },
        {
          "Player1": "LucasG1ggs",
          "Player2": "cftsoc3",
          "Result": "0-2-0"
        },
        {
          "Player1": "deleon91",
          "Player2": "YaGirlBryn",
          "Result": "2-0-0"
        },
        {
          "Player1": "MJ_23",
          "Player2": "Varo",
          "Result": "0-2-0"
        }
      ]
    },
    {
      "RoundName": "Round 4",
      "Matches": [
        {
          "Player1": "quinniac",
          "Player2": "Mldyss",
          "Result": "2-0-0"
        },
        {
          "Player1": "littledarwin",
          "Player2": "Dreddybajs",
          "Result": "2-0-0"
        },
        {
          "Player1": "HyPPeR",
          "Player2": "Comrade1312",
          "Result": "2-0-0"
        },
        {
          "Player1": "aarrgh",
          "Player2": "YaGirlBryn",
          "Result": "2-0-0"
        },
        {
          "Player1": "VitorCarvalho01",
          "Player2": "Shulk",
          "Result": "2-0-0"
        },
        {
          "Player1": "L1X0",
          "Player2": "SoulStrong",
          "Result": "2-0-0"
        },
        {
          "Player1": "Varo",
          "Player2": "IronBeagle",
          "Result": "0-2-0"
        },
        {
          "Player1": "matttothec",
          "Player2": "supersam710",
          "Result": "0-2-0"
        },
        {
          "Player1": "ShadowTitan1",
          "Player2": "cftsoc3",
          "Result": "0-2-0"
        },
        {
          "Player1": "manukoka",
          "Player2": "EdgarB",
          "Result": "0-2-0"
        },
        {
          "Player1": "boiler",
          "Player2": "deleon91",
          "Result": "0-2-0"
        },
        {
          "Player1": "Moe12",
          "Player2": "Gerardo94",
          "Result": "0-2-0"
        },
        {
          "Player1": "kcomedina",
          "Player2": "cigarettesaftershrek",
          "Result": "0-2-0"
        },
        {
          "Player1": "MJ_23",
          "Player2": "_ZNT_",
          "Result": "2-0-0"
        },
        {
          "Player1": "Salvatto",
          "Player2": "Bullwinkkle6705",
          "Result": "0-2-0"
        },
        {
          "Player1": "LucasG1ggs",
          "Player2": "GzusReturned",
          "Result": "0-0-0"
        },
        {
          "Player1": "AJV20",
          "Player2": "bomberboss",
          "Result": "2-0-0"
        },
        {
          "Player1": "WadeB",
          "Player2": "Univerce",
          "Result": "0-2-0"
        },
        {
          "Player1": "SuperCow12653",
          "Player2": "KadettiKersantti",
          "Result": "0-2-0"
        },
        {
          "Player1": "sebastianpozzo",
          "Player2": "Mottaka",
          "Result": "2-0-0"
        },
        {
          "Player1": "Edel",
          "Player2": "Brasatore",
          "Result": "1-2-0"
        },
        {
          "Player1": "OafMcNamara",
          "Player2": "_Davimorais",
          "Result": "2-0-0"
        }
      ]
    },
    {
      "RoundName": "Round 5",
      "Matches": [
        {
          "Player1": "Gerardo94",
          "Player2": "VitorCarvalho01",
          "Result": "0-2-0"
        },
        {
          "Player1": "L1X0",
          "Player2": "Comrade1312",
          "Result": "2-0-0"
        },
        {
          "Player1": "OafMcNamara",
          "Player2": "Univerce",
          "Result": "0-2-0"
        },
        {
          "Player1": "kcomedina",
          "Player2": "aarrgh",
          "Result": "0-2-0"
        },
        {
          "Player1": "LucasG1ggs",
          "Player2": "bomberboss",
          "Result": "2-0-0"
        },
        {
          "Player1": "littledarwin",
          "Player2": "Varo",
          "Result": "0-2-0"
        },
        {
          "Player1": "manukoka",
          "Player2": "burnet7",
          "Result": "2-0-0"
        },
        {
          "Player1": "MJ_23",
          "Player2": "SoulStrong",
          "Result": "0-2-0"
        },
        {
          "Player1": "_Davimorais",
          "Player2": "Mldyss",
          "Result": "2-0-0"
        },
        {
          "Player1": "supersam710",
          "Player2": "GzusReturned",
          "Result": "0-2-0"
        },
        {
          "Player1": "Bullwinkkle6705",
          "Player2": "cigarettesaftershrek",
          "Result": "0-0-0"
        },
        {
          "Player1": "AJV20",
          "Player2": "YaGirlBryn",
          "Result": "2-0-0"
        },
        {
          "Player1": "IronBeagle",
          "Player2": "EdgarB",
          "Result": "2-0-0"
        },
        {
          "Player1": "sebastianpozzo",
          "Player2": "KadettiKersantti",
          "Result": "0-2-0"
        },
        {
          "Player1": "Salvatto",
          "Player2": "deleon91",
          "Result": "2-0-0"
        },
        {
          "Player1": "matttothec",
          "Player2": "quinniac",
          "Result": "0-2-0"
        },
        {
          "Player1": "HyPPeR",
          "Player2": "cftsoc3",
          "Result": "2-0-0"
        },
        {
          "Player1": "ShadowTitan1",
          "Player2": "Brasatore",
          "Result": "2-0-0"
        },
        {
          "Player1": "Mottaka",
          "Player2": "SuperCow12653",
          "Result": "0-2-0"
        },
        {
          "Player1": "boiler",
          "Player2": "WadeB",
          "Result": "2-0-0"
        }
      ]
    },
    {
      "RoundName": "Round 6",
      "Matches": [
        {
          "Player1": "WadeB",
          "Player2": "Brasatore",
          "Result": "2-0-0"
        },
        {
          "Player1": "Mottaka",
          "Player2": "EdgarB",
          "Result": "2-0-0"
        },
        {
          "Player1": "SuperCow12653",
          "Player2": "quinniac",
          "Result": "0-2-0"
        },
        {
          "Player1": "littledarwin",
          "Player2": "ShadowTitan1",
          "Result": "0-2-0"
        },
        {
          "Player1": "manukoka",
          "Player2": "VitorCarvalho01",
          "Result": "0-2-0"
        },
        {
          "Player1": "sebastianpozzo",
          "Player2": "Salvatto",
          "Result": "2-0-0"
        },
        {
          "Player1": "OafMcNamara",
          "Player2": "SoulStrong",
          "Result": "0-2-0"
        },
        {
          "Player1": "_Davimorais",
          "Player2": "cftsoc3",
          "Result": "0-2-0"
        },
        {
          "Player1": "AJV20",
          "Player2": "Comrade1312",
          "Result": "2-0-0"
        },
        {
          "Player1": "L1X0",
          "Player2": "Bullwinkkle6705",
          "Result": "2-0-0"
        },
        {
          "Player1": "matttothec",
          "Player2": "burnet7",
          "Result": "2-0-0"
        },
        {
          "Player1": "aarrgh",
          "Player2": "GzusReturned",
          "Result": "2-0-0"
        },
        {
          "Player1": "IronBeagle",
          "Player2": "cigarettesaftershrek",
          "Result": "2-0-0"
        },
        {
          "Player1": "Varo",
          "Player2": "deleon91",
          "Result": "0-2-0"
        },
        {
          "Player1": "LucasG1ggs",
          "Player2": "supersam710",
          "Result": "0-2-0"
        },
        {
          "Player1": "HyPPeR",
          "Player2": "boiler",
          "Result": "0-2-0"
        },
        {
          "Player1": "Univerce",
          "Player2": "KadettiKersantti",
          "Result": "2-0-0"
        }
      ]
    },
    {
      "RoundName": "Round 7",
      "Matches": [
        {
          "Player1": "L1X0",
          "Player2": "SuperCow12653",
          "Result": "2-0-0"
        },
        {
          "Player1": "quinniac",
          "Player2": "Univerce",
          "Result": "2-0-0"
        },
        {
          "Player1": "Salvatto",
          "Player2": "KadettiKersantti",
          "Result": "0-2-0"
        },
        {
          "Player1": "sebastianpozzo",
          "Player2": "IronBeagle",
          "Result": "0-0-0"
        }
      ]
    },
    {
      "RoundName": "Round 8",
      "Matches": [
        {
          "Player1": "sebastianpozzo",
          "Player2": "L1X0",
          "Result": "2-0-0"
        },
        {
          "Player1": "quinniac",
          "Player2": "KadettiKersantti",
          "Result": "0-2-0"
        }
      ]
    },
    {
      "RoundName": "Round 9",
      "Matches": [
        {
          "Player1": "sebastianpozzo",
          "Player2": "KadettiKersantti",
          "Result": "2-0-0"
        }
      ]
    }
  ],
  "Standings": [
    {
      "Rank": 55,
      "Player": "peterhmasters",
      "Points": 0,
      "Wins": 0,
      "Losses": 0,
      "Draws": 0,
      "OMWP": 0.3333,
      "GWP": 0,
      "OGWP": 0.3333
    },
    {
      "Rank": 54,
      "Player": "Capitano_CL",
      "Points": 0,
      "Wins": 0,
      "Losses": 0,
      "Draws": 0,
      "OMWP": 0.4167,
      "GWP": 0.2,
      "OGWP": 0.43329999999999996
    },
    {
      "Rank": 53,
      "Player": "ElGaiteiro",
      "Points": 0,
      "Wins": 0,
      "Losses": 0,
      "Draws": 0,
      "OMWP": 0.44439999999999996,
      "GWP": 0.1429,
      "OGWP": 0.41979999999999995
    },
    {
      "Rank": 52,
      "Player": "JulioP1985",
      "Points": 0,
      "Wins": 0,
      "Losses": 0,
      "Draws": 0,
      "OMWP": 0.5,
      "GWP": 0,
      "OGWP": 0.4813
    },
    {
      "Rank": 51,
      "Player": "andrw1232",
      "Points": 0,
      "Wins": 0,
      "Losses": 0,
      "Draws": 0,
      "OMWP": 0.5,
      "GWP": 0.3333,
      "OGWP": 0.4521
    },
    {
      "Rank": 50,
      "Player": "josetorr87",
      "Points": 0,
      "Wins": 0,
      "Losses": 0,
      "Draws": 0,
      "OMWP": 0.5,
      "GWP": 0.3333,
      "OGWP": 0.45399999999999996
    },
    {
      "Rank": 49,
      "Player": "kaikas",
      "Points": 0,
      "Wins": 0,
      "Losses": 0,
      "Draws": 0,
      "OMWP": 0.5222,
      "GWP": 0.25,
      "OGWP": 0.5413
    },
    {
      "Rank": 48,
      "Player": "omair00",
      "Points": 0,
      "Wins": 0,
      "Losses": 0,
      "Draws": 0,
      "OMWP": 0.5333,
      "GWP": 0,
      "OGWP": 0.5433
    },
    {
      "Rank": 47,
      "Player": "LORiWWA",
      "Points": 0,
      "Wins": 0,
      "Losses": 0,
      "Draws": 0,
      "OMWP": 0.5832999999999999,
      "GWP": 0,
      "OGWP": 0.6
    },
    {
      "Rank": 46,
      "Player": "Kampo",
      "Points": 0,
      "Wins": 0,
      "Losses": 0,
      "Draws": 0,
      "OMWP": 0.75,
      "GWP": 0.2,
      "OGWP": 0.6652
    },
    {
      "Rank": 45,
      "Player": "Dreddybajs",
      "Points": 3,
      "Wins": 0,
      "Losses": 0,
      "Draws": 0,
      "OMWP": 0.4583,
      "GWP": 0.22219999999999998,
      "OGWP": 0.4921
    },
    {
      "Rank": 44,
      "Player": "Moe12",
      "Points": 3,
      "Wins": 0,
      "Losses": 0,
      "Draws": 0,
      "OMWP": 0.475,
      "GWP": 0.3636,
      "OGWP": 0.44229999999999997
    },
    {
      "Rank": 43,
      "Player": "_ZNT_",
      "Points": 3,
      "Wins": 0,
      "Losses": 0,
      "Draws": 0,
      "OMWP": 0.475,
      "GWP": 0.4,
      "OGWP": 0.48210000000000003
    },
    {
      "Rank": 42,
      "Player": "bomberboss",
      "Points": 3,
      "Wins": 0,
      "Losses": 0,
      "Draws": 0,
      "OMWP": 0.5,
      "GWP": 0.2727,
      "OGWP": 0.48100000000000004
    },
    {
      "Rank": 41,
      "Player": "YaGirlBryn",
      "Points": 3,
      "Wins": 0,
      "Losses": 0,
      "Draws": 0,
      "OMWP": 0.5333,
      "GWP": 0.3077,
      "OGWP": 0.5042
    },
    {
      "Rank": 40,
      "Player": "Shulk",
      "Points": 3,
      "Wins": 0,
      "Losses": 0,
      "Draws": 0,
      "OMWP": 0.5832999999999999,
      "GWP": 0.25,
      "OGWP": 0.5607
    },
    {
      "Rank": 39,
      "Player": "Edel",
      "Points": 3,
      "Wins": 0,
      "Losses": 0,
      "Draws": 0,
      "OMWP": 0.5832999999999999,
      "GWP": 0.3,
      "OGWP": 0.5516
    },
    {
      "Rank": 38,
      "Player": "burnet7",
      "Points": 6,
      "Wins": 0,
      "Losses": 0,
      "Draws": 0,
      "OMWP": 0.48,
      "GWP": 0.4,
      "OGWP": 0.49229999999999996
    },
    {
      "Rank": 37,
      "Player": "littledarwin",
      "Points": 6,
      "Wins": 0,
      "Losses": 0,
      "Draws": 0,
      "OMWP": 0.48,
      "GWP": 0.4286,
      "OGWP": 0.44270000000000004
    },
    {
      "Rank": 36,
      "Player": "Gerardo94",
      "Points": 6,
      "Wins": 0,
      "Losses": 0,
      "Draws": 0,
      "OMWP": 0.5,
      "GWP": 0.3333,
      "OGWP": 0.5047
    },
    {
      "Rank": 35,
      "Player": "Brasatore",
      "Points": 6,
      "Wins": 0,
      "Losses": 0,
      "Draws": 0,
      "OMWP": 0.5,
      "GWP": 0.4,
      "OGWP": 0.49369999999999997
    },
    {
      "Rank": 34,
      "Player": "LucasG1ggs",
      "Points": 6,
      "Wins": 0,
      "Losses": 0,
      "Draws": 0,
      "OMWP": 0.5,
      "GWP": 0.4,
      "OGWP": 0.49520000000000003
    },
    {
      "Rank": 33,
      "Player": "MJ_23",
      "Points": 6,
      "Wins": 0,
      "Losses": 0,
      "Draws": 0,
      "OMWP": 0.5,
      "GWP": 0.46149999999999997,
      "OGWP": 0.4804
    },
    {
      "Rank": 32,
      "Player": "Mldyss",
      "Points": 6,
      "Wins": 0,
      "Losses": 0,
      "Draws": 0,
      "OMWP": 0.5333,
      "GWP": 0.46149999999999997,
      "OGWP": 0.5127
    },
    {
      "Rank": 31,
      "Player": "manukoka",
      "Points": 9,
      "Wins": 0,
      "Losses": 0,
      "Draws": 0,
      "OMWP": 0.44439999999999996,
      "GWP": 0.5333,
      "OGWP": 0.4586
    },
    {
      "Rank": 30,
      "Player": "_Davimorais",
      "Points": 9,
      "Wins": 0,
      "Losses": 0,
      "Draws": 0,
      "OMWP": 0.49439999999999995,
      "GWP": 0.5,
      "OGWP": 0.49520000000000003
    },
    {
      "Rank": 29,
      "Player": "supersam710",
      "Points": 9,
      "Wins": 0,
      "Losses": 0,
      "Draws": 0,
      "OMWP": 0.5278,
      "GWP": 0.4667,
      "OGWP": 0.505
    },
    {
      "Rank": 28,
      "Player": "matttothec",
      "Points": 9,
      "Wins": 0,
      "Losses": 0,
      "Draws": 0,
      "OMWP": 0.5556,
      "GWP": 0.4375,
      "OGWP": 0.5083
    },
    {
      "Rank": 27,
      "Player": "Varo",
      "Points": 9,
      "Wins": 0,
      "Losses": 0,
      "Draws": 0,
      "OMWP": 0.5667,
      "GWP": 0.4375,
      "OGWP": 0.5372
    },
    {
      "Rank": 26,
      "Player": "kcomedina",
      "Points": 9,
      "Wins": 0,
      "Losses": 0,
      "Draws": 0,
      "OMWP": 0.5667,
      "GWP": 0.4667,
      "OGWP": 0.5497
    },
    {
      "Rank": 25,
      "Player": "WadeB",
      "Points": 9,
      "Wins": 0,
      "Losses": 0,
      "Draws": 0,
      "OMWP": 0.5832999999999999,
      "GWP": 0.4667,
      "OGWP": 0.5643
    },
    {
      "Rank": 24,
      "Player": "OafMcNamara",
      "Points": 9,
      "Wins": 0,
      "Losses": 0,
      "Draws": 0,
      "OMWP": 0.5832999999999999,
      "GWP": 0.5333,
      "OGWP": 0.5619
    },
    {
      "Rank": 23,
      "Player": "Comrade1312",
      "Points": 9,
      "Wins": 0,
      "Losses": 0,
      "Draws": 0,
      "OMWP": 0.5832999999999999,
      "GWP": 0.5625,
      "OGWP": 0.5221
    },
    {
      "Rank": 22,
      "Player": "GzusReturned",
      "Points": 9,
      "Wins": 0,
      "Losses": 0,
      "Draws": 0,
      "OMWP": 0.5832999999999999,
      "GWP": 0.5714,
      "OGWP": 0.527
    },
    {
      "Rank": 21,
      "Player": "EdgarB",
      "Points": 9,
      "Wins": 0,
      "Losses": 0,
      "Draws": 0,
      "OMWP": 0.6667000000000001,
      "GWP": 0.4706,
      "OGWP": 0.5956
    },
    {
      "Rank": 20,
      "Player": "VitorCarvalho01",
      "Points": 12,
      "Wins": 0,
      "Losses": 0,
      "Draws": 0,
      "OMWP": 0.4111,
      "GWP": 0.6429,
      "OGWP": 0.4214
    },
    {
      "Rank": 19,
      "Player": "aarrgh",
      "Points": 12,
      "Wins": 0,
      "Losses": 0,
      "Draws": 0,
      "OMWP": 0.4722,
      "GWP": 0.5625,
      "OGWP": 0.4523
    },
    {
      "Rank": 18,
      "Player": "AJV20",
      "Points": 12,
      "Wins": 0,
      "Losses": 0,
      "Draws": 0,
      "OMWP": 0.5,
      "GWP": 0.6,
      "OGWP": 0.4694
    },
    {
      "Rank": 17,
      "Player": "deleon91",
      "Points": 12,
      "Wins": 0,
      "Losses": 0,
      "Draws": 0,
      "OMWP": 0.5278,
      "GWP": 0.625,
      "OGWP": 0.473
    },
    {
      "Rank": 16,
      "Player": "ShadowTitan1",
      "Points": 12,
      "Wins": 0,
      "Losses": 0,
      "Draws": 0,
      "OMWP": 0.5278,
      "GWP": 0.6429,
      "OGWP": 0.5263
    },
    {
      "Rank": 15,
      "Player": "boiler",
      "Points": 12,
      "Wins": 0,
      "Losses": 0,
      "Draws": 0,
      "OMWP": 0.5556,
      "GWP": 0.6,
      "OGWP": 0.5244
    },
    {
      "Rank": 14,
      "Player": "cftsoc3",
      "Points": 12,
      "Wins": 0,
      "Losses": 0,
      "Draws": 0,
      "OMWP": 0.5667,
      "GWP": 0.6667000000000001,
      "OGWP": 0.5596
    },
    {
      "Rank": 13,
      "Player": "cigarettesaftershrek",
      "Points": 12,
      "Wins": 0,
      "Losses": 0,
      "Draws": 0,
      "OMWP": 0.5778,
      "GWP": 0.5882000000000001,
      "OGWP": 0.536
    },
    {
      "Rank": 12,
      "Player": "SoulStrong",
      "Points": 12,
      "Wins": 0,
      "Losses": 0,
      "Draws": 0,
      "OMWP": 0.5943999999999999,
      "GWP": 0.6429,
      "OGWP": 0.5378000000000001
    },
    {
      "Rank": 11,
      "Player": "Mottaka",
      "Points": 12,
      "Wins": 0,
      "Losses": 0,
      "Draws": 0,
      "OMWP": 0.6111,
      "GWP": 0.5625,
      "OGWP": 0.5675
    },
    {
      "Rank": 10,
      "Player": "HyPPeR",
      "Points": 12,
      "Wins": 0,
      "Losses": 0,
      "Draws": 0,
      "OMWP": 0.6389,
      "GWP": 0.5882000000000001,
      "OGWP": 0.6131
    },
    {
      "Rank": 9,
      "Player": "Bullwinkkle6705",
      "Points": 12,
      "Wins": 0,
      "Losses": 0,
      "Draws": 0,
      "OMWP": 0.6389,
      "GWP": 0.6667000000000001,
      "OGWP": 0.5598
    },
    {
      "Rank": 8,
      "Player": "Salvatto",
      "Points": 12,
      "Wins": 0,
      "Losses": 0,
      "Draws": 0,
      "OMWP": 0.6667000000000001,
      "GWP": 0.5714,
      "OGWP": 0.6178
    },
    {
      "Rank": 7,
      "Player": "SuperCow12653",
      "Points": 12,
      "Wins": 0,
      "Losses": 0,
      "Draws": 0,
      "OMWP": 0.6667000000000001,
      "GWP": 0.6,
      "OGWP": 0.6084
    },
    {
      "Rank": 6,
      "Player": "IronBeagle",
      "Points": 15,
      "Wins": 0,
      "Losses": 0,
      "Draws": 0,
      "OMWP": 0.5,
      "GWP": 0.6875,
      "OGWP": 0.46759999999999996
    },
    {
      "Rank": 5,
      "Player": "Univerce",
      "Points": 15,
      "Wins": 0,
      "Losses": 0,
      "Draws": 0,
      "OMWP": 0.5278,
      "GWP": 0.7857,
      "OGWP": 0.5123
    },
    {
      "Rank": 4,
      "Player": "quinniac",
      "Points": 18,
      "Wins": 0,
      "Losses": 0,
      "Draws": 0,
      "OMWP": 0.5111,
      "GWP": 0.6875,
      "OGWP": 0.479
    },
    {
      "Rank": 3,
      "Player": "L1X0",
      "Points": 18,
      "Wins": 0,
      "Losses": 0,
      "Draws": 0,
      "OMWP": 0.6111,
      "GWP": 0.6111,
      "OGWP": 0.6053000000000001
    },
    {
      "Rank": 2,
      "Player": "KadettiKersantti",
      "Points": 21,
      "Wins": 0,
      "Losses": 0,
      "Draws": 0,
      "OMWP": 0.6111,
      "GWP": 0.7692,
      "OGWP": 0.57
    },
    {
      "Rank": 1,
      "Player": "sebastianpozzo",
      "Points": 24,
      "Wins": 0,
      "Losses": 0,
      "Draws": 0,
      "OMWP": 0.5556,
      "GWP": 0.7333,
      "OGWP": 0.5172
    }
  ]
}