{
  "Tournament": {
    "Id": 12803671,
    "Date": "2025-07-18T02:00:00",
    "Name": "Standard Challenge 32",
    "Uri": null,
    "JsonFile": null,
    "ForceRedownload": false
  },
  "Decks": null,
  "Rounds": [
    {
      "RoundName": "Round 1",
      "Matches": [
        {
          "Player1": "BronzKneecap",
          "Player2": "Predrag133",
          "Result": "0-2-0"
        },
        {
          "Player1": "triosk",
          "Player2": "MandrillMan",
          "Result": "2-0-0"
        },
        {
          "Player1": "2345678",
          "Player2": "doctor-x",
          "Result": "2-0-0"
        },
        {
          "Player1": "O_danielakos",
          "Player2": "robodude222",
          "Result": "0-2-0"
        },
        {
          "Player1": "Capitano_CL",
          "Player2": "Vahll",
          "Result": "2-0-0"
        },
        {
          "Player1": "MTGHolic",
          "Player2": "_Siegfried",
          "Result": "2-0-0"
        },
        {
          "Player1": "HouseOfManaMTG",
          "Player2": "peterhmasters",
          "Result": "2-0-0"
        },
        {
          "Player1": "laa11",
          "Player2": "BirdFlew",
          "Result": "0-2-0"
        },
        {
          "Player1": "selesneal",
          "Player2": "el-pollo-lolo",
          "Result": "0-2-0"
        },
        {
          "Player1": "Danielpena397",
          "Player2": "wcl",
          "Result": "0-2-0"
        },
        {
          "Player1": "L1X0",
          "Player2": "deleon91",
          "Result": "2-0-0"
        },
        {
          "Player1": "sandoiche",
          "Player2": "omair00",
          "Result": "0-0-0"
        },
        {
          "Player1": "ashame",
          "Player2": "LaneOrLaine",
          "Result": "2-0-0"
        },
        {
          "Player1": "kcomedina",
          "Player2": "Venom1",
          "Result": "0-2-0"
        },
        {
          "Player1": "VitorCarvalho01",
          "Player2": "Adam-Bazika",
          "Result": "0-2-0"
        },
        {
          "Player1": "Rosiedog88",
          "Player2": "GzusReturned",
          "Result": "0-2-0"
        },
        {
          "Player1": "Willthepill",
          "Player2": "gazmon48",
          "Result": "2-0-0"
        },
        {
          "Player1": "Raydan",
          "Player2": "Shadowz2005",
          "Result": "2-0-0"
        },
        {
          "Player1": "tim96",
          "Player2": "ShadowTitan1",
          "Result": "0-2-0"
        },
        {
          "Player1": "jorge_taylor",
          "Player2": "cftsoc3",
          "Result": "2-0-0"
        },
        {
          "Player1": "Comrade1312",
          "Player2": "manohito",
          "Result": "0-2-0"
        },
        {
          "Player1": "bolov0",
          "Player2": "KingBeav999",
          "Result": "0-2-0"
        },
        {
          "Player1": "Golgarburr",
          "Player2": "TeamBigBrain-Twitch",
          "Result": "0-2-0"
        },
        {
          "Player1": "LucasG1ggs",
          "Player2": "Tunaktunak",
          "Result": "2-0-0"
        },
        {
          "Player1": "kaikas",
          "Player2": "sixmp",
          "Result": "0-2-0"
        },
        {
          "Player1": "Bullwinkkle6705",
          "Player2": "IronBeagle",
          "Result": "2-0-0"
        },
        {
          "Player1": "sandydogmtg",
          "Player2": "canepis16",
          "Result": "0-2-0"
        },
        {
          "Player1": "TenDollarBanana",
          "Player2": "SoulStrong",
          "Result": "0-2-0"
        },
        {
          "Player1": "_Davimorais",
          "Player2": "quinniac",
          "Result": "2-0-0"
        }
      ]
    },
    {
      "RoundName": "Round 2",
      "Matches": [
        {
          "Player1": "Willthepill",
          "Player2": "robodude222",
          "Result": "2-0-0"
        },
        {
          "Player1": "Capitano_CL",
          "Player2": "GzusReturned",
          "Result": "2-0-0"
        },
        {
          "Player1": "ShadowTitan1",
          "Player2": "KingBeav999",
          "Result": "2-0-0"
        },
        {
          "Player1": "Tunaktunak",
          "Player2": "BronzKneecap",
          "Result": "2-0-0"
        },
        {
          "Player1": "quinniac",
          "Player2": "Rosiedog88",
          "Result": "2-0-0"
        },
        {
          "Player1": "kcomedina",
          "Player2": "tim96",
          "Result": "0-2-0"
        },
        {
          "Player1": "Raydan",
          "Player2": "Predrag133",
          "Result": "0-2-0"
        },
        {
          "Player1": "Venom1",
          "Player2": "Adam-Bazika",
          "Result": "2-0-0"
        },
        {
          "Player1": "triosk",
          "Player2": "2345678",
          "Result": "2-0-0"
        },
        {
          "Player1": "el-pollo-lolo",
          "Player2": "BirdFlew",
          "Result": "0-2-0"
        },
        {
          "Player1": "_Davimorais",
          "Player2": "ashame",
          "Result": "2-0-0"
        },
        {
          "Player1": "SoulStrong",
          "Player2": "HouseOfManaMTG",
          "Result": "0-2-0"
        },
        {
          "Player1": "Vahll",
          "Player2": "VitorCarvalho01",
          "Result": "0-2-0"
        },
        {
          "Player1": "LucasG1ggs",
          "Player2": "MTGHolic",
          "Result": "1-2-0"
        },
        {
          "Player1": "TenDollarBanana",
          "Player2": "O_danielakos",
          "Result": "0-2-0"
        },
        {
          "Player1": "kaikas",
          "Player2": "LaneOrLaine",
          "Result": "0-0-0"
        },
        {
          "Player1": "L1X0",
          "Player2": "xfile",
          "Result": "2-0-0"
        },
        {
          "Player1": "sandoiche",
          "Player2": "Bullwinkkle6705",
          "Result": "0-2-0"
        },
        {
          "Player1": "laa11",
          "Player2": "Golgarburr",
          "Result": "2-0-0"
        },
        {
          "Player1": "omair00",
          "Player2": "cftsoc3",
          "Result": "0-2-0"
        },
        {
          "Player1": "Comrade1312",
          "Player2": "Shadowz2005",
          "Result": "2-0-0"
        },
        {
          "Player1": "jorge_taylor",
          "Player2": "sixmp",
          "Result": "0-2-0"
        },
        {
          "Player1": "MandrillMan",
          "Player2": "peterhmasters",
          "Result": "2-0-0"
        },
        {
          "Player1": "canepis16",
          "Player2": "TeamBigBrain-Twitch",
          "Result": "0-2-0"
        },
        {
          "Player1": "deleon91",
          "Player2": "_Siegfried",
          "Result": "2-0-0"
        },
        {
          "Player1": "manohito",
          "Player2": "wcl",
          "Result": "0-2-0"
        },
        {
          "Player1": "IronBeagle",
          "Player2": "sandydogmtg",
          "Result": "2-0-0"
        },
        {
          "Player1": "bolov0",
          "Player2": "selesneal",
          "Result": "0-2-0"
        },
        {
          "Player1": "Danielpena397",
          "Player2": "doctor-x",
          "Result": "2-0-0"
        }
      ]
    },
    {
      "RoundName": "Round 3",
      "Matches": [
        {
          "Player1": "KingBeav999",
          "Player2": "Adam-Bazika",
          "Result": "2-0-0"
        },
        {
          "Player1": "O_danielakos",
          "Player2": "Danielpena397",
          "Result": "0-2-0"
        },
        {
          "Player1": "Tunaktunak",
          "Player2": "tim96",
          "Result": "0-2-0"
        },
        {
          "Player1": "el-pollo-lolo",
          "Player2": "2345678",
          "Result": "2-1-0"
        },
        {
          "Player1": "Comrade1312",
          "Player2": "ashame",
          "Result": "0-2-0"
        },
        {
          "Player1": "robodude222",
          "Player2": "Predrag133",
          "Result": "0-2-0"
        },
        {
          "Player1": "laa11",
          "Player2": "canepis16",
          "Result": "2-0-0"
        },
        {
          "Player1": "cftsoc3",
          "Player2": "GzusReturned",
          "Result": "0-2-0"
        },
        {
          "Player1": "L1X0",
          "Player2": "Willthepill",
          "Result": "2-0-0"
        },
        {
          "Player1": "triosk",
          "Player2": "_Davimorais",
          "Result": "2-0-0"
        },
        {
          "Player1": "jorge_taylor",
          "Player2": "selesneal",
          "Result": "2-0-0"
        },
        {
          "Player1": "LucasG1ggs",
          "Player2": "kaikas",
          "Result": "0-2-0"
        },
        {
          "Player1": "sandoiche",
          "Player2": "xfile",
          "Result": "0-2-0"
        },
        {
          "Player1": "MTGHolic",
          "Player2": "wcl",
          "Result": "2-0-0"
        },
        {
          "Player1": "ShadowTitan1",
          "Player2": "BirdFlew",
          "Result": "2-0-0"
        },
        {
          "Player1": "Raydan",
          "Player2": "MandrillMan",
          "Result": "2-0-0"
        },
        {
          "Player1": "IronBeagle",
          "Player2": "VitorCarvalho01",
          "Result": "2-0-0"
        },
        {
          "Player1": "SoulStrong",
          "Player2": "manohito",
          "Result": "0-2-0"
        },
        {
          "Player1": "Capitano_CL",
          "Player2": "TeamBigBrain-Twitch",
          "Result": "2-0-0"
        },
        {
          "Player1": "Venom1",
          "Player2": "sixmp",
          "Result": "0-2-0"
        },
        {
          "Player1": "quinniac",
          "Player2": "deleon91",
          "Result": "2-0-0"
        },
        {
          "Player1": "Bullwinkkle6705",
          "Player2": "HouseOfManaMTG",
          "Result": "0-2-0"
        },
        {
          "Player1": "kcomedina",
          "Player2": "Shadowz2005",
          "Result": "2-0-0"
        }
      ]
    },
    {
      "RoundName": "Round 4",
      "Matches": [
        {
          "Player1": "SoulStrong",
          "Player2": "doctor-x",
          "Result": "2-0-0"
        },
        {
          "Player1": "MandrillMan",
          "Player2": "VitorCarvalho01",
          "Result": "2-0-0"
        },
        {
          "Player1": "Capitano_CL",
          "Player2": "Predrag133",
          "Result": "2-0-0"
        },
        {
          "Player1": "Raydan",
          "Player2": "xfile",
          "Result": "0-0-0"
        },
        {
          "Player1": "laa11",
          "Player2": "KingBeav999",
          "Result": "0-2-0"
        },
        {
          "Player1": "quinniac",
          "Player2": "TeamBigBrain-Twitch",
          "Result": "2-0-0"
        },
        {
          "Player1": "Bullwinkkle6705",
          "Player2": "Danielpena397",
          "Result": "2-0-0"
        },
        {
          "Player1": "kaikas",
          "Player2": "ashame",
          "Result": "2-0-0"
        },
        {
          "Player1": "jorge_taylor",
          "Player2": "Venom1",
          "Result": "0-2-0"
        },
        {
          "Player1": "triosk",
          "Player2": "sixmp",
          "Result": "2-0-0"
        },
        {
          "Player1": "deleon91",
          "Player2": "cftsoc3",
          "Result": "0-2-0"
        },
        {
          "Player1": "GzusReturned",
          "Player2": "BirdFlew",
          "Result": "2-0-0"
        },
        {
          "Player1": "ShadowTitan1",
          "Player2": "HouseOfManaMTG",
          "Result": "0-2-0"
        },
        {
          "Player1": "kcomedina",
          "Player2": "Comrade1312",
          "Result": "2-0-0"
        },
        {
          "Player1": "tim96",
          "Player2": "wcl",
          "Result": "0-0-0"
        },
        {
          "Player1": "Tunaktunak",
          "Player2": "Adam-Bazika",
          "Result": "2-0-0"
        },
        {
          "Player1": "Willthepill",
          "Player2": "_Davimorais",
          "Result": "0-2-0"
        },
        {
          "Player1": "L1X0",
          "Player2": "MTGHolic",
          "Result": "0-2-0"
        },
        {
          "Player1": "manohito",
          "Player2": "IronBeagle",
          "Result": "2-0-0"
        },
        {
          "Player1": "sandoiche",
          "Player2": "el-pollo-lolo",
          "Result": "0-2-0"
        }
      ]
    },
    {
      "RoundName": "Round 5",
      "Matches": [
        {
          "Player1": "triosk",
          "Player2": "HouseOfManaMTG",
          "Result": "2-0-0"
        },
        {
          "Player1": "cftsoc3",
          "Player2": "ashame",
          "Result": "0-0-0"
        },
        {
          "Player1": "xfile",
          "Player2": "IronBeagle",
          "Result": "0-2-0"
        },
        {
          "Player1": "Venom1",
          "Player2": "Raydan",
          "Result": "2-0-0"
        },
        {
          "Player1": "KingBeav999",
          "Player2": "Predrag133",
          "Result": "2-0-0"
        },
        {
          "Player1": "kcomedina",
          "Player2": "SoulStrong",
          "Result": "2-0-0"
        },
        {
          "Player1": "Danielpena397",
          "Player2": "BirdFlew",
          "Result": "0-2-0"
        },
        {
          "Player1": "quinniac",
          "Player2": "sixmp",
          "Result": "2-0-0"
        },
        {
          "Player1": "MandrillMan",
          "Player2": "TeamBigBrain-Twitch",
          "Result": "0-2-0"
        },
        {
          "Player1": "Tunaktunak",
          "Player2": "deleon91",
          "Result": "0-2-0"
        },
        {
          "Player1": "L1X0",
          "Player2": "_Davimorais",
          "Result": "0-2-0"
        },
        {
          "Player1": "ShadowTitan1",
          "Player2": "GzusReturned",
          "Result": "0-0-0"
        },
        {
          "Player1": "Bullwinkkle6705",
          "Player2": "wcl",
          "Result": "0-2-0"
        },
        {
          "Player1": "kaikas",
          "Player2": "manohito",
          "Result": "0-2-0"
        },
        {
          "Player1": "Capitano_CL",
          "Player2": "MTGHolic",
          "Result": "2-0-0"
        },
        {
          "Player1": "laa11",
          "Player2": "el-pollo-lolo",
          "Result": "0-2-0"
        },
        {
          "Player1": "LucasG1ggs",
          "Player2": "tim96",
          "Result": "2-0-0"
        }
      ]
    },
    {
      "RoundName": "Round 6",
      "Matches": [
        {
          "Player1": "Capitano_CL",
          "Player2": "triosk",
          "Result": "2-0-0"
        },
        {
          "Player1": "Bullwinkkle6705",
          "Player2": "ShadowTitan1",
          "Result": "2-0-0"
        },
        {
          "Player1": "laa11",
          "Player2": "tim96",
          "Result": "0-2-0"
        },
        {
          "Player1": "sandoiche",
          "Player2": "Raydan",
          "Result": "0-2-0"
        },
        {
          "Player1": "cftsoc3",
          "Player2": "IronBeagle",
          "Result": "0-2-0"
        },
        {
          "Player1": "quinniac",
          "Player2": "wcl",
          "Result": "0-0-0"
        },
        {
          "Player1": "Venom1",
          "Player2": "_Davimorais",
          "Result": "0-2-0"
        },
        {
          "Player1": "el-pollo-lolo",
          "Player2": "KingBeav999",
          "Result": "0-2-0"
        },
        {
          "Player1": "kcomedina",
          "Player2": "LucasG1ggs",
          "Result": "0-2-0"
        },
        {
          "Player1": "L1X0",
          "Player2": "BirdFlew",
          "Result": "0-2-0"
        },
        {
          "Player1": "SoulStrong",
          "Player2": "Tunaktunak",
          "Result": "0-2-0"
        },
        {
          "Player1": "deleon91",
          "Player2": "ashame",
          "Result": "0-2-0"
        },
        {
          "Player1": "kaikas",
          "Player2": "Predrag133",
          "Result": "0-2-0"
        },
        {
          "Player1": "manohito",
          "Player2": "MTGHolic",
          "Result": "0-2-0"
        },
        {
          "Player1": "HouseOfManaMTG",
          "Player2": "GzusReturned",
          "Result": "0-2-0"
        },
        {
          "Player1": "sixmp",
          "Player2": "TeamBigBrain-Twitch",
          "Result": "2-0-0"
        }
      ]
    },
    {
      "RoundName": "Round 7",
      "Matches": [
        {
          "Player1": "wcl",
          "Player2": "_Davimorais",
          "Result": "2-0-0"
        },
        {
          "Player1": "Capitano_CL",
          "Player2": "sixmp",
          "Result": "0-0-0"
        },
        {
          "Player1": "triosk",
          "Player2": "GzusReturned",
          "Result": "2-0-0"
        },
        {
          "Player1": "MTGHolic",
          "Player2": "KingBeav999",
          "Result": "0-2-0"
        }
      ]
    },
    {
      "RoundName": "Round 8",
      "Matches": [
        {
          "Player1": "triosk",
          "Player2": "KingBeav999",
          "Result": "0-0-0"
        },
        {
          "Player1": "sixmp",
          "Player2": "wcl",
          "Result": "2-0-0"
        }
      ]
    },
    {
      "RoundName": "Round 9",
      "Matches": [
        {
          "Player1": "triosk",
          "Player2": "sixmp",
          "Result": "0-2-0"
        }
      ]
    }
  ],
  "Standings": [
    {
      "Rank": 59,
      "Player": "TenDollarBanana",
      "Points": 0,
      "Wins": 0,
      "Losses": 0,
      "Draws": 0,
      "OMWP": 0.3333,
      "GWP": 0.2,
      "OGWP": 0.4208
    },
    {
      "Rank": 58,
      "Player": "omair00",
      "Points": 0,
      "Wins": 0,
      "Losses": 0,
      "Draws": 0,
      "OMWP": 0.4167,
      "GWP": 0,
      "OGWP": 0.45899999999999996
    },
    {
      "Rank": 57,
      "Player": "Golgarburr",
      "Points": 0,
      "Wins": 0,
      "Losses": 0,
      "Draws": 0,
      "OMWP": 0.4167,
      "GWP": 0.2,
      "OGWP": 0.4521
    },
    {
      "Rank": 56,
      "Player": "LaneOrLaine",
      "Points": 0,
      "Wins": 0,
      "Losses": 0,
      "Draws": 0,
      "OMWP": 0.5,
      "GWP": 0.2,
      "OGWP": 0.5
    },
    {
      "Rank": 55,
      "Player": "sandydogmtg",
      "Points": 0,
      "Wins": 0,
      "Losses": 0,
      "Draws": 0,
      "OMWP": 0.5,
      "GWP": 0.2,
      "OGWP": 0.5
    },
    {
      "Rank": 54,
      "Player": "Shadowz2005",
      "Points": 0,
      "Wins": 0,
      "Losses": 0,
      "Draws": 0,
      "OMWP": 0.5,
      "GWP": 0.25,
      "OGWP": 0.4861
    },
    {
      "Rank": 53,
      "Player": "gazmon48",
      "Points": 0,
      "Wins": 0,
      "Losses": 0,
      "Draws": 0,
      "OMWP": 0.5,
      "GWP": 0.3333,
      "OGWP": 0.5
    },
    {
      "Rank": 52,
      "Player": "peterhmasters",
      "Points": 0,
      "Wins": 0,
      "Losses": 0,
      "Draws": 0,
      "OMWP": 0.5333,
      "GWP": 0,
      "OGWP": 0.512
    },
    {
      "Rank": 51,
      "Player": "BronzKneecap",
      "Points": 0,
      "Wins": 0,
      "Losses": 0,
      "Draws": 0,
      "OMWP": 0.5832999999999999,
      "GWP": 0.2,
      "OGWP": 0.5333
    },
    {
      "Rank": 50,
      "Player": "bolov0",
      "Points": 0,
      "Wins": 0,
      "Losses": 0,
      "Draws": 0,
      "OMWP": 0.5832999999999999,
      "GWP": 0.2,
      "OGWP": 0.5513
    },
    {
      "Rank": 49,
      "Player": "_Siegfried",
      "Points": 0,
      "Wins": 0,
      "Losses": 0,
      "Draws": 0,
      "OMWP": 0.5832999999999999,
      "GWP": 0.3333,
      "OGWP": 0.511
    },
    {
      "Rank": 48,
      "Player": "Vahll",
      "Points": 0,
      "Wins": 0,
      "Losses": 0,
      "Draws": 0,
      "OMWP": 0.6667000000000001,
      "GWP": 0.2,
      "OGWP": 0.575
    },
    {
      "Rank": 47,
      "Player": "Rosiedog88",
      "Points": 0,
      "Wins": 0,
      "Losses": 0,
      "Draws": 0,
      "OMWP": 0.75,
      "GWP": 0.3333,
      "OGWP": 0.6437999999999999
    },
    {
      "Rank": 46,
      "Player": "doctor-x",
      "Points": 3,
      "Wins": 0,
      "Losses": 0,
      "Draws": 0,
      "OMWP": 0.3556,
      "GWP": 0.1429,
      "OGWP": 0.47369999999999995
    },
    {
      "Rank": 45,
      "Player": "O_danielakos",
      "Points": 3,
      "Wins": 0,
      "Losses": 0,
      "Draws": 0,
      "OMWP": 0.3556,
      "GWP": 0.375,
      "OGWP": 0.4108
    },
    {
      "Rank": 44,
      "Player": "canepis16",
      "Points": 3,
      "Wins": 0,
      "Losses": 0,
      "Draws": 0,
      "OMWP": 0.3889,
      "GWP": 0.4286,
      "OGWP": 0.4125
    },
    {
      "Rank": 43,
      "Player": "VitorCarvalho01",
      "Points": 3,
      "Wins": 0,
      "Losses": 0,
      "Draws": 0,
      "OMWP": 0.43329999999999996,
      "GWP": 0.4,
      "OGWP": 0.4325
    },
    {
      "Rank": 42,
      "Player": "selesneal",
      "Points": 3,
      "Wins": 0,
      "Losses": 0,
      "Draws": 0,
      "OMWP": 0.5,
      "GWP": 0.2857,
      "OGWP": 0.4707
    },
    {
      "Rank": 41,
      "Player": "Comrade1312",
      "Points": 3,
      "Wins": 0,
      "Losses": 0,
      "Draws": 0,
      "OMWP": 0.5,
      "GWP": 0.3333,
      "OGWP": 0.5083
    },
    {
      "Rank": 40,
      "Player": "robodude222",
      "Points": 3,
      "Wins": 0,
      "Losses": 0,
      "Draws": 0,
      "OMWP": 0.5,
      "GWP": 0.44439999999999996,
      "OGWP": 0.4694
    },
    {
      "Rank": 39,
      "Player": "Adam-Bazika",
      "Points": 3,
      "Wins": 0,
      "Losses": 0,
      "Draws": 0,
      "OMWP": 0.5832999999999999,
      "GWP": 0.3636,
      "OGWP": 0.5506
    },
    {
      "Rank": 38,
      "Player": "2345678",
      "Points": 3,
      "Wins": 0,
      "Losses": 0,
      "Draws": 0,
      "OMWP": 0.6111,
      "GWP": 0.5,
      "OGWP": 0.5046
    },
    {
      "Rank": 37,
      "Player": "deleon91",
      "Points": 6,
      "Wins": 0,
      "Losses": 0,
      "Draws": 0,
      "OMWP": 0.5,
      "GWP": 0.375,
      "OGWP": 0.49369999999999997
    },
    {
      "Rank": 36,
      "Player": "SoulStrong",
      "Points": 6,
      "Wins": 0,
      "Losses": 0,
      "Draws": 0,
      "OMWP": 0.5,
      "GWP": 0.4667,
      "OGWP": 0.4882
    },
    {
      "Rank": 35,
      "Player": "Willthepill",
      "Points": 6,
      "Wins": 0,
      "Losses": 0,
      "Draws": 0,
      "OMWP": 0.5,
      "GWP": 0.5,
      "OGWP": 0.4849
    },
    {
      "Rank": 34,
      "Player": "MandrillMan",
      "Points": 6,
      "Wins": 0,
      "Losses": 0,
      "Draws": 0,
      "OMWP": 0.5333,
      "GWP": 0.46149999999999997,
      "OGWP": 0.4886
    },
    {
      "Rank": 33,
      "Player": "xfile",
      "Points": 6,
      "Wins": 0,
      "Losses": 0,
      "Draws": 0,
      "OMWP": 0.5417000000000001,
      "GWP": 0.4,
      "OGWP": 0.5024000000000001
    },
    {
      "Rank": 32,
      "Player": "jorge_taylor",
      "Points": 6,
      "Wins": 0,
      "Losses": 0,
      "Draws": 0,
      "OMWP": 0.5417000000000001,
      "GWP": 0.5455,
      "OGWP": 0.48869999999999997
    },
    {
      "Rank": 31,
      "Player": "sandoiche",
      "Points": 6,
      "Wins": 0,
      "Losses": 0,
      "Draws": 0,
      "OMWP": 0.5467,
      "GWP": 0.3846,
      "OGWP": 0.5168
    },
    {
      "Rank": 30,
      "Player": "laa11",
      "Points": 6,
      "Wins": 0,
      "Losses": 0,
      "Draws": 0,
      "OMWP": 0.5556,
      "GWP": 0.4667,
      "OGWP": 0.5196000000000001
    },
    {
      "Rank": 29,
      "Player": "Danielpena397",
      "Points": 6,
      "Wins": 0,
      "Losses": 0,
      "Draws": 0,
      "OMWP": 0.5667,
      "GWP": 0.4545,
      "OGWP": 0.5499
    },
    {
      "Rank": 28,
      "Player": "Tunaktunak",
      "Points": 9,
      "Wins": 0,
      "Losses": 0,
      "Draws": 0,
      "OMWP": 0.4167,
      "GWP": 0.5333,
      "OGWP": 0.43189999999999995
    },
    {
      "Rank": 27,
      "Player": "kcomedina",
      "Points": 9,
      "Wins": 0,
      "Losses": 0,
      "Draws": 0,
      "OMWP": 0.4722,
      "GWP": 0.5,
      "OGWP": 0.44770000000000004
    },
    {
      "Rank": 26,
      "Player": "ashame",
      "Points": 9,
      "Wins": 0,
      "Losses": 0,
      "Draws": 0,
      "OMWP": 0.4722,
      "GWP": 0.5333,
      "OGWP": 0.4625
    },
    {
      "Rank": 25,
      "Player": "cftsoc3",
      "Points": 9,
      "Wins": 0,
      "Losses": 0,
      "Draws": 0,
      "OMWP": 0.5278,
      "GWP": 0.5333,
      "OGWP": 0.5077
    },
    {
      "Rank": 24,
      "Player": "tim96",
      "Points": 9,
      "Wins": 0,
      "Losses": 0,
      "Draws": 0,
      "OMWP": 0.5556,
      "GWP": 0.4375,
      "OGWP": 0.5645
    },
    {
      "Rank": 23,
      "Player": "TeamBigBrain-Twitch",
      "Points": 9,
      "Wins": 0,
      "Losses": 0,
      "Draws": 0,
      "OMWP": 0.5667,
      "GWP": 0.4375,
      "OGWP": 0.5268999999999999
    },
    {
      "Rank": 22,
      "Player": "kaikas",
      "Points": 9,
      "Wins": 0,
      "Losses": 0,
      "Draws": 0,
      "OMWP": 0.5832999999999999,
      "GWP": 0.4667,
      "OGWP": 0.545
    },
    {
      "Rank": 21,
      "Player": "L1X0",
      "Points": 9,
      "Wins": 0,
      "Losses": 0,
      "Draws": 0,
      "OMWP": 0.5943999999999999,
      "GWP": 0.4286,
      "OGWP": 0.5451
    },
    {
      "Rank": 20,
      "Player": "ShadowTitan1",
      "Points": 9,
      "Wins": 0,
      "Losses": 0,
      "Draws": 0,
      "OMWP": 0.6944,
      "GWP": 0.5385,
      "OGWP": 0.6274000000000001
    },
    {
      "Rank": 19,
      "Player": "Raydan",
      "Points": 12,
      "Wins": 0,
      "Losses": 0,
      "Draws": 0,
      "OMWP": 0.4667,
      "GWP": 0.625,
      "OGWP": 0.4355
    },
    {
      "Rank": 18,
      "Player": "el-pollo-lolo",
      "Points": 12,
      "Wins": 0,
      "Losses": 0,
      "Draws": 0,
      "OMWP": 0.4722,
      "GWP": 0.5333,
      "OGWP": 0.5115
    },
    {
      "Rank": 17,
      "Player": "IronBeagle",
      "Points": 12,
      "Wins": 0,
      "Losses": 0,
      "Draws": 0,
      "OMWP": 0.4833,
      "GWP": 0.5714,
      "OGWP": 0.5043
    },
    {
      "Rank": 16,
      "Player": "BirdFlew",
      "Points": 12,
      "Wins": 0,
      "Losses": 0,
      "Draws": 0,
      "OMWP": 0.5389,
      "GWP": 0.6154,
      "OGWP": 0.5182
    },
    {
      "Rank": 15,
      "Player": "LucasG1ggs",
      "Points": 12,
      "Wins": 0,
      "Losses": 0,
      "Draws": 0,
      "OMWP": 0.5667,
      "GWP": 0.6154,
      "OGWP": 0.5169
    },
    {
      "Rank": 14,
      "Player": "Bullwinkkle6705",
      "Points": 12,
      "Wins": 0,
      "Losses": 0,
      "Draws": 0,
      "OMWP": 0.5667,
      "GWP": 0.6923,
      "OGWP": 0.5408
    },
    {
      "Rank": 13,
      "Player": "Venom1",
      "Points": 12,
      "Wins": 0,
      "Losses": 0,
      "Draws": 0,
      "OMWP": 0.5832999999999999,
      "GWP": 0.5,
      "OGWP": 0.5593
    },
    {
      "Rank": 12,
      "Player": "HouseOfManaMTG",
      "Points": 12,
      "Wins": 0,
      "Losses": 0,
      "Draws": 0,
      "OMWP": 0.5832999999999999,
      "GWP": 0.5625,
      "OGWP": 0.5609000000000001
    },
    {
      "Rank": 11,
      "Player": "quinniac",
      "Points": 12,
      "Wins": 0,
      "Losses": 0,
      "Draws": 0,
      "OMWP": 0.5832999999999999,
      "GWP": 0.6,
      "OGWP": 0.5335
    },
    {
      "Rank": 10,
      "Player": "manohito",
      "Points": 12,
      "Wins": 0,
      "Losses": 0,
      "Draws": 0,
      "OMWP": 0.5832999999999999,
      "GWP": 0.6667000000000001,
      "OGWP": 0.5364
    },
    {
      "Rank": 9,
      "Player": "Predrag133",
      "Points": 12,
      "Wins": 0,
      "Losses": 0,
      "Draws": 0,
      "OMWP": 0.6111,
      "GWP": 0.5333,
      "OGWP": 0.5648
    },
    {
      "Rank": 8,
      "Player": "GzusReturned",
      "Points": 15,
      "Wins": 0,
      "Losses": 0,
      "Draws": 0,
      "OMWP": 0.6111,
      "GWP": 0.6875,
      "OGWP": 0.5555
    },
    {
      "Rank": 7,
      "Player": "_Davimorais",
      "Points": 15,
      "Wins": 0,
      "Losses": 0,
      "Draws": 0,
      "OMWP": 0.6111,
      "GWP": 0.7333,
      "OGWP": 0.5347999999999999
    },
    {
      "Rank": 6,
      "Player": "MTGHolic",
      "Points": 15,
      "Wins": 0,
      "Losses": 0,
      "Draws": 0,
      "OMWP": 0.6667000000000001,
      "GWP": 0.6470999999999999,
      "OGWP": 0.5879
    },
    {
      "Rank": 5,
      "Player": "Capitano_CL",
      "Points": 18,
      "Wins": 0,
      "Losses": 0,
      "Draws": 0,
      "OMWP": 0.6667000000000001,
      "GWP": 0.75,
      "OGWP": 0.5476
    },
    {
      "Rank": 4,
      "Player": "KingBeav999",
      "Points": 18,
      "Wins": 0,
      "Losses": 0,
      "Draws": 0,
      "OMWP": 0.4722,
      "GWP": 0.7692,
      "OGWP": 0.46149999999999997
    },
    {
      "Rank": 3,
      "Player": "wcl",
      "Points": 18,
      "Wins": 0,
      "Losses": 0,
      "Draws": 0,
      "OMWP": 0.6222,
      "GWP": 0.7333,
      "OGWP": 0.583
    },
    {
      "Rank": 2,
      "Player": "triosk",
      "Points": 21,
      "Wins": 0,
      "Losses": 0,
      "Draws": 0,
      "OMWP": 0.65,
      "GWP": 0.6470999999999999,
      "OGWP": 0.5992999999999999
    },
    {
      "Rank": 1,
      "Player": "sixmp",
      "Points": 21,
      "Wins": 0,
      "Losses": 0,
      "Draws": 0,
      "OMWP": 0.6111,
      "GWP": 0.5882000000000001,
      "OGWP": 0.5328
    }
  ]
}