{
  "Tournament": {
    "Id": 12802852,
    "Date": "2025-07-14T17:00:00",
    "Name": "Duel Commander Trial 16",
    "Uri": null,
    "JsonFile": null,
    "ForceRedownload": false
  },
  "Decks": null,
  "Rounds": [
    {
      "RoundName": "Round 1",
      "Matches": [
        {
          "Player1": "Marmotte_Lambda",
          "Player2": "wcl",
          "Result": "0-2-0"
        },
        {
          "Player1": "Young_Shaman",
          "Player2": "Dudarudi",
          "Result": "2-0-0"
        },
        {
          "Player1": "Koszul",
          "Player2": "albertoSD",
          "Result": "2-0-0"
        },
        {
          "Player1": "Selfeisek",
          "Player2": "Zolazar",
          "Result": "2-0-0"
        },
        {
          "Player1": "BERNASTORRES",
          "Player2": "ultrasuperbob",
          "Result": "2-0-0"
        },
        {
          "Player1": "xfile",
          "Player2": "Gonito",
          "Result": "0-2-0"
        },
        {
          "Player1": "sebastianpozzo",
          "Player2": "drorem",
          "Result": "2-0-0"
        },
        {
          "Player1": "kasa",
          "Player2": "shadows6307",
          "Result": "2-0-0"
        },
        {
          "Player1": "eli2107",
          "Player2": "takeInitiative",
          "Result": "2-0-0"
        },
        {
          "Player1": "Beicodegeia",
          "Player2": "Xenowan",
          "Result": "2-0-0"
        },
        {
          "Player1": "Rod_Chill",
          "Player2": "DominoMTG",
          "Result": "2-0-0"
        },
        {
          "Player1": "Dreddybajs",
          "Player2": "BeoulveHeart",
          "Result": "2-0-0"
        },
        {
          "Player1": "Boumbo76",
          "Player2": "ZacharyHaleComstock",
          "Result": "0-0-0"
        }
      ]
    },
    {
      "RoundName": "Round 2",
      "Matches": [
        {
          "Player1": "Selfeisek",
          "Player2": "Koszul",
          "Result": "2-0-0"
        },
        {
          "Player1": "Dudarudi",
          "Player2": "DominoMTG",
          "Result": "0-0-0"
        },
        {
          "Player1": "BeoulveHeart",
          "Player2": "Zolazar",
          "Result": "2-0-0"
        },
        {
          "Player1": "ZacharyHaleComstock",
          "Player2": "wcl",
          "Result": "2-0-0"
        },
        {
          "Player1": "sebastianpozzo",
          "Player2": "Gonito",
          "Result": "2-0-0"
        },
        {
          "Player1": "Marmotte_Lambda",
          "Player2": "drorem",
          "Result": "2-0-0"
        },
        {
          "Player1": "Boumbo76",
          "Player2": "shadows6307",
          "Result": "2-0-0"
        },
        {
          "Player1": "xfile",
          "Player2": "Xenowan",
          "Result": "0-2-0"
        },
        {
          "Player1": "kasa",
          "Player2": "eli2107",
          "Result": "2-0-0"
        },
        {
          "Player1": "Dreddybajs",
          "Player2": "BERNASTORRES",
          "Result": "2-0-0"
        },
        {
          "Player1": "ultrasuperbob",
          "Player2": "takeInitiative",
          "Result": "0-2-0"
        },
        {
          "Player1": "Beicodegeia",
          "Player2": "Rod_Chill",
          "Result": "0-2-0"
        },
        {
          "Player1": "Young_Shaman",
          "Player2": "FaMecHiMiCa",
          "Result": "0-2-0"
        }
      ]
    },
    {
      "RoundName": "Round 3",
      "Matches": [
        {
          "Player1": "Xenowan",
          "Player2": "shadows6307",
          "Result": "2-0-0"
        },
        {
          "Player1": "Boumbo76",
          "Player2": "wcl",
          "Result": "2-0-0"
        },
        {
          "Player1": "sebastianpozzo",
          "Player2": "Dreddybajs",
          "Result": "0-2-0"
        },
        {
          "Player1": "Young_Shaman",
          "Player2": "Gonito",
          "Result": "0-0-0"
        },
        {
          "Player1": "ultrasuperbob",
          "Player2": "drorem",
          "Result": "0-2-0"
        },
        {
          "Player1": "Rod_Chill",
          "Player2": "kasa",
          "Result": "2-0-0"
        },
        {
          "Player1": "albertoSD",
          "Player2": "FaMecHiMiCa",
          "Result": "0-2-0"
        },
        {
          "Player1": "eli2107",
          "Player2": "Marmotte_Lambda",
          "Result": "0-2-0"
        },
        {
          "Player1": "ZacharyHaleComstock",
          "Player2": "Selfeisek",
          "Result": "2-0-0"
        },
        {
          "Player1": "Dudarudi",
          "Player2": "takeInitiative",
          "Result": "1-2-0"
        },
        {
          "Player1": "Beicodegeia",
          "Player2": "Koszul",
          "Result": "2-0-0"
        },
        {
          "Player1": "BeoulveHeart",
          "Player2": "BERNASTORRES",
          "Result": "0-2-0"
        }
      ]
    },
    {
      "RoundName": "Round 4",
      "Matches": [
        {
          "Player1": "Dreddybajs",
          "Player2": "ZacharyHaleComstock",
          "Result": "0-2-0"
        },
        {
          "Player1": "Boumbo76",
          "Player2": "takeInitiative",
          "Result": "0-0-0"
        },
        {
          "Player1": "eli2107",
          "Player2": "Dudarudi",
          "Result": "0-2-0"
        },
        {
          "Player1": "Koszul",
          "Player2": "BeoulveHeart",
          "Result": "0-2-0"
        },
        {
          "Player1": "Young_Shaman",
          "Player2": "Xenowan",
          "Result": "0-2-0"
        },
        {
          "Player1": "FaMecHiMiCa",
          "Player2": "Rod_Chill",
          "Result": "0-2-0"
        },
        {
          "Player1": "sebastianpozzo",
          "Player2": "kasa",
          "Result": "2-0-0"
        },
        {
          "Player1": "ultrasuperbob",
          "Player2": "Gonito",
          "Result": "1-2-0"
        },
        {
          "Player1": "drorem",
          "Player2": "wcl",
          "Result": "0-2-0"
        },
        {
          "Player1": "BERNASTORRES",
          "Player2": "Selfeisek",
          "Result": "0-2-0"
        },
        {
          "Player1": "Marmotte_Lambda",
          "Player2": "Beicodegeia",
          "Result": "2-0-0"
        }
      ]
    },
    {
      "RoundName": "Round 5",
      "Matches": [
        {
          "Player1": "BERNASTORRES",
          "Player2": "Dudarudi",
          "Result": "2-0-0"
        },
        {
          "Player1": "ultrasuperbob",
          "Player2": "shadows6307",
          "Result": "2-0-0"
        },
        {
          "Player1": "sebastianpozzo",
          "Player2": "Young_Shaman",
          "Result": "2-0-0"
        },
        {
          "Player1": "Dreddybajs",
          "Player2": "takeInitiative",
          "Result": "0-2-0"
        },
        {
          "Player1": "BeoulveHeart",
          "Player2": "wcl",
          "Result": "0-0-0"
        },
        {
          "Player1": "ZacharyHaleComstock",
          "Player2": "Rod_Chill",
          "Result": "2-0-0"
        },
        {
          "Player1": "Xenowan",
          "Player2": "Marmotte_Lambda",
          "Result": "0-2-0"
        },
        {
          "Player1": "Selfeisek",
          "Player2": "FaMecHiMiCa",
          "Result": "2-0-0"
        },
        {
          "Player1": "kasa",
          "Player2": "Beicodegeia",
          "Result": "2-0-0"
        },
        {
          "Player1": "eli2107",
          "Player2": "drorem",
          "Result": "2-0-0"
        },
        {
          "Player1": "Boumbo76",
          "Player2": "Gonito",
          "Result": "2-0-0"
        }
      ]
    },
    {
      "RoundName": "Round 6",
      "Matches": [
        {
          "Player1": "sebastianpozzo",
          "Player2": "takeInitiative",
          "Result": "0-0-0"
        },
        {
          "Player1": "Dreddybajs",
          "Player2": "Rod_Chill",
          "Result": "0-2-0"
        },
        {
          "Player1": "Boumbo76",
          "Player2": "ZacharyHaleComstock",
          "Result": "0-2-0"
        },
        {
          "Player1": "Selfeisek",
          "Player2": "Marmotte_Lambda",
          "Result": "2-0-0"
        }
      ]
    },
    {
      "RoundName": "Round 7",
      "Matches": [
        {
          "Player1": "Selfeisek",
          "Player2": "Rod_Chill",
          "Result": "0-2-0"
        },
        {
          "Player1": "ZacharyHaleComstock",
          "Player2": "takeInitiative",
          "Result": "0-2-0"
        }
      ]
    },
    {
      "RoundName": "Round 8",
      "Matches": [
        {
          "Player1": "takeInitiative",
          "Player2": "Rod_Chill",
          "Result": "2-0-0"
        }
      ]
    }
  ],
  "Standings": [
    {
      "Rank": 27,
      "Player": "xfile",
      "Points": 0,
      "Wins": 0,
      "Losses": 0,
      "Draws": 0,
      "OMWP": 0.5,
      "GWP": 0.2,
      "OGWP": 0.506
    },
    {
      "Rank": 26,
      "Player": "DominoMTG",
      "Points": 0,
      "Wins": 0,
      "Losses": 0,
      "Draws": 0,
      "OMWP": 0.6,
      "GWP": 0.2,
      "OGWP": 0.5476
    },
    {
      "Rank": 25,
      "Player": "Zolazar",
      "Points": 0,
      "Wins": 0,
      "Losses": 0,
      "Draws": 0,
      "OMWP": 0.7,
      "GWP": 0.3333,
      "OGWP": 0.6667000000000001
    },
    {
      "Rank": 24,
      "Player": "albertoSD",
      "Points": 3,
      "Wins": 0,
      "Losses": 0,
      "Draws": 0,
      "OMWP": 0.4667,
      "GWP": 0.3333,
      "OGWP": 0.4667
    },
    {
      "Rank": 23,
      "Player": "ultrasuperbob",
      "Points": 3,
      "Wins": 0,
      "Losses": 0,
      "Draws": 0,
      "OMWP": 0.49329999999999996,
      "GWP": 0.3077,
      "OGWP": 0.4575
    },
    {
      "Rank": 22,
      "Player": "Koszul",
      "Points": 3,
      "Wins": 0,
      "Losses": 0,
      "Draws": 0,
      "OMWP": 0.5333,
      "GWP": 0.22219999999999998,
      "OGWP": 0.5222
    },
    {
      "Rank": 21,
      "Player": "shadows6307",
      "Points": 3,
      "Wins": 0,
      "Losses": 0,
      "Draws": 0,
      "OMWP": 0.5333,
      "GWP": 0.3333,
      "OGWP": 0.5084000000000001
    },
    {
      "Rank": 20,
      "Player": "drorem",
      "Points": 3,
      "Wins": 0,
      "Losses": 0,
      "Draws": 0,
      "OMWP": 0.5467,
      "GWP": 0.3333,
      "OGWP": 0.5029
    },
    {
      "Rank": 19,
      "Player": "Gonito",
      "Points": 6,
      "Wins": 0,
      "Losses": 0,
      "Draws": 0,
      "OMWP": 0.49329999999999996,
      "GWP": 0.4286,
      "OGWP": 0.451
    },
    {
      "Rank": 18,
      "Player": "Dudarudi",
      "Points": 6,
      "Wins": 0,
      "Losses": 0,
      "Draws": 0,
      "OMWP": 0.5067,
      "GWP": 0.4286,
      "OGWP": 0.4742
    },
    {
      "Rank": 17,
      "Player": "Young_Shaman",
      "Points": 6,
      "Wins": 0,
      "Losses": 0,
      "Draws": 0,
      "OMWP": 0.56,
      "GWP": 0.4,
      "OGWP": 0.5367000000000001
    },
    {
      "Rank": 16,
      "Player": "eli2107",
      "Points": 6,
      "Wins": 0,
      "Losses": 0,
      "Draws": 0,
      "OMWP": 0.5867,
      "GWP": 0.46149999999999997,
      "OGWP": 0.5436
    },
    {
      "Rank": 15,
      "Player": "Beicodegeia",
      "Points": 6,
      "Wins": 0,
      "Losses": 0,
      "Draws": 0,
      "OMWP": 0.6267,
      "GWP": 0.4545,
      "OGWP": 0.5694
    },
    {
      "Rank": 14,
      "Player": "wcl",
      "Points": 6,
      "Wins": 0,
      "Losses": 0,
      "Draws": 0,
      "OMWP": 0.6667000000000001,
      "GWP": 0.3846,
      "OGWP": 0.5818
    },
    {
      "Rank": 13,
      "Player": "BeoulveHeart",
      "Points": 9,
      "Wins": 0,
      "Losses": 0,
      "Draws": 0,
      "OMWP": 0.4533,
      "GWP": 0.5832999999999999,
      "OGWP": 0.42450000000000004
    },
    {
      "Rank": 12,
      "Player": "Xenowan",
      "Points": 9,
      "Wins": 0,
      "Losses": 0,
      "Draws": 0,
      "OMWP": 0.4533,
      "GWP": 0.5832999999999999,
      "OGWP": 0.44270000000000004
    },
    {
      "Rank": 11,
      "Player": "BERNASTORRES",
      "Points": 9,
      "Wins": 0,
      "Losses": 0,
      "Draws": 0,
      "OMWP": 0.5467,
      "GWP": 0.5,
      "OGWP": 0.5424
    },
    {
      "Rank": 10,
      "Player": "kasa",
      "Points": 9,
      "Wins": 0,
      "Losses": 0,
      "Draws": 0,
      "OMWP": 0.5467,
      "GWP": 0.5714,
      "OGWP": 0.5201
    },
    {
      "Rank": 9,
      "Player": "FaMecHiMiCa",
      "Points": 9,
      "Wins": 0,
      "Losses": 0,
      "Draws": 0,
      "OMWP": 0.5832999999999999,
      "GWP": 0.6,
      "OGWP": 0.5444
    },
    {
      "Rank": 8,
      "Player": "Boumbo76",
      "Points": 9,
      "Wins": 0,
      "Losses": 0,
      "Draws": 0,
      "OMWP": 0.5867,
      "GWP": 0.5455,
      "OGWP": 0.5216
    },
    {
      "Rank": 7,
      "Player": "Dreddybajs",
      "Points": 9,
      "Wins": 0,
      "Losses": 0,
      "Draws": 0,
      "OMWP": 0.76,
      "GWP": 0.5714,
      "OGWP": 0.6375
    },
    {
      "Rank": 6,
      "Player": "Marmotte_Lambda",
      "Points": 12,
      "Wins": 0,
      "Losses": 0,
      "Draws": 0,
      "OMWP": 0.4167,
      "GWP": 0.7,
      "OGWP": 0.4434
    },
    {
      "Rank": 5,
      "Player": "sebastianpozzo",
      "Points": 12,
      "Wins": 0,
      "Losses": 0,
      "Draws": 0,
      "OMWP": 0.4667,
      "GWP": 0.6429,
      "OGWP": 0.461
    },
    {
      "Rank": 4,
      "Player": "Selfeisek",
      "Points": 15,
      "Wins": 0,
      "Losses": 0,
      "Draws": 0,
      "OMWP": 0.5733,
      "GWP": 0.75,
      "OGWP": 0.5072
    },
    {
      "Rank": 3,
      "Player": "ZacharyHaleComstock",
      "Points": 18,
      "Wins": 0,
      "Losses": 0,
      "Draws": 0,
      "OMWP": 0.64,
      "GWP": 0.7692,
      "OGWP": 0.5836
    },
    {
      "Rank": 2,
      "Player": "Rod_Chill",
      "Points": 18,
      "Wins": 0,
      "Losses": 0,
      "Draws": 0,
      "OMWP": 0.5867,
      "GWP": 0.6667000000000001,
      "OGWP": 0.5457
    },
    {
      "Rank": 1,
      "Player": "takeInitiative",
      "Points": 21,
      "Wins": 0,
      "Losses": 0,
      "Draws": 0,
      "OMWP": 0.4667,
      "GWP": 0.7,
      "OGWP": 0.4681
    }
  ]
}