{
  "Tournament": {
    "Id": 12802845,
    "Date": "2025-07-14T03:00:00",
    "Name": "Modern Challenge 32",
    "Uri": null,
    "JsonFile": null,
    "ForceRedownload": false
  },
  "Decks": null,
  "Rounds": [
    {
      "RoundName": "Round 1",
      "Matches": [
        {
          "Player1": "JoaoFialho",
          "Player2": "unworldlyorigin",
          "Result": "2-0-0"
        },
        {
          "Player1": "temur4life",
          "Player2": "Ivan_Draw_Go",
          "Result": "2-0-0"
        },
        {
          "Player1": "Chiranosuke",
          "Player2": "TomCairns",
          "Result": "0-0-0"
        },
        {
          "Player1": "Grogore",
          "Player2": "E90_DeliveryBoy",
          "Result": "2-0-0"
        },
        {
          "Player1": "slaxx",
          "Player2": "LaneOrLaine",
          "Result": "2-0-0"
        },
        {
          "Player1": "Sarlanga",
          "Player2": "henhen3000",
          "Result": "2-0-0"
        },
        {
          "Player1": "Golgarburr",
          "Player2": "ejk",
          "Result": "0-2-0"
        },
        {
          "Player1": "rastaf",
          "Player2": "Badcookie",
          "Result": "0-2-0"
        },
        {
          "Player1": "Arcbound_Papi",
          "Player2": "TheWitchKling",
          "Result": "0-2-0"
        },
        {
          "Player1": "Kyoto_Maschi",
          "Player2": "NotSnype315",
          "Result": "0-2-0"
        },
        {
          "Player1": "Aigis",
          "Player2": "Cipher10597",
          "Result": "2-0-0"
        },
        {
          "Player1": "YABOIJIMJOHN",
          "Player2": "powered_by_VANYA",
          "Result": "0-2-0"
        },
        {
          "Player1": "Andrewbot5",
          "Player2": "SeroPhinz",
          "Result": "0-2-0"
        },
        {
          "Player1": "DemianDesposito10",
          "Player2": "SupremePete56",
          "Result": "2-0-0"
        },
        {
          "Player1": "internetsurfer09",
          "Player2": "Samcaster-Mage",
          "Result": "2-0-0"
        },
        {
          "Player1": "phillydrew215",
          "Player2": "quinniac",
          "Result": "0-2-0"
        },
        {
          "Player1": "LegacyGrinder",
          "Player2": "Vaine",
          "Result": "2-0-0"
        },
        {
          "Player1": "otakkun",
          "Player2": "NathanOfTheGiltLeaf",
          "Result": "0-2-0"
        },
        {
          "Player1": "O_danielakos",
          "Player2": "nahuel10",
          "Result": "2-0-0"
        },
        {
          "Player1": "Venom1",
          "Player2": "MandrillMan",
          "Result": "0-2-0"
        },
        {
          "Player1": "markdm",
          "Player2": "jewdan",
          "Result": "0-0-0"
        },
        {
          "Player1": "niuwaid001",
          "Player2": "Bong0411",
          "Result": "0-2-0"
        },
        {
          "Player1": "samsoni1",
          "Player2": "gurig",
          "Result": "0-2-0"
        },
        {
          "Player1": "Goomy_",
          "Player2": "Snover",
          "Result": "0-2-0"
        },
        {
          "Player1": "ManUFan",
          "Player2": "solaec0501",
          "Result": "0-2-0"
        },
        {
          "Player1": "DragonFodder",
          "Player2": "YungDingo",
          "Result": "0-2-0"
        },
        {
          "Player1": "derlumberzack",
          "Player2": "MTGeeGee",
          "Result": "0-2-0"
        },
        {
          "Player1": "LucasG1ggs",
          "Player2": "LILwwaaang",
          "Result": "1-2-0"
        },
        {
          "Player1": "eclipse4343",
          "Player2": "Chichichi",
          "Result": "2-0-0"
        },
        {
          "Player1": "noodle_boi",
          "Player2": "xfile",
          "Result": "0-2-0"
        },
        {
          "Player1": "Capitano_CL",
          "Player2": "wolf2222",
          "Result": "2-0-0"
        }
      ]
    },
    {
      "RoundName": "Round 2",
      "Matches": [
        {
          "Player1": "temur4life",
          "Player2": "TheWitchKling",
          "Result": "0-2-0"
        },
        {
          "Player1": "xfile",
          "Player2": "LegacyGrinder",
          "Result": "2-0-0"
        },
        {
          "Player1": "wolf2222",
          "Player2": "LaneOrLaine",
          "Result": "0-2-0"
        },
        {
          "Player1": "LucasG1ggs",
          "Player2": "nahuel10",
          "Result": "2-0-0"
        },
        {
          "Player1": "slaxx",
          "Player2": "NotSnype315",
          "Result": "2-0-0"
        },
        {
          "Player1": "MTGeeGee",
          "Player2": "Bong0411",
          "Result": "0-2-0"
        },
        {
          "Player1": "samsoni1",
          "Player2": "phillydrew215",
          "Result": "0-2-0"
        },
        {
          "Player1": "O_danielakos",
          "Player2": "quinniac",
          "Result": "0-2-0"
        },
        {
          "Player1": "henhen3000",
          "Player2": "Goomy_",
          "Result": "0-2-0"
        },
        {
          "Player1": "eclipse4343",
          "Player2": "Snover",
          "Result": "2-0-0"
        },
        {
          "Player1": "internetsurfer09",
          "Player2": "YungDingo",
          "Result": "0-2-0"
        },
        {
          "Player1": "jewdan",
          "Player2": "NathanOfTheGiltLeaf",
          "Result": "0-0-0"
        },
        {
          "Player1": "ManUFan",
          "Player2": "niuwaid001",
          "Result": "2-0-0"
        },
        {
          "Player1": "Sarlanga",
          "Player2": "solaec0501",
          "Result": "0-2-0"
        },
        {
          "Player1": "Aigis",
          "Player2": "LILwwaaang",
          "Result": "0-2-0"
        },
        {
          "Player1": "ejk",
          "Player2": "powered_by_VANYA",
          "Result": "2-0-0"
        },
        {
          "Player1": "DemianDesposito10",
          "Player2": "Badcookie",
          "Result": "0-2-0"
        },
        {
          "Player1": "Ivan_Draw_Go",
          "Player2": "Cipher10597",
          "Result": "0-2-0"
        },
        {
          "Player1": "Arcbound_Papi",
          "Player2": "noodle_boi",
          "Result": "1-2-0"
        },
        {
          "Player1": "derlumberzack",
          "Player2": "E90_DeliveryBoy",
          "Result": "0-0-0"
        },
        {
          "Player1": "Chiranosuke",
          "Player2": "JoaoFialho",
          "Result": "0-0-0"
        },
        {
          "Player1": "Vaine",
          "Player2": "unworldlyorigin",
          "Result": "2-0-0"
        },
        {
          "Player1": "Capitano_CL",
          "Player2": "Grogore",
          "Result": "0-2-0"
        },
        {
          "Player1": "YABOIJIMJOHN",
          "Player2": "Kyoto_Maschi",
          "Result": "2-0-0"
        },
        {
          "Player1": "otakkun",
          "Player2": "TomCairns",
          "Result": "0-2-0"
        },
        {
          "Player1": "markdm",
          "Player2": "SupremePete56",
          "Result": "0-2-0"
        },
        {
          "Player1": "rastaf",
          "Player2": "Andrewbot5",
          "Result": "0-0-0"
        },
        {
          "Player1": "MandrillMan",
          "Player2": "SeroPhinz",
          "Result": "2-1-0"
        },
        {
          "Player1": "gurig",
          "Player2": "Scooby_Snacks",
          "Result": "0-2-0"
        },
        {
          "Player1": "Venom1",
          "Player2": "Chichichi",
          "Result": "2-0-0"
        },
        {
          "Player1": "DragonFodder",
          "Player2": "Samcaster-Mage",
          "Result": "2-0-0"
        }
      ]
    },
    {
      "RoundName": "Round 3",
      "Matches": [
        {
          "Player1": "LucasG1ggs",
          "Player2": "gurig",
          "Result": "2-0-0"
        },
        {
          "Player1": "phillydrew215",
          "Player2": "SeroPhinz",
          "Result": "2-0-0"
        },
        {
          "Player1": "eclipse4343",
          "Player2": "Scooby_Snacks",
          "Result": "2-0-0"
        },
        {
          "Player1": "MTGeeGee",
          "Player2": "powered_by_VANYA",
          "Result": "0-2-0"
        },
        {
          "Player1": "DragonFodder",
          "Player2": "YABOIJIMJOHN",
          "Result": "2-0-0"
        },
        {
          "Player1": "Goomy_",
          "Player2": "LaneOrLaine",
          "Result": "2-0-0"
        },
        {
          "Player1": "nahuel10",
          "Player2": "Samcaster-Mage",
          "Result": "0-2-0"
        },
        {
          "Player1": "Venom1",
          "Player2": "derlumberzack",
          "Result": "0-2-0"
        },
        {
          "Player1": "henhen3000",
          "Player2": "SupremePete56",
          "Result": "0-0-0"
        },
        {
          "Player1": "LILwwaaang",
          "Player2": "xfile",
          "Result": "0-2-0"
        },
        {
          "Player1": "internetsurfer09",
          "Player2": "DemianDesposito10",
          "Result": "2-0-0"
        },
        {
          "Player1": "samsoni1",
          "Player2": "Chichichi",
          "Result": "2-0-0"
        },
        {
          "Player1": "Capitano_CL",
          "Player2": "Cipher10597",
          "Result": "0-2-0"
        },
        {
          "Player1": "Arcbound_Papi",
          "Player2": "E90_DeliveryBoy",
          "Result": "2-0-0"
        },
        {
          "Player1": "JoaoFialho",
          "Player2": "TheWitchKling",
          "Result": "2-0-0"
        },
        {
          "Player1": "quinniac",
          "Player2": "Badcookie",
          "Result": "2-0-0"
        },
        {
          "Player1": "temur4life",
          "Player2": "jewdan",
          "Result": "2-0-0"
        },
        {
          "Player1": "YungDingo",
          "Player2": "Bong0411",
          "Result": "2-0-0"
        },
        {
          "Player1": "NotSnype315",
          "Player2": "rastaf",
          "Result": "0-2-0"
        },
        {
          "Player1": "Chiranosuke",
          "Player2": "noodle_boi",
          "Result": "0-2-0"
        },
        {
          "Player1": "ejk",
          "Player2": "Grogore",
          "Result": "0-2-0"
        },
        {
          "Player1": "slaxx",
          "Player2": "MandrillMan",
          "Result": "2-0-0"
        },
        {
          "Player1": "ManUFan",
          "Player2": "Vaine",
          "Result": "2-0-0"
        },
        {
          "Player1": "solaec0501",
          "Player2": "NathanOfTheGiltLeaf",
          "Result": "2-0-0"
        },
        {
          "Player1": "Sarlanga",
          "Player2": "LegacyGrinder",
          "Result": "2-0-0"
        },
        {
          "Player1": "TomCairns",
          "Player2": "Snover",
          "Result": "0-0-0"
        },
        {
          "Player1": "O_danielakos",
          "Player2": "Aigis",
          "Result": "2-0-0"
        }
      ]
    },
    {
      "RoundName": "Round 4",
      "Matches": [
        {
          "Player1": "quinniac",
          "Player2": "eclipse4343",
          "Result": "0-2-0"
        },
        {
          "Player1": "O_danielakos",
          "Player2": "TheWitchKling",
          "Result": "0-2-0"
        },
        {
          "Player1": "internetsurfer09",
          "Player2": "temur4life",
          "Result": "0-2-0"
        },
        {
          "Player1": "ManUFan",
          "Player2": "phillydrew215",
          "Result": "2-0-0"
        },
        {
          "Player1": "Samcaster-Mage",
          "Player2": "SeroPhinz",
          "Result": "0-2-0"
        },
        {
          "Player1": "slaxx",
          "Player2": "JoaoFialho",
          "Result": "2-0-0"
        },
        {
          "Player1": "noodle_boi",
          "Player2": "Goomy_",
          "Result": "0-2-0"
        },
        {
          "Player1": "jewdan",
          "Player2": "SupremePete56",
          "Result": "0-2-0"
        },
        {
          "Player1": "MandrillMan",
          "Player2": "Snover",
          "Result": "0-2-0"
        },
        {
          "Player1": "derlumberzack",
          "Player2": "LILwwaaang",
          "Result": "0-0-0"
        },
        {
          "Player1": "rastaf",
          "Player2": "NathanOfTheGiltLeaf",
          "Result": "0-2-0"
        },
        {
          "Player1": "solaec0501",
          "Player2": "xfile",
          "Result": "2-0-0"
        },
        {
          "Player1": "Grogore",
          "Player2": "YungDingo",
          "Result": "0-2-0"
        },
        {
          "Player1": "Badcookie",
          "Player2": "LaneOrLaine",
          "Result": "2-0-0"
        },
        {
          "Player1": "gurig",
          "Player2": "henhen3000",
          "Result": "0-2-0"
        },
        {
          "Player1": "Venom1",
          "Player2": "Arcbound_Papi",
          "Result": "0-2-0"
        },
        {
          "Player1": "Bong0411",
          "Player2": "powered_by_VANYA",
          "Result": "2-0-0"
        },
        {
          "Player1": "LucasG1ggs",
          "Player2": "Sarlanga",
          "Result": "0-0-0"
        },
        {
          "Player1": "Capitano_CL",
          "Player2": "samsoni1",
          "Result": "0-2-0"
        },
        {
          "Player1": "DemianDesposito10",
          "Player2": "TomCairns",
          "Result": "0-2-0"
        },
        {
          "Player1": "DragonFodder",
          "Player2": "Scooby_Snacks",
          "Result": "0-2-0"
        },
        {
          "Player1": "ejk",
          "Player2": "Cipher10597",
          "Result": "2-0-0"
        }
      ]
    },
    {
      "RoundName": "Round 5",
      "Matches": [
        {
          "Player1": "Sarlanga",
          "Player2": "powered_by_VANYA",
          "Result": "0-2-0"
        },
        {
          "Player1": "LucasG1ggs",
          "Player2": "temur4life",
          "Result": "2-0-0"
        },
        {
          "Player1": "ejk",
          "Player2": "xfile",
          "Result": "2-0-0"
        },
        {
          "Player1": "Badcookie",
          "Player2": "Scooby_Snacks",
          "Result": "0-2-0"
        },
        {
          "Player1": "Arcbound_Papi",
          "Player2": "SupremePete56",
          "Result": "2-0-0"
        },
        {
          "Player1": "TheWitchKling",
          "Player2": "Goomy_",
          "Result": "2-0-0"
        },
        {
          "Player1": "derlumberzack",
          "Player2": "SeroPhinz",
          "Result": "1-2-0"
        },
        {
          "Player1": "ManUFan",
          "Player2": "Bong0411",
          "Result": "2-0-0"
        },
        {
          "Player1": "internetsurfer09",
          "Player2": "TomCairns",
          "Result": "0-2-0"
        },
        {
          "Player1": "Grogore",
          "Player2": "Snover",
          "Result": "2-0-0"
        },
        {
          "Player1": "MTGeeGee",
          "Player2": "henhen3000",
          "Result": "0-2-0"
        },
        {
          "Player1": "gurig",
          "Player2": "Samcaster-Mage",
          "Result": "0-2-0"
        },
        {
          "Player1": "slaxx",
          "Player2": "YungDingo",
          "Result": "0-0-0"
        },
        {
          "Player1": "DragonFodder",
          "Player2": "noodle_boi",
          "Result": "0-2-0"
        },
        {
          "Player1": "solaec0501",
          "Player2": "eclipse4343",
          "Result": "0-2-0"
        },
        {
          "Player1": "O_danielakos",
          "Player2": "samsoni1",
          "Result": "0-2-0"
        },
        {
          "Player1": "quinniac",
          "Player2": "JoaoFialho",
          "Result": "0-2-0"
        },
        {
          "Player1": "rastaf",
          "Player2": "MandrillMan",
          "Result": "2-0-0"
        },
        {
          "Player1": "LILwwaaang",
          "Player2": "NathanOfTheGiltLeaf",
          "Result": "0-0-0"
        },
        {
          "Player1": "DemianDesposito10",
          "Player2": "LaneOrLaine",
          "Result": "2-0-0"
        }
      ]
    },
    {
      "RoundName": "Round 6",
      "Matches": [
        {
          "Player1": "samsoni1",
          "Player2": "TomCairns",
          "Result": "0-2-0"
        },
        {
          "Player1": "derlumberzack",
          "Player2": "DemianDesposito10",
          "Result": "2-0-0"
        },
        {
          "Player1": "temur4life",
          "Player2": "powered_by_VANYA",
          "Result": "0-2-0"
        },
        {
          "Player1": "DragonFodder",
          "Player2": "Sarlanga",
          "Result": "2-0-0"
        },
        {
          "Player1": "rastaf",
          "Player2": "Arcbound_Papi",
          "Result": "2-0-0"
        },
        {
          "Player1": "quinniac",
          "Player2": "Snover",
          "Result": "0-2-0"
        },
        {
          "Player1": "slaxx",
          "Player2": "ejk",
          "Result": "2-0-0"
        },
        {
          "Player1": "xfile",
          "Player2": "henhen3000",
          "Result": "0-2-0"
        },
        {
          "Player1": "Samcaster-Mage",
          "Player2": "SupremePete56",
          "Result": "1-2-0"
        },
        {
          "Player1": "eclipse4343",
          "Player2": "YungDingo",
          "Result": "0-2-0"
        },
        {
          "Player1": "LILwwaaang",
          "Player2": "SeroPhinz",
          "Result": "0-2-0"
        },
        {
          "Player1": "solaec0501",
          "Player2": "Scooby_Snacks",
          "Result": "0-2-0"
        },
        {
          "Player1": "Grogore",
          "Player2": "NathanOfTheGiltLeaf",
          "Result": "0-2-0"
        },
        {
          "Player1": "noodle_boi",
          "Player2": "Bong0411",
          "Result": "2-0-0"
        },
        {
          "Player1": "Goomy_",
          "Player2": "Badcookie",
          "Result": "2-0-0"
        },
        {
          "Player1": "LucasG1ggs",
          "Player2": "JoaoFialho",
          "Result": "0-2-0"
        },
        {
          "Player1": "ManUFan",
          "Player2": "TheWitchKling",
          "Result": "0-2-0"
        },
        {
          "Player1": "internetsurfer09",
          "Player2": "O_danielakos",
          "Result": "0-2-0"
        }
      ]
    },
    {
      "RoundName": "Round 7",
      "Matches": [
        {
          "Player1": "TheWitchKling",
          "Player2": "Scooby_Snacks",
          "Result": "2-0-0"
        },
        {
          "Player1": "eclipse4343",
          "Player2": "NathanOfTheGiltLeaf",
          "Result": "2-0-0"
        },
        {
          "Player1": "solaec0501",
          "Player2": "YungDingo",
          "Result": "2-0-0"
        },
        {
          "Player1": "slaxx",
          "Player2": "JoaoFialho",
          "Result": "0-0-0"
        }
      ]
    },
    {
      "RoundName": "Round 8",
      "Matches": [
        {
          "Player1": "eclipse4343",
          "Player2": "TheWitchKling",
          "Result": "0-2-0"
        },
        {
          "Player1": "JoaoFialho",
          "Player2": "solaec0501",
          "Result": "0-2-0"
        }
      ]
    },
    {
      "RoundName": "Round 9",
      "Matches": [
        {
          "Player1": "solaec0501",
          "Player2": "TheWitchKling",
          "Result": "0-2-0"
        }
      ]
    }
  ],
  "Standings": [
    {
      "Rank": 63,
      "Player": "Kyoto_Maschi",
      "Points": 0,
      "Wins": 0,
      "Losses": 0,
      "Draws": 0,
      "OMWP": 0.3333,
      "GWP": 0.2,
      "OGWP": 0.3542
    },
    {
      "Rank": 62,
      "Player": "wolf2222",
      "Points": 0,
      "Wins": 0,
      "Losses": 0,
      "Draws": 0,
      "OMWP": 0.3333,
      "GWP": 0.3333,
      "OGWP": 0.3333
    },
    {
      "Rank": 61,
      "Player": "markdm",
      "Points": 0,
      "Wins": 0,
      "Losses": 0,
      "Draws": 0,
      "OMWP": 0.4167,
      "GWP": 0.2,
      "OGWP": 0.4167
    },
    {
      "Rank": 60,
      "Player": "nahuel10",
      "Points": 0,
      "Wins": 0,
      "Losses": 0,
      "Draws": 0,
      "OMWP": 0.5,
      "GWP": 0.1429,
      "OGWP": 0.5306000000000001
    },
    {
      "Rank": 59,
      "Player": "Ivan_Draw_Go",
      "Points": 0,
      "Wins": 0,
      "Losses": 0,
      "Draws": 0,
      "OMWP": 0.5,
      "GWP": 0.2,
      "OGWP": 0.5
    },
    {
      "Rank": 58,
      "Player": "Chichichi",
      "Points": 0,
      "Wins": 0,
      "Losses": 0,
      "Draws": 0,
      "OMWP": 0.5556,
      "GWP": 0.1429,
      "OGWP": 0.5611
    },
    {
      "Rank": 57,
      "Player": "E90_DeliveryBoy",
      "Points": 0,
      "Wins": 0,
      "Losses": 0,
      "Draws": 0,
      "OMWP": 0.5556,
      "GWP": 0.25,
      "OGWP": 0.5431
    },
    {
      "Rank": 56,
      "Player": "unworldlyorigin",
      "Points": 0,
      "Wins": 0,
      "Losses": 0,
      "Draws": 0,
      "OMWP": 0.5832999999999999,
      "GWP": 0,
      "OGWP": 0.5104
    },
    {
      "Rank": 55,
      "Player": "niuwaid001",
      "Points": 0,
      "Wins": 0,
      "Losses": 0,
      "Draws": 0,
      "OMWP": 0.5832999999999999,
      "GWP": 0,
      "OGWP": 0.5769
    },
    {
      "Rank": 54,
      "Player": "Andrewbot5",
      "Points": 0,
      "Wins": 0,
      "Losses": 0,
      "Draws": 0,
      "OMWP": 0.6667000000000001,
      "GWP": 0.2,
      "OGWP": 0.6154999999999999
    },
    {
      "Rank": 53,
      "Player": "Golgarburr",
      "Points": 0,
      "Wins": 0,
      "Losses": 0,
      "Draws": 0,
      "OMWP": 0.6667000000000001,
      "GWP": 0.3333,
      "OGWP": 0.6
    },
    {
      "Rank": 52,
      "Player": "otakkun",
      "Points": 0,
      "Wins": 0,
      "Losses": 0,
      "Draws": 0,
      "OMWP": 0.75,
      "GWP": 0.2,
      "OGWP": 0.6379
    },
    {
      "Rank": 51,
      "Player": "LegacyGrinder",
      "Points": 3,
      "Wins": 0,
      "Losses": 0,
      "Draws": 0,
      "OMWP": 0.3889,
      "GWP": 0.4286,
      "OGWP": 0.4261
    },
    {
      "Rank": 50,
      "Player": "Vaine",
      "Points": 3,
      "Wins": 0,
      "Losses": 0,
      "Draws": 0,
      "OMWP": 0.44439999999999996,
      "GWP": 0.3333,
      "OGWP": 0.45909999999999995
    },
    {
      "Rank": 49,
      "Player": "Venom1",
      "Points": 3,
      "Wins": 0,
      "Losses": 0,
      "Draws": 0,
      "OMWP": 0.4583,
      "GWP": 0.4167,
      "OGWP": 0.44780000000000003
    },
    {
      "Rank": 48,
      "Player": "Capitano_CL",
      "Points": 3,
      "Wins": 0,
      "Losses": 0,
      "Draws": 0,
      "OMWP": 0.5,
      "GWP": 0.3,
      "OGWP": 0.4917
    },
    {
      "Rank": 47,
      "Player": "YABOIJIMJOHN",
      "Points": 3,
      "Wins": 0,
      "Losses": 0,
      "Draws": 0,
      "OMWP": 0.5,
      "GWP": 0.375,
      "OGWP": 0.4621
    },
    {
      "Rank": 46,
      "Player": "Aigis",
      "Points": 3,
      "Wins": 0,
      "Losses": 0,
      "Draws": 0,
      "OMWP": 0.5,
      "GWP": 0.375,
      "OGWP": 0.4889
    },
    {
      "Rank": 45,
      "Player": "LaneOrLaine",
      "Points": 3,
      "Wins": 0,
      "Losses": 0,
      "Draws": 0,
      "OMWP": 0.5333,
      "GWP": 0.25,
      "OGWP": 0.51
    },
    {
      "Rank": 44,
      "Player": "jewdan",
      "Points": 3,
      "Wins": 0,
      "Losses": 0,
      "Draws": 0,
      "OMWP": 0.5417000000000001,
      "GWP": 0.3,
      "OGWP": 0.5052
    },
    {
      "Rank": 43,
      "Player": "gurig",
      "Points": 3,
      "Wins": 0,
      "Losses": 0,
      "Draws": 0,
      "OMWP": 0.6,
      "GWP": 0.3077,
      "OGWP": 0.5855
    },
    {
      "Rank": 42,
      "Player": "NotSnype315",
      "Points": 3,
      "Wins": 0,
      "Losses": 0,
      "Draws": 0,
      "OMWP": 0.6111,
      "GWP": 0.3333,
      "OGWP": 0.5516
    },
    {
      "Rank": 41,
      "Player": "Chiranosuke",
      "Points": 3,
      "Wins": 0,
      "Losses": 0,
      "Draws": 0,
      "OMWP": 0.7222,
      "GWP": 0.375,
      "OGWP": 0.6475
    },
    {
      "Rank": 40,
      "Player": "Cipher10597",
      "Points": 6,
      "Wins": 0,
      "Losses": 0,
      "Draws": 0,
      "OMWP": 0.4167,
      "GWP": 0.5,
      "OGWP": 0.4104
    },
    {
      "Rank": 39,
      "Player": "Samcaster-Mage",
      "Points": 6,
      "Wins": 0,
      "Losses": 0,
      "Draws": 0,
      "OMWP": 0.44439999999999996,
      "GWP": 0.4667,
      "OGWP": 0.43700000000000006
    },
    {
      "Rank": 38,
      "Player": "DemianDesposito10",
      "Points": 6,
      "Wins": 0,
      "Losses": 0,
      "Draws": 0,
      "OMWP": 0.4722,
      "GWP": 0.4118,
      "OGWP": 0.47100000000000003
    },
    {
      "Rank": 37,
      "Player": "internetsurfer09",
      "Points": 6,
      "Wins": 0,
      "Losses": 0,
      "Draws": 0,
      "OMWP": 0.5556,
      "GWP": 0.375,
      "OGWP": 0.5361
    },
    {
      "Rank": 36,
      "Player": "Sarlanga",
      "Points": 6,
      "Wins": 0,
      "Losses": 0,
      "Draws": 0,
      "OMWP": 0.5832999999999999,
      "GWP": 0.4118,
      "OGWP": 0.5490999999999999
    },
    {
      "Rank": 35,
      "Player": "MTGeeGee",
      "Points": 6,
      "Wins": 0,
      "Losses": 0,
      "Draws": 0,
      "OMWP": 0.5832999999999999,
      "GWP": 0.4167,
      "OGWP": 0.5679
    },
    {
      "Rank": 34,
      "Player": "phillydrew215",
      "Points": 6,
      "Wins": 0,
      "Losses": 0,
      "Draws": 0,
      "OMWP": 0.5832999999999999,
      "GWP": 0.5455,
      "OGWP": 0.5646
    },
    {
      "Rank": 33,
      "Player": "SupremePete56",
      "Points": 9,
      "Wins": 0,
      "Losses": 0,
      "Draws": 0,
      "OMWP": 0.4167,
      "GWP": 0.5,
      "OGWP": 0.4389
    },
    {
      "Rank": 32,
      "Player": "derlumberzack",
      "Points": 9,
      "Wins": 0,
      "Losses": 0,
      "Draws": 0,
      "OMWP": 0.4278,
      "GWP": 0.5294,
      "OGWP": 0.44799999999999995
    },
    {
      "Rank": 31,
      "Player": "samsoni1",
      "Points": 9,
      "Wins": 0,
      "Losses": 0,
      "Draws": 0,
      "OMWP": 0.44439999999999996,
      "GWP": 0.5333,
      "OGWP": 0.4389
    },
    {
      "Rank": 30,
      "Player": "O_danielakos",
      "Points": 9,
      "Wins": 0,
      "Losses": 0,
      "Draws": 0,
      "OMWP": 0.4722,
      "GWP": 0.5,
      "OGWP": 0.4694
    },
    {
      "Rank": 29,
      "Player": "temur4life",
      "Points": 9,
      "Wins": 0,
      "Losses": 0,
      "Draws": 0,
      "OMWP": 0.5278,
      "GWP": 0.5,
      "OGWP": 0.5025999999999999
    },
    {
      "Rank": 28,
      "Player": "Badcookie",
      "Points": 9,
      "Wins": 0,
      "Losses": 0,
      "Draws": 0,
      "OMWP": 0.5556,
      "GWP": 0.5,
      "OGWP": 0.5143
    },
    {
      "Rank": 27,
      "Player": "Arcbound_Papi",
      "Points": 9,
      "Wins": 0,
      "Losses": 0,
      "Draws": 0,
      "OMWP": 0.5556,
      "GWP": 0.5,
      "OGWP": 0.5397
    },
    {
      "Rank": 26,
      "Player": "DragonFodder",
      "Points": 9,
      "Wins": 0,
      "Losses": 0,
      "Draws": 0,
      "OMWP": 0.5832999999999999,
      "GWP": 0.4375,
      "OGWP": 0.5640999999999999
    },
    {
      "Rank": 25,
      "Player": "LILwwaaang",
      "Points": 9,
      "Wins": 0,
      "Losses": 0,
      "Draws": 0,
      "OMWP": 0.5832999999999999,
      "GWP": 0.4667,
      "OGWP": 0.5655
    },
    {
      "Rank": 24,
      "Player": "xfile",
      "Points": 9,
      "Wins": 0,
      "Losses": 0,
      "Draws": 0,
      "OMWP": 0.5832999999999999,
      "GWP": 0.5333,
      "OGWP": 0.5584
    },
    {
      "Rank": 23,
      "Player": "Bong0411",
      "Points": 9,
      "Wins": 0,
      "Losses": 0,
      "Draws": 0,
      "OMWP": 0.6222,
      "GWP": 0.5385,
      "OGWP": 0.5661999999999999
    },
    {
      "Rank": 22,
      "Player": "MandrillMan",
      "Points": 9,
      "Wins": 0,
      "Losses": 0,
      "Draws": 0,
      "OMWP": 0.6333,
      "GWP": 0.4286,
      "OGWP": 0.5962
    },
    {
      "Rank": 21,
      "Player": "quinniac",
      "Points": 9,
      "Wins": 0,
      "Losses": 0,
      "Draws": 0,
      "OMWP": 0.6389,
      "GWP": 0.4667,
      "OGWP": 0.5943999999999999
    },
    {
      "Rank": 20,
      "Player": "TomCairns",
      "Points": 12,
      "Wins": 0,
      "Losses": 0,
      "Draws": 0,
      "OMWP": 0.4167,
      "GWP": 0.5882000000000001,
      "OGWP": 0.43810000000000004
    },
    {
      "Rank": 19,
      "Player": "SeroPhinz",
      "Points": 12,
      "Wins": 0,
      "Losses": 0,
      "Draws": 0,
      "OMWP": 0.44439999999999996,
      "GWP": 0.6429,
      "OGWP": 0.4617
    },
    {
      "Rank": 18,
      "Player": "henhen3000",
      "Points": 12,
      "Wins": 0,
      "Losses": 0,
      "Draws": 0,
      "OMWP": 0.4556,
      "GWP": 0.5882000000000001,
      "OGWP": 0.4611
    },
    {
      "Rank": 17,
      "Player": "powered_by_VANYA",
      "Points": 12,
      "Wins": 0,
      "Losses": 0,
      "Draws": 0,
      "OMWP": 0.4556,
      "GWP": 0.6154,
      "OGWP": 0.4736
    },
    {
      "Rank": 16,
      "Player": "LucasG1ggs",
      "Points": 12,
      "Wins": 0,
      "Losses": 0,
      "Draws": 0,
      "OMWP": 0.4722,
      "GWP": 0.625,
      "OGWP": 0.45539999999999997
    },
    {
      "Rank": 15,
      "Player": "rastaf",
      "Points": 12,
      "Wins": 0,
      "Losses": 0,
      "Draws": 0,
      "OMWP": 0.5,
      "GWP": 0.5882000000000001,
      "OGWP": 0.46380000000000005
    },
    {
      "Rank": 14,
      "Player": "noodle_boi",
      "Points": 12,
      "Wins": 0,
      "Losses": 0,
      "Draws": 0,
      "OMWP": 0.5,
      "GWP": 0.6667000000000001,
      "OGWP": 0.4926
    },
    {
      "Rank": 13,
      "Player": "ManUFan",
      "Points": 12,
      "Wins": 0,
      "Losses": 0,
      "Draws": 0,
      "OMWP": 0.5278,
      "GWP": 0.6154,
      "OGWP": 0.514
    },
    {
      "Rank": 12,
      "Player": "ejk",
      "Points": 12,
      "Wins": 0,
      "Losses": 0,
      "Draws": 0,
      "OMWP": 0.5832999999999999,
      "GWP": 0.6,
      "OGWP": 0.5526
    },
    {
      "Rank": 11,
      "Player": "Goomy_",
      "Points": 12,
      "Wins": 0,
      "Losses": 0,
      "Draws": 0,
      "OMWP": 0.6111,
      "GWP": 0.5714,
      "OGWP": 0.5703
    },
    {
      "Rank": 10,
      "Player": "Grogore",
      "Points": 12,
      "Wins": 0,
      "Losses": 0,
      "Draws": 0,
      "OMWP": 0.6389,
      "GWP": 0.6,
      "OGWP": 0.5507
    },
    {
      "Rank": 9,
      "Player": "Snover",
      "Points": 12,
      "Wins": 0,
      "Losses": 0,
      "Draws": 0,
      "OMWP": 0.6389,
      "GWP": 0.6,
      "OGWP": 0.5647
    },
    {
      "Rank": 8,
      "Player": "NathanOfTheGiltLeaf",
      "Points": 15,
      "Wins": 0,
      "Losses": 0,
      "Draws": 0,
      "OMWP": 0.5278,
      "GWP": 0.6875,
      "OGWP": 0.4869
    },
    {
      "Rank": 7,
      "Player": "Scooby_Snacks",
      "Points": 15,
      "Wins": 0,
      "Losses": 0,
      "Draws": 0,
      "OMWP": 0.5667,
      "GWP": 0.7143,
      "OGWP": 0.5207999999999999
    },
    {
      "Rank": 6,
      "Player": "slaxx",
      "Points": 15,
      "Wins": 0,
      "Losses": 0,
      "Draws": 0,
      "OMWP": 0.6111,
      "GWP": 0.7333,
      "OGWP": 0.5221
    },
    {
      "Rank": 5,
      "Player": "YungDingo",
      "Points": 18,
      "Wins": 0,
      "Losses": 0,
      "Draws": 0,
      "OMWP": 0.6111,
      "GWP": 0.75,
      "OGWP": 0.5696
    },
    {
      "Rank": 4,
      "Player": "JoaoFialho",
      "Points": 18,
      "Wins": 0,
      "Losses": 0,
      "Draws": 0,
      "OMWP": 0.5832999999999999,
      "GWP": 0.6875,
      "OGWP": 0.5444
    },
    {
      "Rank": 3,
      "Player": "eclipse4343",
      "Points": 18,
      "Wins": 0,
      "Losses": 0,
      "Draws": 0,
      "OMWP": 0.6667000000000001,
      "GWP": 0.7333,
      "OGWP": 0.5774
    },
    {
      "Rank": 2,
      "Player": "solaec0501",
      "Points": 18,
      "Wins": 0,
      "Losses": 0,
      "Draws": 0,
      "OMWP": 0.6667000000000001,
      "GWP": 0.6,
      "OGWP": 0.6159
    },
    {
      "Rank": 1,
      "Player": "TheWitchKling",
      "Points": 24,
      "Wins": 0,
      "Losses": 0,
      "Draws": 0,
      "OMWP": 0.6111,
      "GWP": 0.7333,
      "OGWP": 0.5624
    }
  ]
}