{
  "Tournament": {
    "Id": 12802851,
    "Date": "2025-07-14T16:00:00",
    "Name": "Modern Challenge 64",
    "Uri": null,
    "JsonFile": null,
    "ForceRedownload": false
  },
  "Decks": null,
  "Rounds": [
    {
      "RoundName": "Round 1",
      "Matches": [
        {
          "Player1": "sokos13",
          "Player2": "kaikas",
          "Result": "2-0-0"
        },
        {
          "Player1": "Capriccioso",
          "Player2": "Kyoto_Maschi",
          "Result": "2-0-0"
        },
        {
          "Player1": "redryansox",
          "Player2": "loganandmrk",
          "Result": "2-0-0"
        },
        {
          "Player1": "Sarlanga",
          "Player2": "noodle_boi",
          "Result": "2-0-0"
        },
        {
          "Player1": "bobthedog",
          "Player2": "Cereza",
          "Result": "0-2-0"
        },
        {
          "Player1": "Gerardo94",
          "Player2": "Craig_Long123",
          "Result": "0-2-0"
        },
        {
          "Player1": "Capitano_CL",
          "Player2": "VitorCarvalho01",
          "Result": "2-0-0"
        },
        {
          "Player1": "klien7",
          "Player2": "mikeleee",
          "Result": "0-2-0"
        },
        {
          "Player1": "HoldTheElle",
          "Player2": "NJ5030",
          "Result": "2-0-0"
        },
        {
          "Player1": "thatguy_champ",
          "Player2": "draco09",
          "Result": "2-0-0"
        },
        {
          "Player1": "Maccaciock",
          "Player2": "moon11",
          "Result": "0-0-0"
        },
        {
          "Player1": "medvedev",
          "Player2": "Zompatanfo",
          "Result": "2-0-0"
        },
        {
          "Player1": "John1111",
          "Player2": "Rashek",
          "Result": "0-2-0"
        },
        {
          "Player1": "koorn",
          "Player2": "MeninooNey",
          "Result": "0-2-0"
        },
        {
          "Player1": "Tomjones11235",
          "Player2": "NANI182",
          "Result": "2-0-0"
        },
        {
          "Player1": "blackdecks99",
          "Player2": "Traumatismes",
          "Result": "2-0-0"
        },
        {
          "Player1": "rastaf",
          "Player2": "lunaloveee",
          "Result": "2-0-0"
        },
        {
          "Player1": "hermanomlg",
          "Player2": "JakeTMS",
          "Result": "2-0-0"
        },
        {
          "Player1": "kristofff",
          "Player2": "Doelle98",
          "Result": "0-2-0"
        },
        {
          "Player1": "Young_Shaman",
          "Player2": "NormanCar",
          "Result": "2-0-0"
        },
        {
          "Player1": "marcofabrizi",
          "Player2": "Xenowan",
          "Result": "2-0-0"
        },
        {
          "Player1": "matttothec",
          "Player2": "Ale_Mtg",
          "Result": "2-0-0"
        },
        {
          "Player1": "aspiringspike",
          "Player2": "Skpchino",
          "Result": "0-0-0"
        },
        {
          "Player1": "peter780108",
          "Player2": "Beekeeper",
          "Result": "0-2-0"
        },
        {
          "Player1": "TheAdonis",
          "Player2": "bcs8995",
          "Result": "0-2-0"
        },
        {
          "Player1": "Happinessltd",
          "Player2": "Terribad",
          "Result": "2-0-0"
        },
        {
          "Player1": "gpowerone",
          "Player2": "TryParse",
          "Result": "2-0-0"
        },
        {
          "Player1": "NygelV",
          "Player2": "Skrocious",
          "Result": "0-0-0"
        },
        {
          "Player1": "Lollopollo2001",
          "Player2": "Johnny_Hobbs",
          "Result": "2-0-0"
        },
        {
          "Player1": "_Tia93_",
          "Player2": "xfile",
          "Result": "0-2-0"
        },
        {
          "Player1": "KingHairy",
          "Player2": "Alico",
          "Result": "0-0-0"
        },
        {
          "Player1": "doom580",
          "Player2": "Ivan_Draw_Go",
          "Result": "0-2-0"
        },
        {
          "Player1": "AFX",
          "Player2": "Attomium",
          "Result": "0-2-0"
        },
        {
          "Player1": "DobleP",
          "Player2": "chagu",
          "Result": "0-0-0"
        },
        {
          "Player1": "katuo079595",
          "Player2": "Ryosis",
          "Result": "2-0-0"
        },
        {
          "Player1": "O_danielakos",
          "Player2": "oosunq",
          "Result": "2-0-0"
        },
        {
          "Player1": "b4tterskull2",
          "Player2": "Doomenstein",
          "Result": "2-0-0"
        },
        {
          "Player1": "albertoSD",
          "Player2": "416FrowningTable",
          "Result": "0-2-0"
        },
        {
          "Player1": "sandoiche",
          "Player2": "DavidPierceUTA",
          "Result": "2-0-0"
        },
        {
          "Player1": "bless_von",
          "Player2": "bigmasticore",
          "Result": "2-0-0"
        },
        {
          "Player1": "VictorEsquici",
          "Player2": "wzanotti",
          "Result": "2-0-0"
        },
        {
          "Player1": "MATTOMARINAIO",
          "Player2": "unworldlyorigin",
          "Result": "2-0-0"
        },
        {
          "Player1": "_Falcon_",
          "Player2": "Badcookie",
          "Result": "2-0-0"
        },
        {
          "Player1": "Nowayh",
          "Player2": "rooty_tooty",
          "Result": "2-0-0"
        },
        {
          "Player1": "Aira-",
          "Player2": "Patxi",
          "Result": "0-2-0"
        },
        {
          "Player1": "RespectTheCat",
          "Player2": "AgentLion09",
          "Result": "0-2-0"
        }
      ]
    },
    {
      "RoundName": "Round 2",
      "Matches": [
        {
          "Player1": "Johnny_Hobbs",
          "Player2": "lunaloveee",
          "Result": "2-0-0"
        },
        {
          "Player1": "medvedev",
          "Player2": "Skrocious",
          "Result": "0-2-0"
        },
        {
          "Player1": "bigmasticore",
          "Player2": "unworldlyorigin",
          "Result": "2-0-0"
        },
        {
          "Player1": "TheAdonis",
          "Player2": "_Tia93_",
          "Result": "2-0-0"
        },
        {
          "Player1": "Terribad",
          "Player2": "klien7",
          "Result": "1-2-0"
        },
        {
          "Player1": "matttothec",
          "Player2": "Capitano_CL",
          "Result": "0-2-0"
        },
        {
          "Player1": "sandoiche",
          "Player2": "marcofabrizi",
          "Result": "0-2-0"
        },
        {
          "Player1": "aspiringspike",
          "Player2": "Xenowan",
          "Result": "0-2-0"
        },
        {
          "Player1": "416FrowningTable",
          "Player2": "Craig_Long123",
          "Result": "0-0-0"
        },
        {
          "Player1": "sokos13",
          "Player2": "redryansox",
          "Result": "2-0-0"
        },
        {
          "Player1": "Doomenstein",
          "Player2": "loganandmrk",
          "Result": "2-0-0"
        },
        {
          "Player1": "rastaf",
          "Player2": "_Falcon_",
          "Result": "2-0-0"
        },
        {
          "Player1": "doom580",
          "Player2": "draco09",
          "Result": "0-2-0"
        },
        {
          "Player1": "HoldTheElle",
          "Player2": "DobleP",
          "Result": "2-0-0"
        },
        {
          "Player1": "Sarlanga",
          "Player2": "bcs8995",
          "Result": "2-0-0"
        },
        {
          "Player1": "Aira-",
          "Player2": "wzanotti",
          "Result": "2-0-0"
        },
        {
          "Player1": "koorn",
          "Player2": "Zompatanfo",
          "Result": "0-2-0"
        },
        {
          "Player1": "oosunq",
          "Player2": "John1111",
          "Result": "0-2-0"
        },
        {
          "Player1": "kristofff",
          "Player2": "Ale_Mtg",
          "Result": "0-2-0"
        },
        {
          "Player1": "Traumatismes",
          "Player2": "chagu",
          "Result": "0-2-0"
        },
        {
          "Player1": "peter780108",
          "Player2": "RespectTheCat",
          "Result": "0-2-0"
        },
        {
          "Player1": "Skpchino",
          "Player2": "KingHairy",
          "Result": "0-2-0"
        },
        {
          "Player1": "Patxi",
          "Player2": "Beekeeper",
          "Result": "2-0-0"
        },
        {
          "Player1": "Ivan_Draw_Go",
          "Player2": "Kyoto_Maschi",
          "Result": "0-2-0"
        },
        {
          "Player1": "noodle_boi",
          "Player2": "NANI182",
          "Result": "2-0-0"
        },
        {
          "Player1": "bless_von",
          "Player2": "xfile",
          "Result": "0-0-0"
        },
        {
          "Player1": "Young_Shaman",
          "Player2": "Rashek",
          "Result": "0-2-0"
        },
        {
          "Player1": "NygelV",
          "Player2": "kaikas",
          "Result": "2-0-0"
        },
        {
          "Player1": "Alico",
          "Player2": "NJ5030",
          "Result": "0-2-0"
        },
        {
          "Player1": "bobthedog",
          "Player2": "rooty_tooty",
          "Result": "2-0-0"
        },
        {
          "Player1": "AFX",
          "Player2": "Ryosis",
          "Result": "0-2-0"
        },
        {
          "Player1": "JakeTMS",
          "Player2": "DavidPierceUTA",
          "Result": "0-2-0"
        },
        {
          "Player1": "gpowerone",
          "Player2": "Happinessltd",
          "Result": "0-0-0"
        },
        {
          "Player1": "Doelle98",
          "Player2": "VictorEsquici",
          "Result": "2-0-0"
        },
        {
          "Player1": "Attomium",
          "Player2": "MeninooNey",
          "Result": "0-2-0"
        },
        {
          "Player1": "Gerardo94",
          "Player2": "Badcookie",
          "Result": "0-2-0"
        },
        {
          "Player1": "O_danielakos",
          "Player2": "mikeleee",
          "Result": "2-0-0"
        },
        {
          "Player1": "thatguy_champ",
          "Player2": "Cereza",
          "Result": "0-2-0"
        },
        {
          "Player1": "hermanomlg",
          "Player2": "MATTOMARINAIO",
          "Result": "2-0-0"
        },
        {
          "Player1": "Capriccioso",
          "Player2": "Tomjones11235",
          "Result": "0-2-0"
        },
        {
          "Player1": "Maccaciock",
          "Player2": "Chocolate_Branco",
          "Result": "2-0-0"
        },
        {
          "Player1": "blackdecks99",
          "Player2": "katuo079595",
          "Result": "0-2-0"
        },
        {
          "Player1": "Lollopollo2001",
          "Player2": "AgentLion09",
          "Result": "2-0-0"
        },
        {
          "Player1": "b4tterskull2",
          "Player2": "Nowayh",
          "Result": "0-2-0"
        },
        {
          "Player1": "moon11",
          "Player2": "VitorCarvalho01",
          "Result": "0-2-0"
        }
      ]
    },
    {
      "RoundName": "Round 3",
      "Matches": [
        {
          "Player1": "thatguy_champ",
          "Player2": "Ryosis",
          "Result": "2-0-0"
        },
        {
          "Player1": "blackdecks99",
          "Player2": "DobleP",
          "Result": "2-0-0"
        },
        {
          "Player1": "MATTOMARINAIO",
          "Player2": "Zompatanfo",
          "Result": "2-0-0"
        },
        {
          "Player1": "AFX",
          "Player2": "Alico",
          "Result": "0-0-0"
        },
        {
          "Player1": "Capriccioso",
          "Player2": "Skpchino",
          "Result": "0-2-0"
        },
        {
          "Player1": "Traumatismes",
          "Player2": "JakeTMS",
          "Result": "2-0-0"
        },
        {
          "Player1": "bobthedog",
          "Player2": "mikeleee",
          "Result": "2-0-0"
        },
        {
          "Player1": "gpowerone",
          "Player2": "bless_von",
          "Result": "0-2-0"
        },
        {
          "Player1": "bcs8995",
          "Player2": "Ale_Mtg",
          "Result": "0-2-0"
        },
        {
          "Player1": "TryParse",
          "Player2": "bigmasticore",
          "Result": "2-0-0"
        },
        {
          "Player1": "Aira-",
          "Player2": "DavidPierceUTA",
          "Result": "2-0-0"
        },
        {
          "Player1": "koorn",
          "Player2": "loganandmrk",
          "Result": "0-2-0"
        },
        {
          "Player1": "_Falcon_",
          "Player2": "Kyoto_Maschi",
          "Result": "2-0-0"
        },
        {
          "Player1": "VictorEsquici",
          "Player2": "NJ5030",
          "Result": "0-2-0"
        },
        {
          "Player1": "HoldTheElle",
          "Player2": "marcofabrizi",
          "Result": "0-2-0"
        },
        {
          "Player1": "Young_Shaman",
          "Player2": "VitorCarvalho01",
          "Result": "0-2-0"
        },
        {
          "Player1": "TheAdonis",
          "Player2": "RespectTheCat",
          "Result": "2-0-0"
        },
        {
          "Player1": "John1111",
          "Player2": "NygelV",
          "Result": "0-2-0"
        },
        {
          "Player1": "416FrowningTable",
          "Player2": "MeninooNey",
          "Result": "1-2-0"
        },
        {
          "Player1": "medvedev",
          "Player2": "Doomenstein",
          "Result": "0-2-0"
        },
        {
          "Player1": "rastaf",
          "Player2": "Doelle98",
          "Result": "0-2-0"
        },
        {
          "Player1": "KingHairy",
          "Player2": "Cereza",
          "Result": "2-0-0"
        },
        {
          "Player1": "_Tia93_",
          "Player2": "doom580",
          "Result": "0-2-0"
        },
        {
          "Player1": "Beekeeper",
          "Player2": "Badcookie",
          "Result": "0-2-0"
        },
        {
          "Player1": "Capitano_CL",
          "Player2": "O_danielakos",
          "Result": "0-2-0"
        },
        {
          "Player1": "sokos13",
          "Player2": "Sarlanga",
          "Result": "2-0-0"
        },
        {
          "Player1": "Maccaciock",
          "Player2": "katuo079595",
          "Result": "0-2-0"
        },
        {
          "Player1": "Lollopollo2001",
          "Player2": "klien7",
          "Result": "2-0-0"
        },
        {
          "Player1": "Happinessltd",
          "Player2": "b4tterskull2",
          "Result": "0-2-0"
        },
        {
          "Player1": "Johnny_Hobbs",
          "Player2": "Craig_Long123",
          "Result": "2-0-0"
        },
        {
          "Player1": "xfile",
          "Player2": "Ivan_Draw_Go",
          "Result": "2-0-0"
        },
        {
          "Player1": "Attomium",
          "Player2": "draco09",
          "Result": "2-0-0"
        },
        {
          "Player1": "AgentLion09",
          "Player2": "chagu",
          "Result": "0-2-0"
        },
        {
          "Player1": "sandoiche",
          "Player2": "noodle_boi",
          "Result": "2-0-0"
        },
        {
          "Player1": "Rashek",
          "Player2": "Nowayh",
          "Result": "0-2-0"
        },
        {
          "Player1": "hermanomlg",
          "Player2": "Skrocious",
          "Result": "2-0-0"
        },
        {
          "Player1": "kristofff",
          "Player2": "peter780108",
          "Result": "0-2-0"
        },
        {
          "Player1": "Patxi",
          "Player2": "Tomjones11235",
          "Result": "2-0-0"
        },
        {
          "Player1": "matttothec",
          "Player2": "Xenowan",
          "Result": "0-2-0"
        },
        {
          "Player1": "redryansox",
          "Player2": "Chocolate_Branco",
          "Result": "0-2-0"
        }
      ]
    },
    {
      "RoundName": "Round 4",
      "Matches": [
        {
          "Player1": "Attomium",
          "Player2": "xfile",
          "Result": "0-2-0"
        },
        {
          "Player1": "hermanomlg",
          "Player2": "MeninooNey",
          "Result": "2-0-0"
        },
        {
          "Player1": "peter780108",
          "Player2": "noodle_boi",
          "Result": "2-0-0"
        },
        {
          "Player1": "MATTOMARINAIO",
          "Player2": "Skrocious",
          "Result": "0-2-0"
        },
        {
          "Player1": "Skpchino",
          "Player2": "Badcookie",
          "Result": "2-0-0"
        },
        {
          "Player1": "416FrowningTable",
          "Player2": "Chocolate_Branco",
          "Result": "2-0-0"
        },
        {
          "Player1": "bobthedog",
          "Player2": "Xenowan",
          "Result": "0-2-0"
        },
        {
          "Player1": "Traumatismes",
          "Player2": "Craig_Long123",
          "Result": "2-0-0"
        },
        {
          "Player1": "NygelV",
          "Player2": "Ale_Mtg",
          "Result": "2-0-0"
        },
        {
          "Player1": "marcofabrizi",
          "Player2": "KingHairy",
          "Result": "2-0-0"
        },
        {
          "Player1": "klien7",
          "Player2": "Ryosis",
          "Result": "2-0-0"
        },
        {
          "Player1": "Happinessltd",
          "Player2": "DavidPierceUTA",
          "Result": "0-2-0"
        },
        {
          "Player1": "Aira-",
          "Player2": "thatguy_champ",
          "Result": "2-0-0"
        },
        {
          "Player1": "Sarlanga",
          "Player2": "Doomenstein",
          "Result": "2-0-0"
        },
        {
          "Player1": "Patxi",
          "Player2": "Doelle98",
          "Result": "0-0-0"
        },
        {
          "Player1": "sokos13",
          "Player2": "Lollopollo2001",
          "Result": "2-0-0"
        },
        {
          "Player1": "Maccaciock",
          "Player2": "TheAdonis",
          "Result": "0-2-0"
        },
        {
          "Player1": "sandoiche",
          "Player2": "TryParse",
          "Result": "2-0-0"
        },
        {
          "Player1": "b4tterskull2",
          "Player2": "Johnny_Hobbs",
          "Result": "2-1-0"
        },
        {
          "Player1": "rastaf",
          "Player2": "Cereza",
          "Result": "0-2-0"
        },
        {
          "Player1": "matttothec",
          "Player2": "Ivan_Draw_Go",
          "Result": "0-2-0"
        },
        {
          "Player1": "O_danielakos",
          "Player2": "Nowayh",
          "Result": "2-0-0"
        },
        {
          "Player1": "bcs8995",
          "Player2": "Zompatanfo",
          "Result": "0-2-0"
        },
        {
          "Player1": "Tomjones11235",
          "Player2": "_Falcon_",
          "Result": "0-2-0"
        },
        {
          "Player1": "medvedev",
          "Player2": "AFX",
          "Result": "0-2-0"
        },
        {
          "Player1": "Capriccioso",
          "Player2": "redryansox",
          "Result": "0-2-0"
        },
        {
          "Player1": "katuo079595",
          "Player2": "bless_von",
          "Result": "2-0-0"
        },
        {
          "Player1": "bigmasticore",
          "Player2": "AgentLion09",
          "Result": "2-0-0"
        },
        {
          "Player1": "HoldTheElle",
          "Player2": "chagu",
          "Result": "2-0-0"
        },
        {
          "Player1": "Rashek",
          "Player2": "VitorCarvalho01",
          "Result": "2-0-0"
        },
        {
          "Player1": "blackdecks99",
          "Player2": "NJ5030",
          "Result": "0-2-0"
        },
        {
          "Player1": "kristofff",
          "Player2": "loganandmrk",
          "Result": "0-2-0"
        },
        {
          "Player1": "gpowerone",
          "Player2": "Capitano_CL",
          "Result": "2-0-0"
        },
        {
          "Player1": "doom580",
          "Player2": "mikeleee",
          "Result": "2-0-0"
        },
        {
          "Player1": "Young_Shaman",
          "Player2": "DobleP",
          "Result": "2-0-0"
        },
        {
          "Player1": "Alico",
          "Player2": "koorn",
          "Result": "2-0-0"
        },
        {
          "Player1": "draco09",
          "Player2": "VictorEsquici",
          "Result": "0-2-0"
        }
      ]
    },
    {
      "RoundName": "Round 5",
      "Matches": [
        {
          "Player1": "HoldTheElle",
          "Player2": "Xenowan",
          "Result": "0-2-0"
        },
        {
          "Player1": "Johnny_Hobbs",
          "Player2": "bigmasticore",
          "Result": "2-0-0"
        },
        {
          "Player1": "Capitano_CL",
          "Player2": "peter780108",
          "Result": "2-0-0"
        },
        {
          "Player1": "matttothec",
          "Player2": "medvedev",
          "Result": "2-0-0"
        },
        {
          "Player1": "doom580",
          "Player2": "MATTOMARINAIO",
          "Result": "2-0-0"
        },
        {
          "Player1": "bobthedog",
          "Player2": "chagu",
          "Result": "2-0-0"
        },
        {
          "Player1": "Zompatanfo",
          "Player2": "Traumatismes",
          "Result": "1-2-0"
        },
        {
          "Player1": "rastaf",
          "Player2": "VitorCarvalho01",
          "Result": "2-0-0"
        },
        {
          "Player1": "Skpchino",
          "Player2": "_Falcon_",
          "Result": "0-2-0"
        },
        {
          "Player1": "Nowayh",
          "Player2": "Cereza",
          "Result": "2-0-0"
        },
        {
          "Player1": "TheAdonis",
          "Player2": "NJ5030",
          "Result": "0-2-0"
        },
        {
          "Player1": "Young_Shaman",
          "Player2": "Doomenstein",
          "Result": "2-0-0"
        },
        {
          "Player1": "Patxi",
          "Player2": "marcofabrizi",
          "Result": "2-0-0"
        },
        {
          "Player1": "b4tterskull2",
          "Player2": "bless_von",
          "Result": "2-0-0"
        },
        {
          "Player1": "Alico",
          "Player2": "DobleP",
          "Result": "2-0-0"
        },
        {
          "Player1": "TryParse",
          "Player2": "AgentLion09",
          "Result": "0-2-0"
        },
        {
          "Player1": "416FrowningTable",
          "Player2": "Skrocious",
          "Result": "2-0-0"
        },
        {
          "Player1": "gpowerone",
          "Player2": "NygelV",
          "Result": "0-2-0"
        },
        {
          "Player1": "katuo079595",
          "Player2": "hermanomlg",
          "Result": "0-2-0"
        },
        {
          "Player1": "redryansox",
          "Player2": "Attomium",
          "Result": "0-2-0"
        },
        {
          "Player1": "xfile",
          "Player2": "MeninooNey",
          "Result": "0-2-0"
        },
        {
          "Player1": "kristofff",
          "Player2": "koorn",
          "Result": "0-2-0"
        },
        {
          "Player1": "sandoiche",
          "Player2": "KingHairy",
          "Result": "2-0-0"
        },
        {
          "Player1": "loganandmrk",
          "Player2": "Chocolate_Branco",
          "Result": "2-0-0"
        },
        {
          "Player1": "noodle_boi",
          "Player2": "Craig_Long123",
          "Result": "2-0-0"
        },
        {
          "Player1": "klien7",
          "Player2": "VictorEsquici",
          "Result": "0-2-0"
        },
        {
          "Player1": "Aira-",
          "Player2": "Doelle98",
          "Result": "0-2-0"
        },
        {
          "Player1": "AFX",
          "Player2": "Tomjones11235",
          "Result": "2-1-0"
        },
        {
          "Player1": "Maccaciock",
          "Player2": "Ivan_Draw_Go",
          "Result": "2-0-0"
        },
        {
          "Player1": "thatguy_champ",
          "Player2": "Badcookie",
          "Result": "2-0-0"
        },
        {
          "Player1": "sokos13",
          "Player2": "O_danielakos",
          "Result": "2-0-0"
        },
        {
          "Player1": "Lollopollo2001",
          "Player2": "DavidPierceUTA",
          "Result": "2-0-0"
        },
        {
          "Player1": "Sarlanga",
          "Player2": "Rashek",
          "Result": "0-2-0"
        }
      ]
    },
    {
      "RoundName": "Round 6",
      "Matches": [
        {
          "Player1": "Alico",
          "Player2": "DavidPierceUTA",
          "Result": "0-2-0"
        },
        {
          "Player1": "bigmasticore",
          "Player2": "Traumatismes",
          "Result": "0-2-0"
        },
        {
          "Player1": "416FrowningTable",
          "Player2": "Nowayh",
          "Result": "2-0-0"
        },
        {
          "Player1": "Doelle98",
          "Player2": "MeninooNey",
          "Result": "2-0-0"
        },
        {
          "Player1": "TryParse",
          "Player2": "Badcookie",
          "Result": "0-2-0"
        },
        {
          "Player1": "rastaf",
          "Player2": "Young_Shaman",
          "Result": "2-0-0"
        },
        {
          "Player1": "Tomjones11235",
          "Player2": "Doomenstein",
          "Result": "2-0-0"
        },
        {
          "Player1": "gpowerone",
          "Player2": "Skpchino",
          "Result": "0-2-0"
        },
        {
          "Player1": "sokos13",
          "Player2": "NygelV",
          "Result": "2-0-0"
        },
        {
          "Player1": "katuo079595",
          "Player2": "Lollopollo2001",
          "Result": "0-2-0"
        },
        {
          "Player1": "noodle_boi",
          "Player2": "Ivan_Draw_Go",
          "Result": "0-2-0"
        },
        {
          "Player1": "Capitano_CL",
          "Player2": "VictorEsquici",
          "Result": "2-0-0"
        },
        {
          "Player1": "klien7",
          "Player2": "AgentLion09",
          "Result": "2-0-0"
        },
        {
          "Player1": "matttothec",
          "Player2": "peter780108",
          "Result": "0-2-0"
        },
        {
          "Player1": "Zompatanfo",
          "Player2": "Chocolate_Branco",
          "Result": "2-0-0"
        },
        {
          "Player1": "_Falcon_",
          "Player2": "NJ5030",
          "Result": "2-0-0"
        },
        {
          "Player1": "b4tterskull2",
          "Player2": "Xenowan",
          "Result": "2-0-0"
        },
        {
          "Player1": "Sarlanga",
          "Player2": "loganandmrk",
          "Result": "2-0-0"
        },
        {
          "Player1": "doom580",
          "Player2": "xfile",
          "Result": "2-1-0"
        },
        {
          "Player1": "TheAdonis",
          "Player2": "Skrocious",
          "Result": "2-0-0"
        },
        {
          "Player1": "Patxi",
          "Player2": "hermanomlg",
          "Result": "0-2-0"
        },
        {
          "Player1": "bobthedog",
          "Player2": "Maccaciock",
          "Result": "2-0-0"
        },
        {
          "Player1": "medvedev",
          "Player2": "koorn",
          "Result": "2-0-0"
        },
        {
          "Player1": "AFX",
          "Player2": "Johnny_Hobbs",
          "Result": "2-0-0"
        },
        {
          "Player1": "O_danielakos",
          "Player2": "marcofabrizi",
          "Result": "2-0-0"
        },
        {
          "Player1": "bless_von",
          "Player2": "Cereza",
          "Result": "0-2-0"
        },
        {
          "Player1": "HoldTheElle",
          "Player2": "thatguy_champ",
          "Result": "2-0-0"
        },
        {
          "Player1": "sandoiche",
          "Player2": "Rashek",
          "Result": "0-2-0"
        },
        {
          "Player1": "Aira-",
          "Player2": "Attomium",
          "Result": "2-0-0"
        },
        {
          "Player1": "redryansox",
          "Player2": "chagu",
          "Result": "2-0-0"
        },
        {
          "Player1": "MATTOMARINAIO",
          "Player2": "VitorCarvalho01",
          "Result": "0-2-0"
        }
      ]
    },
    {
      "RoundName": "Round 7",
      "Matches": [
        {
          "Player1": "loganandmrk",
          "Player2": "Skrocious",
          "Result": "2-0-0"
        },
        {
          "Player1": "Johnny_Hobbs",
          "Player2": "VictorEsquici",
          "Result": "0-2-0"
        },
        {
          "Player1": "Aira-",
          "Player2": "Traumatismes",
          "Result": "2-0-0"
        },
        {
          "Player1": "Cereza",
          "Player2": "MeninooNey",
          "Result": "0-2-0"
        },
        {
          "Player1": "O_danielakos",
          "Player2": "_Falcon_",
          "Result": "2-0-0"
        },
        {
          "Player1": "kristofff",
          "Player2": "Alico",
          "Result": "0-2-0"
        },
        {
          "Player1": "peter780108",
          "Player2": "VitorCarvalho01",
          "Result": "0-2-0"
        },
        {
          "Player1": "Capitano_CL",
          "Player2": "doom580",
          "Result": "2-0-0"
        },
        {
          "Player1": "katuo079595",
          "Player2": "Xenowan",
          "Result": "0-2-0"
        },
        {
          "Player1": "AFX",
          "Player2": "NJ5030",
          "Result": "2-0-0"
        },
        {
          "Player1": "Tomjones11235",
          "Player2": "bigmasticore",
          "Result": "0-2-0"
        },
        {
          "Player1": "bless_von",
          "Player2": "thatguy_champ",
          "Result": "2-0-0"
        },
        {
          "Player1": "rastaf",
          "Player2": "HoldTheElle",
          "Result": "0-0-0"
        },
        {
          "Player1": "Skpchino",
          "Player2": "marcofabrizi",
          "Result": "2-0-0"
        },
        {
          "Player1": "MATTOMARINAIO",
          "Player2": "TryParse",
          "Result": "0-2-0"
        },
        {
          "Player1": "TheAdonis",
          "Player2": "Nowayh",
          "Result": "2-0-0"
        },
        {
          "Player1": "bobthedog",
          "Player2": "NygelV",
          "Result": "0-2-0"
        },
        {
          "Player1": "xfile",
          "Player2": "DavidPierceUTA",
          "Result": "2-0-0"
        },
        {
          "Player1": "gpowerone",
          "Player2": "Badcookie",
          "Result": "2-0-0"
        },
        {
          "Player1": "Ivan_Draw_Go",
          "Player2": "Zompatanfo",
          "Result": "0-2-0"
        },
        {
          "Player1": "AgentLion09",
          "Player2": "Chocolate_Branco",
          "Result": "2-0-0"
        },
        {
          "Player1": "noodle_boi",
          "Player2": "koorn",
          "Result": "0-2-0"
        },
        {
          "Player1": "sokos13",
          "Player2": "hermanomlg",
          "Result": "2-0-0"
        },
        {
          "Player1": "Lollopollo2001",
          "Player2": "Doelle98",
          "Result": "0-2-0"
        },
        {
          "Player1": "Patxi",
          "Player2": "416FrowningTable",
          "Result": "0-2-0"
        },
        {
          "Player1": "b4tterskull2",
          "Player2": "Rashek",
          "Result": "0-2-0"
        },
        {
          "Player1": "Sarlanga",
          "Player2": "sandoiche",
          "Result": "2-0-0"
        },
        {
          "Player1": "Maccaciock",
          "Player2": "Attomium",
          "Result": "0-2-0"
        },
        {
          "Player1": "redryansox",
          "Player2": "klien7",
          "Result": "0-2-0"
        }
      ]
    },
    {
      "RoundName": "Round 8",
      "Matches": [
        {
          "Player1": "O_danielakos",
          "Player2": "416FrowningTable",
          "Result": "2-0-0"
        },
        {
          "Player1": "Patxi",
          "Player2": "Doelle98",
          "Result": "2-0-0"
        },
        {
          "Player1": "hermanomlg",
          "Player2": "Rashek",
          "Result": "1-2-0"
        },
        {
          "Player1": "sokos13",
          "Player2": "MeninooNey",
          "Result": "2-0-0"
        }
      ]
    },
    {
      "RoundName": "Round 9",
      "Matches": [
        {
          "Player1": "sokos13",
          "Player2": "Rashek",
          "Result": "0-2-0"
        },
        {
          "Player1": "Patxi",
          "Player2": "O_danielakos",
          "Result": "0-2-0"
        }
      ]
    },
    {
      "RoundName": "Round 10",
      "Matches": [
        {
          "Player1": "O_danielakos",
          "Player2": "Rashek",
          "Result": "2-0-0"
        }
      ]
    }
  ],
  "Standings": [
    {
      "Rank": 93,
      "Player": "NANI182",
      "Points": 0,
      "Wins": 0,
      "Losses": 0,
      "Draws": 0,
      "OMWP": 0.381,
      "GWP": 0,
      "OGWP": 0.4722
    },
    {
      "Rank": 92,
      "Player": "unworldlyorigin",
      "Points": 0,
      "Wins": 0,
      "Losses": 0,
      "Draws": 0,
      "OMWP": 0.381,
      "GWP": 0.2,
      "OGWP": 0.402
    },
    {
      "Rank": 91,
      "Player": "Gerardo94",
      "Points": 0,
      "Wins": 0,
      "Losses": 0,
      "Draws": 0,
      "OMWP": 0.381,
      "GWP": 0.3333,
      "OGWP": 0.3889
    },
    {
      "Rank": 90,
      "Player": "Terribad",
      "Points": 0,
      "Wins": 0,
      "Losses": 0,
      "Draws": 0,
      "OMWP": 0.4524,
      "GWP": 0.3333,
      "OGWP": 0.445
    },
    {
      "Rank": 89,
      "Player": "lunaloveee",
      "Points": 0,
      "Wins": 0,
      "Losses": 0,
      "Draws": 0,
      "OMWP": 0.5,
      "GWP": 0,
      "OGWP": 0.498
    },
    {
      "Rank": 88,
      "Player": "NormanCar",
      "Points": 0,
      "Wins": 0,
      "Losses": 0,
      "Draws": 0,
      "OMWP": 0.5,
      "GWP": 0,
      "OGWP": 0.5714
    },
    {
      "Rank": 87,
      "Player": "moon11",
      "Points": 0,
      "Wins": 0,
      "Losses": 0,
      "Draws": 0,
      "OMWP": 0.5,
      "GWP": 0.3333,
      "OGWP": 0.4833
    },
    {
      "Rank": 86,
      "Player": "rooty_tooty",
      "Points": 0,
      "Wins": 0,
      "Losses": 0,
      "Draws": 0,
      "OMWP": 0.5714,
      "GWP": 0,
      "OGWP": 0.6181
    },
    {
      "Rank": 85,
      "Player": "oosunq",
      "Points": 0,
      "Wins": 0,
      "Losses": 0,
      "Draws": 0,
      "OMWP": 0.5952000000000001,
      "GWP": 0.2,
      "OGWP": 0.5313
    },
    {
      "Rank": 84,
      "Player": "_Tia93_",
      "Points": 0,
      "Wins": 0,
      "Losses": 0,
      "Draws": 0,
      "OMWP": 0.6111,
      "GWP": 0,
      "OGWP": 0.5577000000000001
    },
    {
      "Rank": 83,
      "Player": "JakeTMS",
      "Points": 0,
      "Wins": 0,
      "Losses": 0,
      "Draws": 0,
      "OMWP": 0.619,
      "GWP": 0.3333,
      "OGWP": 0.5882000000000001
    },
    {
      "Rank": 82,
      "Player": "wzanotti",
      "Points": 0,
      "Wins": 0,
      "Losses": 0,
      "Draws": 0,
      "OMWP": 0.6429,
      "GWP": 0.2,
      "OGWP": 0.5965
    },
    {
      "Rank": 81,
      "Player": "aspiringspike",
      "Points": 0,
      "Wins": 0,
      "Losses": 0,
      "Draws": 0,
      "OMWP": 0.7143,
      "GWP": 0,
      "OGWP": 0.6667000000000001
    },
    {
      "Rank": 80,
      "Player": "albertoSD",
      "Points": 0,
      "Wins": 0,
      "Losses": 0,
      "Draws": 0,
      "OMWP": 0.8571,
      "GWP": 0,
      "OGWP": 0.6923
    },
    {
      "Rank": 79,
      "Player": "kaikas",
      "Points": 0,
      "Wins": 0,
      "Losses": 0,
      "Draws": 0,
      "OMWP": 0.8571,
      "GWP": 0.2,
      "OGWP": 0.7222
    },
    {
      "Rank": 78,
      "Player": "Capriccioso",
      "Points": 3,
      "Wins": 0,
      "Losses": 0,
      "Draws": 0,
      "OMWP": 0.47619999999999996,
      "GWP": 0.4,
      "OGWP": 0.4861
    },
    {
      "Rank": 77,
      "Player": "Kyoto_Maschi",
      "Points": 3,
      "Wins": 0,
      "Losses": 0,
      "Draws": 0,
      "OMWP": 0.4921,
      "GWP": 0.2857,
      "OGWP": 0.5088
    },
    {
      "Rank": 76,
      "Player": "DobleP",
      "Points": 3,
      "Wins": 0,
      "Losses": 0,
      "Draws": 0,
      "OMWP": 0.49520000000000003,
      "GWP": 0.3077,
      "OGWP": 0.49950000000000006
    },
    {
      "Rank": 75,
      "Player": "Craig_Long123",
      "Points": 3,
      "Wins": 0,
      "Losses": 0,
      "Draws": 0,
      "OMWP": 0.5047999999999999,
      "GWP": 0.3077,
      "OGWP": 0.491
    },
    {
      "Rank": 74,
      "Player": "Happinessltd",
      "Points": 3,
      "Wins": 0,
      "Losses": 0,
      "Draws": 0,
      "OMWP": 0.5119,
      "GWP": 0.3636,
      "OGWP": 0.47950000000000004
    },
    {
      "Rank": 73,
      "Player": "kristofff",
      "Points": 3,
      "Wins": 0,
      "Losses": 0,
      "Draws": 0,
      "OMWP": 0.5267000000000001,
      "GWP": 0.2,
      "OGWP": 0.4803
    },
    {
      "Rank": 72,
      "Player": "Beekeeper",
      "Points": 3,
      "Wins": 0,
      "Losses": 0,
      "Draws": 0,
      "OMWP": 0.5238,
      "GWP": 0.4286,
      "OGWP": 0.5166
    },
    {
      "Rank": 71,
      "Player": "RespectTheCat",
      "Points": 3,
      "Wins": 0,
      "Losses": 0,
      "Draws": 0,
      "OMWP": 0.5238,
      "GWP": 0.44439999999999996,
      "OGWP": 0.49119999999999997
    },
    {
      "Rank": 70,
      "Player": "draco09",
      "Points": 3,
      "Wins": 0,
      "Losses": 0,
      "Draws": 0,
      "OMWP": 0.5417000000000001,
      "GWP": 0.3636,
      "OGWP": 0.5049
    },
    {
      "Rank": 69,
      "Player": "Ryosis",
      "Points": 3,
      "Wins": 0,
      "Losses": 0,
      "Draws": 0,
      "OMWP": 0.5714,
      "GWP": 0.4,
      "OGWP": 0.5204
    },
    {
      "Rank": 68,
      "Player": "bcs8995",
      "Points": 3,
      "Wins": 0,
      "Losses": 0,
      "Draws": 0,
      "OMWP": 0.625,
      "GWP": 0.3333,
      "OGWP": 0.5637
    },
    {
      "Rank": 67,
      "Player": "John1111",
      "Points": 3,
      "Wins": 0,
      "Losses": 0,
      "Draws": 0,
      "OMWP": 0.6349,
      "GWP": 0.375,
      "OGWP": 0.5439
    },
    {
      "Rank": 66,
      "Player": "mikeleee",
      "Points": 3,
      "Wins": 0,
      "Losses": 0,
      "Draws": 0,
      "OMWP": 0.6429,
      "GWP": 0.4,
      "OGWP": 0.5912
    },
    {
      "Rank": 65,
      "Player": "Ale_Mtg",
      "Points": 6,
      "Wins": 0,
      "Losses": 0,
      "Draws": 0,
      "OMWP": 0.4286,
      "GWP": 0.4,
      "OGWP": 0.42950000000000005
    },
    {
      "Rank": 64,
      "Player": "noodle_boi",
      "Points": 6,
      "Wins": 0,
      "Losses": 0,
      "Draws": 0,
      "OMWP": 0.449,
      "GWP": 0.44439999999999996,
      "OGWP": 0.46240000000000003
    },
    {
      "Rank": 63,
      "Player": "medvedev",
      "Points": 6,
      "Wins": 0,
      "Losses": 0,
      "Draws": 0,
      "OMWP": 0.44439999999999996,
      "GWP": 0.4,
      "OGWP": 0.4664
    },
    {
      "Rank": 62,
      "Player": "koorn",
      "Points": 6,
      "Wins": 0,
      "Losses": 0,
      "Draws": 0,
      "OMWP": 0.4694,
      "GWP": 0.3529,
      "OGWP": 0.4769
    },
    {
      "Rank": 61,
      "Player": "chagu",
      "Points": 6,
      "Wins": 0,
      "Losses": 0,
      "Draws": 0,
      "OMWP": 0.5079,
      "GWP": 0.35710000000000003,
      "OGWP": 0.4961
    },
    {
      "Rank": 60,
      "Player": "blackdecks99",
      "Points": 6,
      "Wins": 0,
      "Losses": 0,
      "Draws": 0,
      "OMWP": 0.5119,
      "GWP": 0.5455,
      "OGWP": 0.47729999999999995
    },
    {
      "Rank": 59,
      "Player": "matttothec",
      "Points": 6,
      "Wins": 0,
      "Losses": 0,
      "Draws": 0,
      "OMWP": 0.5267000000000001,
      "GWP": 0.3846,
      "OGWP": 0.5141
    },
    {
      "Rank": 58,
      "Player": "MATTOMARINAIO",
      "Points": 6,
      "Wins": 0,
      "Losses": 0,
      "Draws": 0,
      "OMWP": 0.5374,
      "GWP": 0.3333,
      "OGWP": 0.5164
    },
    {
      "Rank": 57,
      "Player": "Doomenstein",
      "Points": 6,
      "Wins": 0,
      "Losses": 0,
      "Draws": 0,
      "OMWP": 0.5437,
      "GWP": 0.375,
      "OGWP": 0.5535
    },
    {
      "Rank": 56,
      "Player": "Chocolate_Branco",
      "Points": 6,
      "Wins": 0,
      "Losses": 0,
      "Draws": 0,
      "OMWP": 0.5476,
      "GWP": 0.3333,
      "OGWP": 0.515
    },
    {
      "Rank": 55,
      "Player": "peter780108",
      "Points": 9,
      "Wins": 0,
      "Losses": 0,
      "Draws": 0,
      "OMWP": 0.4218,
      "GWP": 0.47369999999999995,
      "OGWP": 0.4562
    },
    {
      "Rank": 54,
      "Player": "AgentLion09",
      "Points": 9,
      "Wins": 0,
      "Losses": 0,
      "Draws": 0,
      "OMWP": 0.44439999999999996,
      "GWP": 0.4118,
      "OGWP": 0.47130000000000005
    },
    {
      "Rank": 53,
      "Player": "Ivan_Draw_Go",
      "Points": 9,
      "Wins": 0,
      "Losses": 0,
      "Draws": 0,
      "OMWP": 0.44439999999999996,
      "GWP": 0.5263,
      "OGWP": 0.46409999999999996
    },
    {
      "Rank": 52,
      "Player": "bigmasticore",
      "Points": 9,
      "Wins": 0,
      "Losses": 0,
      "Draws": 0,
      "OMWP": 0.4558,
      "GWP": 0.4706,
      "OGWP": 0.4542
    },
    {
      "Rank": 51,
      "Player": "TryParse",
      "Points": 9,
      "Wins": 0,
      "Losses": 0,
      "Draws": 0,
      "OMWP": 0.4667,
      "GWP": 0.4118,
      "OGWP": 0.4542
    },
    {
      "Rank": 50,
      "Player": "Alico",
      "Points": 9,
      "Wins": 0,
      "Losses": 0,
      "Draws": 0,
      "OMWP": 0.47350000000000003,
      "GWP": 0.44439999999999996,
      "OGWP": 0.45439999999999997
    },
    {
      "Rank": 49,
      "Player": "Young_Shaman",
      "Points": 9,
      "Wins": 0,
      "Losses": 0,
      "Draws": 0,
      "OMWP": 0.5,
      "GWP": 0.5714,
      "OGWP": 0.45020000000000004
    },
    {
      "Rank": 48,
      "Player": "Badcookie",
      "Points": 9,
      "Wins": 0,
      "Losses": 0,
      "Draws": 0,
      "OMWP": 0.5,
      "GWP": 0.44439999999999996,
      "OGWP": 0.4888
    },
    {
      "Rank": 47,
      "Player": "Maccaciock",
      "Points": 9,
      "Wins": 0,
      "Losses": 0,
      "Draws": 0,
      "OMWP": 0.5034000000000001,
      "GWP": 0.44439999999999996,
      "OGWP": 0.48619999999999997
    },
    {
      "Rank": 46,
      "Player": "Tomjones11235",
      "Points": 9,
      "Wins": 0,
      "Losses": 0,
      "Draws": 0,
      "OMWP": 0.5102,
      "GWP": 0.5,
      "OGWP": 0.4939
    },
    {
      "Rank": 45,
      "Player": "thatguy_champ",
      "Points": 9,
      "Wins": 0,
      "Losses": 0,
      "Draws": 0,
      "OMWP": 0.5278,
      "GWP": 0.4375,
      "OGWP": 0.5157
    },
    {
      "Rank": 44,
      "Player": "DavidPierceUTA",
      "Points": 9,
      "Wins": 0,
      "Losses": 0,
      "Draws": 0,
      "OMWP": 0.5278,
      "GWP": 0.47369999999999995,
      "OGWP": 0.511
    },
    {
      "Rank": 43,
      "Player": "redryansox",
      "Points": 9,
      "Wins": 0,
      "Losses": 0,
      "Draws": 0,
      "OMWP": 0.5306000000000001,
      "GWP": 0.44439999999999996,
      "OGWP": 0.4903
    },
    {
      "Rank": 42,
      "Player": "Johnny_Hobbs",
      "Points": 9,
      "Wins": 0,
      "Losses": 0,
      "Draws": 0,
      "OMWP": 0.5442,
      "GWP": 0.4667,
      "OGWP": 0.5156000000000001
    },
    {
      "Rank": 41,
      "Player": "KingHairy",
      "Points": 9,
      "Wins": 0,
      "Losses": 0,
      "Draws": 0,
      "OMWP": 0.5714,
      "GWP": 0.46149999999999997,
      "OGWP": 0.5658
    },
    {
      "Rank": 40,
      "Player": "Skrocious",
      "Points": 9,
      "Wins": 0,
      "Losses": 0,
      "Draws": 0,
      "OMWP": 0.6259,
      "GWP": 0.4706,
      "OGWP": 0.5661999999999999
    },
    {
      "Rank": 39,
      "Player": "Zompatanfo",
      "Points": 12,
      "Wins": 0,
      "Losses": 0,
      "Draws": 0,
      "OMWP": 0.3889,
      "GWP": 0.5789,
      "OGWP": 0.39549999999999996
    },
    {
      "Rank": 38,
      "Player": "loganandmrk",
      "Points": 12,
      "Wins": 0,
      "Losses": 0,
      "Draws": 0,
      "OMWP": 0.4167,
      "GWP": 0.5263,
      "OGWP": 0.4226
    },
    {
      "Rank": 37,
      "Player": "doom580",
      "Points": 12,
      "Wins": 0,
      "Losses": 0,
      "Draws": 0,
      "OMWP": 0.4354,
      "GWP": 0.5294,
      "OGWP": 0.44909999999999994
    },
    {
      "Rank": 36,
      "Player": "klien7",
      "Points": 12,
      "Wins": 0,
      "Losses": 0,
      "Draws": 0,
      "OMWP": 0.44439999999999996,
      "GWP": 0.5263,
      "OGWP": 0.4511
    },
    {
      "Rank": 35,
      "Player": "Traumatismes",
      "Points": 12,
      "Wins": 0,
      "Losses": 0,
      "Draws": 0,
      "OMWP": 0.4592,
      "GWP": 0.5263,
      "OGWP": 0.4694
    },
    {
      "Rank": 34,
      "Player": "bobthedog",
      "Points": 12,
      "Wins": 0,
      "Losses": 0,
      "Draws": 0,
      "OMWP": 0.48979999999999996,
      "GWP": 0.625,
      "OGWP": 0.4938
    },
    {
      "Rank": 33,
      "Player": "xfile",
      "Points": 12,
      "Wins": 0,
      "Losses": 0,
      "Draws": 0,
      "OMWP": 0.517,
      "GWP": 0.5556,
      "OGWP": 0.5104
    },
    {
      "Rank": 32,
      "Player": "VitorCarvalho01",
      "Points": 12,
      "Wins": 0,
      "Losses": 0,
      "Draws": 0,
      "OMWP": 0.534,
      "GWP": 0.5263,
      "OGWP": 0.49770000000000003
    },
    {
      "Rank": 31,
      "Player": "VictorEsquici",
      "Points": 12,
      "Wins": 0,
      "Losses": 0,
      "Draws": 0,
      "OMWP": 0.5442,
      "GWP": 0.5263,
      "OGWP": 0.5163
    },
    {
      "Rank": 30,
      "Player": "bless_von",
      "Points": 12,
      "Wins": 0,
      "Losses": 0,
      "Draws": 0,
      "OMWP": 0.551,
      "GWP": 0.5294,
      "OGWP": 0.5191
    },
    {
      "Rank": 29,
      "Player": "gpowerone",
      "Points": 12,
      "Wins": 0,
      "Losses": 0,
      "Draws": 0,
      "OMWP": 0.5578,
      "GWP": 0.5,
      "OGWP": 0.5306000000000001
    },
    {
      "Rank": 28,
      "Player": "Attomium",
      "Points": 12,
      "Wins": 0,
      "Losses": 0,
      "Draws": 0,
      "OMWP": 0.5578,
      "GWP": 0.5263,
      "OGWP": 0.5386
    },
    {
      "Rank": 27,
      "Player": "sandoiche",
      "Points": 12,
      "Wins": 0,
      "Losses": 0,
      "Draws": 0,
      "OMWP": 0.5619,
      "GWP": 0.5294,
      "OGWP": 0.5301
    },
    {
      "Rank": 26,
      "Player": "Cereza",
      "Points": 12,
      "Wins": 0,
      "Losses": 0,
      "Draws": 0,
      "OMWP": 0.5755,
      "GWP": 0.5882000000000001,
      "OGWP": 0.5436
    },
    {
      "Rank": 25,
      "Player": "katuo079595",
      "Points": 12,
      "Wins": 0,
      "Losses": 0,
      "Draws": 0,
      "OMWP": 0.5884,
      "GWP": 0.4706,
      "OGWP": 0.5863
    },
    {
      "Rank": 24,
      "Player": "rastaf",
      "Points": 12,
      "Wins": 0,
      "Losses": 0,
      "Draws": 0,
      "OMWP": 0.6111,
      "GWP": 0.5294,
      "OGWP": 0.5637
    },
    {
      "Rank": 23,
      "Player": "NJ5030",
      "Points": 12,
      "Wins": 0,
      "Losses": 0,
      "Draws": 0,
      "OMWP": 0.6224000000000001,
      "GWP": 0.5789,
      "OGWP": 0.5615
    },
    {
      "Rank": 22,
      "Player": "marcofabrizi",
      "Points": 12,
      "Wins": 0,
      "Losses": 0,
      "Draws": 0,
      "OMWP": 0.698,
      "GWP": 0.6,
      "OGWP": 0.6024
    },
    {
      "Rank": 21,
      "Player": "Nowayh",
      "Points": 12,
      "Wins": 0,
      "Losses": 0,
      "Draws": 0,
      "OMWP": 0.7006999999999999,
      "GWP": 0.6111,
      "OGWP": 0.5887
    },
    {
      "Rank": 20,
      "Player": "TheAdonis",
      "Points": 15,
      "Wins": 0,
      "Losses": 0,
      "Draws": 0,
      "OMWP": 0.4286,
      "GWP": 0.5882000000000001,
      "OGWP": 0.45049999999999996
    },
    {
      "Rank": 19,
      "Player": "AFX",
      "Points": 15,
      "Wins": 0,
      "Losses": 0,
      "Draws": 0,
      "OMWP": 0.4422,
      "GWP": 0.6429,
      "OGWP": 0.4738
    },
    {
      "Rank": 18,
      "Player": "HoldTheElle",
      "Points": 15,
      "Wins": 0,
      "Losses": 0,
      "Draws": 0,
      "OMWP": 0.5034000000000001,
      "GWP": 0.5789,
      "OGWP": 0.5004
    },
    {
      "Rank": 17,
      "Player": "Skpchino",
      "Points": 15,
      "Wins": 0,
      "Losses": 0,
      "Draws": 0,
      "OMWP": 0.5167,
      "GWP": 0.6667000000000001,
      "OGWP": 0.47700000000000004
    },
    {
      "Rank": 16,
      "Player": "NygelV",
      "Points": 15,
      "Wins": 0,
      "Losses": 0,
      "Draws": 0,
      "OMWP": 0.5278,
      "GWP": 0.6667000000000001,
      "OGWP": 0.4974
    },
    {
      "Rank": 15,
      "Player": "b4tterskull2",
      "Points": 15,
      "Wins": 0,
      "Losses": 0,
      "Draws": 0,
      "OMWP": 0.5442,
      "GWP": 0.6111,
      "OGWP": 0.5206000000000001
    },
    {
      "Rank": 14,
      "Player": "Xenowan",
      "Points": 15,
      "Wins": 0,
      "Losses": 0,
      "Draws": 0,
      "OMWP": 0.5442,
      "GWP": 0.6667000000000001,
      "OGWP": 0.5147999999999999
    },
    {
      "Rank": 13,
      "Player": "_Falcon_",
      "Points": 15,
      "Wins": 0,
      "Losses": 0,
      "Draws": 0,
      "OMWP": 0.5556,
      "GWP": 0.6,
      "OGWP": 0.5432
    },
    {
      "Rank": 12,
      "Player": "Capitano_CL",
      "Points": 15,
      "Wins": 0,
      "Losses": 0,
      "Draws": 0,
      "OMWP": 0.5578,
      "GWP": 0.6315999999999999,
      "OGWP": 0.5178
    },
    {
      "Rank": 11,
      "Player": "Aira-",
      "Points": 15,
      "Wins": 0,
      "Losses": 0,
      "Draws": 0,
      "OMWP": 0.5578,
      "GWP": 0.6667000000000001,
      "OGWP": 0.5161
    },
    {
      "Rank": 10,
      "Player": "Sarlanga",
      "Points": 15,
      "Wins": 0,
      "Losses": 0,
      "Draws": 0,
      "OMWP": 0.5714,
      "GWP": 0.6875,
      "OGWP": 0.5105
    },
    {
      "Rank": 9,
      "Player": "Lollopollo2001",
      "Points": 15,
      "Wins": 0,
      "Losses": 0,
      "Draws": 0,
      "OMWP": 0.6122,
      "GWP": 0.6875,
      "OGWP": 0.5361
    },
    {
      "Rank": 8,
      "Player": "MeninooNey",
      "Points": 15,
      "Wins": 0,
      "Losses": 0,
      "Draws": 0,
      "OMWP": 0.6667000000000001,
      "GWP": 0.6111,
      "OGWP": 0.5998
    },
    {
      "Rank": 7,
      "Player": "416FrowningTable",
      "Points": 18,
      "Wins": 0,
      "Losses": 0,
      "Draws": 0,
      "OMWP": 0.48979999999999996,
      "GWP": 0.6923,
      "OGWP": 0.47490000000000004
    },
    {
      "Rank": 6,
      "Player": "hermanomlg",
      "Points": 18,
      "Wins": 0,
      "Losses": 0,
      "Draws": 0,
      "OMWP": 0.585,
      "GWP": 0.7646999999999999,
      "OGWP": 0.5183
    },
    {
      "Rank": 5,
      "Player": "Doelle98",
      "Points": 18,
      "Wins": 0,
      "Losses": 0,
      "Draws": 0,
      "OMWP": 0.6111,
      "GWP": 0.6923,
      "OGWP": 0.5694
    },
    {
      "Rank": 4,
      "Player": "Patxi",
      "Points": 18,
      "Wins": 0,
      "Losses": 0,
      "Draws": 0,
      "OMWP": 0.6667000000000001,
      "GWP": 0.6315999999999999,
      "OGWP": 0.6183
    },
    {
      "Rank": 3,
      "Player": "sokos13",
      "Points": 24,
      "Wins": 0,
      "Losses": 0,
      "Draws": 0,
      "OMWP": 0.6598999999999999,
      "GWP": 0.7778,
      "OGWP": 0.6098
    },
    {
      "Rank": 2,
      "Player": "Rashek",
      "Points": 24,
      "Wins": 0,
      "Losses": 0,
      "Draws": 0,
      "OMWP": 0.568,
      "GWP": 0.6315999999999999,
      "OGWP": 0.5611999999999999
    },
    {
      "Rank": 1,
      "Player": "O_danielakos",
      "Points": 27,
      "Wins": 0,
      "Losses": 0,
      "Draws": 0,
      "OMWP": 0.6133,
      "GWP": 0.6875,
      "OGWP": 0.5648
    }
  ]
}