{
  "Tournament": {
    "Id": 12802856,
    "Date": "2025-07-14T22:00:00",
    "Name": "Standard Challenge 64",
    "Uri": null,
    "JsonFile": null,
    "ForceRedownload": false
  },
  "Decks": null,
  "Rounds": [
    {
      "RoundName": "Round 1",
      "Matches": [
        {
          "Player1": "Arianne",
          "Player2": "KadettiKersantti",
          "Result": "0-2-0"
        },
        {
          "Player1": "LegacyGrinder",
          "Player2": "NashEquilibrium1950",
          "Result": "0-0-0"
        },
        {
          "Player1": "MJ_23",
          "Player2": "RNicoF",
          "Result": "0-2-0"
        },
        {
          "Player1": "bolov0",
          "Player2": "SoulStrong",
          "Result": "0-2-0"
        },
        {
          "Player1": "ManUFan",
          "Player2": "fireshoes",
          "Result": "0-2-0"
        },
        {
          "Player1": "Doomenstein",
          "Player2": "EVhuner",
          "Result": "0-0-0"
        },
        {
          "Player1": "selesneal",
          "Player2": "Salty_Orange",
          "Result": "0-2-0"
        },
        {
          "Player1": "thatguy_champ",
          "Player2": "NANI182",
          "Result": "2-0-0"
        },
        {
          "Player1": "HouseOfManaMTG",
          "Player2": "Brunes",
          "Result": "0-2-0"
        },
        {
          "Player1": "Grogore",
          "Player2": "kaikas",
          "Result": "0-2-0"
        },
        {
          "Player1": "acostahogar",
          "Player2": "pickled6",
          "Result": "2-0-0"
        },
        {
          "Player1": "kcomedina",
          "Player2": "Kampo",
          "Result": "0-2-0"
        },
        {
          "Player1": "L1X0",
          "Player2": "levunga21",
          "Result": "2-0-0"
        },
        {
          "Player1": "Tunaktunak",
          "Player2": "cigarettesaftershrek",
          "Result": "0-2-0"
        },
        {
          "Player1": "rollo1993",
          "Player2": "eli2107",
          "Result": "0-2-0"
        },
        {
          "Player1": "TheManLand",
          "Player2": "PedraStone",
          "Result": "2-0-0"
        },
        {
          "Player1": "telsacow",
          "Player2": "r0cknati0n",
          "Result": "0-2-0"
        },
        {
          "Player1": "therock988",
          "Player2": "karatedom",
          "Result": "2-0-0"
        },
        {
          "Player1": "AgrusKos93",
          "Player2": "LukeBrandes",
          "Result": "2-0-0"
        },
        {
          "Player1": "hermanomlg",
          "Player2": "InterludeShadow",
          "Result": "0-0-0"
        },
        {
          "Player1": "ARunningHans",
          "Player2": "boytriton",
          "Result": "0-2-0"
        },
        {
          "Player1": "Arkany1",
          "Player2": "Predrag133",
          "Result": "2-0-0"
        },
        {
          "Player1": "Capitano_CL",
          "Player2": "Johnny_Hobbs",
          "Result": "0-2-0"
        },
        {
          "Player1": "rastaf",
          "Player2": "Killah_SUV",
          "Result": "0-0-0"
        },
        {
          "Player1": "LucasG1ggs",
          "Player2": "_J0SE_",
          "Result": "0-2-0"
        },
        {
          "Player1": "LuffyDoChapeuDePalha",
          "Player2": "GzusReturned",
          "Result": "0-2-0"
        },
        {
          "Player1": "claudioh",
          "Player2": "Shulk",
          "Result": "0-2-0"
        },
        {
          "Player1": "jade-venus",
          "Player2": "YaGirlBryn",
          "Result": "2-0-0"
        },
        {
          "Player1": "myra00",
          "Player2": "chumgod",
          "Result": "2-0-0"
        },
        {
          "Player1": "sandoiche",
          "Player2": "Xwhale",
          "Result": "0-2-0"
        },
        {
          "Player1": "jorgeelias",
          "Player2": "wcl",
          "Result": "0-2-0"
        },
        {
          "Player1": "Ivan_Draw_Go",
          "Player2": "Nowayh",
          "Result": "0-0-0"
        },
        {
          "Player1": "AFX",
          "Player2": "Azja",
          "Result": "2-0-0"
        },
        {
          "Player1": "WadeB",
          "Player2": "JayCutler",
          "Result": "0-2-0"
        },
        {
          "Player1": "Andy_Over",
          "Player2": "Sapoa",
          "Result": "0-2-0"
        },
        {
          "Player1": "eriky",
          "Player2": "Okayasu",
          "Result": "0-2-0"
        }
      ]
    },
    {
      "RoundName": "Round 2",
      "Matches": [
        {
          "Player1": "AFX",
          "Player2": "AgrusKos93",
          "Result": "0-2-0"
        },
        {
          "Player1": "therock988",
          "Player2": "fireshoes",
          "Result": "0-2-0"
        },
        {
          "Player1": "Okayasu",
          "Player2": "JayCutler",
          "Result": "0-0-0"
        },
        {
          "Player1": "rastaf",
          "Player2": "Ivan_Draw_Go",
          "Result": "0-2-0"
        },
        {
          "Player1": "claudioh",
          "Player2": "NANI182",
          "Result": "0-2-0"
        },
        {
          "Player1": "Salty_Orange",
          "Player2": "jade-venus",
          "Result": "2-0-0"
        },
        {
          "Player1": "RNicoF",
          "Player2": "Shulk",
          "Result": "0-2-0"
        },
        {
          "Player1": "Kampo",
          "Player2": "_J0SE_",
          "Result": "2-0-0"
        },
        {
          "Player1": "MJ_23",
          "Player2": "YaGirlBryn",
          "Result": "2-0-0"
        },
        {
          "Player1": "ARunningHans",
          "Player2": "Azja",
          "Result": "0-2-0"
        },
        {
          "Player1": "kcomedina",
          "Player2": "chumgod",
          "Result": "2-0-0"
        },
        {
          "Player1": "Arianne",
          "Player2": "pickled6",
          "Result": "2-0-0"
        },
        {
          "Player1": "InterludeShadow",
          "Player2": "LukeBrandes",
          "Result": "2-0-0"
        },
        {
          "Player1": "Tunaktunak",
          "Player2": "Grogore",
          "Result": "2-0-0"
        },
        {
          "Player1": "SoulStrong",
          "Player2": "wcl",
          "Result": "2-0-0"
        },
        {
          "Player1": "acostahogar",
          "Player2": "NashEquilibrium1950",
          "Result": "0-2-0"
        },
        {
          "Player1": "eli2107",
          "Player2": "Arkany1",
          "Result": "2-0-0"
        },
        {
          "Player1": "selesneal",
          "Player2": "Killah_SUV",
          "Result": "2-0-0"
        },
        {
          "Player1": "xfile",
          "Player2": "Johnny_Hobbs",
          "Result": "0-2-0"
        },
        {
          "Player1": "eriky",
          "Player2": "Doomenstein",
          "Result": "0-2-0"
        },
        {
          "Player1": "bolov0",
          "Player2": "Sapoa",
          "Result": "2-0-0"
        },
        {
          "Player1": "Xwhale",
          "Player2": "GzusReturned",
          "Result": "0-2-0"
        },
        {
          "Player1": "Brunes",
          "Player2": "myra00",
          "Result": "2-0-0"
        },
        {
          "Player1": "LegacyGrinder",
          "Player2": "PedraStone",
          "Result": "0-0-0"
        },
        {
          "Player1": "WadeB",
          "Player2": "Predrag133",
          "Result": "2-0-0"
        },
        {
          "Player1": "rollo1993",
          "Player2": "Andy_Over",
          "Result": "0-2-0"
        },
        {
          "Player1": "r0cknati0n",
          "Player2": "KadettiKersantti",
          "Result": "0-2-0"
        },
        {
          "Player1": "TheManLand",
          "Player2": "EVhuner",
          "Result": "0-2-0"
        },
        {
          "Player1": "telsacow",
          "Player2": "Nowayh",
          "Result": "2-0-0"
        },
        {
          "Player1": "ManUFan",
          "Player2": "HouseOfManaMTG",
          "Result": "0-2-0"
        },
        {
          "Player1": "levunga21",
          "Player2": "jorgeelias",
          "Result": "2-0-0"
        },
        {
          "Player1": "L1X0",
          "Player2": "cigarettesaftershrek",
          "Result": "0-2-0"
        },
        {
          "Player1": "boytriton",
          "Player2": "thatguy_champ",
          "Result": "2-0-0"
        },
        {
          "Player1": "hermanomlg",
          "Player2": "kaikas",
          "Result": "0-2-0"
        },
        {
          "Player1": "sandoiche",
          "Player2": "LuffyDoChapeuDePalha",
          "Result": "2-0-0"
        }
      ]
    },
    {
      "RoundName": "Round 3",
      "Matches": [
        {
          "Player1": "therock988",
          "Player2": "TheManLand",
          "Result": "2-0-0"
        },
        {
          "Player1": "Kampo",
          "Player2": "NashEquilibrium1950",
          "Result": "2-0-0"
        },
        {
          "Player1": "fireshoes",
          "Player2": "EVhuner",
          "Result": "2-0-0"
        },
        {
          "Player1": "Sapoa",
          "Player2": "LegacyGrinder",
          "Result": "0-2-0"
        },
        {
          "Player1": "levunga21",
          "Player2": "Xwhale",
          "Result": "2-0-0"
        },
        {
          "Player1": "AgrusKos93",
          "Player2": "GzusReturned",
          "Result": "0-2-0"
        },
        {
          "Player1": "Salty_Orange",
          "Player2": "KadettiKersantti",
          "Result": "2-0-0"
        },
        {
          "Player1": "Azja",
          "Player2": "jade-venus",
          "Result": "2-0-0"
        },
        {
          "Player1": "sandoiche",
          "Player2": "myra00",
          "Result": "0-2-0"
        },
        {
          "Player1": "rastaf",
          "Player2": "bolov0",
          "Result": "2-0-0"
        },
        {
          "Player1": "Nowayh",
          "Player2": "Predrag133",
          "Result": "2-0-0"
        },
        {
          "Player1": "selesneal",
          "Player2": "hermanomlg",
          "Result": "0-2-0"
        },
        {
          "Player1": "Okayasu",
          "Player2": "Arkany1",
          "Result": "2-1-0"
        },
        {
          "Player1": "telsacow",
          "Player2": "xfile",
          "Result": "2-0-0"
        },
        {
          "Player1": "AFX",
          "Player2": "HouseOfManaMTG",
          "Result": "0-2-0"
        },
        {
          "Player1": "kcomedina",
          "Player2": "Doomenstein",
          "Result": "2-0-0"
        },
        {
          "Player1": "SoulStrong",
          "Player2": "Shulk",
          "Result": "2-0-0"
        },
        {
          "Player1": "wcl",
          "Player2": "NANI182",
          "Result": "2-0-0"
        },
        {
          "Player1": "LuffyDoChapeuDePalha",
          "Player2": "ARunningHans",
          "Result": "0-2-0"
        },
        {
          "Player1": "acostahogar",
          "Player2": "_J0SE_",
          "Result": "0-2-0"
        },
        {
          "Player1": "LucasG1ggs",
          "Player2": "Tunaktunak",
          "Result": "2-0-0"
        },
        {
          "Player1": "Arianne",
          "Player2": "WadeB",
          "Result": "0-0-0"
        },
        {
          "Player1": "MJ_23",
          "Player2": "InterludeShadow",
          "Result": "0-2-0"
        },
        {
          "Player1": "L1X0",
          "Player2": "Andy_Over",
          "Result": "0-2-0"
        },
        {
          "Player1": "Ivan_Draw_Go",
          "Player2": "boytriton",
          "Result": "2-0-0"
        },
        {
          "Player1": "RNicoF",
          "Player2": "thatguy_champ",
          "Result": "0-2-0"
        },
        {
          "Player1": "eli2107",
          "Player2": "JayCutler",
          "Result": "2-0-0"
        },
        {
          "Player1": "kaikas",
          "Player2": "Brunes",
          "Result": "0-2-0"
        },
        {
          "Player1": "Johnny_Hobbs",
          "Player2": "cigarettesaftershrek",
          "Result": "2-0-0"
        },
        {
          "Player1": "jorgeelias",
          "Player2": "YaGirlBryn",
          "Result": "2-0-0"
        }
      ]
    },
    {
      "RoundName": "Round 4",
      "Matches": [
        {
          "Player1": "AFX",
          "Player2": "jorgeelias",
          "Result": "0-2-0"
        },
        {
          "Player1": "AgrusKos93",
          "Player2": "NashEquilibrium1950",
          "Result": "2-0-0"
        },
        {
          "Player1": "bolov0",
          "Player2": "jade-venus",
          "Result": "0-2-0"
        },
        {
          "Player1": "fireshoes",
          "Player2": "Salty_Orange",
          "Result": "0-2-0"
        },
        {
          "Player1": "InterludeShadow",
          "Player2": "_J0SE_",
          "Result": "0-0-0"
        },
        {
          "Player1": "EVhuner",
          "Player2": "Shulk",
          "Result": "2-0-0"
        },
        {
          "Player1": "myra00",
          "Player2": "cigarettesaftershrek",
          "Result": "2-0-0"
        },
        {
          "Player1": "sandoiche",
          "Player2": "xfile",
          "Result": "2-0-0"
        },
        {
          "Player1": "SoulStrong",
          "Player2": "Ivan_Draw_Go",
          "Result": "2-0-0"
        },
        {
          "Player1": "kcomedina",
          "Player2": "hermanomlg",
          "Result": "0-2-0"
        },
        {
          "Player1": "Andy_Over",
          "Player2": "eli2107",
          "Result": "0-2-0"
        },
        {
          "Player1": "Arianne",
          "Player2": "thatguy_champ",
          "Result": "0-2-0"
        },
        {
          "Player1": "Tunaktunak",
          "Player2": "RNicoF",
          "Result": "2-0-0"
        },
        {
          "Player1": "Brunes",
          "Player2": "GzusReturned",
          "Result": "0-2-0"
        },
        {
          "Player1": "LuffyDoChapeuDePalha",
          "Player2": "Predrag133",
          "Result": "0-2-0"
        },
        {
          "Player1": "Kampo",
          "Player2": "Johnny_Hobbs",
          "Result": "2-0-0"
        },
        {
          "Player1": "LucasG1ggs",
          "Player2": "Okayasu",
          "Result": "2-0-0"
        },
        {
          "Player1": "rastaf",
          "Player2": "KadettiKersantti",
          "Result": "2-0-0"
        },
        {
          "Player1": "telsacow",
          "Player2": "kaikas",
          "Result": "0-2-0"
        },
        {
          "Player1": "MJ_23",
          "Player2": "NANI182",
          "Result": "0-2-0"
        },
        {
          "Player1": "levunga21",
          "Player2": "HouseOfManaMTG",
          "Result": "2-0-0"
        },
        {
          "Player1": "ARunningHans",
          "Player2": "PedraStone",
          "Result": "2-0-0"
        },
        {
          "Player1": "LegacyGrinder",
          "Player2": "wcl",
          "Result": "0-2-0"
        },
        {
          "Player1": "L1X0",
          "Player2": "Sapoa",
          "Result": "0-0-0"
        },
        {
          "Player1": "therock988",
          "Player2": "boytriton",
          "Result": "0-2-0"
        },
        {
          "Player1": "acostahogar",
          "Player2": "Doomenstein",
          "Result": "0-2-0"
        },
        {
          "Player1": "Nowayh",
          "Player2": "Arkany1",
          "Result": "0-2-0"
        },
        {
          "Player1": "Azja",
          "Player2": "JayCutler",
          "Result": "2-0-0"
        }
      ]
    },
    {
      "RoundName": "Round 5",
      "Matches": [
        {
          "Player1": "Azja",
          "Player2": "thatguy_champ",
          "Result": "0-2-0"
        },
        {
          "Player1": "SoulStrong",
          "Player2": "Kampo",
          "Result": "0-2-0"
        },
        {
          "Player1": "boytriton",
          "Player2": "EVhuner",
          "Result": "0-2-0"
        },
        {
          "Player1": "LuffyDoChapeuDePalha",
          "Player2": "Sapoa",
          "Result": "2-0-0"
        },
        {
          "Player1": "AFX",
          "Player2": "Predrag133",
          "Result": "0-2-0"
        },
        {
          "Player1": "Johnny_Hobbs",
          "Player2": "myra00",
          "Result": "0-2-0"
        },
        {
          "Player1": "Tunaktunak",
          "Player2": "InterludeShadow",
          "Result": "2-0-0"
        },
        {
          "Player1": "Arianne",
          "Player2": "jorgeelias",
          "Result": "0-2-0"
        },
        {
          "Player1": "Salty_Orange",
          "Player2": "eli2107",
          "Result": "2-0-0"
        },
        {
          "Player1": "kaikas",
          "Player2": "GzusReturned",
          "Result": "2-0-0"
        },
        {
          "Player1": "AgrusKos93",
          "Player2": "Brunes",
          "Result": "0-2-0"
        },
        {
          "Player1": "L1X0",
          "Player2": "JayCutler",
          "Result": "2-0-0"
        },
        {
          "Player1": "LucasG1ggs",
          "Player2": "fireshoes",
          "Result": "0-2-0"
        },
        {
          "Player1": "ARunningHans",
          "Player2": "Shulk",
          "Result": "0-0-0"
        },
        {
          "Player1": "PedraStone",
          "Player2": "YaGirlBryn",
          "Result": "2-0-0"
        },
        {
          "Player1": "Andy_Over",
          "Player2": "NashEquilibrium1950",
          "Result": "0-2-0"
        },
        {
          "Player1": "kcomedina",
          "Player2": "NANI182",
          "Result": "2-1-0"
        },
        {
          "Player1": "telsacow",
          "Player2": "jade-venus",
          "Result": "2-0-0"
        },
        {
          "Player1": "rastaf",
          "Player2": "levunga21",
          "Result": "2-0-0"
        },
        {
          "Player1": "sandoiche",
          "Player2": "Doomenstein",
          "Result": "0-2-0"
        },
        {
          "Player1": "therock988",
          "Player2": "Arkany1",
          "Result": "0-2-0"
        },
        {
          "Player1": "cigarettesaftershrek",
          "Player2": "KadettiKersantti",
          "Result": "2-0-0"
        },
        {
          "Player1": "hermanomlg",
          "Player2": "Ivan_Draw_Go",
          "Result": "0-2-0"
        },
        {
          "Player1": "_J0SE_",
          "Player2": "wcl",
          "Result": "0-2-0"
        }
      ]
    },
    {
      "RoundName": "Round 6",
      "Matches": [
        {
          "Player1": "Sapoa",
          "Player2": "YaGirlBryn",
          "Result": "0-2-0"
        },
        {
          "Player1": "thatguy_champ",
          "Player2": "GzusReturned",
          "Result": "0-2-0"
        },
        {
          "Player1": "ARunningHans",
          "Player2": "_J0SE_",
          "Result": "2-0-0"
        },
        {
          "Player1": "therock988",
          "Player2": "Predrag133",
          "Result": "0-2-0"
        },
        {
          "Player1": "Doomenstein",
          "Player2": "NashEquilibrium1950",
          "Result": "0-2-0"
        },
        {
          "Player1": "levunga21",
          "Player2": "LucasG1ggs",
          "Result": "2-0-0"
        },
        {
          "Player1": "hermanomlg",
          "Player2": "boytriton",
          "Result": "2-0-0"
        },
        {
          "Player1": "telsacow",
          "Player2": "Johnny_Hobbs",
          "Result": "0-2-0"
        },
        {
          "Player1": "Salty_Orange",
          "Player2": "Kampo",
          "Result": "2-0-0"
        },
        {
          "Player1": "kcomedina",
          "Player2": "cigarettesaftershrek",
          "Result": "0-2-0"
        },
        {
          "Player1": "Andy_Over",
          "Player2": "jade-venus",
          "Result": "2-0-0"
        },
        {
          "Player1": "Ivan_Draw_Go",
          "Player2": "EVhuner",
          "Result": "0-2-0"
        },
        {
          "Player1": "L1X0",
          "Player2": "Arkany1",
          "Result": "0-2-0"
        },
        {
          "Player1": "rastaf",
          "Player2": "Brunes",
          "Result": "2-0-0"
        },
        {
          "Player1": "Tunaktunak",
          "Player2": "jorgeelias",
          "Result": "2-0-0"
        },
        {
          "Player1": "JayCutler",
          "Player2": "Shulk",
          "Result": "2-0-0"
        },
        {
          "Player1": "kaikas",
          "Player2": "myra00",
          "Result": "2-0-0"
        },
        {
          "Player1": "fireshoes",
          "Player2": "wcl",
          "Result": "2-0-0"
        },
        {
          "Player1": "sandoiche",
          "Player2": "PedraStone",
          "Result": "2-0-0"
        },
        {
          "Player1": "SoulStrong",
          "Player2": "eli2107",
          "Result": "0-2-0"
        },
        {
          "Player1": "Arianne",
          "Player2": "LuffyDoChapeuDePalha",
          "Result": "2-0-0"
        },
        {
          "Player1": "AgrusKos93",
          "Player2": "NANI182",
          "Result": "2-0-0"
        }
      ]
    },
    {
      "RoundName": "Round 7",
      "Matches": [
        {
          "Player1": "LucasG1ggs",
          "Player2": "Doomenstein",
          "Result": "2-0-0"
        },
        {
          "Player1": "_J0SE_",
          "Player2": "Predrag133",
          "Result": "0-2-0"
        },
        {
          "Player1": "Andy_Over",
          "Player2": "boytriton",
          "Result": "0-2-0"
        },
        {
          "Player1": "L1X0",
          "Player2": "jorgeelias",
          "Result": "0-2-0"
        },
        {
          "Player1": "fireshoes",
          "Player2": "GzusReturned",
          "Result": "0-2-0"
        },
        {
          "Player1": "Johnny_Hobbs",
          "Player2": "wcl",
          "Result": "2-0-0"
        },
        {
          "Player1": "SoulStrong",
          "Player2": "ARunningHans",
          "Result": "2-0-0"
        },
        {
          "Player1": "sandoiche",
          "Player2": "Brunes",
          "Result": "2-0-0"
        },
        {
          "Player1": "hermanomlg",
          "Player2": "Arkany1",
          "Result": "2-0-0"
        },
        {
          "Player1": "therock988",
          "Player2": "Shulk",
          "Result": "0-2-0"
        },
        {
          "Player1": "PedraStone",
          "Player2": "jade-venus",
          "Result": "2-0-0"
        },
        {
          "Player1": "Ivan_Draw_Go",
          "Player2": "NashEquilibrium1950",
          "Result": "0-2-0"
        },
        {
          "Player1": "LuffyDoChapeuDePalha",
          "Player2": "YaGirlBryn",
          "Result": "2-0-0"
        },
        {
          "Player1": "Tunaktunak",
          "Player2": "myra00",
          "Result": "0-2-0"
        },
        {
          "Player1": "rastaf",
          "Player2": "EVhuner",
          "Result": "2-0-0"
        },
        {
          "Player1": "Salty_Orange",
          "Player2": "kaikas",
          "Result": "0-2-0"
        },
        {
          "Player1": "levunga21",
          "Player2": "AgrusKos93",
          "Result": "2-0-0"
        },
        {
          "Player1": "Arianne",
          "Player2": "JayCutler",
          "Result": "2-0-0"
        },
        {
          "Player1": "thatguy_champ",
          "Player2": "cigarettesaftershrek",
          "Result": "0-2-0"
        },
        {
          "Player1": "telsacow",
          "Player2": "kcomedina",
          "Result": "0-2-0"
        },
        {
          "Player1": "eli2107",
          "Player2": "Kampo",
          "Result": "0-0-0"
        }
      ]
    },
    {
      "RoundName": "Round 8",
      "Matches": [
        {
          "Player1": "rastaf",
          "Player2": "GzusReturned",
          "Result": "2-0-0"
        },
        {
          "Player1": "eli2107",
          "Player2": "Kampo",
          "Result": "2-0-0"
        },
        {
          "Player1": "fireshoes",
          "Player2": "kaikas",
          "Result": "0-2-0"
        },
        {
          "Player1": "Salty_Orange",
          "Player2": "myra00",
          "Result": "2-0-0"
        }
      ]
    },
    {
      "RoundName": "Round 9",
      "Matches": [
        {
          "Player1": "Salty_Orange",
          "Player2": "kaikas",
          "Result": "2-0-0"
        },
        {
          "Player1": "rastaf",
          "Player2": "eli2107",
          "Result": "0-2-0"
        }
      ]
    },
    {
      "RoundName": "Round 10",
      "Matches": [
        {
          "Player1": "Salty_Orange",
          "Player2": "eli2107",
          "Result": "2-0-0"
        }
      ]
    }
  ],
  "Standings": [
    {
      "Rank": 73,
      "Player": "karatedom",
      "Points": 0,
      "Wins": 0,
      "Losses": 0,
      "Draws": 0,
      "OMWP": 0.3333,
      "GWP": 0.3333,
      "OGWP": 0.3889
    },
    {
      "Rank": 72,
      "Player": "claudioh",
      "Points": 0,
      "Wins": 0,
      "Losses": 0,
      "Draws": 0,
      "OMWP": 0.381,
      "GWP": 0.2,
      "OGWP": 0.46049999999999996
    },
    {
      "Rank": 71,
      "Player": "pickled6",
      "Points": 0,
      "Wins": 0,
      "Losses": 0,
      "Draws": 0,
      "OMWP": 0.4524,
      "GWP": 0.3333,
      "OGWP": 0.44789999999999996
    },
    {
      "Rank": 70,
      "Player": "eriky",
      "Points": 0,
      "Wins": 0,
      "Losses": 0,
      "Draws": 0,
      "OMWP": 0.4643,
      "GWP": 0.2,
      "OGWP": 0.4904
    },
    {
      "Rank": 69,
      "Player": "LukeBrandes",
      "Points": 0,
      "Wins": 0,
      "Losses": 0,
      "Draws": 0,
      "OMWP": 0.4857,
      "GWP": 0,
      "OGWP": 0.47729999999999995
    },
    {
      "Rank": 68,
      "Player": "rollo1993",
      "Points": 0,
      "Wins": 0,
      "Losses": 0,
      "Draws": 0,
      "OMWP": 0.5714,
      "GWP": 0.2,
      "OGWP": 0.5526
    },
    {
      "Rank": 67,
      "Player": "Killah_SUV",
      "Points": 0,
      "Wins": 0,
      "Losses": 0,
      "Draws": 0,
      "OMWP": 0.5952000000000001,
      "GWP": 0.3333,
      "OGWP": 0.5643
    },
    {
      "Rank": 66,
      "Player": "ManUFan",
      "Points": 0,
      "Wins": 0,
      "Losses": 0,
      "Draws": 0,
      "OMWP": 0.6071,
      "GWP": 0.2,
      "OGWP": 0.5672999999999999
    },
    {
      "Rank": 65,
      "Player": "chumgod",
      "Points": 0,
      "Wins": 0,
      "Losses": 0,
      "Draws": 0,
      "OMWP": 0.6429,
      "GWP": 0.2,
      "OGWP": 0.6111
    },
    {
      "Rank": 64,
      "Player": "Grogore",
      "Points": 0,
      "Wins": 0,
      "Losses": 0,
      "Draws": 0,
      "OMWP": 0.7143,
      "GWP": 0,
      "OGWP": 0.6396999999999999
    },
    {
      "Rank": 63,
      "Player": "Capitano_CL",
      "Points": 0,
      "Wins": 0,
      "Losses": 0,
      "Draws": 0,
      "OMWP": 0.7143,
      "GWP": 0.3333,
      "OGWP": 0.6111
    },
    {
      "Rank": 62,
      "Player": "MJ_23",
      "Points": 3,
      "Wins": 0,
      "Losses": 0,
      "Draws": 0,
      "OMWP": 0.35,
      "GWP": 0.22219999999999998,
      "OGWP": 0.4359
    },
    {
      "Rank": 61,
      "Player": "r0cknati0n",
      "Points": 3,
      "Wins": 0,
      "Losses": 0,
      "Draws": 0,
      "OMWP": 0.4143,
      "GWP": 0.5,
      "OGWP": 0.43670000000000003
    },
    {
      "Rank": 60,
      "Player": "acostahogar",
      "Points": 3,
      "Wins": 0,
      "Losses": 0,
      "Draws": 0,
      "OMWP": 0.47619999999999996,
      "GWP": 0.22219999999999998,
      "OGWP": 0.4927
    },
    {
      "Rank": 59,
      "Player": "RNicoF",
      "Points": 3,
      "Wins": 0,
      "Losses": 0,
      "Draws": 0,
      "OMWP": 0.47619999999999996,
      "GWP": 0.4,
      "OGWP": 0.46799999999999997
    },
    {
      "Rank": 58,
      "Player": "TheManLand",
      "Points": 3,
      "Wins": 0,
      "Losses": 0,
      "Draws": 0,
      "OMWP": 0.4921,
      "GWP": 0.3333,
      "OGWP": 0.5009
    },
    {
      "Rank": 57,
      "Player": "WadeB",
      "Points": 3,
      "Wins": 0,
      "Losses": 0,
      "Draws": 0,
      "OMWP": 0.5238,
      "GWP": 0.375,
      "OGWP": 0.5005
    },
    {
      "Rank": 56,
      "Player": "Nowayh",
      "Points": 3,
      "Wins": 0,
      "Losses": 0,
      "Draws": 0,
      "OMWP": 0.5357,
      "GWP": 0.3636,
      "OGWP": 0.5061
    },
    {
      "Rank": 55,
      "Player": "bolov0",
      "Points": 3,
      "Wins": 0,
      "Losses": 0,
      "Draws": 0,
      "OMWP": 0.5595,
      "GWP": 0.3636,
      "OGWP": 0.5175
    },
    {
      "Rank": 54,
      "Player": "AFX",
      "Points": 3,
      "Wins": 0,
      "Losses": 0,
      "Draws": 0,
      "OMWP": 0.5629,
      "GWP": 0.3846,
      "OGWP": 0.546
    },
    {
      "Rank": 53,
      "Player": "xfile",
      "Points": 3,
      "Wins": 0,
      "Losses": 0,
      "Draws": 0,
      "OMWP": 0.5714,
      "GWP": 0.25,
      "OGWP": 0.5174
    },
    {
      "Rank": 52,
      "Player": "selesneal",
      "Points": 3,
      "Wins": 0,
      "Losses": 0,
      "Draws": 0,
      "OMWP": 0.6349,
      "GWP": 0.44439999999999996,
      "OGWP": 0.5621
    },
    {
      "Rank": 51,
      "Player": "Xwhale",
      "Points": 3,
      "Wins": 0,
      "Losses": 0,
      "Draws": 0,
      "OMWP": 0.7143,
      "GWP": 0.4286,
      "OGWP": 0.6255
    },
    {
      "Rank": 50,
      "Player": "YaGirlBryn",
      "Points": 6,
      "Wins": 0,
      "Losses": 0,
      "Draws": 0,
      "OMWP": 0.3889,
      "GWP": 0.3889,
      "OGWP": 0.42219999999999996
    },
    {
      "Rank": 49,
      "Player": "Sapoa",
      "Points": 6,
      "Wins": 0,
      "Losses": 0,
      "Draws": 0,
      "OMWP": 0.39289999999999997,
      "GWP": 0.4211,
      "OGWP": 0.4252
    },
    {
      "Rank": 48,
      "Player": "Okayasu",
      "Points": 6,
      "Wins": 0,
      "Losses": 0,
      "Draws": 0,
      "OMWP": 0.47619999999999996,
      "GWP": 0.4545,
      "OGWP": 0.4618
    },
    {
      "Rank": 47,
      "Player": "InterludeShadow",
      "Points": 6,
      "Wins": 0,
      "Losses": 0,
      "Draws": 0,
      "OMWP": 0.47619999999999996,
      "GWP": 0.4545,
      "OGWP": 0.4686
    },
    {
      "Rank": 46,
      "Player": "jade-venus",
      "Points": 6,
      "Wins": 0,
      "Losses": 0,
      "Draws": 0,
      "OMWP": 0.48710000000000003,
      "GWP": 0.2667,
      "OGWP": 0.4794
    },
    {
      "Rank": 45,
      "Player": "HouseOfManaMTG",
      "Points": 6,
      "Wins": 0,
      "Losses": 0,
      "Draws": 0,
      "OMWP": 0.48810000000000003,
      "GWP": 0.5556,
      "OGWP": 0.4681
    },
    {
      "Rank": 44,
      "Player": "NANI182",
      "Points": 6,
      "Wins": 0,
      "Losses": 0,
      "Draws": 0,
      "OMWP": 0.4921,
      "GWP": 0.5,
      "OGWP": 0.4728
    },
    {
      "Rank": 43,
      "Player": "therock988",
      "Points": 6,
      "Wins": 0,
      "Losses": 0,
      "Draws": 0,
      "OMWP": 0.5034000000000001,
      "GWP": 0.3889,
      "OGWP": 0.47740000000000005
    },
    {
      "Rank": 42,
      "Player": "LegacyGrinder",
      "Points": 6,
      "Wins": 0,
      "Losses": 0,
      "Draws": 0,
      "OMWP": 0.5119,
      "GWP": 0.4545,
      "OGWP": 0.5063
    },
    {
      "Rank": 41,
      "Player": "LuffyDoChapeuDePalha",
      "Points": 6,
      "Wins": 0,
      "Losses": 0,
      "Draws": 0,
      "OMWP": 0.5442,
      "GWP": 0.4,
      "OGWP": 0.5328
    },
    {
      "Rank": 40,
      "Player": "KadettiKersantti",
      "Points": 6,
      "Wins": 0,
      "Losses": 0,
      "Draws": 0,
      "OMWP": 0.7,
      "GWP": 0.46149999999999997,
      "OGWP": 0.6004999999999999
    },
    {
      "Rank": 39,
      "Player": "PedraStone",
      "Points": 9,
      "Wins": 0,
      "Losses": 0,
      "Draws": 0,
      "OMWP": 0.44049999999999995,
      "GWP": 0.4667,
      "OGWP": 0.4325
    },
    {
      "Rank": 38,
      "Player": "Azja",
      "Points": 9,
      "Wins": 0,
      "Losses": 0,
      "Draws": 0,
      "OMWP": 0.4476,
      "GWP": 0.5455,
      "OGWP": 0.4501
    },
    {
      "Rank": 37,
      "Player": "Shulk",
      "Points": 9,
      "Wins": 0,
      "Losses": 0,
      "Draws": 0,
      "OMWP": 0.48979999999999996,
      "GWP": 0.4211,
      "OGWP": 0.4779
    },
    {
      "Rank": 36,
      "Player": "Andy_Over",
      "Points": 9,
      "Wins": 0,
      "Losses": 0,
      "Draws": 0,
      "OMWP": 0.48979999999999996,
      "GWP": 0.47369999999999995,
      "OGWP": 0.4805
    },
    {
      "Rank": 35,
      "Player": "JayCutler",
      "Points": 9,
      "Wins": 0,
      "Losses": 0,
      "Draws": 0,
      "OMWP": 0.5109,
      "GWP": 0.3889,
      "OGWP": 0.49439999999999995
    },
    {
      "Rank": 34,
      "Player": "telsacow",
      "Points": 9,
      "Wins": 0,
      "Losses": 0,
      "Draws": 0,
      "OMWP": 0.5204,
      "GWP": 0.4118,
      "OGWP": 0.4924
    },
    {
      "Rank": 33,
      "Player": "L1X0",
      "Points": 9,
      "Wins": 0,
      "Losses": 0,
      "Draws": 0,
      "OMWP": 0.5374,
      "GWP": 0.4706,
      "OGWP": 0.5143
    },
    {
      "Rank": 32,
      "Player": "Doomenstein",
      "Points": 9,
      "Wins": 0,
      "Losses": 0,
      "Draws": 0,
      "OMWP": 0.5442,
      "GWP": 0.5263,
      "OGWP": 0.5103
    },
    {
      "Rank": 31,
      "Player": "_J0SE_",
      "Points": 9,
      "Wins": 0,
      "Losses": 0,
      "Draws": 0,
      "OMWP": 0.5537,
      "GWP": 0.5,
      "OGWP": 0.5118
    },
    {
      "Rank": 30,
      "Player": "Predrag133",
      "Points": 12,
      "Wins": 0,
      "Losses": 0,
      "Draws": 0,
      "OMWP": 0.381,
      "GWP": 0.55,
      "OGWP": 0.4249
    },
    {
      "Rank": 29,
      "Player": "Arianne",
      "Points": 12,
      "Wins": 0,
      "Losses": 0,
      "Draws": 0,
      "OMWP": 0.42450000000000004,
      "GWP": 0.5625,
      "OGWP": 0.44659999999999994
    },
    {
      "Rank": 28,
      "Player": "sandoiche",
      "Points": 12,
      "Wins": 0,
      "Losses": 0,
      "Draws": 0,
      "OMWP": 0.449,
      "GWP": 0.5294,
      "OGWP": 0.47869999999999996
    },
    {
      "Rank": 27,
      "Player": "ARunningHans",
      "Points": 12,
      "Wins": 0,
      "Losses": 0,
      "Draws": 0,
      "OMWP": 0.5007,
      "GWP": 0.5556,
      "OGWP": 0.5039
    },
    {
      "Rank": 26,
      "Player": "jorgeelias",
      "Points": 12,
      "Wins": 0,
      "Losses": 0,
      "Draws": 0,
      "OMWP": 0.5034000000000001,
      "GWP": 0.5789,
      "OGWP": 0.4982
    },
    {
      "Rank": 25,
      "Player": "Arkany1",
      "Points": 12,
      "Wins": 0,
      "Losses": 0,
      "Draws": 0,
      "OMWP": 0.5136,
      "GWP": 0.5625,
      "OGWP": 0.5009
    },
    {
      "Rank": 24,
      "Player": "Tunaktunak",
      "Points": 12,
      "Wins": 0,
      "Losses": 0,
      "Draws": 0,
      "OMWP": 0.5196999999999999,
      "GWP": 0.5294,
      "OGWP": 0.5065999999999999
    },
    {
      "Rank": 23,
      "Player": "kcomedina",
      "Points": 12,
      "Wins": 0,
      "Losses": 0,
      "Draws": 0,
      "OMWP": 0.5442,
      "GWP": 0.5556,
      "OGWP": 0.5097999999999999
    },
    {
      "Rank": 22,
      "Player": "AgrusKos93",
      "Points": 12,
      "Wins": 0,
      "Losses": 0,
      "Draws": 0,
      "OMWP": 0.551,
      "GWP": 0.5,
      "OGWP": 0.5294
    },
    {
      "Rank": 21,
      "Player": "boytriton",
      "Points": 12,
      "Wins": 0,
      "Losses": 0,
      "Draws": 0,
      "OMWP": 0.5578,
      "GWP": 0.5625,
      "OGWP": 0.5428999999999999
    },
    {
      "Rank": 20,
      "Player": "LucasG1ggs",
      "Points": 12,
      "Wins": 0,
      "Losses": 0,
      "Draws": 0,
      "OMWP": 0.5595,
      "GWP": 0.5625,
      "OGWP": 0.5357
    },
    {
      "Rank": 19,
      "Player": "wcl",
      "Points": 12,
      "Wins": 0,
      "Losses": 0,
      "Draws": 0,
      "OMWP": 0.568,
      "GWP": 0.5263,
      "OGWP": 0.5507
    },
    {
      "Rank": 18,
      "Player": "thatguy_champ",
      "Points": 12,
      "Wins": 0,
      "Losses": 0,
      "Draws": 0,
      "OMWP": 0.5687,
      "GWP": 0.5882000000000001,
      "OGWP": 0.5489999999999999
    },
    {
      "Rank": 17,
      "Player": "Ivan_Draw_Go",
      "Points": 12,
      "Wins": 0,
      "Losses": 0,
      "Draws": 0,
      "OMWP": 0.6598999999999999,
      "GWP": 0.5,
      "OGWP": 0.5925
    },
    {
      "Rank": 16,
      "Player": "Brunes",
      "Points": 12,
      "Wins": 0,
      "Losses": 0,
      "Draws": 0,
      "OMWP": 0.7041,
      "GWP": 0.5294,
      "OGWP": 0.6297
    },
    {
      "Rank": 15,
      "Player": "NashEquilibrium1950",
      "Points": 15,
      "Wins": 0,
      "Losses": 0,
      "Draws": 0,
      "OMWP": 0.5272,
      "GWP": 0.6111,
      "OGWP": 0.484
    },
    {
      "Rank": 14,
      "Player": "levunga21",
      "Points": 15,
      "Wins": 0,
      "Losses": 0,
      "Draws": 0,
      "OMWP": 0.5476,
      "GWP": 0.625,
      "OGWP": 0.5401
    },
    {
      "Rank": 13,
      "Player": "hermanomlg",
      "Points": 15,
      "Wins": 0,
      "Losses": 0,
      "Draws": 0,
      "OMWP": 0.5537,
      "GWP": 0.6470999999999999,
      "OGWP": 0.5471
    },
    {
      "Rank": 12,
      "Player": "EVhuner",
      "Points": 15,
      "Wins": 0,
      "Losses": 0,
      "Draws": 0,
      "OMWP": 0.5578,
      "GWP": 0.6470999999999999,
      "OGWP": 0.5152
    },
    {
      "Rank": 11,
      "Player": "Johnny_Hobbs",
      "Points": 15,
      "Wins": 0,
      "Losses": 0,
      "Draws": 0,
      "OMWP": 0.5646,
      "GWP": 0.6111,
      "OGWP": 0.4888
    },
    {
      "Rank": 10,
      "Player": "cigarettesaftershrek",
      "Points": 15,
      "Wins": 0,
      "Losses": 0,
      "Draws": 0,
      "OMWP": 0.5672999999999999,
      "GWP": 0.55,
      "OGWP": 0.5547
    },
    {
      "Rank": 9,
      "Player": "SoulStrong",
      "Points": 15,
      "Wins": 0,
      "Losses": 0,
      "Draws": 0,
      "OMWP": 0.5782,
      "GWP": 0.6315999999999999,
      "OGWP": 0.514
    },
    {
      "Rank": 8,
      "Player": "fireshoes",
      "Points": 15,
      "Wins": 0,
      "Losses": 0,
      "Draws": 0,
      "OMWP": 0.6053999999999999,
      "GWP": 0.5789,
      "OGWP": 0.5552
    },
    {
      "Rank": 7,
      "Player": "myra00",
      "Points": 15,
      "Wins": 0,
      "Losses": 0,
      "Draws": 0,
      "OMWP": 0.619,
      "GWP": 0.6667000000000001,
      "OGWP": 0.5475
    },
    {
      "Rank": 6,
      "Player": "GzusReturned",
      "Points": 18,
      "Wins": 0,
      "Losses": 0,
      "Draws": 0,
      "OMWP": 0.5646,
      "GWP": 0.7222,
      "OGWP": 0.5393
    },
    {
      "Rank": 5,
      "Player": "Kampo",
      "Points": 18,
      "Wins": 0,
      "Losses": 0,
      "Draws": 0,
      "OMWP": 0.6735,
      "GWP": 0.6,
      "OGWP": 0.6067
    },
    {
      "Rank": 4,
      "Player": "rastaf",
      "Points": 21,
      "Wins": 0,
      "Losses": 0,
      "Draws": 0,
      "OMWP": 0.5196999999999999,
      "GWP": 0.6842,
      "OGWP": 0.4943
    },
    {
      "Rank": 3,
      "Player": "kaikas",
      "Points": 21,
      "Wins": 0,
      "Losses": 0,
      "Draws": 0,
      "OMWP": 0.6395000000000001,
      "GWP": 0.75,
      "OGWP": 0.5738
    },
    {
      "Rank": 2,
      "Player": "eli2107",
      "Points": 21,
      "Wins": 0,
      "Losses": 0,
      "Draws": 0,
      "OMWP": 0.5986,
      "GWP": 0.6315999999999999,
      "OGWP": 0.528
    },
    {
      "Rank": 1,
      "Player": "Salty_Orange",
      "Points": 27,
      "Wins": 0,
      "Losses": 0,
      "Draws": 0,
      "OMWP": 0.6014,
      "GWP": 0.7059000000000001,
      "OGWP": 0.5428000000000001
    }
  ]
}