{
  "Tournament": {
    "Id": 12803241,
    "Date": "2025-07-14T19:30:00",
    "Name": "Vintage Cube 64-Player Elimination Draft",
    "Uri": null,
    "JsonFile": null,
    "ForceRedownload": false
  },
  "Decks": null,
  "Rounds": [
    {
      "RoundName": "Round 1",
      "Matches": [
        {
          "Player1": "seasonofmists",
          "Player2": "sauce_boss",
          "Result": "0-2-0"
        },
        {
          "Player1": "Skpchino",
          "Player2": "kaikas",
          "Result": "2-0-0"
        },
        {
          "Player1": "kauffj",
          "Player2": "Samcaster-Mage",
          "Result": "2-0-0"
        },
        {
          "Player1": "Modern_Monkey",
          "Player2": "_Bound_",
          "Result": "0-0-1"
        },
        {
          "Player1": "MAFS",
          "Player2": "RespectTheCat",
          "Result": "0-2-0"
        },
        {
          "Player1": "andersoneclair",
          "Player2": "TrueFuturism",
          "Result": "0-2-0"
        },
        {
          "Player1": "Lifeisrisk7",
          "Player2": "MendezCL",
          "Result": "2-0-0"
        },
        {
          "Player1": "SpeCialK",
          "Player2": "_StN_",
          "Result": "0-2-0"
        },
        {
          "Player1": "WilliamRegal",
          "Player2": "WUBRGers",
          "Result": "2-0-0"
        },
        {
          "Player1": "LSMD",
          "Player2": "Antillectual",
          "Result": "2-0-0"
        },
        {
          "Player1": "Decoutan",
          "Player2": "unworldlyorigin",
          "Result": "2-0-0"
        },
        {
          "Player1": "Zonast",
          "Player2": "albertoSD",
          "Result": "0-2-0"
        },
        {
          "Player1": "serajh",
          "Player2": "Kricha13",
          "Result": "2-0-0"
        },
        {
          "Player1": "il_matagatto",
          "Player2": "Pizzapiebob",
          "Result": "2-0-0"
        },
        {
          "Player1": "sandydogmtg",
          "Player2": "zOOrg89",
          "Result": "0-2-0"
        },
        {
          "Player1": "Nammersquats",
          "Player2": "MVanni",
          "Result": "2-0-0"
        },
        {
          "Player1": "chuckygr22",
          "Player2": "Bananaman985",
          "Result": "2-0-0"
        },
        {
          "Player1": "pirol94",
          "Player2": "MisterColors",
          "Result": "2-0-0"
        },
        {
          "Player1": "Eken.",
          "Player2": "Dr4ken",
          "Result": "2-0-0"
        },
        {
          "Player1": "lunaloveee",
          "Player2": "DrizztCRO",
          "Result": "2-0-0"
        },
        {
          "Player1": "teriyakiboyz",
          "Player2": "jewdan",
          "Result": "2-0-0"
        },
        {
          "Player1": "awokengiant",
          "Player2": "YSZzz",
          "Result": "0-2-0"
        },
        {
          "Player1": "MJ_23",
          "Player2": "FlawlessVictory-",
          "Result": "2-0-0"
        },
        {
          "Player1": "Luckesh",
          "Player2": "SirCervello94",
          "Result": "2-0-0"
        },
        {
          "Player1": "jready",
          "Player2": "juli0p",
          "Result": "2-0-0"
        },
        {
          "Player1": "lsv",
          "Player2": "beiic0n",
          "Result": "0-2-0"
        },
        {
          "Player1": "TheLostCouz3",
          "Player2": "John1111",
          "Result": "2-0-0"
        },
        {
          "Player1": "Walker735",
          "Player2": "lampalot",
          "Result": "2-0-0"
        },
        {
          "Player1": "Lupos",
          "Player2": "Bugsy69",
          "Result": "0-2-0"
        },
        {
          "Player1": "R3tr0sp3ct",
          "Player2": "PhilKill",
          "Result": "0-2-0"
        },
        {
          "Player1": "Promilx",
          "Player2": "Artemis2021",
          "Result": "2-0-0"
        },
        {
          "Player1": "malattia96",
          "Player2": "fabbebil",
          "Result": "0-2-0"
        }
      ]
    },
    {
      "RoundName": "Round 2",
      "Matches": [
        {
          "Player1": "LSMD",
          "Player2": "Bugsy69",
          "Result": "2-0-0"
        },
        {
          "Player1": "il_matagatto",
          "Player2": "chuckygr22",
          "Result": "2-0-0"
        },
        {
          "Player1": "albertoSD",
          "Player2": "Modern_Monkey",
          "Result": "2-0-0"
        },
        {
          "Player1": "jready",
          "Player2": "Promilx",
          "Result": "0-2-0"
        },
        {
          "Player1": "lunaloveee",
          "Player2": "fabbebil",
          "Result": "0-2-0"
        },
        {
          "Player1": "Nammersquats",
          "Player2": "_StN_",
          "Result": "0-2-0"
        },
        {
          "Player1": "Eken.",
          "Player2": "Skpchino",
          "Result": "0-2-0"
        },
        {
          "Player1": "serajh",
          "Player2": "YSZzz",
          "Result": "0-2-0"
        },
        {
          "Player1": "PhilKill",
          "Player2": "beiic0n",
          "Result": "2-0-0"
        },
        {
          "Player1": "WilliamRegal",
          "Player2": "sauce_boss",
          "Result": "2-0-0"
        },
        {
          "Player1": "zOOrg89",
          "Player2": "kauffj",
          "Result": "0-2-0"
        },
        {
          "Player1": "Lifeisrisk7",
          "Player2": "TrueFuturism",
          "Result": "2-0-0"
        },
        {
          "Player1": "MJ_23",
          "Player2": "Luckesh",
          "Result": "2-0-0"
        },
        {
          "Player1": "TheLostCouz3",
          "Player2": "RespectTheCat",
          "Result": "2-0-0"
        },
        {
          "Player1": "pirol94",
          "Player2": "Walker735",
          "Result": "2-0-0"
        },
        {
          "Player1": "teriyakiboyz",
          "Player2": "Decoutan",
          "Result": "0-2-0"
        }
      ]
    },
    {
      "RoundName": "Round 3",
      "Matches": [
        {
          "Player1": "il_matagatto",
          "Player2": "Promilx",
          "Result": "0-2-0"
        },
        {
          "Player1": "YSZzz",
          "Player2": "Lifeisrisk7",
          "Result": "0-0-0"
        },
        {
          "Player1": "Decoutan",
          "Player2": "kauffj",
          "Result": "0-0-0"
        },
        {
          "Player1": "MJ_23",
          "Player2": "fabbebil",
          "Result": "0-2-0"
        },
        {
          "Player1": "WilliamRegal",
          "Player2": "LSMD",
          "Result": "0-2-0"
        },
        {
          "Player1": "TheLostCouz3",
          "Player2": "pirol94",
          "Result": "2-0-0"
        },
        {
          "Player1": "albertoSD",
          "Player2": "PhilKill",
          "Result": "2-0-0"
        },
        {
          "Player1": "Skpchino",
          "Player2": "_StN_",
          "Result": "0-2-0"
        }
      ]
    },
    {
      "RoundName": "Round 4",
      "Matches": [
        {
          "Player1": "albertoSD",
          "Player2": "fabbebil",
          "Result": "2-0-0"
        },
        {
          "Player1": "LSMD",
          "Player2": "kauffj",
          "Result": "0-2-0"
        },
        {
          "Player1": "TheLostCouz3",
          "Player2": "_StN_",
          "Result": "0-2-0"
        },
        {
          "Player1": "YSZzz",
          "Player2": "Promilx",
          "Result": "0-2-0"
        }
      ]
    },
    {
      "RoundName": "Round 5",
      "Matches": [
        {
          "Player1": "kauffj",
          "Player2": "Promilx",
          "Result": "2-0-0"
        },
        {
          "Player1": "albertoSD",
          "Player2": "_StN_",
          "Result": "0-0-0"
        }
      ]
    },
    {
      "RoundName": "Round 6",
      "Matches": [
        {
          "Player1": "kauffj",
          "Player2": "_StN_",
          "Result": "2-0-0"
        }
      ]
    }
  ],
  "Standings": [
    {
      "Rank": 64,
      "Player": "juli0p",
      "Points": 0,
      "Wins": 0,
      "Losses": 0,
      "Draws": 0,
      "OMWP": 0,
      "GWP": 0,
      "OGWP": 0
    },
    {
      "Rank": 63,
      "Player": "seasonofmists",
      "Points": 0,
      "Wins": 0,
      "Losses": 0,
      "Draws": 0,
      "OMWP": 0,
      "GWP": 0,
      "OGWP": 0
    },
    {
      "Rank": 62,
      "Player": "lsv",
      "Points": 0,
      "Wins": 0,
      "Losses": 0,
      "Draws": 0,
      "OMWP": 0,
      "GWP": 0,
      "OGWP": 0
    },
    {
      "Rank": 61,
      "Player": "sandydogmtg",
      "Points": 0,
      "Wins": 0,
      "Losses": 0,
      "Draws": 0,
      "OMWP": 0,
      "GWP": 0,
      "OGWP": 0
    },
    {
      "Rank": 60,
      "Player": "SirCervello94",
      "Points": 0,
      "Wins": 0,
      "Losses": 0,
      "Draws": 0,
      "OMWP": 0,
      "GWP": 0,
      "OGWP": 0
    },
    {
      "Rank": 59,
      "Player": "DrizztCRO",
      "Points": 0,
      "Wins": 0,
      "Losses": 0,
      "Draws": 0,
      "OMWP": 0,
      "GWP": 0,
      "OGWP": 0
    },
    {
      "Rank": 58,
      "Player": "MVanni",
      "Points": 0,
      "Wins": 0,
      "Losses": 0,
      "Draws": 0,
      "OMWP": 0,
      "GWP": 0,
      "OGWP": 0
    },
    {
      "Rank": 57,
      "Player": "Dr4ken",
      "Points": 0,
      "Wins": 0,
      "Losses": 0,
      "Draws": 0,
      "OMWP": 0,
      "GWP": 0,
      "OGWP": 0
    },
    {
      "Rank": 56,
      "Player": "jewdan",
      "Points": 0,
      "Wins": 0,
      "Losses": 0,
      "Draws": 0,
      "OMWP": 0,
      "GWP": 0,
      "OGWP": 0
    },
    {
      "Rank": 55,
      "Player": "Bananaman985",
      "Points": 0,
      "Wins": 0,
      "Losses": 0,
      "Draws": 0,
      "OMWP": 0,
      "GWP": 0,
      "OGWP": 0
    },
    {
      "Rank": 54,
      "Player": "Lupos",
      "Points": 0,
      "Wins": 0,
      "Losses": 0,
      "Draws": 0,
      "OMWP": 0,
      "GWP": 0,
      "OGWP": 0
    },
    {
      "Rank": 53,
      "Player": "MAFS",
      "Points": 0,
      "Wins": 0,
      "Losses": 0,
      "Draws": 0,
      "OMWP": 0,
      "GWP": 0,
      "OGWP": 0
    },
    {
      "Rank": 52,
      "Player": "Kricha13",
      "Points": 0,
      "Wins": 0,
      "Losses": 0,
      "Draws": 0,
      "OMWP": 0,
      "GWP": 0,
      "OGWP": 0
    },
    {
      "Rank": 51,
      "Player": "lampalot",
      "Points": 0,
      "Wins": 0,
      "Losses": 0,
      "Draws": 0,
      "OMWP": 0,
      "GWP": 0,
      "OGWP": 0
    },
    {
      "Rank": 50,
      "Player": "andersoneclair",
      "Points": 0,
      "Wins": 0,
      "Losses": 0,
      "Draws": 0,
      "OMWP": 0,
      "GWP": 0,
      "OGWP": 0
    },
    {
      "Rank": 49,
      "Player": "_Bound_",
      "Points": 0,
      "Wins": 0,
      "Losses": 0,
      "Draws": 0,
      "OMWP": 0,
      "GWP": 0,
      "OGWP": 0
    },
    {
      "Rank": 48,
      "Player": "MisterColors",
      "Points": 0,
      "Wins": 0,
      "Losses": 0,
      "Draws": 0,
      "OMWP": 0,
      "GWP": 0,
      "OGWP": 0
    },
    {
      "Rank": 47,
      "Player": "R3tr0sp3ct",
      "Points": 0,
      "Wins": 0,
      "Losses": 0,
      "Draws": 0,
      "OMWP": 0,
      "GWP": 0,
      "OGWP": 0
    },
    {
      "Rank": 46,
      "Player": "MendezCL",
      "Points": 0,
      "Wins": 0,
      "Losses": 0,
      "Draws": 0,
      "OMWP": 0,
      "GWP": 0,
      "OGWP": 0
    },
    {
      "Rank": 45,
      "Player": "kaikas",
      "Points": 0,
      "Wins": 0,
      "Losses": 0,
      "Draws": 0,
      "OMWP": 0,
      "GWP": 0,
      "OGWP": 0
    },
    {
      "Rank": 44,
      "Player": "unworldlyorigin",
      "Points": 0,
      "Wins": 0,
      "Losses": 0,
      "Draws": 0,
      "OMWP": 0,
      "GWP": 0,
      "OGWP": 0
    },
    {
      "Rank": 43,
      "Player": "FlawlessVictory-",
      "Points": 0,
      "Wins": 0,
      "Losses": 0,
      "Draws": 0,
      "OMWP": 0,
      "GWP": 0,
      "OGWP": 0
    },
    {
      "Rank": 42,
      "Player": "Pizzapiebob",
      "Points": 0,
      "Wins": 0,
      "Losses": 0,
      "Draws": 0,
      "OMWP": 0,
      "GWP": 0,
      "OGWP": 0
    },
    {
      "Rank": 41,
      "Player": "WUBRGers",
      "Points": 0,
      "Wins": 0,
      "Losses": 0,
      "Draws": 0,
      "OMWP": 0,
      "GWP": 0,
      "OGWP": 0
    },
    {
      "Rank": 40,
      "Player": "Zonast",
      "Points": 0,
      "Wins": 0,
      "Losses": 0,
      "Draws": 0,
      "OMWP": 0,
      "GWP": 0,
      "OGWP": 0
    },
    {
      "Rank": 39,
      "Player": "awokengiant",
      "Points": 0,
      "Wins": 0,
      "Losses": 0,
      "Draws": 0,
      "OMWP": 0,
      "GWP": 0,
      "OGWP": 0
    },
    {
      "Rank": 38,
      "Player": "Antillectual",
      "Points": 0,
      "Wins": 0,
      "Losses": 0,
      "Draws": 0,
      "OMWP": 0,
      "GWP": 0,
      "OGWP": 0
    },
    {
      "Rank": 37,
      "Player": "John1111",
      "Points": 0,
      "Wins": 0,
      "Losses": 0,
      "Draws": 0,
      "OMWP": 0,
      "GWP": 0,
      "OGWP": 0
    },
    {
      "Rank": 36,
      "Player": "Samcaster-Mage",
      "Points": 0,
      "Wins": 0,
      "Losses": 0,
      "Draws": 0,
      "OMWP": 0,
      "GWP": 0,
      "OGWP": 0
    },
    {
      "Rank": 35,
      "Player": "SpeCialK",
      "Points": 0,
      "Wins": 0,
      "Losses": 0,
      "Draws": 0,
      "OMWP": 0,
      "GWP": 0,
      "OGWP": 0
    },
    {
      "Rank": 34,
      "Player": "Artemis2021",
      "Points": 0,
      "Wins": 0,
      "Losses": 0,
      "Draws": 0,
      "OMWP": 0,
      "GWP": 0,
      "OGWP": 0
    },
    {
      "Rank": 33,
      "Player": "malattia96",
      "Points": 0,
      "Wins": 0,
      "Losses": 0,
      "Draws": 0,
      "OMWP": 0,
      "GWP": 0,
      "OGWP": 0
    },
    {
      "Rank": 32,
      "Player": "chuckygr22",
      "Points": 3,
      "Wins": 0,
      "Losses": 0,
      "Draws": 0,
      "OMWP": 0,
      "GWP": 0,
      "OGWP": 0
    },
    {
      "Rank": 31,
      "Player": "Eken.",
      "Points": 3,
      "Wins": 0,
      "Losses": 0,
      "Draws": 0,
      "OMWP": 0,
      "GWP": 0,
      "OGWP": 0
    },
    {
      "Rank": 30,
      "Player": "teriyakiboyz",
      "Points": 3,
      "Wins": 0,
      "Losses": 0,
      "Draws": 0,
      "OMWP": 0,
      "GWP": 0,
      "OGWP": 0
    },
    {
      "Rank": 29,
      "Player": "Walker735",
      "Points": 3,
      "Wins": 0,
      "Losses": 0,
      "Draws": 0,
      "OMWP": 0,
      "GWP": 0,
      "OGWP": 0
    },
    {
      "Rank": 28,
      "Player": "TrueFuturism",
      "Points": 3,
      "Wins": 0,
      "Losses": 0,
      "Draws": 0,
      "OMWP": 0,
      "GWP": 0,
      "OGWP": 0
    },
    {
      "Rank": 27,
      "Player": "sauce_boss",
      "Points": 3,
      "Wins": 0,
      "Losses": 0,
      "Draws": 0,
      "OMWP": 0,
      "GWP": 0,
      "OGWP": 0
    },
    {
      "Rank": 26,
      "Player": "Luckesh",
      "Points": 3,
      "Wins": 0,
      "Losses": 0,
      "Draws": 0,
      "OMWP": 0,
      "GWP": 0,
      "OGWP": 0
    },
    {
      "Rank": 25,
      "Player": "beiic0n",
      "Points": 3,
      "Wins": 0,
      "Losses": 0,
      "Draws": 0,
      "OMWP": 0,
      "GWP": 0,
      "OGWP": 0
    },
    {
      "Rank": 24,
      "Player": "Bugsy69",
      "Points": 3,
      "Wins": 0,
      "Losses": 0,
      "Draws": 0,
      "OMWP": 0,
      "GWP": 0,
      "OGWP": 0
    },
    {
      "Rank": 23,
      "Player": "jready",
      "Points": 3,
      "Wins": 0,
      "Losses": 0,
      "Draws": 0,
      "OMWP": 0,
      "GWP": 0,
      "OGWP": 0
    },
    {
      "Rank": 22,
      "Player": "serajh",
      "Points": 3,
      "Wins": 0,
      "Losses": 0,
      "Draws": 0,
      "OMWP": 0,
      "GWP": 0,
      "OGWP": 0
    },
    {
      "Rank": 21,
      "Player": "Modern_Monkey",
      "Points": 3,
      "Wins": 0,
      "Losses": 0,
      "Draws": 0,
      "OMWP": 0,
      "GWP": 0,
      "OGWP": 0
    },
    {
      "Rank": 20,
      "Player": "RespectTheCat",
      "Points": 3,
      "Wins": 0,
      "Losses": 0,
      "Draws": 0,
      "OMWP": 0,
      "GWP": 0,
      "OGWP": 0
    },
    {
      "Rank": 19,
      "Player": "zOOrg89",
      "Points": 3,
      "Wins": 0,
      "Losses": 0,
      "Draws": 0,
      "OMWP": 0,
      "GWP": 0,
      "OGWP": 0
    },
    {
      "Rank": 18,
      "Player": "lunaloveee",
      "Points": 3,
      "Wins": 0,
      "Losses": 0,
      "Draws": 0,
      "OMWP": 0,
      "GWP": 0,
      "OGWP": 0
    },
    {
      "Rank": 17,
      "Player": "Nammersquats",
      "Points": 3,
      "Wins": 0,
      "Losses": 0,
      "Draws": 0,
      "OMWP": 0,
      "GWP": 0,
      "OGWP": 0
    },
    {
      "Rank": 16,
      "Player": "MJ_23",
      "Points": 6,
      "Wins": 0,
      "Losses": 0,
      "Draws": 0,
      "OMWP": 0,
      "GWP": 0,
      "OGWP": 0
    },
    {
      "Rank": 15,
      "Player": "pirol94",
      "Points": 6,
      "Wins": 0,
      "Losses": 0,
      "Draws": 0,
      "OMWP": 0,
      "GWP": 0,
      "OGWP": 0
    },
    {
      "Rank": 14,
      "Player": "il_matagatto",
      "Points": 6,
      "Wins": 0,
      "Losses": 0,
      "Draws": 0,
      "OMWP": 0,
      "GWP": 0,
      "OGWP": 0
    },
    {
      "Rank": 13,
      "Player": "Lifeisrisk7",
      "Points": 6,
      "Wins": 0,
      "Losses": 0,
      "Draws": 0,
      "OMWP": 0,
      "GWP": 0,
      "OGWP": 0
    },
    {
      "Rank": 12,
      "Player": "PhilKill",
      "Points": 6,
      "Wins": 0,
      "Losses": 0,
      "Draws": 0,
      "OMWP": 0,
      "GWP": 0,
      "OGWP": 0
    },
    {
      "Rank": 11,
      "Player": "WilliamRegal",
      "Points": 6,
      "Wins": 0,
      "Losses": 0,
      "Draws": 0,
      "OMWP": 0,
      "GWP": 0,
      "OGWP": 0
    },
    {
      "Rank": 10,
      "Player": "Skpchino",
      "Points": 6,
      "Wins": 0,
      "Losses": 0,
      "Draws": 0,
      "OMWP": 0,
      "GWP": 0,
      "OGWP": 0
    },
    {
      "Rank": 9,
      "Player": "Decoutan",
      "Points": 6,
      "Wins": 0,
      "Losses": 0,
      "Draws": 0,
      "OMWP": 0,
      "GWP": 0,
      "OGWP": 0
    },
    {
      "Rank": 8,
      "Player": "fabbebil",
      "Points": 9,
      "Wins": 0,
      "Losses": 0,
      "Draws": 0,
      "OMWP": 0,
      "GWP": 0,
      "OGWP": 0
    },
    {
      "Rank": 7,
      "Player": "YSZzz",
      "Points": 9,
      "Wins": 0,
      "Losses": 0,
      "Draws": 0,
      "OMWP": 0,
      "GWP": 0,
      "OGWP": 0
    },
    {
      "Rank": 6,
      "Player": "LSMD",
      "Points": 9,
      "Wins": 0,
      "Losses": 0,
      "Draws": 0,
      "OMWP": 0,
      "GWP": 0,
      "OGWP": 0
    },
    {
      "Rank": 5,
      "Player": "TheLostCouz3",
      "Points": 9,
      "Wins": 0,
      "Losses": 0,
      "Draws": 0,
      "OMWP": 0,
      "GWP": 0,
      "OGWP": 0
    },
    {
      "Rank": 4,
      "Player": "albertoSD",
      "Points": 12,
      "Wins": 0,
      "Losses": 0,
      "Draws": 0,
      "OMWP": 0,
      "GWP": 0,
      "OGWP": 0
    },
    {
      "Rank": 3,
      "Player": "Promilx",
      "Points": 12,
      "Wins": 0,
      "Losses": 0,
      "Draws": 0,
      "OMWP": 0,
      "GWP": 0,
      "OGWP": 0
    },
    {
      "Rank": 2,
      "Player": "_StN_",
      "Points": 15,
      "Wins": 0,
      "Losses": 0,
      "Draws": 0,
      "OMWP": 0,
      "GWP": 0,
      "OGWP": 0
    },
    {
      "Rank": 1,
      "Player": "kauffj",
      "Points": 18,
      "Wins": 0,
      "Losses": 0,
      "Draws": 0,
      "OMWP": 0,
      "GWP": 0,
      "OGWP": 0
    }
  ]
}