{
  "Tournament": {
    "Id": 12801652,
    "Date": "2025-07-05T02:00:00",
    "Name": "Legacy Challenge 32",
    "Uri": null,
    "JsonFile": null,
    "ForceRedownload": false
  },
  "Decks": null,
  "Rounds": [
    {
      "RoundName": "Round 1",
      "Matches": [
        {
          "Player1": "mrtoolshed",
          "Player2": "choutin",
          "Result": "0-2-0"
        },
        {
          "Player1": "XShockWaveX",
          "Player2": "wizardpasta",
          "Result": "0-2-0"
        },
        {
          "Player1": "l337erhosen",
          "Player2": "catatonicwalrus",
          "Result": "0-2-0"
        },
        {
          "Player1": "snoopy-magic",
          "Player2": "2plus2isfive",
          "Result": "0-2-0"
        },
        {
          "Player1": "elpariah",
          "Player2": "Ozymandias17",
          "Result": "0-2-0"
        },
        {
          "Player1": "JamesKisau",
          "Player2": "ice_nine_BIGFAN",
          "Result": "2-0-0"
        },
        {
          "Player1": "ecobaronen",
          "Player2": "ForcePlusBlueCard",
          "Result": "2-0-0"
        },
        {
          "Player1": "fuya",
          "Player2": "death_grips",
          "Result": "2-0-0"
        },
        {
          "Player1": "Applepies96",
          "Player2": "_INF_",
          "Result": "0-2-0"
        },
        {
          "Player1": "PunishingWaterfalls",
          "Player2": "Neymar_Jr",
          "Result": "2-0-0"
        },
        {
          "Player1": "DarkDepthsAniki",
          "Player2": "RPSbonjwa",
          "Result": "0-2-0"
        },
        {
          "Player1": "iKhada",
          "Player2": "Geodude_Jared",
          "Result": "0-0-0"
        },
        {
          "Player1": "kozz27",
          "Player2": "PekkaChu",
          "Result": "2-0-0"
        },
        {
          "Player1": "kentaro_hokori",
          "Player2": "fredmcfred",
          "Result": "0-2-0"
        },
        {
          "Player1": "habsburger",
          "Player2": "_J0SE_",
          "Result": "2-0-0"
        },
        {
          "Player1": "wubwgn22",
          "Player2": "TheGrimLavamancer",
          "Result": "0-0-0"
        },
        {
          "Player1": "Spym4n",
          "Player2": "Salty_Orange",
          "Result": "0-2-0"
        },
        {
          "Player1": "ReformedPaolo",
          "Player2": "Jesusmtg",
          "Result": "2-0-0"
        },
        {
          "Player1": "Human_NPC",
          "Player2": "JoeyNubzy",
          "Result": "2-0-0"
        },
        {
          "Player1": "WadeB",
          "Player2": "-CAPS-",
          "Result": "0-0-0"
        },
        {
          "Player1": "yoshiwata",
          "Player2": "boyxiaoliu",
          "Result": "0-2-0"
        },
        {
          "Player1": "shooken",
          "Player2": "Srogers90",
          "Result": "2-0-0"
        },
        {
          "Player1": "HoldTheElle",
          "Player2": "CliffBoyardee",
          "Result": "2-0-0"
        },
        {
          "Player1": "Lord_Beerus",
          "Player2": "gusti99",
          "Result": "0-2-0"
        },
        {
          "Player1": "Kaijimmy",
          "Player2": "WilliamMelo",
          "Result": "2-0-0"
        },
        {
          "Player1": "wonderPreaux",
          "Player2": "KoolooLimpah",
          "Result": "2-0-0"
        }
      ]
    },
    {
      "RoundName": "Round 2",
      "Matches": [
        {
          "Player1": "fredmcfred",
          "Player2": "Salty_Orange",
          "Result": "2-0-0"
        },
        {
          "Player1": "l337erhosen",
          "Player2": "-CAPS-",
          "Result": "2-0-0"
        },
        {
          "Player1": "TheGrimLavamancer",
          "Player2": "Human_NPC",
          "Result": "2-0-0"
        },
        {
          "Player1": "HoldTheElle",
          "Player2": "iKhada",
          "Result": "0-2-0"
        },
        {
          "Player1": "habsburger",
          "Player2": "wizardpasta",
          "Result": "0-2-0"
        },
        {
          "Player1": "catatonicwalrus",
          "Player2": "ReformedPaolo",
          "Result": "2-0-0"
        },
        {
          "Player1": "ecobaronen",
          "Player2": "Kaijimmy",
          "Result": "0-2-0"
        },
        {
          "Player1": "Srogers90",
          "Player2": "ForcePlusBlueCard",
          "Result": "0-2-0"
        },
        {
          "Player1": "elpariah",
          "Player2": "Applepies96",
          "Result": "2-0-0"
        },
        {
          "Player1": "kentaro_hokori",
          "Player2": "_J0SE_",
          "Result": "2-0-0"
        },
        {
          "Player1": "wonderPreaux",
          "Player2": "choutin",
          "Result": "2-0-0"
        },
        {
          "Player1": "XShockWaveX",
          "Player2": "ice_nine_BIGFAN",
          "Result": "0-2-0"
        },
        {
          "Player1": "KoolooLimpah",
          "Player2": "WilliamMelo",
          "Result": "2-0-0"
        },
        {
          "Player1": "kozz27",
          "Player2": "WadeB",
          "Result": "2-0-0"
        },
        {
          "Player1": "DarkDepthsAniki",
          "Player2": "mrtoolshed",
          "Result": "2-0-0"
        },
        {
          "Player1": "yoshiwata",
          "Player2": "snoopy-magic",
          "Result": "0-2-0"
        },
        {
          "Player1": "PunishingWaterfalls",
          "Player2": "2plus2isfive",
          "Result": "2-0-0"
        },
        {
          "Player1": "Spym4n",
          "Player2": "CliffBoyardee",
          "Result": "0-2-0"
        },
        {
          "Player1": "Ozymandias17",
          "Player2": "JamesKisau",
          "Result": "2-0-0"
        },
        {
          "Player1": "Lord_Beerus",
          "Player2": "wubwgn22",
          "Result": "2-0-0"
        },
        {
          "Player1": "death_grips",
          "Player2": "JoeyNubzy",
          "Result": "2-0-0"
        },
        {
          "Player1": "shooken",
          "Player2": "Geodude_Jared",
          "Result": "2-0-0"
        },
        {
          "Player1": "RPSbonjwa",
          "Player2": "boyxiaoliu",
          "Result": "0-2-0"
        },
        {
          "Player1": "Jesusmtg",
          "Player2": "Neymar_Jr",
          "Result": "0-2-0"
        },
        {
          "Player1": "_INF_",
          "Player2": "gusti99",
          "Result": "0-2-0"
        },
        {
          "Player1": "fuya",
          "Player2": "Munchlax446",
          "Result": "1-2-0"
        }
      ]
    },
    {
      "RoundName": "Round 3",
      "Matches": [
        {
          "Player1": "choutin",
          "Player2": "ForcePlusBlueCard",
          "Result": "0-2-0"
        },
        {
          "Player1": "Spym4n",
          "Player2": "yoshiwata",
          "Result": "2-0-0"
        },
        {
          "Player1": "Lord_Beerus",
          "Player2": "Geodude_Jared",
          "Result": "2-0-0"
        },
        {
          "Player1": "Kaijimmy",
          "Player2": "Ozymandias17",
          "Result": "0-2-0"
        },
        {
          "Player1": "KoolooLimpah",
          "Player2": "_INF_",
          "Result": "0-2-0"
        },
        {
          "Player1": "HoldTheElle",
          "Player2": "DarkDepthsAniki",
          "Result": "0-0-0"
        },
        {
          "Player1": "ecobaronen",
          "Player2": "RPSbonjwa",
          "Result": "0-0-0"
        },
        {
          "Player1": "snoopy-magic",
          "Player2": "WadeB",
          "Result": "2-0-0"
        },
        {
          "Player1": "Applepies96",
          "Player2": "Jesusmtg",
          "Result": "0-2-0"
        },
        {
          "Player1": "iKhada",
          "Player2": "Human_NPC",
          "Result": "2-0-0"
        },
        {
          "Player1": "CliffBoyardee",
          "Player2": "death_grips",
          "Result": "0-2-0"
        },
        {
          "Player1": "habsburger",
          "Player2": "kozz27",
          "Result": "0-2-0"
        },
        {
          "Player1": "elpariah",
          "Player2": "ReformedPaolo",
          "Result": "0-2-0"
        },
        {
          "Player1": "shooken",
          "Player2": "wizardpasta",
          "Result": "2-0-0"
        },
        {
          "Player1": "l337erhosen",
          "Player2": "ice_nine_BIGFAN",
          "Result": "2-1-0"
        },
        {
          "Player1": "kentaro_hokori",
          "Player2": "fuya",
          "Result": "0-2-0"
        },
        {
          "Player1": "catatonicwalrus",
          "Player2": "Munchlax446",
          "Result": "0-2-0"
        },
        {
          "Player1": "XShockWaveX",
          "Player2": "_J0SE_",
          "Result": "2-0-0"
        },
        {
          "Player1": "Srogers90",
          "Player2": "WilliamMelo",
          "Result": "0-2-0"
        },
        {
          "Player1": "fredmcfred",
          "Player2": "boyxiaoliu",
          "Result": "0-2-0"
        },
        {
          "Player1": "TheGrimLavamancer",
          "Player2": "gusti99",
          "Result": "2-0-0"
        },
        {
          "Player1": "Salty_Orange",
          "Player2": "JamesKisau",
          "Result": "2-0-0"
        },
        {
          "Player1": "PunishingWaterfalls",
          "Player2": "wonderPreaux",
          "Result": "2-0-0"
        },
        {
          "Player1": "2plus2isfive",
          "Player2": "Neymar_Jr",
          "Result": "2-0-0"
        }
      ]
    },
    {
      "RoundName": "Round 4",
      "Matches": [
        {
          "Player1": "wonderPreaux",
          "Player2": "Salty_Orange",
          "Result": "2-0-0"
        },
        {
          "Player1": "ReformedPaolo",
          "Player2": "2plus2isfive",
          "Result": "0-2-0"
        },
        {
          "Player1": "JamesKisau",
          "Player2": "CliffBoyardee",
          "Result": "2-0-0"
        },
        {
          "Player1": "habsburger",
          "Player2": "Geodude_Jared",
          "Result": "0-2-0"
        },
        {
          "Player1": "Kaijimmy",
          "Player2": "_INF_",
          "Result": "0-2-0"
        },
        {
          "Player1": "Spym4n",
          "Player2": "Jesusmtg",
          "Result": "2-0-0"
        },
        {
          "Player1": "Ozymandias17",
          "Player2": "TheGrimLavamancer",
          "Result": "2-0-0"
        },
        {
          "Player1": "Applepies96",
          "Player2": "_J0SE_",
          "Result": "0-2-0"
        },
        {
          "Player1": "l337erhosen",
          "Player2": "fredmcfred",
          "Result": "2-0-0"
        },
        {
          "Player1": "Lord_Beerus",
          "Player2": "wizardpasta",
          "Result": "0-2-0"
        },
        {
          "Player1": "elpariah",
          "Player2": "XShockWaveX",
          "Result": "2-0-0"
        },
        {
          "Player1": "choutin",
          "Player2": "Neymar_Jr",
          "Result": "2-0-0"
        },
        {
          "Player1": "PunishingWaterfalls",
          "Player2": "kozz27",
          "Result": "0-2-0"
        },
        {
          "Player1": "shooken",
          "Player2": "Munchlax446",
          "Result": "0-2-0"
        },
        {
          "Player1": "DarkDepthsAniki",
          "Player2": "catatonicwalrus",
          "Result": "2-0-0"
        },
        {
          "Player1": "iKhada",
          "Player2": "death_grips",
          "Result": "0-2-0"
        },
        {
          "Player1": "KoolooLimpah",
          "Player2": "Human_NPC",
          "Result": "2-0-0"
        },
        {
          "Player1": "boyxiaoliu",
          "Player2": "ForcePlusBlueCard",
          "Result": "2-0-0"
        },
        {
          "Player1": "fuya",
          "Player2": "RPSbonjwa",
          "Result": "0-2-0"
        },
        {
          "Player1": "snoopy-magic",
          "Player2": "gusti99",
          "Result": "0-2-0"
        },
        {
          "Player1": "WilliamMelo",
          "Player2": "ice_nine_BIGFAN",
          "Result": "0-0-0"
        }
      ]
    },
    {
      "RoundName": "Round 5",
      "Matches": [
        {
          "Player1": "Spym4n",
          "Player2": "Lord_Beerus",
          "Result": "0-2-0"
        },
        {
          "Player1": "_INF_",
          "Player2": "wizardpasta",
          "Result": "0-2-0"
        },
        {
          "Player1": "2plus2isfive",
          "Player2": "death_grips",
          "Result": "2-0-0"
        },
        {
          "Player1": "Ozymandias17",
          "Player2": "kozz27",
          "Result": "0-2-0"
        },
        {
          "Player1": "wonderPreaux",
          "Player2": "TheGrimLavamancer",
          "Result": "2-0-0"
        },
        {
          "Player1": "habsburger",
          "Player2": "Neymar_Jr",
          "Result": "0-0-0"
        },
        {
          "Player1": "elpariah",
          "Player2": "Kaijimmy",
          "Result": "0-0-0"
        },
        {
          "Player1": "Munchlax446",
          "Player2": "boyxiaoliu",
          "Result": "2-0-0"
        },
        {
          "Player1": "snoopy-magic",
          "Player2": "choutin",
          "Result": "0-0-0"
        },
        {
          "Player1": "iKhada",
          "Player2": "fuya",
          "Result": "0-2-0"
        },
        {
          "Player1": "KoolooLimpah",
          "Player2": "yoshiwata",
          "Result": "0-2-0"
        },
        {
          "Player1": "catatonicwalrus",
          "Player2": "ice_nine_BIGFAN",
          "Result": "0-2-0"
        },
        {
          "Player1": "CliffBoyardee",
          "Player2": "_J0SE_",
          "Result": "2-0-0"
        },
        {
          "Player1": "fredmcfred",
          "Player2": "JamesKisau",
          "Result": "0-2-0"
        },
        {
          "Player1": "Salty_Orange",
          "Player2": "Geodude_Jared",
          "Result": "2-0-0"
        },
        {
          "Player1": "l337erhosen",
          "Player2": "gusti99",
          "Result": "2-0-0"
        },
        {
          "Player1": "shooken",
          "Player2": "RPSbonjwa",
          "Result": "2-0-0"
        },
        {
          "Player1": "PunishingWaterfalls",
          "Player2": "DarkDepthsAniki",
          "Result": "2-0-0"
        }
      ]
    },
    {
      "RoundName": "Round 6",
      "Matches": [
        {
          "Player1": "DarkDepthsAniki",
          "Player2": "fuya",
          "Result": "0-0-0"
        },
        {
          "Player1": "kozz27",
          "Player2": "Munchlax446",
          "Result": "2-0-0"
        },
        {
          "Player1": "JamesKisau",
          "Player2": "RPSbonjwa",
          "Result": "2-0-0"
        },
        {
          "Player1": "Kaijimmy",
          "Player2": "iKhada",
          "Result": "2-0-0"
        },
        {
          "Player1": "elpariah",
          "Player2": "gusti99",
          "Result": "0-2-0"
        },
        {
          "Player1": "Spym4n",
          "Player2": "ice_nine_BIGFAN",
          "Result": "0-0-0"
        },
        {
          "Player1": "wonderPreaux",
          "Player2": "wizardpasta",
          "Result": "2-0-0"
        },
        {
          "Player1": "snoopy-magic",
          "Player2": "TheGrimLavamancer",
          "Result": "2-0-0"
        },
        {
          "Player1": "fredmcfred",
          "Player2": "WilliamMelo",
          "Result": "2-0-0"
        },
        {
          "Player1": "yoshiwata",
          "Player2": "CliffBoyardee",
          "Result": "2-0-0"
        },
        {
          "Player1": "Lord_Beerus",
          "Player2": "death_grips",
          "Result": "0-2-0"
        },
        {
          "Player1": "catatonicwalrus",
          "Player2": "Geodude_Jared",
          "Result": "2-0-0"
        },
        {
          "Player1": "habsburger",
          "Player2": "choutin",
          "Result": "0-2-0"
        },
        {
          "Player1": "2plus2isfive",
          "Player2": "boyxiaoliu",
          "Result": "0-2-0"
        },
        {
          "Player1": "shooken",
          "Player2": "Ozymandias17",
          "Result": "0-2-0"
        },
        {
          "Player1": "Salty_Orange",
          "Player2": "_INF_",
          "Result": "0-0-0"
        },
        {
          "Player1": "l337erhosen",
          "Player2": "PunishingWaterfalls",
          "Result": "0-2-0"
        }
      ]
    },
    {
      "RoundName": "Round 7",
      "Matches": [
        {
          "Player1": "Ozymandias17",
          "Player2": "boyxiaoliu",
          "Result": "0-2-0"
        },
        {
          "Player1": "PunishingWaterfalls",
          "Player2": "wonderPreaux",
          "Result": "2-0-0"
        },
        {
          "Player1": "2plus2isfive",
          "Player2": "Munchlax446",
          "Result": "0-2-0"
        },
        {
          "Player1": "kozz27",
          "Player2": "gusti99",
          "Result": "0-2-0"
        }
      ]
    },
    {
      "RoundName": "Round 8",
      "Matches": [
        {
          "Player1": "PunishingWaterfalls",
          "Player2": "Munchlax446",
          "Result": "2-0-0"
        },
        {
          "Player1": "gusti99",
          "Player2": "boyxiaoliu",
          "Result": "2-0-0"
        }
      ]
    },
    {
      "RoundName": "Round 9",
      "Matches": [
        {
          "Player1": "PunishingWaterfalls",
          "Player2": "gusti99",
          "Result": "2-0-0"
        }
      ]
    }
  ],
  "Standings": [
    {
      "Rank": 53,
      "Player": "Applepies96",
      "Points": 0,
      "Wins": 0,
      "Losses": 0,
      "Draws": 0,
      "OMWP": 0.4583,
      "GWP": 0.11109999999999999,
      "OGWP": 0.46409999999999996
    },
    {
      "Rank": 52,
      "Player": "JoeyNubzy",
      "Points": 0,
      "Wins": 0,
      "Losses": 0,
      "Draws": 0,
      "OMWP": 0.5,
      "GWP": 0,
      "OGWP": 0.5398
    },
    {
      "Rank": 51,
      "Player": "Srogers90",
      "Points": 0,
      "Wins": 0,
      "Losses": 0,
      "Draws": 0,
      "OMWP": 0.5,
      "GWP": 0.1429,
      "OGWP": 0.4929
    },
    {
      "Rank": 50,
      "Player": "-CAPS-",
      "Points": 0,
      "Wins": 0,
      "Losses": 0,
      "Draws": 0,
      "OMWP": 0.5,
      "GWP": 0.2,
      "OGWP": 0.5440999999999999
    },
    {
      "Rank": 49,
      "Player": "wubwgn22",
      "Points": 0,
      "Wins": 0,
      "Losses": 0,
      "Draws": 0,
      "OMWP": 0.5,
      "GWP": 0.3333,
      "OGWP": 0.4833
    },
    {
      "Rank": 48,
      "Player": "mrtoolshed",
      "Points": 0,
      "Wins": 0,
      "Losses": 0,
      "Draws": 0,
      "OMWP": 0.5832999999999999,
      "GWP": 0.2,
      "OGWP": 0.5505
    },
    {
      "Rank": 47,
      "Player": "PekkaChu",
      "Points": 0,
      "Wins": 0,
      "Losses": 0,
      "Draws": 0,
      "OMWP": 1,
      "GWP": 0.3333,
      "OGWP": 0.75
    },
    {
      "Rank": 46,
      "Player": "_J0SE_",
      "Points": 3,
      "Wins": 0,
      "Losses": 0,
      "Draws": 0,
      "OMWP": 0.3333,
      "GWP": 0.3846,
      "OGWP": 0.3607
    },
    {
      "Rank": 45,
      "Player": "Jesusmtg",
      "Points": 3,
      "Wins": 0,
      "Losses": 0,
      "Draws": 0,
      "OMWP": 0.375,
      "GWP": 0.3333,
      "OGWP": 0.401
    },
    {
      "Rank": 44,
      "Player": "Human_NPC",
      "Points": 3,
      "Wins": 0,
      "Losses": 0,
      "Draws": 0,
      "OMWP": 0.3917,
      "GWP": 0.4545,
      "OGWP": 0.43310000000000004
    },
    {
      "Rank": 43,
      "Player": "HoldTheElle",
      "Points": 3,
      "Wins": 0,
      "Losses": 0,
      "Draws": 0,
      "OMWP": 0.44439999999999996,
      "GWP": 0.375,
      "OGWP": 0.4694
    },
    {
      "Rank": 42,
      "Player": "kentaro_hokori",
      "Points": 3,
      "Wins": 0,
      "Losses": 0,
      "Draws": 0,
      "OMWP": 0.44439999999999996,
      "GWP": 0.4286,
      "OGWP": 0.46020000000000005
    },
    {
      "Rank": 41,
      "Player": "ecobaronen",
      "Points": 3,
      "Wins": 0,
      "Losses": 0,
      "Draws": 0,
      "OMWP": 0.5,
      "GWP": 0.375,
      "OGWP": 0.5152
    },
    {
      "Rank": 40,
      "Player": "XShockWaveX",
      "Points": 3,
      "Wins": 0,
      "Losses": 0,
      "Draws": 0,
      "OMWP": 0.5417000000000001,
      "GWP": 0.22219999999999998,
      "OGWP": 0.5582
    },
    {
      "Rank": 39,
      "Player": "WadeB",
      "Points": 3,
      "Wins": 0,
      "Losses": 0,
      "Draws": 0,
      "OMWP": 0.6667000000000001,
      "GWP": 0.5,
      "OGWP": 0.5694
    },
    {
      "Rank": 38,
      "Player": "iKhada",
      "Points": 6,
      "Wins": 0,
      "Losses": 0,
      "Draws": 0,
      "OMWP": 0.44439999999999996,
      "GWP": 0.4706,
      "OGWP": 0.4807
    },
    {
      "Rank": 37,
      "Player": "CliffBoyardee",
      "Points": 6,
      "Wins": 0,
      "Losses": 0,
      "Draws": 0,
      "OMWP": 0.4722,
      "GWP": 0.375,
      "OGWP": 0.47509999999999997
    },
    {
      "Rank": 36,
      "Player": "Geodude_Jared",
      "Points": 6,
      "Wins": 0,
      "Losses": 0,
      "Draws": 0,
      "OMWP": 0.4722,
      "GWP": 0.4,
      "OGWP": 0.45539999999999997
    },
    {
      "Rank": 35,
      "Player": "Spym4n",
      "Points": 6,
      "Wins": 0,
      "Losses": 0,
      "Draws": 0,
      "OMWP": 0.4722,
      "GWP": 0.4375,
      "OGWP": 0.4458
    },
    {
      "Rank": 34,
      "Player": "WilliamMelo",
      "Points": 6,
      "Wins": 0,
      "Losses": 0,
      "Draws": 0,
      "OMWP": 0.48,
      "GWP": 0.4,
      "OGWP": 0.4743
    },
    {
      "Rank": 33,
      "Player": "ReformedPaolo",
      "Points": 6,
      "Wins": 0,
      "Losses": 0,
      "Draws": 0,
      "OMWP": 0.5,
      "GWP": 0.5,
      "OGWP": 0.49920000000000003
    },
    {
      "Rank": 32,
      "Player": "ForcePlusBlueCard",
      "Points": 6,
      "Wins": 0,
      "Losses": 0,
      "Draws": 0,
      "OMWP": 0.5,
      "GWP": 0.5455,
      "OGWP": 0.4903
    },
    {
      "Rank": 31,
      "Player": "habsburger",
      "Points": 6,
      "Wins": 0,
      "Losses": 0,
      "Draws": 0,
      "OMWP": 0.5278,
      "GWP": 0.3077,
      "OGWP": 0.5122
    },
    {
      "Rank": 30,
      "Player": "Neymar_Jr",
      "Points": 6,
      "Wins": 0,
      "Losses": 0,
      "Draws": 0,
      "OMWP": 0.5333,
      "GWP": 0.3077,
      "OGWP": 0.4954
    },
    {
      "Rank": 29,
      "Player": "KoolooLimpah",
      "Points": 6,
      "Wins": 0,
      "Losses": 0,
      "Draws": 0,
      "OMWP": 0.5333,
      "GWP": 0.4286,
      "OGWP": 0.51
    },
    {
      "Rank": 28,
      "Player": "Lord_Beerus",
      "Points": 9,
      "Wins": 0,
      "Losses": 0,
      "Draws": 0,
      "OMWP": 0.5,
      "GWP": 0.4667,
      "OGWP": 0.5104
    },
    {
      "Rank": 27,
      "Player": "Kaijimmy",
      "Points": 9,
      "Wins": 0,
      "Losses": 0,
      "Draws": 0,
      "OMWP": 0.5,
      "GWP": 0.5,
      "OGWP": 0.5164
    },
    {
      "Rank": 26,
      "Player": "choutin",
      "Points": 9,
      "Wins": 0,
      "Losses": 0,
      "Draws": 0,
      "OMWP": 0.5,
      "GWP": 0.5385,
      "OGWP": 0.4729
    },
    {
      "Rank": 25,
      "Player": "yoshiwata",
      "Points": 9,
      "Wins": 0,
      "Losses": 0,
      "Draws": 0,
      "OMWP": 0.5133,
      "GWP": 0.4286,
      "OGWP": 0.5161
    },
    {
      "Rank": 24,
      "Player": "elpariah",
      "Points": 9,
      "Wins": 0,
      "Losses": 0,
      "Draws": 0,
      "OMWP": 0.5278,
      "GWP": 0.5385,
      "OGWP": 0.4968
    },
    {
      "Rank": 23,
      "Player": "Salty_Orange",
      "Points": 9,
      "Wins": 0,
      "Losses": 0,
      "Draws": 0,
      "OMWP": 0.5556,
      "GWP": 0.4286,
      "OGWP": 0.5285
    },
    {
      "Rank": 22,
      "Player": "fredmcfred",
      "Points": 9,
      "Wins": 0,
      "Losses": 0,
      "Draws": 0,
      "OMWP": 0.5556,
      "GWP": 0.4667,
      "OGWP": 0.5266
    },
    {
      "Rank": 21,
      "Player": "fuya",
      "Points": 9,
      "Wins": 0,
      "Losses": 0,
      "Draws": 0,
      "OMWP": 0.5556,
      "GWP": 0.5294,
      "OGWP": 0.5593
    },
    {
      "Rank": 20,
      "Player": "RPSbonjwa",
      "Points": 9,
      "Wins": 0,
      "Losses": 0,
      "Draws": 0,
      "OMWP": 0.6111,
      "GWP": 0.5,
      "OGWP": 0.5524
    },
    {
      "Rank": 19,
      "Player": "TheGrimLavamancer",
      "Points": 9,
      "Wins": 0,
      "Losses": 0,
      "Draws": 0,
      "OMWP": 0.6111,
      "GWP": 0.5,
      "OGWP": 0.5656
    },
    {
      "Rank": 18,
      "Player": "catatonicwalrus",
      "Points": 9,
      "Wins": 0,
      "Losses": 0,
      "Draws": 0,
      "OMWP": 0.6111,
      "GWP": 0.5,
      "OGWP": 0.5771000000000001
    },
    {
      "Rank": 17,
      "Player": "death_grips",
      "Points": 12,
      "Wins": 0,
      "Losses": 0,
      "Draws": 0,
      "OMWP": 0.44439999999999996,
      "GWP": 0.625,
      "OGWP": 0.4667
    },
    {
      "Rank": 16,
      "Player": "ice_nine_BIGFAN",
      "Points": 12,
      "Wins": 0,
      "Losses": 0,
      "Draws": 0,
      "OMWP": 0.4722,
      "GWP": 0.6429,
      "OGWP": 0.4765
    },
    {
      "Rank": 15,
      "Player": "DarkDepthsAniki",
      "Points": 12,
      "Wins": 0,
      "Losses": 0,
      "Draws": 0,
      "OMWP": 0.5,
      "GWP": 0.5625,
      "OGWP": 0.4808
    },
    {
      "Rank": 14,
      "Player": "_INF_",
      "Points": 12,
      "Wins": 0,
      "Losses": 0,
      "Draws": 0,
      "OMWP": 0.5111,
      "GWP": 0.6,
      "OGWP": 0.4929
    },
    {
      "Rank": 13,
      "Player": "snoopy-magic",
      "Points": 12,
      "Wins": 0,
      "Losses": 0,
      "Draws": 0,
      "OMWP": 0.5278,
      "GWP": 0.625,
      "OGWP": 0.532
    },
    {
      "Rank": 12,
      "Player": "JamesKisau",
      "Points": 12,
      "Wins": 0,
      "Losses": 0,
      "Draws": 0,
      "OMWP": 0.5556,
      "GWP": 0.6,
      "OGWP": 0.5212
    },
    {
      "Rank": 11,
      "Player": "wizardpasta",
      "Points": 12,
      "Wins": 0,
      "Losses": 0,
      "Draws": 0,
      "OMWP": 0.5556,
      "GWP": 0.6667000000000001,
      "OGWP": 0.4889
    },
    {
      "Rank": 10,
      "Player": "shooken",
      "Points": 12,
      "Wins": 0,
      "Losses": 0,
      "Draws": 0,
      "OMWP": 0.5832999999999999,
      "GWP": 0.5333,
      "OGWP": 0.5639
    },
    {
      "Rank": 9,
      "Player": "l337erhosen",
      "Points": 12,
      "Wins": 0,
      "Losses": 0,
      "Draws": 0,
      "OMWP": 0.5832999999999999,
      "GWP": 0.5882000000000001,
      "OGWP": 0.5317000000000001
    },
    {
      "Rank": 8,
      "Player": "2plus2isfive",
      "Points": 12,
      "Wins": 0,
      "Losses": 0,
      "Draws": 0,
      "OMWP": 0.6389,
      "GWP": 0.625,
      "OGWP": 0.5740999999999999
    },
    {
      "Rank": 7,
      "Player": "wonderPreaux",
      "Points": 15,
      "Wins": 0,
      "Losses": 0,
      "Draws": 0,
      "OMWP": 0.5667,
      "GWP": 0.6667000000000001,
      "OGWP": 0.5349
    },
    {
      "Rank": 6,
      "Player": "Ozymandias17",
      "Points": 15,
      "Wins": 0,
      "Losses": 0,
      "Draws": 0,
      "OMWP": 0.6389,
      "GWP": 0.7143,
      "OGWP": 0.5703
    },
    {
      "Rank": 5,
      "Player": "kozz27",
      "Points": 18,
      "Wins": 0,
      "Losses": 0,
      "Draws": 0,
      "OMWP": 0.5832999999999999,
      "GWP": 0.75,
      "OGWP": 0.5495
    },
    {
      "Rank": 4,
      "Player": "boyxiaoliu",
      "Points": 18,
      "Wins": 0,
      "Losses": 0,
      "Draws": 0,
      "OMWP": 0.5832999999999999,
      "GWP": 0.7143,
      "OGWP": 0.5558
    },
    {
      "Rank": 3,
      "Player": "Munchlax446",
      "Points": 18,
      "Wins": 0,
      "Losses": 0,
      "Draws": 0,
      "OMWP": 0.7,
      "GWP": 0.7692,
      "OGWP": 0.6053999999999999
    },
    {
      "Rank": 2,
      "Player": "gusti99",
      "Points": 18,
      "Wins": 0,
      "Losses": 0,
      "Draws": 0,
      "OMWP": 0.5832999999999999,
      "GWP": 0.6,
      "OGWP": 0.5531
    },
    {
      "Rank": 1,
      "Player": "PunishingWaterfalls",
      "Points": 24,
      "Wins": 0,
      "Losses": 0,
      "Draws": 0,
      "OMWP": 0.6944,
      "GWP": 0.6470999999999999,
      "OGWP": 0.5876
    }
  ]
}