{
  "Tournament": {
    "Id": 12801663,
    "Date": "2025-07-05T21:00:00",
    "Name": "Limited Challenge 32",
    "Uri": null,
    "JsonFile": null,
    "ForceRedownload": false
  },
  "Decks": null,
  "Rounds": [
    {
      "RoundName": "Round 1",
      "Matches": [
        {
          "Player1": "ICYBLUE",
          "Player2": "Varo",
          "Result": "2-0-0"
        },
        {
          "Player1": "freakflag",
          "Player2": "TMB000",
          "Result": "0-2-0"
        },
        {
          "Player1": "turnipturnip",
          "Player2": "djbmppwns",
          "Result": "2-0-0"
        },
        {
          "Player1": "ROTATED",
          "Player2": "Terminus0",
          "Result": "0-2-0"
        },
        {
          "Player1": "Raydan",
          "Player2": "KillerKlown667",
          "Result": "0-2-0"
        },
        {
          "Player1": "Paanika",
          "Player2": "twistling",
          "Result": "0-2-0"
        },
        {
          "Player1": "schnda",
          "Player2": "ghost_dog",
          "Result": "2-0-0"
        },
        {
          "Player1": "Xfer",
          "Player2": "Lifeisrisk7",
          "Result": "0-2-0"
        },
        {
          "Player1": "CryptCreep",
          "Player2": "Merriman",
          "Result": "2-0-0"
        },
        {
          "Player1": "Dave_Finkle",
          "Player2": "HyPPeR",
          "Result": "0-2-0"
        },
        {
          "Player1": "Sarlanga",
          "Player2": "Falco_Lombardi",
          "Result": "2-0-0"
        },
        {
          "Player1": "digdude13",
          "Player2": "mortadela",
          "Result": "2-0-0"
        },
        {
          "Player1": "jorgeelias",
          "Player2": "Moe12",
          "Result": "2-0-0"
        },
        {
          "Player1": "Liquid_Pi",
          "Player2": "MdvWin",
          "Result": "2-0-0"
        },
        {
          "Player1": "JoseCabezas",
          "Player2": "SoulStrong",
          "Result": "0-2-0"
        },
        {
          "Player1": "smile_papa4",
          "Player2": "lumebrew",
          "Result": "2-0-0"
        }
      ]
    },
    {
      "RoundName": "Round 2",
      "Matches": [
        {
          "Player1": "Sarlanga",
          "Player2": "CryptCreep",
          "Result": "0-2-0"
        },
        {
          "Player1": "Dave_Finkle",
          "Player2": "mortadela",
          "Result": "0-2-0"
        },
        {
          "Player1": "ghost_dog",
          "Player2": "MdvWin",
          "Result": "2-1-0"
        },
        {
          "Player1": "freakflag",
          "Player2": "Merriman",
          "Result": "2-0-0"
        },
        {
          "Player1": "ICYBLUE",
          "Player2": "HyPPeR",
          "Result": "0-2-0"
        },
        {
          "Player1": "smile_papa4",
          "Player2": "KillerKlown667",
          "Result": "2-0-0"
        },
        {
          "Player1": "Lifeisrisk7",
          "Player2": "jorgeelias",
          "Result": "2-0-0"
        },
        {
          "Player1": "digdude13",
          "Player2": "Liquid_Pi",
          "Result": "2-0-0"
        },
        {
          "Player1": "ROTATED",
          "Player2": "Moe12",
          "Result": "0-2-0"
        },
        {
          "Player1": "twistling",
          "Player2": "turnipturnip",
          "Result": "2-0-0"
        },
        {
          "Player1": "SoulStrong",
          "Player2": "TMB000",
          "Result": "1-2-0"
        },
        {
          "Player1": "Falco_Lombardi",
          "Player2": "lumebrew",
          "Result": "0-2-0"
        },
        {
          "Player1": "schnda",
          "Player2": "Terminus0",
          "Result": "0-2-0"
        },
        {
          "Player1": "Varo",
          "Player2": "Raydan",
          "Result": "0-2-0"
        },
        {
          "Player1": "djbmppwns",
          "Player2": "Xfer",
          "Result": "2-0-0"
        },
        {
          "Player1": "Paanika",
          "Player2": "JoseCabezas",
          "Result": "0-2-0"
        }
      ]
    },
    {
      "RoundName": "Round 3",
      "Matches": [
        {
          "Player1": "Paanika",
          "Player2": "MdvWin",
          "Result": "0-0-0"
        },
        {
          "Player1": "ROTATED",
          "Player2": "Falco_Lombardi",
          "Result": "0-2-0"
        },
        {
          "Player1": "Terminus0",
          "Player2": "Lifeisrisk7",
          "Result": "0-2-0"
        },
        {
          "Player1": "djbmppwns",
          "Player2": "ghost_dog",
          "Result": "0-2-0"
        },
        {
          "Player1": "HyPPeR",
          "Player2": "CryptCreep",
          "Result": "0-0-0"
        },
        {
          "Player1": "jorgeelias",
          "Player2": "Merriman",
          "Result": "2-0-0"
        },
        {
          "Player1": "digdude13",
          "Player2": "twistling",
          "Result": "2-0-0"
        },
        {
          "Player1": "KillerKlown667",
          "Player2": "Sarlanga",
          "Result": "2-0-0"
        },
        {
          "Player1": "schnda",
          "Player2": "lumebrew",
          "Result": "0-0-0"
        },
        {
          "Player1": "JoseCabezas",
          "Player2": "Liquid_Pi",
          "Result": "0-2-0"
        },
        {
          "Player1": "TMB000",
          "Player2": "smile_papa4",
          "Result": "0-2-0"
        },
        {
          "Player1": "SoulStrong",
          "Player2": "Moe12",
          "Result": "0-2-0"
        },
        {
          "Player1": "ICYBLUE",
          "Player2": "Raydan",
          "Result": "2-0-0"
        },
        {
          "Player1": "freakflag",
          "Player2": "mortadela",
          "Result": "0-2-0"
        }
      ]
    },
    {
      "RoundName": "Round 4",
      "Matches": [
        {
          "Player1": "CryptCreep",
          "Player2": "TMB000",
          "Result": "0-2-0"
        },
        {
          "Player1": "freakflag",
          "Player2": "lumebrew",
          "Result": "2-0-0"
        },
        {
          "Player1": "JoseCabezas",
          "Player2": "MdvWin",
          "Result": "2-0-0"
        },
        {
          "Player1": "ICYBLUE",
          "Player2": "jorgeelias",
          "Result": "2-0-0"
        },
        {
          "Player1": "Sarlanga",
          "Player2": "mortadela",
          "Result": "0-2-0"
        },
        {
          "Player1": "twistling",
          "Player2": "KillerKlown667",
          "Result": "0-0-0"
        },
        {
          "Player1": "ghost_dog",
          "Player2": "Moe12",
          "Result": "0-2-0"
        },
        {
          "Player1": "Falco_Lombardi",
          "Player2": "SoulStrong",
          "Result": "2-0-0"
        },
        {
          "Player1": "HyPPeR",
          "Player2": "smile_papa4",
          "Result": "2-0-0"
        },
        {
          "Player1": "digdude13",
          "Player2": "Lifeisrisk7",
          "Result": "0-2-0"
        },
        {
          "Player1": "schnda",
          "Player2": "Liquid_Pi",
          "Result": "2-0-0"
        }
      ]
    },
    {
      "RoundName": "Round 5",
      "Matches": [
        {
          "Player1": "digdude13",
          "Player2": "TMB000",
          "Result": "2-0-0"
        },
        {
          "Player1": "HyPPeR",
          "Player2": "Lifeisrisk7",
          "Result": "2-0-0"
        },
        {
          "Player1": "KillerKlown667",
          "Player2": "schnda",
          "Result": "0-2-0"
        },
        {
          "Player1": "JoseCabezas",
          "Player2": "jorgeelias",
          "Result": "2-0-0"
        },
        {
          "Player1": "ICYBLUE",
          "Player2": "smile_papa4",
          "Result": "0-0-0"
        },
        {
          "Player1": "ghost_dog",
          "Player2": "twistling",
          "Result": "0-2-0"
        },
        {
          "Player1": "mortadela",
          "Player2": "Moe12",
          "Result": "0-2-0"
        },
        {
          "Player1": "freakflag",
          "Player2": "CryptCreep",
          "Result": "0-0-0"
        },
        {
          "Player1": "Liquid_Pi",
          "Player2": "Falco_Lombardi",
          "Result": "2-0-0"
        },
        {
          "Player1": "ROTATED",
          "Player2": "MdvWin",
          "Result": "0-2-0"
        }
      ]
    },
    {
      "RoundName": "Round 6",
      "Matches": [
        {
          "Player1": "digdude13",
          "Player2": "ICYBLUE",
          "Result": "0-2-0"
        },
        {
          "Player1": "freakflag",
          "Player2": "SoulStrong",
          "Result": "0-2-0"
        },
        {
          "Player1": "twistling",
          "Player2": "TMB000",
          "Result": "0-2-0"
        },
        {
          "Player1": "schnda",
          "Player2": "HyPPeR",
          "Result": "0-2-0"
        },
        {
          "Player1": "Lifeisrisk7",
          "Player2": "Moe12",
          "Result": "2-0-0"
        },
        {
          "Player1": "Falco_Lombardi",
          "Player2": "MdvWin",
          "Result": "2-0-0"
        },
        {
          "Player1": "JoseCabezas",
          "Player2": "CryptCreep",
          "Result": "2-0-0"
        },
        {
          "Player1": "Liquid_Pi",
          "Player2": "KillerKlown667",
          "Result": "0-2-0"
        },
        {
          "Player1": "mortadela",
          "Player2": "smile_papa4",
          "Result": "2-0-0"
        },
        {
          "Player1": "ghost_dog",
          "Player2": "jorgeelias",
          "Result": "2-0-0"
        }
      ]
    }
  ],
  "Standings": [
    {
      "Rank": 32,
      "Player": "Merriman",
      "Points": 0,
      "Wins": 0,
      "Losses": 0,
      "Draws": 0,
      "OMWP": 0.3889,
      "GWP": 0.25,
      "OGWP": 0.4127
    },
    {
      "Rank": 31,
      "Player": "Paanika",
      "Points": 0,
      "Wins": 0,
      "Losses": 0,
      "Draws": 0,
      "OMWP": 0.5,
      "GWP": 0.1429,
      "OGWP": 0.4968
    },
    {
      "Rank": 30,
      "Player": "Xfer",
      "Points": 0,
      "Wins": 0,
      "Losses": 0,
      "Draws": 0,
      "OMWP": 0.5832999999999999,
      "GWP": 0,
      "OGWP": 0.6167
    },
    {
      "Rank": 29,
      "Player": "Varo",
      "Points": 0,
      "Wins": 0,
      "Losses": 0,
      "Draws": 0,
      "OMWP": 0.5832999999999999,
      "GWP": 0.2,
      "OGWP": 0.581
    },
    {
      "Rank": 28,
      "Player": "Dave_Finkle",
      "Points": 0,
      "Wins": 0,
      "Losses": 0,
      "Draws": 0,
      "OMWP": 0.8332999999999999,
      "GWP": 0,
      "OGWP": 0.7214
    },
    {
      "Rank": 27,
      "Player": "turnipturnip",
      "Points": 3,
      "Wins": 0,
      "Losses": 0,
      "Draws": 0,
      "OMWP": 0.4167,
      "GWP": 0.5,
      "OGWP": 0.5167
    },
    {
      "Rank": 26,
      "Player": "djbmppwns",
      "Points": 3,
      "Wins": 0,
      "Losses": 0,
      "Draws": 0,
      "OMWP": 0.44439999999999996,
      "GWP": 0.5,
      "OGWP": 0.43329999999999996
    },
    {
      "Rank": 25,
      "Player": "lumebrew",
      "Points": 3,
      "Wins": 0,
      "Losses": 0,
      "Draws": 0,
      "OMWP": 0.5,
      "GWP": 0.3333,
      "OGWP": 0.4571
    },
    {
      "Rank": 24,
      "Player": "ROTATED",
      "Points": 3,
      "Wins": 0,
      "Losses": 0,
      "Draws": 0,
      "OMWP": 0.5417000000000001,
      "GWP": 0.2,
      "OGWP": 0.5679
    },
    {
      "Rank": 23,
      "Player": "Sarlanga",
      "Points": 3,
      "Wins": 0,
      "Losses": 0,
      "Draws": 0,
      "OMWP": 0.5832999999999999,
      "GWP": 0.3636,
      "OGWP": 0.584
    },
    {
      "Rank": 22,
      "Player": "Raydan",
      "Points": 3,
      "Wins": 0,
      "Losses": 0,
      "Draws": 0,
      "OMWP": 0.6111,
      "GWP": 0.4286,
      "OGWP": 0.5516
    },
    {
      "Rank": 21,
      "Player": "MdvWin",
      "Points": 6,
      "Wins": 0,
      "Losses": 0,
      "Draws": 0,
      "OMWP": 0.4722,
      "GWP": 0.35710000000000003,
      "OGWP": 0.4715
    },
    {
      "Rank": 20,
      "Player": "freakflag",
      "Points": 6,
      "Wins": 0,
      "Losses": 0,
      "Draws": 0,
      "OMWP": 0.5,
      "GWP": 0.2857,
      "OGWP": 0.5079
    },
    {
      "Rank": 19,
      "Player": "Terminus0",
      "Points": 6,
      "Wins": 0,
      "Losses": 0,
      "Draws": 0,
      "OMWP": 0.6111,
      "GWP": 0.7143,
      "OGWP": 0.5333
    },
    {
      "Rank": 18,
      "Player": "jorgeelias",
      "Points": 6,
      "Wins": 0,
      "Losses": 0,
      "Draws": 0,
      "OMWP": 0.6389,
      "GWP": 0.2857,
      "OGWP": 0.5889
    },
    {
      "Rank": 17,
      "Player": "Falco_Lombardi",
      "Points": 9,
      "Wins": 0,
      "Losses": 0,
      "Draws": 0,
      "OMWP": 0.3889,
      "GWP": 0.5333,
      "OGWP": 0.4083
    },
    {
      "Rank": 16,
      "Player": "ghost_dog",
      "Points": 9,
      "Wins": 0,
      "Losses": 0,
      "Draws": 0,
      "OMWP": 0.4722,
      "GWP": 0.4667,
      "OGWP": 0.48729999999999996
    },
    {
      "Rank": 15,
      "Player": "twistling",
      "Points": 9,
      "Wins": 0,
      "Losses": 0,
      "Draws": 0,
      "OMWP": 0.5556,
      "GWP": 0.5333,
      "OGWP": 0.5146999999999999
    },
    {
      "Rank": 14,
      "Player": "CryptCreep",
      "Points": 9,
      "Wins": 0,
      "Losses": 0,
      "Draws": 0,
      "OMWP": 0.5556,
      "GWP": 0.5714,
      "OGWP": 0.5162
    },
    {
      "Rank": 13,
      "Player": "SoulStrong",
      "Points": 9,
      "Wins": 0,
      "Losses": 0,
      "Draws": 0,
      "OMWP": 0.5667,
      "GWP": 0.5,
      "OGWP": 0.56
    },
    {
      "Rank": 12,
      "Player": "Liquid_Pi",
      "Points": 9,
      "Wins": 0,
      "Losses": 0,
      "Draws": 0,
      "OMWP": 0.5832999999999999,
      "GWP": 0.5625,
      "OGWP": 0.5242
    },
    {
      "Rank": 11,
      "Player": "smile_papa4",
      "Points": 9,
      "Wins": 0,
      "Losses": 0,
      "Draws": 0,
      "OMWP": 0.6944,
      "GWP": 0.4286,
      "OGWP": 0.6274000000000001
    },
    {
      "Rank": 10,
      "Player": "JoseCabezas",
      "Points": 12,
      "Wins": 0,
      "Losses": 0,
      "Draws": 0,
      "OMWP": 0.4167,
      "GWP": 0.6,
      "OGWP": 0.44299999999999995
    },
    {
      "Rank": 9,
      "Player": "KillerKlown667",
      "Points": 12,
      "Wins": 0,
      "Losses": 0,
      "Draws": 0,
      "OMWP": 0.4722,
      "GWP": 0.5882000000000001,
      "OGWP": 0.475
    },
    {
      "Rank": 8,
      "Player": "mortadela",
      "Points": 12,
      "Wins": 0,
      "Losses": 0,
      "Draws": 0,
      "OMWP": 0.4722,
      "GWP": 0.6429,
      "OGWP": 0.44310000000000005
    },
    {
      "Rank": 7,
      "Player": "TMB000",
      "Points": 12,
      "Wins": 0,
      "Losses": 0,
      "Draws": 0,
      "OMWP": 0.5,
      "GWP": 0.6667000000000001,
      "OGWP": 0.4833
    },
    {
      "Rank": 6,
      "Player": "Moe12",
      "Points": 12,
      "Wins": 0,
      "Losses": 0,
      "Draws": 0,
      "OMWP": 0.5278,
      "GWP": 0.6667000000000001,
      "OGWP": 0.5015999999999999
    },
    {
      "Rank": 5,
      "Player": "schnda",
      "Points": 12,
      "Wins": 0,
      "Losses": 0,
      "Draws": 0,
      "OMWP": 0.6111,
      "GWP": 0.5333,
      "OGWP": 0.5775
    },
    {
      "Rank": 4,
      "Player": "digdude13",
      "Points": 12,
      "Wins": 0,
      "Losses": 0,
      "Draws": 0,
      "OMWP": 0.6667000000000001,
      "GWP": 0.5333,
      "OGWP": 0.6453
    },
    {
      "Rank": 3,
      "Player": "ICYBLUE",
      "Points": 15,
      "Wins": 0,
      "Losses": 0,
      "Draws": 0,
      "OMWP": 0.5278,
      "GWP": 0.7333,
      "OGWP": 0.47619999999999996
    },
    {
      "Rank": 2,
      "Player": "Lifeisrisk7",
      "Points": 15,
      "Wins": 0,
      "Losses": 0,
      "Draws": 0,
      "OMWP": 0.6111,
      "GWP": 0.7333,
      "OGWP": 0.5635
    },
    {
      "Rank": 1,
      "Player": "HyPPeR",
      "Points": 18,
      "Wins": 0,
      "Losses": 0,
      "Draws": 0,
      "OMWP": 0.6111,
      "GWP": 0.8,
      "OGWP": 0.5556
    }
  ]
}