{
  "Tournament": {
    "Id": 12801653,
    "Date": "2025-07-05T03:00:00",
    "Name": "Modern Challenge 32",
    "Uri": null,
    "JsonFile": null,
    "ForceRedownload": false
  },
  "Decks": null,
  "Rounds": [
    {
      "RoundName": "Round 1",
      "Matches": [
        {
          "Player1": "_Batutinha_",
          "Player2": "jakobpablo",
          "Result": "0-0-0"
        },
        {
          "Player1": "Cachorrowo",
          "Player2": "keezles",
          "Result": "2-0-0"
        },
        {
          "Player1": "HouseOfManaMTG",
          "Player2": "unworldlyorigin",
          "Result": "2-0-0"
        },
        {
          "Player1": "YungDingo",
          "Player2": "UnbanOko",
          "Result": "0-2-0"
        },
        {
          "Player1": "nwdz",
          "Player2": "Capitano_CL",
          "Result": "2-0-0"
        },
        {
          "Player1": "Chichichi",
          "Player2": "jontih",
          "Result": "2-0-0"
        },
        {
          "Player1": "selesneal",
          "Player2": "xerioc",
          "Result": "2-0-0"
        },
        {
          "Player1": "el-pollo-lolo",
          "Player2": "_nicolai",
          "Result": "0-2-0"
        },
        {
          "Player1": "IsacConoli",
          "Player2": "Giltspire",
          "Result": "0-2-0"
        },
        {
          "Player1": "DragonFodder",
          "Player2": "toothymtg",
          "Result": "2-0-0"
        },
        {
          "Player1": "-Nausea-",
          "Player2": "Rapgod",
          "Result": "0-2-0"
        },
        {
          "Player1": "Omegauo",
          "Player2": "choccy_milk",
          "Result": "2-0-0"
        },
        {
          "Player1": "Ivan_Draw_Go",
          "Player2": "AbyssalArchon",
          "Result": "0-2-0"
        },
        {
          "Player1": "Manny-",
          "Player2": "JulienRodriguez",
          "Result": "2-0-0"
        },
        {
          "Player1": "DemianDesposito10",
          "Player2": "MisterTwin",
          "Result": "0-2-0"
        },
        {
          "Player1": "jvidarte",
          "Player2": "Okayasu",
          "Result": "2-0-0"
        },
        {
          "Player1": "xfile",
          "Player2": "CrisMTG77",
          "Result": "2-0-0"
        },
        {
          "Player1": "pirol94",
          "Player2": "cigarettesaftershrek",
          "Result": "2-0-0"
        },
        {
          "Player1": "nahuel10",
          "Player2": "Spellyp",
          "Result": "2-0-0"
        },
        {
          "Player1": "Sarlanga",
          "Player2": "MMelo",
          "Result": "2-0-0"
        },
        {
          "Player1": "Kaziku",
          "Player2": "oinkmage22",
          "Result": "0-2-0"
        },
        {
          "Player1": "ashmosus",
          "Player2": "Skrocious",
          "Result": "2-0-0"
        },
        {
          "Player1": "Venom1",
          "Player2": "goblin_ringleader1",
          "Result": "0-0-0"
        },
        {
          "Player1": "GothMuse",
          "Player2": "Pondering_Mogis",
          "Result": "0-2-0"
        }
      ]
    },
    {
      "RoundName": "Round 2",
      "Matches": [
        {
          "Player1": "cigarettesaftershrek",
          "Player2": "toothymtg",
          "Result": "0-2-0"
        },
        {
          "Player1": "Kaziku",
          "Player2": "Okayasu",
          "Result": "0-2-0"
        },
        {
          "Player1": "xerioc",
          "Player2": "el-pollo-lolo",
          "Result": "2-0-0"
        },
        {
          "Player1": "IsacConoli",
          "Player2": "CrisMTG77",
          "Result": "0-2-0"
        },
        {
          "Player1": "GothMuse",
          "Player2": "Spellyp",
          "Result": "2-0-0"
        },
        {
          "Player1": "DragonFodder",
          "Player2": "Sarlanga",
          "Result": "0-2-0"
        },
        {
          "Player1": "Zonast",
          "Player2": "_nicolai",
          "Result": "0-2-0"
        },
        {
          "Player1": "DemianDesposito10",
          "Player2": "choccy_milk",
          "Result": "0-2-0"
        },
        {
          "Player1": "unworldlyorigin",
          "Player2": "goblin_ringleader1",
          "Result": "0-2-0"
        },
        {
          "Player1": "Giltspire",
          "Player2": "Pondering_Mogis",
          "Result": "0-2-0"
        },
        {
          "Player1": "Capitano_CL",
          "Player2": "-Nausea-",
          "Result": "2-0-0"
        },
        {
          "Player1": "YungDingo",
          "Player2": "MMelo",
          "Result": "2-0-0"
        },
        {
          "Player1": "selesneal",
          "Player2": "AbyssalArchon",
          "Result": "2-0-0"
        },
        {
          "Player1": "Chichichi",
          "Player2": "UnbanOko",
          "Result": "0-2-0"
        },
        {
          "Player1": "pirol94",
          "Player2": "nwdz",
          "Result": "0-2-0"
        },
        {
          "Player1": "Omegauo",
          "Player2": "ashmosus",
          "Result": "0-0-0"
        },
        {
          "Player1": "jvidarte",
          "Player2": "Skrocious",
          "Result": "0-2-0"
        },
        {
          "Player1": "JulienRodriguez",
          "Player2": "jakobpablo",
          "Result": "0-2-0"
        },
        {
          "Player1": "Venom1",
          "Player2": "HouseOfManaMTG",
          "Result": "2-0-0"
        },
        {
          "Player1": "nahuel10",
          "Player2": "oinkmage22",
          "Result": "0-2-0"
        },
        {
          "Player1": "xfile",
          "Player2": "MisterTwin",
          "Result": "2-0-0"
        },
        {
          "Player1": "Manny-",
          "Player2": "Cachorrowo",
          "Result": "0-0-0"
        },
        {
          "Player1": "_Batutinha_",
          "Player2": "Rapgod",
          "Result": "2-0-0"
        },
        {
          "Player1": "Ivan_Draw_Go",
          "Player2": "keezles",
          "Result": "2-0-0"
        }
      ]
    },
    {
      "RoundName": "Round 3",
      "Matches": [
        {
          "Player1": "Okayasu",
          "Player2": "YungDingo",
          "Result": "0-2-0"
        },
        {
          "Player1": "DragonFodder",
          "Player2": "pirol94",
          "Result": "2-0-0"
        },
        {
          "Player1": "selesneal",
          "Player2": "xfile",
          "Result": "2-0-0"
        },
        {
          "Player1": "toothymtg",
          "Player2": "GothMuse",
          "Result": "2-0-0"
        },
        {
          "Player1": "Capitano_CL",
          "Player2": "HouseOfManaMTG",
          "Result": "0-2-0"
        },
        {
          "Player1": "nahuel10",
          "Player2": "Rapgod",
          "Result": "2-0-0"
        },
        {
          "Player1": "xerioc",
          "Player2": "Manny-",
          "Result": "0-2-0"
        },
        {
          "Player1": "DemianDesposito10",
          "Player2": "Spellyp",
          "Result": "0-2-0"
        },
        {
          "Player1": "Omegauo",
          "Player2": "_nicolai",
          "Result": "2-0-0"
        },
        {
          "Player1": "Ivan_Draw_Go",
          "Player2": "choccy_milk",
          "Result": "0-2-0"
        },
        {
          "Player1": "jakobpablo",
          "Player2": "Skrocious",
          "Result": "2-0-0"
        },
        {
          "Player1": "ashmosus",
          "Player2": "Chichichi",
          "Result": "0-0-0"
        },
        {
          "Player1": "Venom1",
          "Player2": "Cachorrowo",
          "Result": "2-0-0"
        },
        {
          "Player1": "_Batutinha_",
          "Player2": "Pondering_Mogis",
          "Result": "2-0-0"
        },
        {
          "Player1": "JulienRodriguez",
          "Player2": "MMelo",
          "Result": "0-2-0"
        },
        {
          "Player1": "Giltspire",
          "Player2": "goblin_ringleader1",
          "Result": "0-0-0"
        },
        {
          "Player1": "Sarlanga",
          "Player2": "UnbanOko",
          "Result": "2-0-0"
        },
        {
          "Player1": "nwdz",
          "Player2": "oinkmage22",
          "Result": "2-0-0"
        },
        {
          "Player1": "AbyssalArchon",
          "Player2": "CrisMTG77",
          "Result": "0-2-0"
        },
        {
          "Player1": "jvidarte",
          "Player2": "MisterTwin",
          "Result": "0-2-0"
        }
      ]
    },
    {
      "RoundName": "Round 4",
      "Matches": [
        {
          "Player1": "Capitano_CL",
          "Player2": "Spellyp",
          "Result": "0-2-0"
        },
        {
          "Player1": "jvidarte",
          "Player2": "Rapgod",
          "Result": "2-0-0"
        },
        {
          "Player1": "jakobpablo",
          "Player2": "toothymtg",
          "Result": "0-2-0"
        },
        {
          "Player1": "UnbanOko",
          "Player2": "goblin_ringleader1",
          "Result": "0-0-0"
        },
        {
          "Player1": "JulienRodriguez",
          "Player2": "Skrocious",
          "Result": "0-0-0"
        },
        {
          "Player1": "YungDingo",
          "Player2": "_nicolai",
          "Result": "0-2-0"
        },
        {
          "Player1": "xfile",
          "Player2": "oinkmage22",
          "Result": "2-0-0"
        },
        {
          "Player1": "AbyssalArchon",
          "Player2": "GothMuse",
          "Result": "0-2-0"
        },
        {
          "Player1": "nahuel10",
          "Player2": "Chichichi",
          "Result": "0-2-0"
        },
        {
          "Player1": "DragonFodder",
          "Player2": "Pondering_Mogis",
          "Result": "2-0-0"
        },
        {
          "Player1": "Cachorrowo",
          "Player2": "choccy_milk",
          "Result": "0-0-0"
        },
        {
          "Player1": "Omegauo",
          "Player2": "Venom1",
          "Result": "2-0-0"
        },
        {
          "Player1": "Manny-",
          "Player2": "CrisMTG77",
          "Result": "0-2-0"
        },
        {
          "Player1": "Giltspire",
          "Player2": "Okayasu",
          "Result": "2-0-0"
        },
        {
          "Player1": "xerioc",
          "Player2": "MMelo",
          "Result": "2-0-0"
        },
        {
          "Player1": "_Batutinha_",
          "Player2": "Sarlanga",
          "Result": "2-0-0"
        },
        {
          "Player1": "HouseOfManaMTG",
          "Player2": "MisterTwin",
          "Result": "0-0-0"
        },
        {
          "Player1": "selesneal",
          "Player2": "nwdz",
          "Result": "2-0-0"
        }
      ]
    },
    {
      "RoundName": "Round 5",
      "Matches": [
        {
          "Player1": "xerioc",
          "Player2": "Giltspire",
          "Result": "2-0-0"
        },
        {
          "Player1": "YungDingo",
          "Player2": "Pondering_Mogis",
          "Result": "2-0-0"
        },
        {
          "Player1": "Chichichi",
          "Player2": "Sarlanga",
          "Result": "0-2-0"
        },
        {
          "Player1": "MisterTwin",
          "Player2": "GothMuse",
          "Result": "0-2-0"
        },
        {
          "Player1": "jvidarte",
          "Player2": "oinkmage22",
          "Result": "2-0-0"
        },
        {
          "Player1": "nwdz",
          "Player2": "toothymtg",
          "Result": "0-2-0"
        },
        {
          "Player1": "choccy_milk",
          "Player2": "_nicolai",
          "Result": "2-0-0"
        },
        {
          "Player1": "Capitano_CL",
          "Player2": "AbyssalArchon",
          "Result": "0-2-0"
        },
        {
          "Player1": "DragonFodder",
          "Player2": "nahuel10",
          "Result": "2-0-0"
        },
        {
          "Player1": "selesneal",
          "Player2": "UnbanOko",
          "Result": "0-2-0"
        },
        {
          "Player1": "xfile",
          "Player2": "HouseOfManaMTG",
          "Result": "2-0-0"
        },
        {
          "Player1": "Venom1",
          "Player2": "CrisMTG77",
          "Result": "0-2-0"
        },
        {
          "Player1": "Omegauo",
          "Player2": "_Batutinha_",
          "Result": "2-0-0"
        },
        {
          "Player1": "Cachorrowo",
          "Player2": "Spellyp",
          "Result": "0-2-0"
        },
        {
          "Player1": "jakobpablo",
          "Player2": "goblin_ringleader1",
          "Result": "2-0-0"
        },
        {
          "Player1": "JulienRodriguez",
          "Player2": "DemianDesposito10",
          "Result": "2-0-0"
        }
      ]
    },
    {
      "RoundName": "Round 6",
      "Matches": [
        {
          "Player1": "Omegauo",
          "Player2": "CrisMTG77",
          "Result": "0-2-0"
        },
        {
          "Player1": "xfile",
          "Player2": "toothymtg",
          "Result": "0-2-0"
        },
        {
          "Player1": "Chichichi",
          "Player2": "YungDingo",
          "Result": "2-0-0"
        },
        {
          "Player1": "Cachorrowo",
          "Player2": "AbyssalArchon",
          "Result": "0-2-0"
        },
        {
          "Player1": "DragonFodder",
          "Player2": "choccy_milk",
          "Result": "2-0-0"
        },
        {
          "Player1": "jvidarte",
          "Player2": "Spellyp",
          "Result": "0-2-0"
        },
        {
          "Player1": "xerioc",
          "Player2": "GothMuse",
          "Result": "0-0-0"
        },
        {
          "Player1": "DemianDesposito10",
          "Player2": "goblin_ringleader1",
          "Result": "0-0-0"
        },
        {
          "Player1": "MisterTwin",
          "Player2": "_nicolai",
          "Result": "2-0-0"
        },
        {
          "Player1": "Venom1",
          "Player2": "jakobpablo",
          "Result": "2-0-0"
        },
        {
          "Player1": "_Batutinha_",
          "Player2": "UnbanOko",
          "Result": "2-0-0"
        },
        {
          "Player1": "Sarlanga",
          "Player2": "selesneal",
          "Result": "2-0-0"
        }
      ]
    },
    {
      "RoundName": "Round 7",
      "Matches": [
        {
          "Player1": "DragonFodder",
          "Player2": "toothymtg",
          "Result": "0-2-0"
        },
        {
          "Player1": "_Batutinha_",
          "Player2": "CrisMTG77",
          "Result": "0-2-0"
        },
        {
          "Player1": "Omegauo",
          "Player2": "UnbanOko",
          "Result": "0-2-0"
        },
        {
          "Player1": "Sarlanga",
          "Player2": "xfile",
          "Result": "2-0-0"
        }
      ]
    },
    {
      "RoundName": "Round 8",
      "Matches": [
        {
          "Player1": "UnbanOko",
          "Player2": "toothymtg",
          "Result": "0-2-0"
        },
        {
          "Player1": "Sarlanga",
          "Player2": "CrisMTG77",
          "Result": "2-0-0"
        }
      ]
    },
    {
      "RoundName": "Round 9",
      "Matches": [
        {
          "Player1": "Sarlanga",
          "Player2": "toothymtg",
          "Result": "0-2-0"
        }
      ]
    }
  ],
  "Standings": [
    {
      "Rank": 49,
      "Player": "-Nausea-",
      "Points": 0,
      "Wins": 0,
      "Losses": 0,
      "Draws": 0,
      "OMWP": 0.3333,
      "GWP": 0,
      "OGWP": 0.3333
    },
    {
      "Rank": 48,
      "Player": "keezles",
      "Points": 0,
      "Wins": 0,
      "Losses": 0,
      "Draws": 0,
      "OMWP": 0.3333,
      "GWP": 0.2,
      "OGWP": 0.381
    },
    {
      "Rank": 47,
      "Player": "Kaziku",
      "Points": 0,
      "Wins": 0,
      "Losses": 0,
      "Draws": 0,
      "OMWP": 0.3667,
      "GWP": 0.3333,
      "OGWP": 0.359
    },
    {
      "Rank": 46,
      "Player": "unworldlyorigin",
      "Points": 0,
      "Wins": 0,
      "Losses": 0,
      "Draws": 0,
      "OMWP": 0.4667,
      "GWP": 0.2,
      "OGWP": 0.5299
    },
    {
      "Rank": 45,
      "Player": "el-pollo-lolo",
      "Points": 0,
      "Wins": 0,
      "Losses": 0,
      "Draws": 0,
      "OMWP": 0.5,
      "GWP": 0.2,
      "OGWP": 0.5
    },
    {
      "Rank": 44,
      "Player": "cigarettesaftershrek",
      "Points": 0,
      "Wins": 0,
      "Losses": 0,
      "Draws": 0,
      "OMWP": 0.5832999999999999,
      "GWP": 0.2,
      "OGWP": 0.5
    },
    {
      "Rank": 43,
      "Player": "IsacConoli",
      "Points": 0,
      "Wins": 0,
      "Losses": 0,
      "Draws": 0,
      "OMWP": 0.6167,
      "GWP": 0.2,
      "OGWP": 0.5508
    },
    {
      "Rank": 42,
      "Player": "jontih",
      "Points": 0,
      "Wins": 0,
      "Losses": 0,
      "Draws": 0,
      "OMWP": 0.6667000000000001,
      "GWP": 0,
      "OGWP": 0.5625
    },
    {
      "Rank": 41,
      "Player": "Okayasu",
      "Points": 3,
      "Wins": 0,
      "Losses": 0,
      "Draws": 0,
      "OMWP": 0.43329999999999996,
      "GWP": 0.22219999999999998,
      "OGWP": 0.4732
    },
    {
      "Rank": 40,
      "Player": "Skrocious",
      "Points": 3,
      "Wins": 0,
      "Losses": 0,
      "Draws": 0,
      "OMWP": 0.4583,
      "GWP": 0.3333,
      "OGWP": 0.5179
    },
    {
      "Rank": 39,
      "Player": "Ivan_Draw_Go",
      "Points": 3,
      "Wins": 0,
      "Losses": 0,
      "Draws": 0,
      "OMWP": 0.5,
      "GWP": 0.2857,
      "OGWP": 0.4794
    },
    {
      "Rank": 38,
      "Player": "Zonast",
      "Points": 3,
      "Wins": 0,
      "Losses": 0,
      "Draws": 0,
      "OMWP": 0.5,
      "GWP": 0.3333,
      "OGWP": 0.4667
    },
    {
      "Rank": 37,
      "Player": "Rapgod",
      "Points": 3,
      "Wins": 0,
      "Losses": 0,
      "Draws": 0,
      "OMWP": 0.5167,
      "GWP": 0.3333,
      "OGWP": 0.5327000000000001
    },
    {
      "Rank": 36,
      "Player": "Capitano_CL",
      "Points": 3,
      "Wins": 0,
      "Losses": 0,
      "Draws": 0,
      "OMWP": 0.54,
      "GWP": 0.3333,
      "OGWP": 0.5338
    },
    {
      "Rank": 35,
      "Player": "MMelo",
      "Points": 3,
      "Wins": 0,
      "Losses": 0,
      "Draws": 0,
      "OMWP": 0.5832999999999999,
      "GWP": 0.4545,
      "OGWP": 0.5478999999999999
    },
    {
      "Rank": 34,
      "Player": "pirol94",
      "Points": 3,
      "Wins": 0,
      "Losses": 0,
      "Draws": 0,
      "OMWP": 0.5889,
      "GWP": 0.2857,
      "OGWP": 0.5781000000000001
    },
    {
      "Rank": 33,
      "Player": "ashmosus",
      "Points": 3,
      "Wins": 0,
      "Losses": 0,
      "Draws": 0,
      "OMWP": 0.6111,
      "GWP": 0.5,
      "OGWP": 0.5367000000000001
    },
    {
      "Rank": 32,
      "Player": "Giltspire",
      "Points": 6,
      "Wins": 0,
      "Losses": 0,
      "Draws": 0,
      "OMWP": 0.38,
      "GWP": 0.4545,
      "OGWP": 0.4122
    },
    {
      "Rank": 31,
      "Player": "goblin_ringleader1",
      "Points": 6,
      "Wins": 0,
      "Losses": 0,
      "Draws": 0,
      "OMWP": 0.4833,
      "GWP": 0.44439999999999996,
      "OGWP": 0.4632
    },
    {
      "Rank": 30,
      "Player": "oinkmage22",
      "Points": 6,
      "Wins": 0,
      "Losses": 0,
      "Draws": 0,
      "OMWP": 0.5,
      "GWP": 0.3846,
      "OGWP": 0.5176
    },
    {
      "Rank": 29,
      "Player": "DemianDesposito10",
      "Points": 6,
      "Wins": 0,
      "Losses": 0,
      "Draws": 0,
      "OMWP": 0.5333,
      "GWP": 0.35710000000000003,
      "OGWP": 0.5175
    },
    {
      "Rank": 28,
      "Player": "Manny-",
      "Points": 6,
      "Wins": 0,
      "Losses": 0,
      "Draws": 0,
      "OMWP": 0.5417000000000001,
      "GWP": 0.5,
      "OGWP": 0.5272
    },
    {
      "Rank": 27,
      "Player": "Cachorrowo",
      "Points": 6,
      "Wins": 0,
      "Losses": 0,
      "Draws": 0,
      "OMWP": 0.5556,
      "GWP": 0.4286,
      "OGWP": 0.512
    },
    {
      "Rank": 26,
      "Player": "nahuel10",
      "Points": 6,
      "Wins": 0,
      "Losses": 0,
      "Draws": 0,
      "OMWP": 0.58,
      "GWP": 0.5385,
      "OGWP": 0.5275
    },
    {
      "Rank": 25,
      "Player": "Pondering_Mogis",
      "Points": 6,
      "Wins": 0,
      "Losses": 0,
      "Draws": 0,
      "OMWP": 0.6467,
      "GWP": 0.4167,
      "OGWP": 0.6256
    },
    {
      "Rank": 24,
      "Player": "JulienRodriguez",
      "Points": 9,
      "Wins": 0,
      "Losses": 0,
      "Draws": 0,
      "OMWP": 0.4,
      "GWP": 0.5,
      "OGWP": 0.429
    },
    {
      "Rank": 23,
      "Player": "jvidarte",
      "Points": 9,
      "Wins": 0,
      "Losses": 0,
      "Draws": 0,
      "OMWP": 0.4278,
      "GWP": 0.5714,
      "OGWP": 0.4093
    },
    {
      "Rank": 22,
      "Player": "YungDingo",
      "Points": 9,
      "Wins": 0,
      "Losses": 0,
      "Draws": 0,
      "OMWP": 0.4833,
      "GWP": 0.5333,
      "OGWP": 0.4675
    },
    {
      "Rank": 21,
      "Player": "xerioc",
      "Points": 9,
      "Wins": 0,
      "Losses": 0,
      "Draws": 0,
      "OMWP": 0.4833,
      "GWP": 0.5333,
      "OGWP": 0.4941
    },
    {
      "Rank": 20,
      "Player": "HouseOfManaMTG",
      "Points": 9,
      "Wins": 0,
      "Losses": 0,
      "Draws": 0,
      "OMWP": 0.5,
      "GWP": 0.6154,
      "OGWP": 0.4517
    },
    {
      "Rank": 19,
      "Player": "nwdz",
      "Points": 9,
      "Wins": 0,
      "Losses": 0,
      "Draws": 0,
      "OMWP": 0.5133,
      "GWP": 0.6154,
      "OGWP": 0.4547
    },
    {
      "Rank": 18,
      "Player": "AbyssalArchon",
      "Points": 9,
      "Wins": 0,
      "Losses": 0,
      "Draws": 0,
      "OMWP": 0.5278,
      "GWP": 0.5333,
      "OGWP": 0.4941
    },
    {
      "Rank": 17,
      "Player": "MisterTwin",
      "Points": 9,
      "Wins": 0,
      "Losses": 0,
      "Draws": 0,
      "OMWP": 0.5444,
      "GWP": 0.5,
      "OGWP": 0.5345
    },
    {
      "Rank": 16,
      "Player": "_nicolai",
      "Points": 9,
      "Wins": 0,
      "Losses": 0,
      "Draws": 0,
      "OMWP": 0.5556,
      "GWP": 0.4667,
      "OGWP": 0.4976
    },
    {
      "Rank": 15,
      "Player": "jakobpablo",
      "Points": 9,
      "Wins": 0,
      "Losses": 0,
      "Draws": 0,
      "OMWP": 0.5832999999999999,
      "GWP": 0.5,
      "OGWP": 0.5324
    },
    {
      "Rank": 14,
      "Player": "Spellyp",
      "Points": 12,
      "Wins": 0,
      "Losses": 0,
      "Draws": 0,
      "OMWP": 0.4278,
      "GWP": 0.5714,
      "OGWP": 0.4826
    },
    {
      "Rank": 13,
      "Player": "Chichichi",
      "Points": 12,
      "Wins": 0,
      "Losses": 0,
      "Draws": 0,
      "OMWP": 0.5111,
      "GWP": 0.5625,
      "OGWP": 0.5169
    },
    {
      "Rank": 12,
      "Player": "choccy_milk",
      "Points": 12,
      "Wins": 0,
      "Losses": 0,
      "Draws": 0,
      "OMWP": 0.5278,
      "GWP": 0.5714,
      "OGWP": 0.5143
    },
    {
      "Rank": 11,
      "Player": "GothMuse",
      "Points": 12,
      "Wins": 0,
      "Losses": 0,
      "Draws": 0,
      "OMWP": 0.5667,
      "GWP": 0.6667000000000001,
      "OGWP": 0.5368999999999999
    },
    {
      "Rank": 10,
      "Player": "Venom1",
      "Points": 12,
      "Wins": 0,
      "Losses": 0,
      "Draws": 0,
      "OMWP": 0.5722,
      "GWP": 0.5625,
      "OGWP": 0.5583
    },
    {
      "Rank": 9,
      "Player": "selesneal",
      "Points": 12,
      "Wins": 0,
      "Losses": 0,
      "Draws": 0,
      "OMWP": 0.6278,
      "GWP": 0.5556,
      "OGWP": 0.568
    },
    {
      "Rank": 8,
      "Player": "xfile",
      "Points": 12,
      "Wins": 0,
      "Losses": 0,
      "Draws": 0,
      "OMWP": 0.6389,
      "GWP": 0.5294,
      "OGWP": 0.5615
    },
    {
      "Rank": 7,
      "Player": "DragonFodder",
      "Points": 15,
      "Wins": 0,
      "Losses": 0,
      "Draws": 0,
      "OMWP": 0.5778,
      "GWP": 0.7857,
      "OGWP": 0.5253
    },
    {
      "Rank": 6,
      "Player": "_Batutinha_",
      "Points": 15,
      "Wins": 0,
      "Losses": 0,
      "Draws": 0,
      "OMWP": 0.5943999999999999,
      "GWP": 0.6875,
      "OGWP": 0.5268
    },
    {
      "Rank": 5,
      "Player": "Omegauo",
      "Points": 15,
      "Wins": 0,
      "Losses": 0,
      "Draws": 0,
      "OMWP": 0.6389,
      "GWP": 0.7143,
      "OGWP": 0.5725
    },
    {
      "Rank": 4,
      "Player": "UnbanOko",
      "Points": 15,
      "Wins": 0,
      "Losses": 0,
      "Draws": 0,
      "OMWP": 0.6389,
      "GWP": 0.5714,
      "OGWP": 0.5681
    },
    {
      "Rank": 3,
      "Player": "CrisMTG77",
      "Points": 18,
      "Wins": 0,
      "Losses": 0,
      "Draws": 0,
      "OMWP": 0.5832999999999999,
      "GWP": 0.6470999999999999,
      "OGWP": 0.5288
    },
    {
      "Rank": 2,
      "Player": "Sarlanga",
      "Points": 21,
      "Wins": 0,
      "Losses": 0,
      "Draws": 0,
      "OMWP": 0.6667000000000001,
      "GWP": 0.625,
      "OGWP": 0.6029
    },
    {
      "Rank": 1,
      "Player": "toothymtg",
      "Points": 24,
      "Wins": 0,
      "Losses": 0,
      "Draws": 0,
      "OMWP": 0.6,
      "GWP": 0.6667000000000001,
      "OGWP": 0.5718
    }
  ]
}