{
  "Tournament": {
    "Id": 12801655,
    "Date": "2025-07-05T08:00:00",
    "Name": "Modern Challenge 32",
    "Uri": null,
    "JsonFile": null,
    "ForceRedownload": false
  },
  "Decks": null,
  "Rounds": [
    {
      "RoundName": "Round 1",
      "Matches": [
        {
          "Player1": "albert62",
          "Player2": "TheRightStuff",
          "Result": "0-0-0"
        },
        {
          "Player1": "Linise",
          "Player2": "SimoCr",
          "Result": "0-2-0"
        },
        {
          "Player1": "Matty_2266",
          "Player2": "luvadepedreiro",
          "Result": "0-2-0"
        },
        {
          "Player1": "kanister",
          "Player2": "Juintatz",
          "Result": "0-2-0"
        },
        {
          "Player1": "Venom1",
          "Player2": "Callenutg1",
          "Result": "2-0-0"
        },
        {
          "Player1": "DemianDesposito10",
          "Player2": "Shuichi_Saito",
          "Result": "0-2-0"
        },
        {
          "Player1": "boytriton",
          "Player2": "reidq7",
          "Result": "0-2-0"
        },
        {
          "Player1": "Selfeisek",
          "Player2": "Preparation",
          "Result": "2-0-0"
        },
        {
          "Player1": "Junkmener",
          "Player2": "missflood",
          "Result": "2-0-0"
        },
        {
          "Player1": "Harpie3020",
          "Player2": "Nadu",
          "Result": "0-2-0"
        },
        {
          "Player1": "ChessNight5030",
          "Player2": "e0068",
          "Result": "0-2-0"
        },
        {
          "Player1": "Suechtler",
          "Player2": "jvidarte",
          "Result": "2-0-0"
        },
        {
          "Player1": "nielsen333",
          "Player2": "selesneal",
          "Result": "0-2-0"
        },
        {
          "Player1": "nahuel10",
          "Player2": "bless_von",
          "Result": "2-0-0"
        },
        {
          "Player1": "duduzin",
          "Player2": "alessandro81",
          "Result": "2-0-0"
        },
        {
          "Player1": "_Batutinha_",
          "Player2": "KO_Mak",
          "Result": "2-0-0"
        }
      ]
    },
    {
      "RoundName": "Round 2",
      "Matches": [
        {
          "Player1": "Junkmener",
          "Player2": "e0068",
          "Result": "0-2-0"
        },
        {
          "Player1": "_Batutinha_",
          "Player2": "Shuichi_Saito",
          "Result": "0-2-0"
        },
        {
          "Player1": "duduzin",
          "Player2": "Nadu",
          "Result": "2-0-0"
        },
        {
          "Player1": "TheRightStuff",
          "Player2": "reidq7",
          "Result": "0-2-0"
        },
        {
          "Player1": "jvidarte",
          "Player2": "Harpie3020",
          "Result": "2-0-0"
        },
        {
          "Player1": "bless_von",
          "Player2": "missflood",
          "Result": "2-0-0"
        },
        {
          "Player1": "kanister",
          "Player2": "Preparation",
          "Result": "2-0-0"
        },
        {
          "Player1": "Suechtler",
          "Player2": "Venom1",
          "Result": "0-2-0"
        },
        {
          "Player1": "albert62",
          "Player2": "Matty_2266",
          "Result": "2-0-0"
        },
        {
          "Player1": "DemianDesposito10",
          "Player2": "alessandro81",
          "Result": "2-0-0"
        },
        {
          "Player1": "Linise",
          "Player2": "boytriton",
          "Result": "2-1-0"
        },
        {
          "Player1": "SimoCr",
          "Player2": "luvadepedreiro",
          "Result": "0-2-0"
        },
        {
          "Player1": "nahuel10",
          "Player2": "Selfeisek",
          "Result": "2-0-0"
        },
        {
          "Player1": "KO_Mak",
          "Player2": "Callenutg1",
          "Result": "2-0-0"
        },
        {
          "Player1": "selesneal",
          "Player2": "Juintatz",
          "Result": "0-2-0"
        }
      ]
    },
    {
      "RoundName": "Round 3",
      "Matches": [
        {
          "Player1": "Suechtler",
          "Player2": "alessandro81",
          "Result": "2-0-0"
        },
        {
          "Player1": "Junkmener",
          "Player2": "jvidarte",
          "Result": "0-0-0"
        },
        {
          "Player1": "Callenutg1",
          "Player2": "Preparation",
          "Result": "2-0-0"
        },
        {
          "Player1": "nahuel10",
          "Player2": "luvadepedreiro",
          "Result": "2-0-0"
        },
        {
          "Player1": "Juintatz",
          "Player2": "e0068",
          "Result": "2-0-0"
        },
        {
          "Player1": "Venom1",
          "Player2": "Shuichi_Saito",
          "Result": "2-0-0"
        },
        {
          "Player1": "KO_Mak",
          "Player2": "Selfeisek",
          "Result": "0-2-0"
        },
        {
          "Player1": "albert62",
          "Player2": "Linise",
          "Result": "0-2-0"
        },
        {
          "Player1": "DemianDesposito10",
          "Player2": "Nadu",
          "Result": "2-0-0"
        },
        {
          "Player1": "kanister",
          "Player2": "SimoCr",
          "Result": "2-0-0"
        },
        {
          "Player1": "_Batutinha_",
          "Player2": "bless_von",
          "Result": "0-2-0"
        },
        {
          "Player1": "duduzin",
          "Player2": "reidq7",
          "Result": "0-2-0"
        },
        {
          "Player1": "selesneal",
          "Player2": "TheRightStuff",
          "Result": "0-2-0"
        },
        {
          "Player1": "Matty_2266",
          "Player2": "boytriton",
          "Result": "0-2-0"
        }
      ]
    },
    {
      "RoundName": "Round 4",
      "Matches": [
        {
          "Player1": "boytriton",
          "Player2": "Nadu",
          "Result": "2-0-0"
        },
        {
          "Player1": "nahuel10",
          "Player2": "reidq7",
          "Result": "0-2-0"
        },
        {
          "Player1": "Linise",
          "Player2": "duduzin",
          "Result": "0-2-0"
        },
        {
          "Player1": "_Batutinha_",
          "Player2": "alessandro81",
          "Result": "0-2-0"
        },
        {
          "Player1": "TheRightStuff",
          "Player2": "e0068",
          "Result": "0-0-0"
        },
        {
          "Player1": "Venom1",
          "Player2": "Juintatz",
          "Result": "0-2-0"
        },
        {
          "Player1": "bless_von",
          "Player2": "Shuichi_Saito",
          "Result": "2-0-0"
        },
        {
          "Player1": "kanister",
          "Player2": "Selfeisek",
          "Result": "2-0-0"
        },
        {
          "Player1": "KO_Mak",
          "Player2": "albert62",
          "Result": "0-2-0"
        },
        {
          "Player1": "SimoCr",
          "Player2": "Callenutg1",
          "Result": "0-2-0"
        },
        {
          "Player1": "Suechtler",
          "Player2": "luvadepedreiro",
          "Result": "0-2-0"
        },
        {
          "Player1": "jvidarte",
          "Player2": "DemianDesposito10",
          "Result": "2-0-0"
        }
      ]
    },
    {
      "RoundName": "Round 5",
      "Matches": [
        {
          "Player1": "kanister",
          "Player2": "e0068",
          "Result": "2-0-0"
        },
        {
          "Player1": "SimoCr",
          "Player2": "alessandro81",
          "Result": "0-2-0"
        },
        {
          "Player1": "jvidarte",
          "Player2": "luvadepedreiro",
          "Result": "0-2-0"
        },
        {
          "Player1": "boytriton",
          "Player2": "Shuichi_Saito",
          "Result": "0-2-0"
        },
        {
          "Player1": "nahuel10",
          "Player2": "duduzin",
          "Result": "0-2-0"
        },
        {
          "Player1": "Suechtler",
          "Player2": "Callenutg1",
          "Result": "2-0-0"
        },
        {
          "Player1": "_Batutinha_",
          "Player2": "TheRightStuff",
          "Result": "0-2-0"
        },
        {
          "Player1": "Venom1",
          "Player2": "bless_von",
          "Result": "0-2-0"
        },
        {
          "Player1": "albert62",
          "Player2": "Selfeisek",
          "Result": "0-2-0"
        },
        {
          "Player1": "Linise",
          "Player2": "DemianDesposito10",
          "Result": "2-0-0"
        },
        {
          "Player1": "Juintatz",
          "Player2": "reidq7",
          "Result": "2-0-0"
        }
      ]
    },
    {
      "RoundName": "Round 6",
      "Matches": [
        {
          "Player1": "kanister",
          "Player2": "luvadepedreiro",
          "Result": "2-0-0"
        },
        {
          "Player1": "nahuel10",
          "Player2": "reidq7",
          "Result": "0-2-0"
        },
        {
          "Player1": "Venom1",
          "Player2": "Juintatz",
          "Result": "2-0-0"
        },
        {
          "Player1": "bless_von",
          "Player2": "duduzin",
          "Result": "2-0-0"
        }
      ]
    },
    {
      "RoundName": "Round 7",
      "Matches": [
        {
          "Player1": "Venom1",
          "Player2": "bless_von",
          "Result": "2-0-0"
        },
        {
          "Player1": "kanister",
          "Player2": "reidq7",
          "Result": "0-2-0"
        }
      ]
    },
    {
      "RoundName": "Round 8",
      "Matches": [
        {
          "Player1": "Venom1",
          "Player2": "reidq7",
          "Result": "0-2-0"
        }
      ]
    }
  ],
  "Standings": [
    {
      "Rank": 32,
      "Player": "nielsen333",
      "Points": 0,
      "Wins": 0,
      "Losses": 0,
      "Draws": 0,
      "OMWP": 0.3333,
      "GWP": 0.3333,
      "OGWP": 0.3333
    },
    {
      "Rank": 31,
      "Player": "Harpie3020",
      "Points": 0,
      "Wins": 0,
      "Losses": 0,
      "Draws": 0,
      "OMWP": 0.4667,
      "GWP": 0.2,
      "OGWP": 0.4692
    },
    {
      "Rank": 30,
      "Player": "Matty_2266",
      "Points": 0,
      "Wins": 0,
      "Losses": 0,
      "Draws": 0,
      "OMWP": 0.5333,
      "GWP": 0.25,
      "OGWP": 0.5235
    },
    {
      "Rank": 29,
      "Player": "missflood",
      "Points": 0,
      "Wins": 0,
      "Losses": 0,
      "Draws": 0,
      "OMWP": 0.5667,
      "GWP": 0,
      "OGWP": 0.6136
    },
    {
      "Rank": 28,
      "Player": "ChessNight5030",
      "Points": 0,
      "Wins": 0,
      "Losses": 0,
      "Draws": 0,
      "OMWP": 0.6,
      "GWP": 0,
      "OGWP": 0.5385
    },
    {
      "Rank": 27,
      "Player": "Preparation",
      "Points": 0,
      "Wins": 0,
      "Losses": 0,
      "Draws": 0,
      "OMWP": 0.6,
      "GWP": 0.25,
      "OGWP": 0.5449
    },
    {
      "Rank": 26,
      "Player": "Nadu",
      "Points": 3,
      "Wins": 0,
      "Losses": 0,
      "Draws": 0,
      "OMWP": 0.4833,
      "GWP": 0.4,
      "OGWP": 0.4583
    },
    {
      "Rank": 25,
      "Player": "Junkmener",
      "Points": 3,
      "Wins": 0,
      "Losses": 0,
      "Draws": 0,
      "OMWP": 0.5111,
      "GWP": 0.5,
      "OGWP": 0.47009999999999996
    },
    {
      "Rank": 24,
      "Player": "_Batutinha_",
      "Points": 3,
      "Wins": 0,
      "Losses": 0,
      "Draws": 0,
      "OMWP": 0.56,
      "GWP": 0.2,
      "OGWP": 0.5714
    },
    {
      "Rank": 23,
      "Player": "SimoCr",
      "Points": 3,
      "Wins": 0,
      "Losses": 0,
      "Draws": 0,
      "OMWP": 0.6,
      "GWP": 0.3077,
      "OGWP": 0.5487
    },
    {
      "Rank": 22,
      "Player": "selesneal",
      "Points": 3,
      "Wins": 0,
      "Losses": 0,
      "Draws": 0,
      "OMWP": 0.6444,
      "GWP": 0.2857,
      "OGWP": 0.6193
    },
    {
      "Rank": 21,
      "Player": "KO_Mak",
      "Points": 6,
      "Wins": 0,
      "Losses": 0,
      "Draws": 0,
      "OMWP": 0.43329999999999996,
      "GWP": 0.4167,
      "OGWP": 0.4407
    },
    {
      "Rank": 20,
      "Player": "Callenutg1",
      "Points": 6,
      "Wins": 0,
      "Losses": 0,
      "Draws": 0,
      "OMWP": 0.4533,
      "GWP": 0.3846,
      "OGWP": 0.44439999999999996
    },
    {
      "Rank": 19,
      "Player": "alessandro81",
      "Points": 6,
      "Wins": 0,
      "Losses": 0,
      "Draws": 0,
      "OMWP": 0.49329999999999996,
      "GWP": 0.46149999999999997,
      "OGWP": 0.45770000000000005
    },
    {
      "Rank": 18,
      "Player": "DemianDesposito10",
      "Points": 6,
      "Wins": 0,
      "Losses": 0,
      "Draws": 0,
      "OMWP": 0.5067,
      "GWP": 0.3333,
      "OGWP": 0.515
    },
    {
      "Rank": 17,
      "Player": "albert62",
      "Points": 6,
      "Wins": 0,
      "Losses": 0,
      "Draws": 0,
      "OMWP": 0.5067,
      "GWP": 0.46149999999999997,
      "OGWP": 0.4974
    },
    {
      "Rank": 16,
      "Player": "boytriton",
      "Points": 6,
      "Wins": 0,
      "Losses": 0,
      "Draws": 0,
      "OMWP": 0.5333,
      "GWP": 0.4167,
      "OGWP": 0.5047
    },
    {
      "Rank": 15,
      "Player": "Linise",
      "Points": 9,
      "Wins": 0,
      "Losses": 0,
      "Draws": 0,
      "OMWP": 0.4667,
      "GWP": 0.5385,
      "OGWP": 0.45899999999999996
    },
    {
      "Rank": 14,
      "Player": "jvidarte",
      "Points": 9,
      "Wins": 0,
      "Losses": 0,
      "Draws": 0,
      "OMWP": 0.49329999999999996,
      "GWP": 0.5385,
      "OGWP": 0.47950000000000004
    },
    {
      "Rank": 13,
      "Player": "TheRightStuff",
      "Points": 9,
      "Wins": 0,
      "Losses": 0,
      "Draws": 0,
      "OMWP": 0.49329999999999996,
      "GWP": 0.6154,
      "OGWP": 0.45640000000000003
    },
    {
      "Rank": 12,
      "Player": "Selfeisek",
      "Points": 9,
      "Wins": 0,
      "Losses": 0,
      "Draws": 0,
      "OMWP": 0.5067,
      "GWP": 0.5832999999999999,
      "OGWP": 0.49229999999999996
    },
    {
      "Rank": 11,
      "Player": "Shuichi_Saito",
      "Points": 9,
      "Wins": 0,
      "Losses": 0,
      "Draws": 0,
      "OMWP": 0.5067,
      "GWP": 0.6364,
      "OGWP": 0.48210000000000003
    },
    {
      "Rank": 10,
      "Player": "Suechtler",
      "Points": 9,
      "Wins": 0,
      "Losses": 0,
      "Draws": 0,
      "OMWP": 0.56,
      "GWP": 0.5385,
      "OGWP": 0.5354
    },
    {
      "Rank": 9,
      "Player": "e0068",
      "Points": 9,
      "Wins": 0,
      "Losses": 0,
      "Draws": 0,
      "OMWP": 0.6133,
      "GWP": 0.5385,
      "OGWP": 0.6049
    },
    {
      "Rank": 8,
      "Player": "nahuel10",
      "Points": 9,
      "Wins": 0,
      "Losses": 0,
      "Draws": 0,
      "OMWP": 0.76,
      "GWP": 0.5832999999999999,
      "OGWP": 0.6737000000000001
    },
    {
      "Rank": 7,
      "Player": "luvadepedreiro",
      "Points": 12,
      "Wins": 0,
      "Losses": 0,
      "Draws": 0,
      "OMWP": 0.49329999999999996,
      "GWP": 0.6923,
      "OGWP": 0.4654
    },
    {
      "Rank": 6,
      "Player": "duduzin",
      "Points": 12,
      "Wins": 0,
      "Losses": 0,
      "Draws": 0,
      "OMWP": 0.5467,
      "GWP": 0.75,
      "OGWP": 0.5196999999999999
    },
    {
      "Rank": 5,
      "Player": "Juintatz",
      "Points": 15,
      "Wins": 0,
      "Losses": 0,
      "Draws": 0,
      "OMWP": 0.6267,
      "GWP": 0.9091,
      "OGWP": 0.5508
    },
    {
      "Rank": 4,
      "Player": "bless_von",
      "Points": 15,
      "Wins": 0,
      "Losses": 0,
      "Draws": 0,
      "OMWP": 0.49329999999999996,
      "GWP": 0.7273000000000001,
      "OGWP": 0.49729999999999996
    },
    {
      "Rank": 3,
      "Player": "kanister",
      "Points": 15,
      "Wins": 0,
      "Losses": 0,
      "Draws": 0,
      "OMWP": 0.5733,
      "GWP": 0.6667000000000001,
      "OGWP": 0.5395
    },
    {
      "Rank": 2,
      "Player": "Venom1",
      "Points": 15,
      "Wins": 0,
      "Losses": 0,
      "Draws": 0,
      "OMWP": 0.68,
      "GWP": 0.6,
      "OGWP": 0.6392
    },
    {
      "Rank": 1,
      "Player": "reidq7",
      "Points": 21,
      "Wins": 0,
      "Losses": 0,
      "Draws": 0,
      "OMWP": 0.68,
      "GWP": 0.6154,
      "OGWP": 0.6548999999999999
    }
  ]
}