{
  "Tournament": {
    "Id": 12801657,
    "Date": "2025-07-05T11:00:00",
    "Name": "Pauper Challenge 32",
    "Uri": null,
    "JsonFile": null,
    "ForceRedownload": false
  },
  "Decks": null,
  "Rounds": [
    {
      "RoundName": "Round 1",
      "Matches": [
        {
          "Player1": "sai199orz",
          "Player2": "Oceansoul92",
          "Result": "2-0-0"
        },
        {
          "Player1": "Niederschatten",
          "Player2": "_Tia93_",
          "Result": "0-0-0"
        },
        {
          "Player1": "Taurum",
          "Player2": "brick_",
          "Result": "2-0-0"
        },
        {
          "Player1": "medvedev",
          "Player2": "Darkrizos",
          "Result": "2-0-0"
        },
        {
          "Player1": "TheRealJulys",
          "Player2": "Purgatory_01",
          "Result": "2-0-0"
        },
        {
          "Player1": "Shiib",
          "Player2": "_blaze66",
          "Result": "2-0-0"
        },
        {
          "Player1": "oskiyaa",
          "Player2": "ARunningHans",
          "Result": "0-2-0"
        },
        {
          "Player1": "Terminus0",
          "Player2": "Luminati",
          "Result": "2-0-0"
        },
        {
          "Player1": "discoverN",
          "Player2": "BOB_THE_CAT",
          "Result": "0-2-0"
        },
        {
          "Player1": "LuffyDoChapeuDePalha",
          "Player2": "Angus91",
          "Result": "2-0-0"
        },
        {
          "Player1": "Kirblinxy",
          "Player2": "ziofrancone",
          "Result": "2-0-0"
        },
        {
          "Player1": "Mikhathara1994",
          "Player2": "hetare_ane",
          "Result": "2-0-0"
        },
        {
          "Player1": "CounterTopGarchomp",
          "Player2": "Mokemi",
          "Result": "2-0-0"
        },
        {
          "Player1": "Tsubasa_Cat",
          "Player2": "JaviGM",
          "Result": "2-0-0"
        },
        {
          "Player1": "__Noob__",
          "Player2": "Enz091",
          "Result": "2-0-0"
        },
        {
          "Player1": "SpockVidaLoka",
          "Player2": "Sailor_Moon",
          "Result": "0-2-0"
        },
        {
          "Player1": "Jukel",
          "Player2": "4UBro",
          "Result": "0-2-0"
        },
        {
          "Player1": "gaahei1",
          "Player2": "M_EMORIE_S",
          "Result": "2-0-0"
        }
      ]
    },
    {
      "RoundName": "Round 2",
      "Matches": [
        {
          "Player1": "medvedev",
          "Player2": "LuffyDoChapeuDePalha",
          "Result": "0-2-0"
        },
        {
          "Player1": "brick_",
          "Player2": "Enz091",
          "Result": "0-2-0"
        },
        {
          "Player1": "Jukel",
          "Player2": "Darkrizos",
          "Result": "0-2-0"
        },
        {
          "Player1": "SpockVidaLoka",
          "Player2": "M_EMORIE_S",
          "Result": "2-0-0"
        },
        {
          "Player1": "Tsubasa_Cat",
          "Player2": "ARunningHans",
          "Result": "0-2-0"
        },
        {
          "Player1": "Mokemi",
          "Player2": "Luminati",
          "Result": "2-0-0"
        },
        {
          "Player1": "_Tia93_",
          "Player2": "hetare_ane",
          "Result": "2-0-0"
        },
        {
          "Player1": "Purgatory_01",
          "Player2": "JaviGM",
          "Result": "0-2-0"
        },
        {
          "Player1": "sai199orz",
          "Player2": "__Noob__",
          "Result": "0-2-0"
        },
        {
          "Player1": "Kirblinxy",
          "Player2": "Sailor_Moon",
          "Result": "0-2-0"
        },
        {
          "Player1": "Mikhathara1994",
          "Player2": "Taurum",
          "Result": "2-0-0"
        },
        {
          "Player1": "Shiib",
          "Player2": "gaahei1",
          "Result": "0-2-0"
        },
        {
          "Player1": "discoverN",
          "Player2": "oskiyaa",
          "Result": "0-2-0"
        },
        {
          "Player1": "Angus91",
          "Player2": "_blaze66",
          "Result": "0-2-0"
        },
        {
          "Player1": "Oceansoul92",
          "Player2": "ziofrancone",
          "Result": "0-2-0"
        },
        {
          "Player1": "CounterTopGarchomp",
          "Player2": "BOB_THE_CAT",
          "Result": "0-2-0"
        },
        {
          "Player1": "Niederschatten",
          "Player2": "4UBro",
          "Result": "2-0-0"
        },
        {
          "Player1": "Terminus0",
          "Player2": "TheRealJulys",
          "Result": "2-0-0"
        }
      ]
    },
    {
      "RoundName": "Round 3",
      "Matches": [
        {
          "Player1": "sai199orz",
          "Player2": "Mikhathara1994",
          "Result": "2-0-0"
        },
        {
          "Player1": "ziofrancone",
          "Player2": "SpockVidaLoka",
          "Result": "2-0-0"
        },
        {
          "Player1": "Mokemi",
          "Player2": "Enz091",
          "Result": "1-2-0"
        },
        {
          "Player1": "discoverN",
          "Player2": "M_EMORIE_S",
          "Result": "0-2-0"
        },
        {
          "Player1": "__Noob__",
          "Player2": "Sailor_Moon",
          "Result": "0-2-0"
        },
        {
          "Player1": "medvedev",
          "Player2": "Taurum",
          "Result": "0-2-0"
        },
        {
          "Player1": "Tsubasa_Cat",
          "Player2": "TheRealJulys",
          "Result": "2-0-0"
        },
        {
          "Player1": "Kirblinxy",
          "Player2": "Jukel",
          "Result": "2-0-0"
        },
        {
          "Player1": "Niederschatten",
          "Player2": "BOB_THE_CAT",
          "Result": "0-2-0"
        },
        {
          "Player1": "Purgatory_01",
          "Player2": "brick_",
          "Result": "2-0-0"
        },
        {
          "Player1": "hetare_ane",
          "Player2": "Angus91",
          "Result": "0-2-0"
        },
        {
          "Player1": "JaviGM",
          "Player2": "_blaze66",
          "Result": "0-2-0"
        },
        {
          "Player1": "Darkrizos",
          "Player2": "CounterTopGarchomp",
          "Result": "0-2-0"
        },
        {
          "Player1": "LuffyDoChapeuDePalha",
          "Player2": "ARunningHans",
          "Result": "2-0-0"
        },
        {
          "Player1": "_Tia93_",
          "Player2": "4UBro",
          "Result": "2-0-0"
        },
        {
          "Player1": "oskiyaa",
          "Player2": "Shiib",
          "Result": "0-0-0"
        },
        {
          "Player1": "Terminus0",
          "Player2": "gaahei1",
          "Result": "2-0-0"
        }
      ]
    },
    {
      "RoundName": "Round 4",
      "Matches": [
        {
          "Player1": "Terminus0",
          "Player2": "LuffyDoChapeuDePalha",
          "Result": "0-2-0"
        },
        {
          "Player1": "Niederschatten",
          "Player2": "oskiyaa",
          "Result": "0-2-0"
        },
        {
          "Player1": "sai199orz",
          "Player2": "Mokemi",
          "Result": "0-2-0"
        },
        {
          "Player1": "__Noob__",
          "Player2": "ARunningHans",
          "Result": "0-0-0"
        },
        {
          "Player1": "_Tia93_",
          "Player2": "CounterTopGarchomp",
          "Result": "2-0-0"
        },
        {
          "Player1": "Angus91",
          "Player2": "M_EMORIE_S",
          "Result": "2-0-0"
        },
        {
          "Player1": "BOB_THE_CAT",
          "Player2": "Sailor_Moon",
          "Result": "2-0-0"
        },
        {
          "Player1": "Shiib",
          "Player2": "JaviGM",
          "Result": "0-2-0"
        },
        {
          "Player1": "ziofrancone",
          "Player2": "_blaze66",
          "Result": "2-0-0"
        },
        {
          "Player1": "medvedev",
          "Player2": "SpockVidaLoka",
          "Result": "0-2-0"
        },
        {
          "Player1": "Taurum",
          "Player2": "Enz091",
          "Result": "1-2-0"
        },
        {
          "Player1": "Purgatory_01",
          "Player2": "4UBro",
          "Result": "2-0-0"
        },
        {
          "Player1": "hetare_ane",
          "Player2": "brick_",
          "Result": "2-0-0"
        },
        {
          "Player1": "Mikhathara1994",
          "Player2": "Tsubasa_Cat",
          "Result": "0-2-0"
        },
        {
          "Player1": "Kirblinxy",
          "Player2": "gaahei1",
          "Result": "2-0-0"
        },
        {
          "Player1": "Darkrizos",
          "Player2": "Luminati",
          "Result": "0-2-0"
        }
      ]
    },
    {
      "RoundName": "Round 5",
      "Matches": [
        {
          "Player1": "Mikhathara1994",
          "Player2": "Mokemi",
          "Result": "0-0-0"
        },
        {
          "Player1": "oskiyaa",
          "Player2": "Terminus0",
          "Result": "2-0-0"
        },
        {
          "Player1": "__Noob__",
          "Player2": "Purgatory_01",
          "Result": "2-0-0"
        },
        {
          "Player1": "Niederschatten",
          "Player2": "_blaze66",
          "Result": "0-2-0"
        },
        {
          "Player1": "medvedev",
          "Player2": "Shiib",
          "Result": "2-0-0"
        },
        {
          "Player1": "gaahei1",
          "Player2": "Luminati",
          "Result": "2-0-0"
        },
        {
          "Player1": "Kirblinxy",
          "Player2": "_Tia93_",
          "Result": "0-2-0"
        },
        {
          "Player1": "LuffyDoChapeuDePalha",
          "Player2": "BOB_THE_CAT",
          "Result": "0-0-0"
        },
        {
          "Player1": "Taurum",
          "Player2": "CounterTopGarchomp",
          "Result": "0-0-0"
        },
        {
          "Player1": "Tsubasa_Cat",
          "Player2": "ziofrancone",
          "Result": "2-0-0"
        },
        {
          "Player1": "Darkrizos",
          "Player2": "4UBro",
          "Result": "2-0-0"
        },
        {
          "Player1": "sai199orz",
          "Player2": "Angus91",
          "Result": "0-2-0"
        },
        {
          "Player1": "ARunningHans",
          "Player2": "SpockVidaLoka",
          "Result": "2-0-0"
        },
        {
          "Player1": "hetare_ane",
          "Player2": "JaviGM",
          "Result": "0-2-0"
        },
        {
          "Player1": "Jukel",
          "Player2": "M_EMORIE_S",
          "Result": "2-0-0"
        },
        {
          "Player1": "Sailor_Moon",
          "Player2": "Enz091",
          "Result": "0-2-0"
        }
      ]
    },
    {
      "RoundName": "Round 6",
      "Matches": [
        {
          "Player1": "__Noob__",
          "Player2": "BOB_THE_CAT",
          "Result": "2-0-0"
        },
        {
          "Player1": "CounterTopGarchomp",
          "Player2": "Terminus0",
          "Result": "2-1-0"
        },
        {
          "Player1": "Angus91",
          "Player2": "Sailor_Moon",
          "Result": "0-2-0"
        },
        {
          "Player1": "oskiyaa",
          "Player2": "_Tia93_",
          "Result": "0-2-0"
        },
        {
          "Player1": "ziofrancone",
          "Player2": "Mokemi",
          "Result": "0-2-0"
        },
        {
          "Player1": "LuffyDoChapeuDePalha",
          "Player2": "Enz091",
          "Result": "2-0-0"
        },
        {
          "Player1": "Tsubasa_Cat",
          "Player2": "gaahei1",
          "Result": "0-0-0"
        },
        {
          "Player1": "ARunningHans",
          "Player2": "JaviGM",
          "Result": "0-2-0"
        },
        {
          "Player1": "sai199orz",
          "Player2": "Jukel",
          "Result": "0-2-0"
        },
        {
          "Player1": "Mikhathara1994",
          "Player2": "Luminati",
          "Result": "2-0-0"
        },
        {
          "Player1": "Taurum",
          "Player2": "SpockVidaLoka",
          "Result": "0-2-0"
        },
        {
          "Player1": "medvedev",
          "Player2": "Niederschatten",
          "Result": "0-2-0"
        },
        {
          "Player1": "Darkrizos",
          "Player2": "Purgatory_01",
          "Result": "0-2-0"
        },
        {
          "Player1": "hetare_ane",
          "Player2": "Shiib",
          "Result": "2-0-0"
        },
        {
          "Player1": "Kirblinxy",
          "Player2": "_blaze66",
          "Result": "0-2-0"
        },
        {
          "Player1": "brick_",
          "Player2": "M_EMORIE_S",
          "Result": "2-0-0"
        }
      ]
    },
    {
      "RoundName": "Round 7",
      "Matches": [
        {
          "Player1": "CounterTopGarchomp",
          "Player2": "LuffyDoChapeuDePalha",
          "Result": "0-2-0"
        },
        {
          "Player1": "_Tia93_",
          "Player2": "Enz091",
          "Result": "2-0-0"
        },
        {
          "Player1": "__Noob__",
          "Player2": "Sailor_Moon",
          "Result": "2-0-0"
        },
        {
          "Player1": "Tsubasa_Cat",
          "Player2": "BOB_THE_CAT",
          "Result": "2-0-0"
        }
      ]
    },
    {
      "RoundName": "Round 8",
      "Matches": [
        {
          "Player1": "_Tia93_",
          "Player2": "__Noob__",
          "Result": "0-2-0"
        },
        {
          "Player1": "LuffyDoChapeuDePalha",
          "Player2": "Tsubasa_Cat",
          "Result": "2-0-0"
        }
      ]
    },
    {
      "RoundName": "Round 9",
      "Matches": [
        {
          "Player1": "LuffyDoChapeuDePalha",
          "Player2": "__Noob__",
          "Result": "0-2-0"
        }
      ]
    }
  ],
  "Standings": [
    {
      "Rank": 36,
      "Player": "Oceansoul92",
      "Points": 0,
      "Wins": 0,
      "Losses": 0,
      "Draws": 0,
      "OMWP": 0.4167,
      "GWP": 0.2,
      "OGWP": 0.4375
    },
    {
      "Rank": 35,
      "Player": "discoverN",
      "Points": 0,
      "Wins": 0,
      "Losses": 0,
      "Draws": 0,
      "OMWP": 0.5556,
      "GWP": 0.1429,
      "OGWP": 0.4947
    },
    {
      "Rank": 34,
      "Player": "M_EMORIE_S",
      "Points": 3,
      "Wins": 0,
      "Losses": 0,
      "Draws": 0,
      "OMWP": 0.44439999999999996,
      "GWP": 0.3333,
      "OGWP": 0.43810000000000004
    },
    {
      "Rank": 33,
      "Player": "Shiib",
      "Points": 3,
      "Wins": 0,
      "Losses": 0,
      "Draws": 0,
      "OMWP": 0.5278,
      "GWP": 0.375,
      "OGWP": 0.49219999999999997
    },
    {
      "Rank": 32,
      "Player": "4UBro",
      "Points": 3,
      "Wins": 0,
      "Losses": 0,
      "Draws": 0,
      "OMWP": 0.5333,
      "GWP": 0.2727,
      "OGWP": 0.5355
    },
    {
      "Rank": 31,
      "Player": "TheRealJulys",
      "Points": 3,
      "Wins": 0,
      "Losses": 0,
      "Draws": 0,
      "OMWP": 0.6111,
      "GWP": 0.375,
      "OGWP": 0.5889
    },
    {
      "Rank": 30,
      "Player": "brick_",
      "Points": 6,
      "Wins": 0,
      "Losses": 0,
      "Draws": 0,
      "OMWP": 0.43329999999999996,
      "GWP": 0.3077,
      "OGWP": 0.4498
    },
    {
      "Rank": 29,
      "Player": "Darkrizos",
      "Points": 6,
      "Wins": 0,
      "Losses": 0,
      "Draws": 0,
      "OMWP": 0.44439999999999996,
      "GWP": 0.375,
      "OGWP": 0.4361
    },
    {
      "Rank": 28,
      "Player": "Luminati",
      "Points": 6,
      "Wins": 0,
      "Losses": 0,
      "Draws": 0,
      "OMWP": 0.5,
      "GWP": 0.3333,
      "OGWP": 0.52
    },
    {
      "Rank": 27,
      "Player": "Taurum",
      "Points": 6,
      "Wins": 0,
      "Losses": 0,
      "Draws": 0,
      "OMWP": 0.5,
      "GWP": 0.4,
      "OGWP": 0.5078
    },
    {
      "Rank": 26,
      "Player": "medvedev",
      "Points": 6,
      "Wins": 0,
      "Losses": 0,
      "Draws": 0,
      "OMWP": 0.5,
      "GWP": 0.4,
      "OGWP": 0.5131
    },
    {
      "Rank": 25,
      "Player": "hetare_ane",
      "Points": 6,
      "Wins": 0,
      "Losses": 0,
      "Draws": 0,
      "OMWP": 0.5278,
      "GWP": 0.35710000000000003,
      "OGWP": 0.524
    },
    {
      "Rank": 24,
      "Player": "sai199orz",
      "Points": 6,
      "Wins": 0,
      "Losses": 0,
      "Draws": 0,
      "OMWP": 0.5556,
      "GWP": 0.375,
      "OGWP": 0.5346
    },
    {
      "Rank": 23,
      "Player": "Jukel",
      "Points": 9,
      "Wins": 0,
      "Losses": 0,
      "Draws": 0,
      "OMWP": 0.3667,
      "GWP": 0.4286,
      "OGWP": 0.369
    },
    {
      "Rank": 22,
      "Player": "SpockVidaLoka",
      "Points": 9,
      "Wins": 0,
      "Losses": 0,
      "Draws": 0,
      "OMWP": 0.44439999999999996,
      "GWP": 0.5,
      "OGWP": 0.4437
    },
    {
      "Rank": 21,
      "Player": "gaahei1",
      "Points": 9,
      "Wins": 0,
      "Losses": 0,
      "Draws": 0,
      "OMWP": 0.4722,
      "GWP": 0.5,
      "OGWP": 0.4506
    },
    {
      "Rank": 20,
      "Player": "Purgatory_01",
      "Points": 9,
      "Wins": 0,
      "Losses": 0,
      "Draws": 0,
      "OMWP": 0.4722,
      "GWP": 0.5333,
      "OGWP": 0.4396
    },
    {
      "Rank": 19,
      "Player": "Mikhathara1994",
      "Points": 9,
      "Wins": 0,
      "Losses": 0,
      "Draws": 0,
      "OMWP": 0.4722,
      "GWP": 0.6,
      "OGWP": 0.4706
    },
    {
      "Rank": 18,
      "Player": "Angus91",
      "Points": 9,
      "Wins": 0,
      "Losses": 0,
      "Draws": 0,
      "OMWP": 0.5556,
      "GWP": 0.5333,
      "OGWP": 0.5142
    },
    {
      "Rank": 17,
      "Player": "Terminus0",
      "Points": 9,
      "Wins": 0,
      "Losses": 0,
      "Draws": 0,
      "OMWP": 0.5832999999999999,
      "GWP": 0.5,
      "OGWP": 0.536
    },
    {
      "Rank": 16,
      "Player": "ziofrancone",
      "Points": 9,
      "Wins": 0,
      "Losses": 0,
      "Draws": 0,
      "OMWP": 0.5832999999999999,
      "GWP": 0.5,
      "OGWP": 0.5367000000000001
    },
    {
      "Rank": 15,
      "Player": "Niederschatten",
      "Points": 9,
      "Wins": 0,
      "Losses": 0,
      "Draws": 0,
      "OMWP": 0.5832999999999999,
      "GWP": 0.5714,
      "OGWP": 0.5422
    },
    {
      "Rank": 14,
      "Player": "Kirblinxy",
      "Points": 9,
      "Wins": 0,
      "Losses": 0,
      "Draws": 0,
      "OMWP": 0.6111,
      "GWP": 0.4286,
      "OGWP": 0.5600999999999999
    },
    {
      "Rank": 13,
      "Player": "ARunningHans",
      "Points": 9,
      "Wins": 0,
      "Losses": 0,
      "Draws": 0,
      "OMWP": 0.75,
      "GWP": 0.4667,
      "OGWP": 0.6456000000000001
    },
    {
      "Rank": 12,
      "Player": "oskiyaa",
      "Points": 12,
      "Wins": 0,
      "Losses": 0,
      "Draws": 0,
      "OMWP": 0.5,
      "GWP": 0.5625,
      "OGWP": 0.5025999999999999
    },
    {
      "Rank": 11,
      "Player": "_blaze66",
      "Points": 12,
      "Wins": 0,
      "Losses": 0,
      "Draws": 0,
      "OMWP": 0.5,
      "GWP": 0.6,
      "OGWP": 0.4903
    },
    {
      "Rank": 10,
      "Player": "Mokemi",
      "Points": 12,
      "Wins": 0,
      "Losses": 0,
      "Draws": 0,
      "OMWP": 0.5,
      "GWP": 0.625,
      "OGWP": 0.5036
    },
    {
      "Rank": 9,
      "Player": "JaviGM",
      "Points": 12,
      "Wins": 0,
      "Losses": 0,
      "Draws": 0,
      "OMWP": 0.5278,
      "GWP": 0.5333,
      "OGWP": 0.5109
    },
    {
      "Rank": 8,
      "Player": "CounterTopGarchomp",
      "Points": 12,
      "Wins": 0,
      "Losses": 0,
      "Draws": 0,
      "OMWP": 0.5556,
      "GWP": 0.5882000000000001,
      "OGWP": 0.5428999999999999
    },
    {
      "Rank": 7,
      "Player": "Sailor_Moon",
      "Points": 12,
      "Wins": 0,
      "Losses": 0,
      "Draws": 0,
      "OMWP": 0.6111,
      "GWP": 0.5625,
      "OGWP": 0.5604
    },
    {
      "Rank": 6,
      "Player": "Enz091",
      "Points": 12,
      "Wins": 0,
      "Losses": 0,
      "Draws": 0,
      "OMWP": 0.6389,
      "GWP": 0.625,
      "OGWP": 0.5776
    },
    {
      "Rank": 5,
      "Player": "BOB_THE_CAT",
      "Points": 12,
      "Wins": 0,
      "Losses": 0,
      "Draws": 0,
      "OMWP": 0.6667000000000001,
      "GWP": 0.5882000000000001,
      "OGWP": 0.6
    },
    {
      "Rank": 4,
      "Player": "Tsubasa_Cat",
      "Points": 18,
      "Wins": 0,
      "Losses": 0,
      "Draws": 0,
      "OMWP": 0.5,
      "GWP": 0.7333,
      "OGWP": 0.49579999999999996
    },
    {
      "Rank": 3,
      "Player": "_Tia93_",
      "Points": 18,
      "Wins": 0,
      "Losses": 0,
      "Draws": 0,
      "OMWP": 0.5,
      "GWP": 0.7692,
      "OGWP": 0.47350000000000003
    },
    {
      "Rank": 2,
      "Player": "LuffyDoChapeuDePalha",
      "Points": 24,
      "Wins": 0,
      "Losses": 0,
      "Draws": 0,
      "OMWP": 0.5278,
      "GWP": 0.8571,
      "OGWP": 0.5189
    },
    {
      "Rank": 1,
      "Player": "__Noob__",
      "Points": 24,
      "Wins": 0,
      "Losses": 0,
      "Draws": 0,
      "OMWP": 0.5556,
      "GWP": 0.6875,
      "OGWP": 0.5251
    }
  ]
}