{
  "Tournament": {
    "Id": 12801664,
    "Date": "2025-07-05T23:00:00",
    "Name": "Pioneer Challenge 32",
    "Uri": null,
    "JsonFile": null,
    "ForceRedownload": false
  },
  "Decks": null,
  "Rounds": [
    {
      "RoundName": "Round 1",
      "Matches": [
        {
          "Player1": "Theagent002",
          "Player2": "keyaki",
          "Result": "0-0-0"
        },
        {
          "Player1": "PaulPatrick",
          "Player2": "hermanomlg",
          "Result": "0-0-0"
        },
        {
          "Player1": "sandydogmtg",
          "Player2": "haruhilmi24",
          "Result": "0-2-0"
        },
        {
          "Player1": "Cachorrowo",
          "Player2": "Arkany1",
          "Result": "0-2-0"
        },
        {
          "Player1": "rushi_00",
          "Player2": "JohnMarston",
          "Result": "0-2-0"
        },
        {
          "Player1": "Hernan72",
          "Player2": "kytk321",
          "Result": "0-2-0"
        },
        {
          "Player1": "musasabi",
          "Player2": "JoeyNubzy",
          "Result": "2-0-0"
        },
        {
          "Player1": "albertoSD",
          "Player2": "_Falcon_",
          "Result": "2-0-0"
        },
        {
          "Player1": "JulioP1985",
          "Player2": "wcl",
          "Result": "0-2-0"
        },
        {
          "Player1": "bid1992",
          "Player2": "PNascimento",
          "Result": "0-2-0"
        },
        {
          "Player1": "LuffyDoChapeuDePalha",
          "Player2": "_J0SE_",
          "Result": "2-0-0"
        },
        {
          "Player1": "IsacConoli",
          "Player2": "Arianne",
          "Result": "0-2-0"
        },
        {
          "Player1": "Fuyui2",
          "Player2": "GzusReturned",
          "Result": "2-0-0"
        },
        {
          "Player1": "O_danielakos",
          "Player2": "Lord_Beerus",
          "Result": "2-0-0"
        },
        {
          "Player1": "Raydan",
          "Player2": "Ale_Mtg",
          "Result": "2-0-0"
        },
        {
          "Player1": "Shadowz2005",
          "Player2": "matarratas007",
          "Result": "0-2-0"
        },
        {
          "Player1": "novaschin22",
          "Player2": "Shuichi_Saito",
          "Result": "2-0-0"
        },
        {
          "Player1": "kobayui",
          "Player2": "Magicofplayer1",
          "Result": "2-0-0"
        },
        {
          "Player1": "sMann2.0",
          "Player2": "SoulStrong",
          "Result": "0-2-0"
        },
        {
          "Player1": "Slatorade",
          "Player2": "ICT95",
          "Result": "2-0-0"
        },
        {
          "Player1": "deleon91",
          "Player2": "Grenobil",
          "Result": "2-0-0"
        }
      ]
    },
    {
      "RoundName": "Round 2",
      "Matches": [
        {
          "Player1": "Raydan",
          "Player2": "deleon91",
          "Result": "2-0-0"
        },
        {
          "Player1": "Theagent002",
          "Player2": "_J0SE_",
          "Result": "0-2-0"
        },
        {
          "Player1": "Hernan72",
          "Player2": "Shuichi_Saito",
          "Result": "0-2-0"
        },
        {
          "Player1": "sMann2.0",
          "Player2": "IsacConoli",
          "Result": "2-0-0"
        },
        {
          "Player1": "sandydogmtg",
          "Player2": "GzusReturned",
          "Result": "2-0-0"
        },
        {
          "Player1": "musasabi",
          "Player2": "wcl",
          "Result": "2-0-0"
        },
        {
          "Player1": "Arianne",
          "Player2": "Arkany1",
          "Result": "0-2-0"
        },
        {
          "Player1": "_Falcon_",
          "Player2": "bid1992",
          "Result": "2-0-0"
        },
        {
          "Player1": "SoulStrong",
          "Player2": "haruhilmi24",
          "Result": "2-0-0"
        },
        {
          "Player1": "Magicofplayer1",
          "Player2": "Cachorrowo",
          "Result": "2-0-0"
        },
        {
          "Player1": "keyaki",
          "Player2": "Fuyui2",
          "Result": "0-2-0"
        },
        {
          "Player1": "JohnMarston",
          "Player2": "ICT95",
          "Result": "0-2-0"
        },
        {
          "Player1": "Slatorade",
          "Player2": "hermanomlg",
          "Result": "2-0-0"
        },
        {
          "Player1": "PNascimento",
          "Player2": "LuffyDoChapeuDePalha",
          "Result": "0-2-0"
        },
        {
          "Player1": "novaschin22",
          "Player2": "matarratas007",
          "Result": "2-0-0"
        },
        {
          "Player1": "PaulPatrick",
          "Player2": "Ale_Mtg",
          "Result": "0-2-0"
        },
        {
          "Player1": "Lord_Beerus",
          "Player2": "JulioP1985",
          "Result": "2-0-0"
        },
        {
          "Player1": "Shadowz2005",
          "Player2": "JoeyNubzy",
          "Result": "0-2-0"
        },
        {
          "Player1": "albertoSD",
          "Player2": "kobayui",
          "Result": "0-2-0"
        },
        {
          "Player1": "O_danielakos",
          "Player2": "kytk321",
          "Result": "2-0-0"
        }
      ]
    },
    {
      "RoundName": "Round 3",
      "Matches": [
        {
          "Player1": "sMann2.0",
          "Player2": "PNascimento",
          "Result": "0-2-0"
        },
        {
          "Player1": "sandydogmtg",
          "Player2": "Ale_Mtg",
          "Result": "2-0-0"
        },
        {
          "Player1": "_Falcon_",
          "Player2": "JohnMarston",
          "Result": "2-0-0"
        },
        {
          "Player1": "Arianne",
          "Player2": "kytk321",
          "Result": "0-2-0"
        },
        {
          "Player1": "musasabi",
          "Player2": "Arkany1",
          "Result": "2-0-0"
        },
        {
          "Player1": "deleon91",
          "Player2": "haruhilmi24",
          "Result": "2-0-0"
        },
        {
          "Player1": "Slatorade",
          "Player2": "novaschin22",
          "Result": "0-2-0"
        },
        {
          "Player1": "matarratas007",
          "Player2": "Shuichi_Saito",
          "Result": "0-2-0"
        },
        {
          "Player1": "hermanomlg",
          "Player2": "ICT95",
          "Result": "2-0-0"
        },
        {
          "Player1": "Hernan72",
          "Player2": "Shadowz2005",
          "Result": "2-0-0"
        },
        {
          "Player1": "IsacConoli",
          "Player2": "GzusReturned",
          "Result": "2-0-0"
        },
        {
          "Player1": "O_danielakos",
          "Player2": "Fuyui2",
          "Result": "2-0-0"
        },
        {
          "Player1": "SoulStrong",
          "Player2": "kobayui",
          "Result": "0-2-0"
        },
        {
          "Player1": "_J0SE_",
          "Player2": "wcl",
          "Result": "2-0-0"
        },
        {
          "Player1": "albertoSD",
          "Player2": "Magicofplayer1",
          "Result": "0-2-0"
        },
        {
          "Player1": "keyaki",
          "Player2": "JoeyNubzy",
          "Result": "0-2-0"
        },
        {
          "Player1": "Raydan",
          "Player2": "LuffyDoChapeuDePalha",
          "Result": "2-0-0"
        },
        {
          "Player1": "bid1992",
          "Player2": "Theagent002",
          "Result": "2-0-0"
        },
        {
          "Player1": "Lord_Beerus",
          "Player2": "Grenobil",
          "Result": "2-0-0"
        }
      ]
    },
    {
      "RoundName": "Round 4",
      "Matches": [
        {
          "Player1": "wcl",
          "Player2": "ICT95",
          "Result": "2-0-0"
        },
        {
          "Player1": "O_danielakos",
          "Player2": "kobayui",
          "Result": "0-2-0"
        },
        {
          "Player1": "LuffyDoChapeuDePalha",
          "Player2": "bid1992",
          "Result": "2-0-0"
        },
        {
          "Player1": "deleon91",
          "Player2": "Shuichi_Saito",
          "Result": "0-2-0"
        },
        {
          "Player1": "Lord_Beerus",
          "Player2": "_Falcon_",
          "Result": "0-2-0"
        },
        {
          "Player1": "sandydogmtg",
          "Player2": "Slatorade",
          "Result": "0-2-0"
        },
        {
          "Player1": "novaschin22",
          "Player2": "JoeyNubzy",
          "Result": "0-2-0"
        },
        {
          "Player1": "Theagent002",
          "Player2": "GzusReturned",
          "Result": "2-0-0"
        },
        {
          "Player1": "Magicofplayer1",
          "Player2": "Arkany1",
          "Result": "0-2-0"
        },
        {
          "Player1": "Arianne",
          "Player2": "Hernan72",
          "Result": "2-0-0"
        },
        {
          "Player1": "hermanomlg",
          "Player2": "Fuyui2",
          "Result": "2-0-0"
        },
        {
          "Player1": "haruhilmi24",
          "Player2": "matarratas007",
          "Result": "0-2-0"
        },
        {
          "Player1": "SoulStrong",
          "Player2": "kytk321",
          "Result": "2-0-0"
        },
        {
          "Player1": "PNascimento",
          "Player2": "_J0SE_",
          "Result": "0-2-0"
        },
        {
          "Player1": "JohnMarston",
          "Player2": "Grenobil",
          "Result": "0-2-0"
        },
        {
          "Player1": "IsacConoli",
          "Player2": "keyaki",
          "Result": "2-0-0"
        },
        {
          "Player1": "musasabi",
          "Player2": "Raydan",
          "Result": "0-2-0"
        }
      ]
    },
    {
      "RoundName": "Round 5",
      "Matches": [
        {
          "Player1": "sandydogmtg",
          "Player2": "PNascimento",
          "Result": "2-0-0"
        },
        {
          "Player1": "Slatorade",
          "Player2": "JoeyNubzy",
          "Result": "0-2-0"
        },
        {
          "Player1": "SoulStrong",
          "Player2": "Arkany1",
          "Result": "0-2-0"
        },
        {
          "Player1": "hermanomlg",
          "Player2": "_Falcon_",
          "Result": "0-2-0"
        },
        {
          "Player1": "keyaki",
          "Player2": "Hernan72",
          "Result": "2-0-0"
        },
        {
          "Player1": "kobayui",
          "Player2": "Raydan",
          "Result": "0-0-0"
        },
        {
          "Player1": "Arianne",
          "Player2": "Fuyui2",
          "Result": "2-0-0"
        },
        {
          "Player1": "Theagent002",
          "Player2": "JohnMarston",
          "Result": "0-2-0"
        },
        {
          "Player1": "kytk321",
          "Player2": "Grenobil",
          "Result": "2-0-0"
        },
        {
          "Player1": "LuffyDoChapeuDePalha",
          "Player2": "Shuichi_Saito",
          "Result": "0-2-0"
        },
        {
          "Player1": "haruhilmi24",
          "Player2": "bid1992",
          "Result": "2-0-0"
        },
        {
          "Player1": "O_danielakos",
          "Player2": "novaschin22",
          "Result": "2-0-0"
        },
        {
          "Player1": "matarratas007",
          "Player2": "wcl",
          "Result": "0-2-0"
        },
        {
          "Player1": "Magicofplayer1",
          "Player2": "deleon91",
          "Result": "0-2-0"
        },
        {
          "Player1": "musasabi",
          "Player2": "_J0SE_",
          "Result": "2-0-0"
        },
        {
          "Player1": "Lord_Beerus",
          "Player2": "IsacConoli",
          "Result": "2-0-0"
        }
      ]
    },
    {
      "RoundName": "Round 6",
      "Matches": [
        {
          "Player1": "LuffyDoChapeuDePalha",
          "Player2": "wcl",
          "Result": "0-2-0"
        },
        {
          "Player1": "Fuyui2",
          "Player2": "Grenobil",
          "Result": "0-2-0"
        },
        {
          "Player1": "matarratas007",
          "Player2": "JohnMarston",
          "Result": "2-0-0"
        },
        {
          "Player1": "_Falcon_",
          "Player2": "JoeyNubzy",
          "Result": "0-2-0"
        },
        {
          "Player1": "haruhilmi24",
          "Player2": "PNascimento",
          "Result": "0-2-0"
        },
        {
          "Player1": "kobayui",
          "Player2": "Arkany1",
          "Result": "0-0-0"
        },
        {
          "Player1": "sandydogmtg",
          "Player2": "SoulStrong",
          "Result": "0-2-0"
        },
        {
          "Player1": "musasabi",
          "Player2": "Shuichi_Saito",
          "Result": "0-2-0"
        },
        {
          "Player1": "Lord_Beerus",
          "Player2": "deleon91",
          "Result": "2-0-0"
        },
        {
          "Player1": "keyaki",
          "Player2": "Magicofplayer1",
          "Result": "0-2-0"
        },
        {
          "Player1": "Slatorade",
          "Player2": "_J0SE_",
          "Result": "2-0-0"
        },
        {
          "Player1": "Theagent002",
          "Player2": "Hernan72",
          "Result": "2-0-0"
        },
        {
          "Player1": "hermanomlg",
          "Player2": "Arianne",
          "Result": "0-2-0"
        },
        {
          "Player1": "O_danielakos",
          "Player2": "Raydan",
          "Result": "2-0-0"
        },
        {
          "Player1": "kytk321",
          "Player2": "novaschin22",
          "Result": "0-2-0"
        }
      ]
    },
    {
      "RoundName": "Round 7",
      "Matches": [
        {
          "Player1": "JoeyNubzy",
          "Player2": "Shuichi_Saito",
          "Result": "2-0-0"
        },
        {
          "Player1": "kobayui",
          "Player2": "Raydan",
          "Result": "2-0-0"
        },
        {
          "Player1": "O_danielakos",
          "Player2": "musasabi",
          "Result": "0-0-0"
        },
        {
          "Player1": "Arkany1",
          "Player2": "novaschin22",
          "Result": "2-0-0"
        }
      ]
    },
    {
      "RoundName": "Round 8",
      "Matches": [
        {
          "Player1": "O_danielakos",
          "Player2": "Arkany1",
          "Result": "0-2-0"
        },
        {
          "Player1": "kobayui",
          "Player2": "JoeyNubzy",
          "Result": "0-2-0"
        }
      ]
    },
    {
      "RoundName": "Round 9",
      "Matches": [
        {
          "Player1": "Arkany1",
          "Player2": "JoeyNubzy",
          "Result": "0-2-0"
        }
      ]
    }
  ],
  "Standings": [
    {
      "Rank": 42,
      "Player": "rushi_00",
      "Points": 0,
      "Wins": 0,
      "Losses": 0,
      "Draws": 0,
      "OMWP": 0.3333,
      "GWP": 0,
      "OGWP": 0.3333
    },
    {
      "Rank": 41,
      "Player": "GzusReturned",
      "Points": 0,
      "Wins": 0,
      "Losses": 0,
      "Draws": 0,
      "OMWP": 0.3917,
      "GWP": 0.11109999999999999,
      "OGWP": 0.4118
    },
    {
      "Rank": 40,
      "Player": "PaulPatrick",
      "Points": 0,
      "Wins": 0,
      "Losses": 0,
      "Draws": 0,
      "OMWP": 0.4167,
      "GWP": 0.2,
      "OGWP": 0.4833
    },
    {
      "Rank": 39,
      "Player": "Shadowz2005",
      "Points": 0,
      "Wins": 0,
      "Losses": 0,
      "Draws": 0,
      "OMWP": 0.5556,
      "GWP": 0.25,
      "OGWP": 0.5
    },
    {
      "Rank": 38,
      "Player": "Cachorrowo",
      "Points": 0,
      "Wins": 0,
      "Losses": 0,
      "Draws": 0,
      "OMWP": 0.6667000000000001,
      "GWP": 0,
      "OGWP": 0.6620999999999999
    },
    {
      "Rank": 37,
      "Player": "JulioP1985",
      "Points": 0,
      "Wins": 0,
      "Losses": 0,
      "Draws": 0,
      "OMWP": 0.6667000000000001,
      "GWP": 0.2,
      "OGWP": 0.6125
    },
    {
      "Rank": 36,
      "Player": "bid1992",
      "Points": 3,
      "Wins": 0,
      "Losses": 0,
      "Draws": 0,
      "OMWP": 0.4667,
      "GWP": 0.3333,
      "OGWP": 0.4878
    },
    {
      "Rank": 35,
      "Player": "Hernan72",
      "Points": 3,
      "Wins": 0,
      "Losses": 0,
      "Draws": 0,
      "OMWP": 0.5,
      "GWP": 0.2667,
      "OGWP": 0.4978
    },
    {
      "Rank": 34,
      "Player": "Ale_Mtg",
      "Points": 3,
      "Wins": 0,
      "Losses": 0,
      "Draws": 0,
      "OMWP": 0.5,
      "GWP": 0.5,
      "OGWP": 0.46409999999999996
    },
    {
      "Rank": 33,
      "Player": "sMann2.0",
      "Points": 3,
      "Wins": 0,
      "Losses": 0,
      "Draws": 0,
      "OMWP": 0.5222,
      "GWP": 0.3333,
      "OGWP": 0.4838
    },
    {
      "Rank": 32,
      "Player": "ICT95",
      "Points": 3,
      "Wins": 0,
      "Losses": 0,
      "Draws": 0,
      "OMWP": 0.5417000000000001,
      "GWP": 0.3333,
      "OGWP": 0.5033
    },
    {
      "Rank": 31,
      "Player": "albertoSD",
      "Points": 3,
      "Wins": 0,
      "Losses": 0,
      "Draws": 0,
      "OMWP": 0.6667000000000001,
      "GWP": 0.3333,
      "OGWP": 0.6502
    },
    {
      "Rank": 30,
      "Player": "Theagent002",
      "Points": 6,
      "Wins": 0,
      "Losses": 0,
      "Draws": 0,
      "OMWP": 0.3611,
      "GWP": 0.3333,
      "OGWP": 0.3778
    },
    {
      "Rank": 29,
      "Player": "JohnMarston",
      "Points": 6,
      "Wins": 0,
      "Losses": 0,
      "Draws": 0,
      "OMWP": 0.44439999999999996,
      "GWP": 0.3333,
      "OGWP": 0.44689999999999996
    },
    {
      "Rank": 28,
      "Player": "keyaki",
      "Points": 6,
      "Wins": 0,
      "Losses": 0,
      "Draws": 0,
      "OMWP": 0.4556,
      "GWP": 0.4,
      "OGWP": 0.44270000000000004
    },
    {
      "Rank": 27,
      "Player": "IsacConoli",
      "Points": 6,
      "Wins": 0,
      "Losses": 0,
      "Draws": 0,
      "OMWP": 0.4667,
      "GWP": 0.3846,
      "OGWP": 0.451
    },
    {
      "Rank": 26,
      "Player": "haruhilmi24",
      "Points": 6,
      "Wins": 0,
      "Losses": 0,
      "Draws": 0,
      "OMWP": 0.5,
      "GWP": 0.4,
      "OGWP": 0.4827
    },
    {
      "Rank": 25,
      "Player": "Fuyui2",
      "Points": 6,
      "Wins": 0,
      "Losses": 0,
      "Draws": 0,
      "OMWP": 0.5278,
      "GWP": 0.4,
      "OGWP": 0.5024000000000001
    },
    {
      "Rank": 24,
      "Player": "PNascimento",
      "Points": 9,
      "Wins": 0,
      "Losses": 0,
      "Draws": 0,
      "OMWP": 0.4167,
      "GWP": 0.5333,
      "OGWP": 0.44310000000000005
    },
    {
      "Rank": 23,
      "Player": "Grenobil",
      "Points": 9,
      "Wins": 0,
      "Losses": 0,
      "Draws": 0,
      "OMWP": 0.4667,
      "GWP": 0.5385,
      "OGWP": 0.4725
    },
    {
      "Rank": 22,
      "Player": "sandydogmtg",
      "Points": 9,
      "Wins": 0,
      "Losses": 0,
      "Draws": 0,
      "OMWP": 0.4722,
      "GWP": 0.5294,
      "OGWP": 0.4814
    },
    {
      "Rank": 21,
      "Player": "hermanomlg",
      "Points": 9,
      "Wins": 0,
      "Losses": 0,
      "Draws": 0,
      "OMWP": 0.5,
      "GWP": 0.4667,
      "OGWP": 0.48100000000000004
    },
    {
      "Rank": 20,
      "Player": "matarratas007",
      "Points": 9,
      "Wins": 0,
      "Losses": 0,
      "Draws": 0,
      "OMWP": 0.5278,
      "GWP": 0.5,
      "OGWP": 0.5054
    },
    {
      "Rank": 19,
      "Player": "Magicofplayer1",
      "Points": 9,
      "Wins": 0,
      "Losses": 0,
      "Draws": 0,
      "OMWP": 0.5278,
      "GWP": 0.5385,
      "OGWP": 0.5146999999999999
    },
    {
      "Rank": 18,
      "Player": "_J0SE_",
      "Points": 9,
      "Wins": 0,
      "Losses": 0,
      "Draws": 0,
      "OMWP": 0.5556,
      "GWP": 0.5333,
      "OGWP": 0.5286
    },
    {
      "Rank": 17,
      "Player": "deleon91",
      "Points": 9,
      "Wins": 0,
      "Losses": 0,
      "Draws": 0,
      "OMWP": 0.5832999999999999,
      "GWP": 0.4667,
      "OGWP": 0.5626
    },
    {
      "Rank": 16,
      "Player": "LuffyDoChapeuDePalha",
      "Points": 9,
      "Wins": 0,
      "Losses": 0,
      "Draws": 0,
      "OMWP": 0.5832999999999999,
      "GWP": 0.5294,
      "OGWP": 0.5539000000000001
    },
    {
      "Rank": 15,
      "Player": "kytk321",
      "Points": 9,
      "Wins": 0,
      "Losses": 0,
      "Draws": 0,
      "OMWP": 0.6111,
      "GWP": 0.5625,
      "OGWP": 0.542
    },
    {
      "Rank": 14,
      "Player": "wcl",
      "Points": 12,
      "Wins": 0,
      "Losses": 0,
      "Draws": 0,
      "OMWP": 0.4722,
      "GWP": 0.625,
      "OGWP": 0.4653
    },
    {
      "Rank": 13,
      "Player": "Arianne",
      "Points": 12,
      "Wins": 0,
      "Losses": 0,
      "Draws": 0,
      "OMWP": 0.4833,
      "GWP": 0.5882000000000001,
      "OGWP": 0.4888
    },
    {
      "Rank": 12,
      "Player": "_Falcon_",
      "Points": 12,
      "Wins": 0,
      "Losses": 0,
      "Draws": 0,
      "OMWP": 0.5,
      "GWP": 0.6429,
      "OGWP": 0.4556
    },
    {
      "Rank": 11,
      "Player": "Lord_Beerus",
      "Points": 12,
      "Wins": 0,
      "Losses": 0,
      "Draws": 0,
      "OMWP": 0.5389,
      "GWP": 0.6,
      "OGWP": 0.5089
    },
    {
      "Rank": 10,
      "Player": "SoulStrong",
      "Points": 12,
      "Wins": 0,
      "Losses": 0,
      "Draws": 0,
      "OMWP": 0.5556,
      "GWP": 0.5333,
      "OGWP": 0.5634
    },
    {
      "Rank": 9,
      "Player": "Slatorade",
      "Points": 12,
      "Wins": 0,
      "Losses": 0,
      "Draws": 0,
      "OMWP": 0.5556,
      "GWP": 0.5882000000000001,
      "OGWP": 0.5168
    },
    {
      "Rank": 8,
      "Player": "Raydan",
      "Points": 12,
      "Wins": 0,
      "Losses": 0,
      "Draws": 0,
      "OMWP": 0.6111,
      "GWP": 0.5294,
      "OGWP": 0.5859000000000001
    },
    {
      "Rank": 7,
      "Player": "novaschin22",
      "Points": 12,
      "Wins": 0,
      "Losses": 0,
      "Draws": 0,
      "OMWP": 0.6944,
      "GWP": 0.5714,
      "OGWP": 0.629
    },
    {
      "Rank": 6,
      "Player": "musasabi",
      "Points": 12,
      "Wins": 0,
      "Losses": 0,
      "Draws": 0,
      "OMWP": 0.7222,
      "GWP": 0.5625,
      "OGWP": 0.6516
    },
    {
      "Rank": 5,
      "Player": "Shuichi_Saito",
      "Points": 15,
      "Wins": 0,
      "Losses": 0,
      "Draws": 0,
      "OMWP": 0.5278,
      "GWP": 0.7692,
      "OGWP": 0.4939
    },
    {
      "Rank": 4,
      "Player": "O_danielakos",
      "Points": 18,
      "Wins": 0,
      "Losses": 0,
      "Draws": 0,
      "OMWP": 0.6111,
      "GWP": 0.6875,
      "OGWP": 0.5721
    },
    {
      "Rank": 3,
      "Player": "kobayui",
      "Points": 18,
      "Wins": 0,
      "Losses": 0,
      "Draws": 0,
      "OMWP": 0.6389,
      "GWP": 0.7692,
      "OGWP": 0.568
    },
    {
      "Rank": 2,
      "Player": "Arkany1",
      "Points": 21,
      "Wins": 0,
      "Losses": 0,
      "Draws": 0,
      "OMWP": 0.6111,
      "GWP": 0.7857,
      "OGWP": 0.5542
    },
    {
      "Rank": 1,
      "Player": "JoeyNubzy",
      "Points": 24,
      "Wins": 0,
      "Losses": 0,
      "Draws": 0,
      "OMWP": 0.5556,
      "GWP": 0.6667000000000001,
      "OGWP": 0.5164
    }
  ]
}