{
  "Tournament": {
    "Id": 12801659,
    "Date": "2025-07-05T15:00:00",
    "Name": "Standard Challenge 32",
    "Uri": null,
    "JsonFile": null,
    "ForceRedownload": false
  },
  "Decks": null,
  "Rounds": [
    {
      "RoundName": "Round 1",
      "Matches": [
        {
          "Player1": "Mogged",
          "Player2": "IWikittiorI",
          "Result": "2-0-0"
        },
        {
          "Player1": "ovmlcabrera",
          "Player2": "Diem4x",
          "Result": "0-0-0"
        },
        {
          "Player1": "manjyui",
          "Player2": "kthanakit26",
          "Result": "2-0-0"
        },
        {
          "Player1": "Arianne",
          "Player2": "pepeteam",
          "Result": "0-2-0"
        },
        {
          "Player1": "elvin7",
          "Player2": "Jacopogiacomoni",
          "Result": "0-0-0"
        },
        {
          "Player1": "LuffyDoChapeuDePalha",
          "Player2": "DskBayWolf",
          "Result": "2-0-0"
        },
        {
          "Player1": "KillerN",
          "Player2": "toonbleu",
          "Result": "2-0-0"
        },
        {
          "Player1": "paka11",
          "Player2": "Zompatanfo",
          "Result": "0-2-0"
        },
        {
          "Player1": "unagieel",
          "Player2": "elBB",
          "Result": "0-0-0"
        },
        {
          "Player1": "hermanomlg",
          "Player2": "YaGirlBryn",
          "Result": "2-0-0"
        },
        {
          "Player1": "digdude13",
          "Player2": "wcl",
          "Result": "0-2-0"
        },
        {
          "Player1": "SoulStrong",
          "Player2": "_Me",
          "Result": "0-2-0"
        },
        {
          "Player1": "Venom1",
          "Player2": "Thief_Of_Crowns",
          "Result": "0-0-0"
        },
        {
          "Player1": "magical-yo-kun",
          "Player2": "Caleb_Yetman",
          "Result": "0-2-0"
        },
        {
          "Player1": "Masterbrewer",
          "Player2": "VitorCarvalho01",
          "Result": "0-2-0"
        },
        {
          "Player1": "J_tekt",
          "Player2": "Joeyburnout420",
          "Result": "2-0-0"
        },
        {
          "Player1": "wara",
          "Player2": "DookieTrouserMD",
          "Result": "0-2-0"
        },
        {
          "Player1": "krazymunkyman",
          "Player2": "etoustar",
          "Result": "2-0-0"
        },
        {
          "Player1": "coco7721",
          "Player2": "TGB12",
          "Result": "0-2-0"
        },
        {
          "Player1": "Terminus0",
          "Player2": "BitterBozzom",
          "Result": "0-0-0"
        },
        {
          "Player1": "amaransneak",
          "Player2": "Arkany1",
          "Result": "0-0-0"
        },
        {
          "Player1": "deleon91",
          "Player2": "Pumdaddy6",
          "Result": "0-2-0"
        }
      ]
    },
    {
      "RoundName": "Round 2",
      "Matches": [
        {
          "Player1": "toonbleu",
          "Player2": "YaGirlBryn",
          "Result": "0-0-0"
        },
        {
          "Player1": "Joeyburnout420",
          "Player2": "amaransneak",
          "Result": "2-0-0"
        },
        {
          "Player1": "VitorCarvalho01",
          "Player2": "_Me",
          "Result": "0-0-0"
        },
        {
          "Player1": "coco7721",
          "Player2": "wara",
          "Result": "2-0-0"
        },
        {
          "Player1": "Terminus0",
          "Player2": "IWikittiorI",
          "Result": "0-2-0"
        },
        {
          "Player1": "krazymunkyman",
          "Player2": "Zompatanfo",
          "Result": "0-2-0"
        },
        {
          "Player1": "Diem4x",
          "Player2": "pepeteam",
          "Result": "0-2-0"
        },
        {
          "Player1": "Arkany1",
          "Player2": "Thief_Of_Crowns",
          "Result": "2-0-0"
        },
        {
          "Player1": "ovmlcabrera",
          "Player2": "SoulStrong",
          "Result": "2-0-0"
        },
        {
          "Player1": "LuffyDoChapeuDePalha",
          "Player2": "BitterBozzom",
          "Result": "0-2-0"
        },
        {
          "Player1": "J_tekt",
          "Player2": "hermanomlg",
          "Result": "0-2-0"
        },
        {
          "Player1": "elBB",
          "Player2": "DookieTrouserMD",
          "Result": "1-2-0"
        },
        {
          "Player1": "paka11",
          "Player2": "deleon91",
          "Result": "0-2-0"
        },
        {
          "Player1": "Venom1",
          "Player2": "Jacopogiacomoni",
          "Result": "2-0-0"
        },
        {
          "Player1": "KillerN",
          "Player2": "TGB12",
          "Result": "2-0-0"
        },
        {
          "Player1": "Caleb_Yetman",
          "Player2": "wcl",
          "Result": "0-2-0"
        },
        {
          "Player1": "etoustar",
          "Player2": "DskBayWolf",
          "Result": "0-2-0"
        },
        {
          "Player1": "elvin7",
          "Player2": "Mogged",
          "Result": "0-2-0"
        },
        {
          "Player1": "manjyui",
          "Player2": "Pumdaddy6",
          "Result": "2-0-0"
        },
        {
          "Player1": "Arianne",
          "Player2": "kthanakit26",
          "Result": "0-2-0"
        },
        {
          "Player1": "magical-yo-kun",
          "Player2": "Masterbrewer",
          "Result": "0-2-0"
        },
        {
          "Player1": "digdude13",
          "Player2": "unagieel",
          "Result": "2-0-0"
        }
      ]
    },
    {
      "RoundName": "Round 3",
      "Matches": [
        {
          "Player1": "pepeteam",
          "Player2": "wcl",
          "Result": "2-0-0"
        },
        {
          "Player1": "KillerN",
          "Player2": "Diem4x",
          "Result": "0-2-0"
        },
        {
          "Player1": "Mogged",
          "Player2": "hermanomlg",
          "Result": "2-0-0"
        },
        {
          "Player1": "ovmlcabrera",
          "Player2": "TGB12",
          "Result": "2-0-0"
        },
        {
          "Player1": "krazymunkyman",
          "Player2": "Venom1",
          "Result": "0-0-0"
        },
        {
          "Player1": "manjyui",
          "Player2": "BitterBozzom",
          "Result": "0-2-0"
        },
        {
          "Player1": "coco7721",
          "Player2": "Joeyburnout420",
          "Result": "2-0-0"
        },
        {
          "Player1": "digdude13",
          "Player2": "IWikittiorI",
          "Result": "0-2-0"
        },
        {
          "Player1": "paka11",
          "Player2": "YaGirlBryn",
          "Result": "2-0-0"
        },
        {
          "Player1": "elvin7",
          "Player2": "deleon91",
          "Result": "2-0-0"
        },
        {
          "Player1": "Jacopogiacomoni",
          "Player2": "amaransneak",
          "Result": "2-0-0"
        },
        {
          "Player1": "wara",
          "Player2": "Masterbrewer",
          "Result": "2-0-0"
        },
        {
          "Player1": "DskBayWolf",
          "Player2": "_Me",
          "Result": "2-0-0"
        },
        {
          "Player1": "kthanakit26",
          "Player2": "toonbleu",
          "Result": "2-0-0"
        },
        {
          "Player1": "Arianne",
          "Player2": "magical-yo-kun",
          "Result": "0-2-0"
        },
        {
          "Player1": "J_tekt",
          "Player2": "Pumdaddy6",
          "Result": "2-0-0"
        },
        {
          "Player1": "Arkany1",
          "Player2": "VitorCarvalho01",
          "Result": "0-2-0"
        },
        {
          "Player1": "Zompatanfo",
          "Player2": "DookieTrouserMD",
          "Result": "0-2-0"
        },
        {
          "Player1": "LuffyDoChapeuDePalha",
          "Player2": "elBB",
          "Result": "0-2-0"
        },
        {
          "Player1": "Caleb_Yetman",
          "Player2": "Thief_Of_Crowns",
          "Result": "2-0-0"
        }
      ]
    },
    {
      "RoundName": "Round 4",
      "Matches": [
        {
          "Player1": "LuffyDoChapeuDePalha",
          "Player2": "wara",
          "Result": "0-2-0"
        },
        {
          "Player1": "elvin7",
          "Player2": "elBB",
          "Result": "0-2-0"
        },
        {
          "Player1": "KillerN",
          "Player2": "wcl",
          "Result": "0-2-0"
        },
        {
          "Player1": "Venom1",
          "Player2": "Caleb_Yetman",
          "Result": "0-2-0"
        },
        {
          "Player1": "Arianne",
          "Player2": "YaGirlBryn",
          "Result": "2-0-0"
        },
        {
          "Player1": "Mogged",
          "Player2": "DookieTrouserMD",
          "Result": "2-0-0"
        },
        {
          "Player1": "magical-yo-kun",
          "Player2": "_Me",
          "Result": "1-2-0"
        },
        {
          "Player1": "krazymunkyman",
          "Player2": "paka11",
          "Result": "2-0-0"
        },
        {
          "Player1": "coco7721",
          "Player2": "kthanakit26",
          "Result": "0-2-0"
        },
        {
          "Player1": "Jacopogiacomoni",
          "Player2": "deleon91",
          "Result": "0-2-0"
        },
        {
          "Player1": "hermanomlg",
          "Player2": "Zompatanfo",
          "Result": "2-0-0"
        },
        {
          "Player1": "Diem4x",
          "Player2": "manjyui",
          "Result": "2-0-0"
        },
        {
          "Player1": "pepeteam",
          "Player2": "VitorCarvalho01",
          "Result": "2-0-0"
        },
        {
          "Player1": "digdude13",
          "Player2": "Masterbrewer",
          "Result": "2-0-0"
        },
        {
          "Player1": "ovmlcabrera",
          "Player2": "Arkany1",
          "Result": "2-0-0"
        },
        {
          "Player1": "IWikittiorI",
          "Player2": "DskBayWolf",
          "Result": "0-2-0"
        },
        {
          "Player1": "J_tekt",
          "Player2": "BitterBozzom",
          "Result": "2-0-0"
        }
      ]
    },
    {
      "RoundName": "Round 5",
      "Matches": [
        {
          "Player1": "digdude13",
          "Player2": "deleon91",
          "Result": "2-0-0"
        },
        {
          "Player1": "krazymunkyman",
          "Player2": "wara",
          "Result": "0-2-0"
        },
        {
          "Player1": "kthanakit26",
          "Player2": "DskBayWolf",
          "Result": "0-2-0"
        },
        {
          "Player1": "Caleb_Yetman",
          "Player2": "elBB",
          "Result": "2-0-0"
        },
        {
          "Player1": "magical-yo-kun",
          "Player2": "IWikittiorI",
          "Result": "0-2-0"
        },
        {
          "Player1": "Arianne",
          "Player2": "Masterbrewer",
          "Result": "0-2-0"
        },
        {
          "Player1": "Mogged",
          "Player2": "pepeteam",
          "Result": "0-2-0"
        },
        {
          "Player1": "Zompatanfo",
          "Player2": "_Me",
          "Result": "0-2-0"
        },
        {
          "Player1": "Venom1",
          "Player2": "manjyui",
          "Result": "2-0-0"
        },
        {
          "Player1": "Diem4x",
          "Player2": "VitorCarvalho01",
          "Result": "2-0-0"
        },
        {
          "Player1": "J_tekt",
          "Player2": "DookieTrouserMD",
          "Result": "0-2-0"
        },
        {
          "Player1": "wcl",
          "Player2": "BitterBozzom",
          "Result": "0-2-0"
        },
        {
          "Player1": "LuffyDoChapeuDePalha",
          "Player2": "YaGirlBryn",
          "Result": "2-0-0"
        },
        {
          "Player1": "elvin7",
          "Player2": "Arkany1",
          "Result": "0-2-0"
        },
        {
          "Player1": "ovmlcabrera",
          "Player2": "hermanomlg",
          "Result": "0-2-0"
        }
      ]
    },
    {
      "RoundName": "Round 6",
      "Matches": [
        {
          "Player1": "Diem4x",
          "Player2": "hermanomlg",
          "Result": "0-2-0"
        },
        {
          "Player1": "Mogged",
          "Player2": "Caleb_Yetman",
          "Result": "2-0-0"
        },
        {
          "Player1": "elBB",
          "Player2": "_Me",
          "Result": "2-0-0"
        },
        {
          "Player1": "Arianne",
          "Player2": "Zompatanfo",
          "Result": "0-0-0"
        },
        {
          "Player1": "ovmlcabrera",
          "Player2": "wara",
          "Result": "0-2-0"
        },
        {
          "Player1": "magical-yo-kun",
          "Player2": "YaGirlBryn",
          "Result": "2-0-0"
        },
        {
          "Player1": "Venom1",
          "Player2": "wcl",
          "Result": "0-2-0"
        },
        {
          "Player1": "digdude13",
          "Player2": "VitorCarvalho01",
          "Result": "2-0-0"
        },
        {
          "Player1": "elvin7",
          "Player2": "Masterbrewer",
          "Result": "2-0-0"
        },
        {
          "Player1": "manjyui",
          "Player2": "LuffyDoChapeuDePalha",
          "Result": "2-0-0"
        },
        {
          "Player1": "J_tekt",
          "Player2": "kthanakit26",
          "Result": "2-0-0"
        },
        {
          "Player1": "pepeteam",
          "Player2": "DookieTrouserMD",
          "Result": "0-2-0"
        },
        {
          "Player1": "Arkany1",
          "Player2": "IWikittiorI",
          "Result": "0-2-0"
        },
        {
          "Player1": "DskBayWolf",
          "Player2": "BitterBozzom",
          "Result": "2-0-0"
        }
      ]
    },
    {
      "RoundName": "Round 7",
      "Matches": [
        {
          "Player1": "pepeteam",
          "Player2": "wcl",
          "Result": "2-0-0"
        },
        {
          "Player1": "hermanomlg",
          "Player2": "DskBayWolf",
          "Result": "2-0-0"
        },
        {
          "Player1": "J_tekt",
          "Player2": "Mogged",
          "Result": "0-2-0"
        },
        {
          "Player1": "Diem4x",
          "Player2": "DookieTrouserMD",
          "Result": "0-2-0"
        }
      ]
    },
    {
      "RoundName": "Round 8",
      "Matches": [
        {
          "Player1": "pepeteam",
          "Player2": "DookieTrouserMD",
          "Result": "0-0-0"
        },
        {
          "Player1": "Mogged",
          "Player2": "hermanomlg",
          "Result": "2-0-0"
        }
      ]
    },
    {
      "RoundName": "Round 9",
      "Matches": [
        {
          "Player1": "Mogged",
          "Player2": "pepeteam",
          "Result": "2-0-0"
        }
      ]
    }
  ],
  "Standings": [
    {
      "Rank": 44,
      "Player": "amaransneak",
      "Points": 0,
      "Wins": 0,
      "Losses": 0,
      "Draws": 0,
      "OMWP": 0.3889,
      "GWP": 0.3333,
      "OGWP": 0.3917
    },
    {
      "Rank": 43,
      "Player": "YaGirlBryn",
      "Points": 0,
      "Wins": 0,
      "Losses": 0,
      "Draws": 0,
      "OMWP": 0.4167,
      "GWP": 0,
      "OGWP": 0.4364
    },
    {
      "Rank": 42,
      "Player": "SoulStrong",
      "Points": 0,
      "Wins": 0,
      "Losses": 0,
      "Draws": 0,
      "OMWP": 0.5,
      "GWP": 0.3333,
      "OGWP": 0.4854
    },
    {
      "Rank": 41,
      "Player": "etoustar",
      "Points": 0,
      "Wins": 0,
      "Losses": 0,
      "Draws": 0,
      "OMWP": 0.6167,
      "GWP": 0,
      "OGWP": 0.5152
    },
    {
      "Rank": 40,
      "Player": "Terminus0",
      "Points": 0,
      "Wins": 0,
      "Losses": 0,
      "Draws": 0,
      "OMWP": 0.6667000000000001,
      "GWP": 0.2,
      "OGWP": 0.6027
    },
    {
      "Rank": 39,
      "Player": "unagieel",
      "Points": 0,
      "Wins": 0,
      "Losses": 0,
      "Draws": 0,
      "OMWP": 0.6667000000000001,
      "GWP": 0.2,
      "OGWP": 0.6333
    },
    {
      "Rank": 38,
      "Player": "paka11",
      "Points": 3,
      "Wins": 0,
      "Losses": 0,
      "Draws": 0,
      "OMWP": 0.4083,
      "GWP": 0.3333,
      "OGWP": 0.4242
    },
    {
      "Rank": 37,
      "Player": "Jacopogiacomoni",
      "Points": 3,
      "Wins": 0,
      "Losses": 0,
      "Draws": 0,
      "OMWP": 0.43329999999999996,
      "GWP": 0.3,
      "OGWP": 0.45539999999999997
    },
    {
      "Rank": 36,
      "Player": "toonbleu",
      "Points": 3,
      "Wins": 0,
      "Losses": 0,
      "Draws": 0,
      "OMWP": 0.44439999999999996,
      "GWP": 0.5,
      "OGWP": 0.4
    },
    {
      "Rank": 35,
      "Player": "Arianne",
      "Points": 3,
      "Wins": 0,
      "Losses": 0,
      "Draws": 0,
      "OMWP": 0.4722,
      "GWP": 0.3333,
      "OGWP": 0.46990000000000004
    },
    {
      "Rank": 34,
      "Player": "TGB12",
      "Points": 3,
      "Wins": 0,
      "Losses": 0,
      "Draws": 0,
      "OMWP": 0.5,
      "GWP": 0.375,
      "OGWP": 0.4929
    },
    {
      "Rank": 33,
      "Player": "Joeyburnout420",
      "Points": 3,
      "Wins": 0,
      "Losses": 0,
      "Draws": 0,
      "OMWP": 0.5,
      "GWP": 0.375,
      "OGWP": 0.5072
    },
    {
      "Rank": 32,
      "Player": "Pumdaddy6",
      "Points": 3,
      "Wins": 0,
      "Losses": 0,
      "Draws": 0,
      "OMWP": 0.5222,
      "GWP": 0.3333,
      "OGWP": 0.5587
    },
    {
      "Rank": 31,
      "Player": "Thief_Of_Crowns",
      "Points": 3,
      "Wins": 0,
      "Losses": 0,
      "Draws": 0,
      "OMWP": 0.5556,
      "GWP": 0.375,
      "OGWP": 0.5097
    },
    {
      "Rank": 30,
      "Player": "deleon91",
      "Points": 6,
      "Wins": 0,
      "Losses": 0,
      "Draws": 0,
      "OMWP": 0.43329999999999996,
      "GWP": 0.5,
      "OGWP": 0.42
    },
    {
      "Rank": 29,
      "Player": "coco7721",
      "Points": 6,
      "Wins": 0,
      "Losses": 0,
      "Draws": 0,
      "OMWP": 0.4667,
      "GWP": 0.5455,
      "OGWP": 0.4764
    },
    {
      "Rank": 28,
      "Player": "krazymunkyman",
      "Points": 6,
      "Wins": 0,
      "Losses": 0,
      "Draws": 0,
      "OMWP": 0.4667,
      "GWP": 0.3636,
      "OGWP": 0.47490000000000004
    },
    {
      "Rank": 27,
      "Player": "magical-yo-kun",
      "Points": 6,
      "Wins": 0,
      "Losses": 0,
      "Draws": 0,
      "OMWP": 0.4722,
      "GWP": 0.4706,
      "OGWP": 0.42710000000000004
    },
    {
      "Rank": 26,
      "Player": "Masterbrewer",
      "Points": 6,
      "Wins": 0,
      "Losses": 0,
      "Draws": 0,
      "OMWP": 0.49329999999999996,
      "GWP": 0.3077,
      "OGWP": 0.5279
    },
    {
      "Rank": 25,
      "Player": "KillerN",
      "Points": 6,
      "Wins": 0,
      "Losses": 0,
      "Draws": 0,
      "OMWP": 0.5,
      "GWP": 0.4,
      "OGWP": 0.5368999999999999
    },
    {
      "Rank": 24,
      "Player": "LuffyDoChapeuDePalha",
      "Points": 6,
      "Wins": 0,
      "Losses": 0,
      "Draws": 0,
      "OMWP": 0.6111,
      "GWP": 0.3846,
      "OGWP": 0.5958
    },
    {
      "Rank": 23,
      "Player": "Arkany1",
      "Points": 9,
      "Wins": 0,
      "Losses": 0,
      "Draws": 0,
      "OMWP": 0.4722,
      "GWP": 0.4667,
      "OGWP": 0.4753
    },
    {
      "Rank": 22,
      "Player": "Venom1",
      "Points": 9,
      "Wins": 0,
      "Losses": 0,
      "Draws": 0,
      "OMWP": 0.4833,
      "GWP": 0.5,
      "OGWP": 0.46549999999999997
    },
    {
      "Rank": 21,
      "Player": "manjyui",
      "Points": 9,
      "Wins": 0,
      "Losses": 0,
      "Draws": 0,
      "OMWP": 0.5,
      "GWP": 0.5333,
      "OGWP": 0.4921
    },
    {
      "Rank": 20,
      "Player": "elvin7",
      "Points": 9,
      "Wins": 0,
      "Losses": 0,
      "Draws": 0,
      "OMWP": 0.5111,
      "GWP": 0.5,
      "OGWP": 0.5024000000000001
    },
    {
      "Rank": 19,
      "Player": "_Me",
      "Points": 9,
      "Wins": 0,
      "Losses": 0,
      "Draws": 0,
      "OMWP": 0.5278,
      "GWP": 0.4375,
      "OGWP": 0.5403
    },
    {
      "Rank": 18,
      "Player": "kthanakit26",
      "Points": 9,
      "Wins": 0,
      "Losses": 0,
      "Draws": 0,
      "OMWP": 0.5278,
      "GWP": 0.4667,
      "OGWP": 0.5368999999999999
    },
    {
      "Rank": 17,
      "Player": "Zompatanfo",
      "Points": 9,
      "Wins": 0,
      "Losses": 0,
      "Draws": 0,
      "OMWP": 0.5389,
      "GWP": 0.5333,
      "OGWP": 0.47700000000000004
    },
    {
      "Rank": 16,
      "Player": "ovmlcabrera",
      "Points": 9,
      "Wins": 0,
      "Losses": 0,
      "Draws": 0,
      "OMWP": 0.5556,
      "GWP": 0.5333,
      "OGWP": 0.5196000000000001
    },
    {
      "Rank": 15,
      "Player": "VitorCarvalho01",
      "Points": 9,
      "Wins": 0,
      "Losses": 0,
      "Draws": 0,
      "OMWP": 0.5832999999999999,
      "GWP": 0.5714,
      "OGWP": 0.5146000000000001
    },
    {
      "Rank": 14,
      "Player": "digdude13",
      "Points": 12,
      "Wins": 0,
      "Losses": 0,
      "Draws": 0,
      "OMWP": 0.4833,
      "GWP": 0.6,
      "OGWP": 0.4876
    },
    {
      "Rank": 13,
      "Player": "wara",
      "Points": 12,
      "Wins": 0,
      "Losses": 0,
      "Draws": 0,
      "OMWP": 0.4833,
      "GWP": 0.6923,
      "OGWP": 0.48
    },
    {
      "Rank": 12,
      "Player": "elBB",
      "Points": 12,
      "Wins": 0,
      "Losses": 0,
      "Draws": 0,
      "OMWP": 0.5278,
      "GWP": 0.6667000000000001,
      "OGWP": 0.504
    },
    {
      "Rank": 11,
      "Player": "Caleb_Yetman",
      "Points": 12,
      "Wins": 0,
      "Losses": 0,
      "Draws": 0,
      "OMWP": 0.5556,
      "GWP": 0.5625,
      "OGWP": 0.5586
    },
    {
      "Rank": 10,
      "Player": "BitterBozzom",
      "Points": 12,
      "Wins": 0,
      "Losses": 0,
      "Draws": 0,
      "OMWP": 0.5556,
      "GWP": 0.6429,
      "OGWP": 0.531
    },
    {
      "Rank": 9,
      "Player": "IWikittiorI",
      "Points": 12,
      "Wins": 0,
      "Losses": 0,
      "Draws": 0,
      "OMWP": 0.5733,
      "GWP": 0.5625,
      "OGWP": 0.5418999999999999
    },
    {
      "Rank": 8,
      "Player": "J_tekt",
      "Points": 12,
      "Wins": 0,
      "Losses": 0,
      "Draws": 0,
      "OMWP": 0.5832999999999999,
      "GWP": 0.6429,
      "OGWP": 0.5353
    },
    {
      "Rank": 7,
      "Player": "Diem4x",
      "Points": 12,
      "Wins": 0,
      "Losses": 0,
      "Draws": 0,
      "OMWP": 0.62,
      "GWP": 0.625,
      "OGWP": 0.5479999999999999
    },
    {
      "Rank": 6,
      "Player": "wcl",
      "Points": 12,
      "Wins": 0,
      "Losses": 0,
      "Draws": 0,
      "OMWP": 0.6389,
      "GWP": 0.625,
      "OGWP": 0.5550999999999999
    },
    {
      "Rank": 5,
      "Player": "DskBayWolf",
      "Points": 15,
      "Wins": 0,
      "Losses": 0,
      "Draws": 0,
      "OMWP": 0.5067,
      "GWP": 0.6667000000000001,
      "OGWP": 0.4621
    },
    {
      "Rank": 4,
      "Player": "hermanomlg",
      "Points": 18,
      "Wins": 0,
      "Losses": 0,
      "Draws": 0,
      "OMWP": 0.5832999999999999,
      "GWP": 0.6154,
      "OGWP": 0.5637
    },
    {
      "Rank": 3,
      "Player": "DookieTrouserMD",
      "Points": 18,
      "Wins": 0,
      "Losses": 0,
      "Draws": 0,
      "OMWP": 0.6944,
      "GWP": 0.7692,
      "OGWP": 0.6456999999999999
    },
    {
      "Rank": 2,
      "Player": "pepeteam",
      "Points": 21,
      "Wins": 0,
      "Losses": 0,
      "Draws": 0,
      "OMWP": 0.6389,
      "GWP": 0.625,
      "OGWP": 0.6064
    },
    {
      "Rank": 1,
      "Player": "Mogged",
      "Points": 24,
      "Wins": 0,
      "Losses": 0,
      "Draws": 0,
      "OMWP": 0.72,
      "GWP": 0.7143,
      "OGWP": 0.6024
    }
  ]
}