{
  "Tournament": {
    "Id": 12801654,
    "Date": "2025-07-05T04:00:00",
    "Name": "Standard Challenge 32",
    "Uri": null,
    "JsonFile": null,
    "ForceRedownload": false
  },
  "Decks": null,
  "Rounds": [
    {
      "RoundName": "Round 1",
      "Matches": [
        {
          "Player1": "fireshoes",
          "Player2": "Venom1",
          "Result": "0-2-0"
        },
        {
          "Player1": "novaschin22",
          "Player2": "BirdFlew",
          "Result": "2-0-0"
        },
        {
          "Player1": "wara",
          "Player2": "Cachorrowo",
          "Result": "2-0-0"
        },
        {
          "Player1": "_Batutinha_",
          "Player2": "TwitchAwP",
          "Result": "2-0-0"
        },
        {
          "Player1": "kcomedina",
          "Player2": "xfile",
          "Result": "2-0-0"
        },
        {
          "Player1": "hockeybro26",
          "Player2": "YaGirlBryn",
          "Result": "0-2-0"
        },
        {
          "Player1": "Capriccioso",
          "Player2": "GzusReturned",
          "Result": "2-0-0"
        },
        {
          "Player1": "manjyui",
          "Player2": "boiler",
          "Result": "2-0-0"
        },
        {
          "Player1": "SoIMBAGallade",
          "Player2": "Okayasu",
          "Result": "0-2-0"
        },
        {
          "Player1": "deleon91",
          "Player2": "mrtoolshed",
          "Result": "2-0-0"
        },
        {
          "Player1": "Owl1013",
          "Player2": "ice_nine_BIGFAN",
          "Result": "2-0-0"
        },
        {
          "Player1": "wcl",
          "Player2": "Kratoast9000",
          "Result": "2-0-0"
        },
        {
          "Player1": "Allies4ever",
          "Player2": "jakobpablo",
          "Result": "0-2-0"
        },
        {
          "Player1": "AFX",
          "Player2": "kasa",
          "Result": "0-2-0"
        },
        {
          "Player1": "LucasG1ggs",
          "Player2": "Lord_Beerus",
          "Result": "2-0-0"
        },
        {
          "Player1": "unagieel",
          "Player2": "SoulStrong",
          "Result": "0-2-0"
        }
      ]
    },
    {
      "RoundName": "Round 2",
      "Matches": [
        {
          "Player1": "boiler",
          "Player2": "Cachorrowo",
          "Result": "0-2-0"
        },
        {
          "Player1": "Lord_Beerus",
          "Player2": "ice_nine_BIGFAN",
          "Result": "2-0-0"
        },
        {
          "Player1": "_Batutinha_",
          "Player2": "Owl1013",
          "Result": "2-0-0"
        },
        {
          "Player1": "Allies4ever",
          "Player2": "mrtoolshed",
          "Result": "0-0-0"
        },
        {
          "Player1": "SoulStrong",
          "Player2": "kasa",
          "Result": "2-0-0"
        },
        {
          "Player1": "fireshoes",
          "Player2": "AFX",
          "Result": "2-0-0"
        },
        {
          "Player1": "Venom1",
          "Player2": "manjyui",
          "Result": "0-2-0"
        },
        {
          "Player1": "deleon91",
          "Player2": "wcl",
          "Result": "2-0-0"
        },
        {
          "Player1": "LucasG1ggs",
          "Player2": "novaschin22",
          "Result": "2-0-0"
        },
        {
          "Player1": "GzusReturned",
          "Player2": "BirdFlew",
          "Result": "2-0-0"
        },
        {
          "Player1": "wara",
          "Player2": "jakobpablo",
          "Result": "0-2-0"
        },
        {
          "Player1": "Okayasu",
          "Player2": "YaGirlBryn",
          "Result": "2-0-0"
        },
        {
          "Player1": "Capriccioso",
          "Player2": "kcomedina",
          "Result": "2-0-0"
        },
        {
          "Player1": "TwitchAwP",
          "Player2": "Kratoast9000",
          "Result": "0-2-0"
        },
        {
          "Player1": "unagieel",
          "Player2": "xfile",
          "Result": "0-2-0"
        }
      ]
    },
    {
      "RoundName": "Round 3",
      "Matches": [
        {
          "Player1": "Capriccioso",
          "Player2": "jakobpablo",
          "Result": "2-0-0"
        },
        {
          "Player1": "kasa",
          "Player2": "GzusReturned",
          "Result": "2-0-0"
        },
        {
          "Player1": "_Batutinha_",
          "Player2": "deleon91",
          "Result": "0-2-0"
        },
        {
          "Player1": "AFX",
          "Player2": "ice_nine_BIGFAN",
          "Result": "2-0-0"
        },
        {
          "Player1": "LucasG1ggs",
          "Player2": "manjyui",
          "Result": "2-0-0"
        },
        {
          "Player1": "xfile",
          "Player2": "Cachorrowo",
          "Result": "0-2-0"
        },
        {
          "Player1": "wara",
          "Player2": "novaschin22",
          "Result": "0-2-0"
        },
        {
          "Player1": "SoulStrong",
          "Player2": "Okayasu",
          "Result": "0-2-0"
        },
        {
          "Player1": "fireshoes",
          "Player2": "YaGirlBryn",
          "Result": "2-0-0"
        },
        {
          "Player1": "SoIMBAGallade",
          "Player2": "Owl1013",
          "Result": "2-0-0"
        },
        {
          "Player1": "Lord_Beerus",
          "Player2": "wcl",
          "Result": "0-0-0"
        },
        {
          "Player1": "kcomedina",
          "Player2": "Venom1",
          "Result": "0-2-0"
        },
        {
          "Player1": "boiler",
          "Player2": "BirdFlew",
          "Result": "0-2-0"
        },
        {
          "Player1": "Allies4ever",
          "Player2": "Kratoast9000",
          "Result": "2-0-0"
        }
      ]
    },
    {
      "RoundName": "Round 4",
      "Matches": [
        {
          "Player1": "kcomedina",
          "Player2": "wcl",
          "Result": "0-2-0"
        },
        {
          "Player1": "Capriccioso",
          "Player2": "LucasG1ggs",
          "Result": "0-2-0"
        },
        {
          "Player1": "_Batutinha_",
          "Player2": "kasa",
          "Result": "0-2-0"
        },
        {
          "Player1": "novaschin22",
          "Player2": "jakobpablo",
          "Result": "2-0-0"
        },
        {
          "Player1": "Owl1013",
          "Player2": "BirdFlew",
          "Result": "2-0-0"
        },
        {
          "Player1": "ice_nine_BIGFAN",
          "Player2": "YaGirlBryn",
          "Result": "0-2-0"
        },
        {
          "Player1": "xfile",
          "Player2": "wara",
          "Result": "0-2-0"
        },
        {
          "Player1": "AFX",
          "Player2": "GzusReturned",
          "Result": "0-2-0"
        },
        {
          "Player1": "fireshoes",
          "Player2": "SoulStrong",
          "Result": "0-2-0"
        },
        {
          "Player1": "deleon91",
          "Player2": "Okayasu",
          "Result": "2-0-0"
        },
        {
          "Player1": "manjyui",
          "Player2": "Cachorrowo",
          "Result": "0-2-0"
        },
        {
          "Player1": "SoIMBAGallade",
          "Player2": "Allies4ever",
          "Result": "2-0-0"
        },
        {
          "Player1": "Venom1",
          "Player2": "Lord_Beerus",
          "Result": "2-0-0"
        }
      ]
    },
    {
      "RoundName": "Round 5",
      "Matches": [
        {
          "Player1": "manjyui",
          "Player2": "GzusReturned",
          "Result": "0-2-0"
        },
        {
          "Player1": "Capriccioso",
          "Player2": "SoulStrong",
          "Result": "2-0-0"
        },
        {
          "Player1": "AFX",
          "Player2": "BirdFlew",
          "Result": "0-2-0"
        },
        {
          "Player1": "Lord_Beerus",
          "Player2": "wara",
          "Result": "2-0-0"
        },
        {
          "Player1": "_Batutinha_",
          "Player2": "wcl",
          "Result": "0-2-0"
        },
        {
          "Player1": "SoIMBAGallade",
          "Player2": "novaschin22",
          "Result": "0-0-0"
        },
        {
          "Player1": "Cachorrowo",
          "Player2": "Okayasu",
          "Result": "0-2-0"
        },
        {
          "Player1": "Venom1",
          "Player2": "kasa",
          "Result": "2-0-0"
        },
        {
          "Player1": "fireshoes",
          "Player2": "Owl1013",
          "Result": "0-0-0"
        },
        {
          "Player1": "kcomedina",
          "Player2": "jakobpablo",
          "Result": "0-2-0"
        },
        {
          "Player1": "deleon91",
          "Player2": "LucasG1ggs",
          "Result": "0-2-0"
        },
        {
          "Player1": "Allies4ever",
          "Player2": "YaGirlBryn",
          "Result": "1-2-0"
        }
      ]
    },
    {
      "RoundName": "Round 6",
      "Matches": [
        {
          "Player1": "Venom1",
          "Player2": "deleon91",
          "Result": "0-0-0"
        },
        {
          "Player1": "LucasG1ggs",
          "Player2": "Lord_Beerus",
          "Result": "2-0-0"
        },
        {
          "Player1": "Okayasu",
          "Player2": "novaschin22",
          "Result": "0-2-0"
        },
        {
          "Player1": "Capriccioso",
          "Player2": "SoIMBAGallade",
          "Result": "2-0-0"
        }
      ]
    },
    {
      "RoundName": "Round 7",
      "Matches": [
        {
          "Player1": "deleon91",
          "Player2": "novaschin22",
          "Result": "0-0-0"
        },
        {
          "Player1": "Capriccioso",
          "Player2": "LucasG1ggs",
          "Result": "0-0-0"
        }
      ]
    },
    {
      "RoundName": "Round 8",
      "Matches": [
        {
          "Player1": "LucasG1ggs",
          "Player2": "deleon91",
          "Result": "0-0-0"
        }
      ]
    }
  ],
  "Standings": [
    {
      "Rank": 32,
      "Player": "TwitchAwP",
      "Points": 0,
      "Wins": 0,
      "Losses": 0,
      "Draws": 0,
      "OMWP": 0.3667,
      "GWP": 0.2,
      "OGWP": 0.4183
    },
    {
      "Rank": 31,
      "Player": "boiler",
      "Points": 0,
      "Wins": 0,
      "Losses": 0,
      "Draws": 0,
      "OMWP": 0.4667,
      "GWP": 0.1429,
      "OGWP": 0.5235
    },
    {
      "Rank": 30,
      "Player": "unagieel",
      "Points": 0,
      "Wins": 0,
      "Losses": 0,
      "Draws": 0,
      "OMWP": 0.4667,
      "GWP": 0.2,
      "OGWP": 0.43329999999999996
    },
    {
      "Rank": 29,
      "Player": "hockeybro26",
      "Points": 0,
      "Wins": 0,
      "Losses": 0,
      "Draws": 0,
      "OMWP": 0.6,
      "GWP": 0,
      "OGWP": 0.5385
    },
    {
      "Rank": 28,
      "Player": "mrtoolshed",
      "Points": 0,
      "Wins": 0,
      "Losses": 0,
      "Draws": 0,
      "OMWP": 0.6,
      "GWP": 0,
      "OGWP": 0.6442
    },
    {
      "Rank": 27,
      "Player": "xfile",
      "Points": 3,
      "Wins": 0,
      "Losses": 0,
      "Draws": 0,
      "OMWP": 0.4167,
      "GWP": 0.3333,
      "OGWP": 0.4167
    },
    {
      "Rank": 26,
      "Player": "Kratoast9000",
      "Points": 3,
      "Wins": 0,
      "Losses": 0,
      "Draws": 0,
      "OMWP": 0.44439999999999996,
      "GWP": 0.375,
      "OGWP": 0.44439999999999996
    },
    {
      "Rank": 25,
      "Player": "AFX",
      "Points": 3,
      "Wins": 0,
      "Losses": 0,
      "Draws": 0,
      "OMWP": 0.4667,
      "GWP": 0.2727,
      "OGWP": 0.49329999999999996
    },
    {
      "Rank": 24,
      "Player": "ice_nine_BIGFAN",
      "Points": 3,
      "Wins": 0,
      "Losses": 0,
      "Draws": 0,
      "OMWP": 0.5333,
      "GWP": 0.3333,
      "OGWP": 0.4971
    },
    {
      "Rank": 23,
      "Player": "kcomedina",
      "Points": 3,
      "Wins": 0,
      "Losses": 0,
      "Draws": 0,
      "OMWP": 0.6267,
      "GWP": 0.2727,
      "OGWP": 0.5249
    },
    {
      "Rank": 22,
      "Player": "BirdFlew",
      "Points": 6,
      "Wins": 0,
      "Losses": 0,
      "Draws": 0,
      "OMWP": 0.49329999999999996,
      "GWP": 0.4167,
      "OGWP": 0.4733
    },
    {
      "Rank": 21,
      "Player": "Allies4ever",
      "Points": 6,
      "Wins": 0,
      "Losses": 0,
      "Draws": 0,
      "OMWP": 0.5333,
      "GWP": 0.5385,
      "OGWP": 0.4803
    },
    {
      "Rank": 20,
      "Player": "wara",
      "Points": 6,
      "Wins": 0,
      "Losses": 0,
      "Draws": 0,
      "OMWP": 0.5467,
      "GWP": 0.3846,
      "OGWP": 0.5374
    },
    {
      "Rank": 19,
      "Player": "_Batutinha_",
      "Points": 6,
      "Wins": 0,
      "Losses": 0,
      "Draws": 0,
      "OMWP": 0.5867,
      "GWP": 0.46149999999999997,
      "OGWP": 0.5489999999999999
    },
    {
      "Rank": 18,
      "Player": "fireshoes",
      "Points": 6,
      "Wins": 0,
      "Losses": 0,
      "Draws": 0,
      "OMWP": 0.5867,
      "GWP": 0.4667,
      "OGWP": 0.5108
    },
    {
      "Rank": 17,
      "Player": "manjyui",
      "Points": 6,
      "Wins": 0,
      "Losses": 0,
      "Draws": 0,
      "OMWP": 0.6667000000000001,
      "GWP": 0.5385,
      "OGWP": 0.5832999999999999
    },
    {
      "Rank": 16,
      "Player": "YaGirlBryn",
      "Points": 9,
      "Wins": 0,
      "Losses": 0,
      "Draws": 0,
      "OMWP": 0.4533,
      "GWP": 0.5385,
      "OGWP": 0.4677
    },
    {
      "Rank": 15,
      "Player": "Cachorrowo",
      "Points": 9,
      "Wins": 0,
      "Losses": 0,
      "Draws": 0,
      "OMWP": 0.4533,
      "GWP": 0.6154,
      "OGWP": 0.45130000000000003
    },
    {
      "Rank": 14,
      "Player": "Owl1013",
      "Points": 9,
      "Wins": 0,
      "Losses": 0,
      "Draws": 0,
      "OMWP": 0.4667,
      "GWP": 0.5333,
      "OGWP": 0.4523
    },
    {
      "Rank": 13,
      "Player": "wcl",
      "Points": 9,
      "Wins": 0,
      "Losses": 0,
      "Draws": 0,
      "OMWP": 0.49329999999999996,
      "GWP": 0.46149999999999997,
      "OGWP": 0.5006
    },
    {
      "Rank": 12,
      "Player": "jakobpablo",
      "Points": 9,
      "Wins": 0,
      "Losses": 0,
      "Draws": 0,
      "OMWP": 0.5067,
      "GWP": 0.5714,
      "OGWP": 0.4965
    },
    {
      "Rank": 11,
      "Player": "GzusReturned",
      "Points": 9,
      "Wins": 0,
      "Losses": 0,
      "Draws": 0,
      "OMWP": 0.5067,
      "GWP": 0.5832999999999999,
      "OGWP": 0.5196000000000001
    },
    {
      "Rank": 10,
      "Player": "kasa",
      "Points": 9,
      "Wins": 0,
      "Losses": 0,
      "Draws": 0,
      "OMWP": 0.5467,
      "GWP": 0.6667000000000001,
      "OGWP": 0.5054
    },
    {
      "Rank": 9,
      "Player": "SoulStrong",
      "Points": 9,
      "Wins": 0,
      "Losses": 0,
      "Draws": 0,
      "OMWP": 0.5867,
      "GWP": 0.5333,
      "OGWP": 0.5552
    },
    {
      "Rank": 8,
      "Player": "Lord_Beerus",
      "Points": 9,
      "Wins": 0,
      "Losses": 0,
      "Draws": 0,
      "OMWP": 0.6267,
      "GWP": 0.5832999999999999,
      "OGWP": 0.5128
    },
    {
      "Rank": 7,
      "Player": "Venom1",
      "Points": 12,
      "Wins": 0,
      "Losses": 0,
      "Draws": 0,
      "OMWP": 0.4667,
      "GWP": 0.6154,
      "OGWP": 0.5177
    },
    {
      "Rank": 6,
      "Player": "SoIMBAGallade",
      "Points": 12,
      "Wins": 0,
      "Losses": 0,
      "Draws": 0,
      "OMWP": 0.6,
      "GWP": 0.5832999999999999,
      "OGWP": 0.5804
    },
    {
      "Rank": 5,
      "Player": "Okayasu",
      "Points": 12,
      "Wins": 0,
      "Losses": 0,
      "Draws": 0,
      "OMWP": 0.68,
      "GWP": 0.6667000000000001,
      "OGWP": 0.6041
    },
    {
      "Rank": 4,
      "Player": "novaschin22",
      "Points": 12,
      "Wins": 0,
      "Losses": 0,
      "Draws": 0,
      "OMWP": 0.64,
      "GWP": 0.5832999999999999,
      "OGWP": 0.5451
    },
    {
      "Rank": 3,
      "Player": "Capriccioso",
      "Points": 15,
      "Wins": 0,
      "Losses": 0,
      "Draws": 0,
      "OMWP": 0.6267,
      "GWP": 0.6429,
      "OGWP": 0.5581
    },
    {
      "Rank": 2,
      "Player": "deleon91",
      "Points": 18,
      "Wins": 0,
      "Losses": 0,
      "Draws": 0,
      "OMWP": 0.6267,
      "GWP": 0.75,
      "OGWP": 0.5385
    },
    {
      "Rank": 1,
      "Player": "LucasG1ggs",
      "Points": 24,
      "Wins": 0,
      "Losses": 0,
      "Draws": 0,
      "OMWP": 0.64,
      "GWP": 0.7692,
      "OGWP": 0.6196
    }
  ]
}