{
  "Tournament": {
    "Id": 12801662,
    "Date": "2025-07-05T19:00:00",
    "Name": "Vintage Challenge 32",
    "Uri": null,
    "JsonFile": null,
    "ForceRedownload": false
  },
  "Decks": null,
  "Rounds": [
    {
      "RoundName": "Round 1",
      "Matches": [
        {
          "Player1": "BiggestBird",
          "Player2": "HyuugaHeir",
          "Result": "2-0-0"
        },
        {
          "Player1": "RogeDeckWins",
          "Player2": "b4tterskull2",
          "Result": "0-2-0"
        },
        {
          "Player1": "underdog111",
          "Player2": "L4rss0n",
          "Result": "0-2-0"
        },
        {
          "Player1": "albertoSD",
          "Player2": "Miharu_Fuyumiya",
          "Result": "0-2-0"
        },
        {
          "Player1": "Shadowz2005",
          "Player2": "frostyyy_",
          "Result": "0-2-0"
        },
        {
          "Player1": "adamwasmo",
          "Player2": "etoustar",
          "Result": "2-0-0"
        },
        {
          "Player1": "desolutionist",
          "Player2": "Sommertroll",
          "Result": "0-2-0"
        },
        {
          "Player1": "O_danielakos",
          "Player2": "IamActuallyLvL1",
          "Result": "2-0-0"
        },
        {
          "Player1": "TonyScapone",
          "Player2": "RPSbonjwa",
          "Result": "0-2-0"
        },
        {
          "Player1": "i_b_TRUE",
          "Player2": "Terminus0",
          "Result": "0-2-0"
        },
        {
          "Player1": "Raydan",
          "Player2": "VitoCorleone",
          "Result": "2-0-0"
        },
        {
          "Player1": "discoverN",
          "Player2": "missflood",
          "Result": "2-0-0"
        },
        {
          "Player1": "karatedom",
          "Player2": "Magic_Dads71522",
          "Result": "2-0-0"
        },
        {
          "Player1": "unluckymonkey",
          "Player2": "billsive",
          "Result": "0-2-0"
        },
        {
          "Player1": "jewdan",
          "Player2": "tao_bye_bye",
          "Result": "0-2-0"
        },
        {
          "Player1": "FL_LegacyClub",
          "Player2": "Shuichi_Saito",
          "Result": "0-2-0"
        },
        {
          "Player1": "HouseOfManaMTG",
          "Player2": "DethFrmAbove",
          "Result": "2-0-0"
        },
        {
          "Player1": "simmsey",
          "Player2": "Tsubasa_Cat",
          "Result": "0-2-0"
        },
        {
          "Player1": "_Batutinha_",
          "Player2": "Sanchez5272",
          "Result": "2-0-0"
        },
        {
          "Player1": "hermanomlg",
          "Player2": "death_grips",
          "Result": "0-2-0"
        },
        {
          "Player1": "SuperCow12653",
          "Player2": "novaschin22",
          "Result": "0-2-0"
        },
        {
          "Player1": "notmi",
          "Player2": "TheScrubInScrubs",
          "Result": "2-0-0"
        },
        {
          "Player1": "Thiim",
          "Player2": "satu2112",
          "Result": "0-2-0"
        },
        {
          "Player1": "ReprintDarkRitual",
          "Player2": "pirol94",
          "Result": "0-2-0"
        },
        {
          "Player1": "oosunq",
          "Player2": "Caleb_Yetman",
          "Result": "2-0-0"
        },
        {
          "Player1": "CADYstrophic",
          "Player2": "Erik157751",
          "Result": "0-2-0"
        },
        {
          "Player1": "Aigis",
          "Player2": "NathanOfTheGiltLeaf",
          "Result": "0-2-0"
        }
      ]
    },
    {
      "RoundName": "Round 2",
      "Matches": [
        {
          "Player1": "underdog111",
          "Player2": "Aigis",
          "Result": "2-0-0"
        },
        {
          "Player1": "ReprintDarkRitual",
          "Player2": "DethFrmAbove",
          "Result": "2-0-0"
        },
        {
          "Player1": "satu2112",
          "Player2": "Erik157751",
          "Result": "2-0-0"
        },
        {
          "Player1": "IamActuallyLvL1",
          "Player2": "TonyScapone",
          "Result": "0-2-0"
        },
        {
          "Player1": "karatedom",
          "Player2": "frostyyy_",
          "Result": "2-0-0"
        },
        {
          "Player1": "RogeDeckWins",
          "Player2": "FL_LegacyClub",
          "Result": "2-0-0"
        },
        {
          "Player1": "Sanchez5272",
          "Player2": "jewdan",
          "Result": "0-0-0"
        },
        {
          "Player1": "CADYstrophic",
          "Player2": "SuperCow12653",
          "Result": "0-0-0"
        },
        {
          "Player1": "novaschin22",
          "Player2": "i_b_TRUE",
          "Result": "1-2-0"
        },
        {
          "Player1": "unluckymonkey",
          "Player2": "VitoCorleone",
          "Result": "2-0-0"
        },
        {
          "Player1": "b4tterskull2",
          "Player2": "HouseOfManaMTG",
          "Result": "0-2-0"
        },
        {
          "Player1": "TheScrubInScrubs",
          "Player2": "etoustar",
          "Result": "2-0-0"
        },
        {
          "Player1": "adamwasmo",
          "Player2": "Shuichi_Saito",
          "Result": "2-0-0"
        },
        {
          "Player1": "oosunq",
          "Player2": "billsive",
          "Result": "0-2-0"
        },
        {
          "Player1": "_Batutinha_",
          "Player2": "L4rss0n",
          "Result": "2-0-0"
        },
        {
          "Player1": "Caleb_Yetman",
          "Player2": "missflood",
          "Result": "2-0-0"
        },
        {
          "Player1": "hermanomlg",
          "Player2": "Magic_Dads71522",
          "Result": "2-0-0"
        },
        {
          "Player1": "Raydan",
          "Player2": "notmi",
          "Result": "0-2-0"
        },
        {
          "Player1": "RPSbonjwa",
          "Player2": "tao_bye_bye",
          "Result": "0-2-0"
        },
        {
          "Player1": "Tsubasa_Cat",
          "Player2": "death_grips",
          "Result": "0-2-0"
        },
        {
          "Player1": "discoverN",
          "Player2": "Miharu_Fuyumiya",
          "Result": "0-2-0"
        },
        {
          "Player1": "O_danielakos",
          "Player2": "pirol94",
          "Result": "0-2-0"
        },
        {
          "Player1": "albertoSD",
          "Player2": "HyuugaHeir",
          "Result": "0-2-0"
        },
        {
          "Player1": "desolutionist",
          "Player2": "Shadowz2005",
          "Result": "2-0-0"
        },
        {
          "Player1": "simmsey",
          "Player2": "Thiim",
          "Result": "0-2-0"
        },
        {
          "Player1": "BiggestBird",
          "Player2": "Sommertroll",
          "Result": "0-2-0"
        },
        {
          "Player1": "Terminus0",
          "Player2": "NathanOfTheGiltLeaf",
          "Result": "0-2-0"
        }
      ]
    },
    {
      "RoundName": "Round 3",
      "Matches": [
        {
          "Player1": "underdog111",
          "Player2": "b4tterskull2",
          "Result": "2-0-0"
        },
        {
          "Player1": "Tsubasa_Cat",
          "Player2": "HyuugaHeir",
          "Result": "0-2-0"
        },
        {
          "Player1": "_Batutinha_",
          "Player2": "Miharu_Fuyumiya",
          "Result": "0-2-0"
        },
        {
          "Player1": "IamActuallyLvL1",
          "Player2": "Magic_Dads71522",
          "Result": "2-0-0"
        },
        {
          "Player1": "O_danielakos",
          "Player2": "BiggestBird",
          "Result": "2-0-0"
        },
        {
          "Player1": "oosunq",
          "Player2": "Shuichi_Saito",
          "Result": "2-0-0"
        },
        {
          "Player1": "karatedom",
          "Player2": "NathanOfTheGiltLeaf",
          "Result": "0-2-0"
        },
        {
          "Player1": "notmi",
          "Player2": "tao_bye_bye",
          "Result": "2-0-0"
        },
        {
          "Player1": "SuperCow12653",
          "Player2": "Erik157751",
          "Result": "2-0-0"
        },
        {
          "Player1": "jewdan",
          "Player2": "FL_LegacyClub",
          "Result": "0-2-0"
        },
        {
          "Player1": "billsive",
          "Player2": "HouseOfManaMTG",
          "Result": "2-0-0"
        },
        {
          "Player1": "Terminus0",
          "Player2": "novaschin22",
          "Result": "0-2-0"
        },
        {
          "Player1": "L4rss0n",
          "Player2": "TheScrubInScrubs",
          "Result": "0-0-0"
        },
        {
          "Player1": "unluckymonkey",
          "Player2": "Caleb_Yetman",
          "Result": "2-0-0"
        },
        {
          "Player1": "desolutionist",
          "Player2": "satu2112",
          "Result": "2-0-0"
        },
        {
          "Player1": "hermanomlg",
          "Player2": "RPSbonjwa",
          "Result": "0-2-0"
        },
        {
          "Player1": "Thiim",
          "Player2": "frostyyy_",
          "Result": "0-2-0"
        },
        {
          "Player1": "adamwasmo",
          "Player2": "Sommertroll",
          "Result": "0-2-0"
        },
        {
          "Player1": "discoverN",
          "Player2": "Raydan",
          "Result": "0-2-0"
        },
        {
          "Player1": "Sanchez5272",
          "Player2": "TonyScapone",
          "Result": "0-2-0"
        },
        {
          "Player1": "simmsey",
          "Player2": "i_b_TRUE",
          "Result": "0-2-0"
        },
        {
          "Player1": "Shadowz2005",
          "Player2": "VitoCorleone",
          "Result": "2-0-0"
        },
        {
          "Player1": "pirol94",
          "Player2": "death_grips",
          "Result": "2-0-0"
        },
        {
          "Player1": "ReprintDarkRitual",
          "Player2": "RogeDeckWins",
          "Result": "2-0-0"
        }
      ]
    },
    {
      "RoundName": "Round 4",
      "Matches": [
        {
          "Player1": "BiggestBird",
          "Player2": "Magic_Dads71522",
          "Result": "0-2-0"
        },
        {
          "Player1": "hermanomlg",
          "Player2": "Caleb_Yetman",
          "Result": "0-2-0"
        },
        {
          "Player1": "underdog111",
          "Player2": "_Batutinha_",
          "Result": "0-2-0"
        },
        {
          "Player1": "discoverN",
          "Player2": "b4tterskull2",
          "Result": "0-2-0"
        },
        {
          "Player1": "satu2112",
          "Player2": "HouseOfManaMTG",
          "Result": "2-0-0"
        },
        {
          "Player1": "karatedom",
          "Player2": "novaschin22",
          "Result": "2-0-0"
        },
        {
          "Player1": "IamActuallyLvL1",
          "Player2": "Erik157751",
          "Result": "0-2-0"
        },
        {
          "Player1": "RogeDeckWins",
          "Player2": "Thiim",
          "Result": "0-2-0"
        },
        {
          "Player1": "pirol94",
          "Player2": "NathanOfTheGiltLeaf",
          "Result": "0-2-0"
        },
        {
          "Player1": "Shadowz2005",
          "Player2": "Shuichi_Saito",
          "Result": "0-2-0"
        },
        {
          "Player1": "L4rss0n",
          "Player2": "FL_LegacyClub",
          "Result": "0-2-0"
        },
        {
          "Player1": "simmsey",
          "Player2": "VitoCorleone",
          "Result": "2-0-0"
        },
        {
          "Player1": "oosunq",
          "Player2": "unluckymonkey",
          "Result": "0-2-0"
        },
        {
          "Player1": "O_danielakos",
          "Player2": "death_grips",
          "Result": "0-0-0"
        },
        {
          "Player1": "ReprintDarkRitual",
          "Player2": "HyuugaHeir",
          "Result": "2-0-0"
        },
        {
          "Player1": "desolutionist",
          "Player2": "TonyScapone",
          "Result": "0-2-0"
        },
        {
          "Player1": "notmi",
          "Player2": "billsive",
          "Result": "2-0-0"
        },
        {
          "Player1": "TheScrubInScrubs",
          "Player2": "RPSbonjwa",
          "Result": "1-2-0"
        },
        {
          "Player1": "SuperCow12653",
          "Player2": "tao_bye_bye",
          "Result": "2-0-0"
        },
        {
          "Player1": "adamwasmo",
          "Player2": "frostyyy_",
          "Result": "2-0-0"
        },
        {
          "Player1": "Miharu_Fuyumiya",
          "Player2": "Sommertroll",
          "Result": "2-0-0"
        },
        {
          "Player1": "i_b_TRUE",
          "Player2": "Raydan",
          "Result": "2-0-0"
        }
      ]
    },
    {
      "RoundName": "Round 5",
      "Matches": [
        {
          "Player1": "ReprintDarkRitual",
          "Player2": "Sommertroll",
          "Result": "0-2-0"
        },
        {
          "Player1": "desolutionist",
          "Player2": "Shuichi_Saito",
          "Result": "0-2-0"
        },
        {
          "Player1": "oosunq",
          "Player2": "SuperCow12653",
          "Result": "0-2-0"
        },
        {
          "Player1": "_Batutinha_",
          "Player2": "billsive",
          "Result": "1-2-0"
        },
        {
          "Player1": "i_b_TRUE",
          "Player2": "unluckymonkey",
          "Result": "0-2-0"
        },
        {
          "Player1": "novaschin22",
          "Player2": "HyuugaHeir",
          "Result": "2-0-0"
        },
        {
          "Player1": "underdog111",
          "Player2": "tao_bye_bye",
          "Result": "2-0-0"
        },
        {
          "Player1": "notmi",
          "Player2": "Miharu_Fuyumiya",
          "Result": "0-2-0"
        },
        {
          "Player1": "Caleb_Yetman",
          "Player2": "TheScrubInScrubs",
          "Result": "2-0-0"
        },
        {
          "Player1": "simmsey",
          "Player2": "Magic_Dads71522",
          "Result": "0-2-0"
        },
        {
          "Player1": "Raydan",
          "Player2": "frostyyy_",
          "Result": "2-0-0"
        },
        {
          "Player1": "b4tterskull2",
          "Player2": "FL_LegacyClub",
          "Result": "0-2-0"
        },
        {
          "Player1": "O_danielakos",
          "Player2": "Thiim",
          "Result": "2-0-0"
        },
        {
          "Player1": "adamwasmo",
          "Player2": "TonyScapone",
          "Result": "2-0-0"
        },
        {
          "Player1": "BiggestBird",
          "Player2": "jewdan",
          "Result": "2-0-0"
        },
        {
          "Player1": "Erik157751",
          "Player2": "HouseOfManaMTG",
          "Result": "2-1-0"
        },
        {
          "Player1": "RPSbonjwa",
          "Player2": "NathanOfTheGiltLeaf",
          "Result": "2-0-0"
        },
        {
          "Player1": "pirol94",
          "Player2": "satu2112",
          "Result": "0-2-0"
        },
        {
          "Player1": "L4rss0n",
          "Player2": "hermanomlg",
          "Result": "0-2-0"
        },
        {
          "Player1": "karatedom",
          "Player2": "death_grips",
          "Result": "2-0-0"
        }
      ]
    },
    {
      "RoundName": "Round 6",
      "Matches": [
        {
          "Player1": "oosunq",
          "Player2": "TheScrubInScrubs",
          "Result": "2-0-0"
        },
        {
          "Player1": "b4tterskull2",
          "Player2": "VitoCorleone",
          "Result": "2-0-0"
        },
        {
          "Player1": "satu2112",
          "Player2": "Miharu_Fuyumiya",
          "Result": "2-0-0"
        },
        {
          "Player1": "karatedom",
          "Player2": "FL_LegacyClub",
          "Result": "2-0-0"
        },
        {
          "Player1": "desolutionist",
          "Player2": "Magic_Dads71522",
          "Result": "0-2-0"
        },
        {
          "Player1": "ReprintDarkRitual",
          "Player2": "Erik157751",
          "Result": "2-0-0"
        },
        {
          "Player1": "underdog111",
          "Player2": "Raydan",
          "Result": "0-2-0"
        },
        {
          "Player1": "unluckymonkey",
          "Player2": "Sommertroll",
          "Result": "2-0-0"
        },
        {
          "Player1": "billsive",
          "Player2": "NathanOfTheGiltLeaf",
          "Result": "2-0-0"
        },
        {
          "Player1": "Thiim",
          "Player2": "BiggestBird",
          "Result": "2-0-0"
        },
        {
          "Player1": "hermanomlg",
          "Player2": "HyuugaHeir",
          "Result": "2-0-0"
        },
        {
          "Player1": "tao_bye_bye",
          "Player2": "death_grips",
          "Result": "0-2-0"
        },
        {
          "Player1": "SuperCow12653",
          "Player2": "RPSbonjwa",
          "Result": "2-0-0"
        },
        {
          "Player1": "O_danielakos",
          "Player2": "Shuichi_Saito",
          "Result": "0-0-0"
        },
        {
          "Player1": "_Batutinha_",
          "Player2": "novaschin22",
          "Result": "2-0-0"
        },
        {
          "Player1": "pirol94",
          "Player2": "TonyScapone",
          "Result": "0-2-0"
        },
        {
          "Player1": "i_b_TRUE",
          "Player2": "Caleb_Yetman",
          "Result": "2-0-0"
        },
        {
          "Player1": "adamwasmo",
          "Player2": "notmi",
          "Result": "2-0-0"
        }
      ]
    },
    {
      "RoundName": "Round 7",
      "Matches": [
        {
          "Player1": "satu2112",
          "Player2": "Miharu_Fuyumiya",
          "Result": "2-0-0"
        },
        {
          "Player1": "notmi",
          "Player2": "billsive",
          "Result": "2-0-0"
        },
        {
          "Player1": "karatedom",
          "Player2": "adamwasmo",
          "Result": "0-2-0"
        },
        {
          "Player1": "unluckymonkey",
          "Player2": "SuperCow12653",
          "Result": "2-0-0"
        }
      ]
    },
    {
      "RoundName": "Round 8",
      "Matches": [
        {
          "Player1": "adamwasmo",
          "Player2": "notmi",
          "Result": "2-0-0"
        },
        {
          "Player1": "unluckymonkey",
          "Player2": "satu2112",
          "Result": "0-2-0"
        }
      ]
    },
    {
      "RoundName": "Round 9",
      "Matches": [
        {
          "Player1": "adamwasmo",
          "Player2": "satu2112",
          "Result": "2-0-0"
        }
      ]
    }
  ],
  "Standings": [
    {
      "Rank": 54,
      "Player": "missflood",
      "Points": 0,
      "Wins": 0,
      "Losses": 0,
      "Draws": 0,
      "OMWP": 0.4167,
      "GWP": 0.2,
      "OGWP": 0.4353
    },
    {
      "Rank": 53,
      "Player": "DethFrmAbove",
      "Points": 0,
      "Wins": 0,
      "Losses": 0,
      "Draws": 0,
      "OMWP": 0.5333,
      "GWP": 0.2,
      "OGWP": 0.541
    },
    {
      "Rank": 52,
      "Player": "albertoSD",
      "Points": 0,
      "Wins": 0,
      "Losses": 0,
      "Draws": 0,
      "OMWP": 0.5832999999999999,
      "GWP": 0,
      "OGWP": 0.5119
    },
    {
      "Rank": 51,
      "Player": "Aigis",
      "Points": 0,
      "Wins": 0,
      "Losses": 0,
      "Draws": 0,
      "OMWP": 0.5832999999999999,
      "GWP": 0.2,
      "OGWP": 0.5313
    },
    {
      "Rank": 50,
      "Player": "etoustar",
      "Points": 0,
      "Wins": 0,
      "Losses": 0,
      "Draws": 0,
      "OMWP": 0.5832999999999999,
      "GWP": 0.2,
      "OGWP": 0.5478000000000001
    },
    {
      "Rank": 49,
      "Player": "CADYstrophic",
      "Points": 0,
      "Wins": 0,
      "Losses": 0,
      "Draws": 0,
      "OMWP": 0.6667000000000001,
      "GWP": 0.2,
      "OGWP": 0.5556
    },
    {
      "Rank": 48,
      "Player": "jewdan",
      "Points": 3,
      "Wins": 0,
      "Losses": 0,
      "Draws": 0,
      "OMWP": 0.375,
      "GWP": 0.3333,
      "OGWP": 0.433
    },
    {
      "Rank": 47,
      "Player": "Shadowz2005",
      "Points": 3,
      "Wins": 0,
      "Losses": 0,
      "Draws": 0,
      "OMWP": 0.43329999999999996,
      "GWP": 0.3,
      "OGWP": 0.4556
    },
    {
      "Rank": 46,
      "Player": "Tsubasa_Cat",
      "Points": 3,
      "Wins": 0,
      "Losses": 0,
      "Draws": 0,
      "OMWP": 0.44439999999999996,
      "GWP": 0.44439999999999996,
      "OGWP": 0.4302
    },
    {
      "Rank": 45,
      "Player": "simmsey",
      "Points": 3,
      "Wins": 0,
      "Losses": 0,
      "Draws": 0,
      "OMWP": 0.4667,
      "GWP": 0.3077,
      "OGWP": 0.4756
    },
    {
      "Rank": 44,
      "Player": "VitoCorleone",
      "Points": 3,
      "Wins": 0,
      "Losses": 0,
      "Draws": 0,
      "OMWP": 0.5333,
      "GWP": 0.2857,
      "OGWP": 0.5047999999999999
    },
    {
      "Rank": 43,
      "Player": "RogeDeckWins",
      "Points": 3,
      "Wins": 0,
      "Losses": 0,
      "Draws": 0,
      "OMWP": 0.5417000000000001,
      "GWP": 0.3636,
      "OGWP": 0.5445
    },
    {
      "Rank": 42,
      "Player": "IamActuallyLvL1",
      "Points": 3,
      "Wins": 0,
      "Losses": 0,
      "Draws": 0,
      "OMWP": 0.5417000000000001,
      "GWP": 0.4,
      "OGWP": 0.5095000000000001
    },
    {
      "Rank": 41,
      "Player": "Sanchez5272",
      "Points": 3,
      "Wins": 0,
      "Losses": 0,
      "Draws": 0,
      "OMWP": 0.5556,
      "GWP": 0.375,
      "OGWP": 0.5159
    },
    {
      "Rank": 40,
      "Player": "discoverN",
      "Points": 3,
      "Wins": 0,
      "Losses": 0,
      "Draws": 0,
      "OMWP": 0.5832999999999999,
      "GWP": 0.4,
      "OGWP": 0.5179
    },
    {
      "Rank": 39,
      "Player": "Terminus0",
      "Points": 3,
      "Wins": 0,
      "Losses": 0,
      "Draws": 0,
      "OMWP": 0.6111,
      "GWP": 0.4286,
      "OGWP": 0.5444
    },
    {
      "Rank": 38,
      "Player": "HyuugaHeir",
      "Points": 6,
      "Wins": 0,
      "Losses": 0,
      "Draws": 0,
      "OMWP": 0.44439999999999996,
      "GWP": 0.35710000000000003,
      "OGWP": 0.4669
    },
    {
      "Rank": 37,
      "Player": "BiggestBird",
      "Points": 6,
      "Wins": 0,
      "Losses": 0,
      "Draws": 0,
      "OMWP": 0.4722,
      "GWP": 0.4375,
      "OGWP": 0.4595
    },
    {
      "Rank": 36,
      "Player": "L4rss0n",
      "Points": 6,
      "Wins": 0,
      "Losses": 0,
      "Draws": 0,
      "OMWP": 0.5,
      "GWP": 0.4286,
      "OGWP": 0.5352
    },
    {
      "Rank": 35,
      "Player": "TheScrubInScrubs",
      "Points": 6,
      "Wins": 0,
      "Losses": 0,
      "Draws": 0,
      "OMWP": 0.5,
      "GWP": 0.4706,
      "OGWP": 0.4929
    },
    {
      "Rank": 34,
      "Player": "HouseOfManaMTG",
      "Points": 6,
      "Wins": 0,
      "Losses": 0,
      "Draws": 0,
      "OMWP": 0.6,
      "GWP": 0.4667,
      "OGWP": 0.5294
    },
    {
      "Rank": 33,
      "Player": "tao_bye_bye",
      "Points": 6,
      "Wins": 0,
      "Losses": 0,
      "Draws": 0,
      "OMWP": 0.6111,
      "GWP": 0.35710000000000003,
      "OGWP": 0.5449
    },
    {
      "Rank": 32,
      "Player": "desolutionist",
      "Points": 6,
      "Wins": 0,
      "Losses": 0,
      "Draws": 0,
      "OMWP": 0.6111,
      "GWP": 0.3846,
      "OGWP": 0.5524
    },
    {
      "Rank": 31,
      "Player": "frostyyy_",
      "Points": 6,
      "Wins": 0,
      "Losses": 0,
      "Draws": 0,
      "OMWP": 0.6333,
      "GWP": 0.46149999999999997,
      "OGWP": 0.5354
    },
    {
      "Rank": 30,
      "Player": "b4tterskull2",
      "Points": 9,
      "Wins": 0,
      "Losses": 0,
      "Draws": 0,
      "OMWP": 0.4,
      "GWP": 0.5,
      "OGWP": 0.43770000000000003
    },
    {
      "Rank": 29,
      "Player": "Magic_Dads71522",
      "Points": 9,
      "Wins": 0,
      "Losses": 0,
      "Draws": 0,
      "OMWP": 0.44439999999999996,
      "GWP": 0.5,
      "OGWP": 0.45039999999999997
    },
    {
      "Rank": 28,
      "Player": "Thiim",
      "Points": 9,
      "Wins": 0,
      "Losses": 0,
      "Draws": 0,
      "OMWP": 0.4556,
      "GWP": 0.5,
      "OGWP": 0.4549
    },
    {
      "Rank": 27,
      "Player": "underdog111",
      "Points": 9,
      "Wins": 0,
      "Losses": 0,
      "Draws": 0,
      "OMWP": 0.4722,
      "GWP": 0.5,
      "OGWP": 0.4722
    },
    {
      "Rank": 26,
      "Player": "O_danielakos",
      "Points": 9,
      "Wins": 0,
      "Losses": 0,
      "Draws": 0,
      "OMWP": 0.5,
      "GWP": 0.4667,
      "OGWP": 0.5238
    },
    {
      "Rank": 25,
      "Player": "hermanomlg",
      "Points": 9,
      "Wins": 0,
      "Losses": 0,
      "Draws": 0,
      "OMWP": 0.5,
      "GWP": 0.5,
      "OGWP": 0.4927
    },
    {
      "Rank": 24,
      "Player": "FL_LegacyClub",
      "Points": 9,
      "Wins": 0,
      "Losses": 0,
      "Draws": 0,
      "OMWP": 0.5,
      "GWP": 0.5625,
      "OGWP": 0.48590000000000005
    },
    {
      "Rank": 23,
      "Player": "Caleb_Yetman",
      "Points": 9,
      "Wins": 0,
      "Losses": 0,
      "Draws": 0,
      "OMWP": 0.5278,
      "GWP": 0.4706,
      "OGWP": 0.5316
    },
    {
      "Rank": 22,
      "Player": "Erik157751",
      "Points": 9,
      "Wins": 0,
      "Losses": 0,
      "Draws": 0,
      "OMWP": 0.5667,
      "GWP": 0.5,
      "OGWP": 0.5155
    },
    {
      "Rank": 21,
      "Player": "novaschin22",
      "Points": 9,
      "Wins": 0,
      "Losses": 0,
      "Draws": 0,
      "OMWP": 0.6111,
      "GWP": 0.4706,
      "OGWP": 0.5478000000000001
    },
    {
      "Rank": 20,
      "Player": "oosunq",
      "Points": 9,
      "Wins": 0,
      "Losses": 0,
      "Draws": 0,
      "OMWP": 0.6667000000000001,
      "GWP": 0.5,
      "OGWP": 0.6047
    },
    {
      "Rank": 19,
      "Player": "pirol94",
      "Points": 9,
      "Wins": 0,
      "Losses": 0,
      "Draws": 0,
      "OMWP": 0.6667000000000001,
      "GWP": 0.5625,
      "OGWP": 0.5804
    },
    {
      "Rank": 18,
      "Player": "ReprintDarkRitual",
      "Points": 12,
      "Wins": 0,
      "Losses": 0,
      "Draws": 0,
      "OMWP": 0.44439999999999996,
      "GWP": 0.6154,
      "OGWP": 0.45280000000000004
    },
    {
      "Rank": 17,
      "Player": "Raydan",
      "Points": 12,
      "Wins": 0,
      "Losses": 0,
      "Draws": 0,
      "OMWP": 0.4833,
      "GWP": 0.5714,
      "OGWP": 0.4866
    },
    {
      "Rank": 16,
      "Player": "TonyScapone",
      "Points": 12,
      "Wins": 0,
      "Losses": 0,
      "Draws": 0,
      "OMWP": 0.5,
      "GWP": 0.5714,
      "OGWP": 0.49119999999999997
    },
    {
      "Rank": 15,
      "Player": "death_grips",
      "Points": 12,
      "Wins": 0,
      "Losses": 0,
      "Draws": 0,
      "OMWP": 0.5,
      "GWP": 0.6,
      "OGWP": 0.4963
    },
    {
      "Rank": 14,
      "Player": "Shuichi_Saito",
      "Points": 12,
      "Wins": 0,
      "Losses": 0,
      "Draws": 0,
      "OMWP": 0.5,
      "GWP": 0.6429,
      "OGWP": 0.47869999999999996
    },
    {
      "Rank": 13,
      "Player": "i_b_TRUE",
      "Points": 12,
      "Wins": 0,
      "Losses": 0,
      "Draws": 0,
      "OMWP": 0.5278,
      "GWP": 0.6,
      "OGWP": 0.51
    },
    {
      "Rank": 12,
      "Player": "RPSbonjwa",
      "Points": 12,
      "Wins": 0,
      "Losses": 0,
      "Draws": 0,
      "OMWP": 0.5556,
      "GWP": 0.6,
      "OGWP": 0.5121
    },
    {
      "Rank": 11,
      "Player": "_Batutinha_",
      "Points": 12,
      "Wins": 0,
      "Losses": 0,
      "Draws": 0,
      "OMWP": 0.5556,
      "GWP": 0.6429,
      "OGWP": 0.5146000000000001
    },
    {
      "Rank": 10,
      "Player": "NathanOfTheGiltLeaf",
      "Points": 12,
      "Wins": 0,
      "Losses": 0,
      "Draws": 0,
      "OMWP": 0.5832999999999999,
      "GWP": 0.5625,
      "OGWP": 0.5364
    },
    {
      "Rank": 9,
      "Player": "Sommertroll",
      "Points": 12,
      "Wins": 0,
      "Losses": 0,
      "Draws": 0,
      "OMWP": 0.6389,
      "GWP": 0.6,
      "OGWP": 0.5858
    },
    {
      "Rank": 8,
      "Player": "SuperCow12653",
      "Points": 15,
      "Wins": 0,
      "Losses": 0,
      "Draws": 0,
      "OMWP": 0.4722,
      "GWP": 0.6111,
      "OGWP": 0.46020000000000005
    },
    {
      "Rank": 7,
      "Player": "karatedom",
      "Points": 15,
      "Wins": 0,
      "Losses": 0,
      "Draws": 0,
      "OMWP": 0.5389,
      "GWP": 0.6470999999999999,
      "OGWP": 0.5262
    },
    {
      "Rank": 6,
      "Player": "Miharu_Fuyumiya",
      "Points": 15,
      "Wins": 0,
      "Losses": 0,
      "Draws": 0,
      "OMWP": 0.5832999999999999,
      "GWP": 0.6667000000000001,
      "OGWP": 0.5446
    },
    {
      "Rank": 5,
      "Player": "billsive",
      "Points": 15,
      "Wins": 0,
      "Losses": 0,
      "Draws": 0,
      "OMWP": 0.6222,
      "GWP": 0.6470999999999999,
      "OGWP": 0.5971
    },
    {
      "Rank": 4,
      "Player": "notmi",
      "Points": 15,
      "Wins": 0,
      "Losses": 0,
      "Draws": 0,
      "OMWP": 0.6389,
      "GWP": 0.625,
      "OGWP": 0.5563
    },
    {
      "Rank": 3,
      "Player": "unluckymonkey",
      "Points": 18,
      "Wins": 0,
      "Losses": 0,
      "Draws": 0,
      "OMWP": 0.5832999999999999,
      "GWP": 0.7857,
      "OGWP": 0.5252
    },
    {
      "Rank": 2,
      "Player": "satu2112",
      "Points": 21,
      "Wins": 0,
      "Losses": 0,
      "Draws": 0,
      "OMWP": 0.5111,
      "GWP": 0.6667000000000001,
      "OGWP": 0.5134000000000001
    },
    {
      "Rank": 1,
      "Player": "adamwasmo",
      "Points": 24,
      "Wins": 0,
      "Losses": 0,
      "Draws": 0,
      "OMWP": 0.5667,
      "GWP": 0.625,
      "OGWP": 0.539
    }
  ]
}