{
  "Tournament": {
    "Id": 12802858,
    "Date": "2025-07-15T00:00:00",
    "Name": "Modern Preliminary",
    "Uri": null,
    "JsonFile": null,
    "ForceRedownload": false
  },
  "Decks": null,
  "Rounds": [
    {
      "RoundName": "Round 1",
      "Matches": [
        {
          "Player1": "Zoob5555",
          "Player2": "lunaloveee",
          "Result": "0-2-0"
        },
        {
          "Player1": "matttothec",
          "Player2": "slaxx",
          "Result": "2-0-0"
        },
        {
          "Player1": "Romulus731",
          "Player2": "WingedHussar",
          "Result": "0-2-0"
        },
        {
          "Player1": "Cachorrowo",
          "Player2": "Adam-Bazika",
          "Result": "2-0-0"
        },
        {
          "Player1": "416FrowningTable",
          "Player2": "ttv_kingjulien",
          "Result": "0-2-0"
        },
        {
          "Player1": "Zonast",
          "Player2": "Marvin_Dalkiri",
          "Result": "0-2-0"
        },
        {
          "Player1": "NygelV",
          "Player2": "NormanCar",
          "Result": "0-2-0"
        }
      ]
    },
    {
      "RoundName": "Round 2",
      "Matches": [
        {
          "Player1": "matttothec",
          "Player2": "lunaloveee",
          "Result": "0-2-0"
        },
        {
          "Player1": "Zonast",
          "Player2": "Adam-Bazika",
          "Result": "2-0-0"
        },
        {
          "Player1": "WingedHussar",
          "Player2": "416FrowningTable",
          "Result": "2-0-0"
        },
        {
          "Player1": "Marvin_Dalkiri",
          "Player2": "NormanCar",
          "Result": "2-0-0"
        },
        {
          "Player1": "Cachorrowo",
          "Player2": "ttv_kingjulien",
          "Result": "2-0-0"
        },
        {
          "Player1": "Zoob5555",
          "Player2": "NygelV",
          "Result": "0-2-0"
        }
      ]
    },
    {
      "RoundName": "Round 3",
      "Matches": [
        {
          "Player1": "matttothec",
          "Player2": "NygelV",
          "Result": "1-2-0"
        },
        {
          "Player1": "WingedHussar",
          "Player2": "lunaloveee",
          "Result": "0-2-0"
        },
        {
          "Player1": "Zonast",
          "Player2": "NormanCar",
          "Result": "2-0-0"
        },
        {
          "Player1": "Romulus731",
          "Player2": "ttv_kingjulien",
          "Result": "2-0-0"
        },
        {
          "Player1": "Marvin_Dalkiri",
          "Player2": "Cachorrowo",
          "Result": "2-0-0"
        }
      ]
    },
    {
      "RoundName": "Round 4",
      "Matches": [
        {
          "Player1": "Romulus731",
          "Player2": "NormanCar",
          "Result": "2-0-0"
        },
        {
          "Player1": "WingedHussar",
          "Player2": "Cachorrowo",
          "Result": "2-0-0"
        },
        {
          "Player1": "matttothec",
          "Player2": "ttv_kingjulien",
          "Result": "0-2-0"
        },
        {
          "Player1": "Zonast",
          "Player2": "NygelV",
          "Result": "2-0-0"
        },
        {
          "Player1": "Marvin_Dalkiri",
          "Player2": "lunaloveee",
          "Result": "2-0-0"
        }
      ]
    }
  ],
  "Standings": [
    {
      "Rank": 14,
      "Player": "slaxx",
      "Points": 0,
      "Wins": 0,
      "Losses": 0,
      "Draws": 0,
      "OMWP": 0.3333,
      "GWP": 0.3333,
      "OGWP": 0.3333
    },
    {
      "Rank": 13,
      "Player": "416FrowningTable",
      "Points": 0,
      "Wins": 0,
      "Losses": 0,
      "Draws": 0,
      "OMWP": 0.625,
      "GWP": 0.2,
      "OGWP": 0.55
    },
    {
      "Rank": 12,
      "Player": "Zoob5555",
      "Points": 0,
      "Wins": 0,
      "Losses": 0,
      "Draws": 0,
      "OMWP": 0.625,
      "GWP": 0.3333,
      "OGWP": 0.5772999999999999
    },
    {
      "Rank": 11,
      "Player": "Adam-Bazika",
      "Points": 0,
      "Wins": 0,
      "Losses": 0,
      "Draws": 0,
      "OMWP": 0.625,
      "GWP": 0.3333,
      "OGWP": 0.6227
    },
    {
      "Rank": 10,
      "Player": "matttothec",
      "Points": 3,
      "Wins": 0,
      "Losses": 0,
      "Draws": 0,
      "OMWP": 0.5207999999999999,
      "GWP": 0.3,
      "OGWP": 0.49700000000000005
    },
    {
      "Rank": 9,
      "Player": "NormanCar",
      "Points": 3,
      "Wins": 0,
      "Losses": 0,
      "Draws": 0,
      "OMWP": 0.75,
      "GWP": 0.3636,
      "OGWP": 0.6053000000000001
    },
    {
      "Rank": 8,
      "Player": "NygelV",
      "Points": 6,
      "Wins": 0,
      "Losses": 0,
      "Draws": 0,
      "OMWP": 0.4375,
      "GWP": 0.4545,
      "OGWP": 0.4326
    },
    {
      "Rank": 7,
      "Player": "ttv_kingjulien",
      "Points": 6,
      "Wins": 0,
      "Losses": 0,
      "Draws": 0,
      "OMWP": 0.4792,
      "GWP": 0.5,
      "OGWP": 0.45299999999999996
    },
    {
      "Rank": 6,
      "Player": "Cachorrowo",
      "Points": 6,
      "Wins": 0,
      "Losses": 0,
      "Draws": 0,
      "OMWP": 0.6457999999999999,
      "GWP": 0.5455,
      "OGWP": 0.525
    },
    {
      "Rank": 5,
      "Player": "Romulus731",
      "Points": 9,
      "Wins": 0,
      "Losses": 0,
      "Draws": 0,
      "OMWP": 0.5278,
      "GWP": 0.6,
      "OGWP": 0.4879
    },
    {
      "Rank": 4,
      "Player": "Zonast",
      "Points": 9,
      "Wins": 0,
      "Losses": 0,
      "Draws": 0,
      "OMWP": 0.5417000000000001,
      "GWP": 0.7,
      "OGWP": 0.4545
    },
    {
      "Rank": 3,
      "Player": "WingedHussar",
      "Points": 9,
      "Wins": 0,
      "Losses": 0,
      "Draws": 0,
      "OMWP": 0.5832999999999999,
      "GWP": 0.6,
      "OGWP": 0.5447
    },
    {
      "Rank": 2,
      "Player": "lunaloveee",
      "Points": 9,
      "Wins": 0,
      "Losses": 0,
      "Draws": 0,
      "OMWP": 0.6042000000000001,
      "GWP": 0.7,
      "OGWP": 0.4833
    },
    {
      "Rank": 1,
      "Player": "Marvin_Dalkiri",
      "Points": 12,
      "Wins": 0,
      "Losses": 0,
      "Draws": 0,
      "OMWP": 0.5832999999999999,
      "GWP": 0.6667000000000001,
      "OGWP": 0.5772999999999999
    }
  ]
}