{
  "Tournament": {
    "Id": 12803152,
    "Date": "2025-07-15T14:00:00",
    "Name": "Pioneer Preliminary Special",
    "Uri": null,
    "JsonFile": null,
    "ForceRedownload": false
  },
  "Decks": null,
  "Rounds": [
    {
      "RoundName": "Round 1",
      "Matches": [
        {
          "Player1": "kytk321",
          "Player2": "hashimo13",
          "Result": "0-0-0"
        },
        {
          "Player1": "magical-yo-kun",
          "Player2": "klien7",
          "Result": "0-2-0"
        },
        {
          "Player1": "Jositoshekel",
          "Player2": "Adam-Bazika",
          "Result": "2-0-0"
        },
        {
          "Player1": "mikeleee",
          "Player2": "_dr4gun0v_",
          "Result": "2-0-0"
        },
        {
          "Player1": "MJ_23",
          "Player2": "albertoSD",
          "Result": "2-0-0"
        },
        {
          "Player1": "moon11",
          "Player2": "groot02",
          "Result": "0-2-0"
        },
        {
          "Player1": "tibalt_of_red_sub",
          "Player2": "komattaman",
          "Result": "0-2-0"
        },
        {
          "Player1": "medvedev",
          "Player2": "howa",
          "Result": "2-0-0"
        },
        {
          "Player1": "BERNASTORRES",
          "Player2": "_Bound_",
          "Result": "0-2-0"
        },
        {
          "Player1": "marolanzi",
          "Player2": "fazparte",
          "Result": "0-2-0"
        },
        {
          "Player1": "_Tia93_",
          "Player2": "AlpInco",
          "Result": "0-2-0"
        },
        {
          "Player1": "McWinSauce",
          "Player2": "Romulus731",
          "Result": "2-0-0"
        }
      ]
    },
    {
      "RoundName": "Round 2",
      "Matches": [
        {
          "Player1": "BERNASTORRES",
          "Player2": "kytk321",
          "Result": "0-2-0"
        },
        {
          "Player1": "_Tia93_",
          "Player2": "magical-yo-kun",
          "Result": "2-0-0"
        },
        {
          "Player1": "medvedev",
          "Player2": "MJ_23",
          "Result": "2-0-0"
        },
        {
          "Player1": "moon11",
          "Player2": "_dr4gun0v_",
          "Result": "0-2-0"
        },
        {
          "Player1": "Jositoshekel",
          "Player2": "groot02",
          "Result": "0-2-0"
        },
        {
          "Player1": "AlpInco",
          "Player2": "fazparte",
          "Result": "0-2-0"
        },
        {
          "Player1": "McWinSauce",
          "Player2": "mikeleee",
          "Result": "0-2-0"
        },
        {
          "Player1": "Romulus731",
          "Player2": "Adam-Bazika",
          "Result": "0-2-0"
        },
        {
          "Player1": "hashimo13",
          "Player2": "_Bound_",
          "Result": "2-0-0"
        },
        {
          "Player1": "tibalt_of_red_sub",
          "Player2": "howa",
          "Result": "0-2-0"
        },
        {
          "Player1": "klien7",
          "Player2": "komattaman",
          "Result": "2-0-0"
        }
      ]
    },
    {
      "RoundName": "Round 3",
      "Matches": [
        {
          "Player1": "tibalt_of_red_sub",
          "Player2": "moon11",
          "Result": "0-2-0"
        },
        {
          "Player1": "marolanzi",
          "Player2": "AlpInco",
          "Result": "2-0-0"
        },
        {
          "Player1": "McWinSauce",
          "Player2": "komattaman",
          "Result": "2-0-0"
        },
        {
          "Player1": "Jositoshekel",
          "Player2": "_Bound_",
          "Result": "2-0-0"
        },
        {
          "Player1": "BERNASTORRES",
          "Player2": "Romulus731",
          "Result": "2-0-0"
        },
        {
          "Player1": "mikeleee",
          "Player2": "groot02",
          "Result": "2-0-0"
        },
        {
          "Player1": "_Tia93_",
          "Player2": "kytk321",
          "Result": "2-0-0"
        },
        {
          "Player1": "medvedev",
          "Player2": "hashimo13",
          "Result": "2-0-0"
        },
        {
          "Player1": "klien7",
          "Player2": "fazparte",
          "Result": "2-0-0"
        },
        {
          "Player1": "MJ_23",
          "Player2": "_dr4gun0v_",
          "Result": "2-0-0"
        },
        {
          "Player1": "howa",
          "Player2": "Adam-Bazika",
          "Result": "0-0-0"
        }
      ]
    },
    {
      "RoundName": "Round 4",
      "Matches": [
        {
          "Player1": "moon11",
          "Player2": "komattaman",
          "Result": "2-0-0"
        },
        {
          "Player1": "McWinSauce",
          "Player2": "howa",
          "Result": "0-2-0"
        },
        {
          "Player1": "Jositoshekel",
          "Player2": "fazparte",
          "Result": "2-0-0"
        },
        {
          "Player1": "medvedev",
          "Player2": "marolanzi",
          "Result": "0-0-0"
        },
        {
          "Player1": "MJ_23",
          "Player2": "hashimo13",
          "Result": "2-0-0"
        },
        {
          "Player1": "_Tia93_",
          "Player2": "groot02",
          "Result": "0-2-0"
        },
        {
          "Player1": "klien7",
          "Player2": "mikeleee",
          "Result": "0-2-0"
        },
        {
          "Player1": "tibalt_of_red_sub",
          "Player2": "Romulus731",
          "Result": "0-2-0"
        },
        {
          "Player1": "_Bound_",
          "Player2": "Adam-Bazika",
          "Result": "0-2-0"
        },
        {
          "Player1": "BERNASTORRES",
          "Player2": "_dr4gun0v_",
          "Result": "2-0-0"
        },
        {
          "Player1": "AlpInco",
          "Player2": "kytk321",
          "Result": "0-2-0"
        }
      ]
    }
  ],
  "Standings": [
    {
      "Rank": 24,
      "Player": "tibalt_of_red_sub",
      "Points": 0,
      "Wins": 0,
      "Losses": 0,
      "Draws": 0,
      "OMWP": 0.4792,
      "GWP": 0,
      "OGWP": 0.5056
    },
    {
      "Rank": 23,
      "Player": "magical-yo-kun",
      "Points": 0,
      "Wins": 0,
      "Losses": 0,
      "Draws": 0,
      "OMWP": 0.625,
      "GWP": 0,
      "OGWP": 0.6
    },
    {
      "Rank": 22,
      "Player": "albertoSD",
      "Points": 0,
      "Wins": 0,
      "Losses": 0,
      "Draws": 0,
      "OMWP": 0.75,
      "GWP": 0,
      "OGWP": 0.6667000000000001
    },
    {
      "Rank": 21,
      "Player": "Romulus731",
      "Points": 3,
      "Wins": 0,
      "Losses": 0,
      "Draws": 0,
      "OMWP": 0.4583,
      "GWP": 0.4,
      "OGWP": 0.4697
    },
    {
      "Rank": 20,
      "Player": "AlpInco",
      "Points": 3,
      "Wins": 0,
      "Losses": 0,
      "Draws": 0,
      "OMWP": 0.5,
      "GWP": 0.4,
      "OGWP": 0.441
    },
    {
      "Rank": 19,
      "Player": "komattaman",
      "Points": 3,
      "Wins": 0,
      "Losses": 0,
      "Draws": 0,
      "OMWP": 0.5207999999999999,
      "GWP": 0.4,
      "OGWP": 0.5222
    },
    {
      "Rank": 18,
      "Player": "_Bound_",
      "Points": 3,
      "Wins": 0,
      "Losses": 0,
      "Draws": 0,
      "OMWP": 0.5625,
      "GWP": 0.3,
      "OGWP": 0.5669
    },
    {
      "Rank": 17,
      "Player": "_dr4gun0v_",
      "Points": 3,
      "Wins": 0,
      "Losses": 0,
      "Draws": 0,
      "OMWP": 0.6875,
      "GWP": 0.3,
      "OGWP": 0.6086
    },
    {
      "Rank": 16,
      "Player": "BERNASTORRES",
      "Points": 6,
      "Wins": 0,
      "Losses": 0,
      "Draws": 0,
      "OMWP": 0.375,
      "GWP": 0.5455,
      "OGWP": 0.3778
    },
    {
      "Rank": 15,
      "Player": "moon11",
      "Points": 6,
      "Wins": 0,
      "Losses": 0,
      "Draws": 0,
      "OMWP": 0.4375,
      "GWP": 0.5556,
      "OGWP": 0.4611
    },
    {
      "Rank": 14,
      "Player": "kytk321",
      "Points": 6,
      "Wins": 0,
      "Losses": 0,
      "Draws": 0,
      "OMWP": 0.4583,
      "GWP": 0.44439999999999996,
      "OGWP": 0.5003
    },
    {
      "Rank": 13,
      "Player": "_Tia93_",
      "Points": 6,
      "Wins": 0,
      "Losses": 0,
      "Draws": 0,
      "OMWP": 0.4792,
      "GWP": 0.5,
      "OGWP": 0.4889
    },
    {
      "Rank": 12,
      "Player": "Adam-Bazika",
      "Points": 6,
      "Wins": 0,
      "Losses": 0,
      "Draws": 0,
      "OMWP": 0.5417000000000001,
      "GWP": 0.5,
      "OGWP": 0.5167
    },
    {
      "Rank": 11,
      "Player": "fazparte",
      "Points": 6,
      "Wins": 0,
      "Losses": 0,
      "Draws": 0,
      "OMWP": 0.5832999999999999,
      "GWP": 0.44439999999999996,
      "OGWP": 0.5354
    },
    {
      "Rank": 10,
      "Player": "McWinSauce",
      "Points": 6,
      "Wins": 0,
      "Losses": 0,
      "Draws": 0,
      "OMWP": 0.6042000000000001,
      "GWP": 0.5,
      "OGWP": 0.5333
    },
    {
      "Rank": 9,
      "Player": "marolanzi",
      "Points": 6,
      "Wins": 0,
      "Losses": 0,
      "Draws": 0,
      "OMWP": 0.6111,
      "GWP": 0.375,
      "OGWP": 0.6148
    },
    {
      "Rank": 8,
      "Player": "hashimo13",
      "Points": 6,
      "Wins": 0,
      "Losses": 0,
      "Draws": 0,
      "OMWP": 0.6457999999999999,
      "GWP": 0.5556,
      "OGWP": 0.6111
    },
    {
      "Rank": 7,
      "Player": "Jositoshekel",
      "Points": 9,
      "Wins": 0,
      "Losses": 0,
      "Draws": 0,
      "OMWP": 0.5207999999999999,
      "GWP": 0.6667000000000001,
      "OGWP": 0.5139
    },
    {
      "Rank": 6,
      "Player": "MJ_23",
      "Points": 9,
      "Wins": 0,
      "Losses": 0,
      "Draws": 0,
      "OMWP": 0.5417000000000001,
      "GWP": 0.6667000000000001,
      "OGWP": 0.5556
    },
    {
      "Rank": 5,
      "Player": "klien7",
      "Points": 9,
      "Wins": 0,
      "Losses": 0,
      "Draws": 0,
      "OMWP": 0.5417000000000001,
      "GWP": 0.7,
      "OGWP": 0.4611
    },
    {
      "Rank": 4,
      "Player": "howa",
      "Points": 9,
      "Wins": 0,
      "Losses": 0,
      "Draws": 0,
      "OMWP": 0.5832999999999999,
      "GWP": 0.6667000000000001,
      "OGWP": 0.5832999999999999
    },
    {
      "Rank": 3,
      "Player": "groot02",
      "Points": 9,
      "Wins": 0,
      "Losses": 0,
      "Draws": 0,
      "OMWP": 0.6875,
      "GWP": 0.7778,
      "OGWP": 0.5972
    },
    {
      "Rank": 2,
      "Player": "mikeleee",
      "Points": 12,
      "Wins": 0,
      "Losses": 0,
      "Draws": 0,
      "OMWP": 0.5832999999999999,
      "GWP": 0.6667000000000001,
      "OGWP": 0.5778
    },
    {
      "Rank": 1,
      "Player": "medvedev",
      "Points": 12,
      "Wins": 0,
      "Losses": 0,
      "Draws": 0,
      "OMWP": 0.625,
      "GWP": 1,
      "OGWP": 0.5660000000000001
    }
  ]
}