{
  "Tournament": {
    "Id": 12803151,
    "Date": "2025-07-15T01:00:00",
    "Name": "Pioneer Challenge 32 Special",
    "Uri": null,
    "JsonFile": null,
    "ForceRedownload": false
  },
  "Decks": null,
  "Rounds": [
    {
      "RoundName": "Round 1",
      "Matches": [
        {
          "Player1": "MAFS",
          "Player2": "hermanomlg",
          "Result": "0-2-0"
        },
        {
          "Player1": "TheWitchKling",
          "Player2": "plaza23",
          "Result": "0-2-0"
        },
        {
          "Player1": "moon11",
          "Player2": "SorryImSoTilted",
          "Result": "2-0-0"
        },
        {
          "Player1": "albertoSD",
          "Player2": "ElCucuy",
          "Result": "0-2-0"
        },
        {
          "Player1": "paolothewall182",
          "Player2": "tchuco",
          "Result": "2-0-0"
        },
        {
          "Player1": "wordy333",
          "Player2": "jorgeelias",
          "Result": "2-0-0"
        },
        {
          "Player1": "camroux22",
          "Player2": "Shulk",
          "Result": "2-0-0"
        },
        {
          "Player1": "O_danielakos",
          "Player2": "VitorCarvalho01",
          "Result": "0-2-0"
        },
        {
          "Player1": "pokerswizard",
          "Player2": "bid1992",
          "Result": "2-0-0"
        },
        {
          "Player1": "jakobpablo",
          "Player2": "PNascimento",
          "Result": "2-0-0"
        },
        {
          "Player1": "thatMagic",
          "Player2": "Alico",
          "Result": "0-2-0"
        },
        {
          "Player1": "Mateusf34",
          "Player2": "GL4You",
          "Result": "0-2-0"
        },
        {
          "Player1": "Andy_Over",
          "Player2": "Ivan_Draw_Go",
          "Result": "0-2-0"
        },
        {
          "Player1": "shoktroopa",
          "Player2": "_J0SE_",
          "Result": "2-0-0"
        },
        {
          "Player1": "LucasG1ggs",
          "Player2": "Cachorrowo",
          "Result": "2-0-0"
        },
        {
          "Player1": "jade-venus",
          "Player2": "MajorFurry",
          "Result": "0-2-0"
        },
        {
          "Player1": "pat0presidente",
          "Player2": "HouseOfManaMTG",
          "Result": "0-2-0"
        },
        {
          "Player1": "MJ_23",
          "Player2": "_Siegfried",
          "Result": "0-2-0"
        },
        {
          "Player1": "Artemis2021",
          "Player2": "PedraStone",
          "Result": "0-2-0"
        },
        {
          "Player1": "LuffyDoChapeuDePalha",
          "Player2": "DookieTrouserMD",
          "Result": "2-0-0"
        },
        {
          "Player1": "bolov0",
          "Player2": "fazparte",
          "Result": "0-2-0"
        },
        {
          "Player1": "mavzero87",
          "Player2": "FUXIN",
          "Result": "0-2-0"
        },
        {
          "Player1": "solace",
          "Player2": "NathanOfTheGiltLeaf",
          "Result": "0-2-0"
        },
        {
          "Player1": "sandydogmtg",
          "Player2": "Tunaktunak",
          "Result": "0-2-0"
        },
        {
          "Player1": "Ale_Mtg",
          "Player2": "filpin",
          "Result": "2-0-0"
        },
        {
          "Player1": "_Batutinha_",
          "Player2": "sandoiche",
          "Result": "2-0-0"
        },
        {
          "Player1": "Hernan72",
          "Player2": "FlawlessVictory-",
          "Result": "0-0-0"
        },
        {
          "Player1": "claudioh",
          "Player2": "xfile",
          "Result": "2-0-0"
        },
        {
          "Player1": "eggybenny",
          "Player2": "Doggo10358",
          "Result": "2-0-0"
        },
        {
          "Player1": "Game_Night",
          "Player2": "Bezerra_da_Silva",
          "Result": "0-2-0"
        },
        {
          "Player1": "andrw1232",
          "Player2": "GinkoHS",
          "Result": "0-2-0"
        },
        {
          "Player1": "MandrillMan",
          "Player2": "frost_edu",
          "Result": "0-2-0"
        },
        {
          "Player1": "Capitano_CL",
          "Player2": "marolanzi",
          "Result": "0-2-0"
        },
        {
          "Player1": "LucaAshok",
          "Player2": "groot02",
          "Result": "0-2-0"
        },
        {
          "Player1": "echecetmat35",
          "Player2": "Venom1",
          "Result": "2-0-0"
        }
      ]
    },
    {
      "RoundName": "Round 2",
      "Matches": [
        {
          "Player1": "pokerswizard",
          "Player2": "_Siegfried",
          "Result": "0-2-0"
        },
        {
          "Player1": "HouseOfManaMTG",
          "Player2": "GinkoHS",
          "Result": "2-0-0"
        },
        {
          "Player1": "TheWitchKling",
          "Player2": "_J0SE_",
          "Result": "2-0-0"
        },
        {
          "Player1": "sandoiche",
          "Player2": "andrw1232",
          "Result": "2-0-0"
        },
        {
          "Player1": "frost_edu",
          "Player2": "ElCucuy",
          "Result": "0-2-0"
        },
        {
          "Player1": "Capitano_CL",
          "Player2": "pat0presidente",
          "Result": "0-2-0"
        },
        {
          "Player1": "wordy333",
          "Player2": "paolothewall182",
          "Result": "0-2-0"
        },
        {
          "Player1": "xfile",
          "Player2": "Shulk",
          "Result": "2-0-0"
        },
        {
          "Player1": "bolov0",
          "Player2": "MandrillMan",
          "Result": "2-0-0"
        },
        {
          "Player1": "LuffyDoChapeuDePalha",
          "Player2": "MajorFurry",
          "Result": "2-0-0"
        },
        {
          "Player1": "GL4You",
          "Player2": "VitorCarvalho01",
          "Result": "0-2-0"
        },
        {
          "Player1": "NathanOfTheGiltLeaf",
          "Player2": "FlawlessVictory-",
          "Result": "2-0-0"
        },
        {
          "Player1": "Artemis2021",
          "Player2": "bid1992",
          "Result": "0-2-0"
        },
        {
          "Player1": "camroux22",
          "Player2": "PedraStone",
          "Result": "0-2-0"
        },
        {
          "Player1": "MJ_23",
          "Player2": "Cachorrowo",
          "Result": "2-0-0"
        },
        {
          "Player1": "tchuco",
          "Player2": "PNascimento",
          "Result": "2-0-0"
        },
        {
          "Player1": "claudioh",
          "Player2": "plaza23",
          "Result": "0-0-0"
        },
        {
          "Player1": "moon11",
          "Player2": "Bezerra_da_Silva",
          "Result": "2-0-0"
        },
        {
          "Player1": "Venom1",
          "Player2": "jade-venus",
          "Result": "2-0-0"
        },
        {
          "Player1": "shoktroopa",
          "Player2": "Alico",
          "Result": "0-2-0"
        },
        {
          "Player1": "mavzero87",
          "Player2": "filpin",
          "Result": "2-0-0"
        },
        {
          "Player1": "thatMagic",
          "Player2": "MAFS",
          "Result": "0-0-0"
        },
        {
          "Player1": "marolanzi",
          "Player2": "groot02",
          "Result": "2-0-0"
        },
        {
          "Player1": "echecetmat35",
          "Player2": "_Batutinha_",
          "Result": "2-1-0"
        },
        {
          "Player1": "O_danielakos",
          "Player2": "SorryImSoTilted",
          "Result": "0-2-0"
        },
        {
          "Player1": "sandydogmtg",
          "Player2": "DookieTrouserMD",
          "Result": "2-0-0"
        },
        {
          "Player1": "Hernan72",
          "Player2": "jorgeelias",
          "Result": "2-0-0"
        },
        {
          "Player1": "LucasG1ggs",
          "Player2": "hermanomlg",
          "Result": "0-2-0"
        },
        {
          "Player1": "Ale_Mtg",
          "Player2": "FUXIN",
          "Result": "0-2-0"
        },
        {
          "Player1": "Tunaktunak",
          "Player2": "fazparte",
          "Result": "2-0-0"
        },
        {
          "Player1": "LucaAshok",
          "Player2": "Doggo10358",
          "Result": "2-0-0"
        },
        {
          "Player1": "Ivan_Draw_Go",
          "Player2": "eggybenny",
          "Result": "2-0-0"
        },
        {
          "Player1": "Andy_Over",
          "Player2": "Game_Night",
          "Result": "2-0-0"
        },
        {
          "Player1": "Mateusf34",
          "Player2": "jakobpablo",
          "Result": "2-0-0"
        }
      ]
    },
    {
      "RoundName": "Round 3",
      "Matches": [
        {
          "Player1": "marolanzi",
          "Player2": "paolothewall182",
          "Result": "2-0-0"
        },
        {
          "Player1": "Alico",
          "Player2": "_Siegfried",
          "Result": "0-2-0"
        },
        {
          "Player1": "Tunaktunak",
          "Player2": "NathanOfTheGiltLeaf",
          "Result": "2-0-0"
        },
        {
          "Player1": "Hernan72",
          "Player2": "GinkoHS",
          "Result": "2-0-0"
        },
        {
          "Player1": "pokerswizard",
          "Player2": "moon11",
          "Result": "2-0-0"
        },
        {
          "Player1": "MAFS",
          "Player2": "jade-venus",
          "Result": "0-2-0"
        },
        {
          "Player1": "pat0presidente",
          "Player2": "SorryImSoTilted",
          "Result": "0-2-0"
        },
        {
          "Player1": "VitorCarvalho01",
          "Player2": "ElCucuy",
          "Result": "2-0-0"
        },
        {
          "Player1": "sandoiche",
          "Player2": "MJ_23",
          "Result": "0-2-0"
        },
        {
          "Player1": "Venom1",
          "Player2": "claudioh",
          "Result": "0-2-0"
        },
        {
          "Player1": "_Batutinha_",
          "Player2": "LucasG1ggs",
          "Result": "0-0-0"
        },
        {
          "Player1": "wordy333",
          "Player2": "FlawlessVictory-",
          "Result": "2-0-0"
        },
        {
          "Player1": "LucaAshok",
          "Player2": "frost_edu",
          "Result": "0-2-0"
        },
        {
          "Player1": "Andy_Over",
          "Player2": "MajorFurry",
          "Result": "0-2-0"
        },
        {
          "Player1": "echecetmat35",
          "Player2": "FUXIN",
          "Result": "0-2-0"
        },
        {
          "Player1": "Mateusf34",
          "Player2": "Bezerra_da_Silva",
          "Result": "1-2-0"
        },
        {
          "Player1": "_J0SE_",
          "Player2": "PNascimento",
          "Result": "0-2-0"
        },
        {
          "Player1": "Ivan_Draw_Go",
          "Player2": "plaza23",
          "Result": "2-0-0"
        },
        {
          "Player1": "mavzero87",
          "Player2": "thatMagic",
          "Result": "2-0-0"
        },
        {
          "Player1": "bolov0",
          "Player2": "GL4You",
          "Result": "2-0-0"
        },
        {
          "Player1": "shoktroopa",
          "Player2": "jakobpablo",
          "Result": "0-2-0"
        },
        {
          "Player1": "Game_Night",
          "Player2": "DookieTrouserMD",
          "Result": "0-2-0"
        },
        {
          "Player1": "O_danielakos",
          "Player2": "Shulk",
          "Result": "2-0-0"
        },
        {
          "Player1": "sandydogmtg",
          "Player2": "Ale_Mtg",
          "Result": "0-2-0"
        },
        {
          "Player1": "bid1992",
          "Player2": "fazparte",
          "Result": "0-2-0"
        },
        {
          "Player1": "tchuco",
          "Player2": "TheWitchKling",
          "Result": "0-2-0"
        },
        {
          "Player1": "hermanomlg",
          "Player2": "PedraStone",
          "Result": "2-0-0"
        },
        {
          "Player1": "eggybenny",
          "Player2": "groot02",
          "Result": "2-0-0"
        },
        {
          "Player1": "LuffyDoChapeuDePalha",
          "Player2": "HouseOfManaMTG",
          "Result": "2-0-0"
        },
        {
          "Player1": "xfile",
          "Player2": "camroux22",
          "Result": "0-0-0"
        }
      ]
    },
    {
      "RoundName": "Round 4",
      "Matches": [
        {
          "Player1": "sandoiche",
          "Player2": "GL4You",
          "Result": "0-2-0"
        },
        {
          "Player1": "plaza23",
          "Player2": "Bezerra_da_Silva",
          "Result": "0-2-0"
        },
        {
          "Player1": "SorryImSoTilted",
          "Player2": "fazparte",
          "Result": "2-0-0"
        },
        {
          "Player1": "MJ_23",
          "Player2": "PedraStone",
          "Result": "2-0-0"
        },
        {
          "Player1": "_Batutinha_",
          "Player2": "tchuco",
          "Result": "2-0-0"
        },
        {
          "Player1": "pokerswizard",
          "Player2": "Hernan72",
          "Result": "2-0-0"
        },
        {
          "Player1": "paolothewall182",
          "Player2": "eggybenny",
          "Result": "0-2-0"
        },
        {
          "Player1": "jakobpablo",
          "Player2": "TheWitchKling",
          "Result": "2-0-0"
        },
        {
          "Player1": "LucaAshok",
          "Player2": "MajorFurry",
          "Result": "2-0-0"
        },
        {
          "Player1": "Andy_Over",
          "Player2": "bid1992",
          "Result": "2-0-0"
        },
        {
          "Player1": "HouseOfManaMTG",
          "Player2": "ElCucuy",
          "Result": "0-2-0"
        },
        {
          "Player1": "claudioh",
          "Player2": "frost_edu",
          "Result": "2-0-0"
        },
        {
          "Player1": "hermanomlg",
          "Player2": "VitorCarvalho01",
          "Result": "2-0-0"
        },
        {
          "Player1": "LuffyDoChapeuDePalha",
          "Player2": "FUXIN",
          "Result": "2-0-0"
        },
        {
          "Player1": "thatMagic",
          "Player2": "PNascimento",
          "Result": "2-0-0"
        },
        {
          "Player1": "Mateusf34",
          "Player2": "groot02",
          "Result": "0-2-0"
        },
        {
          "Player1": "sandydogmtg",
          "Player2": "jade-venus",
          "Result": "2-0-0"
        },
        {
          "Player1": "moon11",
          "Player2": "Ale_Mtg",
          "Result": "0-2-0"
        },
        {
          "Player1": "pat0presidente",
          "Player2": "DookieTrouserMD",
          "Result": "0-0-0"
        },
        {
          "Player1": "wordy333",
          "Player2": "Alico",
          "Result": "0-2-0"
        },
        {
          "Player1": "echecetmat35",
          "Player2": "camroux22",
          "Result": "2-0-0"
        },
        {
          "Player1": "Venom1",
          "Player2": "xfile",
          "Result": "0-2-0"
        },
        {
          "Player1": "marolanzi",
          "Player2": "Tunaktunak",
          "Result": "2-0-0"
        },
        {
          "Player1": "mavzero87",
          "Player2": "NathanOfTheGiltLeaf",
          "Result": "2-0-0"
        },
        {
          "Player1": "Ivan_Draw_Go",
          "Player2": "_Siegfried",
          "Result": "0-2-0"
        },
        {
          "Player1": "bolov0",
          "Player2": "LucasG1ggs",
          "Result": "0-2-0"
        }
      ]
    },
    {
      "RoundName": "Round 5",
      "Matches": [
        {
          "Player1": "VitorCarvalho01",
          "Player2": "LucasG1ggs",
          "Result": "2-0-0"
        },
        {
          "Player1": "bid1992",
          "Player2": "PNascimento",
          "Result": "0-2-0"
        },
        {
          "Player1": "PedraStone",
          "Player2": "groot02",
          "Result": "2-0-0"
        },
        {
          "Player1": "pat0presidente",
          "Player2": "frost_edu",
          "Result": "0-2-0"
        },
        {
          "Player1": "Ivan_Draw_Go",
          "Player2": "ElCucuy",
          "Result": "0-2-0"
        },
        {
          "Player1": "Tunaktunak",
          "Player2": "Bezerra_da_Silva",
          "Result": "2-0-0"
        },
        {
          "Player1": "O_danielakos",
          "Player2": "thatMagic",
          "Result": "0-2-0"
        },
        {
          "Player1": "LuffyDoChapeuDePalha",
          "Player2": "_Siegfried",
          "Result": "2-0-0"
        },
        {
          "Player1": "pokerswizard",
          "Player2": "LucaAshok",
          "Result": "2-0-0"
        },
        {
          "Player1": "plaza23",
          "Player2": "GL4You",
          "Result": "2-0-0"
        },
        {
          "Player1": "DookieTrouserMD",
          "Player2": "jade-venus",
          "Result": "0-2-0"
        },
        {
          "Player1": "mavzero87",
          "Player2": "Ale_Mtg",
          "Result": "0-2-0"
        },
        {
          "Player1": "sandydogmtg",
          "Player2": "wordy333",
          "Result": "2-0-0"
        },
        {
          "Player1": "claudioh",
          "Player2": "Alico",
          "Result": "0-2-0"
        },
        {
          "Player1": "moon11",
          "Player2": "Andy_Over",
          "Result": "0-0-0"
        },
        {
          "Player1": "marolanzi",
          "Player2": "hermanomlg",
          "Result": "0-2-0"
        },
        {
          "Player1": "echecetmat35",
          "Player2": "jakobpablo",
          "Result": "2-0-0"
        },
        {
          "Player1": "NathanOfTheGiltLeaf",
          "Player2": "fazparte",
          "Result": "0-2-0"
        },
        {
          "Player1": "_Batutinha_",
          "Player2": "paolothewall182",
          "Result": "0-2-0"
        },
        {
          "Player1": "Hernan72",
          "Player2": "MajorFurry",
          "Result": "0-2-0"
        },
        {
          "Player1": "Venom1",
          "Player2": "TheWitchKling",
          "Result": "0-0-0"
        },
        {
          "Player1": "eggybenny",
          "Player2": "FUXIN",
          "Result": "0-2-0"
        },
        {
          "Player1": "MJ_23",
          "Player2": "SorryImSoTilted",
          "Result": "0-2-0"
        },
        {
          "Player1": "bolov0",
          "Player2": "xfile",
          "Result": "2-0-0"
        }
      ]
    },
    {
      "RoundName": "Round 6",
      "Matches": [
        {
          "Player1": "claudioh",
          "Player2": "Bezerra_da_Silva",
          "Result": "0-2-0"
        },
        {
          "Player1": "LucasG1ggs",
          "Player2": "plaza23",
          "Result": "0-2-0"
        },
        {
          "Player1": "eggybenny",
          "Player2": "sandydogmtg",
          "Result": "0-2-0"
        },
        {
          "Player1": "_Siegfried",
          "Player2": "VitorCarvalho01",
          "Result": "0-2-0"
        },
        {
          "Player1": "pokerswizard",
          "Player2": "Alico",
          "Result": "0-2-0"
        },
        {
          "Player1": "Ale_Mtg",
          "Player2": "SorryImSoTilted",
          "Result": "0-2-0"
        },
        {
          "Player1": "thatMagic",
          "Player2": "MajorFurry",
          "Result": "2-0-0"
        },
        {
          "Player1": "TheWitchKling",
          "Player2": "bid1992",
          "Result": "2-0-0"
        },
        {
          "Player1": "ElCucuy",
          "Player2": "Andy_Over",
          "Result": "2-0-0"
        },
        {
          "Player1": "LuffyDoChapeuDePalha",
          "Player2": "hermanomlg",
          "Result": "2-0-0"
        },
        {
          "Player1": "Ivan_Draw_Go",
          "Player2": "PedraStone",
          "Result": "0-2-0"
        },
        {
          "Player1": "marolanzi",
          "Player2": "FUXIN",
          "Result": "0-2-0"
        },
        {
          "Player1": "GL4You",
          "Player2": "jade-venus",
          "Result": "2-0-0"
        },
        {
          "Player1": "mavzero87",
          "Player2": "fazparte",
          "Result": "2-0-0"
        },
        {
          "Player1": "pat0presidente",
          "Player2": "xfile",
          "Result": "0-2-0"
        },
        {
          "Player1": "wordy333",
          "Player2": "LucaAshok",
          "Result": "0-2-0"
        },
        {
          "Player1": "echecetmat35",
          "Player2": "Tunaktunak",
          "Result": "0-0-0"
        },
        {
          "Player1": "paolothewall182",
          "Player2": "jakobpablo",
          "Result": "0-2-0"
        },
        {
          "Player1": "bolov0",
          "Player2": "frost_edu",
          "Result": "2-0-0"
        },
        {
          "Player1": "Venom1",
          "Player2": "PNascimento",
          "Result": "2-0-0"
        }
      ]
    },
    {
      "RoundName": "Round 7",
      "Matches": [
        {
          "Player1": "LucasG1ggs",
          "Player2": "MajorFurry",
          "Result": "0-2-0"
        },
        {
          "Player1": "VitorCarvalho01",
          "Player2": "SorryImSoTilted",
          "Result": "0-2-0"
        },
        {
          "Player1": "Alico",
          "Player2": "ElCucuy",
          "Result": "0-2-0"
        },
        {
          "Player1": "marolanzi",
          "Player2": "thatMagic",
          "Result": "0-2-0"
        },
        {
          "Player1": "Venom1",
          "Player2": "Ivan_Draw_Go",
          "Result": "2-0-0"
        },
        {
          "Player1": "paolothewall182",
          "Player2": "TheWitchKling",
          "Result": "2-0-0"
        },
        {
          "Player1": "hermanomlg",
          "Player2": "FUXIN",
          "Result": "2-0-0"
        },
        {
          "Player1": "echecetmat35",
          "Player2": "Ale_Mtg",
          "Result": "0-2-0"
        },
        {
          "Player1": "LucaAshok",
          "Player2": "xfile",
          "Result": "0-0-0"
        },
        {
          "Player1": "sandydogmtg",
          "Player2": "_Siegfried",
          "Result": "2-0-0"
        },
        {
          "Player1": "pat0presidente",
          "Player2": "jade-venus",
          "Result": "2-0-0"
        },
        {
          "Player1": "bolov0",
          "Player2": "plaza23",
          "Result": "0-0-0"
        },
        {
          "Player1": "jakobpablo",
          "Player2": "PedraStone",
          "Result": "0-2-0"
        },
        {
          "Player1": "fazparte",
          "Player2": "GL4You",
          "Result": "0-2-0"
        },
        {
          "Player1": "pokerswizard",
          "Player2": "Bezerra_da_Silva",
          "Result": "2-0-0"
        },
        {
          "Player1": "mavzero87",
          "Player2": "Andy_Over",
          "Result": "2-0-0"
        },
        {
          "Player1": "LuffyDoChapeuDePalha",
          "Player2": "Tunaktunak",
          "Result": "0-2-0"
        },
        {
          "Player1": "wordy333",
          "Player2": "eggybenny",
          "Result": "0-2-0"
        }
      ]
    },
    {
      "RoundName": "Round 8",
      "Matches": [
        {
          "Player1": "hermanomlg",
          "Player2": "VitorCarvalho01",
          "Result": "0-2-0"
        },
        {
          "Player1": "SorryImSoTilted",
          "Player2": "ElCucuy",
          "Result": "0-2-0"
        },
        {
          "Player1": "LuffyDoChapeuDePalha",
          "Player2": "Ale_Mtg",
          "Result": "0-2-0"
        },
        {
          "Player1": "Tunaktunak",
          "Player2": "FUXIN",
          "Result": "2-0-0"
        }
      ]
    },
    {
      "RoundName": "Round 9",
      "Matches": [
        {
          "Player1": "Tunaktunak",
          "Player2": "VitorCarvalho01",
          "Result": "2-0-0"
        },
        {
          "Player1": "Ale_Mtg",
          "Player2": "ElCucuy",
          "Result": "2-0-0"
        }
      ]
    },
    {
      "RoundName": "Round 10",
      "Matches": [
        {
          "Player1": "Tunaktunak",
          "Player2": "Ale_Mtg",
          "Result": "2-0-0"
        }
      ]
    }
  ],
  "Standings": [
    {
      "Rank": 70,
      "Player": "andrw1232",
      "Points": 0,
      "Wins": 0,
      "Losses": 0,
      "Draws": 0,
      "OMWP": 0.3333,
      "GWP": 0.2,
      "OGWP": 0.3333
    },
    {
      "Rank": 69,
      "Player": "jorgeelias",
      "Points": 0,
      "Wins": 0,
      "Losses": 0,
      "Draws": 0,
      "OMWP": 0.3667,
      "GWP": 0.2,
      "OGWP": 0.45
    },
    {
      "Rank": 68,
      "Player": "_J0SE_",
      "Points": 0,
      "Wins": 0,
      "Losses": 0,
      "Draws": 0,
      "OMWP": 0.3968,
      "GWP": 0.1429,
      "OGWP": 0.4675
    },
    {
      "Rank": 67,
      "Player": "solace",
      "Points": 0,
      "Wins": 0,
      "Losses": 0,
      "Draws": 0,
      "OMWP": 0.4,
      "GWP": 0,
      "OGWP": 0.4167
    },
    {
      "Rank": 66,
      "Player": "Game_Night",
      "Points": 0,
      "Wins": 0,
      "Losses": 0,
      "Draws": 0,
      "OMWP": 0.44439999999999996,
      "GWP": 0.1429,
      "OGWP": 0.4366
    },
    {
      "Rank": 65,
      "Player": "Shulk",
      "Points": 0,
      "Wins": 0,
      "Losses": 0,
      "Draws": 0,
      "OMWP": 0.4905,
      "GWP": 0.3333,
      "OGWP": 0.4545
    },
    {
      "Rank": 64,
      "Player": "Capitano_CL",
      "Points": 0,
      "Wins": 0,
      "Losses": 0,
      "Draws": 0,
      "OMWP": 0.5,
      "GWP": 0,
      "OGWP": 0.5425
    },
    {
      "Rank": 63,
      "Player": "Doggo10358",
      "Points": 0,
      "Wins": 0,
      "Losses": 0,
      "Draws": 0,
      "OMWP": 0.5,
      "GWP": 0.2,
      "OGWP": 0.4853
    },
    {
      "Rank": 62,
      "Player": "Cachorrowo",
      "Points": 0,
      "Wins": 0,
      "Losses": 0,
      "Draws": 0,
      "OMWP": 0.5143,
      "GWP": 0.2,
      "OGWP": 0.4917
    },
    {
      "Rank": 61,
      "Player": "Artemis2021",
      "Points": 0,
      "Wins": 0,
      "Losses": 0,
      "Draws": 0,
      "OMWP": 0.5238,
      "GWP": 0,
      "OGWP": 0.4608
    },
    {
      "Rank": 60,
      "Player": "MandrillMan",
      "Points": 0,
      "Wins": 0,
      "Losses": 0,
      "Draws": 0,
      "OMWP": 0.5357,
      "GWP": 0,
      "OGWP": 0.5307999999999999
    },
    {
      "Rank": 59,
      "Player": "MAFS",
      "Points": 0,
      "Wins": 0,
      "Losses": 0,
      "Draws": 0,
      "OMWP": 0.6349,
      "GWP": 0.25,
      "OGWP": 0.6144
    },
    {
      "Rank": 58,
      "Player": "filpin",
      "Points": 0,
      "Wins": 0,
      "Losses": 0,
      "Draws": 0,
      "OMWP": 0.7143,
      "GWP": 0.2,
      "OGWP": 0.5832999999999999
    },
    {
      "Rank": 57,
      "Player": "albertoSD",
      "Points": 0,
      "Wins": 0,
      "Losses": 0,
      "Draws": 0,
      "OMWP": 0.8571,
      "GWP": 0,
      "OGWP": 0.7222
    },
    {
      "Rank": 56,
      "Player": "FlawlessVictory-",
      "Points": 3,
      "Wins": 0,
      "Losses": 0,
      "Draws": 0,
      "OMWP": 0.3778,
      "GWP": 0.44439999999999996,
      "OGWP": 0.4389
    },
    {
      "Rank": 55,
      "Player": "GinkoHS",
      "Points": 3,
      "Wins": 0,
      "Losses": 0,
      "Draws": 0,
      "OMWP": 0.4111,
      "GWP": 0.2857,
      "OGWP": 0.4596
    },
    {
      "Rank": 54,
      "Player": "tchuco",
      "Points": 3,
      "Wins": 0,
      "Losses": 0,
      "Draws": 0,
      "OMWP": 0.4571,
      "GWP": 0.3,
      "OGWP": 0.49770000000000003
    },
    {
      "Rank": 53,
      "Player": "bid1992",
      "Points": 3,
      "Wins": 0,
      "Losses": 0,
      "Draws": 0,
      "OMWP": 0.4603,
      "GWP": 0.2857,
      "OGWP": 0.4679
    },
    {
      "Rank": 52,
      "Player": "sandoiche",
      "Points": 3,
      "Wins": 0,
      "Losses": 0,
      "Draws": 0,
      "OMWP": 0.47619999999999996,
      "GWP": 0.3333,
      "OGWP": 0.4852
    },
    {
      "Rank": 51,
      "Player": "Mateusf34",
      "Points": 3,
      "Wins": 0,
      "Losses": 0,
      "Draws": 0,
      "OMWP": 0.5286,
      "GWP": 0.3333,
      "OGWP": 0.5133
    },
    {
      "Rank": 50,
      "Player": "DookieTrouserMD",
      "Points": 3,
      "Wins": 0,
      "Losses": 0,
      "Draws": 0,
      "OMWP": 0.5333,
      "GWP": 0.2727,
      "OGWP": 0.5222
    },
    {
      "Rank": 49,
      "Player": "shoktroopa",
      "Points": 3,
      "Wins": 0,
      "Losses": 0,
      "Draws": 0,
      "OMWP": 0.5397,
      "GWP": 0.4286,
      "OGWP": 0.47950000000000004
    },
    {
      "Rank": 48,
      "Player": "_Batutinha_",
      "Points": 6,
      "Wins": 0,
      "Losses": 0,
      "Draws": 0,
      "OMWP": 0.4476,
      "GWP": 0.46149999999999997,
      "OGWP": 0.43439999999999995
    },
    {
      "Rank": 47,
      "Player": "Hernan72",
      "Points": 6,
      "Wins": 0,
      "Losses": 0,
      "Draws": 0,
      "OMWP": 0.4571,
      "GWP": 0.5,
      "OGWP": 0.4447
    },
    {
      "Rank": 46,
      "Player": "jade-venus",
      "Points": 6,
      "Wins": 0,
      "Losses": 0,
      "Draws": 0,
      "OMWP": 0.5034000000000001,
      "GWP": 0.4118,
      "OGWP": 0.4979
    },
    {
      "Rank": 45,
      "Player": "wordy333",
      "Points": 6,
      "Wins": 0,
      "Losses": 0,
      "Draws": 0,
      "OMWP": 0.5238,
      "GWP": 0.4,
      "OGWP": 0.5034000000000001
    },
    {
      "Rank": 44,
      "Player": "groot02",
      "Points": 6,
      "Wins": 0,
      "Losses": 0,
      "Draws": 0,
      "OMWP": 0.5238,
      "GWP": 0.46149999999999997,
      "OGWP": 0.4843
    },
    {
      "Rank": 43,
      "Player": "NathanOfTheGiltLeaf",
      "Points": 6,
      "Wins": 0,
      "Losses": 0,
      "Draws": 0,
      "OMWP": 0.5333,
      "GWP": 0.4167,
      "OGWP": 0.5041
    },
    {
      "Rank": 42,
      "Player": "camroux22",
      "Points": 6,
      "Wins": 0,
      "Losses": 0,
      "Draws": 0,
      "OMWP": 0.5476,
      "GWP": 0.5,
      "OGWP": 0.4929
    },
    {
      "Rank": 41,
      "Player": "HouseOfManaMTG",
      "Points": 6,
      "Wins": 0,
      "Losses": 0,
      "Draws": 0,
      "OMWP": 0.619,
      "GWP": 0.5455,
      "OGWP": 0.5832999999999999
    },
    {
      "Rank": 40,
      "Player": "O_danielakos",
      "Points": 6,
      "Wins": 0,
      "Losses": 0,
      "Draws": 0,
      "OMWP": 0.6548,
      "GWP": 0.3636,
      "OGWP": 0.6029
    },
    {
      "Rank": 39,
      "Player": "moon11",
      "Points": 6,
      "Wins": 0,
      "Losses": 0,
      "Draws": 0,
      "OMWP": 0.6570999999999999,
      "GWP": 0.46149999999999997,
      "OGWP": 0.5752
    },
    {
      "Rank": 38,
      "Player": "PNascimento",
      "Points": 9,
      "Wins": 0,
      "Losses": 0,
      "Draws": 0,
      "OMWP": 0.47619999999999996,
      "GWP": 0.5294,
      "OGWP": 0.4532
    },
    {
      "Rank": 37,
      "Player": "LucaAshok",
      "Points": 9,
      "Wins": 0,
      "Losses": 0,
      "Draws": 0,
      "OMWP": 0.4891,
      "GWP": 0.5,
      "OGWP": 0.467
    },
    {
      "Rank": 36,
      "Player": "TheWitchKling",
      "Points": 9,
      "Wins": 0,
      "Losses": 0,
      "Draws": 0,
      "OMWP": 0.48979999999999996,
      "GWP": 0.44439999999999996,
      "OGWP": 0.465
    },
    {
      "Rank": 35,
      "Player": "pat0presidente",
      "Points": 9,
      "Wins": 0,
      "Losses": 0,
      "Draws": 0,
      "OMWP": 0.48979999999999996,
      "GWP": 0.5556,
      "OGWP": 0.47859999999999997
    },
    {
      "Rank": 34,
      "Player": "Andy_Over",
      "Points": 9,
      "Wins": 0,
      "Losses": 0,
      "Draws": 0,
      "OMWP": 0.5196999999999999,
      "GWP": 0.4211,
      "OGWP": 0.4993
    },
    {
      "Rank": 33,
      "Player": "frost_edu",
      "Points": 9,
      "Wins": 0,
      "Losses": 0,
      "Draws": 0,
      "OMWP": 0.5197999999999999,
      "GWP": 0.46149999999999997,
      "OGWP": 0.5296
    },
    {
      "Rank": 32,
      "Player": "MJ_23",
      "Points": 9,
      "Wins": 0,
      "Losses": 0,
      "Draws": 0,
      "OMWP": 0.5619,
      "GWP": 0.5832999999999999,
      "OGWP": 0.5097999999999999
    },
    {
      "Rank": 31,
      "Player": "LucasG1ggs",
      "Points": 9,
      "Wins": 0,
      "Losses": 0,
      "Draws": 0,
      "OMWP": 0.5946,
      "GWP": 0.4,
      "OGWP": 0.5696
    },
    {
      "Rank": 30,
      "Player": "claudioh",
      "Points": 9,
      "Wins": 0,
      "Losses": 0,
      "Draws": 0,
      "OMWP": 0.6071,
      "GWP": 0.4667,
      "OGWP": 0.5624
    },
    {
      "Rank": 29,
      "Player": "fazparte",
      "Points": 9,
      "Wins": 0,
      "Losses": 0,
      "Draws": 0,
      "OMWP": 0.615,
      "GWP": 0.5,
      "OGWP": 0.56
    },
    {
      "Rank": 28,
      "Player": "Ivan_Draw_Go",
      "Points": 9,
      "Wins": 0,
      "Losses": 0,
      "Draws": 0,
      "OMWP": 0.6327,
      "GWP": 0.5,
      "OGWP": 0.5654
    },
    {
      "Rank": 27,
      "Player": "paolothewall182",
      "Points": 12,
      "Wins": 0,
      "Losses": 0,
      "Draws": 0,
      "OMWP": 0.4585,
      "GWP": 0.5556,
      "OGWP": 0.4447
    },
    {
      "Rank": 26,
      "Player": "Venom1",
      "Points": 12,
      "Wins": 0,
      "Losses": 0,
      "Draws": 0,
      "OMWP": 0.466,
      "GWP": 0.5789,
      "OGWP": 0.486
    },
    {
      "Rank": 25,
      "Player": "xfile",
      "Points": 12,
      "Wins": 0,
      "Losses": 0,
      "Draws": 0,
      "OMWP": 0.47619999999999996,
      "GWP": 0.5,
      "OGWP": 0.5049
    },
    {
      "Rank": 24,
      "Player": "jakobpablo",
      "Points": 12,
      "Wins": 0,
      "Losses": 0,
      "Draws": 0,
      "OMWP": 0.483,
      "GWP": 0.47369999999999995,
      "OGWP": 0.4899
    },
    {
      "Rank": 23,
      "Player": "GL4You",
      "Points": 12,
      "Wins": 0,
      "Losses": 0,
      "Draws": 0,
      "OMWP": 0.48979999999999996,
      "GWP": 0.5625,
      "OGWP": 0.4961
    },
    {
      "Rank": 22,
      "Player": "eggybenny",
      "Points": 12,
      "Wins": 0,
      "Losses": 0,
      "Draws": 0,
      "OMWP": 0.4993,
      "GWP": 0.4706,
      "OGWP": 0.498
    },
    {
      "Rank": 21,
      "Player": "bolov0",
      "Points": 12,
      "Wins": 0,
      "Losses": 0,
      "Draws": 0,
      "OMWP": 0.5068,
      "GWP": 0.6,
      "OGWP": 0.4863
    },
    {
      "Rank": 20,
      "Player": "MajorFurry",
      "Points": 12,
      "Wins": 0,
      "Losses": 0,
      "Draws": 0,
      "OMWP": 0.5129,
      "GWP": 0.5333,
      "OGWP": 0.5174
    },
    {
      "Rank": 19,
      "Player": "Bezerra_da_Silva",
      "Points": 12,
      "Wins": 0,
      "Losses": 0,
      "Draws": 0,
      "OMWP": 0.5503,
      "GWP": 0.5556,
      "OGWP": 0.4932
    },
    {
      "Rank": 18,
      "Player": "echecetmat35",
      "Points": 12,
      "Wins": 0,
      "Losses": 0,
      "Draws": 0,
      "OMWP": 0.6184000000000001,
      "GWP": 0.55,
      "OGWP": 0.5498
    },
    {
      "Rank": 17,
      "Player": "marolanzi",
      "Points": 12,
      "Wins": 0,
      "Losses": 0,
      "Draws": 0,
      "OMWP": 0.6354,
      "GWP": 0.5294,
      "OGWP": 0.5801
    },
    {
      "Rank": 16,
      "Player": "_Siegfried",
      "Points": 12,
      "Wins": 0,
      "Losses": 0,
      "Draws": 0,
      "OMWP": 0.6776000000000001,
      "GWP": 0.5294,
      "OGWP": 0.6073
    },
    {
      "Rank": 15,
      "Player": "pokerswizard",
      "Points": 15,
      "Wins": 0,
      "Losses": 0,
      "Draws": 0,
      "OMWP": 0.48840000000000006,
      "GWP": 0.5789,
      "OGWP": 0.5015999999999999
    },
    {
      "Rank": 14,
      "Player": "plaza23",
      "Points": 15,
      "Wins": 0,
      "Losses": 0,
      "Draws": 0,
      "OMWP": 0.5,
      "GWP": 0.6470999999999999,
      "OGWP": 0.5042
    },
    {
      "Rank": 13,
      "Player": "PedraStone",
      "Points": 15,
      "Wins": 0,
      "Losses": 0,
      "Draws": 0,
      "OMWP": 0.5272,
      "GWP": 0.5882000000000001,
      "OGWP": 0.5167
    },
    {
      "Rank": 12,
      "Player": "sandydogmtg",
      "Points": 15,
      "Wins": 0,
      "Losses": 0,
      "Draws": 0,
      "OMWP": 0.5306000000000001,
      "GWP": 0.5882000000000001,
      "OGWP": 0.47600000000000003
    },
    {
      "Rank": 11,
      "Player": "mavzero87",
      "Points": 15,
      "Wins": 0,
      "Losses": 0,
      "Draws": 0,
      "OMWP": 0.5333,
      "GWP": 0.6111,
      "OGWP": 0.5058
    },
    {
      "Rank": 10,
      "Player": "thatMagic",
      "Points": 15,
      "Wins": 0,
      "Losses": 0,
      "Draws": 0,
      "OMWP": 0.5333,
      "GWP": 0.6667000000000001,
      "OGWP": 0.5045000000000001
    },
    {
      "Rank": 9,
      "Player": "Alico",
      "Points": 15,
      "Wins": 0,
      "Losses": 0,
      "Draws": 0,
      "OMWP": 0.5748,
      "GWP": 0.6315999999999999,
      "OGWP": 0.5418
    },
    {
      "Rank": 8,
      "Player": "FUXIN",
      "Points": 15,
      "Wins": 0,
      "Losses": 0,
      "Draws": 0,
      "OMWP": 0.6939,
      "GWP": 0.6470999999999999,
      "OGWP": 0.6004999999999999
    },
    {
      "Rank": 7,
      "Player": "SorryImSoTilted",
      "Points": 18,
      "Wins": 0,
      "Losses": 0,
      "Draws": 0,
      "OMWP": 0.5265,
      "GWP": 0.7646999999999999,
      "OGWP": 0.5238
    },
    {
      "Rank": 6,
      "Player": "hermanomlg",
      "Points": 18,
      "Wins": 0,
      "Losses": 0,
      "Draws": 0,
      "OMWP": 0.619,
      "GWP": 0.7646999999999999,
      "OGWP": 0.5525
    },
    {
      "Rank": 5,
      "Player": "LuffyDoChapeuDePalha",
      "Points": 18,
      "Wins": 0,
      "Losses": 0,
      "Draws": 0,
      "OMWP": 0.6293,
      "GWP": 0.7222,
      "OGWP": 0.5693
    },
    {
      "Rank": 4,
      "Player": "VitorCarvalho01",
      "Points": 18,
      "Wins": 0,
      "Losses": 0,
      "Draws": 0,
      "OMWP": 0.649,
      "GWP": 0.6470999999999999,
      "OGWP": 0.5867
    },
    {
      "Rank": 3,
      "Player": "ElCucuy",
      "Points": 21,
      "Wins": 0,
      "Losses": 0,
      "Draws": 0,
      "OMWP": 0.517,
      "GWP": 0.7222,
      "OGWP": 0.5057
    },
    {
      "Rank": 2,
      "Player": "Ale_Mtg",
      "Points": 21,
      "Wins": 0,
      "Losses": 0,
      "Draws": 0,
      "OMWP": 0.615,
      "GWP": 0.5556,
      "OGWP": 0.5650999999999999
    },
    {
      "Rank": 1,
      "Player": "Tunaktunak",
      "Points": 27,
      "Wins": 0,
      "Losses": 0,
      "Draws": 0,
      "OMWP": 0.5878,
      "GWP": 0.6315999999999999,
      "OGWP": 0.5517
    }
  ]
}