{
  "Tournament": {
    "Id": 12802868,
    "Date": "2025-07-15T19:00:00",
    "Name": "Standard Challenge 64",
    "Uri": null,
    "JsonFile": null,
    "ForceRedownload": false
  },
  "Decks": null,
  "Rounds": [
    {
      "RoundName": "Round 1",
      "Matches": [
        {
          "Player1": "filib",
          "Player2": "KadettiKersantti",
          "Result": "2-0-0"
        },
        {
          "Player1": "fireshoes",
          "Player2": "Richie727",
          "Result": "0-2-0"
        },
        {
          "Player1": "Harry13",
          "Player2": "GengsKhan",
          "Result": "0-2-0"
        },
        {
          "Player1": "elBB",
          "Player2": "RezerDeDog",
          "Result": "2-0-0"
        },
        {
          "Player1": "Darthkid",
          "Player2": "DavidPierceUTA",
          "Result": "2-0-0"
        },
        {
          "Player1": "rastaf",
          "Player2": "Doomenstein",
          "Result": "0-2-0"
        },
        {
          "Player1": "rollo1993",
          "Player2": "canepis16",
          "Result": "0-2-0"
        },
        {
          "Player1": "xfile",
          "Player2": "Bugsy69",
          "Result": "2-0-0"
        },
        {
          "Player1": "HoldTheElle",
          "Player2": "DB_Dykman",
          "Result": "2-0-0"
        },
        {
          "Player1": "GodOfSlaughter",
          "Player2": "Tosco1992",
          "Result": "2-0-0"
        },
        {
          "Player1": "FleshEatinGnome",
          "Player2": "jorgeelias",
          "Result": "0-2-0"
        },
        {
          "Player1": "bolov0",
          "Player2": "peter780108",
          "Result": "0-2-0"
        },
        {
          "Player1": "Deathnote1999",
          "Player2": "ninepoundhammer",
          "Result": "2-0-0"
        },
        {
          "Player1": "luvadepedreiro",
          "Player2": "VitorCarvalho01",
          "Result": "0-2-0"
        },
        {
          "Player1": "O_danielakos",
          "Player2": "Salty_Orange",
          "Result": "0-0-0"
        },
        {
          "Player1": "L1X0",
          "Player2": "ovmlcabrera",
          "Result": "0-0-0"
        },
        {
          "Player1": "littledarwin",
          "Player2": "Lennny",
          "Result": "0-0-0"
        },
        {
          "Player1": "LucasG1ggs",
          "Player2": "lunaloveee",
          "Result": "2-0-0"
        },
        {
          "Player1": "slaxx",
          "Player2": "EdgarB",
          "Result": "2-0-0"
        },
        {
          "Player1": "MJ_23",
          "Player2": "SuperCow12653",
          "Result": "0-2-0"
        },
        {
          "Player1": "SoulStrong",
          "Player2": "Kampo",
          "Result": "0-2-0"
        },
        {
          "Player1": "matttothec",
          "Player2": "OafMcNamara",
          "Result": "0-2-0"
        },
        {
          "Player1": "r0cknati0n",
          "Player2": "Predrag133",
          "Result": "2-0-0"
        },
        {
          "Player1": "Arianne",
          "Player2": "RileyLBJ",
          "Result": "0-2-0"
        },
        {
          "Player1": "BERNASTORRES",
          "Player2": "Ale_Mtg",
          "Result": "2-0-0"
        },
        {
          "Player1": "_ZNT_",
          "Player2": "Sapoa",
          "Result": "2-0-0"
        },
        {
          "Player1": "Tunaktunak",
          "Player2": "tchuco",
          "Result": "2-0-0"
        },
        {
          "Player1": "sokos13",
          "Player2": "_Tia93_",
          "Result": "2-0-0"
        },
        {
          "Player1": "Brasatore",
          "Player2": "Zoza",
          "Result": "2-0-0"
        },
        {
          "Player1": "levunga21",
          "Player2": "Cachorrowo",
          "Result": "2-0-0"
        },
        {
          "Player1": "burnet7",
          "Player2": "GzusReturned",
          "Result": "0-2-0"
        },
        {
          "Player1": "DskBayWolf",
          "Player2": "koornfrost",
          "Result": "0-2-0"
        },
        {
          "Player1": "Navas",
          "Player2": "TheManLand",
          "Result": "0-0-0"
        },
        {
          "Player1": "Venom1",
          "Player2": "talonflame23185",
          "Result": "0-2-0"
        },
        {
          "Player1": "_Falcon_",
          "Player2": "ElCucuy",
          "Result": "0-2-0"
        }
      ]
    },
    {
      "RoundName": "Round 2",
      "Matches": [
        {
          "Player1": "L1X0",
          "Player2": "RezerDeDog",
          "Result": "0-2-0"
        },
        {
          "Player1": "SoulStrong",
          "Player2": "Cachorrowo",
          "Result": "0-2-0"
        },
        {
          "Player1": "SuperCow12653",
          "Player2": "GengsKhan",
          "Result": "0-2-0"
        },
        {
          "Player1": "MJ_23",
          "Player2": "FleshEatinGnome",
          "Result": "2-0-0"
        },
        {
          "Player1": "Arianne",
          "Player2": "_Falcon_",
          "Result": "2-0-0"
        },
        {
          "Player1": "_ZNT_",
          "Player2": "Brasatore",
          "Result": "2-0-0"
        },
        {
          "Player1": "BERNASTORRES",
          "Player2": "Kampo",
          "Result": "0-2-0"
        },
        {
          "Player1": "Harry13",
          "Player2": "burnet7",
          "Result": "2-0-0"
        },
        {
          "Player1": "_Tia93_",
          "Player2": "EdgarB",
          "Result": "0-2-0"
        },
        {
          "Player1": "slaxx",
          "Player2": "LucasG1ggs",
          "Result": "0-2-0"
        },
        {
          "Player1": "r0cknati0n",
          "Player2": "VitorCarvalho01",
          "Result": "0-2-0"
        },
        {
          "Player1": "levunga21",
          "Player2": "Gerschi",
          "Result": "0-2-0"
        },
        {
          "Player1": "rastaf",
          "Player2": "Sapoa",
          "Result": "0-2-0"
        },
        {
          "Player1": "rollo1993",
          "Player2": "lunaloveee",
          "Result": "0-0-0"
        },
        {
          "Player1": "littledarwin",
          "Player2": "koornfrost",
          "Result": "2-0-0"
        },
        {
          "Player1": "Darthkid",
          "Player2": "filib",
          "Result": "2-0-0"
        },
        {
          "Player1": "peter780108",
          "Player2": "TheManLand",
          "Result": "2-0-0"
        },
        {
          "Player1": "O_danielakos",
          "Player2": "Doomenstein",
          "Result": "0-2-0"
        },
        {
          "Player1": "HoldTheElle",
          "Player2": "Deathnote1999",
          "Result": "2-0-0"
        },
        {
          "Player1": "ninepoundhammer",
          "Player2": "DavidPierceUTA",
          "Result": "2-0-0"
        },
        {
          "Player1": "Lennny",
          "Player2": "DB_Dykman",
          "Result": "0-2-0"
        },
        {
          "Player1": "Navas",
          "Player2": "KadettiKersantti",
          "Result": "0-2-0"
        },
        {
          "Player1": "OafMcNamara",
          "Player2": "RileyLBJ",
          "Result": "2-0-0"
        },
        {
          "Player1": "Richie727",
          "Player2": "ElCucuy",
          "Result": "2-0-0"
        },
        {
          "Player1": "fireshoes",
          "Player2": "luvadepedreiro",
          "Result": "2-0-0"
        },
        {
          "Player1": "GodOfSlaughter",
          "Player2": "talonflame23185",
          "Result": "2-0-0"
        },
        {
          "Player1": "Bugsy69",
          "Player2": "Tosco1992",
          "Result": "0-2-0"
        },
        {
          "Player1": "Venom1",
          "Player2": "Predrag133",
          "Result": "0-2-0"
        },
        {
          "Player1": "ovmlcabrera",
          "Player2": "jorgeelias",
          "Result": "2-0-0"
        },
        {
          "Player1": "sokos13",
          "Player2": "elBB",
          "Result": "2-0-0"
        },
        {
          "Player1": "bolov0",
          "Player2": "Salty_Orange",
          "Result": "0-2-0"
        },
        {
          "Player1": "xfile",
          "Player2": "GzusReturned",
          "Result": "0-2-0"
        },
        {
          "Player1": "Tunaktunak",
          "Player2": "canepis16",
          "Result": "2-0-0"
        },
        {
          "Player1": "tchuco",
          "Player2": "Zoza",
          "Result": "0-2-0"
        },
        {
          "Player1": "matttothec",
          "Player2": "DskBayWolf",
          "Result": "0-2-0"
        }
      ]
    },
    {
      "RoundName": "Round 3",
      "Matches": [
        {
          "Player1": "Brasatore",
          "Player2": "RezerDeDog",
          "Result": "0-2-0"
        },
        {
          "Player1": "sokos13",
          "Player2": "ovmlcabrera",
          "Result": "0-2-0"
        },
        {
          "Player1": "filib",
          "Player2": "DB_Dykman",
          "Result": "0-2-0"
        },
        {
          "Player1": "MJ_23",
          "Player2": "O_danielakos",
          "Result": "0-0-0"
        },
        {
          "Player1": "Harry13",
          "Player2": "Predrag133",
          "Result": "0-2-0"
        },
        {
          "Player1": "HoldTheElle",
          "Player2": "GzusReturned",
          "Result": "0-2-0"
        },
        {
          "Player1": "littledarwin",
          "Player2": "Richie727",
          "Result": "0-2-0"
        },
        {
          "Player1": "LucasG1ggs",
          "Player2": "Doomenstein",
          "Result": "2-0-0"
        },
        {
          "Player1": "VitorCarvalho01",
          "Player2": "_ZNT_",
          "Result": "0-2-0"
        },
        {
          "Player1": "xfile",
          "Player2": "KadettiKersantti",
          "Result": "2-0-0"
        },
        {
          "Player1": "matttothec",
          "Player2": "DavidPierceUTA",
          "Result": "2-0-0"
        },
        {
          "Player1": "L1X0",
          "Player2": "burnet7",
          "Result": "0-2-0"
        },
        {
          "Player1": "_Tia93_",
          "Player2": "luvadepedreiro",
          "Result": "2-0-0"
        },
        {
          "Player1": "BERNASTORRES",
          "Player2": "TheManLand",
          "Result": "0-2-0"
        },
        {
          "Player1": "jorgeelias",
          "Player2": "koornfrost",
          "Result": "2-0-0"
        },
        {
          "Player1": "rastaf",
          "Player2": "SoulStrong",
          "Result": "0-2-0"
        },
        {
          "Player1": "GodOfSlaughter",
          "Player2": "Darthkid",
          "Result": "1-2-0"
        },
        {
          "Player1": "fireshoes",
          "Player2": "ninepoundhammer",
          "Result": "0-2-0"
        },
        {
          "Player1": "slaxx",
          "Player2": "RileyLBJ",
          "Result": "2-0-0"
        },
        {
          "Player1": "r0cknati0n",
          "Player2": "Tosco1992",
          "Result": "2-0-0"
        },
        {
          "Player1": "Gerschi",
          "Player2": "Kampo",
          "Result": "2-0-0"
        },
        {
          "Player1": "levunga21",
          "Player2": "talonflame23185",
          "Result": "2-0-0"
        },
        {
          "Player1": "Arianne",
          "Player2": "Sapoa",
          "Result": "2-0-0"
        },
        {
          "Player1": "Deathnote1999",
          "Player2": "elBB",
          "Result": "2-0-0"
        },
        {
          "Player1": "Salty_Orange",
          "Player2": "lunaloveee",
          "Result": "0-2-0"
        },
        {
          "Player1": "Ale_Mtg",
          "Player2": "Zoza",
          "Result": "0-2-0"
        },
        {
          "Player1": "Cachorrowo",
          "Player2": "EdgarB",
          "Result": "2-0-0"
        },
        {
          "Player1": "peter780108",
          "Player2": "GengsKhan",
          "Result": "2-0-0"
        },
        {
          "Player1": "tchuco",
          "Player2": "_Falcon_",
          "Result": "2-0-0"
        },
        {
          "Player1": "OafMcNamara",
          "Player2": "Tunaktunak",
          "Result": "0-2-0"
        },
        {
          "Player1": "canepis16",
          "Player2": "DskBayWolf",
          "Result": "2-0-0"
        },
        {
          "Player1": "SuperCow12653",
          "Player2": "ElCucuy",
          "Result": "0-2-0"
        }
      ]
    },
    {
      "RoundName": "Round 4",
      "Matches": [
        {
          "Player1": "RileyLBJ",
          "Player2": "Tosco1992",
          "Result": "0-0-0"
        },
        {
          "Player1": "SoulStrong",
          "Player2": "talonflame23185",
          "Result": "0-0-0"
        },
        {
          "Player1": "levunga21",
          "Player2": "ElCucuy",
          "Result": "0-0-0"
        },
        {
          "Player1": "Arianne",
          "Player2": "Kampo",
          "Result": "0-2-0"
        },
        {
          "Player1": "filib",
          "Player2": "koornfrost",
          "Result": "0-2-0"
        },
        {
          "Player1": "HoldTheElle",
          "Player2": "TheManLand",
          "Result": "0-2-0"
        },
        {
          "Player1": "elBB",
          "Player2": "EdgarB",
          "Result": "2-0-0"
        },
        {
          "Player1": "ovmlcabrera",
          "Player2": "LucasG1ggs",
          "Result": "2-0-0"
        },
        {
          "Player1": "Salty_Orange",
          "Player2": "DskBayWolf",
          "Result": "0-2-0"
        },
        {
          "Player1": "RezerDeDog",
          "Player2": "Predrag133",
          "Result": "2-0-0"
        },
        {
          "Player1": "SuperCow12653",
          "Player2": "Sapoa",
          "Result": "0-2-0"
        },
        {
          "Player1": "matttothec",
          "Player2": "MJ_23",
          "Result": "0-2-0"
        },
        {
          "Player1": "Tunaktunak",
          "Player2": "_ZNT_",
          "Result": "0-2-0"
        },
        {
          "Player1": "slaxx",
          "Player2": "GodOfSlaughter",
          "Result": "0-0-0"
        },
        {
          "Player1": "fireshoes",
          "Player2": "Brasatore",
          "Result": "2-0-0"
        },
        {
          "Player1": "canepis16",
          "Player2": "Doomenstein",
          "Result": "2-0-0"
        },
        {
          "Player1": "jorgeelias",
          "Player2": "DB_Dykman",
          "Result": "2-0-0"
        },
        {
          "Player1": "OafMcNamara",
          "Player2": "Zoza",
          "Result": "0-2-0"
        },
        {
          "Player1": "Darthkid",
          "Player2": "lunaloveee",
          "Result": "0-2-0"
        },
        {
          "Player1": "Gerschi",
          "Player2": "GzusReturned",
          "Result": "2-0-0"
        },
        {
          "Player1": "sokos13",
          "Player2": "GengsKhan",
          "Result": "0-2-0"
        },
        {
          "Player1": "Harry13",
          "Player2": "tchuco",
          "Result": "2-0-0"
        },
        {
          "Player1": "Cachorrowo",
          "Player2": "VitorCarvalho01",
          "Result": "0-2-0"
        },
        {
          "Player1": "rastaf",
          "Player2": "luvadepedreiro",
          "Result": "0-2-0"
        },
        {
          "Player1": "littledarwin",
          "Player2": "ninepoundhammer",
          "Result": "0-2-0"
        },
        {
          "Player1": "Richie727",
          "Player2": "peter780108",
          "Result": "0-2-0"
        },
        {
          "Player1": "O_danielakos",
          "Player2": "Deathnote1999",
          "Result": "2-0-0"
        },
        {
          "Player1": "_Tia93_",
          "Player2": "burnet7",
          "Result": "2-0-0"
        },
        {
          "Player1": "r0cknati0n",
          "Player2": "xfile",
          "Result": "2-0-0"
        }
      ]
    },
    {
      "RoundName": "Round 5",
      "Matches": [
        {
          "Player1": "TheManLand",
          "Player2": "xfile",
          "Result": "2-0-0"
        },
        {
          "Player1": "Gerschi",
          "Player2": "_ZNT_",
          "Result": "0-2-0"
        },
        {
          "Player1": "GodOfSlaughter",
          "Player2": "ElCucuy",
          "Result": "0-2-0"
        },
        {
          "Player1": "tchuco",
          "Player2": "luvadepedreiro",
          "Result": "0-2-0"
        },
        {
          "Player1": "matttothec",
          "Player2": "filib",
          "Result": "0-2-0"
        },
        {
          "Player1": "sokos13",
          "Player2": "EdgarB",
          "Result": "2-0-0"
        },
        {
          "Player1": "r0cknati0n",
          "Player2": "Kampo",
          "Result": "2-0-0"
        },
        {
          "Player1": "RileyLBJ",
          "Player2": "DavidPierceUTA",
          "Result": "2-0-0"
        },
        {
          "Player1": "MJ_23",
          "Player2": "OafMcNamara",
          "Result": "0-2-0"
        },
        {
          "Player1": "Harry13",
          "Player2": "DskBayWolf",
          "Result": "2-0-0"
        },
        {
          "Player1": "GengsKhan",
          "Player2": "ninepoundhammer",
          "Result": "2-0-0"
        },
        {
          "Player1": "Tunaktunak",
          "Player2": "LucasG1ggs",
          "Result": "0-2-0"
        },
        {
          "Player1": "canepis16",
          "Player2": "RezerDeDog",
          "Result": "0-2-0"
        },
        {
          "Player1": "HoldTheElle",
          "Player2": "koornfrost",
          "Result": "0-2-0"
        },
        {
          "Player1": "littledarwin",
          "Player2": "Arianne",
          "Result": "2-0-0"
        },
        {
          "Player1": "Sapoa",
          "Player2": "DB_Dykman",
          "Result": "0-2-0"
        },
        {
          "Player1": "lunaloveee",
          "Player2": "Zoza",
          "Result": "2-0-0"
        },
        {
          "Player1": "ovmlcabrera",
          "Player2": "peter780108",
          "Result": "0-2-0"
        },
        {
          "Player1": "levunga21",
          "Player2": "fireshoes",
          "Result": "2-0-0"
        },
        {
          "Player1": "O_danielakos",
          "Player2": "GzusReturned",
          "Result": "0-2-0"
        },
        {
          "Player1": "elBB",
          "Player2": "Tosco1992",
          "Result": "0-2-0"
        },
        {
          "Player1": "Doomenstein",
          "Player2": "Predrag133",
          "Result": "2-0-0"
        },
        {
          "Player1": "Darthkid",
          "Player2": "VitorCarvalho01",
          "Result": "2-0-0"
        },
        {
          "Player1": "Richie727",
          "Player2": "jorgeelias",
          "Result": "2-0-0"
        },
        {
          "Player1": "SoulStrong",
          "Player2": "Deathnote1999",
          "Result": "0-2-0"
        },
        {
          "Player1": "_Tia93_",
          "Player2": "Cachorrowo",
          "Result": "0-2-0"
        }
      ]
    },
    {
      "RoundName": "Round 6",
      "Matches": [
        {
          "Player1": "sokos13",
          "Player2": "Zoza",
          "Result": "2-0-0"
        },
        {
          "Player1": "Richie727",
          "Player2": "TheManLand",
          "Result": "0-2-0"
        },
        {
          "Player1": "LucasG1ggs",
          "Player2": "Darthkid",
          "Result": "0-2-0"
        },
        {
          "Player1": "fireshoes",
          "Player2": "HoldTheElle",
          "Result": "0-2-0"
        },
        {
          "Player1": "Kampo",
          "Player2": "Doomenstein",
          "Result": "2-0-0"
        },
        {
          "Player1": "rastaf",
          "Player2": "DavidPierceUTA",
          "Result": "2-0-0"
        },
        {
          "Player1": "DB_Dykman",
          "Player2": "koornfrost",
          "Result": "0-2-0"
        },
        {
          "Player1": "Gerschi",
          "Player2": "r0cknati0n",
          "Result": "2-0-0"
        },
        {
          "Player1": "Deathnote1999",
          "Player2": "Cachorrowo",
          "Result": "0-0-0"
        },
        {
          "Player1": "Arianne",
          "Player2": "xfile",
          "Result": "2-0-0"
        },
        {
          "Player1": "RileyLBJ",
          "Player2": "Predrag133",
          "Result": "0-2-0"
        },
        {
          "Player1": "Tunaktunak",
          "Player2": "Tosco1992",
          "Result": "2-0-0"
        },
        {
          "Player1": "lunaloveee",
          "Player2": "RezerDeDog",
          "Result": "0-2-0"
        },
        {
          "Player1": "GzusReturned",
          "Player2": "ElCucuy",
          "Result": "2-0-0"
        },
        {
          "Player1": "Harry13",
          "Player2": "VitorCarvalho01",
          "Result": "2-0-0"
        },
        {
          "Player1": "SoulStrong",
          "Player2": "elBB",
          "Result": "2-0-0"
        },
        {
          "Player1": "littledarwin",
          "Player2": "OafMcNamara",
          "Result": "0-2-0"
        },
        {
          "Player1": "Sapoa",
          "Player2": "luvadepedreiro",
          "Result": "2-0-0"
        },
        {
          "Player1": "filib",
          "Player2": "DskBayWolf",
          "Result": "0-2-0"
        },
        {
          "Player1": "levunga21",
          "Player2": "jorgeelias",
          "Result": "0-2-0"
        },
        {
          "Player1": "ovmlcabrera",
          "Player2": "GengsKhan",
          "Result": "2-0-0"
        },
        {
          "Player1": "peter780108",
          "Player2": "_ZNT_",
          "Result": "2-0-0"
        },
        {
          "Player1": "O_danielakos",
          "Player2": "ninepoundhammer",
          "Result": "0-2-0"
        },
        {
          "Player1": "GodOfSlaughter",
          "Player2": "canepis16",
          "Result": "0-2-0"
        }
      ]
    },
    {
      "RoundName": "Round 7",
      "Matches": [
        {
          "Player1": "lunaloveee",
          "Player2": "GengsKhan",
          "Result": "2-0-0"
        },
        {
          "Player1": "DskBayWolf",
          "Player2": "Tosco1992",
          "Result": "2-0-0"
        },
        {
          "Player1": "GodOfSlaughter",
          "Player2": "Predrag133",
          "Result": "2-0-0"
        },
        {
          "Player1": "canepis16",
          "Player2": "ninepoundhammer",
          "Result": "2-0-0"
        },
        {
          "Player1": "sokos13",
          "Player2": "ElCucuy",
          "Result": "0-0-0"
        },
        {
          "Player1": "LucasG1ggs",
          "Player2": "OafMcNamara",
          "Result": "2-0-0"
        },
        {
          "Player1": "Harry13",
          "Player2": "koornfrost",
          "Result": "2-0-0"
        },
        {
          "Player1": "Kampo",
          "Player2": "jorgeelias",
          "Result": "2-0-0"
        },
        {
          "Player1": "levunga21",
          "Player2": "Zoza",
          "Result": "0-2-0"
        },
        {
          "Player1": "filib",
          "Player2": "RileyLBJ",
          "Result": "2-0-0"
        },
        {
          "Player1": "r0cknati0n",
          "Player2": "Cachorrowo",
          "Result": "2-0-0"
        },
        {
          "Player1": "elBB",
          "Player2": "DavidPierceUTA",
          "Result": "2-0-0"
        },
        {
          "Player1": "TheManLand",
          "Player2": "_ZNT_",
          "Result": "0-0-0"
        },
        {
          "Player1": "Richie727",
          "Player2": "Tunaktunak",
          "Result": "0-2-0"
        },
        {
          "Player1": "ovmlcabrera",
          "Player2": "GzusReturned",
          "Result": "0-2-0"
        },
        {
          "Player1": "peter780108",
          "Player2": "Darthkid",
          "Result": "0-2-0"
        },
        {
          "Player1": "matttothec",
          "Player2": "rastaf",
          "Result": "2-0-0"
        },
        {
          "Player1": "Gerschi",
          "Player2": "RezerDeDog",
          "Result": "2-0-0"
        },
        {
          "Player1": "littledarwin",
          "Player2": "Doomenstein",
          "Result": "0-0-0"
        },
        {
          "Player1": "Sapoa",
          "Player2": "VitorCarvalho01",
          "Result": "0-2-0"
        },
        {
          "Player1": "Arianne",
          "Player2": "HoldTheElle",
          "Result": "0-2-0"
        },
        {
          "Player1": "O_danielakos",
          "Player2": "SoulStrong",
          "Result": "2-0-0"
        }
      ]
    },
    {
      "RoundName": "Round 8",
      "Matches": [
        {
          "Player1": "Darthkid",
          "Player2": "GzusReturned",
          "Result": "0-2-0"
        },
        {
          "Player1": "_ZNT_",
          "Player2": "LucasG1ggs",
          "Result": "2-0-0"
        },
        {
          "Player1": "ovmlcabrera",
          "Player2": "peter780108",
          "Result": "0-2-0"
        },
        {
          "Player1": "Gerschi",
          "Player2": "Tunaktunak",
          "Result": "0-2-0"
        }
      ]
    },
    {
      "RoundName": "Round 9",
      "Matches": [
        {
          "Player1": "peter780108",
          "Player2": "_ZNT_",
          "Result": "0-2-0"
        },
        {
          "Player1": "GzusReturned",
          "Player2": "Tunaktunak",
          "Result": "0-2-0"
        }
      ]
    },
    {
      "RoundName": "Round 10",
      "Matches": [
        {
          "Player1": "Tunaktunak",
          "Player2": "_ZNT_",
          "Result": "0-2-0"
        }
      ]
    }
  ],
  "Standings": [
    {
      "Rank": 71,
      "Player": "Bugsy69",
      "Points": 0,
      "Wins": 0,
      "Losses": 0,
      "Draws": 0,
      "OMWP": 0.381,
      "GWP": 0.2,
      "OGWP": 0.4228
    },
    {
      "Rank": 70,
      "Player": "Venom1",
      "Points": 0,
      "Wins": 0,
      "Losses": 0,
      "Draws": 0,
      "OMWP": 0.381,
      "GWP": 0.2,
      "OGWP": 0.44439999999999996
    },
    {
      "Rank": 69,
      "Player": "_Falcon_",
      "Points": 0,
      "Wins": 0,
      "Losses": 0,
      "Draws": 0,
      "OMWP": 0.44439999999999996,
      "GWP": 0.25,
      "OGWP": 0.4524
    },
    {
      "Rank": 68,
      "Player": "Lennny",
      "Points": 0,
      "Wins": 0,
      "Losses": 0,
      "Draws": 0,
      "OMWP": 0.4643,
      "GWP": 0.2,
      "OGWP": 0.5167
    },
    {
      "Rank": 67,
      "Player": "FleshEatinGnome",
      "Points": 0,
      "Wins": 0,
      "Losses": 0,
      "Draws": 0,
      "OMWP": 0.4857,
      "GWP": 0.3333,
      "OGWP": 0.5058
    },
    {
      "Rank": 66,
      "Player": "Navas",
      "Points": 0,
      "Wins": 0,
      "Losses": 0,
      "Draws": 0,
      "OMWP": 0.5238,
      "GWP": 0.3333,
      "OGWP": 0.49310000000000004
    },
    {
      "Rank": 65,
      "Player": "L1X0",
      "Points": 0,
      "Wins": 0,
      "Losses": 0,
      "Draws": 0,
      "OMWP": 0.5872999999999999,
      "GWP": 0.1429,
      "OGWP": 0.5238
    },
    {
      "Rank": 64,
      "Player": "bolov0",
      "Points": 0,
      "Wins": 0,
      "Losses": 0,
      "Draws": 0,
      "OMWP": 0.5952000000000001,
      "GWP": 0.2,
      "OGWP": 0.5818
    },
    {
      "Rank": 63,
      "Player": "rollo1993",
      "Points": 0,
      "Wins": 0,
      "Losses": 0,
      "Draws": 0,
      "OMWP": 0.7143,
      "GWP": 0.2,
      "OGWP": 0.6056
    },
    {
      "Rank": 62,
      "Player": "KadettiKersantti",
      "Points": 3,
      "Wins": 0,
      "Losses": 0,
      "Draws": 0,
      "OMWP": 0.3651,
      "GWP": 0.375,
      "OGWP": 0.4028
    },
    {
      "Rank": 61,
      "Player": "talonflame23185",
      "Points": 3,
      "Wins": 0,
      "Losses": 0,
      "Draws": 0,
      "OMWP": 0.44049999999999995,
      "GWP": 0.3,
      "OGWP": 0.44439999999999996
    },
    {
      "Rank": 60,
      "Player": "Ale_Mtg",
      "Points": 3,
      "Wins": 0,
      "Losses": 0,
      "Draws": 0,
      "OMWP": 0.4524,
      "GWP": 0.3333,
      "OGWP": 0.4167
    },
    {
      "Rank": 59,
      "Player": "DavidPierceUTA",
      "Points": 3,
      "Wins": 0,
      "Losses": 0,
      "Draws": 0,
      "OMWP": 0.4921,
      "GWP": 0.1429,
      "OGWP": 0.4939
    },
    {
      "Rank": 58,
      "Player": "SuperCow12653",
      "Points": 3,
      "Wins": 0,
      "Losses": 0,
      "Draws": 0,
      "OMWP": 0.4929,
      "GWP": 0.3,
      "OGWP": 0.483
    },
    {
      "Rank": 57,
      "Player": "EdgarB",
      "Points": 3,
      "Wins": 0,
      "Losses": 0,
      "Draws": 0,
      "OMWP": 0.5229,
      "GWP": 0.2727,
      "OGWP": 0.5242
    },
    {
      "Rank": 56,
      "Player": "tchuco",
      "Points": 3,
      "Wins": 0,
      "Losses": 0,
      "Draws": 0,
      "OMWP": 0.5333,
      "GWP": 0.35710000000000003,
      "OGWP": 0.5133
    },
    {
      "Rank": 55,
      "Player": "Salty_Orange",
      "Points": 3,
      "Wins": 0,
      "Losses": 0,
      "Draws": 0,
      "OMWP": 0.5476,
      "GWP": 0.3636,
      "OGWP": 0.4861
    },
    {
      "Rank": 54,
      "Player": "burnet7",
      "Points": 3,
      "Wins": 0,
      "Losses": 0,
      "Draws": 0,
      "OMWP": 0.5761999999999999,
      "GWP": 0.3333,
      "OGWP": 0.5626
    },
    {
      "Rank": 53,
      "Player": "BERNASTORRES",
      "Points": 3,
      "Wins": 0,
      "Losses": 0,
      "Draws": 0,
      "OMWP": 0.5872999999999999,
      "GWP": 0.2857,
      "OGWP": 0.5501
    },
    {
      "Rank": 52,
      "Player": "Brasatore",
      "Points": 3,
      "Wins": 0,
      "Losses": 0,
      "Draws": 0,
      "OMWP": 0.619,
      "GWP": 0.3636,
      "OGWP": 0.5476
    },
    {
      "Rank": 51,
      "Player": "luvadepedreiro",
      "Points": 6,
      "Wins": 0,
      "Losses": 0,
      "Draws": 0,
      "OMWP": 0.4,
      "GWP": 0.3333,
      "OGWP": 0.4551
    },
    {
      "Rank": 50,
      "Player": "rastaf",
      "Points": 6,
      "Wins": 0,
      "Losses": 0,
      "Draws": 0,
      "OMWP": 0.42060000000000003,
      "GWP": 0.4118,
      "OGWP": 0.4172
    },
    {
      "Rank": 49,
      "Player": "RileyLBJ",
      "Points": 6,
      "Wins": 0,
      "Losses": 0,
      "Draws": 0,
      "OMWP": 0.4456,
      "GWP": 0.375,
      "OGWP": 0.4953
    },
    {
      "Rank": 48,
      "Player": "MJ_23",
      "Points": 6,
      "Wins": 0,
      "Losses": 0,
      "Draws": 0,
      "OMWP": 0.4476,
      "GWP": 0.46149999999999997,
      "OGWP": 0.444
    },
    {
      "Rank": 47,
      "Player": "_Tia93_",
      "Points": 6,
      "Wins": 0,
      "Losses": 0,
      "Draws": 0,
      "OMWP": 0.4571,
      "GWP": 0.46149999999999997,
      "OGWP": 0.4353
    },
    {
      "Rank": 46,
      "Player": "fireshoes",
      "Points": 6,
      "Wins": 0,
      "Losses": 0,
      "Draws": 0,
      "OMWP": 0.4683,
      "GWP": 0.5,
      "OGWP": 0.45399999999999996
    },
    {
      "Rank": 45,
      "Player": "slaxx",
      "Points": 6,
      "Wins": 0,
      "Losses": 0,
      "Draws": 0,
      "OMWP": 0.48810000000000003,
      "GWP": 0.5455,
      "OGWP": 0.4607
    },
    {
      "Rank": 44,
      "Player": "xfile",
      "Points": 6,
      "Wins": 0,
      "Losses": 0,
      "Draws": 0,
      "OMWP": 0.5635,
      "GWP": 0.375,
      "OGWP": 0.515
    },
    {
      "Rank": 43,
      "Player": "matttothec",
      "Points": 9,
      "Wins": 0,
      "Losses": 0,
      "Draws": 0,
      "OMWP": 0.4397,
      "GWP": 0.4286,
      "OGWP": 0.4719
    },
    {
      "Rank": 42,
      "Player": "Arianne",
      "Points": 9,
      "Wins": 0,
      "Losses": 0,
      "Draws": 0,
      "OMWP": 0.449,
      "GWP": 0.4375,
      "OGWP": 0.4681
    },
    {
      "Rank": 41,
      "Player": "Sapoa",
      "Points": 9,
      "Wins": 0,
      "Losses": 0,
      "Draws": 0,
      "OMWP": 0.4796,
      "GWP": 0.4375,
      "OGWP": 0.46149999999999997
    },
    {
      "Rank": 40,
      "Player": "DB_Dykman",
      "Points": 9,
      "Wins": 0,
      "Losses": 0,
      "Draws": 0,
      "OMWP": 0.4841,
      "GWP": 0.5333,
      "OGWP": 0.47850000000000004
    },
    {
      "Rank": 39,
      "Player": "elBB",
      "Points": 9,
      "Wins": 0,
      "Losses": 0,
      "Draws": 0,
      "OMWP": 0.4932,
      "GWP": 0.4375,
      "OGWP": 0.4667
    },
    {
      "Rank": 38,
      "Player": "SoulStrong",
      "Points": 9,
      "Wins": 0,
      "Losses": 0,
      "Draws": 0,
      "OMWP": 0.4932,
      "GWP": 0.44439999999999996,
      "OGWP": 0.48350000000000004
    },
    {
      "Rank": 37,
      "Player": "filib",
      "Points": 9,
      "Wins": 0,
      "Losses": 0,
      "Draws": 0,
      "OMWP": 0.5136,
      "GWP": 0.5,
      "OGWP": 0.49060000000000004
    },
    {
      "Rank": 36,
      "Player": "littledarwin",
      "Points": 9,
      "Wins": 0,
      "Losses": 0,
      "Draws": 0,
      "OMWP": 0.517,
      "GWP": 0.5,
      "OGWP": 0.4935
    },
    {
      "Rank": 35,
      "Player": "Deathnote1999",
      "Points": 9,
      "Wins": 0,
      "Losses": 0,
      "Draws": 0,
      "OMWP": 0.5238,
      "GWP": 0.4667,
      "OGWP": 0.5083
    },
    {
      "Rank": 34,
      "Player": "Tosco1992",
      "Points": 9,
      "Wins": 0,
      "Losses": 0,
      "Draws": 0,
      "OMWP": 0.5238,
      "GWP": 0.4706,
      "OGWP": 0.49700000000000005
    },
    {
      "Rank": 33,
      "Player": "levunga21",
      "Points": 9,
      "Wins": 0,
      "Losses": 0,
      "Draws": 0,
      "OMWP": 0.5442,
      "GWP": 0.44439999999999996,
      "OGWP": 0.5203
    },
    {
      "Rank": 32,
      "Player": "Predrag133",
      "Points": 9,
      "Wins": 0,
      "Losses": 0,
      "Draws": 0,
      "OMWP": 0.5646,
      "GWP": 0.5556,
      "OGWP": 0.5294
    },
    {
      "Rank": 31,
      "Player": "Cachorrowo",
      "Points": 12,
      "Wins": 0,
      "Losses": 0,
      "Draws": 0,
      "OMWP": 0.48229999999999995,
      "GWP": 0.5294,
      "OGWP": 0.47490000000000004
    },
    {
      "Rank": 30,
      "Player": "Zoza",
      "Points": 12,
      "Wins": 0,
      "Losses": 0,
      "Draws": 0,
      "OMWP": 0.48979999999999996,
      "GWP": 0.5,
      "OGWP": 0.48310000000000003
    },
    {
      "Rank": 29,
      "Player": "ninepoundhammer",
      "Points": 12,
      "Wins": 0,
      "Losses": 0,
      "Draws": 0,
      "OMWP": 0.4932,
      "GWP": 0.5882000000000001,
      "OGWP": 0.4815
    },
    {
      "Rank": 28,
      "Player": "OafMcNamara",
      "Points": 12,
      "Wins": 0,
      "Losses": 0,
      "Draws": 0,
      "OMWP": 0.5129,
      "GWP": 0.625,
      "OGWP": 0.5015
    },
    {
      "Rank": 27,
      "Player": "DskBayWolf",
      "Points": 12,
      "Wins": 0,
      "Losses": 0,
      "Draws": 0,
      "OMWP": 0.517,
      "GWP": 0.5,
      "OGWP": 0.5136999999999999
    },
    {
      "Rank": 26,
      "Player": "O_danielakos",
      "Points": 12,
      "Wins": 0,
      "Losses": 0,
      "Draws": 0,
      "OMWP": 0.5231,
      "GWP": 0.5,
      "OGWP": 0.5104
    },
    {
      "Rank": 25,
      "Player": "koornfrost",
      "Points": 12,
      "Wins": 0,
      "Losses": 0,
      "Draws": 0,
      "OMWP": 0.5408,
      "GWP": 0.5,
      "OGWP": 0.5524
    },
    {
      "Rank": 24,
      "Player": "ElCucuy",
      "Points": 12,
      "Wins": 0,
      "Losses": 0,
      "Draws": 0,
      "OMWP": 0.5442,
      "GWP": 0.5625,
      "OGWP": 0.4972
    },
    {
      "Rank": 23,
      "Player": "jorgeelias",
      "Points": 12,
      "Wins": 0,
      "Losses": 0,
      "Draws": 0,
      "OMWP": 0.5476,
      "GWP": 0.55,
      "OGWP": 0.5183
    },
    {
      "Rank": 22,
      "Player": "GodOfSlaughter",
      "Points": 12,
      "Wins": 0,
      "Losses": 0,
      "Draws": 0,
      "OMWP": 0.5476,
      "GWP": 0.5556,
      "OGWP": 0.5414
    },
    {
      "Rank": 21,
      "Player": "Doomenstein",
      "Points": 12,
      "Wins": 0,
      "Losses": 0,
      "Draws": 0,
      "OMWP": 0.5578,
      "GWP": 0.5263,
      "OGWP": 0.5503
    },
    {
      "Rank": 20,
      "Player": "HoldTheElle",
      "Points": 12,
      "Wins": 0,
      "Losses": 0,
      "Draws": 0,
      "OMWP": 0.5578,
      "GWP": 0.55,
      "OGWP": 0.5387
    },
    {
      "Rank": 19,
      "Player": "Richie727",
      "Points": 12,
      "Wins": 0,
      "Losses": 0,
      "Draws": 0,
      "OMWP": 0.5986,
      "GWP": 0.44439999999999996,
      "OGWP": 0.5986
    },
    {
      "Rank": 18,
      "Player": "VitorCarvalho01",
      "Points": 12,
      "Wins": 0,
      "Losses": 0,
      "Draws": 0,
      "OMWP": 0.6395000000000001,
      "GWP": 0.5625,
      "OGWP": 0.5694
    },
    {
      "Rank": 17,
      "Player": "GengsKhan",
      "Points": 12,
      "Wins": 0,
      "Losses": 0,
      "Draws": 0,
      "OMWP": 0.6598999999999999,
      "GWP": 0.4706,
      "OGWP": 0.6257
    },
    {
      "Rank": 16,
      "Player": "Harry13",
      "Points": 15,
      "Wins": 0,
      "Losses": 0,
      "Draws": 0,
      "OMWP": 0.483,
      "GWP": 0.7333,
      "OGWP": 0.46840000000000004
    },
    {
      "Rank": 15,
      "Player": "sokos13",
      "Points": 15,
      "Wins": 0,
      "Losses": 0,
      "Draws": 0,
      "OMWP": 0.5129,
      "GWP": 0.6470999999999999,
      "OGWP": 0.4903
    },
    {
      "Rank": 14,
      "Player": "RezerDeDog",
      "Points": 15,
      "Wins": 0,
      "Losses": 0,
      "Draws": 0,
      "OMWP": 0.5442,
      "GWP": 0.5714,
      "OGWP": 0.5097
    },
    {
      "Rank": 13,
      "Player": "TheManLand",
      "Points": 15,
      "Wins": 0,
      "Losses": 0,
      "Draws": 0,
      "OMWP": 0.551,
      "GWP": 0.6111,
      "OGWP": 0.4936
    },
    {
      "Rank": 12,
      "Player": "r0cknati0n",
      "Points": 15,
      "Wins": 0,
      "Losses": 0,
      "Draws": 0,
      "OMWP": 0.5578,
      "GWP": 0.6111,
      "OGWP": 0.5522
    },
    {
      "Rank": 11,
      "Player": "Kampo",
      "Points": 15,
      "Wins": 0,
      "Losses": 0,
      "Draws": 0,
      "OMWP": 0.5578,
      "GWP": 0.7059000000000001,
      "OGWP": 0.5099
    },
    {
      "Rank": 10,
      "Player": "canepis16",
      "Points": 15,
      "Wins": 0,
      "Losses": 0,
      "Draws": 0,
      "OMWP": 0.5782,
      "GWP": 0.6,
      "OGWP": 0.5345
    },
    {
      "Rank": 9,
      "Player": "lunaloveee",
      "Points": 15,
      "Wins": 0,
      "Losses": 0,
      "Draws": 0,
      "OMWP": 0.585,
      "GWP": 0.6111,
      "OGWP": 0.5057
    },
    {
      "Rank": 8,
      "Player": "ovmlcabrera",
      "Points": 15,
      "Wins": 0,
      "Losses": 0,
      "Draws": 0,
      "OMWP": 0.6598999999999999,
      "GWP": 0.6667000000000001,
      "OGWP": 0.586
    },
    {
      "Rank": 7,
      "Player": "LucasG1ggs",
      "Points": 15,
      "Wins": 0,
      "Losses": 0,
      "Draws": 0,
      "OMWP": 0.6633,
      "GWP": 0.5789,
      "OGWP": 0.6233
    },
    {
      "Rank": 6,
      "Player": "Darthkid",
      "Points": 18,
      "Wins": 0,
      "Losses": 0,
      "Draws": 0,
      "OMWP": 0.5986,
      "GWP": 0.7222,
      "OGWP": 0.5631
    },
    {
      "Rank": 5,
      "Player": "Gerschi",
      "Points": 18,
      "Wins": 0,
      "Losses": 0,
      "Draws": 0,
      "OMWP": 0.7143,
      "GWP": 0.6667000000000001,
      "OGWP": 0.6124
    },
    {
      "Rank": 4,
      "Player": "GzusReturned",
      "Points": 21,
      "Wins": 0,
      "Losses": 0,
      "Draws": 0,
      "OMWP": 0.5646,
      "GWP": 0.7222,
      "OGWP": 0.522
    },
    {
      "Rank": 3,
      "Player": "peter780108",
      "Points": 21,
      "Wins": 0,
      "Losses": 0,
      "Draws": 0,
      "OMWP": 0.6598999999999999,
      "GWP": 0.8,
      "OGWP": 0.5525
    },
    {
      "Rank": 2,
      "Player": "Tunaktunak",
      "Points": 21,
      "Wins": 0,
      "Losses": 0,
      "Draws": 0,
      "OMWP": 0.5986,
      "GWP": 0.6667000000000001,
      "OGWP": 0.5279
    },
    {
      "Rank": 1,
      "Player": "_ZNT_",
      "Points": 27,
      "Wins": 0,
      "Losses": 0,
      "Draws": 0,
      "OMWP": 0.6395000000000001,
      "GWP": 0.619,
      "OGWP": 0.5869
    }
  ]
}