{
  "Tournament": {
    "Id": 12803664,
    "Date": "2025-07-17T18:00:00",
    "Name": "Duel Commander Trial 16",
    "Uri": null,
    "JsonFile": null,
    "ForceRedownload": false
  },
  "Decks": null,
  "Rounds": [
    {
      "RoundName": "Round 1",
      "Matches": [
        {
          "Player1": "canepis16",
          "Player2": "kasa",
          "Result": "0-0-0"
        },
        {
          "Player1": "Selfeisek",
          "Player2": "NickNorman",
          "Result": "0-2-0"
        },
        {
          "Player1": "sebastianpozzo",
          "Player2": "Dreddybajs",
          "Result": "0-2-0"
        },
        {
          "Player1": "Neptune17",
          "Player2": "Adam-Bazika",
          "Result": "0-2-0"
        },
        {
          "Player1": "Beicodegeia",
          "Player2": "shadows6307",
          "Result": "2-0-0"
        },
        {
          "Player1": "xfile",
          "Player2": "Marmotte_Lambda",
          "Result": "0-2-0"
        },
        {
          "Player1": "ZacharyHaleComstock",
          "Player2": "Gonito",
          "Result": "0-2-0"
        },
        {
          "Player1": "albertoSD",
          "Player2": "boytriton",
          "Result": "0-2-0"
        },
        {
          "Player1": "yriel",
          "Player2": "SakOsh",
          "Result": "2-0-0"
        }
      ]
    },
    {
      "RoundName": "Round 2",
      "Matches": [
        {
          "Player1": "Selfeisek",
          "Player2": "SakOsh",
          "Result": "2-0-0"
        },
        {
          "Player1": "NickNorman",
          "Player2": "boytriton",
          "Result": "0-2-0"
        },
        {
          "Player1": "Dreddybajs",
          "Player2": "yriel",
          "Result": "0-2-0"
        },
        {
          "Player1": "ZacharyHaleComstock",
          "Player2": "xfile",
          "Result": "0-2-0"
        },
        {
          "Player1": "canepis16",
          "Player2": "Adam-Bazika",
          "Result": "2-0-0"
        },
        {
          "Player1": "albertoSD",
          "Player2": "kasa",
          "Result": "0-2-0"
        },
        {
          "Player1": "sebastianpozzo",
          "Player2": "Marmotte_Lambda",
          "Result": "0-2-0"
        },
        {
          "Player1": "Neptune17",
          "Player2": "shadows6307",
          "Result": "2-0-0"
        },
        {
          "Player1": "Beicodegeia",
          "Player2": "Gonito",
          "Result": "2-0-0"
        }
      ]
    },
    {
      "RoundName": "Round 3",
      "Matches": [
        {
          "Player1": "Gonito",
          "Player2": "boytriton",
          "Result": "2-0-0"
        },
        {
          "Player1": "Beicodegeia",
          "Player2": "yriel",
          "Result": "0-0-0"
        },
        {
          "Player1": "albertoSD",
          "Player2": "shadows6307",
          "Result": "0-0-0"
        },
        {
          "Player1": "Dreddybajs",
          "Player2": "xfile",
          "Result": "0-2-0"
        },
        {
          "Player1": "kasa",
          "Player2": "SakOsh",
          "Result": "2-0-0"
        },
        {
          "Player1": "Selfeisek",
          "Player2": "Neptune17",
          "Result": "0-2-0"
        },
        {
          "Player1": "NickNorman",
          "Player2": "Adam-Bazika",
          "Result": "0-2-0"
        },
        {
          "Player1": "canepis16",
          "Player2": "Marmotte_Lambda",
          "Result": "0-2-0"
        }
      ]
    },
    {
      "RoundName": "Round 4",
      "Matches": [
        {
          "Player1": "xfile",
          "Player2": "Gonito",
          "Result": "2-0-0"
        },
        {
          "Player1": "Beicodegeia",
          "Player2": "Marmotte_Lambda",
          "Result": "0-2-0"
        },
        {
          "Player1": "yriel",
          "Player2": "Adam-Bazika",
          "Result": "0-2-0"
        },
        {
          "Player1": "canepis16",
          "Player2": "Neptune17",
          "Result": "2-0-0"
        },
        {
          "Player1": "sebastianpozzo",
          "Player2": "shadows6307",
          "Result": "2-0-0"
        },
        {
          "Player1": "kasa",
          "Player2": "boytriton",
          "Result": "0-2-0"
        },
        {
          "Player1": "albertoSD",
          "Player2": "Selfeisek",
          "Result": "0-2-0"
        },
        {
          "Player1": "Dreddybajs",
          "Player2": "NickNorman",
          "Result": "2-0-0"
        }
      ]
    },
    {
      "RoundName": "Round 5",
      "Matches": [
        {
          "Player1": "Marmotte_Lambda",
          "Player2": "Adam-Bazika",
          "Result": "0-2-0"
        },
        {
          "Player1": "albertoSD",
          "Player2": "NickNorman",
          "Result": "0-2-0"
        },
        {
          "Player1": "canepis16",
          "Player2": "Beicodegeia",
          "Result": "0-2-0"
        },
        {
          "Player1": "xfile",
          "Player2": "boytriton",
          "Result": "0-2-0"
        },
        {
          "Player1": "Selfeisek",
          "Player2": "shadows6307",
          "Result": "2-0-0"
        },
        {
          "Player1": "Dreddybajs",
          "Player2": "Gonito",
          "Result": "0-0-0"
        },
        {
          "Player1": "kasa",
          "Player2": "Neptune17",
          "Result": "0-2-0"
        },
        {
          "Player1": "sebastianpozzo",
          "Player2": "yriel",
          "Result": "2-0-0"
        }
      ]
    },
    {
      "RoundName": "Round 6",
      "Matches": [
        {
          "Player1": "Neptune17",
          "Player2": "Marmotte_Lambda",
          "Result": "2-0-0"
        },
        {
          "Player1": "xfile",
          "Player2": "Adam-Bazika",
          "Result": "2-0-0"
        },
        {
          "Player1": "Beicodegeia",
          "Player2": "Gonito",
          "Result": "0-2-0"
        },
        {
          "Player1": "canepis16",
          "Player2": "boytriton",
          "Result": "0-2-0"
        }
      ]
    },
    {
      "RoundName": "Round 7",
      "Matches": [
        {
          "Player1": "Neptune17",
          "Player2": "boytriton",
          "Result": "2-0-0"
        },
        {
          "Player1": "xfile",
          "Player2": "Gonito",
          "Result": "2-0-0"
        }
      ]
    },
    {
      "RoundName": "Round 8",
      "Matches": [
        {
          "Player1": "xfile",
          "Player2": "Neptune17",
          "Result": "2-0-0"
        }
      ]
    }
  ],
  "Standings": [
    {
      "Rank": 18,
      "Player": "SakOsh",
      "Points": 0,
      "Wins": 0,
      "Losses": 0,
      "Draws": 0,
      "OMWP": 0.4667,
      "GWP": 0.1429,
      "OGWP": 0.515
    },
    {
      "Rank": 17,
      "Player": "shadows6307",
      "Points": 0,
      "Wins": 0,
      "Losses": 0,
      "Draws": 0,
      "OMWP": 0.5867,
      "GWP": 0,
      "OGWP": 0.5341
    },
    {
      "Rank": 16,
      "Player": "ZacharyHaleComstock",
      "Points": 0,
      "Wins": 0,
      "Losses": 0,
      "Draws": 0,
      "OMWP": 0.6,
      "GWP": 0.2,
      "OGWP": 0.5584
    },
    {
      "Rank": 15,
      "Player": "albertoSD",
      "Points": 3,
      "Wins": 0,
      "Losses": 0,
      "Draws": 0,
      "OMWP": 0.5067,
      "GWP": 0.3333,
      "OGWP": 0.5141
    },
    {
      "Rank": 14,
      "Player": "Dreddybajs",
      "Points": 6,
      "Wins": 0,
      "Losses": 0,
      "Draws": 0,
      "OMWP": 0.52,
      "GWP": 0.4,
      "OGWP": 0.5434
    },
    {
      "Rank": 13,
      "Player": "kasa",
      "Points": 6,
      "Wins": 0,
      "Losses": 0,
      "Draws": 0,
      "OMWP": 0.5333,
      "GWP": 0.46149999999999997,
      "OGWP": 0.5025999999999999
    },
    {
      "Rank": 12,
      "Player": "yriel",
      "Points": 6,
      "Wins": 0,
      "Losses": 0,
      "Draws": 0,
      "OMWP": 0.5867,
      "GWP": 0.5,
      "OGWP": 0.504
    },
    {
      "Rank": 11,
      "Player": "NickNorman",
      "Points": 6,
      "Wins": 0,
      "Losses": 0,
      "Draws": 0,
      "OMWP": 0.5867,
      "GWP": 0.5,
      "OGWP": 0.5161
    },
    {
      "Rank": 10,
      "Player": "Selfeisek",
      "Points": 9,
      "Wins": 0,
      "Losses": 0,
      "Draws": 0,
      "OMWP": 0.4,
      "GWP": 0.5832999999999999,
      "OGWP": 0.4077
    },
    {
      "Rank": 9,
      "Player": "sebastianpozzo",
      "Points": 9,
      "Wins": 0,
      "Losses": 0,
      "Draws": 0,
      "OMWP": 0.4833,
      "GWP": 0.6,
      "OGWP": 0.4814
    },
    {
      "Rank": 8,
      "Player": "canepis16",
      "Points": 9,
      "Wins": 0,
      "Losses": 0,
      "Draws": 0,
      "OMWP": 0.68,
      "GWP": 0.6154,
      "OGWP": 0.5758
    },
    {
      "Rank": 7,
      "Player": "Beicodegeia",
      "Points": 12,
      "Wins": 0,
      "Losses": 0,
      "Draws": 0,
      "OMWP": 0.5467,
      "GWP": 0.6154,
      "OGWP": 0.5425
    },
    {
      "Rank": 6,
      "Player": "Adam-Bazika",
      "Points": 12,
      "Wins": 0,
      "Losses": 0,
      "Draws": 0,
      "OMWP": 0.56,
      "GWP": 0.5714,
      "OGWP": 0.5692
    },
    {
      "Rank": 5,
      "Player": "Marmotte_Lambda",
      "Points": 12,
      "Wins": 0,
      "Losses": 0,
      "Draws": 0,
      "OMWP": 0.68,
      "GWP": 0.6923,
      "OGWP": 0.5895
    },
    {
      "Rank": 4,
      "Player": "Gonito",
      "Points": 12,
      "Wins": 0,
      "Losses": 0,
      "Draws": 0,
      "OMWP": 0.5867,
      "GWP": 0.5714,
      "OGWP": 0.5173
    },
    {
      "Rank": 3,
      "Player": "boytriton",
      "Points": 15,
      "Wins": 0,
      "Losses": 0,
      "Draws": 0,
      "OMWP": 0.4667,
      "GWP": 0.6923,
      "OGWP": 0.4824
    },
    {
      "Rank": 2,
      "Player": "Neptune17",
      "Points": 15,
      "Wins": 0,
      "Losses": 0,
      "Draws": 0,
      "OMWP": 0.5467,
      "GWP": 0.5385,
      "OGWP": 0.513
    },
    {
      "Rank": 1,
      "Player": "xfile",
      "Points": 18,
      "Wins": 0,
      "Losses": 0,
      "Draws": 0,
      "OMWP": 0.5867,
      "GWP": 0.5455,
      "OGWP": 0.5379
    }
  ]
}