{
  "Tournament": {
    "Id": 12803661,
    "Date": "2025-07-17T15:00:00",
    "Name": "Modern Challenge 64",
    "Uri": null,
    "JsonFile": null,
    "ForceRedownload": false
  },
  "Decks": null,
  "Rounds": [
    {
      "RoundName": "Round 1",
      "Matches": [
        {
          "Player1": "NygelV",
          "Player2": "UnbanOko",
          "Result": "2-0-0"
        },
        {
          "Player1": "BurnMann",
          "Player2": "Reiam",
          "Result": "2-0-0"
        },
        {
          "Player1": "bobthedog",
          "Player2": "WanderingOnes",
          "Result": "0-0-0"
        },
        {
          "Player1": "simmons3333",
          "Player2": "SuperCow12653",
          "Result": "0-2-0"
        },
        {
          "Player1": "nikkuniku",
          "Player2": "Badcookie",
          "Result": "2-0-0"
        },
        {
          "Player1": "gpowerone",
          "Player2": "MJ_23",
          "Result": "0-2-0"
        },
        {
          "Player1": "Supercazzola",
          "Player2": "DrPP",
          "Result": "2-0-0"
        },
        {
          "Player1": "Terribad",
          "Player2": "VictorEsquici",
          "Result": "0-2-0"
        },
        {
          "Player1": "CanadianNinja",
          "Player2": "reidq7",
          "Result": "0-2-0"
        },
        {
          "Player1": "PieGonti",
          "Player2": "unworldlyorigin",
          "Result": "2-0-0"
        },
        {
          "Player1": "marcofabrizi",
          "Player2": "MATTOMARINAIO",
          "Result": "2-0-0"
        },
        {
          "Player1": "DemianDesposito10",
          "Player2": "JakeTMS",
          "Result": "0-2-0"
        },
        {
          "Player1": "yriel",
          "Player2": "jewdan",
          "Result": "0-2-0"
        },
        {
          "Player1": "hermanomlg",
          "Player2": "_Falcon_",
          "Result": "0-2-0"
        },
        {
          "Player1": "xhpc007",
          "Player2": "groot02",
          "Result": "2-0-0"
        },
        {
          "Player1": "klien7",
          "Player2": "MeninoNey",
          "Result": "0-2-0"
        },
        {
          "Player1": "rastaf",
          "Player2": "kraca11",
          "Result": "0-2-0"
        },
        {
          "Player1": "Misplacedginger",
          "Player2": "Skrocious",
          "Result": "2-0-0"
        },
        {
          "Player1": "levunga21",
          "Player2": "Alakai",
          "Result": "2-0-0"
        },
        {
          "Player1": "BERNASTORRES",
          "Player2": "manukoka",
          "Result": "2-0-0"
        },
        {
          "Player1": "Pnutz47",
          "Player2": "Ale_Mtg",
          "Result": "0-2-0"
        },
        {
          "Player1": "BigD_1992",
          "Player2": "Fatal_Vlad",
          "Result": "2-0-0"
        },
        {
          "Player1": "Kotte89",
          "Player2": "Mistakenn",
          "Result": "0-2-0"
        },
        {
          "Player1": "oskiyaa",
          "Player2": "nahuel10",
          "Result": "2-0-0"
        },
        {
          "Player1": "KingHairy",
          "Player2": "NathanOfTheGiltLeaf",
          "Result": "0-2-0"
        },
        {
          "Player1": "sokos13",
          "Player2": "Navas",
          "Result": "2-0-0"
        },
        {
          "Player1": "Erik157751",
          "Player2": "wzanotti",
          "Result": "2-0-0"
        },
        {
          "Player1": "ArchaeusDota",
          "Player2": "_dr4gun0v_",
          "Result": "0-2-0"
        },
        {
          "Player1": "Promilx",
          "Player2": "Deathmaxx",
          "Result": "0-2-0"
        },
        {
          "Player1": "bless_von",
          "Player2": "Doomenstein",
          "Result": "0-2-0"
        },
        {
          "Player1": "bellfy",
          "Player2": "Lollopollo2001",
          "Result": "0-2-0"
        },
        {
          "Player1": "maximusdee",
          "Player2": "Czechito",
          "Result": "2-0-0"
        },
        {
          "Player1": "viktor_von_muerte",
          "Player2": "Artemis2021",
          "Result": "0-2-0"
        },
        {
          "Player1": "Edel",
          "Player2": "Xenowan",
          "Result": "2-0-0"
        },
        {
          "Player1": "mikeleee",
          "Player2": "dequemehofilho",
          "Result": "2-0-0"
        },
        {
          "Player1": "TheRightStuff",
          "Player2": "DobleP",
          "Result": "0-2-0"
        },
        {
          "Player1": "daviddmtg",
          "Player2": "Alico",
          "Result": "0-2-0"
        },
        {
          "Player1": "Gerardo94",
          "Player2": "TrueHero",
          "Result": "2-0-0"
        },
        {
          "Player1": "O_danielakos",
          "Player2": "BelcherBoyz420",
          "Result": "0-2-0"
        },
        {
          "Player1": "Imaeda",
          "Player2": "Jenara19",
          "Result": "2-0-0"
        },
        {
          "Player1": "medvedev",
          "Player2": "Cachorrowo",
          "Result": "2-0-0"
        },
        {
          "Player1": "Thunus",
          "Player2": "Ryosis",
          "Result": "2-0-0"
        }
      ]
    },
    {
      "RoundName": "Round 2",
      "Matches": [
        {
          "Player1": "Supercazzola",
          "Player2": "Erik157751",
          "Result": "0-0-0"
        },
        {
          "Player1": "ArchaeusDota",
          "Player2": "unworldlyorigin",
          "Result": "0-2-0"
        },
        {
          "Player1": "Terribad",
          "Player2": "DrPP",
          "Result": "0-2-0"
        },
        {
          "Player1": "Ale_Mtg",
          "Player2": "MeninoNey",
          "Result": "0-2-0"
        },
        {
          "Player1": "Misplacedginger",
          "Player2": "Artemis2021",
          "Result": "2-0-0"
        },
        {
          "Player1": "nahuel10",
          "Player2": "MATTOMARINAIO",
          "Result": "0-2-0"
        },
        {
          "Player1": "Alakai",
          "Player2": "CanadianNinja",
          "Result": "0-2-0"
        },
        {
          "Player1": "oskiyaa",
          "Player2": "DobleP",
          "Result": "0-2-0"
        },
        {
          "Player1": "nikkuniku",
          "Player2": "BurnMann",
          "Result": "2-0-0"
        },
        {
          "Player1": "_Falcon_",
          "Player2": "Deathmaxx",
          "Result": "0-2-0"
        },
        {
          "Player1": "bobthedog",
          "Player2": "Navas",
          "Result": "2-0-0"
        },
        {
          "Player1": "marcofabrizi",
          "Player2": "Alico",
          "Result": "2-0-0"
        },
        {
          "Player1": "Czechito",
          "Player2": "Xenowan",
          "Result": "0-2-0"
        },
        {
          "Player1": "Lollopollo2001",
          "Player2": "reidq7",
          "Result": "2-0-0"
        },
        {
          "Player1": "medvedev",
          "Player2": "_dr4gun0v_",
          "Result": "0-2-0"
        },
        {
          "Player1": "Edel",
          "Player2": "VictorEsquici",
          "Result": "2-0-0"
        },
        {
          "Player1": "Pnutz47",
          "Player2": "Ryosis",
          "Result": "2-0-0"
        },
        {
          "Player1": "TheRightStuff",
          "Player2": "yriel",
          "Result": "0-2-0"
        },
        {
          "Player1": "bellfy",
          "Player2": "bless_von",
          "Result": "0-2-0"
        },
        {
          "Player1": "BERNASTORRES",
          "Player2": "xhpc007",
          "Result": "0-2-0"
        },
        {
          "Player1": "hermanomlg",
          "Player2": "Reiam",
          "Result": "0-2-0"
        },
        {
          "Player1": "Gerardo94",
          "Player2": "Thunus",
          "Result": "2-0-0"
        },
        {
          "Player1": "SuperCow12653",
          "Player2": "PieGonti",
          "Result": "0-2-0"
        },
        {
          "Player1": "Badcookie",
          "Player2": "groot02",
          "Result": "0-2-0"
        },
        {
          "Player1": "Mistakenn",
          "Player2": "NygelV",
          "Result": "2-0-0"
        },
        {
          "Player1": "klien7",
          "Player2": "Skrocious",
          "Result": "2-0-0"
        },
        {
          "Player1": "Kotte89",
          "Player2": "TrueHero",
          "Result": "0-2-0"
        },
        {
          "Player1": "Jenara19",
          "Player2": "UnbanOko",
          "Result": "2-0-0"
        },
        {
          "Player1": "simmons3333",
          "Player2": "rastaf",
          "Result": "0-2-0"
        },
        {
          "Player1": "Cachorrowo",
          "Player2": "dequemehofilho",
          "Result": "0-2-0"
        },
        {
          "Player1": "sokos13",
          "Player2": "WanderingOnes",
          "Result": "2-0-0"
        },
        {
          "Player1": "BigD_1992",
          "Player2": "BelcherBoyz420",
          "Result": "0-2-0"
        },
        {
          "Player1": "Doomenstein",
          "Player2": "NathanOfTheGiltLeaf",
          "Result": "2-0-0"
        },
        {
          "Player1": "mikeleee",
          "Player2": "jewdan",
          "Result": "0-2-0"
        },
        {
          "Player1": "DemianDesposito10",
          "Player2": "wzanotti",
          "Result": "0-2-0"
        },
        {
          "Player1": "levunga21",
          "Player2": "MJ_23",
          "Result": "0-2-0"
        },
        {
          "Player1": "Imaeda",
          "Player2": "kraca11",
          "Result": "2-0-0"
        },
        {
          "Player1": "viktor_von_muerte",
          "Player2": "Promilx",
          "Result": "2-0-0"
        },
        {
          "Player1": "JakeTMS",
          "Player2": "maximusdee",
          "Result": "2-0-0"
        },
        {
          "Player1": "gpowerone",
          "Player2": "manukoka",
          "Result": "0-2-0"
        },
        {
          "Player1": "daviddmtg",
          "Player2": "Fatal_Vlad",
          "Result": "0-2-0"
        }
      ]
    },
    {
      "RoundName": "Round 3",
      "Matches": [
        {
          "Player1": "DemianDesposito10",
          "Player2": "Badcookie",
          "Result": "0-2-0"
        },
        {
          "Player1": "Supercazzola",
          "Player2": "Gerardo94",
          "Result": "0-2-0"
        },
        {
          "Player1": "levunga21",
          "Player2": "medvedev",
          "Result": "0-2-0"
        },
        {
          "Player1": "Alico",
          "Player2": "BurnMann",
          "Result": "2-0-0"
        },
        {
          "Player1": "xhpc007",
          "Player2": "marcofabrizi",
          "Result": "2-0-0"
        },
        {
          "Player1": "Lollopollo2001",
          "Player2": "jewdan",
          "Result": "2-0-0"
        },
        {
          "Player1": "Xenowan",
          "Player2": "VictorEsquici",
          "Result": "0-2-0"
        },
        {
          "Player1": "SuperCow12653",
          "Player2": "mikeleee",
          "Result": "0-0-0"
        },
        {
          "Player1": "Edel",
          "Player2": "TrueHero",
          "Result": "2-0-0"
        },
        {
          "Player1": "manukoka",
          "Player2": "Erik157751",
          "Result": "0-2-0"
        },
        {
          "Player1": "Ale_Mtg",
          "Player2": "reidq7",
          "Result": "0-2-0"
        },
        {
          "Player1": "sokos13",
          "Player2": "_dr4gun0v_",
          "Result": "2-0-0"
        },
        {
          "Player1": "BigD_1992",
          "Player2": "dequemehofilho",
          "Result": "0-2-0"
        },
        {
          "Player1": "CanadianNinja",
          "Player2": "unworldlyorigin",
          "Result": "0-2-0"
        },
        {
          "Player1": "kraca11",
          "Player2": "wzanotti",
          "Result": "0-2-0"
        },
        {
          "Player1": "klien7",
          "Player2": "NathanOfTheGiltLeaf",
          "Result": "2-0-0"
        },
        {
          "Player1": "simmons3333",
          "Player2": "Terribad",
          "Result": "2-0-0"
        },
        {
          "Player1": "Mistakenn",
          "Player2": "Doomenstein",
          "Result": "0-2-0"
        },
        {
          "Player1": "bless_von",
          "Player2": "NygelV",
          "Result": "2-0-0"
        },
        {
          "Player1": "MATTOMARINAIO",
          "Player2": "Thunus",
          "Result": "0-2-0"
        },
        {
          "Player1": "Skrocious",
          "Player2": "Ryosis",
          "Result": "0-2-0"
        },
        {
          "Player1": "Imaeda",
          "Player2": "nikkuniku",
          "Result": "2-0-0"
        },
        {
          "Player1": "Jenara19",
          "Player2": "_Falcon_",
          "Result": "2-0-0"
        },
        {
          "Player1": "DobleP",
          "Player2": "BelcherBoyz420",
          "Result": "0-2-0"
        },
        {
          "Player1": "viktor_von_muerte",
          "Player2": "Reiam",
          "Result": "2-0-0"
        },
        {
          "Player1": "WanderingOnes",
          "Player2": "Pnutz47",
          "Result": "0-2-0"
        },
        {
          "Player1": "DrPP",
          "Player2": "Artemis2021",
          "Result": "2-0-0"
        },
        {
          "Player1": "bobthedog",
          "Player2": "groot02",
          "Result": "0-2-0"
        },
        {
          "Player1": "MJ_23",
          "Player2": "MeninoNey",
          "Result": "0-2-0"
        },
        {
          "Player1": "BERNASTORRES",
          "Player2": "Fatal_Vlad",
          "Result": "0-2-0"
        },
        {
          "Player1": "PieGonti",
          "Player2": "JakeTMS",
          "Result": "2-0-0"
        },
        {
          "Player1": "bellfy",
          "Player2": "Cachorrowo",
          "Result": "0-2-0"
        },
        {
          "Player1": "maximusdee",
          "Player2": "yriel",
          "Result": "0-2-0"
        },
        {
          "Player1": "Misplacedginger",
          "Player2": "Deathmaxx",
          "Result": "1-2-0"
        },
        {
          "Player1": "rastaf",
          "Player2": "oskiyaa",
          "Result": "0-2-0"
        }
      ]
    },
    {
      "RoundName": "Round 4",
      "Matches": [
        {
          "Player1": "WanderingOnes",
          "Player2": "BurnMann",
          "Result": "0-2-0"
        },
        {
          "Player1": "yriel",
          "Player2": "_dr4gun0v_",
          "Result": "0-2-0"
        },
        {
          "Player1": "Mistakenn",
          "Player2": "klien7",
          "Result": "0-2-0"
        },
        {
          "Player1": "Supercazzola",
          "Player2": "nikkuniku",
          "Result": "2-0-0"
        },
        {
          "Player1": "Fatal_Vlad",
          "Player2": "wzanotti",
          "Result": "2-0-0"
        },
        {
          "Player1": "medvedev",
          "Player2": "dequemehofilho",
          "Result": "0-2-0"
        },
        {
          "Player1": "simmons3333",
          "Player2": "Ryosis",
          "Result": "0-2-0"
        },
        {
          "Player1": "MATTOMARINAIO",
          "Player2": "Cachorrowo",
          "Result": "2-0-0"
        },
        {
          "Player1": "NygelV",
          "Player2": "Artemis2021",
          "Result": "2-0-0"
        },
        {
          "Player1": "kraca11",
          "Player2": "Badcookie",
          "Result": "0-0-0"
        },
        {
          "Player1": "bobthedog",
          "Player2": "TrueHero",
          "Result": "0-2-0"
        },
        {
          "Player1": "BERNASTORRES",
          "Player2": "maximusdee",
          "Result": "2-0-0"
        },
        {
          "Player1": "TheRightStuff",
          "Player2": "_Falcon_",
          "Result": "0-2-0"
        },
        {
          "Player1": "Misplacedginger",
          "Player2": "DrPP",
          "Result": "2-0-0"
        },
        {
          "Player1": "MJ_23",
          "Player2": "groot02",
          "Result": "0-2-0"
        },
        {
          "Player1": "rastaf",
          "Player2": "Reiam",
          "Result": "0-2-0"
        },
        {
          "Player1": "jewdan",
          "Player2": "VictorEsquici",
          "Result": "2-0-0"
        },
        {
          "Player1": "Alico",
          "Player2": "DobleP",
          "Result": "2-0-0"
        },
        {
          "Player1": "Jenara19",
          "Player2": "reidq7",
          "Result": "0-2-0"
        },
        {
          "Player1": "viktor_von_muerte",
          "Player2": "BigD_1992",
          "Result": "0-2-0"
        },
        {
          "Player1": "MeninoNey",
          "Player2": "Deathmaxx",
          "Result": "0-0-0"
        },
        {
          "Player1": "manukoka",
          "Player2": "mikeleee",
          "Result": "0-2-0"
        },
        {
          "Player1": "sokos13",
          "Player2": "xhpc007",
          "Result": "0-0-0"
        },
        {
          "Player1": "Imaeda",
          "Player2": "PieGonti",
          "Result": "0-2-0"
        },
        {
          "Player1": "oskiyaa",
          "Player2": "Thunus",
          "Result": "0-2-0"
        },
        {
          "Player1": "Lollopollo2001",
          "Player2": "BelcherBoyz420",
          "Result": "0-0-0"
        },
        {
          "Player1": "Gerardo94",
          "Player2": "Pnutz47",
          "Result": "0-2-0"
        },
        {
          "Player1": "SuperCow12653",
          "Player2": "bless_von",
          "Result": "0-2-0"
        },
        {
          "Player1": "marcofabrizi",
          "Player2": "Erik157751",
          "Result": "2-0-0"
        },
        {
          "Player1": "Edel",
          "Player2": "Doomenstein",
          "Result": "2-0-0"
        },
        {
          "Player1": "JakeTMS",
          "Player2": "unworldlyorigin",
          "Result": "0-2-0"
        }
      ]
    },
    {
      "RoundName": "Round 5",
      "Matches": [
        {
          "Player1": "mikeleee",
          "Player2": "Reiam",
          "Result": "2-0-0"
        },
        {
          "Player1": "Supercazzola",
          "Player2": "jewdan",
          "Result": "2-0-0"
        },
        {
          "Player1": "Alico",
          "Player2": "BelcherBoyz420",
          "Result": "2-0-0"
        },
        {
          "Player1": "Edel",
          "Player2": "PieGonti",
          "Result": "2-0-0"
        },
        {
          "Player1": "viktor_von_muerte",
          "Player2": "wzanotti",
          "Result": "0-2-0"
        },
        {
          "Player1": "reidq7",
          "Player2": "dequemehofilho",
          "Result": "2-0-0"
        },
        {
          "Player1": "yriel",
          "Player2": "DobleP",
          "Result": "0-2-0"
        },
        {
          "Player1": "Doomenstein",
          "Player2": "unworldlyorigin",
          "Result": "0-2-0"
        },
        {
          "Player1": "Deathmaxx",
          "Player2": "Fatal_Vlad",
          "Result": "2-0-0"
        },
        {
          "Player1": "nikkuniku",
          "Player2": "Mistakenn",
          "Result": "0-2-0"
        },
        {
          "Player1": "Misplacedginger",
          "Player2": "MeninoNey",
          "Result": "0-2-0"
        },
        {
          "Player1": "bellfy",
          "Player2": "Artemis2021",
          "Result": "0-2-0"
        },
        {
          "Player1": "oskiyaa",
          "Player2": "NygelV",
          "Result": "2-0-0"
        },
        {
          "Player1": "manukoka",
          "Player2": "Cachorrowo",
          "Result": "2-0-0"
        },
        {
          "Player1": "MJ_23",
          "Player2": "MATTOMARINAIO",
          "Result": "0-2-0"
        },
        {
          "Player1": "_Falcon_",
          "Player2": "TrueHero",
          "Result": "0-2-0"
        },
        {
          "Player1": "rastaf",
          "Player2": "TheRightStuff",
          "Result": "2-0-0"
        },
        {
          "Player1": "Imaeda",
          "Player2": "Gerardo94",
          "Result": "0-2-0"
        },
        {
          "Player1": "DrPP",
          "Player2": "JakeTMS",
          "Result": "0-2-0"
        },
        {
          "Player1": "klien7",
          "Player2": "groot02",
          "Result": "2-0-0"
        },
        {
          "Player1": "sokos13",
          "Player2": "Lollopollo2001",
          "Result": "0-2-0"
        },
        {
          "Player1": "VictorEsquici",
          "Player2": "Ryosis",
          "Result": "2-0-0"
        },
        {
          "Player1": "SuperCow12653",
          "Player2": "Badcookie",
          "Result": "0-2-0"
        },
        {
          "Player1": "bless_von",
          "Player2": "Thunus",
          "Result": "0-2-0"
        },
        {
          "Player1": "marcofabrizi",
          "Player2": "Pnutz47",
          "Result": "2-0-0"
        },
        {
          "Player1": "Jenara19",
          "Player2": "BigD_1992",
          "Result": "2-0-0"
        },
        {
          "Player1": "xhpc007",
          "Player2": "_dr4gun0v_",
          "Result": "2-0-0"
        },
        {
          "Player1": "bobthedog",
          "Player2": "simmons3333",
          "Result": "2-0-0"
        },
        {
          "Player1": "BERNASTORRES",
          "Player2": "Erik157751",
          "Result": "0-2-0"
        },
        {
          "Player1": "medvedev",
          "Player2": "BurnMann",
          "Result": "2-0-0"
        }
      ]
    },
    {
      "RoundName": "Round 6",
      "Matches": [
        {
          "Player1": "bobthedog",
          "Player2": "rastaf",
          "Result": "2-0-0"
        },
        {
          "Player1": "marcofabrizi",
          "Player2": "unworldlyorigin",
          "Result": "0-2-0"
        },
        {
          "Player1": "bless_von",
          "Player2": "JakeTMS",
          "Result": "2-0-0"
        },
        {
          "Player1": "Erik157751",
          "Player2": "Doomenstein",
          "Result": "0-2-0"
        },
        {
          "Player1": "medvedev",
          "Player2": "Fatal_Vlad",
          "Result": "0-2-0"
        },
        {
          "Player1": "Badcookie",
          "Player2": "BelcherBoyz420",
          "Result": "0-2-0"
        },
        {
          "Player1": "Supercazzola",
          "Player2": "Lollopollo2001",
          "Result": "0-0-0"
        },
        {
          "Player1": "xhpc007",
          "Player2": "MATTOMARINAIO",
          "Result": "0-2-0"
        },
        {
          "Player1": "_dr4gun0v_",
          "Player2": "groot02",
          "Result": "0-2-0"
        },
        {
          "Player1": "TheRightStuff",
          "Player2": "Cachorrowo",
          "Result": "0-2-0"
        },
        {
          "Player1": "PieGonti",
          "Player2": "Thunus",
          "Result": "0-2-0"
        },
        {
          "Player1": "manukoka",
          "Player2": "SuperCow12653",
          "Result": "0-2-0"
        },
        {
          "Player1": "BERNASTORRES",
          "Player2": "DrPP",
          "Result": "0-0-0"
        },
        {
          "Player1": "Mistakenn",
          "Player2": "VictorEsquici",
          "Result": "0-2-0"
        },
        {
          "Player1": "Edel",
          "Player2": "MeninoNey",
          "Result": "0-2-0"
        },
        {
          "Player1": "sokos13",
          "Player2": "klien7",
          "Result": "2-0-0"
        },
        {
          "Player1": "BurnMann",
          "Player2": "Artemis2021",
          "Result": "2-0-0"
        },
        {
          "Player1": "Imaeda",
          "Player2": "mikeleee",
          "Result": "0-2-0"
        },
        {
          "Player1": "Gerardo94",
          "Player2": "reidq7",
          "Result": "0-2-0"
        },
        {
          "Player1": "_Falcon_",
          "Player2": "BigD_1992",
          "Result": "2-0-0"
        },
        {
          "Player1": "oskiyaa",
          "Player2": "Pnutz47",
          "Result": "0-2-0"
        },
        {
          "Player1": "nikkuniku",
          "Player2": "Ryosis",
          "Result": "1-2-0"
        },
        {
          "Player1": "jewdan",
          "Player2": "wzanotti",
          "Result": "0-2-0"
        },
        {
          "Player1": "viktor_von_muerte",
          "Player2": "NygelV",
          "Result": "2-0-0"
        },
        {
          "Player1": "Jenara19",
          "Player2": "dequemehofilho",
          "Result": "0-2-0"
        },
        {
          "Player1": "TrueHero",
          "Player2": "DobleP",
          "Result": "0-2-0"
        },
        {
          "Player1": "Alico",
          "Player2": "Deathmaxx",
          "Result": "0-2-0"
        },
        {
          "Player1": "MJ_23",
          "Player2": "yriel",
          "Result": "0-2-0"
        }
      ]
    },
    {
      "RoundName": "Round 7",
      "Matches": [
        {
          "Player1": "xhpc007",
          "Player2": "Pnutz47",
          "Result": "2-0-0"
        },
        {
          "Player1": "simmons3333",
          "Player2": "NygelV",
          "Result": "0-2-0"
        },
        {
          "Player1": "viktor_von_muerte",
          "Player2": "Erik157751",
          "Result": "0-2-0"
        },
        {
          "Player1": "BERNASTORRES",
          "Player2": "Artemis2021",
          "Result": "2-0-0"
        },
        {
          "Player1": "Doomenstein",
          "Player2": "wzanotti",
          "Result": "0-2-0"
        },
        {
          "Player1": "Lollopollo2001",
          "Player2": "MeninoNey",
          "Result": "0-2-0"
        },
        {
          "Player1": "_Falcon_",
          "Player2": "_dr4gun0v_",
          "Result": "0-2-0"
        },
        {
          "Player1": "PieGonti",
          "Player2": "VictorEsquici",
          "Result": "2-0-0"
        },
        {
          "Player1": "Alico",
          "Player2": "mikeleee",
          "Result": "0-2-0"
        },
        {
          "Player1": "BelcherBoyz420",
          "Player2": "dequemehofilho",
          "Result": "0-2-0"
        },
        {
          "Player1": "DrPP",
          "Player2": "BurnMann",
          "Result": "0-0-0"
        },
        {
          "Player1": "Edel",
          "Player2": "reidq7",
          "Result": "0-2-0"
        },
        {
          "Player1": "Supercazzola",
          "Player2": "bless_von",
          "Result": "0-2-0"
        },
        {
          "Player1": "Imaeda",
          "Player2": "jewdan",
          "Result": "0-0-0"
        },
        {
          "Player1": "SuperCow12653",
          "Player2": "Mistakenn",
          "Result": "2-0-0"
        },
        {
          "Player1": "TrueHero",
          "Player2": "Badcookie",
          "Result": "2-0-0"
        },
        {
          "Player1": "Gerardo94",
          "Player2": "MATTOMARINAIO",
          "Result": "2-0-0"
        },
        {
          "Player1": "Deathmaxx",
          "Player2": "Thunus",
          "Result": "2-0-0"
        },
        {
          "Player1": "oskiyaa",
          "Player2": "yriel",
          "Result": "2-0-0"
        },
        {
          "Player1": "JakeTMS",
          "Player2": "Fatal_Vlad",
          "Result": "2-0-0"
        },
        {
          "Player1": "marcofabrizi",
          "Player2": "groot02",
          "Result": "2-0-0"
        },
        {
          "Player1": "klien7",
          "Player2": "DobleP",
          "Result": "2-0-0"
        },
        {
          "Player1": "bobthedog",
          "Player2": "Ryosis",
          "Result": "0-2-0"
        },
        {
          "Player1": "rastaf",
          "Player2": "Jenara19",
          "Result": "0-2-0"
        },
        {
          "Player1": "sokos13",
          "Player2": "unworldlyorigin",
          "Result": "0-2-0"
        }
      ]
    },
    {
      "RoundName": "Round 8",
      "Matches": [
        {
          "Player1": "marcofabrizi",
          "Player2": "MeninoNey",
          "Result": "2-0-0"
        },
        {
          "Player1": "Edel",
          "Player2": "Lollopollo2001",
          "Result": "2-0-0"
        },
        {
          "Player1": "Thunus",
          "Player2": "reidq7",
          "Result": "0-2-0"
        },
        {
          "Player1": "unworldlyorigin",
          "Player2": "Deathmaxx",
          "Result": "0-2-0"
        }
      ]
    },
    {
      "RoundName": "Round 9",
      "Matches": [
        {
          "Player1": "marcofabrizi",
          "Player2": "Deathmaxx",
          "Result": "0-2-0"
        },
        {
          "Player1": "Edel",
          "Player2": "reidq7",
          "Result": "2-0-0"
        }
      ]
    },
    {
      "RoundName": "Round 10",
      "Matches": [
        {
          "Player1": "Edel",
          "Player2": "Deathmaxx",
          "Result": "0-2-0"
        }
      ]
    }
  ],
  "Standings": [
    {
      "Rank": 84,
      "Player": "KingHairy",
      "Points": 0,
      "Wins": 0,
      "Losses": 0,
      "Draws": 0,
      "OMWP": 0.3333,
      "GWP": 0,
      "OGWP": 0.5
    },
    {
      "Rank": 83,
      "Player": "Alakai",
      "Points": 0,
      "Wins": 0,
      "Losses": 0,
      "Draws": 0,
      "OMWP": 0.3333,
      "GWP": 0.2,
      "OGWP": 0.4018
    },
    {
      "Rank": 82,
      "Player": "Czechito",
      "Points": 0,
      "Wins": 0,
      "Losses": 0,
      "Draws": 0,
      "OMWP": 0.3333,
      "GWP": 0.2,
      "OGWP": 0.4167
    },
    {
      "Rank": 81,
      "Player": "gpowerone",
      "Points": 0,
      "Wins": 0,
      "Losses": 0,
      "Draws": 0,
      "OMWP": 0.3333,
      "GWP": 0.2,
      "OGWP": 0.43329999999999996
    },
    {
      "Rank": 80,
      "Player": "hermanomlg",
      "Points": 0,
      "Wins": 0,
      "Losses": 0,
      "Draws": 0,
      "OMWP": 0.4143,
      "GWP": 0,
      "OGWP": 0.4559
    },
    {
      "Rank": 79,
      "Player": "Terribad",
      "Points": 0,
      "Wins": 0,
      "Losses": 0,
      "Draws": 0,
      "OMWP": 0.4921,
      "GWP": 0.1429,
      "OGWP": 0.4704
    },
    {
      "Rank": 78,
      "Player": "UnbanOko",
      "Points": 0,
      "Wins": 0,
      "Losses": 0,
      "Draws": 0,
      "OMWP": 0.5,
      "GWP": 0,
      "OGWP": 0.5347
    },
    {
      "Rank": 77,
      "Player": "Kotte89",
      "Points": 0,
      "Wins": 0,
      "Losses": 0,
      "Draws": 0,
      "OMWP": 0.5,
      "GWP": 0.2,
      "OGWP": 0.4686
    },
    {
      "Rank": 76,
      "Player": "daviddmtg",
      "Points": 0,
      "Wins": 0,
      "Losses": 0,
      "Draws": 0,
      "OMWP": 0.5714,
      "GWP": 0,
      "OGWP": 0.5263
    },
    {
      "Rank": 75,
      "Player": "O_danielakos",
      "Points": 0,
      "Wins": 0,
      "Losses": 0,
      "Draws": 0,
      "OMWP": 0.5714,
      "GWP": 0,
      "OGWP": 0.5789
    },
    {
      "Rank": 74,
      "Player": "nahuel10",
      "Points": 0,
      "Wins": 0,
      "Losses": 0,
      "Draws": 0,
      "OMWP": 0.5714,
      "GWP": 0,
      "OGWP": 0.5836
    },
    {
      "Rank": 73,
      "Player": "DemianDesposito10",
      "Points": 0,
      "Wins": 0,
      "Losses": 0,
      "Draws": 0,
      "OMWP": 0.5714,
      "GWP": 0.1429,
      "OGWP": 0.5653
    },
    {
      "Rank": 72,
      "Player": "Navas",
      "Points": 0,
      "Wins": 0,
      "Losses": 0,
      "Draws": 0,
      "OMWP": 0.5714,
      "GWP": 0.3333,
      "OGWP": 0.5717
    },
    {
      "Rank": 71,
      "Player": "Skrocious",
      "Points": 0,
      "Wins": 0,
      "Losses": 0,
      "Draws": 0,
      "OMWP": 0.6286,
      "GWP": 0.1429,
      "OGWP": 0.5808
    },
    {
      "Rank": 70,
      "Player": "Promilx",
      "Points": 0,
      "Wins": 0,
      "Losses": 0,
      "Draws": 0,
      "OMWP": 0.6429,
      "GWP": 0.3333,
      "OGWP": 0.6029
    },
    {
      "Rank": 69,
      "Player": "ArchaeusDota",
      "Points": 0,
      "Wins": 0,
      "Losses": 0,
      "Draws": 0,
      "OMWP": 0.7143,
      "GWP": 0,
      "OGWP": 0.598
    },
    {
      "Rank": 68,
      "Player": "levunga21",
      "Points": 3,
      "Wins": 0,
      "Losses": 0,
      "Draws": 0,
      "OMWP": 0.3889,
      "GWP": 0.4286,
      "OGWP": 0.4111
    },
    {
      "Rank": 67,
      "Player": "TheRightStuff",
      "Points": 3,
      "Wins": 0,
      "Losses": 0,
      "Draws": 0,
      "OMWP": 0.419,
      "GWP": 0.23079999999999998,
      "OGWP": 0.4512
    },
    {
      "Rank": 66,
      "Player": "maximusdee",
      "Points": 3,
      "Wins": 0,
      "Losses": 0,
      "Draws": 0,
      "OMWP": 0.44049999999999995,
      "GWP": 0.3,
      "OGWP": 0.4861
    },
    {
      "Rank": 65,
      "Player": "kraca11",
      "Points": 3,
      "Wins": 0,
      "Losses": 0,
      "Draws": 0,
      "OMWP": 0.47619999999999996,
      "GWP": 0.4,
      "OGWP": 0.47950000000000004
    },
    {
      "Rank": 64,
      "Player": "WanderingOnes",
      "Points": 3,
      "Wins": 0,
      "Losses": 0,
      "Draws": 0,
      "OMWP": 0.5357,
      "GWP": 0.25,
      "OGWP": 0.522
    },
    {
      "Rank": 63,
      "Player": "NathanOfTheGiltLeaf",
      "Points": 3,
      "Wins": 0,
      "Losses": 0,
      "Draws": 0,
      "OMWP": 0.5397,
      "GWP": 0.5,
      "OGWP": 0.4861
    },
    {
      "Rank": 62,
      "Player": "Xenowan",
      "Points": 3,
      "Wins": 0,
      "Losses": 0,
      "Draws": 0,
      "OMWP": 0.5397,
      "GWP": 0.5,
      "OGWP": 0.5043
    },
    {
      "Rank": 61,
      "Player": "bellfy",
      "Points": 3,
      "Wins": 0,
      "Losses": 0,
      "Draws": 0,
      "OMWP": 0.5595,
      "GWP": 0.2,
      "OGWP": 0.491
    },
    {
      "Rank": 60,
      "Player": "CanadianNinja",
      "Points": 3,
      "Wins": 0,
      "Losses": 0,
      "Draws": 0,
      "OMWP": 0.6825,
      "GWP": 0.375,
      "OGWP": 0.5740999999999999
    },
    {
      "Rank": 59,
      "Player": "Ale_Mtg",
      "Points": 3,
      "Wins": 0,
      "Losses": 0,
      "Draws": 0,
      "OMWP": 0.8095,
      "GWP": 0.375,
      "OGWP": 0.6990999999999999
    },
    {
      "Rank": 58,
      "Player": "rastaf",
      "Points": 6,
      "Wins": 0,
      "Losses": 0,
      "Draws": 0,
      "OMWP": 0.42450000000000004,
      "GWP": 0.2667,
      "OGWP": 0.4643
    },
    {
      "Rank": 57,
      "Player": "simmons3333",
      "Points": 6,
      "Wins": 0,
      "Losses": 0,
      "Draws": 0,
      "OMWP": 0.44439999999999996,
      "GWP": 0.375,
      "OGWP": 0.4472
    },
    {
      "Rank": 56,
      "Player": "Reiam",
      "Points": 6,
      "Wins": 0,
      "Losses": 0,
      "Draws": 0,
      "OMWP": 0.4476,
      "GWP": 0.5,
      "OGWP": 0.4422
    },
    {
      "Rank": 55,
      "Player": "Artemis2021",
      "Points": 6,
      "Wins": 0,
      "Losses": 0,
      "Draws": 0,
      "OMWP": 0.45990000000000003,
      "GWP": 0.3529,
      "OGWP": 0.4747
    },
    {
      "Rank": 54,
      "Player": "Cachorrowo",
      "Points": 6,
      "Wins": 0,
      "Losses": 0,
      "Draws": 0,
      "OMWP": 0.4643,
      "GWP": 0.4,
      "OGWP": 0.4668
    },
    {
      "Rank": 53,
      "Player": "nikkuniku",
      "Points": 6,
      "Wins": 0,
      "Losses": 0,
      "Draws": 0,
      "OMWP": 0.47619999999999996,
      "GWP": 0.4375,
      "OGWP": 0.49939999999999996
    },
    {
      "Rank": 52,
      "Player": "manukoka",
      "Points": 6,
      "Wins": 0,
      "Losses": 0,
      "Draws": 0,
      "OMWP": 0.4921,
      "GWP": 0.4667,
      "OGWP": 0.4771
    },
    {
      "Rank": 51,
      "Player": "MJ_23",
      "Points": 6,
      "Wins": 0,
      "Losses": 0,
      "Draws": 0,
      "OMWP": 0.5397,
      "GWP": 0.4,
      "OGWP": 0.5615
    },
    {
      "Rank": 50,
      "Player": "BigD_1992",
      "Points": 6,
      "Wins": 0,
      "Losses": 0,
      "Draws": 0,
      "OMWP": 0.5476,
      "GWP": 0.375,
      "OGWP": 0.5367999999999999
    },
    {
      "Rank": 49,
      "Player": "BurnMann",
      "Points": 9,
      "Wins": 0,
      "Losses": 0,
      "Draws": 0,
      "OMWP": 0.4347,
      "GWP": 0.44439999999999996,
      "OGWP": 0.45890000000000003
    },
    {
      "Rank": 48,
      "Player": "bobthedog",
      "Points": 9,
      "Wins": 0,
      "Losses": 0,
      "Draws": 0,
      "OMWP": 0.4354,
      "GWP": 0.4375,
      "OGWP": 0.4304
    },
    {
      "Rank": 47,
      "Player": "viktor_von_muerte",
      "Points": 9,
      "Wins": 0,
      "Losses": 0,
      "Draws": 0,
      "OMWP": 0.4449,
      "GWP": 0.5,
      "OGWP": 0.44939999999999997
    },
    {
      "Rank": 46,
      "Player": "NygelV",
      "Points": 9,
      "Wins": 0,
      "Losses": 0,
      "Draws": 0,
      "OMWP": 0.449,
      "GWP": 0.44439999999999996,
      "OGWP": 0.4597
    },
    {
      "Rank": 45,
      "Player": "Badcookie",
      "Points": 9,
      "Wins": 0,
      "Losses": 0,
      "Draws": 0,
      "OMWP": 0.4694,
      "GWP": 0.47369999999999995,
      "OGWP": 0.4806
    },
    {
      "Rank": 44,
      "Player": "yriel",
      "Points": 9,
      "Wins": 0,
      "Losses": 0,
      "Draws": 0,
      "OMWP": 0.4694,
      "GWP": 0.5556,
      "OGWP": 0.4694
    },
    {
      "Rank": 43,
      "Player": "BERNASTORRES",
      "Points": 9,
      "Wins": 0,
      "Losses": 0,
      "Draws": 0,
      "OMWP": 0.48979999999999996,
      "GWP": 0.5,
      "OGWP": 0.4804
    },
    {
      "Rank": 42,
      "Player": "medvedev",
      "Points": 9,
      "Wins": 0,
      "Losses": 0,
      "Draws": 0,
      "OMWP": 0.4921,
      "GWP": 0.5,
      "OGWP": 0.48460000000000003
    },
    {
      "Rank": 41,
      "Player": "Mistakenn",
      "Points": 9,
      "Wins": 0,
      "Losses": 0,
      "Draws": 0,
      "OMWP": 0.5034000000000001,
      "GWP": 0.4667,
      "OGWP": 0.4814
    },
    {
      "Rank": 40,
      "Player": "_Falcon_",
      "Points": 9,
      "Wins": 0,
      "Losses": 0,
      "Draws": 0,
      "OMWP": 0.5102,
      "GWP": 0.4118,
      "OGWP": 0.4818
    },
    {
      "Rank": 39,
      "Player": "Imaeda",
      "Points": 9,
      "Wins": 0,
      "Losses": 0,
      "Draws": 0,
      "OMWP": 0.5646,
      "GWP": 0.44439999999999996,
      "OGWP": 0.5628
    },
    {
      "Rank": 38,
      "Player": "Misplacedginger",
      "Points": 9,
      "Wins": 0,
      "Losses": 0,
      "Draws": 0,
      "OMWP": 0.619,
      "GWP": 0.5385,
      "OGWP": 0.5659000000000001
    },
    {
      "Rank": 37,
      "Player": "DrPP",
      "Points": 12,
      "Wins": 0,
      "Losses": 0,
      "Draws": 0,
      "OMWP": 0.4667,
      "GWP": 0.5625,
      "OGWP": 0.4733
    },
    {
      "Rank": 36,
      "Player": "Ryosis",
      "Points": 12,
      "Wins": 0,
      "Losses": 0,
      "Draws": 0,
      "OMWP": 0.4694,
      "GWP": 0.5789,
      "OGWP": 0.4493
    },
    {
      "Rank": 35,
      "Player": "oskiyaa",
      "Points": 12,
      "Wins": 0,
      "Losses": 0,
      "Draws": 0,
      "OMWP": 0.483,
      "GWP": 0.5789,
      "OGWP": 0.4729
    },
    {
      "Rank": 34,
      "Player": "Jenara19",
      "Points": 12,
      "Wins": 0,
      "Losses": 0,
      "Draws": 0,
      "OMWP": 0.48979999999999996,
      "GWP": 0.625,
      "OGWP": 0.457
    },
    {
      "Rank": 33,
      "Player": "TrueHero",
      "Points": 12,
      "Wins": 0,
      "Losses": 0,
      "Draws": 0,
      "OMWP": 0.517,
      "GWP": 0.4706,
      "OGWP": 0.5216
    },
    {
      "Rank": 32,
      "Player": "VictorEsquici",
      "Points": 12,
      "Wins": 0,
      "Losses": 0,
      "Draws": 0,
      "OMWP": 0.5238,
      "GWP": 0.47369999999999995,
      "OGWP": 0.5327000000000001
    },
    {
      "Rank": 31,
      "Player": "SuperCow12653",
      "Points": 12,
      "Wins": 0,
      "Losses": 0,
      "Draws": 0,
      "OMWP": 0.5238,
      "GWP": 0.5556,
      "OGWP": 0.5115999999999999
    },
    {
      "Rank": 30,
      "Player": "_dr4gun0v_",
      "Points": 12,
      "Wins": 0,
      "Losses": 0,
      "Draws": 0,
      "OMWP": 0.5272,
      "GWP": 0.5294,
      "OGWP": 0.5345
    },
    {
      "Rank": 29,
      "Player": "Fatal_Vlad",
      "Points": 12,
      "Wins": 0,
      "Losses": 0,
      "Draws": 0,
      "OMWP": 0.534,
      "GWP": 0.5263,
      "OGWP": 0.5195000000000001
    },
    {
      "Rank": 28,
      "Player": "Erik157751",
      "Points": 12,
      "Wins": 0,
      "Losses": 0,
      "Draws": 0,
      "OMWP": 0.5374,
      "GWP": 0.47369999999999995,
      "OGWP": 0.5443
    },
    {
      "Rank": 27,
      "Player": "DobleP",
      "Points": 12,
      "Wins": 0,
      "Losses": 0,
      "Draws": 0,
      "OMWP": 0.5374,
      "GWP": 0.5556,
      "OGWP": 0.5241
    },
    {
      "Rank": 26,
      "Player": "BelcherBoyz420",
      "Points": 12,
      "Wins": 0,
      "Losses": 0,
      "Draws": 0,
      "OMWP": 0.5442,
      "GWP": 0.5789,
      "OGWP": 0.4918
    },
    {
      "Rank": 25,
      "Player": "MATTOMARINAIO",
      "Points": 12,
      "Wins": 0,
      "Losses": 0,
      "Draws": 0,
      "OMWP": 0.551,
      "GWP": 0.5882000000000001,
      "OGWP": 0.5272
    },
    {
      "Rank": 24,
      "Player": "groot02",
      "Points": 12,
      "Wins": 0,
      "Losses": 0,
      "Draws": 0,
      "OMWP": 0.5578,
      "GWP": 0.5882000000000001,
      "OGWP": 0.5287
    },
    {
      "Rank": 23,
      "Player": "Pnutz47",
      "Points": 12,
      "Wins": 0,
      "Losses": 0,
      "Draws": 0,
      "OMWP": 0.5646,
      "GWP": 0.5,
      "OGWP": 0.5478000000000001
    },
    {
      "Rank": 22,
      "Player": "JakeTMS",
      "Points": 12,
      "Wins": 0,
      "Losses": 0,
      "Draws": 0,
      "OMWP": 0.585,
      "GWP": 0.5556,
      "OGWP": 0.5174
    },
    {
      "Rank": 21,
      "Player": "Alico",
      "Points": 12,
      "Wins": 0,
      "Losses": 0,
      "Draws": 0,
      "OMWP": 0.5986,
      "GWP": 0.5263,
      "OGWP": 0.5438000000000001
    },
    {
      "Rank": 20,
      "Player": "jewdan",
      "Points": 12,
      "Wins": 0,
      "Losses": 0,
      "Draws": 0,
      "OMWP": 0.6122,
      "GWP": 0.5556,
      "OGWP": 0.5611999999999999
    },
    {
      "Rank": 19,
      "Player": "Doomenstein",
      "Points": 12,
      "Wins": 0,
      "Losses": 0,
      "Draws": 0,
      "OMWP": 0.619,
      "GWP": 0.5,
      "OGWP": 0.5844
    },
    {
      "Rank": 18,
      "Player": "Supercazzola",
      "Points": 12,
      "Wins": 0,
      "Losses": 0,
      "Draws": 0,
      "OMWP": 0.619,
      "GWP": 0.5882000000000001,
      "OGWP": 0.5677
    },
    {
      "Rank": 17,
      "Player": "wzanotti",
      "Points": 15,
      "Wins": 0,
      "Losses": 0,
      "Draws": 0,
      "OMWP": 0.483,
      "GWP": 0.6667000000000001,
      "OGWP": 0.4698
    },
    {
      "Rank": 16,
      "Player": "mikeleee",
      "Points": 15,
      "Wins": 0,
      "Losses": 0,
      "Draws": 0,
      "OMWP": 0.5129,
      "GWP": 0.6,
      "OGWP": 0.5182
    },
    {
      "Rank": 15,
      "Player": "bless_von",
      "Points": 15,
      "Wins": 0,
      "Losses": 0,
      "Draws": 0,
      "OMWP": 0.5374,
      "GWP": 0.6111,
      "OGWP": 0.5093
    },
    {
      "Rank": 14,
      "Player": "dequemehofilho",
      "Points": 15,
      "Wins": 0,
      "Losses": 0,
      "Draws": 0,
      "OMWP": 0.5544,
      "GWP": 0.5789,
      "OGWP": 0.5429999999999999
    },
    {
      "Rank": 13,
      "Player": "klien7",
      "Points": 15,
      "Wins": 0,
      "Losses": 0,
      "Draws": 0,
      "OMWP": 0.5646,
      "GWP": 0.625,
      "OGWP": 0.575
    },
    {
      "Rank": 12,
      "Player": "xhpc007",
      "Points": 15,
      "Wins": 0,
      "Losses": 0,
      "Draws": 0,
      "OMWP": 0.5918,
      "GWP": 0.6470999999999999,
      "OGWP": 0.5714
    },
    {
      "Rank": 11,
      "Player": "Gerardo94",
      "Points": 15,
      "Wins": 0,
      "Losses": 0,
      "Draws": 0,
      "OMWP": 0.6122,
      "GWP": 0.7333,
      "OGWP": 0.5574
    },
    {
      "Rank": 10,
      "Player": "sokos13",
      "Points": 15,
      "Wins": 0,
      "Losses": 0,
      "Draws": 0,
      "OMWP": 0.6259,
      "GWP": 0.7059000000000001,
      "OGWP": 0.5335
    },
    {
      "Rank": 9,
      "Player": "PieGonti",
      "Points": 15,
      "Wins": 0,
      "Losses": 0,
      "Draws": 0,
      "OMWP": 0.6327,
      "GWP": 0.5882000000000001,
      "OGWP": 0.57
    },
    {
      "Rank": 8,
      "Player": "Thunus",
      "Points": 15,
      "Wins": 0,
      "Losses": 0,
      "Draws": 0,
      "OMWP": 0.6735,
      "GWP": 0.5882000000000001,
      "OGWP": 0.6264
    },
    {
      "Rank": 7,
      "Player": "unworldlyorigin",
      "Points": 18,
      "Wins": 0,
      "Losses": 0,
      "Draws": 0,
      "OMWP": 0.5646,
      "GWP": 0.6667000000000001,
      "OGWP": 0.5209
    },
    {
      "Rank": 6,
      "Player": "Lollopollo2001",
      "Points": 18,
      "Wins": 0,
      "Losses": 0,
      "Draws": 0,
      "OMWP": 0.6598999999999999,
      "GWP": 0.6,
      "OGWP": 0.6227
    },
    {
      "Rank": 5,
      "Player": "MeninoNey",
      "Points": 21,
      "Wins": 0,
      "Losses": 0,
      "Draws": 0,
      "OMWP": 0.6299,
      "GWP": 0.875,
      "OGWP": 0.5643
    },
    {
      "Rank": 4,
      "Player": "marcofabrizi",
      "Points": 18,
      "Wins": 0,
      "Losses": 0,
      "Draws": 0,
      "OMWP": 0.6327,
      "GWP": 0.5882000000000001,
      "OGWP": 0.57
    },
    {
      "Rank": 3,
      "Player": "reidq7",
      "Points": 21,
      "Wins": 0,
      "Losses": 0,
      "Draws": 0,
      "OMWP": 0.6053999999999999,
      "GWP": 0.7222,
      "OGWP": 0.5705
    },
    {
      "Rank": 2,
      "Player": "Edel",
      "Points": 21,
      "Wins": 0,
      "Losses": 0,
      "Draws": 0,
      "OMWP": 0.6598999999999999,
      "GWP": 0.7059000000000001,
      "OGWP": 0.59
    },
    {
      "Rank": 1,
      "Player": "Deathmaxx",
      "Points": 27,
      "Wins": 0,
      "Losses": 0,
      "Draws": 0,
      "OMWP": 0.6027,
      "GWP": 0.7059000000000001,
      "OGWP": 0.5428000000000001
    }
  ]
}