{
  "Tournament": {
    "Id": 12803668,
    "Date": "2025-07-17T23:00:00",
    "Name": "Pioneer Challenge 32 Special",
    "Uri": null,
    "JsonFile": null,
    "ForceRedownload": false
  },
  "Decks": null,
  "Rounds": [
    {
      "RoundName": "Round 1",
      "Matches": [
        {
          "Player1": "MJ_23",
          "Player2": "BERNASTORRES",
          "Result": "2-0-0"
        },
        {
          "Player1": "qbturtle15",
          "Player2": "MandrillMan",
          "Result": "0-2-0"
        },
        {
          "Player1": "AnotherStep",
          "Player2": "valentinaaaa",
          "Result": "0-2-0"
        },
        {
          "Player1": "Wizard_2002",
          "Player2": "SuperCow12653",
          "Result": "0-0-0"
        },
        {
          "Player1": "_Falcon_",
          "Player2": "GinkoHS",
          "Result": "0-2-0"
        },
        {
          "Player1": "sandoiche",
          "Player2": "outZEROo",
          "Result": "2-0-0"
        },
        {
          "Player1": "eli2107",
          "Player2": "Arkany1",
          "Result": "0-2-0"
        },
        {
          "Player1": "GzusReturned",
          "Player2": "creazygoat",
          "Result": "2-0-0"
        },
        {
          "Player1": "_Cygnus",
          "Player2": "Selfeisek",
          "Result": "2-0-0"
        },
        {
          "Player1": "DrPP",
          "Player2": "boom_bust",
          "Result": "0-2-0"
        },
        {
          "Player1": "Skpchino",
          "Player2": "_Mago_",
          "Result": "0-2-0"
        },
        {
          "Player1": "TheManLand",
          "Player2": "FlawlessVictory-",
          "Result": "2-0-0"
        },
        {
          "Player1": "Capitano_CL",
          "Player2": "TingInTheRice",
          "Result": "2-0-0"
        },
        {
          "Player1": "Marcuzinho",
          "Player2": "MajorFurry",
          "Result": "2-0-0"
        },
        {
          "Player1": "wcl",
          "Player2": "monzatubarao",
          "Result": "2-0-0"
        },
        {
          "Player1": "PNascimento",
          "Player2": "ElCucuy",
          "Result": "2-0-0"
        },
        {
          "Player1": "levunga21",
          "Player2": "Mateusf34",
          "Result": "0-2-0"
        },
        {
          "Player1": "Gianhunter",
          "Player2": "RezerDeDog",
          "Result": "2-0-0"
        },
        {
          "Player1": "Sarlanga",
          "Player2": "Magic_Expert",
          "Result": "0-2-0"
        },
        {
          "Player1": "Lollopollo2001",
          "Player2": "Mathilde8",
          "Result": "0-2-0"
        },
        {
          "Player1": "GaronaDro2",
          "Player2": "jackie42005",
          "Result": "0-0-0"
        },
        {
          "Player1": "Beicodegeia",
          "Player2": "_Siegfried",
          "Result": "2-0-0"
        },
        {
          "Player1": "O_danielakos",
          "Player2": "xfile",
          "Result": "0-2-0"
        },
        {
          "Player1": "makusong24",
          "Player2": "LuffyDoChapeuDePalha",
          "Result": "0-2-0"
        },
        {
          "Player1": "deleon91",
          "Player2": "VitorCarvalho01",
          "Result": "0-2-0"
        },
        {
          "Player1": "CrazyMorango",
          "Player2": "Illao1",
          "Result": "2-0-0"
        },
        {
          "Player1": "echecetmat35",
          "Player2": "Nadu",
          "Result": "0-2-0"
        },
        {
          "Player1": "LucasG1ggs",
          "Player2": "wkmidori",
          "Result": "0-0-0"
        },
        {
          "Player1": "albertoSD",
          "Player2": "mavzero87",
          "Result": "0-2-0"
        },
        {
          "Player1": "Arianne",
          "Player2": "maytwer",
          "Result": "0-2-0"
        },
        {
          "Player1": "Golgarburr",
          "Player2": "Raydan",
          "Result": "0-2-0"
        }
      ]
    },
    {
      "RoundName": "Round 2",
      "Matches": [
        {
          "Player1": "MajorFurry",
          "Player2": "monzatubarao",
          "Result": "0-2-0"
        },
        {
          "Player1": "LucasG1ggs",
          "Player2": "deleon91",
          "Result": "0-2-0"
        },
        {
          "Player1": "sandoiche",
          "Player2": "boom_bust",
          "Result": "2-0-0"
        },
        {
          "Player1": "MJ_23",
          "Player2": "SuperCow12653",
          "Result": "2-0-0"
        },
        {
          "Player1": "qbturtle15",
          "Player2": "_Siegfried",
          "Result": "2-0-0"
        },
        {
          "Player1": "Golgarburr",
          "Player2": "Selfeisek",
          "Result": "2-0-0"
        },
        {
          "Player1": "jackie42005",
          "Player2": "Mathilde8",
          "Result": "2-0-0"
        },
        {
          "Player1": "Magic_Expert",
          "Player2": "PNascimento",
          "Result": "1-2-0"
        },
        {
          "Player1": "Sarlanga",
          "Player2": "GaronaDro2",
          "Result": "2-0-0"
        },
        {
          "Player1": "GinkoHS",
          "Player2": "Nadu",
          "Result": "2-0-0"
        },
        {
          "Player1": "Skpchino",
          "Player2": "TingInTheRice",
          "Result": "2-0-0"
        },
        {
          "Player1": "levunga21",
          "Player2": "AnotherStep",
          "Result": "2-0-0"
        },
        {
          "Player1": "Mateusf34",
          "Player2": "wkmidori",
          "Result": "0-2-0"
        },
        {
          "Player1": "Lollopollo2001",
          "Player2": "FlawlessVictory-",
          "Result": "2-0-0"
        },
        {
          "Player1": "LuffyDoChapeuDePalha",
          "Player2": "MandrillMan",
          "Result": "2-0-0"
        },
        {
          "Player1": "Wizard_2002",
          "Player2": "outZEROo",
          "Result": "0-2-0"
        },
        {
          "Player1": "Capitano_CL",
          "Player2": "wcl",
          "Result": "0-2-0"
        },
        {
          "Player1": "Beicodegeia",
          "Player2": "CrazyMorango",
          "Result": "2-0-0"
        },
        {
          "Player1": "mavzero87",
          "Player2": "Marcuzinho",
          "Result": "0-2-0"
        },
        {
          "Player1": "echecetmat35",
          "Player2": "ElCucuy",
          "Result": "2-0-0"
        },
        {
          "Player1": "TheManLand",
          "Player2": "_Cygnus",
          "Result": "0-2-0"
        },
        {
          "Player1": "xfile",
          "Player2": "VitorCarvalho01",
          "Result": "0-2-0"
        },
        {
          "Player1": "Arkany1",
          "Player2": "GzusReturned",
          "Result": "0-2-0"
        },
        {
          "Player1": "O_danielakos",
          "Player2": "creazygoat",
          "Result": "2-0-0"
        },
        {
          "Player1": "Arianne",
          "Player2": "makusong24",
          "Result": "0-2-0"
        },
        {
          "Player1": "valentinaaaa",
          "Player2": "RezerDeDog",
          "Result": "0-2-0"
        },
        {
          "Player1": "BERNASTORRES",
          "Player2": "eli2107",
          "Result": "0-2-0"
        },
        {
          "Player1": "maytwer",
          "Player2": "Gianhunter",
          "Result": "0-2-0"
        },
        {
          "Player1": "DrPP",
          "Player2": "Illao1",
          "Result": "2-0-0"
        },
        {
          "Player1": "Raydan",
          "Player2": "_Mago_",
          "Result": "2-0-0"
        }
      ]
    },
    {
      "RoundName": "Round 3",
      "Matches": [
        {
          "Player1": "_Cygnus",
          "Player2": "PNascimento",
          "Result": "2-0-0"
        },
        {
          "Player1": "MandrillMan",
          "Player2": "_Mago_",
          "Result": "2-0-0"
        },
        {
          "Player1": "Gianhunter",
          "Player2": "VitorCarvalho01",
          "Result": "0-2-0"
        },
        {
          "Player1": "makusong24",
          "Player2": "valentinaaaa",
          "Result": "0-2-0"
        },
        {
          "Player1": "MJ_23",
          "Player2": "LuffyDoChapeuDePalha",
          "Result": "2-0-0"
        },
        {
          "Player1": "mavzero87",
          "Player2": "eli2107",
          "Result": "0-2-0"
        },
        {
          "Player1": "Lollopollo2001",
          "Player2": "Mateusf34",
          "Result": "2-0-0"
        },
        {
          "Player1": "maytwer",
          "Player2": "RezerDeDog",
          "Result": "2-0-0"
        },
        {
          "Player1": "xfile",
          "Player2": "Magic_Expert",
          "Result": "0-2-0"
        },
        {
          "Player1": "qbturtle15",
          "Player2": "CrazyMorango",
          "Result": "2-0-0"
        },
        {
          "Player1": "outZEROo",
          "Player2": "monzatubarao",
          "Result": "0-2-0"
        },
        {
          "Player1": "MajorFurry",
          "Player2": "creazygoat",
          "Result": "2-0-0"
        },
        {
          "Player1": "echecetmat35",
          "Player2": "boom_bust",
          "Result": "0-2-0"
        },
        {
          "Player1": "LucasG1ggs",
          "Player2": "Selfeisek",
          "Result": "2-0-0"
        },
        {
          "Player1": "_Falcon_",
          "Player2": "Arkany1",
          "Result": "0-2-0"
        },
        {
          "Player1": "Skpchino",
          "Player2": "SuperCow12653",
          "Result": "2-0-0"
        },
        {
          "Player1": "Raydan",
          "Player2": "Marcuzinho",
          "Result": "2-0-0"
        },
        {
          "Player1": "DrPP",
          "Player2": "wkmidori",
          "Result": "0-2-0"
        },
        {
          "Player1": "sandoiche",
          "Player2": "wcl",
          "Result": "2-0-0"
        },
        {
          "Player1": "deleon91",
          "Player2": "Mathilde8",
          "Result": "0-0-0"
        },
        {
          "Player1": "Golgarburr",
          "Player2": "Nadu",
          "Result": "2-0-0"
        },
        {
          "Player1": "GinkoHS",
          "Player2": "GzusReturned",
          "Result": "0-0-0"
        },
        {
          "Player1": "Sarlanga",
          "Player2": "O_danielakos",
          "Result": "0-2-0"
        },
        {
          "Player1": "Beicodegeia",
          "Player2": "jackie42005",
          "Result": "2-0-0"
        },
        {
          "Player1": "levunga21",
          "Player2": "Capitano_CL",
          "Result": "2-0-0"
        },
        {
          "Player1": "Arianne",
          "Player2": "_Siegfried",
          "Result": "2-0-0"
        },
        {
          "Player1": "TheManLand",
          "Player2": "ElCucuy",
          "Result": "2-0-0"
        }
      ]
    },
    {
      "RoundName": "Round 4",
      "Matches": [
        {
          "Player1": "MJ_23",
          "Player2": "_Cygnus",
          "Result": "0-2-0"
        },
        {
          "Player1": "echecetmat35",
          "Player2": "Mateusf34",
          "Result": "2-0-0"
        },
        {
          "Player1": "SuperCow12653",
          "Player2": "CrazyMorango",
          "Result": "0-2-0"
        },
        {
          "Player1": "mavzero87",
          "Player2": "RezerDeDog",
          "Result": "0-2-0"
        },
        {
          "Player1": "Golgarburr",
          "Player2": "eli2107",
          "Result": "0-2-0"
        },
        {
          "Player1": "Sarlanga",
          "Player2": "jackie42005",
          "Result": "0-2-0"
        },
        {
          "Player1": "VitorCarvalho01",
          "Player2": "GzusReturned",
          "Result": "2-0-0"
        },
        {
          "Player1": "boom_bust",
          "Player2": "wcl",
          "Result": "2-0-0"
        },
        {
          "Player1": "sandoiche",
          "Player2": "Raydan",
          "Result": "2-0-0"
        },
        {
          "Player1": "GinkoHS",
          "Player2": "PNascimento",
          "Result": "2-0-0"
        },
        {
          "Player1": "outZEROo",
          "Player2": "Nadu",
          "Result": "0-2-0"
        },
        {
          "Player1": "Skpchino",
          "Player2": "MandrillMan",
          "Result": "0-2-0"
        },
        {
          "Player1": "_Falcon_",
          "Player2": "MajorFurry",
          "Result": "0-0-0"
        },
        {
          "Player1": "deleon91",
          "Player2": "Lollopollo2001",
          "Result": "2-0-0"
        },
        {
          "Player1": "Mathilde8",
          "Player2": "ElCucuy",
          "Result": "0-0-0"
        },
        {
          "Player1": "valentinaaaa",
          "Player2": "Magic_Expert",
          "Result": "2-0-0"
        },
        {
          "Player1": "makusong24",
          "Player2": "DrPP",
          "Result": "0-2-0"
        },
        {
          "Player1": "O_danielakos",
          "Player2": "LuffyDoChapeuDePalha",
          "Result": "2-0-0"
        },
        {
          "Player1": "Beicodegeia",
          "Player2": "wkmidori",
          "Result": "0-2-0"
        },
        {
          "Player1": "TheManLand",
          "Player2": "Marcuzinho",
          "Result": "0-2-0"
        },
        {
          "Player1": "Arianne",
          "Player2": "LucasG1ggs",
          "Result": "0-2-0"
        },
        {
          "Player1": "levunga21",
          "Player2": "monzatubarao",
          "Result": "0-2-0"
        },
        {
          "Player1": "Capitano_CL",
          "Player2": "_Mago_",
          "Result": "2-1-0"
        },
        {
          "Player1": "Gianhunter",
          "Player2": "Arkany1",
          "Result": "2-0-0"
        },
        {
          "Player1": "qbturtle15",
          "Player2": "maytwer",
          "Result": "0-2-0"
        }
      ]
    },
    {
      "RoundName": "Round 5",
      "Matches": [
        {
          "Player1": "RezerDeDog",
          "Player2": "Magic_Expert",
          "Result": "2-0-0"
        },
        {
          "Player1": "Sarlanga",
          "Player2": "SuperCow12653",
          "Result": "0-2-0"
        },
        {
          "Player1": "makusong24",
          "Player2": "outZEROo",
          "Result": "2-0-0"
        },
        {
          "Player1": "Lollopollo2001",
          "Player2": "Arkany1",
          "Result": "2-0-0"
        },
        {
          "Player1": "GzusReturned",
          "Player2": "monzatubarao",
          "Result": "2-0-0"
        },
        {
          "Player1": "LucasG1ggs",
          "Player2": "wcl",
          "Result": "2-0-0"
        },
        {
          "Player1": "Beicodegeia",
          "Player2": "maytwer",
          "Result": "0-2-0"
        },
        {
          "Player1": "_Cygnus",
          "Player2": "VitorCarvalho01",
          "Result": "0-2-0"
        },
        {
          "Player1": "Marcuzinho",
          "Player2": "Gianhunter",
          "Result": "0-2-0"
        },
        {
          "Player1": "LuffyDoChapeuDePalha",
          "Player2": "CrazyMorango",
          "Result": "2-0-0"
        },
        {
          "Player1": "levunga21",
          "Player2": "qbturtle15",
          "Result": "2-0-0"
        },
        {
          "Player1": "Raydan",
          "Player2": "MandrillMan",
          "Result": "2-0-0"
        },
        {
          "Player1": "Mateusf34",
          "Player2": "_Mago_",
          "Result": "0-2-0"
        },
        {
          "Player1": "eli2107",
          "Player2": "GinkoHS",
          "Result": "0-2-0"
        },
        {
          "Player1": "echecetmat35",
          "Player2": "DrPP",
          "Result": "0-2-0"
        },
        {
          "Player1": "sandoiche",
          "Player2": "wkmidori",
          "Result": "0-2-0"
        },
        {
          "Player1": "O_danielakos",
          "Player2": "deleon91",
          "Result": "0-2-0"
        },
        {
          "Player1": "boom_bust",
          "Player2": "jackie42005",
          "Result": "0-2-0"
        },
        {
          "Player1": "TheManLand",
          "Player2": "Nadu",
          "Result": "2-0-0"
        },
        {
          "Player1": "MJ_23",
          "Player2": "valentinaaaa",
          "Result": "2-0-0"
        },
        {
          "Player1": "Capitano_CL",
          "Player2": "Mathilde8",
          "Result": "1-2-0"
        },
        {
          "Player1": "Arianne",
          "Player2": "creazygoat",
          "Result": "2-0-0"
        },
        {
          "Player1": "_Falcon_",
          "Player2": "PNascimento",
          "Result": "2-0-0"
        }
      ]
    },
    {
      "RoundName": "Round 6",
      "Matches": [
        {
          "Player1": "LuffyDoChapeuDePalha",
          "Player2": "Magic_Expert",
          "Result": "2-0-0"
        },
        {
          "Player1": "sandoiche",
          "Player2": "GinkoHS",
          "Result": "0-0-0"
        },
        {
          "Player1": "Beicodegeia",
          "Player2": "valentinaaaa",
          "Result": "2-0-0"
        },
        {
          "Player1": "O_danielakos",
          "Player2": "_Falcon_",
          "Result": "2-0-0"
        },
        {
          "Player1": "_Mago_",
          "Player2": "PNascimento",
          "Result": "2-0-0"
        },
        {
          "Player1": "Raydan",
          "Player2": "_Cygnus",
          "Result": "0-2-0"
        },
        {
          "Player1": "levunga21",
          "Player2": "boom_bust",
          "Result": "2-0-0"
        },
        {
          "Player1": "LucasG1ggs",
          "Player2": "TheManLand",
          "Result": "0-2-0"
        },
        {
          "Player1": "Arianne",
          "Player2": "CrazyMorango",
          "Result": "2-0-0"
        },
        {
          "Player1": "SuperCow12653",
          "Player2": "wcl",
          "Result": "2-0-0"
        },
        {
          "Player1": "Marcuzinho",
          "Player2": "RezerDeDog",
          "Result": "2-0-0"
        },
        {
          "Player1": "Lollopollo2001",
          "Player2": "eli2107",
          "Result": "0-2-0"
        },
        {
          "Player1": "qbturtle15",
          "Player2": "makusong24",
          "Result": "0-2-0"
        },
        {
          "Player1": "Gianhunter",
          "Player2": "jackie42005",
          "Result": "2-0-0"
        },
        {
          "Player1": "echecetmat35",
          "Player2": "Arkany1",
          "Result": "0-0-0"
        },
        {
          "Player1": "MandrillMan",
          "Player2": "monzatubarao",
          "Result": "0-0-0"
        },
        {
          "Player1": "deleon91",
          "Player2": "GzusReturned",
          "Result": "0-2-0"
        },
        {
          "Player1": "wkmidori",
          "Player2": "VitorCarvalho01",
          "Result": "2-0-0"
        },
        {
          "Player1": "DrPP",
          "Player2": "Mathilde8",
          "Result": "2-0-0"
        },
        {
          "Player1": "MJ_23",
          "Player2": "maytwer",
          "Result": "2-0-0"
        }
      ]
    },
    {
      "RoundName": "Round 7",
      "Matches": [
        {
          "Player1": "MJ_23",
          "Player2": "_Cygnus",
          "Result": "2-0-0"
        },
        {
          "Player1": "sandoiche",
          "Player2": "Gianhunter",
          "Result": "2-0-0"
        },
        {
          "Player1": "GzusReturned",
          "Player2": "VitorCarvalho01",
          "Result": "2-0-0"
        },
        {
          "Player1": "Raydan",
          "Player2": "wkmidori",
          "Result": "2-0-0"
        }
      ]
    },
    {
      "RoundName": "Round 8",
      "Matches": [
        {
          "Player1": "sandoiche",
          "Player2": "GzusReturned",
          "Result": "1-2-0"
        },
        {
          "Player1": "MJ_23",
          "Player2": "Raydan",
          "Result": "0-2-0"
        }
      ]
    },
    {
      "RoundName": "Round 9",
      "Matches": [
        {
          "Player1": "Raydan",
          "Player2": "GzusReturned",
          "Result": "0-2-0"
        }
      ]
    }
  ],
  "Standings": [
    {
      "Rank": 62,
      "Player": "albertoSD",
      "Points": 0,
      "Wins": 0,
      "Losses": 0,
      "Draws": 0,
      "OMWP": 0.3333,
      "GWP": 0.3333,
      "OGWP": 0.3333
    },
    {
      "Rank": 61,
      "Player": "Wizard_2002",
      "Points": 0,
      "Wins": 0,
      "Losses": 0,
      "Draws": 0,
      "OMWP": 0.4167,
      "GWP": 0.2,
      "OGWP": 0.44780000000000003
    },
    {
      "Rank": 60,
      "Player": "TingInTheRice",
      "Points": 0,
      "Wins": 0,
      "Losses": 0,
      "Draws": 0,
      "OMWP": 0.45,
      "GWP": 0.3333,
      "OGWP": 0.41450000000000004
    },
    {
      "Rank": 59,
      "Player": "_Siegfried",
      "Points": 0,
      "Wins": 0,
      "Losses": 0,
      "Draws": 0,
      "OMWP": 0.5,
      "GWP": 0,
      "OGWP": 0.4905
    },
    {
      "Rank": 58,
      "Player": "GaronaDro2",
      "Points": 0,
      "Wins": 0,
      "Losses": 0,
      "Draws": 0,
      "OMWP": 0.5,
      "GWP": 0.2,
      "OGWP": 0.4744
    },
    {
      "Rank": 57,
      "Player": "Illao1",
      "Points": 0,
      "Wins": 0,
      "Losses": 0,
      "Draws": 0,
      "OMWP": 0.5,
      "GWP": 0.2,
      "OGWP": 0.5125
    },
    {
      "Rank": 56,
      "Player": "AnotherStep",
      "Points": 0,
      "Wins": 0,
      "Losses": 0,
      "Draws": 0,
      "OMWP": 0.5832999999999999,
      "GWP": 0,
      "OGWP": 0.5667
    },
    {
      "Rank": 55,
      "Player": "FlawlessVictory-",
      "Points": 0,
      "Wins": 0,
      "Losses": 0,
      "Draws": 0,
      "OMWP": 0.5832999999999999,
      "GWP": 0.2,
      "OGWP": 0.5357
    },
    {
      "Rank": 54,
      "Player": "Selfeisek",
      "Points": 0,
      "Wins": 0,
      "Losses": 0,
      "Draws": 0,
      "OMWP": 0.6111,
      "GWP": 0.25,
      "OGWP": 0.5029
    },
    {
      "Rank": 53,
      "Player": "BERNASTORRES",
      "Points": 0,
      "Wins": 0,
      "Losses": 0,
      "Draws": 0,
      "OMWP": 0.75,
      "GWP": 0.2,
      "OGWP": 0.7381
    },
    {
      "Rank": 52,
      "Player": "Sarlanga",
      "Points": 3,
      "Wins": 0,
      "Losses": 0,
      "Draws": 0,
      "OMWP": 0.5,
      "GWP": 0.25,
      "OGWP": 0.4955
    },
    {
      "Rank": 51,
      "Player": "ElCucuy",
      "Points": 3,
      "Wins": 0,
      "Losses": 0,
      "Draws": 0,
      "OMWP": 0.5,
      "GWP": 0.2727,
      "OGWP": 0.5118
    },
    {
      "Rank": 50,
      "Player": "MajorFurry",
      "Points": 3,
      "Wins": 0,
      "Losses": 0,
      "Draws": 0,
      "OMWP": 0.5,
      "GWP": 0.3,
      "OGWP": 0.5064
    },
    {
      "Rank": 49,
      "Player": "outZEROo",
      "Points": 3,
      "Wins": 0,
      "Losses": 0,
      "Draws": 0,
      "OMWP": 0.5133,
      "GWP": 0.35710000000000003,
      "OGWP": 0.5067
    },
    {
      "Rank": 48,
      "Player": "mavzero87",
      "Points": 3,
      "Wins": 0,
      "Losses": 0,
      "Draws": 0,
      "OMWP": 0.5417000000000001,
      "GWP": 0.3,
      "OGWP": 0.5265
    },
    {
      "Rank": 47,
      "Player": "creazygoat",
      "Points": 3,
      "Wins": 0,
      "Losses": 0,
      "Draws": 0,
      "OMWP": 0.5832999999999999,
      "GWP": 0.3333,
      "OGWP": 0.5341
    },
    {
      "Rank": 46,
      "Player": "xfile",
      "Points": 3,
      "Wins": 0,
      "Losses": 0,
      "Draws": 0,
      "OMWP": 0.6111,
      "GWP": 0.5,
      "OGWP": 0.5524
    },
    {
      "Rank": 45,
      "Player": "Mateusf34",
      "Points": 3,
      "Wins": 0,
      "Losses": 0,
      "Draws": 0,
      "OMWP": 0.6333,
      "GWP": 0.3077,
      "OGWP": 0.5705
    },
    {
      "Rank": 44,
      "Player": "Magic_Expert",
      "Points": 6,
      "Wins": 0,
      "Losses": 0,
      "Draws": 0,
      "OMWP": 0.44439999999999996,
      "GWP": 0.375,
      "OGWP": 0.48469999999999996
    },
    {
      "Rank": 43,
      "Player": "Capitano_CL",
      "Points": 6,
      "Wins": 0,
      "Losses": 0,
      "Draws": 0,
      "OMWP": 0.4667,
      "GWP": 0.3846,
      "OGWP": 0.4667
    },
    {
      "Rank": 42,
      "Player": "CrazyMorango",
      "Points": 6,
      "Wins": 0,
      "Losses": 0,
      "Draws": 0,
      "OMWP": 0.5,
      "GWP": 0.4,
      "OGWP": 0.5015999999999999
    },
    {
      "Rank": 41,
      "Player": "Skpchino",
      "Points": 6,
      "Wins": 0,
      "Losses": 0,
      "Draws": 0,
      "OMWP": 0.5,
      "GWP": 0.44439999999999996,
      "OGWP": 0.4775
    },
    {
      "Rank": 40,
      "Player": "Golgarburr",
      "Points": 6,
      "Wins": 0,
      "Losses": 0,
      "Draws": 0,
      "OMWP": 0.5167,
      "GWP": 0.4,
      "OGWP": 0.5119
    },
    {
      "Rank": 39,
      "Player": "qbturtle15",
      "Points": 6,
      "Wins": 0,
      "Losses": 0,
      "Draws": 0,
      "OMWP": 0.5278,
      "GWP": 0.4,
      "OGWP": 0.5153
    },
    {
      "Rank": 38,
      "Player": "PNascimento",
      "Points": 6,
      "Wins": 0,
      "Losses": 0,
      "Draws": 0,
      "OMWP": 0.5278,
      "GWP": 0.4375,
      "OGWP": 0.4863
    },
    {
      "Rank": 37,
      "Player": "Nadu",
      "Points": 6,
      "Wins": 0,
      "Losses": 0,
      "Draws": 0,
      "OMWP": 0.5333,
      "GWP": 0.4286,
      "OGWP": 0.4925
    },
    {
      "Rank": 36,
      "Player": "wcl",
      "Points": 6,
      "Wins": 0,
      "Losses": 0,
      "Draws": 0,
      "OMWP": 0.5389,
      "GWP": 0.4667,
      "OGWP": 0.5085000000000001
    },
    {
      "Rank": 35,
      "Player": "Arkany1",
      "Points": 6,
      "Wins": 0,
      "Losses": 0,
      "Draws": 0,
      "OMWP": 0.6389,
      "GWP": 0.4,
      "OGWP": 0.5844
    },
    {
      "Rank": 34,
      "Player": "echecetmat35",
      "Points": 9,
      "Wins": 0,
      "Losses": 0,
      "Draws": 0,
      "OMWP": 0.4278,
      "GWP": 0.5,
      "OGWP": 0.43119999999999997
    },
    {
      "Rank": 33,
      "Player": "Arianne",
      "Points": 9,
      "Wins": 0,
      "Losses": 0,
      "Draws": 0,
      "OMWP": 0.44439999999999996,
      "GWP": 0.5,
      "OGWP": 0.4525
    },
    {
      "Rank": 32,
      "Player": "SuperCow12653",
      "Points": 9,
      "Wins": 0,
      "Losses": 0,
      "Draws": 0,
      "OMWP": 0.44439999999999996,
      "GWP": 0.5385,
      "OGWP": 0.4685
    },
    {
      "Rank": 31,
      "Player": "_Falcon_",
      "Points": 9,
      "Wins": 0,
      "Losses": 0,
      "Draws": 0,
      "OMWP": 0.4667,
      "GWP": 0.5333,
      "OGWP": 0.4697
    },
    {
      "Rank": 30,
      "Player": "Lollopollo2001",
      "Points": 9,
      "Wins": 0,
      "Losses": 0,
      "Draws": 0,
      "OMWP": 0.4722,
      "GWP": 0.4286,
      "OGWP": 0.4781
    },
    {
      "Rank": 29,
      "Player": "_Mago_",
      "Points": 9,
      "Wins": 0,
      "Losses": 0,
      "Draws": 0,
      "OMWP": 0.4833,
      "GWP": 0.4667,
      "OGWP": 0.469
    },
    {
      "Rank": 28,
      "Player": "makusong24",
      "Points": 9,
      "Wins": 0,
      "Losses": 0,
      "Draws": 0,
      "OMWP": 0.5,
      "GWP": 0.5714,
      "OGWP": 0.5136999999999999
    },
    {
      "Rank": 27,
      "Player": "monzatubarao",
      "Points": 9,
      "Wins": 0,
      "Losses": 0,
      "Draws": 0,
      "OMWP": 0.5278,
      "GWP": 0.4667,
      "OGWP": 0.5027
    },
    {
      "Rank": 26,
      "Player": "valentinaaaa",
      "Points": 9,
      "Wins": 0,
      "Losses": 0,
      "Draws": 0,
      "OMWP": 0.5278,
      "GWP": 0.5333,
      "OGWP": 0.5203
    },
    {
      "Rank": 25,
      "Player": "Mathilde8",
      "Points": 9,
      "Wins": 0,
      "Losses": 0,
      "Draws": 0,
      "OMWP": 0.5389,
      "GWP": 0.4667,
      "OGWP": 0.5132
    },
    {
      "Rank": 24,
      "Player": "RezerDeDog",
      "Points": 9,
      "Wins": 0,
      "Losses": 0,
      "Draws": 0,
      "OMWP": 0.5556,
      "GWP": 0.4375,
      "OGWP": 0.5439
    },
    {
      "Rank": 23,
      "Player": "LucasG1ggs",
      "Points": 9,
      "Wins": 0,
      "Losses": 0,
      "Draws": 0,
      "OMWP": 0.5832999999999999,
      "GWP": 0.46149999999999997,
      "OGWP": 0.5821000000000001
    },
    {
      "Rank": 22,
      "Player": "boom_bust",
      "Points": 9,
      "Wins": 0,
      "Losses": 0,
      "Draws": 0,
      "OMWP": 0.6111,
      "GWP": 0.4667,
      "OGWP": 0.5901
    },
    {
      "Rank": 21,
      "Player": "levunga21",
      "Points": 12,
      "Wins": 0,
      "Losses": 0,
      "Draws": 0,
      "OMWP": 0.4,
      "GWP": 0.6,
      "OGWP": 0.39740000000000003
    },
    {
      "Rank": 20,
      "Player": "eli2107",
      "Points": 12,
      "Wins": 0,
      "Losses": 0,
      "Draws": 0,
      "OMWP": 0.44439999999999996,
      "GWP": 0.6429,
      "OGWP": 0.4096
    },
    {
      "Rank": 19,
      "Player": "O_danielakos",
      "Points": 12,
      "Wins": 0,
      "Losses": 0,
      "Draws": 0,
      "OMWP": 0.4722,
      "GWP": 0.6154,
      "OGWP": 0.5097999999999999
    },
    {
      "Rank": 18,
      "Player": "TheManLand",
      "Points": 12,
      "Wins": 0,
      "Losses": 0,
      "Draws": 0,
      "OMWP": 0.5111,
      "GWP": 0.6429,
      "OGWP": 0.4827
    },
    {
      "Rank": 17,
      "Player": "MandrillMan",
      "Points": 12,
      "Wins": 0,
      "Losses": 0,
      "Draws": 0,
      "OMWP": 0.5278,
      "GWP": 0.5714,
      "OGWP": 0.5146000000000001
    },
    {
      "Rank": 16,
      "Player": "jackie42005",
      "Points": 12,
      "Wins": 0,
      "Losses": 0,
      "Draws": 0,
      "OMWP": 0.5278,
      "GWP": 0.6154,
      "OGWP": 0.48100000000000004
    },
    {
      "Rank": 15,
      "Player": "DrPP",
      "Points": 12,
      "Wins": 0,
      "Losses": 0,
      "Draws": 0,
      "OMWP": 0.5556,
      "GWP": 0.625,
      "OGWP": 0.5325
    },
    {
      "Rank": 14,
      "Player": "LuffyDoChapeuDePalha",
      "Points": 12,
      "Wins": 0,
      "Losses": 0,
      "Draws": 0,
      "OMWP": 0.5556,
      "GWP": 0.6667000000000001,
      "OGWP": 0.5611
    },
    {
      "Rank": 13,
      "Player": "Marcuzinho",
      "Points": 12,
      "Wins": 0,
      "Losses": 0,
      "Draws": 0,
      "OMWP": 0.5556,
      "GWP": 0.6923,
      "OGWP": 0.5174
    },
    {
      "Rank": 12,
      "Player": "Beicodegeia",
      "Points": 12,
      "Wins": 0,
      "Losses": 0,
      "Draws": 0,
      "OMWP": 0.5832999999999999,
      "GWP": 0.5714,
      "OGWP": 0.5590999999999999
    },
    {
      "Rank": 11,
      "Player": "GinkoHS",
      "Points": 12,
      "Wins": 0,
      "Losses": 0,
      "Draws": 0,
      "OMWP": 0.5943999999999999,
      "GWP": 0.5625,
      "OGWP": 0.5771999999999999
    },
    {
      "Rank": 10,
      "Player": "maytwer",
      "Points": 12,
      "Wins": 0,
      "Losses": 0,
      "Draws": 0,
      "OMWP": 0.6111,
      "GWP": 0.6154,
      "OGWP": 0.5761
    },
    {
      "Rank": 9,
      "Player": "deleon91",
      "Points": 12,
      "Wins": 0,
      "Losses": 0,
      "Draws": 0,
      "OMWP": 0.6389,
      "GWP": 0.6923,
      "OGWP": 0.5544
    },
    {
      "Rank": 8,
      "Player": "_Cygnus",
      "Points": 15,
      "Wins": 0,
      "Losses": 0,
      "Draws": 0,
      "OMWP": 0.6111,
      "GWP": 0.6470999999999999,
      "OGWP": 0.5928
    },
    {
      "Rank": 7,
      "Player": "Gianhunter",
      "Points": 15,
      "Wins": 0,
      "Losses": 0,
      "Draws": 0,
      "OMWP": 0.6111,
      "GWP": 0.7143,
      "OGWP": 0.5711999999999999
    },
    {
      "Rank": 6,
      "Player": "VitorCarvalho01",
      "Points": 15,
      "Wins": 0,
      "Losses": 0,
      "Draws": 0,
      "OMWP": 0.75,
      "GWP": 0.6667000000000001,
      "OGWP": 0.6829999999999999
    },
    {
      "Rank": 5,
      "Player": "wkmidori",
      "Points": 18,
      "Wins": 0,
      "Losses": 0,
      "Draws": 0,
      "OMWP": 0.6389,
      "GWP": 0.8571,
      "OGWP": 0.5652
    },
    {
      "Rank": 4,
      "Player": "sandoiche",
      "Points": 18,
      "Wins": 0,
      "Losses": 0,
      "Draws": 0,
      "OMWP": 0.5832999999999999,
      "GWP": 0.7333,
      "OGWP": 0.5588000000000001
    },
    {
      "Rank": 3,
      "Player": "MJ_23",
      "Points": 18,
      "Wins": 0,
      "Losses": 0,
      "Draws": 0,
      "OMWP": 0.5832999999999999,
      "GWP": 0.8332999999999999,
      "OGWP": 0.5557
    },
    {
      "Rank": 2,
      "Player": "Raydan",
      "Points": 18,
      "Wins": 0,
      "Losses": 0,
      "Draws": 0,
      "OMWP": 0.6667000000000001,
      "GWP": 0.6429,
      "OGWP": 0.5851
    },
    {
      "Rank": 1,
      "Player": "GzusReturned",
      "Points": 24,
      "Wins": 0,
      "Losses": 0,
      "Draws": 0,
      "OMWP": 0.5556,
      "GWP": 0.6875,
      "OGWP": 0.5202
    }
  ]
}