{
  "Tournament": {
    "Id": 12803657,
    "Date": "2025-07-17T02:00:00",
    "Name": "Standard Challenge 32",
    "Uri": null,
    "JsonFile": null,
    "ForceRedownload": false
  },
  "Decks": null,
  "Rounds": [
    {
      "RoundName": "Round 1",
      "Matches": [
        {
          "Player1": "O_danielakos",
          "Player2": "wcl",
          "Result": "0-2-0"
        },
        {
          "Player1": "ShadowTitan1",
          "Player2": "sixmp",
          "Result": "2-0-0"
        },
        {
          "Player1": "StormQrow",
          "Player2": "MandrillMan",
          "Result": "2-0-0"
        },
        {
          "Player1": "jakobpablo",
          "Player2": "AFitzsimmons",
          "Result": "2-0-0"
        },
        {
          "Player1": "selesneal",
          "Player2": "Goomy_",
          "Result": "2-0-0"
        },
        {
          "Player1": "Capriccioso",
          "Player2": "Venom1",
          "Result": "2-0-0"
        },
        {
          "Player1": "Dai66s",
          "Player2": "YaGirlBryn",
          "Result": "2-0-0"
        },
        {
          "Player1": "EiJunCHN",
          "Player2": "_Siegfried",
          "Result": "0-2-0"
        },
        {
          "Player1": "medic_cob",
          "Player2": "Scooby_Snacks",
          "Result": "0-2-0"
        },
        {
          "Player1": "Willthepill",
          "Player2": "SaddlebackLagac",
          "Result": "0-2-0"
        },
        {
          "Player1": "Comrade1312",
          "Player2": "TrashBoat100",
          "Result": "0-2-0"
        },
        {
          "Player1": "sandoiche",
          "Player2": "SoulStrong",
          "Result": "0-2-0"
        },
        {
          "Player1": "oinkmage22",
          "Player2": "Adam-Bazika",
          "Result": "2-0-0"
        },
        {
          "Player1": "HouseOfManaMTG",
          "Player2": "XantosCell",
          "Result": "0-2-0"
        },
        {
          "Player1": "bolov0",
          "Player2": "Denisevich",
          "Result": "0-2-0"
        },
        {
          "Player1": "gazmon48",
          "Player2": "Illao1",
          "Result": "2-0-0"
        },
        {
          "Player1": "bless_von",
          "Player2": "xRagedFurballx",
          "Result": "0-2-0"
        },
        {
          "Player1": "Raydan",
          "Player2": "DB_Jaffer",
          "Result": "0-2-0"
        },
        {
          "Player1": "RileyLBJ",
          "Player2": "LaneOrLaine",
          "Result": "0-2-0"
        },
        {
          "Player1": "Tunaktunak",
          "Player2": "Snover",
          "Result": "2-0-0"
        },
        {
          "Player1": "ashame",
          "Player2": "jorgeelias",
          "Result": "0-0-0"
        },
        {
          "Player1": "wolf2222",
          "Player2": "Koscheii",
          "Result": "2-0-0"
        },
        {
          "Player1": "cftsoc3",
          "Player2": "Predrag133",
          "Result": "2-0-0"
        },
        {
          "Player1": "kcomedina",
          "Player2": "GTX120",
          "Result": "2-0-0"
        },
        {
          "Player1": "Grogore",
          "Player2": "Azja",
          "Result": "0-2-0"
        },
        {
          "Player1": "tchuco",
          "Player2": "peterhmasters",
          "Result": "2-0-0"
        },
        {
          "Player1": "sandydogmtg",
          "Player2": "hermanomlg",
          "Result": "0-0-0"
        }
      ]
    },
    {
      "RoundName": "Round 2",
      "Matches": [
        {
          "Player1": "bless_von",
          "Player2": "sixmp",
          "Result": "2-0-0"
        },
        {
          "Player1": "Venom1",
          "Player2": "HouseOfManaMTG",
          "Result": "2-0-0"
        },
        {
          "Player1": "Capriccioso",
          "Player2": "LaneOrLaine",
          "Result": "2-0-0"
        },
        {
          "Player1": "SoulStrong",
          "Player2": "jakobpablo",
          "Result": "2-0-0"
        },
        {
          "Player1": "hermanomlg",
          "Player2": "AFitzsimmons",
          "Result": "2-0-0"
        },
        {
          "Player1": "wolf2222",
          "Player2": "StormQrow",
          "Result": "0-2-0"
        },
        {
          "Player1": "sandoiche",
          "Player2": "Comrade1312",
          "Result": "0-2-0"
        },
        {
          "Player1": "tchuco",
          "Player2": "DB_Jaffer",
          "Result": "2-1-0"
        },
        {
          "Player1": "bolov0",
          "Player2": "Predrag133",
          "Result": "2-0-0"
        },
        {
          "Player1": "ShadowTitan1",
          "Player2": "oinkmage22",
          "Result": "2-0-0"
        },
        {
          "Player1": "GTX120",
          "Player2": "Goomy_",
          "Result": "0-2-0"
        },
        {
          "Player1": "gazmon48",
          "Player2": "ashame",
          "Result": "0-2-0"
        },
        {
          "Player1": "wcl",
          "Player2": "Scooby_Snacks",
          "Result": "2-0-0"
        },
        {
          "Player1": "EiJunCHN",
          "Player2": "peterhmasters",
          "Result": "0-2-0"
        },
        {
          "Player1": "Dai66s",
          "Player2": "selesneal",
          "Result": "2-0-0"
        },
        {
          "Player1": "O_danielakos",
          "Player2": "Grogore",
          "Result": "2-0-0"
        },
        {
          "Player1": "RileyLBJ",
          "Player2": "Adam-Bazika",
          "Result": "2-1-0"
        },
        {
          "Player1": "medic_cob",
          "Player2": "Koscheii",
          "Result": "2-0-0"
        },
        {
          "Player1": "sandydogmtg",
          "Player2": "xRagedFurballx",
          "Result": "0-2-0"
        },
        {
          "Player1": "Tunaktunak",
          "Player2": "Denisevich",
          "Result": "2-0-0"
        },
        {
          "Player1": "TrashBoat100",
          "Player2": "_Siegfried",
          "Result": "2-0-0"
        },
        {
          "Player1": "jorgeelias",
          "Player2": "Snover",
          "Result": "0-2-0"
        },
        {
          "Player1": "Azja",
          "Player2": "MTGHolic",
          "Result": "2-0-0"
        },
        {
          "Player1": "SaddlebackLagac",
          "Player2": "XantosCell",
          "Result": "2-0-0"
        },
        {
          "Player1": "Raydan",
          "Player2": "MandrillMan",
          "Result": "2-0-0"
        },
        {
          "Player1": "kcomedina",
          "Player2": "cftsoc3",
          "Result": "2-0-0"
        }
      ]
    },
    {
      "RoundName": "Round 3",
      "Matches": [
        {
          "Player1": "hermanomlg",
          "Player2": "Comrade1312",
          "Result": "0-2-0"
        },
        {
          "Player1": "_Siegfried",
          "Player2": "peterhmasters",
          "Result": "2-0-0"
        },
        {
          "Player1": "jakobpablo",
          "Player2": "LaneOrLaine",
          "Result": "0-2-0"
        },
        {
          "Player1": "sandydogmtg",
          "Player2": "Denisevich",
          "Result": "0-2-0"
        },
        {
          "Player1": "medic_cob",
          "Player2": "YaGirlBryn",
          "Result": "0-2-0"
        },
        {
          "Player1": "Tunaktunak",
          "Player2": "tchuco",
          "Result": "2-0-0"
        },
        {
          "Player1": "SoulStrong",
          "Player2": "ShadowTitan1",
          "Result": "0-2-0"
        },
        {
          "Player1": "jorgeelias",
          "Player2": "Adam-Bazika",
          "Result": "0-2-0"
        },
        {
          "Player1": "StormQrow",
          "Player2": "ashame",
          "Result": "0-2-0"
        },
        {
          "Player1": "O_danielakos",
          "Player2": "RileyLBJ",
          "Result": "0-2-0"
        },
        {
          "Player1": "bless_von",
          "Player2": "Goomy_",
          "Result": "2-0-0"
        },
        {
          "Player1": "cftsoc3",
          "Player2": "MTGHolic",
          "Result": "2-0-0"
        },
        {
          "Player1": "kcomedina",
          "Player2": "Azja",
          "Result": "2-0-0"
        },
        {
          "Player1": "Koscheii",
          "Player2": "Scooby_Snacks",
          "Result": "0-0-0"
        },
        {
          "Player1": "wolf2222",
          "Player2": "XantosCell",
          "Result": "0-2-0"
        },
        {
          "Player1": "selesneal",
          "Player2": "gazmon48",
          "Result": "0-2-0"
        },
        {
          "Player1": "TrashBoat100",
          "Player2": "wcl",
          "Result": "0-2-0"
        },
        {
          "Player1": "Capriccioso",
          "Player2": "xRagedFurballx",
          "Result": "2-0-0"
        },
        {
          "Player1": "Dai66s",
          "Player2": "SaddlebackLagac",
          "Result": "2-0-0"
        },
        {
          "Player1": "Raydan",
          "Player2": "Snover",
          "Result": "0-2-0"
        },
        {
          "Player1": "bolov0",
          "Player2": "oinkmage22",
          "Result": "0-2-0"
        },
        {
          "Player1": "Predrag133",
          "Player2": "AFitzsimmons",
          "Result": "2-0-0"
        },
        {
          "Player1": "Venom1",
          "Player2": "DB_Jaffer",
          "Result": "2-0-0"
        }
      ]
    },
    {
      "RoundName": "Round 4",
      "Matches": [
        {
          "Player1": "sandydogmtg",
          "Player2": "Adam-Bazika",
          "Result": "0-2-0"
        },
        {
          "Player1": "SaddlebackLagac",
          "Player2": "_Siegfried",
          "Result": "2-0-0"
        },
        {
          "Player1": "wolf2222",
          "Player2": "DB_Jaffer",
          "Result": "0-0-0"
        },
        {
          "Player1": "Capriccioso",
          "Player2": "ashame",
          "Result": "2-0-0"
        },
        {
          "Player1": "O_danielakos",
          "Player2": "SoulStrong",
          "Result": "0-2-0"
        },
        {
          "Player1": "tchuco",
          "Player2": "bless_von",
          "Result": "0-2-0"
        },
        {
          "Player1": "medic_cob",
          "Player2": "jakobpablo",
          "Result": "0-2-0"
        },
        {
          "Player1": "RileyLBJ",
          "Player2": "oinkmage22",
          "Result": "0-2-0"
        },
        {
          "Player1": "Goomy_",
          "Player2": "AFitzsimmons",
          "Result": "0-0-0"
        },
        {
          "Player1": "StormQrow",
          "Player2": "YaGirlBryn",
          "Result": "2-0-0"
        },
        {
          "Player1": "Venom1",
          "Player2": "Snover",
          "Result": "2-0-0"
        },
        {
          "Player1": "Raydan",
          "Player2": "EiJunCHN",
          "Result": "2-0-0"
        },
        {
          "Player1": "TrashBoat100",
          "Player2": "LaneOrLaine",
          "Result": "0-2-0"
        },
        {
          "Player1": "cftsoc3",
          "Player2": "XantosCell",
          "Result": "0-2-0"
        },
        {
          "Player1": "kcomedina",
          "Player2": "Scooby_Snacks",
          "Result": "0-2-0"
        },
        {
          "Player1": "gazmon48",
          "Player2": "Comrade1312",
          "Result": "2-0-0"
        },
        {
          "Player1": "MTGHolic",
          "Player2": "Predrag133",
          "Result": "0-2-0"
        },
        {
          "Player1": "Azja",
          "Player2": "Denisevich",
          "Result": "0-0-0"
        },
        {
          "Player1": "Dai66s",
          "Player2": "ShadowTitan1",
          "Result": "2-0-0"
        },
        {
          "Player1": "Tunaktunak",
          "Player2": "wcl",
          "Result": "2-0-0"
        }
      ]
    },
    {
      "RoundName": "Round 5",
      "Matches": [
        {
          "Player1": "gazmon48",
          "Player2": "bless_von",
          "Result": "0-2-0"
        },
        {
          "Player1": "SaddlebackLagac",
          "Player2": "ashame",
          "Result": "0-2-0"
        },
        {
          "Player1": "Tunaktunak",
          "Player2": "XantosCell",
          "Result": "0-2-0"
        },
        {
          "Player1": "RileyLBJ",
          "Player2": "DB_Jaffer",
          "Result": "0-2-0"
        },
        {
          "Player1": "cftsoc3",
          "Player2": "Denisevich",
          "Result": "2-0-0"
        },
        {
          "Player1": "Raydan",
          "Player2": "tchuco",
          "Result": "0-2-0"
        },
        {
          "Player1": "_Siegfried",
          "Player2": "Predrag133",
          "Result": "2-0-0"
        },
        {
          "Player1": "Snover",
          "Player2": "Adam-Bazika",
          "Result": "2-0-0"
        },
        {
          "Player1": "ShadowTitan1",
          "Player2": "wcl",
          "Result": "0-2-0"
        },
        {
          "Player1": "Venom1",
          "Player2": "oinkmage22",
          "Result": "0-2-0"
        },
        {
          "Player1": "Azja",
          "Player2": "LaneOrLaine",
          "Result": "0-2-0"
        },
        {
          "Player1": "SoulStrong",
          "Player2": "Scooby_Snacks",
          "Result": "2-0-0"
        },
        {
          "Player1": "Capriccioso",
          "Player2": "Dai66s",
          "Result": "0-2-0"
        },
        {
          "Player1": "jakobpablo",
          "Player2": "Goomy_",
          "Result": "2-0-0"
        },
        {
          "Player1": "kcomedina",
          "Player2": "StormQrow",
          "Result": "2-0-0"
        },
        {
          "Player1": "O_danielakos",
          "Player2": "AFitzsimmons",
          "Result": "2-0-0"
        },
        {
          "Player1": "Comrade1312",
          "Player2": "YaGirlBryn",
          "Result": "2-0-0"
        }
      ]
    },
    {
      "RoundName": "Round 6",
      "Matches": [
        {
          "Player1": "Raydan",
          "Player2": "Goomy_",
          "Result": "2-0-0"
        },
        {
          "Player1": "ashame",
          "Player2": "LaneOrLaine",
          "Result": "2-0-0"
        },
        {
          "Player1": "Capriccioso",
          "Player2": "SoulStrong",
          "Result": "0-2-0"
        },
        {
          "Player1": "Tunaktunak",
          "Player2": "jakobpablo",
          "Result": "0-2-0"
        },
        {
          "Player1": "Predrag133",
          "Player2": "YaGirlBryn",
          "Result": "2-0-0"
        },
        {
          "Player1": "Venom1",
          "Player2": "ShadowTitan1",
          "Result": "2-0-0"
        },
        {
          "Player1": "StormQrow",
          "Player2": "Azja",
          "Result": "0-2-0"
        },
        {
          "Player1": "bless_von",
          "Player2": "XantosCell",
          "Result": "2-0-0"
        },
        {
          "Player1": "cftsoc3",
          "Player2": "_Siegfried",
          "Result": "2-0-0"
        },
        {
          "Player1": "Dai66s",
          "Player2": "oinkmage22",
          "Result": "0-2-0"
        },
        {
          "Player1": "RileyLBJ",
          "Player2": "AFitzsimmons",
          "Result": "0-2-0"
        },
        {
          "Player1": "tchuco",
          "Player2": "Snover",
          "Result": "0-0-0"
        },
        {
          "Player1": "DB_Jaffer",
          "Player2": "Scooby_Snacks",
          "Result": "0-2-0"
        },
        {
          "Player1": "kcomedina",
          "Player2": "wcl",
          "Result": "0-2-0"
        },
        {
          "Player1": "Comrade1312",
          "Player2": "SaddlebackLagac",
          "Result": "2-0-0"
        },
        {
          "Player1": "O_danielakos",
          "Player2": "Denisevich",
          "Result": "2-0-0"
        }
      ]
    },
    {
      "RoundName": "Round 7",
      "Matches": [
        {
          "Player1": "Dai66s",
          "Player2": "bless_von",
          "Result": "2-0-0"
        },
        {
          "Player1": "Capriccioso",
          "Player2": "SoulStrong",
          "Result": "0-2-0"
        },
        {
          "Player1": "ashame",
          "Player2": "oinkmage22",
          "Result": "0-2-0"
        },
        {
          "Player1": "Tunaktunak",
          "Player2": "wcl",
          "Result": "2-0-0"
        }
      ]
    },
    {
      "RoundName": "Round 8",
      "Matches": [
        {
          "Player1": "Dai66s",
          "Player2": "Tunaktunak",
          "Result": "0-2-0"
        },
        {
          "Player1": "SoulStrong",
          "Player2": "oinkmage22",
          "Result": "0-2-0"
        }
      ]
    },
    {
      "RoundName": "Round 9",
      "Matches": [
        {
          "Player1": "Tunaktunak",
          "Player2": "oinkmage22",
          "Result": "2-0-0"
        }
      ]
    }
  ],
  "Standings": [
    {
      "Rank": 55,
      "Player": "Koscheii",
      "Points": 0,
      "Wins": 0,
      "Losses": 0,
      "Draws": 0,
      "OMWP": 0.44439999999999996,
      "GWP": 0.1429,
      "OGWP": 0.45299999999999996
    },
    {
      "Rank": 54,
      "Player": "MandrillMan",
      "Points": 0,
      "Wins": 0,
      "Losses": 0,
      "Draws": 0,
      "OMWP": 0.5,
      "GWP": 0.2,
      "OGWP": 0.5167
    },
    {
      "Rank": 53,
      "Player": "GTX120",
      "Points": 0,
      "Wins": 0,
      "Losses": 0,
      "Draws": 0,
      "OMWP": 0.5,
      "GWP": 0.3333,
      "OGWP": 0.44520000000000004
    },
    {
      "Rank": 52,
      "Player": "Willthepill",
      "Points": 0,
      "Wins": 0,
      "Losses": 0,
      "Draws": 0,
      "OMWP": 0.5,
      "GWP": 0.3333,
      "OGWP": 0.5
    },
    {
      "Rank": 51,
      "Player": "jorgeelias",
      "Points": 0,
      "Wins": 0,
      "Losses": 0,
      "Draws": 0,
      "OMWP": 0.5778,
      "GWP": 0.1429,
      "OGWP": 0.6161
    },
    {
      "Rank": 50,
      "Player": "Grogore",
      "Points": 0,
      "Wins": 0,
      "Losses": 0,
      "Draws": 0,
      "OMWP": 0.5832999999999999,
      "GWP": 0.2,
      "OGWP": 0.5294
    },
    {
      "Rank": 49,
      "Player": "Illao1",
      "Points": 0,
      "Wins": 0,
      "Losses": 0,
      "Draws": 0,
      "OMWP": 0.6,
      "GWP": 0,
      "OGWP": 0.5455
    },
    {
      "Rank": 48,
      "Player": "HouseOfManaMTG",
      "Points": 0,
      "Wins": 0,
      "Losses": 0,
      "Draws": 0,
      "OMWP": 0.6667000000000001,
      "GWP": 0.2,
      "OGWP": 0.5714
    },
    {
      "Rank": 47,
      "Player": "sixmp",
      "Points": 0,
      "Wins": 0,
      "Losses": 0,
      "Draws": 0,
      "OMWP": 0.6667000000000001,
      "GWP": 0.3333,
      "OGWP": 0.5832999999999999
    },
    {
      "Rank": 46,
      "Player": "sandoiche",
      "Points": 0,
      "Wins": 0,
      "Losses": 0,
      "Draws": 0,
      "OMWP": 0.75,
      "GWP": 0.2,
      "OGWP": 0.6275
    },
    {
      "Rank": 45,
      "Player": "sandydogmtg",
      "Points": 3,
      "Wins": 0,
      "Losses": 0,
      "Draws": 0,
      "OMWP": 0.43329999999999996,
      "GWP": 0.22219999999999998,
      "OGWP": 0.5167
    },
    {
      "Rank": 44,
      "Player": "AFitzsimmons",
      "Points": 3,
      "Wins": 0,
      "Losses": 0,
      "Draws": 0,
      "OMWP": 0.44439999999999996,
      "GWP": 0.2667,
      "OGWP": 0.47409999999999997
    },
    {
      "Rank": 43,
      "Player": "EiJunCHN",
      "Points": 3,
      "Wins": 0,
      "Losses": 0,
      "Draws": 0,
      "OMWP": 0.44439999999999996,
      "GWP": 0.3333,
      "OGWP": 0.4556
    },
    {
      "Rank": 42,
      "Player": "hermanomlg",
      "Points": 3,
      "Wins": 0,
      "Losses": 0,
      "Draws": 0,
      "OMWP": 0.44439999999999996,
      "GWP": 0.5,
      "OGWP": 0.4183
    },
    {
      "Rank": 41,
      "Player": "medic_cob",
      "Points": 3,
      "Wins": 0,
      "Losses": 0,
      "Draws": 0,
      "OMWP": 0.5,
      "GWP": 0.22219999999999998,
      "OGWP": 0.496
    },
    {
      "Rank": 40,
      "Player": "peterhmasters",
      "Points": 3,
      "Wins": 0,
      "Losses": 0,
      "Draws": 0,
      "OMWP": 0.5,
      "GWP": 0.3333,
      "OGWP": 0.4889
    },
    {
      "Rank": 39,
      "Player": "wolf2222",
      "Points": 3,
      "Wins": 0,
      "Losses": 0,
      "Draws": 0,
      "OMWP": 0.5,
      "GWP": 0.3333,
      "OGWP": 0.5107
    },
    {
      "Rank": 38,
      "Player": "bolov0",
      "Points": 3,
      "Wins": 0,
      "Losses": 0,
      "Draws": 0,
      "OMWP": 0.5556,
      "GWP": 0.375,
      "OGWP": 0.5619
    },
    {
      "Rank": 37,
      "Player": "selesneal",
      "Points": 3,
      "Wins": 0,
      "Losses": 0,
      "Draws": 0,
      "OMWP": 0.5889,
      "GWP": 0.375,
      "OGWP": 0.5166
    },
    {
      "Rank": 36,
      "Player": "MTGHolic",
      "Points": 3,
      "Wins": 0,
      "Losses": 0,
      "Draws": 0,
      "OMWP": 0.6111,
      "GWP": 0.3333,
      "OGWP": 0.5483
    },
    {
      "Rank": 35,
      "Player": "Adam-Bazika",
      "Points": 6,
      "Wins": 0,
      "Losses": 0,
      "Draws": 0,
      "OMWP": 0.4667,
      "GWP": 0.5,
      "OGWP": 0.4696
    },
    {
      "Rank": 34,
      "Player": "Goomy_",
      "Points": 6,
      "Wins": 0,
      "Losses": 0,
      "Draws": 0,
      "OMWP": 0.5,
      "GWP": 0.35710000000000003,
      "OGWP": 0.4722
    },
    {
      "Rank": 33,
      "Player": "Denisevich",
      "Points": 6,
      "Wins": 0,
      "Losses": 0,
      "Draws": 0,
      "OMWP": 0.5278,
      "GWP": 0.4,
      "OGWP": 0.5042
    },
    {
      "Rank": 32,
      "Player": "RileyLBJ",
      "Points": 6,
      "Wins": 0,
      "Losses": 0,
      "Draws": 0,
      "OMWP": 0.5389,
      "GWP": 0.3333,
      "OGWP": 0.5422
    },
    {
      "Rank": 31,
      "Player": "YaGirlBryn",
      "Points": 6,
      "Wins": 0,
      "Losses": 0,
      "Draws": 0,
      "OMWP": 0.5667,
      "GWP": 0.3333,
      "OGWP": 0.5204
    },
    {
      "Rank": 30,
      "Player": "xRagedFurballx",
      "Points": 6,
      "Wins": 0,
      "Losses": 0,
      "Draws": 0,
      "OMWP": 0.6111,
      "GWP": 0.6667000000000001,
      "OGWP": 0.5556
    },
    {
      "Rank": 29,
      "Player": "TrashBoat100",
      "Points": 6,
      "Wins": 0,
      "Losses": 0,
      "Draws": 0,
      "OMWP": 0.6667000000000001,
      "GWP": 0.5,
      "OGWP": 0.5899
    },
    {
      "Rank": 28,
      "Player": "Predrag133",
      "Points": 9,
      "Wins": 0,
      "Losses": 0,
      "Draws": 0,
      "OMWP": 0.4167,
      "GWP": 0.5,
      "OGWP": 0.42060000000000003
    },
    {
      "Rank": 27,
      "Player": "Raydan",
      "Points": 9,
      "Wins": 0,
      "Losses": 0,
      "Draws": 0,
      "OMWP": 0.44439999999999996,
      "GWP": 0.5,
      "OGWP": 0.4533
    },
    {
      "Rank": 26,
      "Player": "_Siegfried",
      "Points": 9,
      "Wins": 0,
      "Losses": 0,
      "Draws": 0,
      "OMWP": 0.4722,
      "GWP": 0.5333,
      "OGWP": 0.4637
    },
    {
      "Rank": 25,
      "Player": "O_danielakos",
      "Points": 9,
      "Wins": 0,
      "Losses": 0,
      "Draws": 0,
      "OMWP": 0.5,
      "GWP": 0.5294,
      "OGWP": 0.4556
    },
    {
      "Rank": 24,
      "Player": "StormQrow",
      "Points": 9,
      "Wins": 0,
      "Losses": 0,
      "Draws": 0,
      "OMWP": 0.5278,
      "GWP": 0.5333,
      "OGWP": 0.4747
    },
    {
      "Rank": 23,
      "Player": "DB_Jaffer",
      "Points": 9,
      "Wins": 0,
      "Losses": 0,
      "Draws": 0,
      "OMWP": 0.5278,
      "GWP": 0.5333,
      "OGWP": 0.4932
    },
    {
      "Rank": 22,
      "Player": "Snover",
      "Points": 9,
      "Wins": 0,
      "Losses": 0,
      "Draws": 0,
      "OMWP": 0.5389,
      "GWP": 0.5625,
      "OGWP": 0.5127
    },
    {
      "Rank": 21,
      "Player": "gazmon48",
      "Points": 9,
      "Wins": 0,
      "Losses": 0,
      "Draws": 0,
      "OMWP": 0.6,
      "GWP": 0.5455,
      "OGWP": 0.5498
    },
    {
      "Rank": 20,
      "Player": "SaddlebackLagac",
      "Points": 9,
      "Wins": 0,
      "Losses": 0,
      "Draws": 0,
      "OMWP": 0.6389,
      "GWP": 0.5,
      "OGWP": 0.5884
    },
    {
      "Rank": 19,
      "Player": "ShadowTitan1",
      "Points": 9,
      "Wins": 0,
      "Losses": 0,
      "Draws": 0,
      "OMWP": 0.7222,
      "GWP": 0.5,
      "OGWP": 0.5999
    },
    {
      "Rank": 18,
      "Player": "Comrade1312",
      "Points": 12,
      "Wins": 0,
      "Losses": 0,
      "Draws": 0,
      "OMWP": 0.43329999999999996,
      "GWP": 0.5882000000000001,
      "OGWP": 0.452
    },
    {
      "Rank": 17,
      "Player": "Azja",
      "Points": 12,
      "Wins": 0,
      "Losses": 0,
      "Draws": 0,
      "OMWP": 0.4722,
      "GWP": 0.5294,
      "OGWP": 0.4508
    },
    {
      "Rank": 16,
      "Player": "cftsoc3",
      "Points": 12,
      "Wins": 0,
      "Losses": 0,
      "Draws": 0,
      "OMWP": 0.5,
      "GWP": 0.6154,
      "OGWP": 0.4905
    },
    {
      "Rank": 15,
      "Player": "jakobpablo",
      "Points": 12,
      "Wins": 0,
      "Losses": 0,
      "Draws": 0,
      "OMWP": 0.5278,
      "GWP": 0.625,
      "OGWP": 0.4841
    },
    {
      "Rank": 14,
      "Player": "Venom1",
      "Points": 12,
      "Wins": 0,
      "Losses": 0,
      "Draws": 0,
      "OMWP": 0.5556,
      "GWP": 0.5,
      "OGWP": 0.5636
    },
    {
      "Rank": 13,
      "Player": "tchuco",
      "Points": 12,
      "Wins": 0,
      "Losses": 0,
      "Draws": 0,
      "OMWP": 0.5556,
      "GWP": 0.6,
      "OGWP": 0.5398
    },
    {
      "Rank": 12,
      "Player": "XantosCell",
      "Points": 12,
      "Wins": 0,
      "Losses": 0,
      "Draws": 0,
      "OMWP": 0.5556,
      "GWP": 0.6429,
      "OGWP": 0.5153
    },
    {
      "Rank": 11,
      "Player": "Scooby_Snacks",
      "Points": 12,
      "Wins": 0,
      "Losses": 0,
      "Draws": 0,
      "OMWP": 0.5832999999999999,
      "GWP": 0.6923,
      "OGWP": 0.5111
    },
    {
      "Rank": 10,
      "Player": "kcomedina",
      "Points": 12,
      "Wins": 0,
      "Losses": 0,
      "Draws": 0,
      "OMWP": 0.6111,
      "GWP": 0.5333,
      "OGWP": 0.5617
    },
    {
      "Rank": 9,
      "Player": "LaneOrLaine",
      "Points": 12,
      "Wins": 0,
      "Losses": 0,
      "Draws": 0,
      "OMWP": 0.6111,
      "GWP": 0.5714,
      "OGWP": 0.5734
    },
    {
      "Rank": 8,
      "Player": "Capriccioso",
      "Points": 12,
      "Wins": 0,
      "Losses": 0,
      "Draws": 0,
      "OMWP": 0.75,
      "GWP": 0.6667000000000001,
      "OGWP": 0.6396000000000001
    },
    {
      "Rank": 7,
      "Player": "bless_von",
      "Points": 15,
      "Wins": 0,
      "Losses": 0,
      "Draws": 0,
      "OMWP": 0.5444,
      "GWP": 0.6667000000000001,
      "OGWP": 0.5242
    },
    {
      "Rank": 6,
      "Player": "ashame",
      "Points": 15,
      "Wins": 0,
      "Losses": 0,
      "Draws": 0,
      "OMWP": 0.5444,
      "GWP": 0.7857,
      "OGWP": 0.525
    },
    {
      "Rank": 5,
      "Player": "wcl",
      "Points": 15,
      "Wins": 0,
      "Losses": 0,
      "Draws": 0,
      "OMWP": 0.5832999999999999,
      "GWP": 0.6667000000000001,
      "OGWP": 0.5663
    },
    {
      "Rank": 4,
      "Player": "Dai66s",
      "Points": 18,
      "Wins": 0,
      "Losses": 0,
      "Draws": 0,
      "OMWP": 0.5278,
      "GWP": 0.6470999999999999,
      "OGWP": 0.5268
    },
    {
      "Rank": 3,
      "Player": "SoulStrong",
      "Points": 18,
      "Wins": 0,
      "Losses": 0,
      "Draws": 0,
      "OMWP": 0.5556,
      "GWP": 0.6667000000000001,
      "OGWP": 0.5578
    },
    {
      "Rank": 2,
      "Player": "oinkmage22",
      "Points": 21,
      "Wins": 0,
      "Losses": 0,
      "Draws": 0,
      "OMWP": 0.5111,
      "GWP": 0.7857,
      "OGWP": 0.47590000000000005
    },
    {
      "Rank": 1,
      "Player": "Tunaktunak",
      "Points": 21,
      "Wins": 0,
      "Losses": 0,
      "Draws": 0,
      "OMWP": 0.6111,
      "GWP": 0.6429,
      "OGWP": 0.5828
    }
  ]
}