{
  "Tournament": {
    "Id": 12804874,
    "Date": "2025-07-25T15:00:00",
    "Name": "Pauper Challenge 32",
    "Uri": null,
    "JsonFile": null,
    "ForceRedownload": false
  },
  "Decks": null,
  "Rounds": [
    {
      "RoundName": "Round 1",
      "Matches": [
        {
          "Player1": "Sodeq",
          "Player2": "Bong0411",
          "Result": "2-0-0"
        },
        {
          "Player1": "_Tia93_",
          "Player2": "AlessandroPiraccini",
          "Result": "2-0-0"
        },
        {
          "Player1": "SpockVidaLoka",
          "Player2": "DobleP",
          "Result": "2-0-0"
        },
        {
          "Player1": "MJ_23",
          "Player2": "MisterTwin",
          "Result": "0-2-0"
        },
        {
          "Player1": "Mogged",
          "Player2": "LuffyDoChapeuDePalha",
          "Result": "2-0-0"
        },
        {
          "Player1": "EiJunCHN",
          "Player2": "choutin",
          "Result": "2-0-0"
        },
        {
          "Player1": "kentaro_hokori",
          "Player2": "Lamela",
          "Result": "2-0-0"
        },
        {
          "Player1": "Giuliao",
          "Player2": "boytriton",
          "Result": "0-2-0"
        },
        {
          "Player1": "BERNASTORRES",
          "Player2": "CAM_13",
          "Result": "0-0-0"
        },
        {
          "Player1": "Denisevich",
          "Player2": "4UBro",
          "Result": "2-0-0"
        },
        {
          "Player1": "Misplacedginger",
          "Player2": "pepeteam",
          "Result": "2-0-0"
        },
        {
          "Player1": "levunga21",
          "Player2": "Adam-Bazika",
          "Result": "0-0-0"
        },
        {
          "Player1": "clamego",
          "Player2": "Edo_01",
          "Result": "2-0-0"
        },
        {
          "Player1": "sebastianpozzo",
          "Player2": "QueMario",
          "Result": "0-0-0"
        },
        {
          "Player1": "Ale_Mtg",
          "Player2": "PNascimento",
          "Result": "2-0-0"
        },
        {
          "Player1": "sandoiche",
          "Player2": "discoverN",
          "Result": "0-2-0"
        },
        {
          "Player1": "Boucha",
          "Player2": "Martani",
          "Result": "2-0-0"
        },
        {
          "Player1": "AguaTonificada",
          "Player2": "TuggaNaxos",
          "Result": "0-2-0"
        },
        {
          "Player1": "Hericllys",
          "Player2": "Infinitalove",
          "Result": "0-2-0"
        },
        {
          "Player1": "medvedev",
          "Player2": "Hamuda",
          "Result": "0-0-0"
        },
        {
          "Player1": "marzaboi",
          "Player2": "Luminati",
          "Result": "0-2-0"
        },
        {
          "Player1": "Kampo",
          "Player2": "Blvcky",
          "Result": "2-0-0"
        },
        {
          "Player1": "TSPJendrek",
          "Player2": "PedraStone",
          "Result": "0-2-0"
        },
        {
          "Player1": "Brivenix",
          "Player2": "NMT_Sco94",
          "Result": "0-2-0"
        },
        {
          "Player1": "Alleyezonme",
          "Player2": "alfonseelric",
          "Result": "2-0-0"
        },
        {
          "Player1": "Niederschatten",
          "Player2": "Zampa92",
          "Result": "2-0-0"
        },
        {
          "Player1": "pirol94",
          "Player2": "Jinjaa",
          "Result": "0-2-0"
        },
        {
          "Player1": "Lollopollo2001",
          "Player2": "dequemehofilho",
          "Result": "2-0-0"
        },
        {
          "Player1": "Beicodegeia",
          "Player2": "outZEROo",
          "Result": "2-0-0"
        }
      ]
    },
    {
      "RoundName": "Round 2",
      "Matches": [
        {
          "Player1": "NMT_Sco94",
          "Player2": "MisterTwin",
          "Result": "2-0-0"
        },
        {
          "Player1": "marzaboi",
          "Player2": "Adam-Bazika",
          "Result": "0-2-0"
        },
        {
          "Player1": "Hamuda",
          "Player2": "DobleP",
          "Result": "0-2-0"
        },
        {
          "Player1": "MJ_23",
          "Player2": "AlessandroPiraccini",
          "Result": "0-2-0"
        },
        {
          "Player1": "Boucha",
          "Player2": "Niederschatten",
          "Result": "0-2-0"
        },
        {
          "Player1": "outZEROo",
          "Player2": "CAM_13",
          "Result": "0-2-0"
        },
        {
          "Player1": "discoverN",
          "Player2": "Jinjaa",
          "Result": "2-0-0"
        },
        {
          "Player1": "Bong0411",
          "Player2": "Hericllys",
          "Result": "0-2-0"
        },
        {
          "Player1": "sebastianpozzo",
          "Player2": "pepeteam",
          "Result": "1-2-0"
        },
        {
          "Player1": "Beicodegeia",
          "Player2": "SpockVidaLoka",
          "Result": "0-0-0"
        },
        {
          "Player1": "kentaro_hokori",
          "Player2": "clamego",
          "Result": "2-0-0"
        },
        {
          "Player1": "TuggaNaxos",
          "Player2": "boytriton",
          "Result": "0-2-0"
        },
        {
          "Player1": "sandoiche",
          "Player2": "medvedev",
          "Result": "0-2-0"
        },
        {
          "Player1": "_Tia93_",
          "Player2": "EiJunCHN",
          "Result": "0-2-0"
        },
        {
          "Player1": "Mogged",
          "Player2": "Alleyezonme",
          "Result": "0-2-0"
        },
        {
          "Player1": "PNascimento",
          "Player2": "Martani",
          "Result": "0-2-0"
        },
        {
          "Player1": "BERNASTORRES",
          "Player2": "Denisevich",
          "Result": "2-0-0"
        },
        {
          "Player1": "LuffyDoChapeuDePalha",
          "Player2": "Zampa92",
          "Result": "0-2-0"
        },
        {
          "Player1": "TSPJendrek",
          "Player2": "AguaTonificada",
          "Result": "0-2-0"
        },
        {
          "Player1": "PedraStone",
          "Player2": "Luminati",
          "Result": "2-0-0"
        },
        {
          "Player1": "Giuliao",
          "Player2": "4UBro",
          "Result": "0-2-0"
        },
        {
          "Player1": "Brivenix",
          "Player2": "dequemehofilho",
          "Result": "2-0-0"
        },
        {
          "Player1": "Edo_01",
          "Player2": "alfonseelric",
          "Result": "2-0-0"
        },
        {
          "Player1": "Kampo",
          "Player2": "Infinitalove",
          "Result": "2-0-0"
        },
        {
          "Player1": "Lollopollo2001",
          "Player2": "Ale_Mtg",
          "Result": "0-2-0"
        },
        {
          "Player1": "Sodeq",
          "Player2": "QueMario",
          "Result": "0-2-0"
        },
        {
          "Player1": "choutin",
          "Player2": "Lamela",
          "Result": "0-2-0"
        },
        {
          "Player1": "levunga21",
          "Player2": "Misplacedginger",
          "Result": "2-0-0"
        }
      ]
    },
    {
      "RoundName": "Round 3",
      "Matches": [
        {
          "Player1": "Kampo",
          "Player2": "NMT_Sco94",
          "Result": "2-0-0"
        },
        {
          "Player1": "Brivenix",
          "Player2": "TuggaNaxos",
          "Result": "0-2-0"
        },
        {
          "Player1": "TSPJendrek",
          "Player2": "alfonseelric",
          "Result": "2-0-0"
        },
        {
          "Player1": "Hamuda",
          "Player2": "dequemehofilho",
          "Result": "2-0-0"
        },
        {
          "Player1": "DobleP",
          "Player2": "Lamela",
          "Result": "2-0-0"
        },
        {
          "Player1": "sandoiche",
          "Player2": "Giuliao",
          "Result": "2-0-0"
        },
        {
          "Player1": "clamego",
          "Player2": "Luminati",
          "Result": "0-2-0"
        },
        {
          "Player1": "_Tia93_",
          "Player2": "Edo_01",
          "Result": "0-2-0"
        },
        {
          "Player1": "kentaro_hokori",
          "Player2": "Alleyezonme",
          "Result": "0-2-0"
        },
        {
          "Player1": "LuffyDoChapeuDePalha",
          "Player2": "outZEROo",
          "Result": "2-0-0"
        },
        {
          "Player1": "Ale_Mtg",
          "Player2": "boytriton",
          "Result": "0-2-0"
        },
        {
          "Player1": "Martani",
          "Player2": "Adam-Bazika",
          "Result": "0-2-0"
        },
        {
          "Player1": "marzaboi",
          "Player2": "PNascimento",
          "Result": "0-2-0"
        },
        {
          "Player1": "Misplacedginger",
          "Player2": "Lollopollo2001",
          "Result": "2-0-0"
        },
        {
          "Player1": "Sodeq",
          "Player2": "4UBro",
          "Result": "0-2-0"
        },
        {
          "Player1": "QueMario",
          "Player2": "AlessandroPiraccini",
          "Result": "0-2-0"
        },
        {
          "Player1": "Beicodegeia",
          "Player2": "EiJunCHN",
          "Result": "2-0-0"
        },
        {
          "Player1": "AguaTonificada",
          "Player2": "pepeteam",
          "Result": "2-0-0"
        },
        {
          "Player1": "Boucha",
          "Player2": "MisterTwin",
          "Result": "2-0-0"
        },
        {
          "Player1": "levunga21",
          "Player2": "medvedev",
          "Result": "0-2-0"
        },
        {
          "Player1": "discoverN",
          "Player2": "PedraStone",
          "Result": "2-0-0"
        },
        {
          "Player1": "CAM_13",
          "Player2": "Denisevich",
          "Result": "0-2-0"
        },
        {
          "Player1": "BERNASTORRES",
          "Player2": "Niederschatten",
          "Result": "0-2-0"
        },
        {
          "Player1": "Zampa92",
          "Player2": "Hericllys",
          "Result": "0-2-0"
        },
        {
          "Player1": "Jinjaa",
          "Player2": "Infinitalove",
          "Result": "2-0-0"
        },
        {
          "Player1": "Mogged",
          "Player2": "SpockVidaLoka",
          "Result": "0-0-0"
        }
      ]
    },
    {
      "RoundName": "Round 4",
      "Matches": [
        {
          "Player1": "Misplacedginger",
          "Player2": "4UBro",
          "Result": "2-0-0"
        },
        {
          "Player1": "Edo_01",
          "Player2": "QueMario",
          "Result": "2-0-0"
        },
        {
          "Player1": "sandoiche",
          "Player2": "EiJunCHN",
          "Result": "2-0-0"
        },
        {
          "Player1": "_Tia93_",
          "Player2": "Infinitalove",
          "Result": "2-0-0"
        },
        {
          "Player1": "NMT_Sco94",
          "Player2": "Hericllys",
          "Result": "2-0-0"
        },
        {
          "Player1": "Jinjaa",
          "Player2": "Ale_Mtg",
          "Result": "0-2-0"
        },
        {
          "Player1": "Brivenix",
          "Player2": "Sodeq",
          "Result": "2-0-0"
        },
        {
          "Player1": "pepeteam",
          "Player2": "Lamela",
          "Result": "0-2-0"
        },
        {
          "Player1": "Giuliao",
          "Player2": "outZEROo",
          "Result": "2-0-0"
        },
        {
          "Player1": "medvedev",
          "Player2": "Beicodegeia",
          "Result": "0-2-0"
        },
        {
          "Player1": "LuffyDoChapeuDePalha",
          "Player2": "SpockVidaLoka",
          "Result": "0-2-0"
        },
        {
          "Player1": "Boucha",
          "Player2": "AlessandroPiraccini",
          "Result": "0-2-0"
        },
        {
          "Player1": "Mogged",
          "Player2": "PedraStone",
          "Result": "2-0-0"
        },
        {
          "Player1": "TSPJendrek",
          "Player2": "PNascimento",
          "Result": "2-0-0"
        },
        {
          "Player1": "clamego",
          "Player2": "MisterTwin",
          "Result": "0-2-0"
        },
        {
          "Player1": "Hamuda",
          "Player2": "CAM_13",
          "Result": "0-0-0"
        },
        {
          "Player1": "Martani",
          "Player2": "alfonseelric",
          "Result": "2-0-0"
        },
        {
          "Player1": "DobleP",
          "Player2": "Luminati",
          "Result": "2-0-0"
        },
        {
          "Player1": "Denisevich",
          "Player2": "Adam-Bazika",
          "Result": "2-0-0"
        },
        {
          "Player1": "BERNASTORRES",
          "Player2": "AguaTonificada",
          "Result": "0-2-0"
        },
        {
          "Player1": "Alleyezonme",
          "Player2": "boytriton",
          "Result": "2-0-0"
        },
        {
          "Player1": "levunga21",
          "Player2": "kentaro_hokori",
          "Result": "0-0-0"
        },
        {
          "Player1": "TuggaNaxos",
          "Player2": "Kampo",
          "Result": "2-0-0"
        },
        {
          "Player1": "discoverN",
          "Player2": "Niederschatten",
          "Result": "0-2-0"
        }
      ]
    },
    {
      "RoundName": "Round 5",
      "Matches": [
        {
          "Player1": "_Tia93_",
          "Player2": "Hamuda",
          "Result": "2-0-0"
        },
        {
          "Player1": "Boucha",
          "Player2": "Lamela",
          "Result": "0-2-0"
        },
        {
          "Player1": "kentaro_hokori",
          "Player2": "BERNASTORRES",
          "Result": "2-0-0"
        },
        {
          "Player1": "medvedev",
          "Player2": "NMT_Sco94",
          "Result": "0-0-0"
        },
        {
          "Player1": "discoverN",
          "Player2": "Denisevich",
          "Result": "2-0-0"
        },
        {
          "Player1": "AguaTonificada",
          "Player2": "Ale_Mtg",
          "Result": "2-0-0"
        },
        {
          "Player1": "Hericllys",
          "Player2": "Adam-Bazika",
          "Result": "0-2-0"
        },
        {
          "Player1": "Misplacedginger",
          "Player2": "AlessandroPiraccini",
          "Result": "2-0-0"
        },
        {
          "Player1": "Kampo",
          "Player2": "boytriton",
          "Result": "0-2-0"
        },
        {
          "Player1": "TuggaNaxos",
          "Player2": "Alleyezonme",
          "Result": "2-0-0"
        },
        {
          "Player1": "Jinjaa",
          "Player2": "SpockVidaLoka",
          "Result": "0-2-0"
        },
        {
          "Player1": "Mogged",
          "Player2": "Edo_01",
          "Result": "2-0-0"
        },
        {
          "Player1": "Luminati",
          "Player2": "Martani",
          "Result": "2-1-0"
        },
        {
          "Player1": "clamego",
          "Player2": "LuffyDoChapeuDePalha",
          "Result": "0-2-0"
        },
        {
          "Player1": "sandoiche",
          "Player2": "MisterTwin",
          "Result": "2-0-0"
        },
        {
          "Player1": "Brivenix",
          "Player2": "TSPJendrek",
          "Result": "2-0-0"
        },
        {
          "Player1": "QueMario",
          "Player2": "4UBro",
          "Result": "2-0-0"
        },
        {
          "Player1": "EiJunCHN",
          "Player2": "PedraStone",
          "Result": "0-2-0"
        },
        {
          "Player1": "Niederschatten",
          "Player2": "Beicodegeia",
          "Result": "2-0-0"
        },
        {
          "Player1": "Giuliao",
          "Player2": "CAM_13",
          "Result": "2-0-0"
        },
        {
          "Player1": "levunga21",
          "Player2": "DobleP",
          "Result": "0-2-0"
        }
      ]
    },
    {
      "RoundName": "Round 6",
      "Matches": [
        {
          "Player1": "Beicodegeia",
          "Player2": "AlessandroPiraccini",
          "Result": "0-2-0"
        },
        {
          "Player1": "kentaro_hokori",
          "Player2": "SpockVidaLoka",
          "Result": "2-0-0"
        },
        {
          "Player1": "BERNASTORRES",
          "Player2": "4UBro",
          "Result": "0-2-0"
        },
        {
          "Player1": "Hericllys",
          "Player2": "MisterTwin",
          "Result": "2-0-0"
        },
        {
          "Player1": "_Tia93_",
          "Player2": "Kampo",
          "Result": "0-2-0"
        },
        {
          "Player1": "Niederschatten",
          "Player2": "TuggaNaxos",
          "Result": "0-2-0"
        },
        {
          "Player1": "sandoiche",
          "Player2": "Adam-Bazika",
          "Result": "0-2-0"
        },
        {
          "Player1": "PedraStone",
          "Player2": "Lamela",
          "Result": "2-0-0"
        },
        {
          "Player1": "Ale_Mtg",
          "Player2": "Edo_01",
          "Result": "2-0-0"
        },
        {
          "Player1": "Giuliao",
          "Player2": "alfonseelric",
          "Result": "2-0-0"
        },
        {
          "Player1": "Hamuda",
          "Player2": "Martani",
          "Result": "0-0-0"
        },
        {
          "Player1": "Mogged",
          "Player2": "AguaTonificada",
          "Result": "2-0-0"
        },
        {
          "Player1": "TSPJendrek",
          "Player2": "Jinjaa",
          "Result": "0-2-0"
        },
        {
          "Player1": "discoverN",
          "Player2": "NMT_Sco94",
          "Result": "0-2-0"
        },
        {
          "Player1": "medvedev",
          "Player2": "LuffyDoChapeuDePalha",
          "Result": "0-2-0"
        },
        {
          "Player1": "levunga21",
          "Player2": "QueMario",
          "Result": "2-0-0"
        },
        {
          "Player1": "Boucha",
          "Player2": "EiJunCHN",
          "Result": "0-2-0"
        },
        {
          "Player1": "boytriton",
          "Player2": "DobleP",
          "Result": "2-0-0"
        },
        {
          "Player1": "Misplacedginger",
          "Player2": "Alleyezonme",
          "Result": "2-0-0"
        },
        {
          "Player1": "Brivenix",
          "Player2": "Luminati",
          "Result": "2-0-0"
        }
      ]
    },
    {
      "RoundName": "Round 7",
      "Matches": [
        {
          "Player1": "Niederschatten",
          "Player2": "NMT_Sco94",
          "Result": "2-0-0"
        },
        {
          "Player1": "Alleyezonme",
          "Player2": "boytriton",
          "Result": "0-2-0"
        },
        {
          "Player1": "discoverN",
          "Player2": "TuggaNaxos",
          "Result": "0-2-0"
        },
        {
          "Player1": "Misplacedginger",
          "Player2": "Mogged",
          "Result": "2-0-0"
        }
      ]
    },
    {
      "RoundName": "Round 8",
      "Matches": [
        {
          "Player1": "Misplacedginger",
          "Player2": "boytriton",
          "Result": "0-0-0"
        },
        {
          "Player1": "Niederschatten",
          "Player2": "TuggaNaxos",
          "Result": "2-0-0"
        }
      ]
    },
    {
      "RoundName": "Round 9",
      "Matches": [
        {
          "Player1": "Niederschatten",
          "Player2": "boytriton",
          "Result": "2-0-0"
        }
      ]
    }
  ],
  "Standings": [
    {
      "Rank": 58,
      "Player": "sebastianpozzo",
      "Points": 0,
      "Wins": 0,
      "Losses": 0,
      "Draws": 0,
      "OMWP": 0.4167,
      "GWP": 0.2,
      "OGWP": 0.4318
    },
    {
      "Rank": 57,
      "Player": "Bong0411",
      "Points": 0,
      "Wins": 0,
      "Losses": 0,
      "Draws": 0,
      "OMWP": 0.4167,
      "GWP": 0.2,
      "OGWP": 0.451
    },
    {
      "Rank": 56,
      "Player": "choutin",
      "Points": 0,
      "Wins": 0,
      "Losses": 0,
      "Draws": 0,
      "OMWP": 0.5,
      "GWP": 0,
      "OGWP": 0.4955
    },
    {
      "Rank": 55,
      "Player": "pirol94",
      "Points": 0,
      "Wins": 0,
      "Losses": 0,
      "Draws": 0,
      "OMWP": 0.5,
      "GWP": 0,
      "OGWP": 0.5
    },
    {
      "Rank": 54,
      "Player": "outZEROo",
      "Points": 0,
      "Wins": 0,
      "Losses": 0,
      "Draws": 0,
      "OMWP": 0.5,
      "GWP": 0.11109999999999999,
      "OGWP": 0.5167
    },
    {
      "Rank": 53,
      "Player": "dequemehofilho",
      "Points": 0,
      "Wins": 0,
      "Losses": 0,
      "Draws": 0,
      "OMWP": 0.5,
      "GWP": 0.1429,
      "OGWP": 0.4889
    },
    {
      "Rank": 52,
      "Player": "MJ_23",
      "Points": 0,
      "Wins": 0,
      "Losses": 0,
      "Draws": 0,
      "OMWP": 0.5,
      "GWP": 0.3333,
      "OGWP": 0.4643
    },
    {
      "Rank": 51,
      "Player": "marzaboi",
      "Points": 0,
      "Wins": 0,
      "Losses": 0,
      "Draws": 0,
      "OMWP": 0.5,
      "GWP": 0.3333,
      "OGWP": 0.4778
    },
    {
      "Rank": 50,
      "Player": "Blvcky",
      "Points": 0,
      "Wins": 0,
      "Losses": 0,
      "Draws": 0,
      "OMWP": 0.6667000000000001,
      "GWP": 0,
      "OGWP": 0.6667000000000001
    },
    {
      "Rank": 49,
      "Player": "PNascimento",
      "Points": 3,
      "Wins": 0,
      "Losses": 0,
      "Draws": 0,
      "OMWP": 0.4167,
      "GWP": 0.3,
      "OGWP": 0.4557
    },
    {
      "Rank": 48,
      "Player": "alfonseelric",
      "Points": 3,
      "Wins": 0,
      "Losses": 0,
      "Draws": 0,
      "OMWP": 0.4667,
      "GWP": 0.23079999999999998,
      "OGWP": 0.5083
    },
    {
      "Rank": 47,
      "Player": "clamego",
      "Points": 3,
      "Wins": 0,
      "Losses": 0,
      "Draws": 0,
      "OMWP": 0.5,
      "GWP": 0.3077,
      "OGWP": 0.47729999999999995
    },
    {
      "Rank": 46,
      "Player": "Sodeq",
      "Points": 3,
      "Wins": 0,
      "Losses": 0,
      "Draws": 0,
      "OMWP": 0.5,
      "GWP": 0.3636,
      "OGWP": 0.4917
    },
    {
      "Rank": 45,
      "Player": "Infinitalove",
      "Points": 3,
      "Wins": 0,
      "Losses": 0,
      "Draws": 0,
      "OMWP": 0.5417000000000001,
      "GWP": 0.4,
      "OGWP": 0.5513
    },
    {
      "Rank": 44,
      "Player": "pepeteam",
      "Points": 3,
      "Wins": 0,
      "Losses": 0,
      "Draws": 0,
      "OMWP": 0.5832999999999999,
      "GWP": 0.3636,
      "OGWP": 0.5454
    },
    {
      "Rank": 43,
      "Player": "Zampa92",
      "Points": 3,
      "Wins": 0,
      "Losses": 0,
      "Draws": 0,
      "OMWP": 0.6111,
      "GWP": 0.2857,
      "OGWP": 0.5969
    },
    {
      "Rank": 42,
      "Player": "Lollopollo2001",
      "Points": 3,
      "Wins": 0,
      "Losses": 0,
      "Draws": 0,
      "OMWP": 0.6111,
      "GWP": 0.3333,
      "OGWP": 0.6111
    },
    {
      "Rank": 41,
      "Player": "Martani",
      "Points": 6,
      "Wins": 0,
      "Losses": 0,
      "Draws": 0,
      "OMWP": 0.44439999999999996,
      "GWP": 0.375,
      "OGWP": 0.44079999999999997
    },
    {
      "Rank": 40,
      "Player": "CAM_13",
      "Points": 6,
      "Wins": 0,
      "Losses": 0,
      "Draws": 0,
      "OMWP": 0.4533,
      "GWP": 0.35710000000000003,
      "OGWP": 0.48229999999999995
    },
    {
      "Rank": 39,
      "Player": "MisterTwin",
      "Points": 6,
      "Wins": 0,
      "Losses": 0,
      "Draws": 0,
      "OMWP": 0.4722,
      "GWP": 0.35710000000000003,
      "OGWP": 0.4625
    },
    {
      "Rank": 38,
      "Player": "TSPJendrek",
      "Points": 6,
      "Wins": 0,
      "Losses": 0,
      "Draws": 0,
      "OMWP": 0.5278,
      "GWP": 0.4,
      "OGWP": 0.4833
    },
    {
      "Rank": 37,
      "Player": "Boucha",
      "Points": 6,
      "Wins": 0,
      "Losses": 0,
      "Draws": 0,
      "OMWP": 0.5278,
      "GWP": 0.4118,
      "OGWP": 0.5134000000000001
    },
    {
      "Rank": 36,
      "Player": "BERNASTORRES",
      "Points": 6,
      "Wins": 0,
      "Losses": 0,
      "Draws": 0,
      "OMWP": 0.6,
      "GWP": 0.375,
      "OGWP": 0.557
    },
    {
      "Rank": 35,
      "Player": "Hamuda",
      "Points": 9,
      "Wins": 0,
      "Losses": 0,
      "Draws": 0,
      "OMWP": 0.44439999999999996,
      "GWP": 0.4667,
      "OGWP": 0.45899999999999996
    },
    {
      "Rank": 34,
      "Player": "LuffyDoChapeuDePalha",
      "Points": 9,
      "Wins": 0,
      "Losses": 0,
      "Draws": 0,
      "OMWP": 0.4722,
      "GWP": 0.4667,
      "OGWP": 0.47259999999999996
    },
    {
      "Rank": 33,
      "Player": "Jinjaa",
      "Points": 9,
      "Wins": 0,
      "Losses": 0,
      "Draws": 0,
      "OMWP": 0.4722,
      "GWP": 0.5,
      "OGWP": 0.4929
    },
    {
      "Rank": 32,
      "Player": "Hericllys",
      "Points": 9,
      "Wins": 0,
      "Losses": 0,
      "Draws": 0,
      "OMWP": 0.4722,
      "GWP": 0.5385,
      "OGWP": 0.4415
    },
    {
      "Rank": 31,
      "Player": "Giuliao",
      "Points": 9,
      "Wins": 0,
      "Losses": 0,
      "Draws": 0,
      "OMWP": 0.4722,
      "GWP": 0.6,
      "OGWP": 0.4415
    },
    {
      "Rank": 30,
      "Player": "EiJunCHN",
      "Points": 9,
      "Wins": 0,
      "Losses": 0,
      "Draws": 0,
      "OMWP": 0.5,
      "GWP": 0.46149999999999997,
      "OGWP": 0.4924
    },
    {
      "Rank": 29,
      "Player": "QueMario",
      "Points": 9,
      "Wins": 0,
      "Losses": 0,
      "Draws": 0,
      "OMWP": 0.5,
      "GWP": 0.5,
      "OGWP": 0.46140000000000003
    },
    {
      "Rank": 28,
      "Player": "Luminati",
      "Points": 9,
      "Wins": 0,
      "Losses": 0,
      "Draws": 0,
      "OMWP": 0.5,
      "GWP": 0.5,
      "OGWP": 0.4717
    },
    {
      "Rank": 27,
      "Player": "Lamela",
      "Points": 9,
      "Wins": 0,
      "Losses": 0,
      "Draws": 0,
      "OMWP": 0.5,
      "GWP": 0.5294,
      "OGWP": 0.46549999999999997
    },
    {
      "Rank": 26,
      "Player": "Denisevich",
      "Points": 9,
      "Wins": 0,
      "Losses": 0,
      "Draws": 0,
      "OMWP": 0.5,
      "GWP": 0.6364,
      "OGWP": 0.48829999999999996
    },
    {
      "Rank": 25,
      "Player": "4UBro",
      "Points": 9,
      "Wins": 0,
      "Losses": 0,
      "Draws": 0,
      "OMWP": 0.5167,
      "GWP": 0.4667,
      "OGWP": 0.5435
    },
    {
      "Rank": 24,
      "Player": "_Tia93_",
      "Points": 9,
      "Wins": 0,
      "Losses": 0,
      "Draws": 0,
      "OMWP": 0.5278,
      "GWP": 0.5,
      "OGWP": 0.5111
    },
    {
      "Rank": 23,
      "Player": "Edo_01",
      "Points": 9,
      "Wins": 0,
      "Losses": 0,
      "Draws": 0,
      "OMWP": 0.5278,
      "GWP": 0.5,
      "OGWP": 0.525
    },
    {
      "Rank": 22,
      "Player": "sandoiche",
      "Points": 9,
      "Wins": 0,
      "Losses": 0,
      "Draws": 0,
      "OMWP": 0.5278,
      "GWP": 0.5333,
      "OGWP": 0.5436
    },
    {
      "Rank": 21,
      "Player": "medvedev",
      "Points": 9,
      "Wins": 0,
      "Losses": 0,
      "Draws": 0,
      "OMWP": 0.6111,
      "GWP": 0.6,
      "OGWP": 0.5446
    },
    {
      "Rank": 20,
      "Player": "SpockVidaLoka",
      "Points": 9,
      "Wins": 0,
      "Losses": 0,
      "Draws": 0,
      "OMWP": 0.6389,
      "GWP": 0.4667,
      "OGWP": 0.5882000000000001
    },
    {
      "Rank": 19,
      "Player": "Adam-Bazika",
      "Points": 12,
      "Wins": 0,
      "Losses": 0,
      "Draws": 0,
      "OMWP": 0.4889,
      "GWP": 0.6,
      "OGWP": 0.4916
    },
    {
      "Rank": 18,
      "Player": "kentaro_hokori",
      "Points": 12,
      "Wins": 0,
      "Losses": 0,
      "Draws": 0,
      "OMWP": 0.5,
      "GWP": 0.5625,
      "OGWP": 0.4841
    },
    {
      "Rank": 17,
      "Player": "AlessandroPiraccini",
      "Points": 12,
      "Wins": 0,
      "Losses": 0,
      "Draws": 0,
      "OMWP": 0.5278,
      "GWP": 0.5714,
      "OGWP": 0.5289
    },
    {
      "Rank": 16,
      "Player": "Brivenix",
      "Points": 12,
      "Wins": 0,
      "Losses": 0,
      "Draws": 0,
      "OMWP": 0.5278,
      "GWP": 0.6667000000000001,
      "OGWP": 0.4814
    },
    {
      "Rank": 15,
      "Player": "Ale_Mtg",
      "Points": 12,
      "Wins": 0,
      "Losses": 0,
      "Draws": 0,
      "OMWP": 0.5278,
      "GWP": 0.7143,
      "OGWP": 0.4708
    },
    {
      "Rank": 14,
      "Player": "AguaTonificada",
      "Points": 12,
      "Wins": 0,
      "Losses": 0,
      "Draws": 0,
      "OMWP": 0.5556,
      "GWP": 0.5333,
      "OGWP": 0.5481
    },
    {
      "Rank": 13,
      "Player": "PedraStone",
      "Points": 12,
      "Wins": 0,
      "Losses": 0,
      "Draws": 0,
      "OMWP": 0.5556,
      "GWP": 0.5333,
      "OGWP": 0.5505
    },
    {
      "Rank": 12,
      "Player": "Beicodegeia",
      "Points": 12,
      "Wins": 0,
      "Losses": 0,
      "Draws": 0,
      "OMWP": 0.5556,
      "GWP": 0.6429,
      "OGWP": 0.5364
    },
    {
      "Rank": 11,
      "Player": "DobleP",
      "Points": 12,
      "Wins": 0,
      "Losses": 0,
      "Draws": 0,
      "OMWP": 0.5832999999999999,
      "GWP": 0.5882000000000001,
      "OGWP": 0.5202
    },
    {
      "Rank": 10,
      "Player": "Kampo",
      "Points": 12,
      "Wins": 0,
      "Losses": 0,
      "Draws": 0,
      "OMWP": 0.6111,
      "GWP": 0.6667000000000001,
      "OGWP": 0.525
    },
    {
      "Rank": 9,
      "Player": "levunga21",
      "Points": 12,
      "Wins": 0,
      "Losses": 0,
      "Draws": 0,
      "OMWP": 0.6389,
      "GWP": 0.5333,
      "OGWP": 0.6061
    },
    {
      "Rank": 8,
      "Player": "discoverN",
      "Points": 12,
      "Wins": 0,
      "Losses": 0,
      "Draws": 0,
      "OMWP": 0.6556000000000001,
      "GWP": 0.6429,
      "OGWP": 0.6023
    },
    {
      "Rank": 7,
      "Player": "Alleyezonme",
      "Points": 12,
      "Wins": 0,
      "Losses": 0,
      "Draws": 0,
      "OMWP": 0.7222,
      "GWP": 0.6667000000000001,
      "OGWP": 0.6236999999999999
    },
    {
      "Rank": 6,
      "Player": "NMT_Sco94",
      "Points": 15,
      "Wins": 0,
      "Losses": 0,
      "Draws": 0,
      "OMWP": 0.5556,
      "GWP": 0.625,
      "OGWP": 0.5786
    },
    {
      "Rank": 5,
      "Player": "Mogged",
      "Points": 15,
      "Wins": 0,
      "Losses": 0,
      "Draws": 0,
      "OMWP": 0.5832999999999999,
      "GWP": 0.7692,
      "OGWP": 0.5278
    },
    {
      "Rank": 4,
      "Player": "Misplacedginger",
      "Points": 18,
      "Wins": 0,
      "Losses": 0,
      "Draws": 0,
      "OMWP": 0.5278,
      "GWP": 0.7857,
      "OGWP": 0.4892
    },
    {
      "Rank": 3,
      "Player": "TuggaNaxos",
      "Points": 18,
      "Wins": 0,
      "Losses": 0,
      "Draws": 0,
      "OMWP": 0.7222,
      "GWP": 0.6667000000000001,
      "OGWP": 0.6573
    },
    {
      "Rank": 2,
      "Player": "boytriton",
      "Points": 21,
      "Wins": 0,
      "Losses": 0,
      "Draws": 0,
      "OMWP": 0.6667000000000001,
      "GWP": 0.625,
      "OGWP": 0.6504000000000001
    },
    {
      "Rank": 1,
      "Player": "Niederschatten",
      "Points": 24,
      "Wins": 0,
      "Losses": 0,
      "Draws": 0,
      "OMWP": 0.5278,
      "GWP": 0.7857,
      "OGWP": 0.5121
    }
  ]
}