{
  "Tournament": {
    "Id": 12804873,
    "Date": "2025-07-25T14:00:00",
    "Name": "Pioneer Challenge 32",
    "Uri": null,
    "JsonFile": null,
    "ForceRedownload": false
  },
  "Decks": null,
  "Rounds": [
    {
      "RoundName": "Round 1",
      "Matches": [
        {
          "Player1": "_Falcon_",
          "Player2": "alfonseelric",
          "Result": "0-2-0"
        },
        {
          "Player1": "LuffyDoChapeuDePalha",
          "Player2": "Ale_Mtg",
          "Result": "2-0-0"
        },
        {
          "Player1": "oosunq",
          "Player2": "josetorr87",
          "Result": "2-0-0"
        },
        {
          "Player1": "sandoiche",
          "Player2": "musasabi",
          "Result": "2-0-0"
        },
        {
          "Player1": "moon11",
          "Player2": "gurig",
          "Result": "0-0-0"
        },
        {
          "Player1": "keyaki",
          "Player2": "Strongmind",
          "Result": "0-2-0"
        },
        {
          "Player1": "Chichotek",
          "Player2": "Viatt",
          "Result": "0-2-0"
        },
        {
          "Player1": "rushi_00",
          "Player2": "Mateusf34",
          "Result": "2-0-0"
        },
        {
          "Player1": "Hernan72",
          "Player2": "Xenowan",
          "Result": "0-2-0"
        },
        {
          "Player1": "j_money10",
          "Player2": "amaransneak",
          "Result": "2-0-0"
        },
        {
          "Player1": "HEROtsukai",
          "Player2": "Junkmener",
          "Result": "2-0-0"
        },
        {
          "Player1": "BERNASTORRES",
          "Player2": "PNascimento",
          "Result": "0-2-0"
        },
        {
          "Player1": "sebastianpozzo",
          "Player2": "Beicodegeia",
          "Result": "2-0-0"
        },
        {
          "Player1": "ZendicardGames",
          "Player2": "PedraStone",
          "Result": "0-2-0"
        },
        {
          "Player1": "fives",
          "Player2": "boytriton",
          "Result": "2-0-0"
        },
        {
          "Player1": "JulioP1985",
          "Player2": "4UBro",
          "Result": "0-2-0"
        },
        {
          "Player1": "HouseOfManaMTG",
          "Player2": "Egorable",
          "Result": "0-2-0"
        },
        {
          "Player1": "MJ_23",
          "Player2": "Hamuda",
          "Result": "0-2-0"
        },
        {
          "Player1": "Venom1",
          "Player2": "CrusherBotBG",
          "Result": "2-0-0"
        },
        {
          "Player1": "Mogged",
          "Player2": "RezerDeDog",
          "Result": "2-0-0"
        },
        {
          "Player1": "Boucha",
          "Player2": "CrazyMorango",
          "Result": "0-2-0"
        },
        {
          "Player1": "Tsubasa_Cat",
          "Player2": "MTGHolic",
          "Result": "2-0-0"
        },
        {
          "Player1": "CuteChandra19",
          "Player2": "VitorCarvalho01",
          "Result": "0-2-0"
        },
        {
          "Player1": "sokos13",
          "Player2": "lilianna1989",
          "Result": "2-0-0"
        },
        {
          "Player1": "sapro31",
          "Player2": "pyroblastt",
          "Result": "2-0-0"
        },
        {
          "Player1": "deleon91",
          "Player2": "novaschin22",
          "Result": "2-0-0"
        },
        {
          "Player1": "marolanzi",
          "Player2": "termidor",
          "Result": "0-2-0"
        },
        {
          "Player1": "O_danielakos",
          "Player2": "Harry13",
          "Result": "2-0-0"
        },
        {
          "Player1": "_ruda_",
          "Player2": "upumpa89",
          "Result": "0-2-0"
        }
      ]
    },
    {
      "RoundName": "Round 2",
      "Matches": [
        {
          "Player1": "HEROtsukai",
          "Player2": "Hamuda",
          "Result": "2-0-0"
        },
        {
          "Player1": "CuteChandra19",
          "Player2": "ZendicardGames",
          "Result": "2-0-0"
        },
        {
          "Player1": "keyaki",
          "Player2": "JulioP1985",
          "Result": "2-0-0"
        },
        {
          "Player1": "Beicodegeia",
          "Player2": "CrusherBotBG",
          "Result": "0-2-0"
        },
        {
          "Player1": "MJ_23",
          "Player2": "Ale_Mtg",
          "Result": "2-0-0"
        },
        {
          "Player1": "Boucha",
          "Player2": "Chichotek",
          "Result": "2-0-0"
        },
        {
          "Player1": "Xenowan",
          "Player2": "sapro31",
          "Result": "0-2-0"
        },
        {
          "Player1": "Harry13",
          "Player2": "novaschin22",
          "Result": "2-0-0"
        },
        {
          "Player1": "_ruda_",
          "Player2": "boytriton",
          "Result": "0-2-0"
        },
        {
          "Player1": "josetorr87",
          "Player2": "MTGHolic",
          "Result": "2-0-0"
        },
        {
          "Player1": "O_danielakos",
          "Player2": "rushi_00",
          "Result": "2-0-0"
        },
        {
          "Player1": "Venom1",
          "Player2": "4UBro",
          "Result": "0-2-0"
        },
        {
          "Player1": "sokos13",
          "Player2": "gurig",
          "Result": "2-0-0"
        },
        {
          "Player1": "Mateusf34",
          "Player2": "pyroblastt",
          "Result": "2-0-0"
        },
        {
          "Player1": "fives",
          "Player2": "alfonseelric",
          "Result": "0-2-0"
        },
        {
          "Player1": "amaransneak",
          "Player2": "lilianna1989",
          "Result": "2-0-0"
        },
        {
          "Player1": "_Falcon_",
          "Player2": "Hernan72",
          "Result": "2-0-0"
        },
        {
          "Player1": "marolanzi",
          "Player2": "moon11",
          "Result": "2-0-0"
        },
        {
          "Player1": "oosunq",
          "Player2": "upumpa89",
          "Result": "0-2-0"
        },
        {
          "Player1": "sebastianpozzo",
          "Player2": "PNascimento",
          "Result": "2-0-0"
        },
        {
          "Player1": "BERNASTORRES",
          "Player2": "Junkmener",
          "Result": "2-0-0"
        },
        {
          "Player1": "termidor",
          "Player2": "LuffyDoChapeuDePalha",
          "Result": "2-0-0"
        },
        {
          "Player1": "musasabi",
          "Player2": "Egorable",
          "Result": "2-0-0"
        },
        {
          "Player1": "j_money10",
          "Player2": "Viatt",
          "Result": "0-2-0"
        },
        {
          "Player1": "Mogged",
          "Player2": "CrazyMorango",
          "Result": "0-2-0"
        },
        {
          "Player1": "PedraStone",
          "Player2": "VitorCarvalho01",
          "Result": "0-2-0"
        },
        {
          "Player1": "sandoiche",
          "Player2": "Tsubasa_Cat",
          "Result": "2-0-0"
        },
        {
          "Player1": "deleon91",
          "Player2": "Strongmind",
          "Result": "2-0-0"
        }
      ]
    },
    {
      "RoundName": "Round 3",
      "Matches": [
        {
          "Player1": "MJ_23",
          "Player2": "LuffyDoChapeuDePalha",
          "Result": "2-0-0"
        },
        {
          "Player1": "Hernan72",
          "Player2": "Chichotek",
          "Result": "2-0-0"
        },
        {
          "Player1": "Hamuda",
          "Player2": "PNascimento",
          "Result": "2-0-0"
        },
        {
          "Player1": "j_money10",
          "Player2": "BERNASTORRES",
          "Result": "0-2-0"
        },
        {
          "Player1": "musasabi",
          "Player2": "amaransneak",
          "Result": "2-0-0"
        },
        {
          "Player1": "O_danielakos",
          "Player2": "alfonseelric",
          "Result": "0-2-0"
        },
        {
          "Player1": "marolanzi",
          "Player2": "Venom1",
          "Result": "2-0-0"
        },
        {
          "Player1": "Xenowan",
          "Player2": "PedraStone",
          "Result": "2-0-0"
        },
        {
          "Player1": "sandoiche",
          "Player2": "VitorCarvalho01",
          "Result": "0-2-0"
        },
        {
          "Player1": "RezerDeDog",
          "Player2": "Strongmind",
          "Result": "2-0-0"
        },
        {
          "Player1": "Junkmener",
          "Player2": "novaschin22",
          "Result": "2-0-0"
        },
        {
          "Player1": "Boucha",
          "Player2": "CrusherBotBG",
          "Result": "0-2-0"
        },
        {
          "Player1": "_Falcon_",
          "Player2": "boytriton",
          "Result": "0-2-0"
        },
        {
          "Player1": "Tsubasa_Cat",
          "Player2": "CuteChandra19",
          "Result": "2-0-0"
        },
        {
          "Player1": "fives",
          "Player2": "josetorr87",
          "Result": "2-0-0"
        },
        {
          "Player1": "keyaki",
          "Player2": "Harry13",
          "Result": "2-0-0"
        },
        {
          "Player1": "Mateusf34",
          "Player2": "Egorable",
          "Result": "0-2-0"
        },
        {
          "Player1": "gurig",
          "Player2": "rushi_00",
          "Result": "0-2-0"
        },
        {
          "Player1": "_ruda_",
          "Player2": "Beicodegeia",
          "Result": "0-2-0"
        },
        {
          "Player1": "sebastianpozzo",
          "Player2": "deleon91",
          "Result": "0-2-0"
        },
        {
          "Player1": "ZendicardGames",
          "Player2": "lilianna1989",
          "Result": "0-2-0"
        },
        {
          "Player1": "termidor",
          "Player2": "CrazyMorango",
          "Result": "0-2-0"
        },
        {
          "Player1": "upumpa89",
          "Player2": "HEROtsukai",
          "Result": "0-2-0"
        },
        {
          "Player1": "oosunq",
          "Player2": "Mogged",
          "Result": "0-2-0"
        },
        {
          "Player1": "sapro31",
          "Player2": "Viatt",
          "Result": "0-0-0"
        },
        {
          "Player1": "sokos13",
          "Player2": "4UBro",
          "Result": "2-0-0"
        }
      ]
    },
    {
      "RoundName": "Round 4",
      "Matches": [
        {
          "Player1": "Beicodegeia",
          "Player2": "Junkmener",
          "Result": "0-2-0"
        },
        {
          "Player1": "musasabi",
          "Player2": "BERNASTORRES",
          "Result": "2-0-0"
        },
        {
          "Player1": "O_danielakos",
          "Player2": "upumpa89",
          "Result": "2-0-0"
        },
        {
          "Player1": "amaransneak",
          "Player2": "Strongmind",
          "Result": "0-2-0"
        },
        {
          "Player1": "rushi_00",
          "Player2": "fives",
          "Result": "0-2-0"
        },
        {
          "Player1": "RezerDeDog",
          "Player2": "Egorable",
          "Result": "0-2-0"
        },
        {
          "Player1": "Hernan72",
          "Player2": "Harry13",
          "Result": "0-2-0"
        },
        {
          "Player1": "Tsubasa_Cat",
          "Player2": "deleon91",
          "Result": "2-0-0"
        },
        {
          "Player1": "keyaki",
          "Player2": "boytriton",
          "Result": "0-2-0"
        },
        {
          "Player1": "gurig",
          "Player2": "LuffyDoChapeuDePalha",
          "Result": "0-2-0"
        },
        {
          "Player1": "Boucha",
          "Player2": "_Falcon_",
          "Result": "0-0-0"
        },
        {
          "Player1": "CrazyMorango",
          "Player2": "alfonseelric",
          "Result": "0-0-0"
        },
        {
          "Player1": "Venom1",
          "Player2": "PNascimento",
          "Result": "2-0-0"
        },
        {
          "Player1": "sapro31",
          "Player2": "VitorCarvalho01",
          "Result": "2-0-0"
        },
        {
          "Player1": "Mogged",
          "Player2": "CrusherBotBG",
          "Result": "2-0-0"
        },
        {
          "Player1": "sebastianpozzo",
          "Player2": "MJ_23",
          "Result": "2-0-0"
        },
        {
          "Player1": "j_money10",
          "Player2": "PedraStone",
          "Result": "0-2-0"
        },
        {
          "Player1": "ZendicardGames",
          "Player2": "novaschin22",
          "Result": "2-0-0"
        },
        {
          "Player1": "Mateusf34",
          "Player2": "lilianna1989",
          "Result": "1-2-0"
        },
        {
          "Player1": "marolanzi",
          "Player2": "4UBro",
          "Result": "0-2-0"
        },
        {
          "Player1": "sandoiche",
          "Player2": "termidor",
          "Result": "2-1-0"
        },
        {
          "Player1": "Xenowan",
          "Player2": "Viatt",
          "Result": "0-2-0"
        },
        {
          "Player1": "sokos13",
          "Player2": "HEROtsukai",
          "Result": "0-2-0"
        },
        {
          "Player1": "oosunq",
          "Player2": "Hamuda",
          "Result": "2-0-0"
        }
      ]
    },
    {
      "RoundName": "Round 5",
      "Matches": [
        {
          "Player1": "sandoiche",
          "Player2": "CrazyMorango",
          "Result": "0-2-0"
        },
        {
          "Player1": "Venom1",
          "Player2": "Harry13",
          "Result": "2-0-0"
        },
        {
          "Player1": "rushi_00",
          "Player2": "Hamuda",
          "Result": "0-2-0"
        },
        {
          "Player1": "Strongmind",
          "Player2": "LuffyDoChapeuDePalha",
          "Result": "0-0-0"
        },
        {
          "Player1": "keyaki",
          "Player2": "PedraStone",
          "Result": "0-2-0"
        },
        {
          "Player1": "termidor",
          "Player2": "RezerDeDog",
          "Result": "0-2-0"
        },
        {
          "Player1": "sapro31",
          "Player2": "alfonseelric",
          "Result": "2-0-0"
        },
        {
          "Player1": "deleon91",
          "Player2": "VitorCarvalho01",
          "Result": "0-0-0"
        },
        {
          "Player1": "Boucha",
          "Player2": "Xenowan",
          "Result": "0-2-0"
        },
        {
          "Player1": "sebastianpozzo",
          "Player2": "O_danielakos",
          "Result": "2-0-0"
        },
        {
          "Player1": "Egorable",
          "Player2": "4UBro",
          "Result": "2-0-0"
        },
        {
          "Player1": "Beicodegeia",
          "Player2": "amaransneak",
          "Result": "2-0-0"
        },
        {
          "Player1": "Mogged",
          "Player2": "HEROtsukai",
          "Result": "0-2-0"
        },
        {
          "Player1": "Hernan72",
          "Player2": "Mateusf34",
          "Result": "0-2-0"
        },
        {
          "Player1": "musasabi",
          "Player2": "fives",
          "Result": "0-2-0"
        },
        {
          "Player1": "oosunq",
          "Player2": "lilianna1989",
          "Result": "0-2-0"
        },
        {
          "Player1": "ZendicardGames",
          "Player2": "PNascimento",
          "Result": "2-0-0"
        },
        {
          "Player1": "upumpa89",
          "Player2": "Junkmener",
          "Result": "2-1-0"
        },
        {
          "Player1": "marolanzi",
          "Player2": "BERNASTORRES",
          "Result": "0-2-0"
        },
        {
          "Player1": "gurig",
          "Player2": "_Falcon_",
          "Result": "2-0-0"
        },
        {
          "Player1": "sokos13",
          "Player2": "Tsubasa_Cat",
          "Result": "2-0-0"
        },
        {
          "Player1": "MJ_23",
          "Player2": "CrusherBotBG",
          "Result": "0-2-0"
        },
        {
          "Player1": "boytriton",
          "Player2": "Viatt",
          "Result": "2-0-0"
        }
      ]
    },
    {
      "RoundName": "Round 6",
      "Matches": [
        {
          "Player1": "marolanzi",
          "Player2": "ZendicardGames",
          "Result": "0-2-0"
        },
        {
          "Player1": "lilianna1989",
          "Player2": "Viatt",
          "Result": "0-2-0"
        },
        {
          "Player1": "upumpa89",
          "Player2": "Tsubasa_Cat",
          "Result": "2-0-0"
        },
        {
          "Player1": "rushi_00",
          "Player2": "Junkmener",
          "Result": "2-0-0"
        },
        {
          "Player1": "LuffyDoChapeuDePalha",
          "Player2": "Mateusf34",
          "Result": "0-2-0"
        },
        {
          "Player1": "Boucha",
          "Player2": "gurig",
          "Result": "0-0-0"
        },
        {
          "Player1": "oosunq",
          "Player2": "termidor",
          "Result": "0-2-0"
        },
        {
          "Player1": "deleon91",
          "Player2": "RezerDeDog",
          "Result": "2-0-0"
        },
        {
          "Player1": "musasabi",
          "Player2": "Strongmind",
          "Result": "0-2-0"
        },
        {
          "Player1": "sandoiche",
          "Player2": "PedraStone",
          "Result": "0-2-0"
        },
        {
          "Player1": "VitorCarvalho01",
          "Player2": "Egorable",
          "Result": "0-2-0"
        },
        {
          "Player1": "MJ_23",
          "Player2": "Beicodegeia",
          "Result": "2-0-0"
        },
        {
          "Player1": "_Falcon_",
          "Player2": "PNascimento",
          "Result": "0-2-0"
        },
        {
          "Player1": "sokos13",
          "Player2": "boytriton",
          "Result": "2-0-0"
        },
        {
          "Player1": "HEROtsukai",
          "Player2": "sapro31",
          "Result": "1-2-0"
        },
        {
          "Player1": "O_danielakos",
          "Player2": "Mogged",
          "Result": "0-2-0"
        },
        {
          "Player1": "Hamuda",
          "Player2": "Venom1",
          "Result": "1-2-0"
        },
        {
          "Player1": "sebastianpozzo",
          "Player2": "alfonseelric",
          "Result": "2-0-0"
        },
        {
          "Player1": "fives",
          "Player2": "CrazyMorango",
          "Result": "0-2-0"
        },
        {
          "Player1": "BERNASTORRES",
          "Player2": "CrusherBotBG",
          "Result": "0-2-0"
        },
        {
          "Player1": "Xenowan",
          "Player2": "4UBro",
          "Result": "2-0-0"
        }
      ]
    },
    {
      "RoundName": "Round 7",
      "Matches": [
        {
          "Player1": "HEROtsukai",
          "Player2": "alfonseelric",
          "Result": "2-0-0"
        },
        {
          "Player1": "sebastianpozzo",
          "Player2": "CrazyMorango",
          "Result": "2-0-0"
        },
        {
          "Player1": "sapro31",
          "Player2": "VitorCarvalho01",
          "Result": "2-0-0"
        },
        {
          "Player1": "sokos13",
          "Player2": "Egorable",
          "Result": "0-2-0"
        }
      ]
    },
    {
      "RoundName": "Round 8",
      "Matches": [
        {
          "Player1": "sebastianpozzo",
          "Player2": "HEROtsukai",
          "Result": "0-2-0"
        },
        {
          "Player1": "sapro31",
          "Player2": "Egorable",
          "Result": "0-2-0"
        }
      ]
    },
    {
      "RoundName": "Round 9",
      "Matches": [
        {
          "Player1": "HEROtsukai",
          "Player2": "Egorable",
          "Result": "2-0-0"
        }
      ]
    }
  ],
  "Standings": [
    {
      "Rank": 58,
      "Player": "moon11",
      "Points": 0,
      "Wins": 0,
      "Losses": 0,
      "Draws": 0,
      "OMWP": 0.3333,
      "GWP": 0.3333,
      "OGWP": 0.3661
    },
    {
      "Rank": 57,
      "Player": "Ale_Mtg",
      "Points": 0,
      "Wins": 0,
      "Losses": 0,
      "Draws": 0,
      "OMWP": 0.4167,
      "GWP": 0.2,
      "OGWP": 0.4643
    },
    {
      "Rank": 56,
      "Player": "MTGHolic",
      "Points": 0,
      "Wins": 0,
      "Losses": 0,
      "Draws": 0,
      "OMWP": 0.4167,
      "GWP": 0.2,
      "OGWP": 0.5035000000000001
    },
    {
      "Rank": 55,
      "Player": "JulioP1985",
      "Points": 0,
      "Wins": 0,
      "Losses": 0,
      "Draws": 0,
      "OMWP": 0.45,
      "GWP": 0.2,
      "OGWP": 0.5165
    },
    {
      "Rank": 54,
      "Player": "novaschin22",
      "Points": 0,
      "Wins": 0,
      "Losses": 0,
      "Draws": 0,
      "OMWP": 0.475,
      "GWP": 0.2,
      "OGWP": 0.5162
    },
    {
      "Rank": 53,
      "Player": "Chichotek",
      "Points": 0,
      "Wins": 0,
      "Losses": 0,
      "Draws": 0,
      "OMWP": 0.5,
      "GWP": 0.1429,
      "OGWP": 0.4792
    },
    {
      "Rank": 52,
      "Player": "_ruda_",
      "Points": 0,
      "Wins": 0,
      "Losses": 0,
      "Draws": 0,
      "OMWP": 0.5556,
      "GWP": 0.3333,
      "OGWP": 0.506
    },
    {
      "Rank": 51,
      "Player": "pyroblastt",
      "Points": 0,
      "Wins": 0,
      "Losses": 0,
      "Draws": 0,
      "OMWP": 0.75,
      "GWP": 0.2,
      "OGWP": 0.7
    },
    {
      "Rank": 50,
      "Player": "HouseOfManaMTG",
      "Points": 0,
      "Wins": 0,
      "Losses": 0,
      "Draws": 0,
      "OMWP": 0.8332999999999999,
      "GWP": 0.3333,
      "OGWP": 0.6875
    },
    {
      "Rank": 49,
      "Player": "josetorr87",
      "Points": 3,
      "Wins": 0,
      "Losses": 0,
      "Draws": 0,
      "OMWP": 0.44439999999999996,
      "GWP": 0.44439999999999996,
      "OGWP": 0.4127
    },
    {
      "Rank": 48,
      "Player": "Hernan72",
      "Points": 3,
      "Wins": 0,
      "Losses": 0,
      "Draws": 0,
      "OMWP": 0.44670000000000004,
      "GWP": 0.3333,
      "OGWP": 0.4386
    },
    {
      "Rank": 47,
      "Player": "amaransneak",
      "Points": 3,
      "Wins": 0,
      "Losses": 0,
      "Draws": 0,
      "OMWP": 0.4667,
      "GWP": 0.25,
      "OGWP": 0.4658
    },
    {
      "Rank": 46,
      "Player": "_Falcon_",
      "Points": 3,
      "Wins": 0,
      "Losses": 0,
      "Draws": 0,
      "OMWP": 0.4722,
      "GWP": 0.3125,
      "OGWP": 0.45539999999999997
    },
    {
      "Rank": 45,
      "Player": "j_money10",
      "Points": 3,
      "Wins": 0,
      "Losses": 0,
      "Draws": 0,
      "OMWP": 0.5417000000000001,
      "GWP": 0.4,
      "OGWP": 0.5117
    },
    {
      "Rank": 44,
      "Player": "CuteChandra19",
      "Points": 3,
      "Wins": 0,
      "Losses": 0,
      "Draws": 0,
      "OMWP": 0.5556,
      "GWP": 0.375,
      "OGWP": 0.578
    },
    {
      "Rank": 43,
      "Player": "Harry13",
      "Points": 6,
      "Wins": 0,
      "Losses": 0,
      "Draws": 0,
      "OMWP": 0.44670000000000004,
      "GWP": 0.3636,
      "OGWP": 0.4399
    },
    {
      "Rank": 42,
      "Player": "gurig",
      "Points": 6,
      "Wins": 0,
      "Losses": 0,
      "Draws": 0,
      "OMWP": 0.4722,
      "GWP": 0.375,
      "OGWP": 0.4451
    },
    {
      "Rank": 41,
      "Player": "LuffyDoChapeuDePalha",
      "Points": 6,
      "Wins": 0,
      "Losses": 0,
      "Draws": 0,
      "OMWP": 0.4722,
      "GWP": 0.4286,
      "OGWP": 0.484
    },
    {
      "Rank": 40,
      "Player": "marolanzi",
      "Points": 6,
      "Wins": 0,
      "Losses": 0,
      "Draws": 0,
      "OMWP": 0.5,
      "GWP": 0.35710000000000003,
      "OGWP": 0.5085999999999999
    },
    {
      "Rank": 39,
      "Player": "Beicodegeia",
      "Points": 6,
      "Wins": 0,
      "Losses": 0,
      "Draws": 0,
      "OMWP": 0.5,
      "GWP": 0.4,
      "OGWP": 0.4722
    },
    {
      "Rank": 38,
      "Player": "oosunq",
      "Points": 6,
      "Wins": 0,
      "Losses": 0,
      "Draws": 0,
      "OMWP": 0.5278,
      "GWP": 0.3333,
      "OGWP": 0.5286
    },
    {
      "Rank": 37,
      "Player": "Junkmener",
      "Points": 6,
      "Wins": 0,
      "Losses": 0,
      "Draws": 0,
      "OMWP": 0.5278,
      "GWP": 0.4375,
      "OGWP": 0.4789
    },
    {
      "Rank": 36,
      "Player": "keyaki",
      "Points": 6,
      "Wins": 0,
      "Losses": 0,
      "Draws": 0,
      "OMWP": 0.5467,
      "GWP": 0.46149999999999997,
      "OGWP": 0.4844
    },
    {
      "Rank": 35,
      "Player": "PNascimento",
      "Points": 6,
      "Wins": 0,
      "Losses": 0,
      "Draws": 0,
      "OMWP": 0.5556,
      "GWP": 0.35710000000000003,
      "OGWP": 0.5356000000000001
    },
    {
      "Rank": 34,
      "Player": "BERNASTORRES",
      "Points": 9,
      "Wins": 0,
      "Losses": 0,
      "Draws": 0,
      "OMWP": 0.4167,
      "GWP": 0.4706,
      "OGWP": 0.4357
    },
    {
      "Rank": 33,
      "Player": "ZendicardGames",
      "Points": 9,
      "Wins": 0,
      "Losses": 0,
      "Draws": 0,
      "OMWP": 0.4167,
      "GWP": 0.5714,
      "OGWP": 0.41490000000000005
    },
    {
      "Rank": 32,
      "Player": "rushi_00",
      "Points": 9,
      "Wins": 0,
      "Losses": 0,
      "Draws": 0,
      "OMWP": 0.4722,
      "GWP": 0.4667,
      "OGWP": 0.514
    },
    {
      "Rank": 31,
      "Player": "termidor",
      "Points": 9,
      "Wins": 0,
      "Losses": 0,
      "Draws": 0,
      "OMWP": 0.4722,
      "GWP": 0.5333,
      "OGWP": 0.4673
    },
    {
      "Rank": 30,
      "Player": "Mateusf34",
      "Points": 9,
      "Wins": 0,
      "Losses": 0,
      "Draws": 0,
      "OMWP": 0.4722,
      "GWP": 0.6,
      "OGWP": 0.45270000000000005
    },
    {
      "Rank": 29,
      "Player": "MJ_23",
      "Points": 9,
      "Wins": 0,
      "Losses": 0,
      "Draws": 0,
      "OMWP": 0.5,
      "GWP": 0.5,
      "OGWP": 0.4985
    },
    {
      "Rank": 28,
      "Player": "Boucha",
      "Points": 9,
      "Wins": 0,
      "Losses": 0,
      "Draws": 0,
      "OMWP": 0.5278,
      "GWP": 0.46149999999999997,
      "OGWP": 0.4802
    },
    {
      "Rank": 27,
      "Player": "lilianna1989",
      "Points": 9,
      "Wins": 0,
      "Losses": 0,
      "Draws": 0,
      "OMWP": 0.5278,
      "GWP": 0.4667,
      "OGWP": 0.5213
    },
    {
      "Rank": 26,
      "Player": "Hamuda",
      "Points": 9,
      "Wins": 0,
      "Losses": 0,
      "Draws": 0,
      "OMWP": 0.5278,
      "GWP": 0.6,
      "OGWP": 0.4793
    },
    {
      "Rank": 25,
      "Player": "Tsubasa_Cat",
      "Points": 9,
      "Wins": 0,
      "Losses": 0,
      "Draws": 0,
      "OMWP": 0.5556,
      "GWP": 0.5625,
      "OGWP": 0.5123
    },
    {
      "Rank": 24,
      "Player": "musasabi",
      "Points": 9,
      "Wins": 0,
      "Losses": 0,
      "Draws": 0,
      "OMWP": 0.5832999999999999,
      "GWP": 0.5,
      "OGWP": 0.516
    },
    {
      "Rank": 23,
      "Player": "sandoiche",
      "Points": 9,
      "Wins": 0,
      "Losses": 0,
      "Draws": 0,
      "OMWP": 0.6111,
      "GWP": 0.4706,
      "OGWP": 0.585
    },
    {
      "Rank": 22,
      "Player": "4UBro",
      "Points": 9,
      "Wins": 0,
      "Losses": 0,
      "Draws": 0,
      "OMWP": 0.6111,
      "GWP": 0.5714,
      "OGWP": 0.5265
    },
    {
      "Rank": 21,
      "Player": "O_danielakos",
      "Points": 9,
      "Wins": 0,
      "Losses": 0,
      "Draws": 0,
      "OMWP": 0.6222,
      "GWP": 0.5,
      "OGWP": 0.5445
    },
    {
      "Rank": 20,
      "Player": "RezerDeDog",
      "Points": 9,
      "Wins": 0,
      "Losses": 0,
      "Draws": 0,
      "OMWP": 0.6667000000000001,
      "GWP": 0.5,
      "OGWP": 0.6093999999999999
    },
    {
      "Rank": 19,
      "Player": "Strongmind",
      "Points": 12,
      "Wins": 0,
      "Losses": 0,
      "Draws": 0,
      "OMWP": 0.4556,
      "GWP": 0.5625,
      "OGWP": 0.486
    },
    {
      "Rank": 18,
      "Player": "Venom1",
      "Points": 12,
      "Wins": 0,
      "Losses": 0,
      "Draws": 0,
      "OMWP": 0.4556,
      "GWP": 0.5714,
      "OGWP": 0.4686
    },
    {
      "Rank": 17,
      "Player": "upumpa89",
      "Points": 12,
      "Wins": 0,
      "Losses": 0,
      "Draws": 0,
      "OMWP": 0.4722,
      "GWP": 0.5556,
      "OGWP": 0.469
    },
    {
      "Rank": 16,
      "Player": "PedraStone",
      "Points": 12,
      "Wins": 0,
      "Losses": 0,
      "Draws": 0,
      "OMWP": 0.5111,
      "GWP": 0.6,
      "OGWP": 0.511
    },
    {
      "Rank": 15,
      "Player": "CrusherBotBG",
      "Points": 12,
      "Wins": 0,
      "Losses": 0,
      "Draws": 0,
      "OMWP": 0.5278,
      "GWP": 0.5625,
      "OGWP": 0.49579999999999996
    },
    {
      "Rank": 14,
      "Player": "boytriton",
      "Points": 12,
      "Wins": 0,
      "Losses": 0,
      "Draws": 0,
      "OMWP": 0.5389,
      "GWP": 0.5625,
      "OGWP": 0.49829999999999997
    },
    {
      "Rank": 13,
      "Player": "fives",
      "Points": 12,
      "Wins": 0,
      "Losses": 0,
      "Draws": 0,
      "OMWP": 0.5832999999999999,
      "GWP": 0.5714,
      "OGWP": 0.5550999999999999
    },
    {
      "Rank": 12,
      "Player": "Viatt",
      "Points": 12,
      "Wins": 0,
      "Losses": 0,
      "Draws": 0,
      "OMWP": 0.5832999999999999,
      "GWP": 0.6429,
      "OGWP": 0.5207999999999999
    },
    {
      "Rank": 11,
      "Player": "deleon91",
      "Points": 12,
      "Wins": 0,
      "Losses": 0,
      "Draws": 0,
      "OMWP": 0.5832999999999999,
      "GWP": 0.6923,
      "OGWP": 0.5375
    },
    {
      "Rank": 10,
      "Player": "Xenowan",
      "Points": 12,
      "Wins": 0,
      "Losses": 0,
      "Draws": 0,
      "OMWP": 0.6111,
      "GWP": 0.5625,
      "OGWP": 0.5682
    },
    {
      "Rank": 9,
      "Player": "Mogged",
      "Points": 12,
      "Wins": 0,
      "Losses": 0,
      "Draws": 0,
      "OMWP": 0.6111,
      "GWP": 0.5714,
      "OGWP": 0.5428999999999999
    },
    {
      "Rank": 8,
      "Player": "VitorCarvalho01",
      "Points": 12,
      "Wins": 0,
      "Losses": 0,
      "Draws": 0,
      "OMWP": 0.6667000000000001,
      "GWP": 0.6,
      "OGWP": 0.6042000000000001
    },
    {
      "Rank": 7,
      "Player": "alfonseelric",
      "Points": 12,
      "Wins": 0,
      "Losses": 0,
      "Draws": 0,
      "OMWP": 0.6944,
      "GWP": 0.6429,
      "OGWP": 0.5976
    },
    {
      "Rank": 6,
      "Player": "sokos13",
      "Points": 15,
      "Wins": 0,
      "Losses": 0,
      "Draws": 0,
      "OMWP": 0.5556,
      "GWP": 0.6470999999999999,
      "OGWP": 0.5309
    },
    {
      "Rank": 5,
      "Player": "CrazyMorango",
      "Points": 15,
      "Wins": 0,
      "Losses": 0,
      "Draws": 0,
      "OMWP": 0.5832999999999999,
      "GWP": 0.7143,
      "OGWP": 0.5418999999999999
    },
    {
      "Rank": 4,
      "Player": "sebastianpozzo",
      "Points": 18,
      "Wins": 0,
      "Losses": 0,
      "Draws": 0,
      "OMWP": 0.5,
      "GWP": 0.6667000000000001,
      "OGWP": 0.5154
    },
    {
      "Rank": 3,
      "Player": "sapro31",
      "Points": 21,
      "Wins": 0,
      "Losses": 0,
      "Draws": 0,
      "OMWP": 0.6389,
      "GWP": 0.8,
      "OGWP": 0.5714
    },
    {
      "Rank": 2,
      "Player": "Egorable",
      "Points": 21,
      "Wins": 0,
      "Losses": 0,
      "Draws": 0,
      "OMWP": 0.5,
      "GWP": 0.6875,
      "OGWP": 0.5175
    },
    {
      "Rank": 1,
      "Player": "HEROtsukai",
      "Points": 24,
      "Wins": 0,
      "Losses": 0,
      "Draws": 0,
      "OMWP": 0.6667000000000001,
      "GWP": 0.6470999999999999,
      "OGWP": 0.6019
    }
  ]
}