{
  "Tournament": {
    "Id": 12804868,
    "Date": "2025-07-25T02:00:00",
    "Name": "Standard Challenge 32",
    "Uri": null,
    "JsonFile": null,
    "ForceRedownload": false
  },
  "Decks": null,
  "Rounds": [
    {
      "RoundName": "Round 1",
      "Matches": [
        {
          "Player1": "fives",
          "Player2": "DavidPierceUTA",
          "Result": "2-0-0"
        },
        {
          "Player1": "MTGHolic",
          "Player2": "LaneOrLaine",
          "Result": "0-0-0"
        },
        {
          "Player1": "sandydogmtg",
          "Player2": "HoldTheElle",
          "Result": "2-0-0"
        },
        {
          "Player1": "novaschin22",
          "Player2": "DskBayWolf",
          "Result": "0-2-0"
        },
        {
          "Player1": "VictorEsquici",
          "Player2": "Strongmind",
          "Result": "2-0-0"
        },
        {
          "Player1": "pokerswizard",
          "Player2": "tchuco",
          "Result": "0-2-0"
        },
        {
          "Player1": "JonyLamborgini",
          "Player2": "BirdFlew",
          "Result": "0-2-0"
        },
        {
          "Player1": "SuperCow12653",
          "Player2": "deleon91",
          "Result": "2-0-0"
        },
        {
          "Player1": "xRagedFurballx",
          "Player2": "Cachorrowo",
          "Result": "2-0-0"
        },
        {
          "Player1": "_Davimorais",
          "Player2": "RubyXillia",
          "Result": "2-0-0"
        },
        {
          "Player1": "ashame",
          "Player2": "Ted10",
          "Result": "2-0-0"
        },
        {
          "Player1": "makusong24",
          "Player2": "claudioh",
          "Result": "0-2-0"
        },
        {
          "Player1": "LucasG1ggs",
          "Player2": "WingedHussar",
          "Result": "2-0-0"
        },
        {
          "Player1": "slaxx",
          "Player2": "AFitzsimmons",
          "Result": "2-0-0"
        },
        {
          "Player1": "_ZNT_",
          "Player2": "Snover",
          "Result": "2-0-0"
        },
        {
          "Player1": "nahuel10",
          "Player2": "HouseOfManaMTG",
          "Result": "0-2-0"
        },
        {
          "Player1": "sultai4lyfe",
          "Player2": "Goomy_",
          "Result": "2-0-0"
        },
        {
          "Player1": "Capitano_CL",
          "Player2": "itsbarlo",
          "Result": "2-0-0"
        },
        {
          "Player1": "Venom1",
          "Player2": "wcl",
          "Result": "2-0-0"
        },
        {
          "Player1": "SoulStrong",
          "Player2": "MdvWin",
          "Result": "0-2-0"
        },
        {
          "Player1": "FUXIN",
          "Player2": "MisterTwin",
          "Result": "0-2-0"
        },
        {
          "Player1": "sandoiche",
          "Player2": "burnet7",
          "Result": "0-0-0"
        },
        {
          "Player1": "IronBeagle",
          "Player2": "KingBeav999",
          "Result": "0-0-0"
        },
        {
          "Player1": "jakobpablo",
          "Player2": "Rosiedog88",
          "Result": "2-0-0"
        }
      ]
    },
    {
      "RoundName": "Round 2",
      "Matches": [
        {
          "Player1": "HoldTheElle",
          "Player2": "JonyLamborgini",
          "Result": "0-2-0"
        },
        {
          "Player1": "jakobpablo",
          "Player2": "DskBayWolf",
          "Result": "0-2-0"
        },
        {
          "Player1": "SoulStrong",
          "Player2": "WingedHussar",
          "Result": "2-0-0"
        },
        {
          "Player1": "novaschin22",
          "Player2": "AFitzsimmons",
          "Result": "0-2-0"
        },
        {
          "Player1": "RubyXillia",
          "Player2": "itsbarlo",
          "Result": "0-2-0"
        },
        {
          "Player1": "pokerswizard",
          "Player2": "DavidPierceUTA",
          "Result": "2-0-0"
        },
        {
          "Player1": "Venom1",
          "Player2": "xRagedFurballx",
          "Result": "0-2-0"
        },
        {
          "Player1": "_Davimorais",
          "Player2": "fives",
          "Result": "2-0-0"
        },
        {
          "Player1": "slaxx",
          "Player2": "Capitano_CL",
          "Result": "2-0-0"
        },
        {
          "Player1": "makusong24",
          "Player2": "deleon91",
          "Result": "0-2-0"
        },
        {
          "Player1": "LaneOrLaine",
          "Player2": "KingBeav999",
          "Result": "0-2-0"
        },
        {
          "Player1": "sandydogmtg",
          "Player2": "ashame",
          "Result": "2-0-0"
        },
        {
          "Player1": "Goomy_",
          "Player2": "wcl",
          "Result": "2-0-0"
        },
        {
          "Player1": "Ted10",
          "Player2": "Strongmind",
          "Result": "2-0-0"
        },
        {
          "Player1": "SuperCow12653",
          "Player2": "VictorEsquici",
          "Result": "0-2-0"
        },
        {
          "Player1": "claudioh",
          "Player2": "_ZNT_",
          "Result": "0-2-0"
        },
        {
          "Player1": "sultai4lyfe",
          "Player2": "tchuco",
          "Result": "0-2-0"
        },
        {
          "Player1": "Rosiedog88",
          "Player2": "Snover",
          "Result": "0-2-0"
        },
        {
          "Player1": "LucasG1ggs",
          "Player2": "IronBeagle",
          "Result": "2-0-0"
        },
        {
          "Player1": "sandoiche",
          "Player2": "FUXIN",
          "Result": "2-0-0"
        },
        {
          "Player1": "MTGHolic",
          "Player2": "MisterTwin",
          "Result": "2-0-0"
        },
        {
          "Player1": "Cachorrowo",
          "Player2": "nahuel10",
          "Result": "2-0-0"
        },
        {
          "Player1": "burnet7",
          "Player2": "BirdFlew",
          "Result": "0-2-0"
        },
        {
          "Player1": "MdvWin",
          "Player2": "HouseOfManaMTG",
          "Result": "0-2-0"
        }
      ]
    },
    {
      "RoundName": "Round 3",
      "Matches": [
        {
          "Player1": "Capitano_CL",
          "Player2": "Venom1",
          "Result": "0-2-0"
        },
        {
          "Player1": "deleon91",
          "Player2": "itsbarlo",
          "Result": "2-0-0"
        },
        {
          "Player1": "SoulStrong",
          "Player2": "Snover",
          "Result": "2-0-0"
        },
        {
          "Player1": "wcl",
          "Player2": "DavidPierceUTA",
          "Result": "2-0-0"
        },
        {
          "Player1": "novaschin22",
          "Player2": "Strongmind",
          "Result": "0-2-0"
        },
        {
          "Player1": "tchuco",
          "Player2": "LucasG1ggs",
          "Result": "0-2-0"
        },
        {
          "Player1": "sultai4lyfe",
          "Player2": "ashame",
          "Result": "0-2-0"
        },
        {
          "Player1": "JonyLamborgini",
          "Player2": "KingBeav999",
          "Result": "0-2-0"
        },
        {
          "Player1": "_Davimorais",
          "Player2": "DskBayWolf",
          "Result": "0-2-0"
        },
        {
          "Player1": "makusong24",
          "Player2": "FUXIN",
          "Result": "1-2-0"
        },
        {
          "Player1": "sandydogmtg",
          "Player2": "slaxx",
          "Result": "0-2-0"
        },
        {
          "Player1": "sandoiche",
          "Player2": "SuperCow12653",
          "Result": "0-0-0"
        },
        {
          "Player1": "MTGHolic",
          "Player2": "VictorEsquici",
          "Result": "2-0-0"
        },
        {
          "Player1": "jakobpablo",
          "Player2": "AFitzsimmons",
          "Result": "2-0-0"
        },
        {
          "Player1": "claudioh",
          "Player2": "burnet7",
          "Result": "0-2-0"
        },
        {
          "Player1": "HouseOfManaMTG",
          "Player2": "BirdFlew",
          "Result": "0-0-0"
        },
        {
          "Player1": "fives",
          "Player2": "Ted10",
          "Result": "2-0-0"
        },
        {
          "Player1": "pokerswizard",
          "Player2": "Goomy_",
          "Result": "2-0-0"
        },
        {
          "Player1": "IronBeagle",
          "Player2": "MisterTwin",
          "Result": "2-0-0"
        },
        {
          "Player1": "MdvWin",
          "Player2": "Cachorrowo",
          "Result": "0-2-0"
        },
        {
          "Player1": "_ZNT_",
          "Player2": "xRagedFurballx",
          "Result": "0-0-0"
        }
      ]
    },
    {
      "RoundName": "Round 4",
      "Matches": [
        {
          "Player1": "LucasG1ggs",
          "Player2": "BirdFlew",
          "Result": "0-2-0"
        },
        {
          "Player1": "slaxx",
          "Player2": "MTGHolic",
          "Result": "2-0-0"
        },
        {
          "Player1": "Ted10",
          "Player2": "wcl",
          "Result": "0-2-0"
        },
        {
          "Player1": "Venom1",
          "Player2": "Cachorrowo",
          "Result": "2-0-0"
        },
        {
          "Player1": "deleon91",
          "Player2": "IronBeagle",
          "Result": "0-2-0"
        },
        {
          "Player1": "Strongmind",
          "Player2": "Snover",
          "Result": "0-0-0"
        },
        {
          "Player1": "_Davimorais",
          "Player2": "VictorEsquici",
          "Result": "0-2-0"
        },
        {
          "Player1": "tchuco",
          "Player2": "jakobpablo",
          "Result": "0-2-0"
        },
        {
          "Player1": "_ZNT_",
          "Player2": "DskBayWolf",
          "Result": "2-0-0"
        },
        {
          "Player1": "SuperCow12653",
          "Player2": "xRagedFurballx",
          "Result": "2-0-0"
        },
        {
          "Player1": "claudioh",
          "Player2": "AFitzsimmons",
          "Result": "2-0-0"
        },
        {
          "Player1": "sandoiche",
          "Player2": "itsbarlo",
          "Result": "2-0-0"
        },
        {
          "Player1": "pokerswizard",
          "Player2": "SoulStrong",
          "Result": "0-2-0"
        },
        {
          "Player1": "sultai4lyfe",
          "Player2": "FUXIN",
          "Result": "1-2-0"
        },
        {
          "Player1": "fives",
          "Player2": "ashame",
          "Result": "2-0-0"
        },
        {
          "Player1": "burnet7",
          "Player2": "KingBeav999",
          "Result": "0-2-0"
        },
        {
          "Player1": "MdvWin",
          "Player2": "MisterTwin",
          "Result": "0-2-0"
        },
        {
          "Player1": "sandydogmtg",
          "Player2": "HouseOfManaMTG",
          "Result": "0-2-0"
        },
        {
          "Player1": "Goomy_",
          "Player2": "JonyLamborgini",
          "Result": "0-2-0"
        }
      ]
    },
    {
      "RoundName": "Round 5",
      "Matches": [
        {
          "Player1": "sandoiche",
          "Player2": "Cachorrowo",
          "Result": "2-0-0"
        },
        {
          "Player1": "sandydogmtg",
          "Player2": "burnet7",
          "Result": "2-0-0"
        },
        {
          "Player1": "claudioh",
          "Player2": "Snover",
          "Result": "2-0-0"
        },
        {
          "Player1": "pokerswizard",
          "Player2": "JonyLamborgini",
          "Result": "0-2-0"
        },
        {
          "Player1": "Venom1",
          "Player2": "IronBeagle",
          "Result": "0-2-0"
        },
        {
          "Player1": "HouseOfManaMTG",
          "Player2": "MTGHolic",
          "Result": "0-2-0"
        },
        {
          "Player1": "xRagedFurballx",
          "Player2": "wcl",
          "Result": "0-2-0"
        },
        {
          "Player1": "slaxx",
          "Player2": "BirdFlew",
          "Result": "2-0-0"
        },
        {
          "Player1": "_ZNT_",
          "Player2": "KingBeav999",
          "Result": "2-0-0"
        },
        {
          "Player1": "ashame",
          "Player2": "FUXIN",
          "Result": "0-2-0"
        },
        {
          "Player1": "SoulStrong",
          "Player2": "SuperCow12653",
          "Result": "2-0-0"
        },
        {
          "Player1": "LucasG1ggs",
          "Player2": "deleon91",
          "Result": "2-0-0"
        },
        {
          "Player1": "makusong24",
          "Player2": "Strongmind",
          "Result": "2-0-0"
        },
        {
          "Player1": "tchuco",
          "Player2": "AFitzsimmons",
          "Result": "0-0-0"
        },
        {
          "Player1": "VictorEsquici",
          "Player2": "DskBayWolf",
          "Result": "2-0-0"
        },
        {
          "Player1": "_Davimorais",
          "Player2": "MisterTwin",
          "Result": "2-0-0"
        },
        {
          "Player1": "fives",
          "Player2": "jakobpablo",
          "Result": "0-2-0"
        },
        {
          "Player1": "MdvWin",
          "Player2": "itsbarlo",
          "Result": "0-0-0"
        }
      ]
    },
    {
      "RoundName": "Round 6",
      "Matches": [
        {
          "Player1": "_Davimorais",
          "Player2": "BirdFlew",
          "Result": "2-0-0"
        },
        {
          "Player1": "sandoiche",
          "Player2": "sultai4lyfe",
          "Result": "0-0-0"
        },
        {
          "Player1": "MdvWin",
          "Player2": "Snover",
          "Result": "0-2-0"
        },
        {
          "Player1": "Venom1",
          "Player2": "SuperCow12653",
          "Result": "2-0-0"
        },
        {
          "Player1": "claudioh",
          "Player2": "tchuco",
          "Result": "2-0-0"
        },
        {
          "Player1": "LucasG1ggs",
          "Player2": "jakobpablo",
          "Result": "0-2-0"
        },
        {
          "Player1": "sandydogmtg",
          "Player2": "KingBeav999",
          "Result": "0-2-0"
        },
        {
          "Player1": "pokerswizard",
          "Player2": "burnet7",
          "Result": "0-2-0"
        },
        {
          "Player1": "fives",
          "Player2": "HouseOfManaMTG",
          "Result": "0-2-0"
        },
        {
          "Player1": "IronBeagle",
          "Player2": "VictorEsquici",
          "Result": "0-0-0"
        },
        {
          "Player1": "deleon91",
          "Player2": "MisterTwin",
          "Result": "2-0-0"
        },
        {
          "Player1": "makusong24",
          "Player2": "ashame",
          "Result": "0-2-0"
        },
        {
          "Player1": "SoulStrong",
          "Player2": "MTGHolic",
          "Result": "2-0-0"
        },
        {
          "Player1": "slaxx",
          "Player2": "_ZNT_",
          "Result": "2-0-0"
        },
        {
          "Player1": "DskBayWolf",
          "Player2": "wcl",
          "Result": "0-2-0"
        },
        {
          "Player1": "JonyLamborgini",
          "Player2": "FUXIN",
          "Result": "0-2-0"
        }
      ]
    },
    {
      "RoundName": "Round 7",
      "Matches": [
        {
          "Player1": "VictorEsquici",
          "Player2": "BirdFlew",
          "Result": "2-0-0"
        },
        {
          "Player1": "_ZNT_",
          "Player2": "MTGHolic",
          "Result": "0-2-0"
        },
        {
          "Player1": "SoulStrong",
          "Player2": "jakobpablo",
          "Result": "0-2-0"
        },
        {
          "Player1": "slaxx",
          "Player2": "IronBeagle",
          "Result": "2-0-0"
        }
      ]
    },
    {
      "RoundName": "Round 8",
      "Matches": [
        {
          "Player1": "MTGHolic",
          "Player2": "VictorEsquici",
          "Result": "2-0-0"
        },
        {
          "Player1": "slaxx",
          "Player2": "jakobpablo",
          "Result": "0-2-0"
        }
      ]
    },
    {
      "RoundName": "Round 9",
      "Matches": [
        {
          "Player1": "jakobpablo",
          "Player2": "MTGHolic",
          "Result": "2-0-0"
        }
      ]
    }
  ],
  "Standings": [
    {
      "Rank": 48,
      "Player": "novaschin22",
      "Points": 0,
      "Wins": 0,
      "Losses": 0,
      "Draws": 0,
      "OMWP": 0.3889,
      "GWP": 0,
      "OGWP": 0.4127
    },
    {
      "Rank": 47,
      "Player": "RubyXillia",
      "Points": 0,
      "Wins": 0,
      "Losses": 0,
      "Draws": 0,
      "OMWP": 0.5,
      "GWP": 0,
      "OGWP": 0.5476
    },
    {
      "Rank": 46,
      "Player": "DavidPierceUTA",
      "Points": 0,
      "Wins": 0,
      "Losses": 0,
      "Draws": 0,
      "OMWP": 0.5,
      "GWP": 0.1429,
      "OGWP": 0.5253
    },
    {
      "Rank": 45,
      "Player": "HoldTheElle",
      "Points": 0,
      "Wins": 0,
      "Losses": 0,
      "Draws": 0,
      "OMWP": 0.5,
      "GWP": 0.3333,
      "OGWP": 0.5146999999999999
    },
    {
      "Rank": 44,
      "Player": "nahuel10",
      "Points": 0,
      "Wins": 0,
      "Losses": 0,
      "Draws": 0,
      "OMWP": 0.5333,
      "GWP": 0,
      "OGWP": 0.55
    },
    {
      "Rank": 43,
      "Player": "Rosiedog88",
      "Points": 0,
      "Wins": 0,
      "Losses": 0,
      "Draws": 0,
      "OMWP": 0.6667000000000001,
      "GWP": 0.2,
      "OGWP": 0.6346
    },
    {
      "Rank": 42,
      "Player": "LaneOrLaine",
      "Points": 0,
      "Wins": 0,
      "Losses": 0,
      "Draws": 0,
      "OMWP": 0.6667000000000001,
      "GWP": 0.3333,
      "OGWP": 0.5608
    },
    {
      "Rank": 41,
      "Player": "WingedHussar",
      "Points": 0,
      "Wins": 0,
      "Losses": 0,
      "Draws": 0,
      "OMWP": 0.75,
      "GWP": 0.3333,
      "OGWP": 0.6513
    },
    {
      "Rank": 40,
      "Player": "Goomy_",
      "Points": 3,
      "Wins": 0,
      "Losses": 0,
      "Draws": 0,
      "OMWP": 0.4583,
      "GWP": 0.3333,
      "OGWP": 0.4917
    },
    {
      "Rank": 39,
      "Player": "Strongmind",
      "Points": 3,
      "Wins": 0,
      "Losses": 0,
      "Draws": 0,
      "OMWP": 0.4667,
      "GWP": 0.3333,
      "OGWP": 0.45770000000000005
    },
    {
      "Rank": 38,
      "Player": "Ted10",
      "Points": 3,
      "Wins": 0,
      "Losses": 0,
      "Draws": 0,
      "OMWP": 0.5,
      "GWP": 0.3636,
      "OGWP": 0.48560000000000003
    },
    {
      "Rank": 37,
      "Player": "AFitzsimmons",
      "Points": 3,
      "Wins": 0,
      "Losses": 0,
      "Draws": 0,
      "OMWP": 0.6667000000000001,
      "GWP": 0.2,
      "OGWP": 0.6251
    },
    {
      "Rank": 36,
      "Player": "Capitano_CL",
      "Points": 3,
      "Wins": 0,
      "Losses": 0,
      "Draws": 0,
      "OMWP": 0.6667000000000001,
      "GWP": 0.2857,
      "OGWP": 0.6283
    },
    {
      "Rank": 35,
      "Player": "itsbarlo",
      "Points": 6,
      "Wins": 0,
      "Losses": 0,
      "Draws": 0,
      "OMWP": 0.43329999999999996,
      "GWP": 0.4286,
      "OGWP": 0.43170000000000003
    },
    {
      "Rank": 34,
      "Player": "Cachorrowo",
      "Points": 6,
      "Wins": 0,
      "Losses": 0,
      "Draws": 0,
      "OMWP": 0.48,
      "GWP": 0.5,
      "OGWP": 0.4692
    },
    {
      "Rank": 33,
      "Player": "pokerswizard",
      "Points": 6,
      "Wins": 0,
      "Losses": 0,
      "Draws": 0,
      "OMWP": 0.5,
      "GWP": 0.4375,
      "OGWP": 0.47759999999999997
    },
    {
      "Rank": 32,
      "Player": "MdvWin",
      "Points": 6,
      "Wins": 0,
      "Losses": 0,
      "Draws": 0,
      "OMWP": 0.5111,
      "GWP": 0.4,
      "OGWP": 0.5288
    },
    {
      "Rank": 31,
      "Player": "sultai4lyfe",
      "Points": 6,
      "Wins": 0,
      "Losses": 0,
      "Draws": 0,
      "OMWP": 0.5333,
      "GWP": 0.4,
      "OGWP": 0.4917
    },
    {
      "Rank": 30,
      "Player": "makusong24",
      "Points": 6,
      "Wins": 0,
      "Losses": 0,
      "Draws": 0,
      "OMWP": 0.5333,
      "GWP": 0.4667,
      "OGWP": 0.48
    },
    {
      "Rank": 29,
      "Player": "MisterTwin",
      "Points": 6,
      "Wins": 0,
      "Losses": 0,
      "Draws": 0,
      "OMWP": 0.5832999999999999,
      "GWP": 0.375,
      "OGWP": 0.5438000000000001
    },
    {
      "Rank": 28,
      "Player": "xRagedFurballx",
      "Points": 6,
      "Wins": 0,
      "Losses": 0,
      "Draws": 0,
      "OMWP": 0.6133,
      "GWP": 0.4545,
      "OGWP": 0.56
    },
    {
      "Rank": 27,
      "Player": "ashame",
      "Points": 9,
      "Wins": 0,
      "Losses": 0,
      "Draws": 0,
      "OMWP": 0.44439999999999996,
      "GWP": 0.4706,
      "OGWP": 0.4664
    },
    {
      "Rank": 26,
      "Player": "deleon91",
      "Points": 9,
      "Wins": 0,
      "Losses": 0,
      "Draws": 0,
      "OMWP": 0.4722,
      "GWP": 0.4667,
      "OGWP": 0.495
    },
    {
      "Rank": 25,
      "Player": "JonyLamborgini",
      "Points": 9,
      "Wins": 0,
      "Losses": 0,
      "Draws": 0,
      "OMWP": 0.5,
      "GWP": 0.5294,
      "OGWP": 0.47740000000000005
    },
    {
      "Rank": 24,
      "Player": "tchuco",
      "Points": 9,
      "Wins": 0,
      "Losses": 0,
      "Draws": 0,
      "OMWP": 0.5278,
      "GWP": 0.5,
      "OGWP": 0.5122
    },
    {
      "Rank": 23,
      "Player": "Snover",
      "Points": 9,
      "Wins": 0,
      "Losses": 0,
      "Draws": 0,
      "OMWP": 0.5556,
      "GWP": 0.5,
      "OGWP": 0.5171
    },
    {
      "Rank": 22,
      "Player": "fives",
      "Points": 9,
      "Wins": 0,
      "Losses": 0,
      "Draws": 0,
      "OMWP": 0.5556,
      "GWP": 0.5385,
      "OGWP": 0.5339
    },
    {
      "Rank": 21,
      "Player": "burnet7",
      "Points": 9,
      "Wins": 0,
      "Losses": 0,
      "Draws": 0,
      "OMWP": 0.5832999999999999,
      "GWP": 0.4,
      "OGWP": 0.5656
    },
    {
      "Rank": 20,
      "Player": "sandydogmtg",
      "Points": 9,
      "Wins": 0,
      "Losses": 0,
      "Draws": 0,
      "OMWP": 0.6111,
      "GWP": 0.5,
      "OGWP": 0.5525
    },
    {
      "Rank": 19,
      "Player": "SuperCow12653",
      "Points": 9,
      "Wins": 0,
      "Losses": 0,
      "Draws": 0,
      "OMWP": 0.65,
      "GWP": 0.5,
      "OGWP": 0.579
    },
    {
      "Rank": 18,
      "Player": "DskBayWolf",
      "Points": 9,
      "Wins": 0,
      "Losses": 0,
      "Draws": 0,
      "OMWP": 0.6944,
      "GWP": 0.5714,
      "OGWP": 0.6101
    },
    {
      "Rank": 17,
      "Player": "wcl",
      "Points": 12,
      "Wins": 0,
      "Losses": 0,
      "Draws": 0,
      "OMWP": 0.4278,
      "GWP": 0.6,
      "OGWP": 0.4316
    },
    {
      "Rank": 16,
      "Player": "FUXIN",
      "Points": 12,
      "Wins": 0,
      "Losses": 0,
      "Draws": 0,
      "OMWP": 0.44439999999999996,
      "GWP": 0.5294,
      "OGWP": 0.4778
    },
    {
      "Rank": 15,
      "Player": "sandoiche",
      "Points": 12,
      "Wins": 0,
      "Losses": 0,
      "Draws": 0,
      "OMWP": 0.4556,
      "GWP": 0.625,
      "OGWP": 0.4597
    },
    {
      "Rank": 14,
      "Player": "Venom1",
      "Points": 12,
      "Wins": 0,
      "Losses": 0,
      "Draws": 0,
      "OMWP": 0.49439999999999995,
      "GWP": 0.5333,
      "OGWP": 0.5091
    },
    {
      "Rank": 13,
      "Player": "claudioh",
      "Points": 12,
      "Wins": 0,
      "Losses": 0,
      "Draws": 0,
      "OMWP": 0.5,
      "GWP": 0.6,
      "OGWP": 0.4778
    },
    {
      "Rank": 12,
      "Player": "HouseOfManaMTG",
      "Points": 12,
      "Wins": 0,
      "Losses": 0,
      "Draws": 0,
      "OMWP": 0.5,
      "GWP": 0.6,
      "OGWP": 0.4913
    },
    {
      "Rank": 11,
      "Player": "_Davimorais",
      "Points": 12,
      "Wins": 0,
      "Losses": 0,
      "Draws": 0,
      "OMWP": 0.5278,
      "GWP": 0.6667000000000001,
      "OGWP": 0.5143
    },
    {
      "Rank": 10,
      "Player": "KingBeav999",
      "Points": 12,
      "Wins": 0,
      "Losses": 0,
      "Draws": 0,
      "OMWP": 0.5556,
      "GWP": 0.5882000000000001,
      "OGWP": 0.516
    },
    {
      "Rank": 9,
      "Player": "LucasG1ggs",
      "Points": 12,
      "Wins": 0,
      "Losses": 0,
      "Draws": 0,
      "OMWP": 0.5832999999999999,
      "GWP": 0.5333,
      "OGWP": 0.5631
    },
    {
      "Rank": 8,
      "Player": "IronBeagle",
      "Points": 12,
      "Wins": 0,
      "Losses": 0,
      "Draws": 0,
      "OMWP": 0.6111,
      "GWP": 0.6667000000000001,
      "OGWP": 0.5203
    },
    {
      "Rank": 7,
      "Player": "BirdFlew",
      "Points": 12,
      "Wins": 0,
      "Losses": 0,
      "Draws": 0,
      "OMWP": 0.6667000000000001,
      "GWP": 0.6429,
      "OGWP": 0.6087
    },
    {
      "Rank": 6,
      "Player": "SoulStrong",
      "Points": 15,
      "Wins": 0,
      "Losses": 0,
      "Draws": 0,
      "OMWP": 0.44439999999999996,
      "GWP": 0.7692,
      "OGWP": 0.4507
    },
    {
      "Rank": 5,
      "Player": "_ZNT_",
      "Points": 15,
      "Wins": 0,
      "Losses": 0,
      "Draws": 0,
      "OMWP": 0.6222,
      "GWP": 0.6667000000000001,
      "OGWP": 0.6062
    },
    {
      "Rank": 4,
      "Player": "VictorEsquici",
      "Points": 18,
      "Wins": 0,
      "Losses": 0,
      "Draws": 0,
      "OMWP": 0.5556,
      "GWP": 0.625,
      "OGWP": 0.5452
    },
    {
      "Rank": 3,
      "Player": "slaxx",
      "Points": 21,
      "Wins": 0,
      "Losses": 0,
      "Draws": 0,
      "OMWP": 0.5556,
      "GWP": 0.9231,
      "OGWP": 0.5015999999999999
    },
    {
      "Rank": 2,
      "Player": "MTGHolic",
      "Points": 18,
      "Wins": 0,
      "Losses": 0,
      "Draws": 0,
      "OMWP": 0.6667000000000001,
      "GWP": 0.5333,
      "OGWP": 0.6043
    },
    {
      "Rank": 1,
      "Player": "jakobpablo",
      "Points": 24,
      "Wins": 0,
      "Losses": 0,
      "Draws": 0,
      "OMWP": 0.4722,
      "GWP": 0.7692,
      "OGWP": 0.4683
    }
  ]
}