{
  "Tournament": {
    "Id": 12804878,
    "Date": "2025-07-25T19:00:00",
    "Name": "Standard Challenge 32",
    "Uri": null,
    "JsonFile": null,
    "ForceRedownload": false
  },
  "Decks": null,
  "Rounds": [
    {
      "RoundName": "Round 1",
      "Matches": [
        {
          "Player1": "Capitano_CL",
          "Player2": "Predrag133",
          "Result": "2-0-0"
        },
        {
          "Player1": "SoulStrong",
          "Player2": "ZendicardGames",
          "Result": "2-0-0"
        },
        {
          "Player1": "Porkylorky518",
          "Player2": "Cachorrowo",
          "Result": "2-0-0"
        },
        {
          "Player1": "fives",
          "Player2": "VitorCarvalho01",
          "Result": "2-0-0"
        },
        {
          "Player1": "ShadowTitan1",
          "Player2": "AgrusKos93",
          "Result": "2-0-0"
        },
        {
          "Player1": "levunga21",
          "Player2": "John1111",
          "Result": "0-2-0"
        },
        {
          "Player1": "Boydjw2",
          "Player2": "kasa",
          "Result": "0-2-0"
        },
        {
          "Player1": "albertoSD",
          "Player2": "bernardocssa",
          "Result": "2-0-0"
        },
        {
          "Player1": "_Davimorais",
          "Player2": "leandru",
          "Result": "0-2-0"
        },
        {
          "Player1": "sokos13",
          "Player2": "claudioh",
          "Result": "0-2-0"
        },
        {
          "Player1": "xfile",
          "Player2": "novaschin22",
          "Result": "2-0-0"
        },
        {
          "Player1": "OafMcNamara",
          "Player2": "IronBeagle",
          "Result": "0-0-0"
        },
        {
          "Player1": "_Falcon_",
          "Player2": "Capipf95",
          "Result": "2-0-0"
        },
        {
          "Player1": "roter_Erzengel",
          "Player2": "Dreddybajs",
          "Result": "0-2-0"
        },
        {
          "Player1": "MJ_23",
          "Player2": "Xenowan",
          "Result": "0-2-0"
        },
        {
          "Player1": "deleon91",
          "Player2": "Azja",
          "Result": "0-2-0"
        },
        {
          "Player1": "CutySark",
          "Player2": "EdgarB",
          "Result": "0-2-0"
        },
        {
          "Player1": "JonyLamborgini",
          "Player2": "koornfrost",
          "Result": "2-0-0"
        },
        {
          "Player1": "littledarwin",
          "Player2": "JulioP1985",
          "Result": "2-0-0"
        },
        {
          "Player1": "fazparte",
          "Player2": "Strongmind",
          "Result": "0-0-0"
        }
      ]
    },
    {
      "RoundName": "Round 2",
      "Matches": [
        {
          "Player1": "AgrusKos93",
          "Player2": "fazparte",
          "Result": "2-0-0"
        },
        {
          "Player1": "MJ_23",
          "Player2": "_Davimorais",
          "Result": "0-2-0"
        },
        {
          "Player1": "leandru",
          "Player2": "John1111",
          "Result": "0-2-0"
        },
        {
          "Player1": "albertoSD",
          "Player2": "EdgarB",
          "Result": "0-0-0"
        },
        {
          "Player1": "Cachorrowo",
          "Player2": "ZendicardGames",
          "Result": "2-0-0"
        },
        {
          "Player1": "IronBeagle",
          "Player2": "VitorCarvalho01",
          "Result": "2-0-0"
        },
        {
          "Player1": "ShadowTitan1",
          "Player2": "Strongmind",
          "Result": "2-0-0"
        },
        {
          "Player1": "bernardocssa",
          "Player2": "deleon91",
          "Result": "2-0-0"
        },
        {
          "Player1": "Dreddybajs",
          "Player2": "JonyLamborgini",
          "Result": "2-0-0"
        },
        {
          "Player1": "CutySark",
          "Player2": "JulioP1985",
          "Result": "2-0-0"
        },
        {
          "Player1": "sokos13",
          "Player2": "levunga21",
          "Result": "2-0-0"
        },
        {
          "Player1": "Porkylorky518",
          "Player2": "kasa",
          "Result": "1-2-0"
        },
        {
          "Player1": "Boydjw2",
          "Player2": "novaschin22",
          "Result": "0-2-0"
        },
        {
          "Player1": "_Falcon_",
          "Player2": "Xenowan",
          "Result": "2-0-0"
        },
        {
          "Player1": "roter_Erzengel",
          "Player2": "Capipf95",
          "Result": "0-2-0"
        },
        {
          "Player1": "fives",
          "Player2": "xfile",
          "Result": "2-0-0"
        },
        {
          "Player1": "littledarwin",
          "Player2": "Capitano_CL",
          "Result": "0-2-0"
        },
        {
          "Player1": "Predrag133",
          "Player2": "koornfrost",
          "Result": "2-0-0"
        },
        {
          "Player1": "claudioh",
          "Player2": "Azja",
          "Result": "2-1-0"
        },
        {
          "Player1": "OafMcNamara",
          "Player2": "SoulStrong",
          "Result": "0-2-0"
        }
      ]
    },
    {
      "RoundName": "Round 3",
      "Matches": [
        {
          "Player1": "Dreddybajs",
          "Player2": "SoulStrong",
          "Result": "0-2-0"
        },
        {
          "Player1": "Cachorrowo",
          "Player2": "CutySark",
          "Result": "0-0-0"
        },
        {
          "Player1": "deleon91",
          "Player2": "ZendicardGames",
          "Result": "0-2-0"
        },
        {
          "Player1": "Porkylorky518",
          "Player2": "OafMcNamara",
          "Result": "0-2-0"
        },
        {
          "Player1": "leandru",
          "Player2": "EdgarB",
          "Result": "0-2-0"
        },
        {
          "Player1": "JonyLamborgini",
          "Player2": "Capipf95",
          "Result": "0-2-0"
        },
        {
          "Player1": "albertoSD",
          "Player2": "_Falcon_",
          "Result": "0-2-0"
        },
        {
          "Player1": "sokos13",
          "Player2": "Strongmind",
          "Result": "2-0-0"
        },
        {
          "Player1": "Boydjw2",
          "Player2": "MJ_23",
          "Result": "0-2-0"
        },
        {
          "Player1": "Capitano_CL",
          "Player2": "John1111",
          "Result": "1-2-0"
        },
        {
          "Player1": "fives",
          "Player2": "ShadowTitan1",
          "Result": "2-0-0"
        },
        {
          "Player1": "littledarwin",
          "Player2": "IronBeagle",
          "Result": "0-2-0"
        },
        {
          "Player1": "VitorCarvalho01",
          "Player2": "koornfrost",
          "Result": "2-0-0"
        },
        {
          "Player1": "bernardocssa",
          "Player2": "Azja",
          "Result": "2-0-0"
        },
        {
          "Player1": "_Davimorais",
          "Player2": "AgrusKos93",
          "Result": "0-2-0"
        },
        {
          "Player1": "Xenowan",
          "Player2": "novaschin22",
          "Result": "2-0-0"
        },
        {
          "Player1": "kasa",
          "Player2": "claudioh",
          "Result": "0-0-0"
        },
        {
          "Player1": "xfile",
          "Player2": "Predrag133",
          "Result": "2-0-0"
        }
      ]
    },
    {
      "RoundName": "Round 4",
      "Matches": [
        {
          "Player1": "Dreddybajs",
          "Player2": "OafMcNamara",
          "Result": "0-2-0"
        },
        {
          "Player1": "Capitano_CL",
          "Player2": "SoulStrong",
          "Result": "2-0-0"
        },
        {
          "Player1": "fives",
          "Player2": "John1111",
          "Result": "0-2-0"
        },
        {
          "Player1": "albertoSD",
          "Player2": "Capipf95",
          "Result": "2-0-0"
        },
        {
          "Player1": "leandru",
          "Player2": "Cachorrowo",
          "Result": "0-2-0"
        },
        {
          "Player1": "Xenowan",
          "Player2": "IronBeagle",
          "Result": "2-0-0"
        },
        {
          "Player1": "claudioh",
          "Player2": "_Falcon_",
          "Result": "2-0-0"
        },
        {
          "Player1": "Porkylorky518",
          "Player2": "JonyLamborgini",
          "Result": "2-0-0"
        },
        {
          "Player1": "_Davimorais",
          "Player2": "ZendicardGames",
          "Result": "0-2-0"
        },
        {
          "Player1": "Predrag133",
          "Player2": "Strongmind",
          "Result": "0-2-0"
        },
        {
          "Player1": "littledarwin",
          "Player2": "fazparte",
          "Result": "2-0-0"
        },
        {
          "Player1": "xfile",
          "Player2": "AgrusKos93",
          "Result": "2-0-0"
        },
        {
          "Player1": "MJ_23",
          "Player2": "VitorCarvalho01",
          "Result": "2-0-0"
        },
        {
          "Player1": "bernardocssa",
          "Player2": "ShadowTitan1",
          "Result": "2-0-0"
        },
        {
          "Player1": "kasa",
          "Player2": "EdgarB",
          "Result": "0-0-0"
        },
        {
          "Player1": "sokos13",
          "Player2": "CutySark",
          "Result": "2-0-0"
        }
      ]
    },
    {
      "RoundName": "Round 5",
      "Matches": [
        {
          "Player1": "novaschin22",
          "Player2": "CutySark",
          "Result": "0-2-0"
        },
        {
          "Player1": "leandru",
          "Player2": "fazparte",
          "Result": "0-2-0"
        },
        {
          "Player1": "MJ_23",
          "Player2": "IronBeagle",
          "Result": "0-2-0"
        },
        {
          "Player1": "sokos13",
          "Player2": "ShadowTitan1",
          "Result": "2-0-0"
        },
        {
          "Player1": "JonyLamborgini",
          "Player2": "VitorCarvalho01",
          "Result": "2-0-0"
        },
        {
          "Player1": "ZendicardGames",
          "Player2": "EdgarB",
          "Result": "0-2-0"
        },
        {
          "Player1": "claudioh",
          "Player2": "John1111",
          "Result": "2-0-0"
        },
        {
          "Player1": "kasa",
          "Player2": "xfile",
          "Result": "0-2-0"
        },
        {
          "Player1": "SoulStrong",
          "Player2": "_Falcon_",
          "Result": "2-0-0"
        },
        {
          "Player1": "littledarwin",
          "Player2": "Dreddybajs",
          "Result": "2-0-0"
        },
        {
          "Player1": "Capipf95",
          "Player2": "AgrusKos93",
          "Result": "0-2-0"
        },
        {
          "Player1": "Porkylorky518",
          "Player2": "Predrag133",
          "Result": "0-2-0"
        },
        {
          "Player1": "albertoSD",
          "Player2": "OafMcNamara",
          "Result": "2-0-0"
        },
        {
          "Player1": "Cachorrowo",
          "Player2": "Strongmind",
          "Result": "0-0-0"
        },
        {
          "Player1": "Capitano_CL",
          "Player2": "fives",
          "Result": "0-2-0"
        },
        {
          "Player1": "bernardocssa",
          "Player2": "Xenowan",
          "Result": "2-0-0"
        }
      ]
    },
    {
      "RoundName": "Round 6",
      "Matches": [
        {
          "Player1": "ShadowTitan1",
          "Player2": "fazparte",
          "Result": "2-0-0"
        },
        {
          "Player1": "Cachorrowo",
          "Player2": "kasa",
          "Result": "0-2-0"
        },
        {
          "Player1": "OafMcNamara",
          "Player2": "EdgarB",
          "Result": "0-2-0"
        },
        {
          "Player1": "xfile",
          "Player2": "John1111",
          "Result": "0-2-0"
        },
        {
          "Player1": "Xenowan",
          "Player2": "CutySark",
          "Result": "0-2-0"
        },
        {
          "Player1": "JonyLamborgini",
          "Player2": "ZendicardGames",
          "Result": "0-2-0"
        },
        {
          "Player1": "Capitano_CL",
          "Player2": "IronBeagle",
          "Result": "0-2-0"
        },
        {
          "Player1": "littledarwin",
          "Player2": "Strongmind",
          "Result": "0-2-0"
        },
        {
          "Player1": "bernardocssa",
          "Player2": "fives",
          "Result": "2-0-0"
        },
        {
          "Player1": "Dreddybajs",
          "Player2": "_Davimorais",
          "Result": "0-0-0"
        },
        {
          "Player1": "sokos13",
          "Player2": "SoulStrong",
          "Result": "0-2-0"
        },
        {
          "Player1": "albertoSD",
          "Player2": "claudioh",
          "Result": "0-2-0"
        },
        {
          "Player1": "novaschin22",
          "Player2": "Predrag133",
          "Result": "2-0-0"
        },
        {
          "Player1": "_Falcon_",
          "Player2": "AgrusKos93",
          "Result": "0-2-0"
        }
      ]
    },
    {
      "RoundName": "Round 7",
      "Matches": [
        {
          "Player1": "fives",
          "Player2": "John1111",
          "Result": "2-0-0"
        },
        {
          "Player1": "albertoSD",
          "Player2": "SoulStrong",
          "Result": "2-0-0"
        },
        {
          "Player1": "claudioh",
          "Player2": "xfile",
          "Result": "2-0-0"
        },
        {
          "Player1": "sokos13",
          "Player2": "bernardocssa",
          "Result": "2-0-0"
        }
      ]
    },
    {
      "RoundName": "Round 8",
      "Matches": [
        {
          "Player1": "albertoSD",
          "Player2": "claudioh",
          "Result": "0-2-0"
        },
        {
          "Player1": "sokos13",
          "Player2": "fives",
          "Result": "2-0-0"
        }
      ]
    },
    {
      "RoundName": "Round 9",
      "Matches": [
        {
          "Player1": "sokos13",
          "Player2": "claudioh",
          "Result": "0-2-0"
        }
      ]
    }
  ],
  "Standings": [
    {
      "Rank": 40,
      "Player": "koornfrost",
      "Points": 0,
      "Wins": 0,
      "Losses": 0,
      "Draws": 0,
      "OMWP": 0.3333,
      "GWP": 0.25,
      "OGWP": 0.36810000000000004
    },
    {
      "Rank": 39,
      "Player": "roter_Erzengel",
      "Points": 0,
      "Wins": 0,
      "Losses": 0,
      "Draws": 0,
      "OMWP": 0.3667,
      "GWP": 0.2,
      "OGWP": 0.43329999999999996
    },
    {
      "Rank": 38,
      "Player": "Boydjw2",
      "Points": 0,
      "Wins": 0,
      "Losses": 0,
      "Draws": 0,
      "OMWP": 0.5222,
      "GWP": 0.1429,
      "OGWP": 0.5059
    },
    {
      "Rank": 37,
      "Player": "deleon91",
      "Points": 0,
      "Wins": 0,
      "Losses": 0,
      "Draws": 0,
      "OMWP": 0.5556,
      "GWP": 0.25,
      "OGWP": 0.5529
    },
    {
      "Rank": 36,
      "Player": "JulioP1985",
      "Points": 0,
      "Wins": 0,
      "Losses": 0,
      "Draws": 0,
      "OMWP": 0.5832999999999999,
      "GWP": 0.2,
      "OGWP": 0.5314
    },
    {
      "Rank": 35,
      "Player": "levunga21",
      "Points": 0,
      "Wins": 0,
      "Losses": 0,
      "Draws": 0,
      "OMWP": 0.75,
      "GWP": 0,
      "OGWP": 0.7418
    },
    {
      "Rank": 34,
      "Player": "VitorCarvalho01",
      "Points": 3,
      "Wins": 0,
      "Losses": 0,
      "Draws": 0,
      "OMWP": 0.48,
      "GWP": 0.1818,
      "OGWP": 0.4939
    },
    {
      "Rank": 33,
      "Player": "Azja",
      "Points": 3,
      "Wins": 0,
      "Losses": 0,
      "Draws": 0,
      "OMWP": 0.7222,
      "GWP": 0.44439999999999996,
      "OGWP": 0.6159
    },
    {
      "Rank": 32,
      "Player": "JonyLamborgini",
      "Points": 6,
      "Wins": 0,
      "Losses": 0,
      "Draws": 0,
      "OMWP": 0.3833,
      "GWP": 0.4375,
      "OGWP": 0.4083
    },
    {
      "Rank": 31,
      "Player": "MJ_23",
      "Points": 6,
      "Wins": 0,
      "Losses": 0,
      "Draws": 0,
      "OMWP": 0.4667,
      "GWP": 0.4167,
      "OGWP": 0.45899999999999996
    },
    {
      "Rank": 30,
      "Player": "Porkylorky518",
      "Points": 6,
      "Wins": 0,
      "Losses": 0,
      "Draws": 0,
      "OMWP": 0.4667,
      "GWP": 0.4167,
      "OGWP": 0.485
    },
    {
      "Rank": 29,
      "Player": "Predrag133",
      "Points": 6,
      "Wins": 0,
      "Losses": 0,
      "Draws": 0,
      "OMWP": 0.4833,
      "GWP": 0.3333,
      "OGWP": 0.47590000000000005
    },
    {
      "Rank": 28,
      "Player": "Dreddybajs",
      "Points": 6,
      "Wins": 0,
      "Losses": 0,
      "Draws": 0,
      "OMWP": 0.5,
      "GWP": 0.4,
      "OGWP": 0.49219999999999997
    },
    {
      "Rank": 27,
      "Player": "fazparte",
      "Points": 6,
      "Wins": 0,
      "Losses": 0,
      "Draws": 0,
      "OMWP": 0.5,
      "GWP": 0.4286,
      "OGWP": 0.4698
    },
    {
      "Rank": 26,
      "Player": "Capipf95",
      "Points": 6,
      "Wins": 0,
      "Losses": 0,
      "Draws": 0,
      "OMWP": 0.5,
      "GWP": 0.4667,
      "OGWP": 0.4843
    },
    {
      "Rank": 25,
      "Player": "leandru",
      "Points": 6,
      "Wins": 0,
      "Losses": 0,
      "Draws": 0,
      "OMWP": 0.5667,
      "GWP": 0.3333,
      "OGWP": 0.5554
    },
    {
      "Rank": 24,
      "Player": "littledarwin",
      "Points": 9,
      "Wins": 0,
      "Losses": 0,
      "Draws": 0,
      "OMWP": 0.44439999999999996,
      "GWP": 0.5333,
      "OGWP": 0.46590000000000004
    },
    {
      "Rank": 23,
      "Player": "_Davimorais",
      "Points": 9,
      "Wins": 0,
      "Losses": 0,
      "Draws": 0,
      "OMWP": 0.44670000000000004,
      "GWP": 0.46149999999999997,
      "OGWP": 0.455
    },
    {
      "Rank": 22,
      "Player": "Strongmind",
      "Points": 9,
      "Wins": 0,
      "Losses": 0,
      "Draws": 0,
      "OMWP": 0.4722,
      "GWP": 0.4286,
      "OGWP": 0.4946
    },
    {
      "Rank": 21,
      "Player": "novaschin22",
      "Points": 9,
      "Wins": 0,
      "Losses": 0,
      "Draws": 0,
      "OMWP": 0.5,
      "GWP": 0.5385,
      "OGWP": 0.4592
    },
    {
      "Rank": 20,
      "Player": "Cachorrowo",
      "Points": 9,
      "Wins": 0,
      "Losses": 0,
      "Draws": 0,
      "OMWP": 0.5111,
      "GWP": 0.5294,
      "OGWP": 0.4617
    },
    {
      "Rank": 19,
      "Player": "ZendicardGames",
      "Points": 9,
      "Wins": 0,
      "Losses": 0,
      "Draws": 0,
      "OMWP": 0.5278,
      "GWP": 0.5,
      "OGWP": 0.49579999999999996
    },
    {
      "Rank": 18,
      "Player": "Xenowan",
      "Points": 9,
      "Wins": 0,
      "Losses": 0,
      "Draws": 0,
      "OMWP": 0.5943999999999999,
      "GWP": 0.5,
      "OGWP": 0.5505
    },
    {
      "Rank": 17,
      "Player": "OafMcNamara",
      "Points": 9,
      "Wins": 0,
      "Losses": 0,
      "Draws": 0,
      "OMWP": 0.5943999999999999,
      "GWP": 0.5625,
      "OGWP": 0.5475
    },
    {
      "Rank": 16,
      "Player": "ShadowTitan1",
      "Points": 9,
      "Wins": 0,
      "Losses": 0,
      "Draws": 0,
      "OMWP": 0.6111,
      "GWP": 0.4286,
      "OGWP": 0.5877
    },
    {
      "Rank": 15,
      "Player": "Capitano_CL",
      "Points": 9,
      "Wins": 0,
      "Losses": 0,
      "Draws": 0,
      "OMWP": 0.6389,
      "GWP": 0.5385,
      "OGWP": 0.5905
    },
    {
      "Rank": 14,
      "Player": "_Falcon_",
      "Points": 9,
      "Wins": 0,
      "Losses": 0,
      "Draws": 0,
      "OMWP": 0.6778,
      "GWP": 0.4375,
      "OGWP": 0.6008
    },
    {
      "Rank": 13,
      "Player": "IronBeagle",
      "Points": 12,
      "Wins": 0,
      "Losses": 0,
      "Draws": 0,
      "OMWP": 0.4556,
      "GWP": 0.6667000000000001,
      "OGWP": 0.4807
    },
    {
      "Rank": 12,
      "Player": "AgrusKos93",
      "Points": 12,
      "Wins": 0,
      "Losses": 0,
      "Draws": 0,
      "OMWP": 0.4833,
      "GWP": 0.625,
      "OGWP": 0.4705
    },
    {
      "Rank": 11,
      "Player": "CutySark",
      "Points": 12,
      "Wins": 0,
      "Losses": 0,
      "Draws": 0,
      "OMWP": 0.5278,
      "GWP": 0.5294,
      "OGWP": 0.534
    },
    {
      "Rank": 10,
      "Player": "EdgarB",
      "Points": 12,
      "Wins": 0,
      "Losses": 0,
      "Draws": 0,
      "OMWP": 0.5556,
      "GWP": 0.5882000000000001,
      "OGWP": 0.5127
    },
    {
      "Rank": 9,
      "Player": "kasa",
      "Points": 12,
      "Wins": 0,
      "Losses": 0,
      "Draws": 0,
      "OMWP": 0.5943999999999999,
      "GWP": 0.5625,
      "OGWP": 0.5446
    },
    {
      "Rank": 8,
      "Player": "xfile",
      "Points": 12,
      "Wins": 0,
      "Losses": 0,
      "Draws": 0,
      "OMWP": 0.6111,
      "GWP": 0.6,
      "OGWP": 0.574
    },
    {
      "Rank": 7,
      "Player": "SoulStrong",
      "Points": 15,
      "Wins": 0,
      "Losses": 0,
      "Draws": 0,
      "OMWP": 0.5,
      "GWP": 0.625,
      "OGWP": 0.5255
    },
    {
      "Rank": 6,
      "Player": "bernardocssa",
      "Points": 15,
      "Wins": 0,
      "Losses": 0,
      "Draws": 0,
      "OMWP": 0.5,
      "GWP": 0.7143,
      "OGWP": 0.485
    },
    {
      "Rank": 5,
      "Player": "John1111",
      "Points": 15,
      "Wins": 0,
      "Losses": 0,
      "Draws": 0,
      "OMWP": 0.5832999999999999,
      "GWP": 0.7692,
      "OGWP": 0.5367999999999999
    },
    {
      "Rank": 4,
      "Player": "fives",
      "Points": 15,
      "Wins": 0,
      "Losses": 0,
      "Draws": 0,
      "OMWP": 0.6111,
      "GWP": 0.6154,
      "OGWP": 0.564
    },
    {
      "Rank": 3,
      "Player": "albertoSD",
      "Points": 15,
      "Wins": 0,
      "Losses": 0,
      "Draws": 0,
      "OMWP": 0.65,
      "GWP": 0.5882000000000001,
      "OGWP": 0.5949
    },
    {
      "Rank": 2,
      "Player": "sokos13",
      "Points": 18,
      "Wins": 0,
      "Losses": 0,
      "Draws": 0,
      "OMWP": 0.6389,
      "GWP": 0.7143,
      "OGWP": 0.5241
    },
    {
      "Rank": 1,
      "Player": "claudioh",
      "Points": 27,
      "Wins": 0,
      "Losses": 0,
      "Draws": 0,
      "OMWP": 0.6111,
      "GWP": 0.8,
      "OGWP": 0.586
    }
  ]
}