{
  "Tournament": {
    "Id": 12802808,
    "Date": "2025-07-12T02:00:00",
    "Name": "Legacy Challenge 32",
    "Uri": null,
    "JsonFile": null,
    "ForceRedownload": false
  },
  "Decks": null,
  "Rounds": [
    {
      "RoundName": "Round 1",
      "Matches": [
        {
          "Player1": "Srogers90",
          "Player2": "La_Ele",
          "Result": "0-2-0"
        },
        {
          "Player1": "Corbott",
          "Player2": "Roodslay",
          "Result": "2-0-0"
        },
        {
          "Player1": "Just_Roll",
          "Player2": "thatmaverickjoe",
          "Result": "0-2-0"
        },
        {
          "Player1": "matttothec",
          "Player2": "fredmcfred",
          "Result": "2-0-0"
        },
        {
          "Player1": "Lord_Beerus",
          "Player2": "Archer365",
          "Result": "0-2-0"
        },
        {
          "Player1": "solace",
          "Player2": "ScreenwriterNY",
          "Result": "2-0-0"
        },
        {
          "Player1": "DarkDepthsAniki",
          "Player2": "MandrillMan",
          "Result": "0-2-0"
        },
        {
          "Player1": "unemployment",
          "Player2": "xfile",
          "Result": "0-2-0"
        },
        {
          "Player1": "Ozymandias17",
          "Player2": "splev",
          "Result": "2-0-0"
        },
        {
          "Player1": "habsburger",
          "Player2": "Eureka22422",
          "Result": "0-2-0"
        },
        {
          "Player1": "Suzukiii",
          "Player2": "Munchlax446",
          "Result": "0-2-0"
        },
        {
          "Player1": "Phellipe",
          "Player2": "Ryuho090",
          "Result": "0-2-0"
        },
        {
          "Player1": "ecobaronen",
          "Player2": "Jealous_Angel",
          "Result": "2-0-0"
        },
        {
          "Player1": "Applepies96",
          "Player2": "TheGrimLavamancer",
          "Result": "0-2-0"
        },
        {
          "Player1": "ziggy_stardust",
          "Player2": "Raydan",
          "Result": "2-0-0"
        },
        {
          "Player1": "Sol-e22558",
          "Player2": "kaikas",
          "Result": "2-0-0"
        },
        {
          "Player1": "fingers1991",
          "Player2": "FynnOfBlood",
          "Result": "2-0-0"
        },
        {
          "Player1": "albertoSD",
          "Player2": "Bezerra_da_Silva",
          "Result": "2-0-0"
        },
        {
          "Player1": "_Batutinha_",
          "Player2": "elpariah",
          "Result": "0-2-0"
        },
        {
          "Player1": "HarryHoudiniMTG",
          "Player2": "morenoHARDCORE",
          "Result": "0-2-0"
        },
        {
          "Player1": "kentaro_hokori",
          "Player2": "PunishingWaterfalls",
          "Result": "0-2-0"
        },
        {
          "Player1": "DLCabelo",
          "Player2": "Selfeisek",
          "Result": "0-2-0"
        },
        {
          "Player1": "wonderPreaux",
          "Player2": "kozz27",
          "Result": "2-0-0"
        }
      ]
    },
    {
      "RoundName": "Round 2",
      "Matches": [
        {
          "Player1": "kentaro_hokori",
          "Player2": "Roodslay",
          "Result": "2-0-0"
        },
        {
          "Player1": "HarryHoudiniMTG",
          "Player2": "FynnOfBlood",
          "Result": "2-0-0"
        },
        {
          "Player1": "albertoSD",
          "Player2": "Corbott",
          "Result": "0-2-0"
        },
        {
          "Player1": "PunishingWaterfalls",
          "Player2": "xfile",
          "Result": "2-0-0"
        },
        {
          "Player1": "Eureka22422",
          "Player2": "Selfeisek",
          "Result": "2-0-0"
        },
        {
          "Player1": "solace",
          "Player2": "ziggy_stardust",
          "Result": "0-2-0"
        },
        {
          "Player1": "_Batutinha_",
          "Player2": "DLCabelo",
          "Result": "2-0-0"
        },
        {
          "Player1": "splev",
          "Player2": "Bezerra_da_Silva",
          "Result": "2-0-0"
        },
        {
          "Player1": "Lord_Beerus",
          "Player2": "unemployment",
          "Result": "2-0-0"
        },
        {
          "Player1": "Suzukiii",
          "Player2": "Jealous_Angel",
          "Result": "0-2-0"
        },
        {
          "Player1": "matttothec",
          "Player2": "Kricha13",
          "Result": "0-2-0"
        },
        {
          "Player1": "TheGrimLavamancer",
          "Player2": "morenoHARDCORE",
          "Result": "0-2-0"
        },
        {
          "Player1": "Applepies96",
          "Player2": "kaikas",
          "Result": "2-0-0"
        },
        {
          "Player1": "fredmcfred",
          "Player2": "habsburger",
          "Result": "0-2-0"
        },
        {
          "Player1": "MandrillMan",
          "Player2": "Ryuho090",
          "Result": "2-0-0"
        },
        {
          "Player1": "Ozymandias17",
          "Player2": "La_Ele",
          "Result": "2-0-0"
        },
        {
          "Player1": "fingers1991",
          "Player2": "Sol-e22558",
          "Result": "0-2-0"
        },
        {
          "Player1": "wonderPreaux",
          "Player2": "Archer365",
          "Result": "0-2-0"
        },
        {
          "Player1": "ScreenwriterNY",
          "Player2": "Phellipe",
          "Result": "0-2-0"
        },
        {
          "Player1": "DarkDepthsAniki",
          "Player2": "kozz27",
          "Result": "0-2-0"
        },
        {
          "Player1": "ecobaronen",
          "Player2": "Munchlax446",
          "Result": "2-0-0"
        },
        {
          "Player1": "elpariah",
          "Player2": "thatmaverickjoe",
          "Result": "0-2-0"
        }
      ]
    },
    {
      "RoundName": "Round 3",
      "Matches": [
        {
          "Player1": "thatmaverickjoe",
          "Player2": "morenoHARDCORE",
          "Result": "0-2-0"
        },
        {
          "Player1": "ecobaronen",
          "Player2": "Archer365",
          "Result": "2-0-0"
        },
        {
          "Player1": "DarkDepthsAniki",
          "Player2": "FynnOfBlood",
          "Result": "0-2-0"
        },
        {
          "Player1": "PunishingWaterfalls",
          "Player2": "Sol-e22558",
          "Result": "0-2-0"
        },
        {
          "Player1": "TheGrimLavamancer",
          "Player2": "La_Ele",
          "Result": "2-0-0"
        },
        {
          "Player1": "fingers1991",
          "Player2": "kentaro_hokori",
          "Result": "0-2-0"
        },
        {
          "Player1": "Eureka22422",
          "Player2": "MandrillMan",
          "Result": "0-2-0"
        },
        {
          "Player1": "matttothec",
          "Player2": "habsburger",
          "Result": "0-2-0"
        },
        {
          "Player1": "wonderPreaux",
          "Player2": "Ryuho090",
          "Result": "0-0-0"
        },
        {
          "Player1": "_Batutinha_",
          "Player2": "xfile",
          "Result": "0-2-0"
        },
        {
          "Player1": "Applepies96",
          "Player2": "splev",
          "Result": "0-2-0"
        },
        {
          "Player1": "ziggy_stardust",
          "Player2": "Kricha13",
          "Result": "2-0-0"
        },
        {
          "Player1": "kozz27",
          "Player2": "Phellipe",
          "Result": "2-0-0"
        },
        {
          "Player1": "elpariah",
          "Player2": "Selfeisek",
          "Result": "0-2-0"
        },
        {
          "Player1": "Ozymandias17",
          "Player2": "Corbott",
          "Result": "2-0-0"
        },
        {
          "Player1": "HarryHoudiniMTG",
          "Player2": "Jealous_Angel",
          "Result": "0-2-0"
        },
        {
          "Player1": "DLCabelo",
          "Player2": "fredmcfred",
          "Result": "0-2-0"
        },
        {
          "Player1": "Suzukiii",
          "Player2": "unemployment",
          "Result": "0-2-0"
        },
        {
          "Player1": "Lord_Beerus",
          "Player2": "Munchlax446",
          "Result": "0-2-0"
        },
        {
          "Player1": "solace",
          "Player2": "albertoSD",
          "Result": "0-2-0"
        }
      ]
    },
    {
      "RoundName": "Round 4",
      "Matches": [
        {
          "Player1": "Selfeisek",
          "Player2": "habsburger",
          "Result": "0-2-0"
        },
        {
          "Player1": "Sol-e22558",
          "Player2": "MandrillMan",
          "Result": "0-2-0"
        },
        {
          "Player1": "Kricha13",
          "Player2": "splev",
          "Result": "0-2-0"
        },
        {
          "Player1": "kozz27",
          "Player2": "xfile",
          "Result": "0-2-0"
        },
        {
          "Player1": "Applepies96",
          "Player2": "Lord_Beerus",
          "Result": "2-0-0"
        },
        {
          "Player1": "kentaro_hokori",
          "Player2": "unemployment",
          "Result": "2-0-0"
        },
        {
          "Player1": "_Batutinha_",
          "Player2": "La_Ele",
          "Result": "0-2-0"
        },
        {
          "Player1": "ziggy_stardust",
          "Player2": "morenoHARDCORE",
          "Result": "0-2-0"
        },
        {
          "Player1": "Corbott",
          "Player2": "Munchlax446",
          "Result": "0-2-0"
        },
        {
          "Player1": "wonderPreaux",
          "Player2": "thatmaverickjoe",
          "Result": "0-2-0"
        },
        {
          "Player1": "PunishingWaterfalls",
          "Player2": "Archer365",
          "Result": "2-0-0"
        },
        {
          "Player1": "albertoSD",
          "Player2": "Jealous_Angel",
          "Result": "0-0-0"
        },
        {
          "Player1": "Phellipe",
          "Player2": "FynnOfBlood",
          "Result": "2-0-0"
        },
        {
          "Player1": "ecobaronen",
          "Player2": "Ozymandias17",
          "Result": "0-2-0"
        },
        {
          "Player1": "fingers1991",
          "Player2": "fredmcfred",
          "Result": "2-0-0"
        },
        {
          "Player1": "elpariah",
          "Player2": "HarryHoudiniMTG",
          "Result": "0-2-0"
        },
        {
          "Player1": "kaikas",
          "Player2": "Ryuho090",
          "Result": "2-0-0"
        },
        {
          "Player1": "Eureka22422",
          "Player2": "TheGrimLavamancer",
          "Result": "2-0-0"
        }
      ]
    },
    {
      "RoundName": "Round 5",
      "Matches": [
        {
          "Player1": "Phellipe",
          "Player2": "kaikas",
          "Result": "2-0-0"
        },
        {
          "Player1": "wonderPreaux",
          "Player2": "Selfeisek",
          "Result": "2-0-0"
        },
        {
          "Player1": "TheGrimLavamancer",
          "Player2": "Archer365",
          "Result": "0-2-0"
        },
        {
          "Player1": "matttothec",
          "Player2": "Munchlax446",
          "Result": "2-0-0"
        },
        {
          "Player1": "fingers1991",
          "Player2": "Corbott",
          "Result": "2-0-0"
        },
        {
          "Player1": "ziggy_stardust",
          "Player2": "MandrillMan",
          "Result": "2-0-0"
        },
        {
          "Player1": "fredmcfred",
          "Player2": "Lord_Beerus",
          "Result": "0-2-0"
        },
        {
          "Player1": "HarryHoudiniMTG",
          "Player2": "La_Ele",
          "Result": "0-2-0"
        },
        {
          "Player1": "Applepies96",
          "Player2": "kozz27",
          "Result": "0-2-0"
        },
        {
          "Player1": "_Batutinha_",
          "Player2": "FynnOfBlood",
          "Result": "2-0-0"
        },
        {
          "Player1": "ecobaronen",
          "Player2": "thatmaverickjoe",
          "Result": "2-0-0"
        },
        {
          "Player1": "habsburger",
          "Player2": "splev",
          "Result": "2-0-0"
        },
        {
          "Player1": "PunishingWaterfalls",
          "Player2": "Eureka22422",
          "Result": "2-0-0"
        },
        {
          "Player1": "Kricha13",
          "Player2": "Jealous_Angel",
          "Result": "2-0-0"
        },
        {
          "Player1": "albertoSD",
          "Player2": "Sol-e22558",
          "Result": "0-2-0"
        },
        {
          "Player1": "Ozymandias17",
          "Player2": "morenoHARDCORE",
          "Result": "0-2-0"
        },
        {
          "Player1": "kentaro_hokori",
          "Player2": "xfile",
          "Result": "0-2-0"
        }
      ]
    },
    {
      "RoundName": "Round 6",
      "Matches": [
        {
          "Player1": "Ozymandias17",
          "Player2": "Sol-e22558",
          "Result": "0-2-0"
        },
        {
          "Player1": "_Batutinha_",
          "Player2": "Lord_Beerus",
          "Result": "0-2-0"
        },
        {
          "Player1": "FynnOfBlood",
          "Player2": "unemployment",
          "Result": "2-0-0"
        },
        {
          "Player1": "Jealous_Angel",
          "Player2": "TheGrimLavamancer",
          "Result": "0-2-0"
        },
        {
          "Player1": "fingers1991",
          "Player2": "La_Ele",
          "Result": "0-2-0"
        },
        {
          "Player1": "habsburger",
          "Player2": "thatmaverickjoe",
          "Result": "2-0-0"
        },
        {
          "Player1": "HarryHoudiniMTG",
          "Player2": "Applepies96",
          "Result": "2-0-0"
        },
        {
          "Player1": "Eureka22422",
          "Player2": "kozz27",
          "Result": "2-0-0"
        },
        {
          "Player1": "kentaro_hokori",
          "Player2": "Kricha13",
          "Result": "2-0-0"
        },
        {
          "Player1": "ziggy_stardust",
          "Player2": "ecobaronen",
          "Result": "0-2-0"
        },
        {
          "Player1": "Archer365",
          "Player2": "Munchlax446",
          "Result": "0-2-0"
        },
        {
          "Player1": "PunishingWaterfalls",
          "Player2": "morenoHARDCORE",
          "Result": "2-0-0"
        },
        {
          "Player1": "albertoSD",
          "Player2": "wonderPreaux",
          "Result": "0-2-0"
        },
        {
          "Player1": "xfile",
          "Player2": "MandrillMan",
          "Result": "0-2-0"
        },
        {
          "Player1": "matttothec",
          "Player2": "Selfeisek",
          "Result": "0-2-0"
        },
        {
          "Player1": "Phellipe",
          "Player2": "splev",
          "Result": "0-2-0"
        }
      ]
    },
    {
      "RoundName": "Round 7",
      "Matches": [
        {
          "Player1": "Ozymandias17",
          "Player2": "Sol-e22558",
          "Result": "2-0-0"
        },
        {
          "Player1": "ecobaronen",
          "Player2": "MandrillMan",
          "Result": "0-0-0"
        },
        {
          "Player1": "habsburger",
          "Player2": "morenoHARDCORE",
          "Result": "0-2-0"
        },
        {
          "Player1": "PunishingWaterfalls",
          "Player2": "Eureka22422",
          "Result": "0-0-0"
        }
      ]
    },
    {
      "RoundName": "Round 8",
      "Matches": [
        {
          "Player1": "ecobaronen",
          "Player2": "PunishingWaterfalls",
          "Result": "2-0-0"
        },
        {
          "Player1": "Ozymandias17",
          "Player2": "morenoHARDCORE",
          "Result": "2-0-0"
        }
      ]
    },
    {
      "RoundName": "Round 9",
      "Matches": [
        {
          "Player1": "ecobaronen",
          "Player2": "Ozymandias17",
          "Result": "0-2-0"
        }
      ]
    }
  ],
  "Standings": [
    {
      "Rank": 47,
      "Player": "DLCabelo",
      "Points": 0,
      "Wins": 0,
      "Losses": 0,
      "Draws": 0,
      "OMWP": 0.3889,
      "GWP": 0,
      "OGWP": 0.4542
    },
    {
      "Rank": 46,
      "Player": "ScreenwriterNY",
      "Points": 0,
      "Wins": 0,
      "Losses": 0,
      "Draws": 0,
      "OMWP": 0.4167,
      "GWP": 0.2,
      "OGWP": 0.4542
    },
    {
      "Rank": 45,
      "Player": "Suzukiii",
      "Points": 0,
      "Wins": 0,
      "Losses": 0,
      "Draws": 0,
      "OMWP": 0.44439999999999996,
      "GWP": 0.25,
      "OGWP": 0.4583
    },
    {
      "Rank": 44,
      "Player": "Just_Roll",
      "Points": 0,
      "Wins": 0,
      "Losses": 0,
      "Draws": 0,
      "OMWP": 0.5,
      "GWP": 0,
      "OGWP": 0.46149999999999997
    },
    {
      "Rank": 43,
      "Player": "Roodslay",
      "Points": 0,
      "Wins": 0,
      "Losses": 0,
      "Draws": 0,
      "OMWP": 0.5333,
      "GWP": 0.3333,
      "OGWP": 0.5165
    },
    {
      "Rank": 42,
      "Player": "DarkDepthsAniki",
      "Points": 0,
      "Wins": 0,
      "Losses": 0,
      "Draws": 0,
      "OMWP": 0.5556,
      "GWP": 0.1429,
      "OGWP": 0.5188
    },
    {
      "Rank": 41,
      "Player": "Bezerra_da_Silva",
      "Points": 0,
      "Wins": 0,
      "Losses": 0,
      "Draws": 0,
      "OMWP": 0.5832999999999999,
      "GWP": 0.2,
      "OGWP": 0.5
    },
    {
      "Rank": 40,
      "Player": "Srogers90",
      "Points": 0,
      "Wins": 0,
      "Losses": 0,
      "Draws": 0,
      "OMWP": 0.6667000000000001,
      "GWP": 0,
      "OGWP": 0.5625
    },
    {
      "Rank": 39,
      "Player": "Raydan",
      "Points": 0,
      "Wins": 0,
      "Losses": 0,
      "Draws": 0,
      "OMWP": 0.6667000000000001,
      "GWP": 0.3333,
      "OGWP": 0.625
    },
    {
      "Rank": 38,
      "Player": "elpariah",
      "Points": 3,
      "Wins": 0,
      "Losses": 0,
      "Draws": 0,
      "OMWP": 0.4583,
      "GWP": 0.3636,
      "OGWP": 0.506
    },
    {
      "Rank": 37,
      "Player": "solace",
      "Points": 3,
      "Wins": 0,
      "Losses": 0,
      "Draws": 0,
      "OMWP": 0.5,
      "GWP": 0.375,
      "OGWP": 0.45280000000000004
    },
    {
      "Rank": 36,
      "Player": "fredmcfred",
      "Points": 3,
      "Wins": 0,
      "Losses": 0,
      "Draws": 0,
      "OMWP": 0.5333,
      "GWP": 0.3333,
      "OGWP": 0.5059
    },
    {
      "Rank": 35,
      "Player": "Ryuho090",
      "Points": 3,
      "Wins": 0,
      "Losses": 0,
      "Draws": 0,
      "OMWP": 0.6,
      "GWP": 0.3636,
      "OGWP": 0.5946
    },
    {
      "Rank": 34,
      "Player": "FynnOfBlood",
      "Points": 6,
      "Wins": 0,
      "Losses": 0,
      "Draws": 0,
      "OMWP": 0.4167,
      "GWP": 0.3077,
      "OGWP": 0.4611
    },
    {
      "Rank": 33,
      "Player": "_Batutinha_",
      "Points": 6,
      "Wins": 0,
      "Losses": 0,
      "Draws": 0,
      "OMWP": 0.4722,
      "GWP": 0.4667,
      "OGWP": 0.45630000000000004
    },
    {
      "Rank": 32,
      "Player": "unemployment",
      "Points": 6,
      "Wins": 0,
      "Losses": 0,
      "Draws": 0,
      "OMWP": 0.5,
      "GWP": 0.4,
      "OGWP": 0.47659999999999997
    },
    {
      "Rank": 31,
      "Player": "kaikas",
      "Points": 6,
      "Wins": 0,
      "Losses": 0,
      "Draws": 0,
      "OMWP": 0.5,
      "GWP": 0.4167,
      "OGWP": 0.4966
    },
    {
      "Rank": 30,
      "Player": "Applepies96",
      "Points": 6,
      "Wins": 0,
      "Losses": 0,
      "Draws": 0,
      "OMWP": 0.5111,
      "GWP": 0.375,
      "OGWP": 0.49729999999999996
    },
    {
      "Rank": 29,
      "Player": "Jealous_Angel",
      "Points": 6,
      "Wins": 0,
      "Losses": 0,
      "Draws": 0,
      "OMWP": 0.5278,
      "GWP": 0.375,
      "OGWP": 0.4932
    },
    {
      "Rank": 28,
      "Player": "Corbott",
      "Points": 6,
      "Wins": 0,
      "Losses": 0,
      "Draws": 0,
      "OMWP": 0.5333,
      "GWP": 0.46149999999999997,
      "OGWP": 0.4867
    },
    {
      "Rank": 27,
      "Player": "Lord_Beerus",
      "Points": 9,
      "Wins": 0,
      "Losses": 0,
      "Draws": 0,
      "OMWP": 0.4167,
      "GWP": 0.5294,
      "OGWP": 0.4403
    },
    {
      "Rank": 26,
      "Player": "Phellipe",
      "Points": 9,
      "Wins": 0,
      "Losses": 0,
      "Draws": 0,
      "OMWP": 0.4278,
      "GWP": 0.5333,
      "OGWP": 0.41409999999999997
    },
    {
      "Rank": 25,
      "Player": "HarryHoudiniMTG",
      "Points": 9,
      "Wins": 0,
      "Losses": 0,
      "Draws": 0,
      "OMWP": 0.4722,
      "GWP": 0.5333,
      "OGWP": 0.45399999999999996
    },
    {
      "Rank": 24,
      "Player": "albertoSD",
      "Points": 9,
      "Wins": 0,
      "Losses": 0,
      "Draws": 0,
      "OMWP": 0.4833,
      "GWP": 0.4,
      "OGWP": 0.48369999999999996
    },
    {
      "Rank": 23,
      "Player": "kozz27",
      "Points": 9,
      "Wins": 0,
      "Losses": 0,
      "Draws": 0,
      "OMWP": 0.5278,
      "GWP": 0.4375,
      "OGWP": 0.5167
    },
    {
      "Rank": 22,
      "Player": "fingers1991",
      "Points": 9,
      "Wins": 0,
      "Losses": 0,
      "Draws": 0,
      "OMWP": 0.5389,
      "GWP": 0.5,
      "OGWP": 0.4961
    },
    {
      "Rank": 21,
      "Player": "TheGrimLavamancer",
      "Points": 9,
      "Wins": 0,
      "Losses": 0,
      "Draws": 0,
      "OMWP": 0.5556,
      "GWP": 0.4667,
      "OGWP": 0.5156000000000001
    },
    {
      "Rank": 20,
      "Player": "Selfeisek",
      "Points": 9,
      "Wins": 0,
      "Losses": 0,
      "Draws": 0,
      "OMWP": 0.5556,
      "GWP": 0.5625,
      "OGWP": 0.5177
    },
    {
      "Rank": 19,
      "Player": "matttothec",
      "Points": 9,
      "Wins": 0,
      "Losses": 0,
      "Draws": 0,
      "OMWP": 0.5667,
      "GWP": 0.5,
      "OGWP": 0.5402
    },
    {
      "Rank": 18,
      "Player": "Kricha13",
      "Points": 9,
      "Wins": 0,
      "Losses": 0,
      "Draws": 0,
      "OMWP": 0.5667,
      "GWP": 0.5385,
      "OGWP": 0.5343
    },
    {
      "Rank": 17,
      "Player": "thatmaverickjoe",
      "Points": 9,
      "Wins": 0,
      "Losses": 0,
      "Draws": 0,
      "OMWP": 0.6389,
      "GWP": 0.46149999999999997,
      "OGWP": 0.568
    },
    {
      "Rank": 16,
      "Player": "Archer365",
      "Points": 9,
      "Wins": 0,
      "Losses": 0,
      "Draws": 0,
      "OMWP": 0.6667000000000001,
      "GWP": 0.4667,
      "OGWP": 0.6187
    },
    {
      "Rank": 15,
      "Player": "La_Ele",
      "Points": 12,
      "Wins": 0,
      "Losses": 0,
      "Draws": 0,
      "OMWP": 0.4722,
      "GWP": 0.5625,
      "OGWP": 0.4833
    },
    {
      "Rank": 14,
      "Player": "wonderPreaux",
      "Points": 12,
      "Wins": 0,
      "Losses": 0,
      "Draws": 0,
      "OMWP": 0.4722,
      "GWP": 0.6429,
      "OGWP": 0.4486
    },
    {
      "Rank": 13,
      "Player": "Munchlax446",
      "Points": 12,
      "Wins": 0,
      "Losses": 0,
      "Draws": 0,
      "OMWP": 0.5111,
      "GWP": 0.6,
      "OGWP": 0.4964
    },
    {
      "Rank": 12,
      "Player": "kentaro_hokori",
      "Points": 12,
      "Wins": 0,
      "Losses": 0,
      "Draws": 0,
      "OMWP": 0.5278,
      "GWP": 0.5714,
      "OGWP": 0.5288
    },
    {
      "Rank": 11,
      "Player": "splev",
      "Points": 12,
      "Wins": 0,
      "Losses": 0,
      "Draws": 0,
      "OMWP": 0.5278,
      "GWP": 0.6,
      "OGWP": 0.5078
    },
    {
      "Rank": 10,
      "Player": "xfile",
      "Points": 12,
      "Wins": 0,
      "Losses": 0,
      "Draws": 0,
      "OMWP": 0.5832999999999999,
      "GWP": 0.6154,
      "OGWP": 0.5745
    },
    {
      "Rank": 9,
      "Player": "ziggy_stardust",
      "Points": 12,
      "Wins": 0,
      "Losses": 0,
      "Draws": 0,
      "OMWP": 0.6111,
      "GWP": 0.625,
      "OGWP": 0.5724
    },
    {
      "Rank": 8,
      "Player": "Eureka22422",
      "Points": 12,
      "Wins": 0,
      "Losses": 0,
      "Draws": 0,
      "OMWP": 0.6667000000000001,
      "GWP": 0.6,
      "OGWP": 0.6175
    },
    {
      "Rank": 7,
      "Player": "habsburger",
      "Points": 15,
      "Wins": 0,
      "Losses": 0,
      "Draws": 0,
      "OMWP": 0.5278,
      "GWP": 0.6667000000000001,
      "OGWP": 0.5096
    },
    {
      "Rank": 6,
      "Player": "MandrillMan",
      "Points": 15,
      "Wins": 0,
      "Losses": 0,
      "Draws": 0,
      "OMWP": 0.5832999999999999,
      "GWP": 0.7857,
      "OGWP": 0.5418999999999999
    },
    {
      "Rank": 5,
      "Player": "Sol-e22558",
      "Points": 15,
      "Wins": 0,
      "Losses": 0,
      "Draws": 0,
      "OMWP": 0.6222,
      "GWP": 0.7143,
      "OGWP": 0.5813
    },
    {
      "Rank": 4,
      "Player": "morenoHARDCORE",
      "Points": 18,
      "Wins": 0,
      "Losses": 0,
      "Draws": 0,
      "OMWP": 0.6111,
      "GWP": 0.7143,
      "OGWP": 0.5787
    },
    {
      "Rank": 3,
      "Player": "PunishingWaterfalls",
      "Points": 18,
      "Wins": 0,
      "Losses": 0,
      "Draws": 0,
      "OMWP": 0.6944,
      "GWP": 0.7857,
      "OGWP": 0.6137
    },
    {
      "Rank": 2,
      "Player": "ecobaronen",
      "Points": 21,
      "Wins": 0,
      "Losses": 0,
      "Draws": 0,
      "OMWP": 0.5556,
      "GWP": 0.6875,
      "OGWP": 0.5214
    },
    {
      "Rank": 1,
      "Player": "Ozymandias17",
      "Points": 21,
      "Wins": 0,
      "Losses": 0,
      "Draws": 0,
      "OMWP": 0.7056,
      "GWP": 0.6,
      "OGWP": 0.6234000000000001
    }
  ]
}