{
  "Tournament": {
    "Id": 12802822,
    "Date": "2025-07-12T21:00:00",
    "Name": "Limited Challenge 32",
    "Uri": null,
    "JsonFile": null,
    "ForceRedownload": false
  },
  "Decks": null,
  "Rounds": [
    {
      "RoundName": "Round 1",
      "Matches": [
        {
          "Player1": "edward40hands",
          "Player2": "Ramunap",
          "Result": "0-2-0"
        },
        {
          "Player1": "Boydjw2",
          "Player2": "manalacaio",
          "Result": "0-2-0"
        },
        {
          "Player1": "MJ_23",
          "Player2": "Beekeeper",
          "Result": "0-2-0"
        },
        {
          "Player1": "solace",
          "Player2": "Kvothe_De_Arrascaeta",
          "Result": "0-2-0"
        },
        {
          "Player1": "coolman2347",
          "Player2": "_Bound_",
          "Result": "2-0-0"
        },
        {
          "Player1": "Manuel85",
          "Player2": "Terminus0",
          "Result": "0-2-0"
        },
        {
          "Player1": "SaradinDR",
          "Player2": "SuuN",
          "Result": "0-0-0"
        },
        {
          "Player1": "ghost_dog",
          "Player2": "ElPacoLoco",
          "Result": "2-0-0"
        },
        {
          "Player1": "Cabalasp",
          "Player2": "Lennny",
          "Result": "0-2-0"
        },
        {
          "Player1": "Paanika",
          "Player2": "Raydan",
          "Result": "2-0-0"
        },
        {
          "Player1": "coluche",
          "Player2": "DraigsCZoo7",
          "Result": "0-2-0"
        },
        {
          "Player1": "happypster",
          "Player2": "Fatter_CHOCOBO",
          "Result": "0-2-0"
        },
        {
          "Player1": "Shaereth",
          "Player2": "Samlsd",
          "Result": "2-0-0"
        },
        {
          "Player1": "ROTATED",
          "Player2": "rockywrench",
          "Result": "0-2-0"
        },
        {
          "Player1": "FireServant98",
          "Player2": "Tropius",
          "Result": "2-0-0"
        },
        {
          "Player1": "Sarlanga",
          "Player2": "Varo",
          "Result": "0-2-0"
        }
      ]
    },
    {
      "RoundName": "Round 2",
      "Matches": [
        {
          "Player1": "coolman2347",
          "Player2": "Kvothe_De_Arrascaeta",
          "Result": "0-2-0"
        },
        {
          "Player1": "coluche",
          "Player2": "Samlsd",
          "Result": "2-0-0"
        },
        {
          "Player1": "Boydjw2",
          "Player2": "_Bound_",
          "Result": "2-0-0"
        },
        {
          "Player1": "Shaereth",
          "Player2": "Beekeeper",
          "Result": "2-1-0"
        },
        {
          "Player1": "ghost_dog",
          "Player2": "Varo",
          "Result": "2-0-0"
        },
        {
          "Player1": "edward40hands",
          "Player2": "happypster",
          "Result": "2-0-0"
        },
        {
          "Player1": "Paanika",
          "Player2": "Fatter_CHOCOBO",
          "Result": "0-2-0"
        },
        {
          "Player1": "Lennny",
          "Player2": "Manuel85",
          "Result": "2-0-0"
        },
        {
          "Player1": "SaradinDR",
          "Player2": "Ramunap",
          "Result": "2-0-0"
        },
        {
          "Player1": "DraigsCZoo7",
          "Player2": "FireServant98",
          "Result": "2-0-0"
        },
        {
          "Player1": "ElPacoLoco",
          "Player2": "Tropius",
          "Result": "0-0-0"
        },
        {
          "Player1": "Cabalasp",
          "Player2": "Raydan",
          "Result": "1-2-0"
        },
        {
          "Player1": "ROTATED",
          "Player2": "Sarlanga",
          "Result": "2-0-0"
        },
        {
          "Player1": "manalacaio",
          "Player2": "rockywrench",
          "Result": "0-2-0"
        }
      ]
    },
    {
      "RoundName": "Round 3",
      "Matches": [
        {
          "Player1": "Paanika",
          "Player2": "Ramunap",
          "Result": "0-2-0"
        },
        {
          "Player1": "Lennny",
          "Player2": "rockywrench",
          "Result": "2-0-0"
        },
        {
          "Player1": "Kvothe_De_Arrascaeta",
          "Player2": "Fatter_CHOCOBO",
          "Result": "2-0-0"
        },
        {
          "Player1": "Shaereth",
          "Player2": "DraigsCZoo7",
          "Result": "2-0-0"
        },
        {
          "Player1": "Sarlanga",
          "Player2": "Samlsd",
          "Result": "2-0-0"
        },
        {
          "Player1": "Boydjw2",
          "Player2": "Varo",
          "Result": "0-2-0"
        },
        {
          "Player1": "ElPacoLoco",
          "Player2": "Raydan",
          "Result": "0-2-0"
        },
        {
          "Player1": "SaradinDR",
          "Player2": "ghost_dog",
          "Result": "2-0-0"
        },
        {
          "Player1": "coluche",
          "Player2": "Manuel85",
          "Result": "2-0-0"
        },
        {
          "Player1": "coolman2347",
          "Player2": "FireServant98",
          "Result": "0-2-0"
        },
        {
          "Player1": "ROTATED",
          "Player2": "edward40hands",
          "Result": "0-2-0"
        },
        {
          "Player1": "Beekeeper",
          "Player2": "manalacaio",
          "Result": "2-0-0"
        }
      ]
    },
    {
      "RoundName": "Round 4",
      "Matches": [
        {
          "Player1": "Sarlanga",
          "Player2": "manalacaio",
          "Result": "0-2-0"
        },
        {
          "Player1": "Ramunap",
          "Player2": "rockywrench",
          "Result": "2-0-0"
        },
        {
          "Player1": "Cabalasp",
          "Player2": "coolman2347",
          "Result": "0-2-0"
        },
        {
          "Player1": "Boydjw2",
          "Player2": "Samlsd",
          "Result": "2-0-0"
        },
        {
          "Player1": "edward40hands",
          "Player2": "Fatter_CHOCOBO",
          "Result": "2-0-0"
        },
        {
          "Player1": "SaradinDR",
          "Player2": "Lennny",
          "Result": "0-2-0"
        },
        {
          "Player1": "Shaereth",
          "Player2": "Kvothe_De_Arrascaeta",
          "Result": "0-2-0"
        },
        {
          "Player1": "Paanika",
          "Player2": "ElPacoLoco",
          "Result": "2-0-0"
        },
        {
          "Player1": "coluche",
          "Player2": "Raydan",
          "Result": "0-2-0"
        },
        {
          "Player1": "ROTATED",
          "Player2": "Beekeeper",
          "Result": "0-2-0"
        },
        {
          "Player1": "ghost_dog",
          "Player2": "DraigsCZoo7",
          "Result": "0-0-0"
        },
        {
          "Player1": "Varo",
          "Player2": "FireServant98",
          "Result": "0-2-0"
        }
      ]
    },
    {
      "RoundName": "Round 5",
      "Matches": [
        {
          "Player1": "DraigsCZoo7",
          "Player2": "rockywrench",
          "Result": "2-0-0"
        },
        {
          "Player1": "coolman2347",
          "Player2": "Fatter_CHOCOBO",
          "Result": "0-2-0"
        },
        {
          "Player1": "Sarlanga",
          "Player2": "Boydjw2",
          "Result": "0-0-0"
        },
        {
          "Player1": "coluche",
          "Player2": "Varo",
          "Result": "0-2-0"
        },
        {
          "Player1": "Lennny",
          "Player2": "Kvothe_De_Arrascaeta",
          "Result": "2-0-0"
        },
        {
          "Player1": "ghost_dog",
          "Player2": "FireServant98",
          "Result": "0-2-0"
        },
        {
          "Player1": "ROTATED",
          "Player2": "Cabalasp",
          "Result": "0-2-0"
        },
        {
          "Player1": "Beekeeper",
          "Player2": "Ramunap",
          "Result": "0-2-0"
        },
        {
          "Player1": "edward40hands",
          "Player2": "Raydan",
          "Result": "0-0-0"
        },
        {
          "Player1": "Paanika",
          "Player2": "manalacaio",
          "Result": "2-0-0"
        },
        {
          "Player1": "SaradinDR",
          "Player2": "Shaereth",
          "Result": "2-0-0"
        }
      ]
    },
    {
      "RoundName": "Round 6",
      "Matches": [
        {
          "Player1": "Paanika",
          "Player2": "rockywrench",
          "Result": "2-0-0"
        },
        {
          "Player1": "coolman2347",
          "Player2": "manalacaio",
          "Result": "0-2-0"
        },
        {
          "Player1": "Ramunap",
          "Player2": "Kvothe_De_Arrascaeta",
          "Result": "0-2-0"
        },
        {
          "Player1": "Varo",
          "Player2": "Beekeeper",
          "Result": "2-0-0"
        },
        {
          "Player1": "coluche",
          "Player2": "Cabalasp",
          "Result": "0-2-0"
        },
        {
          "Player1": "Shaereth",
          "Player2": "edward40hands",
          "Result": "2-0-0"
        },
        {
          "Player1": "DraigsCZoo7",
          "Player2": "Fatter_CHOCOBO",
          "Result": "2-0-0"
        },
        {
          "Player1": "ghost_dog",
          "Player2": "Boydjw2",
          "Result": "2-0-0"
        },
        {
          "Player1": "Lennny",
          "Player2": "Raydan",
          "Result": "2-0-0"
        },
        {
          "Player1": "SaradinDR",
          "Player2": "FireServant98",
          "Result": "0-2-0"
        }
      ]
    }
  ],
  "Standings": [
    {
      "Rank": 32,
      "Player": "_Bound_",
      "Points": 0,
      "Wins": 0,
      "Losses": 0,
      "Draws": 0,
      "OMWP": 0.4167,
      "GWP": 0.2,
      "OGWP": 0.4667
    },
    {
      "Rank": 31,
      "Player": "Samlsd",
      "Points": 0,
      "Wins": 0,
      "Losses": 0,
      "Draws": 0,
      "OMWP": 0.4583,
      "GWP": 0.2727,
      "OGWP": 0.47600000000000003
    },
    {
      "Rank": 30,
      "Player": "happypster",
      "Points": 0,
      "Wins": 0,
      "Losses": 0,
      "Draws": 0,
      "OMWP": 0.5,
      "GWP": 0.2,
      "OGWP": 0.45
    },
    {
      "Rank": 29,
      "Player": "MJ_23",
      "Points": 0,
      "Wins": 0,
      "Losses": 0,
      "Draws": 0,
      "OMWP": 0.5,
      "GWP": 0.3333,
      "OGWP": 0.5625
    },
    {
      "Rank": 28,
      "Player": "Tropius",
      "Points": 0,
      "Wins": 0,
      "Losses": 0,
      "Draws": 0,
      "OMWP": 0.5832999999999999,
      "GWP": 0.2,
      "OGWP": 0.5417000000000001
    },
    {
      "Rank": 27,
      "Player": "SuuN",
      "Points": 0,
      "Wins": 0,
      "Losses": 0,
      "Draws": 0,
      "OMWP": 0.6667000000000001,
      "GWP": 0,
      "OGWP": 0.6667000000000001
    },
    {
      "Rank": 26,
      "Player": "Manuel85",
      "Points": 0,
      "Wins": 0,
      "Losses": 0,
      "Draws": 0,
      "OMWP": 0.7778,
      "GWP": 0.25,
      "OGWP": 0.6389
    },
    {
      "Rank": 25,
      "Player": "solace",
      "Points": 0,
      "Wins": 0,
      "Losses": 0,
      "Draws": 0,
      "OMWP": 0.8332999999999999,
      "GWP": 0,
      "OGWP": 0.7692
    },
    {
      "Rank": 24,
      "Player": "Terminus0",
      "Points": 3,
      "Wins": 0,
      "Losses": 0,
      "Draws": 0,
      "OMWP": 0.3333,
      "GWP": 0.6667000000000001,
      "OGWP": 0.3333
    },
    {
      "Rank": 23,
      "Player": "ROTATED",
      "Points": 3,
      "Wins": 0,
      "Losses": 0,
      "Draws": 0,
      "OMWP": 0.43329999999999996,
      "GWP": 0.3333,
      "OGWP": 0.4449
    },
    {
      "Rank": 22,
      "Player": "Sarlanga",
      "Points": 3,
      "Wins": 0,
      "Losses": 0,
      "Draws": 0,
      "OMWP": 0.4667,
      "GWP": 0.3,
      "OGWP": 0.4474
    },
    {
      "Rank": 21,
      "Player": "ElPacoLoco",
      "Points": 3,
      "Wins": 0,
      "Losses": 0,
      "Draws": 0,
      "OMWP": 0.5832999999999999,
      "GWP": 0.3333,
      "OGWP": 0.5174
    },
    {
      "Rank": 20,
      "Player": "coluche",
      "Points": 6,
      "Wins": 0,
      "Losses": 0,
      "Draws": 0,
      "OMWP": 0.5333,
      "GWP": 0.4,
      "OGWP": 0.4886
    },
    {
      "Rank": 19,
      "Player": "coolman2347",
      "Points": 6,
      "Wins": 0,
      "Losses": 0,
      "Draws": 0,
      "OMWP": 0.5867,
      "GWP": 0.4,
      "OGWP": 0.5219
    },
    {
      "Rank": 18,
      "Player": "rockywrench",
      "Points": 6,
      "Wins": 0,
      "Losses": 0,
      "Draws": 0,
      "OMWP": 0.6389,
      "GWP": 0.4,
      "OGWP": 0.5725
    },
    {
      "Rank": 17,
      "Player": "manalacaio",
      "Points": 9,
      "Wins": 0,
      "Losses": 0,
      "Draws": 0,
      "OMWP": 0.44439999999999996,
      "GWP": 0.4667,
      "OGWP": 0.4715
    },
    {
      "Rank": 16,
      "Player": "Boydjw2",
      "Points": 9,
      "Wins": 0,
      "Losses": 0,
      "Draws": 0,
      "OMWP": 0.4722,
      "GWP": 0.5333,
      "OGWP": 0.4334
    },
    {
      "Rank": 15,
      "Player": "edward40hands",
      "Points": 9,
      "Wins": 0,
      "Losses": 0,
      "Draws": 0,
      "OMWP": 0.5278,
      "GWP": 0.5,
      "OGWP": 0.4715
    },
    {
      "Rank": 14,
      "Player": "Beekeeper",
      "Points": 9,
      "Wins": 0,
      "Losses": 0,
      "Draws": 0,
      "OMWP": 0.5278,
      "GWP": 0.5625,
      "OGWP": 0.4764
    },
    {
      "Rank": 13,
      "Player": "Cabalasp",
      "Points": 9,
      "Wins": 0,
      "Losses": 0,
      "Draws": 0,
      "OMWP": 0.5333,
      "GWP": 0.4286,
      "OGWP": 0.5181
    },
    {
      "Rank": 12,
      "Player": "Fatter_CHOCOBO",
      "Points": 9,
      "Wins": 0,
      "Losses": 0,
      "Draws": 0,
      "OMWP": 0.5467,
      "GWP": 0.4,
      "OGWP": 0.5433
    },
    {
      "Rank": 11,
      "Player": "Paanika",
      "Points": 12,
      "Wins": 0,
      "Losses": 0,
      "Draws": 0,
      "OMWP": 0.5,
      "GWP": 0.6,
      "OGWP": 0.4604
    },
    {
      "Rank": 10,
      "Player": "Varo",
      "Points": 12,
      "Wins": 0,
      "Losses": 0,
      "Draws": 0,
      "OMWP": 0.5278,
      "GWP": 0.5625,
      "OGWP": 0.5231
    },
    {
      "Rank": 9,
      "Player": "Raydan",
      "Points": 12,
      "Wins": 0,
      "Losses": 0,
      "Draws": 0,
      "OMWP": 0.5556,
      "GWP": 0.6,
      "OGWP": 0.5197999999999999
    },
    {
      "Rank": 8,
      "Player": "DraigsCZoo7",
      "Points": 12,
      "Wins": 0,
      "Losses": 0,
      "Draws": 0,
      "OMWP": 0.56,
      "GWP": 0.6154,
      "OGWP": 0.5244
    },
    {
      "Rank": 7,
      "Player": "Ramunap",
      "Points": 12,
      "Wins": 0,
      "Losses": 0,
      "Draws": 0,
      "OMWP": 0.5832999999999999,
      "GWP": 0.5625,
      "OGWP": 0.5897
    },
    {
      "Rank": 6,
      "Player": "Shaereth",
      "Points": 12,
      "Wins": 0,
      "Losses": 0,
      "Draws": 0,
      "OMWP": 0.5832999999999999,
      "GWP": 0.6,
      "OGWP": 0.5745
    },
    {
      "Rank": 5,
      "Player": "ghost_dog",
      "Points": 12,
      "Wins": 0,
      "Losses": 0,
      "Draws": 0,
      "OMWP": 0.6111,
      "GWP": 0.5714,
      "OGWP": 0.5834
    },
    {
      "Rank": 4,
      "Player": "SaradinDR",
      "Points": 12,
      "Wins": 0,
      "Losses": 0,
      "Draws": 0,
      "OMWP": 0.6944,
      "GWP": 0.6667000000000001,
      "OGWP": 0.6096
    },
    {
      "Rank": 3,
      "Player": "FireServant98",
      "Points": 15,
      "Wins": 0,
      "Losses": 0,
      "Draws": 0,
      "OMWP": 0.5556,
      "GWP": 0.7333,
      "OGWP": 0.5249
    },
    {
      "Rank": 2,
      "Player": "Kvothe_De_Arrascaeta",
      "Points": 15,
      "Wins": 0,
      "Losses": 0,
      "Draws": 0,
      "OMWP": 0.5867,
      "GWP": 0.7692,
      "OGWP": 0.5167
    },
    {
      "Rank": 1,
      "Player": "Lennny",
      "Points": 18,
      "Wins": 0,
      "Losses": 0,
      "Draws": 0,
      "OMWP": 0.5467,
      "GWP": 0.8571,
      "OGWP": 0.5327000000000001
    }
  ]
}