{
  "Tournament": {
    "Id": 12802809,
    "Date": "2025-07-12T03:00:00",
    "Name": "Modern Challenge 32",
    "Uri": null,
    "JsonFile": null,
    "ForceRedownload": false
  },
  "Decks": null,
  "Rounds": [
    {
      "RoundName": "Round 1",
      "Matches": [
        {
          "Player1": "ScreenwriterNY",
          "Player2": "quinniac",
          "Result": "0-2-0"
        },
        {
          "Player1": "Furstenberger",
          "Player2": "InkDontFade",
          "Result": "0-2-0"
        },
        {
          "Player1": "bolov0",
          "Player2": "Skrocious",
          "Result": "2-0-0"
        },
        {
          "Player1": "pirol94",
          "Player2": "Mazianos",
          "Result": "2-0-0"
        },
        {
          "Player1": "connormc02",
          "Player2": "NJ5030",
          "Result": "0-2-0"
        },
        {
          "Player1": "claudioh",
          "Player2": "Lord_Beerus",
          "Result": "2-0-0"
        },
        {
          "Player1": "xfile",
          "Player2": "ETBJezus",
          "Result": "2-0-0"
        },
        {
          "Player1": "DemianDesposito10",
          "Player2": "crome4",
          "Result": "0-2-0"
        },
        {
          "Player1": "tibalt_of_red_sub",
          "Player2": "marito9911",
          "Result": "2-0-0"
        },
        {
          "Player1": "TryParse",
          "Player2": "unworldlyorigin",
          "Result": "0-2-0"
        },
        {
          "Player1": "Manny-",
          "Player2": "Badcookie",
          "Result": "0-2-0"
        },
        {
          "Player1": "gazmon48",
          "Player2": "jvidarte",
          "Result": "0-2-0"
        },
        {
          "Player1": "chalobisbal",
          "Player2": "Venom1",
          "Result": "2-0-0"
        },
        {
          "Player1": "Golgarburr",
          "Player2": "xRagedFurballx",
          "Result": "2-0-0"
        },
        {
          "Player1": "galatriste",
          "Player2": "Kyoto_Maschi",
          "Result": "0-0-0"
        },
        {
          "Player1": "nprism",
          "Player2": "bless_von",
          "Result": "0-2-0"
        },
        {
          "Player1": "noodle_boi",
          "Player2": "YungDingo",
          "Result": "0-2-0"
        },
        {
          "Player1": "HelpfulHobo",
          "Player2": "SGMY95",
          "Result": "0-0-0"
        },
        {
          "Player1": "MC_amp2267",
          "Player2": "NormanCar",
          "Result": "0-2-0"
        },
        {
          "Player1": "ShowTime_",
          "Player2": "EvolveMTG",
          "Result": "0-2-0"
        },
        {
          "Player1": "nahuel10",
          "Player2": "CoolGuyO",
          "Result": "2-0-0"
        },
        {
          "Player1": "FrankEG_MTG",
          "Player2": "Wishful14",
          "Result": "0-2-0"
        },
        {
          "Player1": "Selfeisek",
          "Player2": "UnbanOko",
          "Result": "2-0-0"
        },
        {
          "Player1": "Marvin_Dalkiri",
          "Player2": "GriselSram",
          "Result": "0-2-0"
        },
        {
          "Player1": "Mattyguy13",
          "Player2": "TrainInsane",
          "Result": "2-0-0"
        },
        {
          "Player1": "Okayasu",
          "Player2": "CLChad",
          "Result": "0-2-0"
        },
        {
          "Player1": "McBronze",
          "Player2": "AzoriusBlood",
          "Result": "2-0-0"
        },
        {
          "Player1": "DragonFodder",
          "Player2": "HoldTheElle",
          "Result": "0-0-0"
        },
        {
          "Player1": "katuo079595",
          "Player2": "hugofreitas1",
          "Result": "0-2-0"
        },
        {
          "Player1": "Rozenbros",
          "Player2": "Spy_1",
          "Result": "0-2-0"
        }
      ]
    },
    {
      "RoundName": "Round 2",
      "Matches": [
        {
          "Player1": "tibalt_of_red_sub",
          "Player2": "quinniac",
          "Result": "2-0-0"
        },
        {
          "Player1": "SGMY95",
          "Player2": "Mazianos",
          "Result": "0-2-0"
        },
        {
          "Player1": "nprism",
          "Player2": "TryParse",
          "Result": "0-2-0"
        },
        {
          "Player1": "claudioh",
          "Player2": "hugofreitas1",
          "Result": "2-0-0"
        },
        {
          "Player1": "DragonFodder",
          "Player2": "YungDingo",
          "Result": "0-2-0"
        },
        {
          "Player1": "galatriste",
          "Player2": "crome4",
          "Result": "2-0-0"
        },
        {
          "Player1": "TrainInsane",
          "Player2": "MC_amp2267",
          "Result": "0-2-0"
        },
        {
          "Player1": "gazmon48",
          "Player2": "Rozenbros",
          "Result": "2-0-0"
        },
        {
          "Player1": "ShowTime_",
          "Player2": "Skrocious",
          "Result": "0-2-0"
        },
        {
          "Player1": "HelpfulHobo",
          "Player2": "GriselSram",
          "Result": "0-2-0"
        },
        {
          "Player1": "jvidarte",
          "Player2": "Badcookie",
          "Result": "2-0-0"
        },
        {
          "Player1": "EvolveMTG",
          "Player2": "NJ5030",
          "Result": "0-2-0"
        },
        {
          "Player1": "McBronze",
          "Player2": "unworldlyorigin",
          "Result": "2-0-0"
        },
        {
          "Player1": "Okayasu",
          "Player2": "UnbanOko",
          "Result": "2-0-0"
        },
        {
          "Player1": "FrankEG_MTG",
          "Player2": "katuo079595",
          "Result": "0-2-0"
        },
        {
          "Player1": "DemianDesposito10",
          "Player2": "ETBJezus",
          "Result": "0-2-0"
        },
        {
          "Player1": "chalobisbal",
          "Player2": "xfile",
          "Result": "2-0-0"
        },
        {
          "Player1": "Furstenberger",
          "Player2": "Wishful14",
          "Result": "0-2-0"
        },
        {
          "Player1": "Raydan",
          "Player2": "nahuel10",
          "Result": "2-0-0"
        },
        {
          "Player1": "bolov0",
          "Player2": "NormanCar",
          "Result": "0-2-0"
        },
        {
          "Player1": "Marvin_Dalkiri",
          "Player2": "Lord_Beerus",
          "Result": "2-0-0"
        },
        {
          "Player1": "noodle_boi",
          "Player2": "Kyoto_Maschi",
          "Result": "2-0-0"
        },
        {
          "Player1": "Manny-",
          "Player2": "xRagedFurballx",
          "Result": "0-2-0"
        },
        {
          "Player1": "connormc02",
          "Player2": "marito9911",
          "Result": "0-2-0"
        },
        {
          "Player1": "Golgarburr",
          "Player2": "pirol94",
          "Result": "0-2-0"
        },
        {
          "Player1": "HoldTheElle",
          "Player2": "CoolGuyO",
          "Result": "0-0-0"
        },
        {
          "Player1": "bless_von",
          "Player2": "Spy_1",
          "Result": "2-0-0"
        },
        {
          "Player1": "Selfeisek",
          "Player2": "CLChad",
          "Result": "0-2-0"
        },
        {
          "Player1": "Mattyguy13",
          "Player2": "InkDontFade",
          "Result": "0-2-0"
        }
      ]
    },
    {
      "RoundName": "Round 3",
      "Matches": [
        {
          "Player1": "claudioh",
          "Player2": "InkDontFade",
          "Result": "2-0-0"
        },
        {
          "Player1": "chalobisbal",
          "Player2": "GriselSram",
          "Result": "2-0-0"
        },
        {
          "Player1": "xfile",
          "Player2": "xRagedFurballx",
          "Result": "0-2-0"
        },
        {
          "Player1": "tibalt_of_red_sub",
          "Player2": "pirol94",
          "Result": "0-2-0"
        },
        {
          "Player1": "gazmon48",
          "Player2": "TryParse",
          "Result": "0-2-0"
        },
        {
          "Player1": "bless_von",
          "Player2": "CLChad",
          "Result": "0-2-0"
        },
        {
          "Player1": "MC_amp2267",
          "Player2": "Okayasu",
          "Result": "0-2-0"
        },
        {
          "Player1": "ETBJezus",
          "Player2": "Badcookie",
          "Result": "0-2-0"
        },
        {
          "Player1": "bolov0",
          "Player2": "quinniac",
          "Result": "0-2-0"
        },
        {
          "Player1": "katuo079595",
          "Player2": "HelpfulHobo",
          "Result": "0-2-0"
        },
        {
          "Player1": "nahuel10",
          "Player2": "Venom1",
          "Result": "0-0-0"
        },
        {
          "Player1": "Selfeisek",
          "Player2": "Kyoto_Maschi",
          "Result": "2-0-0"
        },
        {
          "Player1": "jvidarte",
          "Player2": "Wishful14",
          "Result": "2-0-0"
        },
        {
          "Player1": "Furstenberger",
          "Player2": "CoolGuyO",
          "Result": "0-0-0"
        },
        {
          "Player1": "hugofreitas1",
          "Player2": "Spy_1",
          "Result": "0-2-0"
        },
        {
          "Player1": "SGMY95",
          "Player2": "DemianDesposito10",
          "Result": "2-0-0"
        },
        {
          "Player1": "HoldTheElle",
          "Player2": "EvolveMTG",
          "Result": "1-2-0"
        },
        {
          "Player1": "Golgarburr",
          "Player2": "crome4",
          "Result": "2-0-0"
        },
        {
          "Player1": "DragonFodder",
          "Player2": "Mattyguy13",
          "Result": "0-2-0"
        },
        {
          "Player1": "unworldlyorigin",
          "Player2": "Skrocious",
          "Result": "0-2-0"
        },
        {
          "Player1": "marito9911",
          "Player2": "noodle_boi",
          "Result": "0-2-0"
        },
        {
          "Player1": "galatriste",
          "Player2": "NJ5030",
          "Result": "2-0-0"
        },
        {
          "Player1": "Marvin_Dalkiri",
          "Player2": "Mazianos",
          "Result": "2-0-0"
        },
        {
          "Player1": "Raydan",
          "Player2": "NormanCar",
          "Result": "2-0-0"
        },
        {
          "Player1": "YungDingo",
          "Player2": "McBronze",
          "Result": "2-0-0"
        }
      ]
    },
    {
      "RoundName": "Round 4",
      "Matches": [
        {
          "Player1": "HoldTheElle",
          "Player2": "hugofreitas1",
          "Result": "0-2-0"
        },
        {
          "Player1": "tibalt_of_red_sub",
          "Player2": "McBronze",
          "Result": "2-0-0"
        },
        {
          "Player1": "Skrocious",
          "Player2": "Wishful14",
          "Result": "2-0-0"
        },
        {
          "Player1": "GriselSram",
          "Player2": "Okayasu",
          "Result": "2-0-0"
        },
        {
          "Player1": "DragonFodder",
          "Player2": "SGMY95",
          "Result": "0-2-0"
        },
        {
          "Player1": "galatriste",
          "Player2": "jvidarte",
          "Result": "0-2-0"
        },
        {
          "Player1": "Venom1",
          "Player2": "InkDontFade",
          "Result": "2-0-0"
        },
        {
          "Player1": "xRagedFurballx",
          "Player2": "Spy_1",
          "Result": "2-0-0"
        },
        {
          "Player1": "HelpfulHobo",
          "Player2": "Badcookie",
          "Result": "2-0-0"
        },
        {
          "Player1": "xfile",
          "Player2": "EvolveMTG",
          "Result": "0-2-0"
        },
        {
          "Player1": "pirol94",
          "Player2": "Raydan",
          "Result": "0-2-0"
        },
        {
          "Player1": "Furstenberger",
          "Player2": "nahuel10",
          "Result": "2-0-0"
        },
        {
          "Player1": "YungDingo",
          "Player2": "CLChad",
          "Result": "2-0-0"
        },
        {
          "Player1": "Golgarburr",
          "Player2": "bless_von",
          "Result": "2-0-0"
        },
        {
          "Player1": "nprism",
          "Player2": "Mazianos",
          "Result": "2-0-0"
        },
        {
          "Player1": "quinniac",
          "Player2": "noodle_boi",
          "Result": "2-0-0"
        },
        {
          "Player1": "Mattyguy13",
          "Player2": "TryParse",
          "Result": "2-0-0"
        },
        {
          "Player1": "Marvin_Dalkiri",
          "Player2": "NormanCar",
          "Result": "2-0-0"
        },
        {
          "Player1": "Selfeisek",
          "Player2": "NJ5030",
          "Result": "0-2-0"
        },
        {
          "Player1": "chalobisbal",
          "Player2": "claudioh",
          "Result": "2-0-0"
        }
      ]
    },
    {
      "RoundName": "Round 5",
      "Matches": [
        {
          "Player1": "HoldTheElle",
          "Player2": "Mazianos",
          "Result": "0-2-0"
        },
        {
          "Player1": "marito9911",
          "Player2": "SGMY95",
          "Result": "2-0-0"
        },
        {
          "Player1": "Venom1",
          "Player2": "HelpfulHobo",
          "Result": "0-2-0"
        },
        {
          "Player1": "Marvin_Dalkiri",
          "Player2": "CLChad",
          "Result": "0-2-0"
        },
        {
          "Player1": "InkDontFade",
          "Player2": "Spy_1",
          "Result": "2-0-0"
        },
        {
          "Player1": "Furstenberger",
          "Player2": "NormanCar",
          "Result": "2-0-0"
        },
        {
          "Player1": "quinniac",
          "Player2": "GriselSram",
          "Result": "0-2-0"
        },
        {
          "Player1": "DragonFodder",
          "Player2": "Okayasu",
          "Result": "0-2-0"
        },
        {
          "Player1": "pirol94",
          "Player2": "Mattyguy13",
          "Result": "0-2-0"
        },
        {
          "Player1": "claudioh",
          "Player2": "Skrocious",
          "Result": "2-0-0"
        },
        {
          "Player1": "xRagedFurballx",
          "Player2": "NJ5030",
          "Result": "0-2-0"
        },
        {
          "Player1": "TryParse",
          "Player2": "Badcookie",
          "Result": "0-2-0"
        },
        {
          "Player1": "tibalt_of_red_sub",
          "Player2": "galatriste",
          "Result": "2-0-0"
        },
        {
          "Player1": "Golgarburr",
          "Player2": "EvolveMTG",
          "Result": "0-2-0"
        },
        {
          "Player1": "Selfeisek",
          "Player2": "bless_von",
          "Result": "0-2-0"
        },
        {
          "Player1": "chalobisbal",
          "Player2": "YungDingo",
          "Result": "0-0-0"
        },
        {
          "Player1": "nprism",
          "Player2": "Wishful14",
          "Result": "2-0-0"
        },
        {
          "Player1": "hugofreitas1",
          "Player2": "noodle_boi",
          "Result": "0-2-0"
        },
        {
          "Player1": "Raydan",
          "Player2": "jvidarte",
          "Result": "0-2-0"
        }
      ]
    },
    {
      "RoundName": "Round 6",
      "Matches": [
        {
          "Player1": "claudioh",
          "Player2": "GriselSram",
          "Result": "0-2-0"
        },
        {
          "Player1": "Raydan",
          "Player2": "NJ5030",
          "Result": "2-0-0"
        },
        {
          "Player1": "nprism",
          "Player2": "xRagedFurballx",
          "Result": "0-2-0"
        },
        {
          "Player1": "tibalt_of_red_sub",
          "Player2": "Mattyguy13",
          "Result": "2-0-0"
        },
        {
          "Player1": "InkDontFade",
          "Player2": "Skrocious",
          "Result": "0-2-0"
        },
        {
          "Player1": "Venom1",
          "Player2": "marito9911",
          "Result": "0-0-0"
        },
        {
          "Player1": "Selfeisek",
          "Player2": "Mazianos",
          "Result": "2-0-0"
        },
        {
          "Player1": "Furstenberger",
          "Player2": "Badcookie",
          "Result": "2-0-0"
        },
        {
          "Player1": "jvidarte",
          "Player2": "YungDingo",
          "Result": "2-0-0"
        },
        {
          "Player1": "Marvin_Dalkiri",
          "Player2": "quinniac",
          "Result": "2-0-0"
        },
        {
          "Player1": "pirol94",
          "Player2": "Okayasu",
          "Result": "0-2-0"
        },
        {
          "Player1": "DragonFodder",
          "Player2": "hugofreitas1",
          "Result": "0-0-0"
        },
        {
          "Player1": "SGMY95",
          "Player2": "TryParse",
          "Result": "2-0-0"
        },
        {
          "Player1": "Golgarburr",
          "Player2": "noodle_boi",
          "Result": "0-2-0"
        },
        {
          "Player1": "galatriste",
          "Player2": "bless_von",
          "Result": "2-0-0"
        },
        {
          "Player1": "EvolveMTG",
          "Player2": "CLChad",
          "Result": "0-2-0"
        },
        {
          "Player1": "chalobisbal",
          "Player2": "HelpfulHobo",
          "Result": "0-2-0"
        }
      ]
    },
    {
      "RoundName": "Round 7",
      "Matches": [
        {
          "Player1": "tibalt_of_red_sub",
          "Player2": "YungDingo",
          "Result": "0-2-0"
        },
        {
          "Player1": "chalobisbal",
          "Player2": "jvidarte",
          "Result": "0-2-0"
        },
        {
          "Player1": "HelpfulHobo",
          "Player2": "CLChad",
          "Result": "0-2-0"
        },
        {
          "Player1": "Raydan",
          "Player2": "GriselSram",
          "Result": "0-2-0"
        }
      ]
    },
    {
      "RoundName": "Round 8",
      "Matches": [
        {
          "Player1": "GriselSram",
          "Player2": "YungDingo",
          "Result": "0-2-0"
        },
        {
          "Player1": "jvidarte",
          "Player2": "CLChad",
          "Result": "2-0-0"
        }
      ]
    },
    {
      "RoundName": "Round 9",
      "Matches": [
        {
          "Player1": "jvidarte",
          "Player2": "YungDingo",
          "Result": "0-2-0"
        }
      ]
    }
  ],
  "Standings": [
    {
      "Rank": 61,
      "Player": "FrankEG_MTG",
      "Points": 0,
      "Wins": 0,
      "Losses": 0,
      "Draws": 0,
      "OMWP": 0.3667,
      "GWP": 0.2,
      "OGWP": 0.4567
    },
    {
      "Rank": 60,
      "Player": "Rozenbros",
      "Points": 0,
      "Wins": 0,
      "Losses": 0,
      "Draws": 0,
      "OMWP": 0.3667,
      "GWP": 0.2,
      "OGWP": 0.4833
    },
    {
      "Rank": 59,
      "Player": "DemianDesposito10",
      "Points": 0,
      "Wins": 0,
      "Losses": 0,
      "Draws": 0,
      "OMWP": 0.3889,
      "GWP": 0,
      "OGWP": 0.43170000000000003
    },
    {
      "Rank": 58,
      "Player": "CoolGuyO",
      "Points": 0,
      "Wins": 0,
      "Losses": 0,
      "Draws": 0,
      "OMWP": 0.44439999999999996,
      "GWP": 0.25,
      "OGWP": 0.4
    },
    {
      "Rank": 57,
      "Player": "AzoriusBlood",
      "Points": 0,
      "Wins": 0,
      "Losses": 0,
      "Draws": 0,
      "OMWP": 0.5,
      "GWP": 0,
      "OGWP": 0.44439999999999996
    },
    {
      "Rank": 56,
      "Player": "TrainInsane",
      "Points": 0,
      "Wins": 0,
      "Losses": 0,
      "Draws": 0,
      "OMWP": 0.5,
      "GWP": 0,
      "OGWP": 0.522
    },
    {
      "Rank": 55,
      "Player": "ScreenwriterNY",
      "Points": 0,
      "Wins": 0,
      "Losses": 0,
      "Draws": 0,
      "OMWP": 0.5,
      "GWP": 0,
      "OGWP": 0.5333
    },
    {
      "Rank": 54,
      "Player": "Manny-",
      "Points": 0,
      "Wins": 0,
      "Losses": 0,
      "Draws": 0,
      "OMWP": 0.5832999999999999,
      "GWP": 0,
      "OGWP": 0.5667
    },
    {
      "Rank": 53,
      "Player": "connormc02",
      "Points": 0,
      "Wins": 0,
      "Losses": 0,
      "Draws": 0,
      "OMWP": 0.5832999999999999,
      "GWP": 0.2,
      "OGWP": 0.5714
    },
    {
      "Rank": 52,
      "Player": "UnbanOko",
      "Points": 0,
      "Wins": 0,
      "Losses": 0,
      "Draws": 0,
      "OMWP": 0.5832999999999999,
      "GWP": 0.3333,
      "OGWP": 0.5333
    },
    {
      "Rank": 51,
      "Player": "Kyoto_Maschi",
      "Points": 0,
      "Wins": 0,
      "Losses": 0,
      "Draws": 0,
      "OMWP": 0.6111,
      "GWP": 0.25,
      "OGWP": 0.5372
    },
    {
      "Rank": 50,
      "Player": "ShowTime_",
      "Points": 0,
      "Wins": 0,
      "Losses": 0,
      "Draws": 0,
      "OMWP": 0.6667000000000001,
      "GWP": 0.2,
      "OGWP": 0.5670000000000001
    },
    {
      "Rank": 49,
      "Player": "Lord_Beerus",
      "Points": 0,
      "Wins": 0,
      "Losses": 0,
      "Draws": 0,
      "OMWP": 0.6667000000000001,
      "GWP": 0.2,
      "OGWP": 0.5934
    },
    {
      "Rank": 48,
      "Player": "ETBJezus",
      "Points": 3,
      "Wins": 0,
      "Losses": 0,
      "Draws": 0,
      "OMWP": 0.3889,
      "GWP": 0.4286,
      "OGWP": 0.41009999999999996
    },
    {
      "Rank": 47,
      "Player": "HoldTheElle",
      "Points": 3,
      "Wins": 0,
      "Losses": 0,
      "Draws": 0,
      "OMWP": 0.4,
      "GWP": 0.3077,
      "OGWP": 0.4133
    },
    {
      "Rank": 46,
      "Player": "MC_amp2267",
      "Points": 3,
      "Wins": 0,
      "Losses": 0,
      "Draws": 0,
      "OMWP": 0.4667,
      "GWP": 0.4286,
      "OGWP": 0.4667
    },
    {
      "Rank": 45,
      "Player": "crome4",
      "Points": 3,
      "Wins": 0,
      "Losses": 0,
      "Draws": 0,
      "OMWP": 0.5,
      "GWP": 0.3333,
      "OGWP": 0.5036999999999999
    },
    {
      "Rank": 44,
      "Player": "unworldlyorigin",
      "Points": 3,
      "Wins": 0,
      "Losses": 0,
      "Draws": 0,
      "OMWP": 0.5,
      "GWP": 0.375,
      "OGWP": 0.4636
    },
    {
      "Rank": 43,
      "Player": "katuo079595",
      "Points": 3,
      "Wins": 0,
      "Losses": 0,
      "Draws": 0,
      "OMWP": 0.5,
      "GWP": 0.375,
      "OGWP": 0.495
    },
    {
      "Rank": 42,
      "Player": "bolov0",
      "Points": 3,
      "Wins": 0,
      "Losses": 0,
      "Draws": 0,
      "OMWP": 0.5222,
      "GWP": 0.4286,
      "OGWP": 0.5238
    },
    {
      "Rank": 41,
      "Player": "gazmon48",
      "Points": 3,
      "Wins": 0,
      "Losses": 0,
      "Draws": 0,
      "OMWP": 0.5556,
      "GWP": 0.5,
      "OGWP": 0.5028
    },
    {
      "Rank": 40,
      "Player": "xfile",
      "Points": 3,
      "Wins": 0,
      "Losses": 0,
      "Draws": 0,
      "OMWP": 0.5832999999999999,
      "GWP": 0.3636,
      "OGWP": 0.5585
    },
    {
      "Rank": 39,
      "Player": "nahuel10",
      "Points": 3,
      "Wins": 0,
      "Losses": 0,
      "Draws": 0,
      "OMWP": 0.625,
      "GWP": 0.3,
      "OGWP": 0.5365
    },
    {
      "Rank": 38,
      "Player": "hugofreitas1",
      "Points": 6,
      "Wins": 0,
      "Losses": 0,
      "Draws": 0,
      "OMWP": 0.4556,
      "GWP": 0.4375,
      "OGWP": 0.446
    },
    {
      "Rank": 37,
      "Player": "Spy_1",
      "Points": 6,
      "Wins": 0,
      "Losses": 0,
      "Draws": 0,
      "OMWP": 0.4667,
      "GWP": 0.4667,
      "OGWP": 0.4742
    },
    {
      "Rank": 36,
      "Player": "TryParse",
      "Points": 6,
      "Wins": 0,
      "Losses": 0,
      "Draws": 0,
      "OMWP": 0.4722,
      "GWP": 0.375,
      "OGWP": 0.4976
    },
    {
      "Rank": 35,
      "Player": "Mazianos",
      "Points": 6,
      "Wins": 0,
      "Losses": 0,
      "Draws": 0,
      "OMWP": 0.5,
      "GWP": 0.3333,
      "OGWP": 0.4851
    },
    {
      "Rank": 34,
      "Player": "DragonFodder",
      "Points": 6,
      "Wins": 0,
      "Losses": 0,
      "Draws": 0,
      "OMWP": 0.5556,
      "GWP": 0.4,
      "OGWP": 0.5509000000000001
    },
    {
      "Rank": 33,
      "Player": "NormanCar",
      "Points": 6,
      "Wins": 0,
      "Losses": 0,
      "Draws": 0,
      "OMWP": 0.5667,
      "GWP": 0.4667,
      "OGWP": 0.5297
    },
    {
      "Rank": 32,
      "Player": "McBronze",
      "Points": 6,
      "Wins": 0,
      "Losses": 0,
      "Draws": 0,
      "OMWP": 0.5832999999999999,
      "GWP": 0.44439999999999996,
      "OGWP": 0.5521
    },
    {
      "Rank": 31,
      "Player": "Wishful14",
      "Points": 6,
      "Wins": 0,
      "Losses": 0,
      "Draws": 0,
      "OMWP": 0.6333,
      "GWP": 0.5385,
      "OGWP": 0.5333
    },
    {
      "Rank": 30,
      "Player": "SGMY95",
      "Points": 9,
      "Wins": 0,
      "Losses": 0,
      "Draws": 0,
      "OMWP": 0.44439999999999996,
      "GWP": 0.5333,
      "OGWP": 0.44270000000000004
    },
    {
      "Rank": 29,
      "Player": "nprism",
      "Points": 9,
      "Wins": 0,
      "Losses": 0,
      "Draws": 0,
      "OMWP": 0.44670000000000004,
      "GWP": 0.4286,
      "OGWP": 0.46270000000000006
    },
    {
      "Rank": 28,
      "Player": "Selfeisek",
      "Points": 9,
      "Wins": 0,
      "Losses": 0,
      "Draws": 0,
      "OMWP": 0.5,
      "GWP": 0.4667,
      "OGWP": 0.4905
    },
    {
      "Rank": 27,
      "Player": "Golgarburr",
      "Points": 9,
      "Wins": 0,
      "Losses": 0,
      "Draws": 0,
      "OMWP": 0.5556,
      "GWP": 0.5625,
      "OGWP": 0.5042
    },
    {
      "Rank": 26,
      "Player": "bless_von",
      "Points": 9,
      "Wins": 0,
      "Losses": 0,
      "Draws": 0,
      "OMWP": 0.5667,
      "GWP": 0.4667,
      "OGWP": 0.5622
    },
    {
      "Rank": 25,
      "Player": "Badcookie",
      "Points": 9,
      "Wins": 0,
      "Losses": 0,
      "Draws": 0,
      "OMWP": 0.5832999999999999,
      "GWP": 0.5333,
      "OGWP": 0.5307999999999999
    },
    {
      "Rank": 24,
      "Player": "marito9911",
      "Points": 9,
      "Wins": 0,
      "Losses": 0,
      "Draws": 0,
      "OMWP": 0.6,
      "GWP": 0.5,
      "OGWP": 0.5493
    },
    {
      "Rank": 23,
      "Player": "quinniac",
      "Points": 9,
      "Wins": 0,
      "Losses": 0,
      "Draws": 0,
      "OMWP": 0.6111,
      "GWP": 0.5333,
      "OGWP": 0.5559000000000001
    },
    {
      "Rank": 22,
      "Player": "InkDontFade",
      "Points": 9,
      "Wins": 0,
      "Losses": 0,
      "Draws": 0,
      "OMWP": 0.6222,
      "GWP": 0.5333,
      "OGWP": 0.5658
    },
    {
      "Rank": 21,
      "Player": "pirol94",
      "Points": 9,
      "Wins": 0,
      "Losses": 0,
      "Draws": 0,
      "OMWP": 0.6389,
      "GWP": 0.5333,
      "OGWP": 0.5781000000000001
    },
    {
      "Rank": 20,
      "Player": "Furstenberger",
      "Points": 12,
      "Wins": 0,
      "Losses": 0,
      "Draws": 0,
      "OMWP": 0.4111,
      "GWP": 0.5333,
      "OGWP": 0.45640000000000003
    },
    {
      "Rank": 19,
      "Player": "Skrocious",
      "Points": 12,
      "Wins": 0,
      "Losses": 0,
      "Draws": 0,
      "OMWP": 0.4278,
      "GWP": 0.5714,
      "OGWP": 0.46340000000000003
    },
    {
      "Rank": 18,
      "Player": "xRagedFurballx",
      "Points": 12,
      "Wins": 0,
      "Losses": 0,
      "Draws": 0,
      "OMWP": 0.4556,
      "GWP": 0.6,
      "OGWP": 0.46630000000000005
    },
    {
      "Rank": 17,
      "Player": "Mattyguy13",
      "Points": 12,
      "Wins": 0,
      "Losses": 0,
      "Draws": 0,
      "OMWP": 0.4722,
      "GWP": 0.6154,
      "OGWP": 0.4815
    },
    {
      "Rank": 16,
      "Player": "noodle_boi",
      "Points": 12,
      "Wins": 0,
      "Losses": 0,
      "Draws": 0,
      "OMWP": 0.5,
      "GWP": 0.5294,
      "OGWP": 0.5254
    },
    {
      "Rank": 15,
      "Player": "EvolveMTG",
      "Points": 12,
      "Wins": 0,
      "Losses": 0,
      "Draws": 0,
      "OMWP": 0.5,
      "GWP": 0.5625,
      "OGWP": 0.5115
    },
    {
      "Rank": 14,
      "Player": "Okayasu",
      "Points": 12,
      "Wins": 0,
      "Losses": 0,
      "Draws": 0,
      "OMWP": 0.5278,
      "GWP": 0.6,
      "OGWP": 0.5405
    },
    {
      "Rank": 13,
      "Player": "Marvin_Dalkiri",
      "Points": 12,
      "Wins": 0,
      "Losses": 0,
      "Draws": 0,
      "OMWP": 0.5389,
      "GWP": 0.6154,
      "OGWP": 0.5357
    },
    {
      "Rank": 12,
      "Player": "claudioh",
      "Points": 12,
      "Wins": 0,
      "Losses": 0,
      "Draws": 0,
      "OMWP": 0.5556,
      "GWP": 0.5714,
      "OGWP": 0.5388000000000001
    },
    {
      "Rank": 11,
      "Player": "Venom1",
      "Points": 12,
      "Wins": 0,
      "Losses": 0,
      "Draws": 0,
      "OMWP": 0.5667,
      "GWP": 0.6364,
      "OGWP": 0.5448
    },
    {
      "Rank": 10,
      "Player": "galatriste",
      "Points": 12,
      "Wins": 0,
      "Losses": 0,
      "Draws": 0,
      "OMWP": 0.6111,
      "GWP": 0.6154,
      "OGWP": 0.5484
    },
    {
      "Rank": 9,
      "Player": "NJ5030",
      "Points": 12,
      "Wins": 0,
      "Losses": 0,
      "Draws": 0,
      "OMWP": 0.6111,
      "GWP": 0.6429,
      "OGWP": 0.5367999999999999
    },
    {
      "Rank": 8,
      "Player": "chalobisbal",
      "Points": 12,
      "Wins": 0,
      "Losses": 0,
      "Draws": 0,
      "OMWP": 0.6944,
      "GWP": 0.6429,
      "OGWP": 0.631
    },
    {
      "Rank": 7,
      "Player": "tibalt_of_red_sub",
      "Points": 15,
      "Wins": 0,
      "Losses": 0,
      "Draws": 0,
      "OMWP": 0.5556,
      "GWP": 0.7143,
      "OGWP": 0.5403
    },
    {
      "Rank": 6,
      "Player": "Raydan",
      "Points": 15,
      "Wins": 0,
      "Losses": 0,
      "Draws": 0,
      "OMWP": 0.58,
      "GWP": 0.6429,
      "OGWP": 0.5552
    },
    {
      "Rank": 5,
      "Player": "HelpfulHobo",
      "Points": 15,
      "Wins": 0,
      "Losses": 0,
      "Draws": 0,
      "OMWP": 0.5832999999999999,
      "GWP": 0.7143,
      "OGWP": 0.5725
    },
    {
      "Rank": 4,
      "Player": "CLChad",
      "Points": 18,
      "Wins": 0,
      "Losses": 0,
      "Draws": 0,
      "OMWP": 0.6389,
      "GWP": 0.8332999999999999,
      "OGWP": 0.5828
    },
    {
      "Rank": 3,
      "Player": "GriselSram",
      "Points": 18,
      "Wins": 0,
      "Losses": 0,
      "Draws": 0,
      "OMWP": 0.6667000000000001,
      "GWP": 0.7143,
      "OGWP": 0.6129
    },
    {
      "Rank": 2,
      "Player": "jvidarte",
      "Points": 24,
      "Wins": 0,
      "Losses": 0,
      "Draws": 0,
      "OMWP": 0.5943999999999999,
      "GWP": 0.8,
      "OGWP": 0.6026
    },
    {
      "Rank": 1,
      "Player": "YungDingo",
      "Points": 24,
      "Wins": 0,
      "Losses": 0,
      "Draws": 0,
      "OMWP": 0.6667000000000001,
      "GWP": 0.7857,
      "OGWP": 0.6083
    }
  ]
}