{
  "Tournament": {
    "Id": 12802812,
    "Date": "2025-07-12T08:00:00",
    "Name": "Modern Challenge 32",
    "Uri": null,
    "JsonFile": null,
    "ForceRedownload": false
  },
  "Decks": null,
  "Rounds": [
    {
      "RoundName": "Round 1",
      "Matches": [
        {
          "Player1": "gazmon48",
          "Player2": "wcl",
          "Result": "0-2-0"
        },
        {
          "Player1": "House565",
          "Player2": "reidq7",
          "Result": "2-0-0"
        },
        {
          "Player1": "jvidarte",
          "Player2": "tibalt_of_red_sub",
          "Result": "0-2-0"
        },
        {
          "Player1": "Venom1",
          "Player2": "KeasbyKnight",
          "Result": "0-2-0"
        },
        {
          "Player1": "blazeuz231",
          "Player2": "Callenutg1",
          "Result": "0-2-0"
        },
        {
          "Player1": "WeareVenom",
          "Player2": "Juintatz",
          "Result": "0-2-0"
        },
        {
          "Player1": "TheRightStuff",
          "Player2": "komattaman",
          "Result": "2-0-0"
        },
        {
          "Player1": "Boucha",
          "Player2": "SanPop",
          "Result": "0-2-0"
        },
        {
          "Player1": "imthekiing",
          "Player2": "Pmizz",
          "Result": "0-2-0"
        },
        {
          "Player1": "musasabi",
          "Player2": "bless_von",
          "Result": "2-0-0"
        },
        {
          "Player1": "Happinessltd",
          "Player2": "_Joseba_",
          "Result": "0-2-0"
        },
        {
          "Player1": "HelpfulHobo",
          "Player2": "RespectTheCat",
          "Result": "2-0-0"
        },
        {
          "Player1": "manohito",
          "Player2": "vento1223",
          "Result": "0-2-0"
        },
        {
          "Player1": "Filip75",
          "Player2": "Selfeisek",
          "Result": "0-2-0"
        },
        {
          "Player1": "albertoSD",
          "Player2": "SPyromancer",
          "Result": "0-2-0"
        },
        {
          "Player1": "auzzie51",
          "Player2": "SimoCr",
          "Result": "0-2-0"
        },
        {
          "Player1": "triosk",
          "Player2": "XYATYL007",
          "Result": "2-0-0"
        },
        {
          "Player1": "VenerableLammasu",
          "Player2": "CrisMTG77",
          "Result": "2-0-0"
        },
        {
          "Player1": "Terminus0",
          "Player2": "alessandro81",
          "Result": "0-2-0"
        },
        {
          "Player1": "Foxantes",
          "Player2": "redmogg",
          "Result": "2-0-0"
        },
        {
          "Player1": "kristofff",
          "Player2": "JCspider",
          "Result": "0-2-0"
        },
        {
          "Player1": "nahuel10",
          "Player2": "RoosterCogburn",
          "Result": "2-0-0"
        },
        {
          "Player1": "Imaeda",
          "Player2": "soggymeatball",
          "Result": "0-0-0"
        }
      ]
    },
    {
      "RoundName": "Round 2",
      "Matches": [
        {
          "Player1": "RespectTheCat",
          "Player2": "XYATYL007",
          "Result": "0-2-0"
        },
        {
          "Player1": "imthekiing",
          "Player2": "CrisMTG77",
          "Result": "0-2-0"
        },
        {
          "Player1": "Terminus0",
          "Player2": "jvidarte",
          "Result": "2-0-0"
        },
        {
          "Player1": "musasabi",
          "Player2": "Foxantes",
          "Result": "2-0-0"
        },
        {
          "Player1": "triosk",
          "Player2": "SPyromancer",
          "Result": "0-0-0"
        },
        {
          "Player1": "manohito",
          "Player2": "RoosterCogburn",
          "Result": "2-0-0"
        },
        {
          "Player1": "Filip75",
          "Player2": "gazmon48",
          "Result": "0-2-0"
        },
        {
          "Player1": "kristofff",
          "Player2": "blazeuz231",
          "Result": "0-2-0"
        },
        {
          "Player1": "komattaman",
          "Player2": "reidq7",
          "Result": "0-2-0"
        },
        {
          "Player1": "Pmizz",
          "Player2": "TheRightStuff",
          "Result": "0-2-0"
        },
        {
          "Player1": "auzzie51",
          "Player2": "WeareVenom",
          "Result": "2-0-0"
        },
        {
          "Player1": "VenerableLammasu",
          "Player2": "vento1223",
          "Result": "2-0-0"
        },
        {
          "Player1": "Venom1",
          "Player2": "bless_von",
          "Result": "2-0-0"
        },
        {
          "Player1": "SimoCr",
          "Player2": "alessandro81",
          "Result": "2-0-0"
        },
        {
          "Player1": "HelpfulHobo",
          "Player2": "House565",
          "Result": "2-0-0"
        },
        {
          "Player1": "albertoSD",
          "Player2": "redmogg",
          "Result": "0-2-0"
        },
        {
          "Player1": "SanPop",
          "Player2": "Callenutg1",
          "Result": "1-2-0"
        },
        {
          "Player1": "Imaeda",
          "Player2": "Juintatz",
          "Result": "0-2-0"
        },
        {
          "Player1": "Selfeisek",
          "Player2": "_Joseba_",
          "Result": "0-2-0"
        },
        {
          "Player1": "Happinessltd",
          "Player2": "wcl",
          "Result": "2-0-0"
        },
        {
          "Player1": "Boucha",
          "Player2": "soggymeatball",
          "Result": "0-2-0"
        },
        {
          "Player1": "JCspider",
          "Player2": "tibalt_of_red_sub",
          "Result": "2-0-0"
        },
        {
          "Player1": "nahuel10",
          "Player2": "KeasbyKnight",
          "Result": "2-0-0"
        }
      ]
    },
    {
      "RoundName": "Round 3",
      "Matches": [
        {
          "Player1": "Boucha",
          "Player2": "Filip75",
          "Result": "0-2-0"
        },
        {
          "Player1": "Imaeda",
          "Player2": "redmogg",
          "Result": "0-0-0"
        },
        {
          "Player1": "musasabi",
          "Player2": "VenerableLammasu",
          "Result": "2-0-0"
        },
        {
          "Player1": "Venom1",
          "Player2": "Pmizz",
          "Result": "2-0-0"
        },
        {
          "Player1": "Happinessltd",
          "Player2": "reidq7",
          "Result": "0-2-0"
        },
        {
          "Player1": "Selfeisek",
          "Player2": "House565",
          "Result": "0-2-0"
        },
        {
          "Player1": "manohito",
          "Player2": "CrisMTG77",
          "Result": "2-0-0"
        },
        {
          "Player1": "nahuel10",
          "Player2": "blazeuz231",
          "Result": "2-0-0"
        },
        {
          "Player1": "Foxantes",
          "Player2": "Terminus0",
          "Result": "0-2-0"
        },
        {
          "Player1": "_Joseba_",
          "Player2": "Juintatz",
          "Result": "0-2-0"
        },
        {
          "Player1": "TheRightStuff",
          "Player2": "SimoCr",
          "Result": "0-2-0"
        },
        {
          "Player1": "tibalt_of_red_sub",
          "Player2": "SPyromancer",
          "Result": "0-2-0"
        },
        {
          "Player1": "soggymeatball",
          "Player2": "alessandro81",
          "Result": "2-0-0"
        },
        {
          "Player1": "SanPop",
          "Player2": "wcl",
          "Result": "2-0-0"
        },
        {
          "Player1": "gazmon48",
          "Player2": "vento1223",
          "Result": "2-0-0"
        },
        {
          "Player1": "auzzie51",
          "Player2": "XYATYL007",
          "Result": "0-2-0"
        },
        {
          "Player1": "imthekiing",
          "Player2": "RoosterCogburn",
          "Result": "2-0-0"
        },
        {
          "Player1": "triosk",
          "Player2": "HelpfulHobo",
          "Result": "2-0-0"
        },
        {
          "Player1": "JCspider",
          "Player2": "Callenutg1",
          "Result": "0-2-0"
        }
      ]
    },
    {
      "RoundName": "Round 4",
      "Matches": [
        {
          "Player1": "Imaeda",
          "Player2": "XYATYL007",
          "Result": "0-2-0"
        },
        {
          "Player1": "Happinessltd",
          "Player2": "auzzie51",
          "Result": "2-0-0"
        },
        {
          "Player1": "JCspider",
          "Player2": "TheRightStuff",
          "Result": "0-2-0"
        },
        {
          "Player1": "alessandro81",
          "Player2": "Filip75",
          "Result": "2-0-0"
        },
        {
          "Player1": "Venom1",
          "Player2": "HelpfulHobo",
          "Result": "2-0-0"
        },
        {
          "Player1": "soggymeatball",
          "Player2": "Terminus0",
          "Result": "0-2-0"
        },
        {
          "Player1": "nahuel10",
          "Player2": "Juintatz",
          "Result": "0-2-0"
        },
        {
          "Player1": "Pmizz",
          "Player2": "Selfeisek",
          "Result": "0-2-0"
        },
        {
          "Player1": "VenerableLammasu",
          "Player2": "_Joseba_",
          "Result": "2-0-0"
        },
        {
          "Player1": "musasabi",
          "Player2": "Callenutg1",
          "Result": "2-0-0"
        },
        {
          "Player1": "Foxantes",
          "Player2": "vento1223",
          "Result": "0-0-0"
        },
        {
          "Player1": "triosk",
          "Player2": "SimoCr",
          "Result": "0-0-0"
        },
        {
          "Player1": "manohito",
          "Player2": "reidq7",
          "Result": "0-2-0"
        },
        {
          "Player1": "kristofff",
          "Player2": "tibalt_of_red_sub",
          "Result": "2-0-0"
        },
        {
          "Player1": "SPyromancer",
          "Player2": "House565",
          "Result": "2-0-0"
        },
        {
          "Player1": "gazmon48",
          "Player2": "SanPop",
          "Result": "2-0-0"
        },
        {
          "Player1": "imthekiing",
          "Player2": "redmogg",
          "Result": "2-0-0"
        }
      ]
    },
    {
      "RoundName": "Round 5",
      "Matches": [
        {
          "Player1": "Selfeisek",
          "Player2": "Foxantes",
          "Result": "2-0-0"
        },
        {
          "Player1": "kristofff",
          "Player2": "soggymeatball",
          "Result": "0-2-0"
        },
        {
          "Player1": "imthekiing",
          "Player2": "Boucha",
          "Result": "2-0-0"
        },
        {
          "Player1": "SanPop",
          "Player2": "alessandro81",
          "Result": "2-0-0"
        },
        {
          "Player1": "musasabi",
          "Player2": "SimoCr",
          "Result": "0-2-0"
        },
        {
          "Player1": "TheRightStuff",
          "Player2": "Juintatz",
          "Result": "2-0-0"
        },
        {
          "Player1": "JCspider",
          "Player2": "Imaeda",
          "Result": "0-2-0"
        },
        {
          "Player1": "Venom1",
          "Player2": "XYATYL007",
          "Result": "2-1-0"
        },
        {
          "Player1": "gazmon48",
          "Player2": "Callenutg1",
          "Result": "0-2-0"
        },
        {
          "Player1": "triosk",
          "Player2": "VenerableLammasu",
          "Result": "2-0-0"
        },
        {
          "Player1": "Terminus0",
          "Player2": "SPyromancer",
          "Result": "0-2-0"
        },
        {
          "Player1": "Happinessltd",
          "Player2": "House565",
          "Result": "0-2-0"
        },
        {
          "Player1": "_Joseba_",
          "Player2": "manohito",
          "Result": "0-2-0"
        },
        {
          "Player1": "nahuel10",
          "Player2": "reidq7",
          "Result": "0-2-0"
        },
        {
          "Player1": "Pmizz",
          "Player2": "vento1223",
          "Result": "2-0-0"
        }
      ]
    },
    {
      "RoundName": "Round 6",
      "Matches": [
        {
          "Player1": "triosk",
          "Player2": "House565",
          "Result": "2-0-0"
        },
        {
          "Player1": "SPyromancer",
          "Player2": "reidq7",
          "Result": "2-0-0"
        },
        {
          "Player1": "Boucha",
          "Player2": "Foxantes",
          "Result": "2-0-0"
        },
        {
          "Player1": "_Joseba_",
          "Player2": "alessandro81",
          "Result": "2-0-0"
        },
        {
          "Player1": "musasabi",
          "Player2": "Juintatz",
          "Result": "0-2-0"
        },
        {
          "Player1": "imthekiing",
          "Player2": "Terminus0",
          "Result": "2-0-0"
        },
        {
          "Player1": "soggymeatball",
          "Player2": "SanPop",
          "Result": "0-2-0"
        },
        {
          "Player1": "Happinessltd",
          "Player2": "Pmizz",
          "Result": "0-2-0"
        },
        {
          "Player1": "VenerableLammasu",
          "Player2": "manohito",
          "Result": "0-2-0"
        },
        {
          "Player1": "Venom1",
          "Player2": "SimoCr",
          "Result": "2-0-0"
        },
        {
          "Player1": "Selfeisek",
          "Player2": "XYATYL007",
          "Result": "2-0-0"
        },
        {
          "Player1": "TheRightStuff",
          "Player2": "Callenutg1",
          "Result": "2-0-0"
        },
        {
          "Player1": "kristofff",
          "Player2": "Filip75",
          "Result": "0-2-0"
        },
        {
          "Player1": "Imaeda",
          "Player2": "nahuel10",
          "Result": "2-0-0"
        }
      ]
    },
    {
      "RoundName": "Round 7",
      "Matches": [
        {
          "Player1": "SimoCr",
          "Player2": "Callenutg1",
          "Result": "2-0-0"
        },
        {
          "Player1": "SPyromancer",
          "Player2": "Juintatz",
          "Result": "2-0-0"
        },
        {
          "Player1": "Venom1",
          "Player2": "TheRightStuff",
          "Result": "0-2-0"
        },
        {
          "Player1": "triosk",
          "Player2": "musasabi",
          "Result": "0-2-0"
        }
      ]
    },
    {
      "RoundName": "Round 8",
      "Matches": [
        {
          "Player1": "musasabi",
          "Player2": "TheRightStuff",
          "Result": "2-0-0"
        },
        {
          "Player1": "SimoCr",
          "Player2": "SPyromancer",
          "Result": "0-2-0"
        }
      ]
    },
    {
      "RoundName": "Round 9",
      "Matches": [
        {
          "Player1": "musasabi",
          "Player2": "SPyromancer",
          "Result": "0-2-0"
        }
      ]
    }
  ],
  "Standings": [
    {
      "Rank": 46,
      "Player": "jvidarte",
      "Points": 0,
      "Wins": 0,
      "Losses": 0,
      "Draws": 0,
      "OMWP": 0.4167,
      "GWP": 0,
      "OGWP": 0.381
    },
    {
      "Rank": 45,
      "Player": "RespectTheCat",
      "Points": 0,
      "Wins": 0,
      "Losses": 0,
      "Draws": 0,
      "OMWP": 0.5,
      "GWP": 0.3333,
      "OGWP": 0.5
    },
    {
      "Rank": 44,
      "Player": "albertoSD",
      "Points": 0,
      "Wins": 0,
      "Losses": 0,
      "Draws": 0,
      "OMWP": 0.5832999999999999,
      "GWP": 0,
      "OGWP": 0.5939
    },
    {
      "Rank": 43,
      "Player": "WeareVenom",
      "Points": 0,
      "Wins": 0,
      "Losses": 0,
      "Draws": 0,
      "OMWP": 0.5832999999999999,
      "GWP": 0.3333,
      "OGWP": 0.5655
    },
    {
      "Rank": 42,
      "Player": "RoosterCogburn",
      "Points": 0,
      "Wins": 0,
      "Losses": 0,
      "Draws": 0,
      "OMWP": 0.6111,
      "GWP": 0,
      "OGWP": 0.5921
    },
    {
      "Rank": 41,
      "Player": "bless_von",
      "Points": 0,
      "Wins": 0,
      "Losses": 0,
      "Draws": 0,
      "OMWP": 0.75,
      "GWP": 0,
      "OGWP": 0.6570999999999999
    },
    {
      "Rank": 40,
      "Player": "komattaman",
      "Points": 0,
      "Wins": 0,
      "Losses": 0,
      "Draws": 0,
      "OMWP": 0.75,
      "GWP": 0.2,
      "OGWP": 0.6696
    },
    {
      "Rank": 39,
      "Player": "tibalt_of_red_sub",
      "Points": 3,
      "Wins": 0,
      "Losses": 0,
      "Draws": 0,
      "OMWP": 0.475,
      "GWP": 0.3333,
      "OGWP": 0.47950000000000004
    },
    {
      "Rank": 38,
      "Player": "blazeuz231",
      "Points": 3,
      "Wins": 0,
      "Losses": 0,
      "Draws": 0,
      "OMWP": 0.5,
      "GWP": 0.375,
      "OGWP": 0.5238
    },
    {
      "Rank": 37,
      "Player": "auzzie51",
      "Points": 3,
      "Wins": 0,
      "Losses": 0,
      "Draws": 0,
      "OMWP": 0.5,
      "GWP": 0.4167,
      "OGWP": 0.49439999999999995
    },
    {
      "Rank": 36,
      "Player": "redmogg",
      "Points": 3,
      "Wins": 0,
      "Losses": 0,
      "Draws": 0,
      "OMWP": 0.5,
      "GWP": 0.4545,
      "OGWP": 0.48979999999999996
    },
    {
      "Rank": 35,
      "Player": "wcl",
      "Points": 3,
      "Wins": 0,
      "Losses": 0,
      "Draws": 0,
      "OMWP": 0.5333,
      "GWP": 0.4286,
      "OGWP": 0.5211
    },
    {
      "Rank": 34,
      "Player": "CrisMTG77",
      "Points": 3,
      "Wins": 0,
      "Losses": 0,
      "Draws": 0,
      "OMWP": 0.6111,
      "GWP": 0.44439999999999996,
      "OGWP": 0.5710999999999999
    },
    {
      "Rank": 33,
      "Player": "KeasbyKnight",
      "Points": 3,
      "Wins": 0,
      "Losses": 0,
      "Draws": 0,
      "OMWP": 0.6667000000000001,
      "GWP": 0.5,
      "OGWP": 0.6238
    },
    {
      "Rank": 32,
      "Player": "kristofff",
      "Points": 6,
      "Wins": 0,
      "Losses": 0,
      "Draws": 0,
      "OMWP": 0.4133,
      "GWP": 0.4667,
      "OGWP": 0.41859999999999997
    },
    {
      "Rank": 31,
      "Player": "Happinessltd",
      "Points": 6,
      "Wins": 0,
      "Losses": 0,
      "Draws": 0,
      "OMWP": 0.4722,
      "GWP": 0.375,
      "OGWP": 0.4999
    },
    {
      "Rank": 30,
      "Player": "Foxantes",
      "Points": 6,
      "Wins": 0,
      "Losses": 0,
      "Draws": 0,
      "OMWP": 0.4722,
      "GWP": 0.4118,
      "OGWP": 0.46880000000000005
    },
    {
      "Rank": 29,
      "Player": "vento1223",
      "Points": 6,
      "Wins": 0,
      "Losses": 0,
      "Draws": 0,
      "OMWP": 0.52,
      "GWP": 0.4667,
      "OGWP": 0.5056
    },
    {
      "Rank": 28,
      "Player": "Boucha",
      "Points": 6,
      "Wins": 0,
      "Losses": 0,
      "Draws": 0,
      "OMWP": 0.5333,
      "GWP": 0.2727,
      "OGWP": 0.5395
    },
    {
      "Rank": 27,
      "Player": "JCspider",
      "Points": 6,
      "Wins": 0,
      "Losses": 0,
      "Draws": 0,
      "OMWP": 0.5667,
      "GWP": 0.3846,
      "OGWP": 0.5314
    },
    {
      "Rank": 26,
      "Player": "alessandro81",
      "Points": 6,
      "Wins": 0,
      "Losses": 0,
      "Draws": 0,
      "OMWP": 0.5832999999999999,
      "GWP": 0.35710000000000003,
      "OGWP": 0.5568
    },
    {
      "Rank": 25,
      "Player": "HelpfulHobo",
      "Points": 6,
      "Wins": 0,
      "Losses": 0,
      "Draws": 0,
      "OMWP": 0.625,
      "GWP": 0.5,
      "OGWP": 0.5609000000000001
    },
    {
      "Rank": 24,
      "Player": "Filip75",
      "Points": 9,
      "Wins": 0,
      "Losses": 0,
      "Draws": 0,
      "OMWP": 0.4533,
      "GWP": 0.5,
      "OGWP": 0.4464
    },
    {
      "Rank": 23,
      "Player": "soggymeatball",
      "Points": 9,
      "Wins": 0,
      "Losses": 0,
      "Draws": 0,
      "OMWP": 0.4722,
      "GWP": 0.5,
      "OGWP": 0.4667
    },
    {
      "Rank": 22,
      "Player": "Terminus0",
      "Points": 9,
      "Wins": 0,
      "Losses": 0,
      "Draws": 0,
      "OMWP": 0.5,
      "GWP": 0.4286,
      "OGWP": 0.4964
    },
    {
      "Rank": 21,
      "Player": "gazmon48",
      "Points": 9,
      "Wins": 0,
      "Losses": 0,
      "Draws": 0,
      "OMWP": 0.5,
      "GWP": 0.5455,
      "OGWP": 0.5219
    },
    {
      "Rank": 20,
      "Player": "VenerableLammasu",
      "Points": 9,
      "Wins": 0,
      "Losses": 0,
      "Draws": 0,
      "OMWP": 0.5556,
      "GWP": 0.4706,
      "OGWP": 0.5463
    },
    {
      "Rank": 19,
      "Player": "_Joseba_",
      "Points": 9,
      "Wins": 0,
      "Losses": 0,
      "Draws": 0,
      "OMWP": 0.5556,
      "GWP": 0.5,
      "OGWP": 0.5077
    },
    {
      "Rank": 18,
      "Player": "nahuel10",
      "Points": 9,
      "Wins": 0,
      "Losses": 0,
      "Draws": 0,
      "OMWP": 0.5556,
      "GWP": 0.5333,
      "OGWP": 0.5197999999999999
    },
    {
      "Rank": 17,
      "Player": "XYATYL007",
      "Points": 9,
      "Wins": 0,
      "Losses": 0,
      "Draws": 0,
      "OMWP": 0.6111,
      "GWP": 0.5,
      "OGWP": 0.5386
    },
    {
      "Rank": 16,
      "Player": "Pmizz",
      "Points": 9,
      "Wins": 0,
      "Losses": 0,
      "Draws": 0,
      "OMWP": 0.6111,
      "GWP": 0.5,
      "OGWP": 0.5738
    },
    {
      "Rank": 15,
      "Player": "House565",
      "Points": 9,
      "Wins": 0,
      "Losses": 0,
      "Draws": 0,
      "OMWP": 0.6389,
      "GWP": 0.5294,
      "OGWP": 0.5716
    },
    {
      "Rank": 14,
      "Player": "imthekiing",
      "Points": 12,
      "Wins": 0,
      "Losses": 0,
      "Draws": 0,
      "OMWP": 0.3889,
      "GWP": 0.6429,
      "OGWP": 0.4157
    },
    {
      "Rank": 13,
      "Player": "manohito",
      "Points": 12,
      "Wins": 0,
      "Losses": 0,
      "Draws": 0,
      "OMWP": 0.44439999999999996,
      "GWP": 0.6,
      "OGWP": 0.4733
    },
    {
      "Rank": 12,
      "Player": "SanPop",
      "Points": 12,
      "Wins": 0,
      "Losses": 0,
      "Draws": 0,
      "OMWP": 0.4611,
      "GWP": 0.6429,
      "OGWP": 0.456
    },
    {
      "Rank": 11,
      "Player": "Selfeisek",
      "Points": 12,
      "Wins": 0,
      "Losses": 0,
      "Draws": 0,
      "OMWP": 0.4722,
      "GWP": 0.5294,
      "OGWP": 0.4902
    },
    {
      "Rank": 10,
      "Player": "Imaeda",
      "Points": 12,
      "Wins": 0,
      "Losses": 0,
      "Draws": 0,
      "OMWP": 0.5111,
      "GWP": 0.5714,
      "OGWP": 0.5145000000000001
    },
    {
      "Rank": 9,
      "Player": "reidq7",
      "Points": 12,
      "Wins": 0,
      "Losses": 0,
      "Draws": 0,
      "OMWP": 0.5278,
      "GWP": 0.625,
      "OGWP": 0.5174
    },
    {
      "Rank": 8,
      "Player": "Callenutg1",
      "Points": 12,
      "Wins": 0,
      "Losses": 0,
      "Draws": 0,
      "OMWP": 0.5832999999999999,
      "GWP": 0.5714,
      "OGWP": 0.5437
    },
    {
      "Rank": 7,
      "Player": "Venom1",
      "Points": 15,
      "Wins": 0,
      "Losses": 0,
      "Draws": 0,
      "OMWP": 0.5278,
      "GWP": 0.7143,
      "OGWP": 0.5171
    },
    {
      "Rank": 6,
      "Player": "Juintatz",
      "Points": 15,
      "Wins": 0,
      "Losses": 0,
      "Draws": 0,
      "OMWP": 0.5832999999999999,
      "GWP": 0.7143,
      "OGWP": 0.5421
    },
    {
      "Rank": 5,
      "Player": "triosk",
      "Points": 15,
      "Wins": 0,
      "Losses": 0,
      "Draws": 0,
      "OMWP": 0.6111,
      "GWP": 0.6667000000000001,
      "OGWP": 0.5838
    },
    {
      "Rank": 4,
      "Player": "TheRightStuff",
      "Points": 18,
      "Wins": 0,
      "Losses": 0,
      "Draws": 0,
      "OMWP": 0.5943999999999999,
      "GWP": 0.7143,
      "OGWP": 0.5455
    },
    {
      "Rank": 3,
      "Player": "SimoCr",
      "Points": 18,
      "Wins": 0,
      "Losses": 0,
      "Draws": 0,
      "OMWP": 0.6389,
      "GWP": 0.7692,
      "OGWP": 0.5782
    },
    {
      "Rank": 2,
      "Player": "musasabi",
      "Points": 18,
      "Wins": 0,
      "Losses": 0,
      "Draws": 0,
      "OMWP": 0.5832999999999999,
      "GWP": 0.6,
      "OGWP": 0.5451
    },
    {
      "Rank": 1,
      "Player": "SPyromancer",
      "Points": 24,
      "Wins": 0,
      "Losses": 0,
      "Draws": 0,
      "OMWP": 0.5278,
      "GWP": 0.7333,
      "OGWP": 0.4861
    }
  ]
}