{
  "Tournament": {
    "Id": 12802818,
    "Date": "2025-07-12T17:30:00",
    "Name": "Modern Challenge 64",
    "Uri": null,
    "JsonFile": null,
    "ForceRedownload": false
  },
  "Decks": null,
  "Rounds": [
    {
      "RoundName": "Round 1",
      "Matches": [
        {
          "Player1": "Zad1337",
          "Player2": "MagicalSnap",
          "Result": "0-2-0"
        },
        {
          "Player1": "PharmD_MTG",
          "Player2": "bleschat",
          "Result": "2-0-0"
        },
        {
          "Player1": "heredia593",
          "Player2": "fudgems",
          "Result": "0-2-0"
        },
        {
          "Player1": "MayoDominaria",
          "Player2": "myra00",
          "Result": "0-2-0"
        },
        {
          "Player1": "Fatal_Vlad",
          "Player2": "MarimoTaketori",
          "Result": "0-2-0"
        },
        {
          "Player1": "ShowTime_",
          "Player2": "KingLA_757",
          "Result": "0-2-0"
        },
        {
          "Player1": "Raydan",
          "Player2": "PASCU95",
          "Result": "0-0-0"
        },
        {
          "Player1": "PTarts2win",
          "Player2": "Knuto16",
          "Result": "2-0-0"
        },
        {
          "Player1": "Im2SneakyMTG",
          "Player2": "Tenco19",
          "Result": "0-2-0"
        },
        {
          "Player1": "Gamedaiv",
          "Player2": "PetrKikac1",
          "Result": "0-2-0"
        },
        {
          "Player1": "RespectTheCat",
          "Player2": "Taddy_99",
          "Result": "2-0-0"
        },
        {
          "Player1": "NickBolas90",
          "Player2": "TomCairns",
          "Result": "2-0-0"
        },
        {
          "Player1": "albybale93",
          "Player2": "Kris_Kav",
          "Result": "2-0-0"
        },
        {
          "Player1": "MLGSKELETONS",
          "Player2": "climbing_the_wall",
          "Result": "2-0-0"
        },
        {
          "Player1": "Misplacedginger",
          "Player2": "Xeralted",
          "Result": "2-0-0"
        },
        {
          "Player1": "Feitosa",
          "Player2": "Raptor_Nachos",
          "Result": "0-2-0"
        },
        {
          "Player1": "pizzangry",
          "Player2": "RowzCheese",
          "Result": "2-0-0"
        },
        {
          "Player1": "dj1993",
          "Player2": "habieh",
          "Result": "2-0-0"
        },
        {
          "Player1": "12azor",
          "Player2": "morenoHARDCORE",
          "Result": "2-0-0"
        },
        {
          "Player1": "solace",
          "Player2": "darklilou",
          "Result": "0-2-0"
        },
        {
          "Player1": "trunks132",
          "Player2": "Gerschi",
          "Result": "2-0-0"
        },
        {
          "Player1": "Alloran",
          "Player2": "xfile",
          "Result": "0-2-0"
        },
        {
          "Player1": "VitorCarvalho01",
          "Player2": "Ted_Casts_commons",
          "Result": "2-0-0"
        },
        {
          "Player1": "andrw1232",
          "Player2": "jev_",
          "Result": "0-2-0"
        },
        {
          "Player1": "LuckyLuce",
          "Player2": "GriselSram",
          "Result": "0-2-0"
        },
        {
          "Player1": "Slyvester3",
          "Player2": "Univerce",
          "Result": "2-0-0"
        },
        {
          "Player1": "WeareVenom",
          "Player2": "JahBoodle",
          "Result": "2-0-0"
        },
        {
          "Player1": "JakeTMS",
          "Player2": "Ant_Are_MTG",
          "Result": "2-0-0"
        },
        {
          "Player1": "John1111",
          "Player2": "Ryosis",
          "Result": "2-0-0"
        },
        {
          "Player1": "hugofreitas1",
          "Player2": "Brasatore",
          "Result": "0-2-0"
        },
        {
          "Player1": "LucasG1ggs",
          "Player2": "Rashek",
          "Result": "2-0-0"
        },
        {
          "Player1": "Mistakenn",
          "Player2": "xRagedFurballx",
          "Result": "2-0-0"
        },
        {
          "Player1": "Darthkid",
          "Player2": "SargonVito8",
          "Result": "2-0-0"
        },
        {
          "Player1": "parkss",
          "Player2": "RCMerriam",
          "Result": "2-0-0"
        },
        {
          "Player1": "KillaGerm",
          "Player2": "Alakai",
          "Result": "0-2-0"
        },
        {
          "Player1": "oeni",
          "Player2": "conconman",
          "Result": "2-0-0"
        },
        {
          "Player1": "ChironTheMage",
          "Player2": "MATTOMARINAIO",
          "Result": "2-0-0"
        },
        {
          "Player1": "Antarctica",
          "Player2": "MdvWin",
          "Result": "0-2-0"
        },
        {
          "Player1": "Badcookie",
          "Player2": "SafetyHazard",
          "Result": "2-0-0"
        },
        {
          "Player1": "Terribad",
          "Player2": "Cowpanda",
          "Result": "2-0-0"
        },
        {
          "Player1": "nahuel10",
          "Player2": "CptInglo",
          "Result": "2-0-0"
        },
        {
          "Player1": "Terminus0",
          "Player2": "Xenowan",
          "Result": "2-0-0"
        },
        {
          "Player1": "HappySandwich",
          "Player2": "TryParse",
          "Result": "0-2-0"
        },
        {
          "Player1": "Skpchino",
          "Player2": "hauterho",
          "Result": "0-2-0"
        },
        {
          "Player1": "Varo",
          "Player2": "Pietart",
          "Result": "0-2-0"
        },
        {
          "Player1": "NigelGregory",
          "Player2": "NotSnype315",
          "Result": "0-2-0"
        },
        {
          "Player1": "DemonicTutors",
          "Player2": "HcnHansell",
          "Result": "0-0-0"
        }
      ]
    },
    {
      "RoundName": "Round 2",
      "Matches": [
        {
          "Player1": "bleschat",
          "Player2": "climbing_the_wall",
          "Result": "2-0-0"
        },
        {
          "Player1": "Badcookie",
          "Player2": "fudgems",
          "Result": "0-2-0"
        },
        {
          "Player1": "Xenowan",
          "Player2": "Ant_Are_MTG",
          "Result": "2-1-0"
        },
        {
          "Player1": "trunks132",
          "Player2": "dj1993",
          "Result": "0-2-0"
        },
        {
          "Player1": "albybale93",
          "Player2": "GriselSram",
          "Result": "2-0-0"
        },
        {
          "Player1": "conconman",
          "Player2": "MATTOMARINAIO",
          "Result": "2-0-0"
        },
        {
          "Player1": "Antarctica",
          "Player2": "DemonicTutors",
          "Result": "2-0-0"
        },
        {
          "Player1": "hauterho",
          "Player2": "myra00",
          "Result": "2-0-0"
        },
        {
          "Player1": "VitorCarvalho01",
          "Player2": "Brasatore",
          "Result": "0-0-0"
        },
        {
          "Player1": "Raptor_Nachos",
          "Player2": "pizzangry",
          "Result": "0-2-0"
        },
        {
          "Player1": "Skpchino",
          "Player2": "JahBoodle",
          "Result": "0-2-0"
        },
        {
          "Player1": "darklilou",
          "Player2": "jev_",
          "Result": "2-0-0"
        },
        {
          "Player1": "ShowTime_",
          "Player2": "Xeralted",
          "Result": "2-0-0"
        },
        {
          "Player1": "Alloran",
          "Player2": "CptInglo",
          "Result": "1-2-0"
        },
        {
          "Player1": "xRagedFurballx",
          "Player2": "Univerce",
          "Result": "0-2-0"
        },
        {
          "Player1": "MagicalSnap",
          "Player2": "PharmD_MTG",
          "Result": "2-0-0"
        },
        {
          "Player1": "Ted_Casts_commons",
          "Player2": "Knuto16",
          "Result": "2-0-0"
        },
        {
          "Player1": "Slyvester3",
          "Player2": "MdvWin",
          "Result": "0-2-0"
        },
        {
          "Player1": "KillaGerm",
          "Player2": "Fatal_Vlad",
          "Result": "0-2-0"
        },
        {
          "Player1": "RCMerriam",
          "Player2": "morenoHARDCORE",
          "Result": "0-0-0"
        },
        {
          "Player1": "Mistakenn",
          "Player2": "Tenco19",
          "Result": "0-2-0"
        },
        {
          "Player1": "Gamedaiv",
          "Player2": "Im2SneakyMTG",
          "Result": "2-0-0"
        },
        {
          "Player1": "HappySandwich",
          "Player2": "TomCairns",
          "Result": "0-2-0"
        },
        {
          "Player1": "NigelGregory",
          "Player2": "andrw1232",
          "Result": "0-2-0"
        },
        {
          "Player1": "PTarts2win",
          "Player2": "PASCU95",
          "Result": "0-2-0"
        },
        {
          "Player1": "LuckyLuce",
          "Player2": "RespectTheCat",
          "Result": "0-2-0"
        },
        {
          "Player1": "Raydan",
          "Player2": "SargonVito8",
          "Result": "2-0-0"
        },
        {
          "Player1": "TryParse",
          "Player2": "KingLA_757",
          "Result": "2-0-0"
        },
        {
          "Player1": "Rashek",
          "Player2": "Kris_Kav",
          "Result": "0-2-0"
        },
        {
          "Player1": "Misplacedginger",
          "Player2": "12azor",
          "Result": "2-0-0"
        },
        {
          "Player1": "ChironTheMage",
          "Player2": "WeareVenom",
          "Result": "0-2-0"
        },
        {
          "Player1": "Feitosa",
          "Player2": "heredia593",
          "Result": "0-2-0"
        },
        {
          "Player1": "MayoDominaria",
          "Player2": "Cowpanda",
          "Result": "0-2-0"
        },
        {
          "Player1": "MLGSKELETONS",
          "Player2": "PetrKikac1",
          "Result": "0-2-0"
        },
        {
          "Player1": "Zad1337",
          "Player2": "hugofreitas1",
          "Result": "2-0-0"
        },
        {
          "Player1": "LucasG1ggs",
          "Player2": "JakeTMS",
          "Result": "2-0-0"
        },
        {
          "Player1": "xfile",
          "Player2": "John1111",
          "Result": "0-2-0"
        },
        {
          "Player1": "oeni",
          "Player2": "NotSnype315",
          "Result": "2-0-0"
        },
        {
          "Player1": "Pietart",
          "Player2": "Terminus0",
          "Result": "2-0-0"
        },
        {
          "Player1": "SafetyHazard",
          "Player2": "Taddy_99",
          "Result": "0-2-0"
        },
        {
          "Player1": "Darthkid",
          "Player2": "NickBolas90",
          "Result": "2-0-0"
        },
        {
          "Player1": "Varo",
          "Player2": "Ryosis",
          "Result": "0-2-0"
        },
        {
          "Player1": "Terribad",
          "Player2": "nahuel10",
          "Result": "2-0-0"
        },
        {
          "Player1": "Alakai",
          "Player2": "HcnHansell",
          "Result": "2-0-0"
        },
        {
          "Player1": "parkss",
          "Player2": "MarimoTaketori",
          "Result": "0-2-0"
        }
      ]
    },
    {
      "RoundName": "Round 3",
      "Matches": [
        {
          "Player1": "darklilou",
          "Player2": "Brasatore",
          "Result": "0-2-0"
        },
        {
          "Player1": "xfile",
          "Player2": "Taddy_99",
          "Result": "2-0-0"
        },
        {
          "Player1": "ChironTheMage",
          "Player2": "CptInglo",
          "Result": "2-0-0"
        },
        {
          "Player1": "KingLA_757",
          "Player2": "JakeTMS",
          "Result": "2-0-0"
        },
        {
          "Player1": "MayoDominaria",
          "Player2": "Knuto16",
          "Result": "2-0-0"
        },
        {
          "Player1": "Terminus0",
          "Player2": "heredia593",
          "Result": "0-2-0"
        },
        {
          "Player1": "oeni",
          "Player2": "dj1993",
          "Result": "2-0-0"
        },
        {
          "Player1": "parkss",
          "Player2": "NotSnype315",
          "Result": "0-2-0"
        },
        {
          "Player1": "Xenowan",
          "Player2": "Badcookie",
          "Result": "0-0-0"
        },
        {
          "Player1": "hauterho",
          "Player2": "WeareVenom",
          "Result": "2-0-0"
        },
        {
          "Player1": "trunks132",
          "Player2": "MLGSKELETONS",
          "Result": "0-0-0"
        },
        {
          "Player1": "MdvWin",
          "Player2": "RespectTheCat",
          "Result": "0-2-0"
        },
        {
          "Player1": "12azor",
          "Player2": "Univerce",
          "Result": "2-0-0"
        },
        {
          "Player1": "Raptor_Nachos",
          "Player2": "PharmD_MTG",
          "Result": "0-2-0"
        },
        {
          "Player1": "Gamedaiv",
          "Player2": "NickBolas90",
          "Result": "2-0-0"
        },
        {
          "Player1": "Raydan",
          "Player2": "GriselSram",
          "Result": "2-0-0"
        },
        {
          "Player1": "RCMerriam",
          "Player2": "SafetyHazard",
          "Result": "2-0-0"
        },
        {
          "Player1": "andrw1232",
          "Player2": "Fatal_Vlad",
          "Result": "2-0-0"
        },
        {
          "Player1": "PASCU95",
          "Player2": "fudgems",
          "Result": "2-0-0"
        },
        {
          "Player1": "Zad1337",
          "Player2": "Kris_Kav",
          "Result": "2-0-0"
        },
        {
          "Player1": "Antarctica",
          "Player2": "jev_",
          "Result": "0-2-0"
        },
        {
          "Player1": "Xeralted",
          "Player2": "climbing_the_wall",
          "Result": "0-2-0"
        },
        {
          "Player1": "conconman",
          "Player2": "PTarts2win",
          "Result": "2-0-0"
        },
        {
          "Player1": "LucasG1ggs",
          "Player2": "PetrKikac1",
          "Result": "2-0-0"
        },
        {
          "Player1": "Pietart",
          "Player2": "Tenco19",
          "Result": "2-0-0"
        },
        {
          "Player1": "xRagedFurballx",
          "Player2": "MATTOMARINAIO",
          "Result": "2-0-0"
        },
        {
          "Player1": "myra00",
          "Player2": "habieh",
          "Result": "0-2-0"
        },
        {
          "Player1": "MagicalSnap",
          "Player2": "pizzangry",
          "Result": "0-2-0"
        },
        {
          "Player1": "nahuel10",
          "Player2": "Ryosis",
          "Result": "0-2-0"
        },
        {
          "Player1": "VitorCarvalho01",
          "Player2": "TomCairns",
          "Result": "0-0-0"
        },
        {
          "Player1": "Terribad",
          "Player2": "Darthkid",
          "Result": "2-0-0"
        },
        {
          "Player1": "albybale93",
          "Player2": "John1111",
          "Result": "2-0-0"
        },
        {
          "Player1": "Slyvester3",
          "Player2": "JahBoodle",
          "Result": "2-0-0"
        },
        {
          "Player1": "Alloran",
          "Player2": "LuckyLuce",
          "Result": "0-2-0"
        },
        {
          "Player1": "Cowpanda",
          "Player2": "HcnHansell",
          "Result": "2-0-0"
        },
        {
          "Player1": "Misplacedginger",
          "Player2": "MarimoTaketori",
          "Result": "0-0-0"
        },
        {
          "Player1": "hugofreitas1",
          "Player2": "Rashek",
          "Result": "2-0-0"
        },
        {
          "Player1": "NigelGregory",
          "Player2": "morenoHARDCORE",
          "Result": "0-2-0"
        },
        {
          "Player1": "Alakai",
          "Player2": "TryParse",
          "Result": "2-0-0"
        },
        {
          "Player1": "Ted_Casts_commons",
          "Player2": "bleschat",
          "Result": "2-0-0"
        },
        {
          "Player1": "ShowTime_",
          "Player2": "Mistakenn",
          "Result": "0-2-0"
        }
      ]
    },
    {
      "RoundName": "Round 4",
      "Matches": [
        {
          "Player1": "albybale93",
          "Player2": "RespectTheCat",
          "Result": "0-2-0"
        },
        {
          "Player1": "John1111",
          "Player2": "morenoHARDCORE",
          "Result": "2-0-0"
        },
        {
          "Player1": "conconman",
          "Player2": "MagicalSnap",
          "Result": "0-2-0"
        },
        {
          "Player1": "NickBolas90",
          "Player2": "VitorCarvalho01",
          "Result": "2-0-0"
        },
        {
          "Player1": "Mistakenn",
          "Player2": "Gamedaiv",
          "Result": "0-2-0"
        },
        {
          "Player1": "Antarctica",
          "Player2": "Fatal_Vlad",
          "Result": "0-0-0"
        },
        {
          "Player1": "xRagedFurballx",
          "Player2": "bleschat",
          "Result": "0-0-0"
        },
        {
          "Player1": "xfile",
          "Player2": "TomCairns",
          "Result": "0-2-0"
        },
        {
          "Player1": "oeni",
          "Player2": "PASCU95",
          "Result": "0-2-0"
        },
        {
          "Player1": "Raptor_Nachos",
          "Player2": "Kris_Kav",
          "Result": "2-0-0"
        },
        {
          "Player1": "MLGSKELETONS",
          "Player2": "Ryosis",
          "Result": "0-2-0"
        },
        {
          "Player1": "Brasatore",
          "Player2": "pizzangry",
          "Result": "0-2-0"
        },
        {
          "Player1": "dj1993",
          "Player2": "fudgems",
          "Result": "0-0-0"
        },
        {
          "Player1": "NigelGregory",
          "Player2": "MATTOMARINAIO",
          "Result": "0-2-0"
        },
        {
          "Player1": "darklilou",
          "Player2": "NotSnype315",
          "Result": "0-0-0"
        },
        {
          "Player1": "Zad1337",
          "Player2": "KingLA_757",
          "Result": "2-0-0"
        },
        {
          "Player1": "PetrKikac1",
          "Player2": "Badcookie",
          "Result": "0-2-0"
        },
        {
          "Player1": "JahBoodle",
          "Player2": "climbing_the_wall",
          "Result": "2-0-0"
        },
        {
          "Player1": "RCMerriam",
          "Player2": "Ted_Casts_commons",
          "Result": "2-0-0"
        },
        {
          "Player1": "myra00",
          "Player2": "CptInglo",
          "Result": "0-2-0"
        },
        {
          "Player1": "Slyvester3",
          "Player2": "habieh",
          "Result": "2-0-0"
        },
        {
          "Player1": "Terribad",
          "Player2": "MarimoTaketori",
          "Result": "2-0-0"
        },
        {
          "Player1": "LucasG1ggs",
          "Player2": "hauterho",
          "Result": "0-2-0"
        },
        {
          "Player1": "LuckyLuce",
          "Player2": "JakeTMS",
          "Result": "0-2-0"
        },
        {
          "Player1": "Alakai",
          "Player2": "Pietart",
          "Result": "2-0-0"
        },
        {
          "Player1": "MdvWin",
          "Player2": "PharmD_MTG",
          "Result": "2-0-0"
        },
        {
          "Player1": "12azor",
          "Player2": "heredia593",
          "Result": "2-0-0"
        },
        {
          "Player1": "ChironTheMage",
          "Player2": "Darthkid",
          "Result": "2-0-0"
        },
        {
          "Player1": "Xenowan",
          "Player2": "Taddy_99",
          "Result": "2-0-0"
        },
        {
          "Player1": "MayoDominaria",
          "Player2": "hugofreitas1",
          "Result": "0-2-0"
        },
        {
          "Player1": "TryParse",
          "Player2": "jev_",
          "Result": "0-2-0"
        },
        {
          "Player1": "Misplacedginger",
          "Player2": "Tenco19",
          "Result": "2-0-0"
        },
        {
          "Player1": "Cowpanda",
          "Player2": "WeareVenom",
          "Result": "0-2-0"
        },
        {
          "Player1": "PTarts2win",
          "Player2": "Univerce",
          "Result": "0-2-0"
        },
        {
          "Player1": "nahuel10",
          "Player2": "HcnHansell",
          "Result": "0-2-0"
        },
        {
          "Player1": "Raydan",
          "Player2": "andrw1232",
          "Result": "0-2-0"
        }
      ]
    },
    {
      "RoundName": "Round 5",
      "Matches": [
        {
          "Player1": "MagicalSnap",
          "Player2": "jev_",
          "Result": "0-2-0"
        },
        {
          "Player1": "andrw1232",
          "Player2": "TomCairns",
          "Result": "2-0-0"
        },
        {
          "Player1": "Badcookie",
          "Player2": "Ryosis",
          "Result": "2-0-0"
        },
        {
          "Player1": "MayoDominaria",
          "Player2": "morenoHARDCORE",
          "Result": "2-0-0"
        },
        {
          "Player1": "PharmD_MTG",
          "Player2": "JahBoodle",
          "Result": "2-0-0"
        },
        {
          "Player1": "KingLA_757",
          "Player2": "Taddy_99",
          "Result": "0-2-0"
        },
        {
          "Player1": "Raydan",
          "Player2": "Ted_Casts_commons",
          "Result": "2-0-0"
        },
        {
          "Player1": "conconman",
          "Player2": "NickBolas90",
          "Result": "0-2-0"
        },
        {
          "Player1": "xfile",
          "Player2": "Univerce",
          "Result": "0-2-0"
        },
        {
          "Player1": "RespectTheCat",
          "Player2": "PASCU95",
          "Result": "0-2-0"
        },
        {
          "Player1": "oeni",
          "Player2": "WeareVenom",
          "Result": "2-0-0"
        },
        {
          "Player1": "hugofreitas1",
          "Player2": "Mistakenn",
          "Result": "2-0-0"
        },
        {
          "Player1": "MATTOMARINAIO",
          "Player2": "bleschat",
          "Result": "2-0-0"
        },
        {
          "Player1": "ChironTheMage",
          "Player2": "Brasatore",
          "Result": "0-0-0"
        },
        {
          "Player1": "Misplacedginger",
          "Player2": "darklilou",
          "Result": "0-2-0"
        },
        {
          "Player1": "MLGSKELETONS",
          "Player2": "Tenco19",
          "Result": "2-0-0"
        },
        {
          "Player1": "Pietart",
          "Player2": "Gamedaiv",
          "Result": "2-0-0"
        },
        {
          "Player1": "John1111",
          "Player2": "fudgems",
          "Result": "2-0-0"
        },
        {
          "Player1": "LuckyLuce",
          "Player2": "myra00",
          "Result": "2-0-0"
        },
        {
          "Player1": "Cowpanda",
          "Player2": "CptInglo",
          "Result": "2-0-0"
        },
        {
          "Player1": "Alloran",
          "Player2": "VitorCarvalho01",
          "Result": "0-2-0"
        },
        {
          "Player1": "JakeTMS",
          "Player2": "heredia593",
          "Result": "2-0-0"
        },
        {
          "Player1": "Alakai",
          "Player2": "pizzangry",
          "Result": "0-2-0"
        },
        {
          "Player1": "PetrKikac1",
          "Player2": "HcnHansell",
          "Result": "2-0-0"
        },
        {
          "Player1": "Xenowan",
          "Player2": "habieh",
          "Result": "2-0-0"
        },
        {
          "Player1": "Slyvester3",
          "Player2": "MarimoTaketori",
          "Result": "2-0-0"
        },
        {
          "Player1": "LucasG1ggs",
          "Player2": "Zad1337",
          "Result": "2-0-0"
        },
        {
          "Player1": "xRagedFurballx",
          "Player2": "TryParse",
          "Result": "2-0-0"
        },
        {
          "Player1": "Terribad",
          "Player2": "hauterho",
          "Result": "2-0-0"
        },
        {
          "Player1": "Raptor_Nachos",
          "Player2": "dj1993",
          "Result": "2-0-0"
        },
        {
          "Player1": "RCMerriam",
          "Player2": "12azor",
          "Result": "0-2-0"
        },
        {
          "Player1": "albybale93",
          "Player2": "MdvWin",
          "Result": "0-2-0"
        },
        {
          "Player1": "Darthkid",
          "Player2": "Fatal_Vlad",
          "Result": "2-0-0"
        }
      ]
    },
    {
      "RoundName": "Round 6",
      "Matches": [
        {
          "Player1": "LuckyLuce",
          "Player2": "climbing_the_wall",
          "Result": "2-0-0"
        },
        {
          "Player1": "darklilou",
          "Player2": "andrw1232",
          "Result": "2-0-0"
        },
        {
          "Player1": "hugofreitas1",
          "Player2": "Ryosis",
          "Result": "2-0-0"
        },
        {
          "Player1": "JahBoodle",
          "Player2": "Ted_Casts_commons",
          "Result": "2-0-0"
        },
        {
          "Player1": "VitorCarvalho01",
          "Player2": "HcnHansell",
          "Result": "0-2-0"
        },
        {
          "Player1": "Alakai",
          "Player2": "RespectTheCat",
          "Result": "0-2-0"
        },
        {
          "Player1": "MLGSKELETONS",
          "Player2": "Brasatore",
          "Result": "0-2-0"
        },
        {
          "Player1": "Zad1337",
          "Player2": "NickBolas90",
          "Result": "0-2-0"
        },
        {
          "Player1": "Raydan",
          "Player2": "xRagedFurballx",
          "Result": "0-2-0"
        },
        {
          "Player1": "Terribad",
          "Player2": "PASCU95",
          "Result": "0-2-0"
        },
        {
          "Player1": "hauterho",
          "Player2": "jev_",
          "Result": "0-2-0"
        },
        {
          "Player1": "Raptor_Nachos",
          "Player2": "JakeTMS",
          "Result": "2-0-0"
        },
        {
          "Player1": "12azor",
          "Player2": "Badcookie",
          "Result": "2-0-0"
        },
        {
          "Player1": "Misplacedginger",
          "Player2": "Darthkid",
          "Result": "2-0-0"
        },
        {
          "Player1": "oeni",
          "Player2": "John1111",
          "Result": "0-2-0"
        },
        {
          "Player1": "LucasG1ggs",
          "Player2": "ChironTheMage",
          "Result": "2-0-0"
        },
        {
          "Player1": "Alloran",
          "Player2": "morenoHARDCORE",
          "Result": "0-2-0"
        },
        {
          "Player1": "TryParse",
          "Player2": "CptInglo",
          "Result": "0-2-0"
        },
        {
          "Player1": "Univerce",
          "Player2": "TomCairns",
          "Result": "0-2-0"
        },
        {
          "Player1": "WeareVenom",
          "Player2": "fudgems",
          "Result": "2-0-0"
        },
        {
          "Player1": "Pietart",
          "Player2": "MdvWin",
          "Result": "2-0-0"
        },
        {
          "Player1": "Xenowan",
          "Player2": "PharmD_MTG",
          "Result": "2-0-0"
        },
        {
          "Player1": "MayoDominaria",
          "Player2": "dj1993",
          "Result": "0-0-0"
        },
        {
          "Player1": "MagicalSnap",
          "Player2": "PetrKikac1",
          "Result": "0-2-0"
        },
        {
          "Player1": "Slyvester3",
          "Player2": "pizzangry",
          "Result": "0-0-0"
        },
        {
          "Player1": "Taddy_99",
          "Player2": "Tenco19",
          "Result": "0-0-0"
        },
        {
          "Player1": "Cowpanda",
          "Player2": "albybale93",
          "Result": "1-2-0"
        },
        {
          "Player1": "RCMerriam",
          "Player2": "MarimoTaketori",
          "Result": "1-2-0"
        },
        {
          "Player1": "MATTOMARINAIO",
          "Player2": "heredia593",
          "Result": "2-0-0"
        }
      ]
    },
    {
      "RoundName": "Round 7",
      "Matches": [
        {
          "Player1": "MagicalSnap",
          "Player2": "CptInglo",
          "Result": "2-0-0"
        },
        {
          "Player1": "morenoHARDCORE",
          "Player2": "VitorCarvalho01",
          "Result": "0-2-0"
        },
        {
          "Player1": "Misplacedginger",
          "Player2": "ChironTheMage",
          "Result": "2-0-0"
        },
        {
          "Player1": "John1111",
          "Player2": "jev_",
          "Result": "0-2-0"
        },
        {
          "Player1": "RCMerriam",
          "Player2": "PharmD_MTG",
          "Result": "2-0-0"
        },
        {
          "Player1": "Terribad",
          "Player2": "Pietart",
          "Result": "2-0-0"
        },
        {
          "Player1": "hugofreitas1",
          "Player2": "Badcookie",
          "Result": "0-2-0"
        },
        {
          "Player1": "LucasG1ggs",
          "Player2": "RespectTheCat",
          "Result": "0-2-0"
        },
        {
          "Player1": "MATTOMARINAIO",
          "Player2": "JahBoodle",
          "Result": "2-0-0"
        },
        {
          "Player1": "hauterho",
          "Player2": "Raptor_Nachos",
          "Result": "2-0-0"
        },
        {
          "Player1": "Darthkid",
          "Player2": "fudgems",
          "Result": "0-0-0"
        },
        {
          "Player1": "LuckyLuce",
          "Player2": "Tenco19",
          "Result": "0-2-0"
        },
        {
          "Player1": "oeni",
          "Player2": "TomCairns",
          "Result": "0-2-0"
        },
        {
          "Player1": "Zad1337",
          "Player2": "HcnHansell",
          "Result": "2-0-0"
        },
        {
          "Player1": "Alloran",
          "Player2": "heredia593",
          "Result": "2-0-0"
        },
        {
          "Player1": "MdvWin",
          "Player2": "PetrKikac1",
          "Result": "0-2-0"
        },
        {
          "Player1": "Cowpanda",
          "Player2": "JakeTMS",
          "Result": "2-0-0"
        },
        {
          "Player1": "Ted_Casts_commons",
          "Player2": "Taddy_99",
          "Result": "2-0-0"
        },
        {
          "Player1": "12azor",
          "Player2": "PASCU95",
          "Result": "0-2-0"
        },
        {
          "Player1": "Raydan",
          "Player2": "Univerce",
          "Result": "0-2-0"
        },
        {
          "Player1": "Brasatore",
          "Player2": "NickBolas90",
          "Result": "0-2-0"
        },
        {
          "Player1": "andrw1232",
          "Player2": "MarimoTaketori",
          "Result": "0-2-0"
        },
        {
          "Player1": "darklilou",
          "Player2": "Slyvester3",
          "Result": "2-0-0"
        },
        {
          "Player1": "xRagedFurballx",
          "Player2": "pizzangry",
          "Result": "0-2-0"
        },
        {
          "Player1": "albybale93",
          "Player2": "WeareVenom",
          "Result": "2-0-0"
        },
        {
          "Player1": "MayoDominaria",
          "Player2": "MLGSKELETONS",
          "Result": "0-2-0"
        },
        {
          "Player1": "Alakai",
          "Player2": "Xenowan",
          "Result": "0-0-0"
        }
      ]
    },
    {
      "RoundName": "Round 8",
      "Matches": [
        {
          "Player1": "Terribad",
          "Player2": "Slyvester3",
          "Result": "2-0-0"
        },
        {
          "Player1": "Misplacedginger",
          "Player2": "PASCU95",
          "Result": "0-2-0"
        },
        {
          "Player1": "darklilou",
          "Player2": "jev_",
          "Result": "2-0-0"
        },
        {
          "Player1": "RespectTheCat",
          "Player2": "pizzangry",
          "Result": "0-2-0"
        }
      ]
    },
    {
      "RoundName": "Round 9",
      "Matches": [
        {
          "Player1": "Terribad",
          "Player2": "pizzangry",
          "Result": "0-2-0"
        },
        {
          "Player1": "darklilou",
          "Player2": "PASCU95",
          "Result": "2-0-0"
        }
      ]
    },
    {
      "RoundName": "Round 10",
      "Matches": [
        {
          "Player1": "darklilou",
          "Player2": "pizzangry",
          "Result": "0-2-0"
        }
      ]
    }
  ],
  "Standings": [
    {
      "Rank": 94,
      "Player": "Gerschi",
      "Points": 0,
      "Wins": 0,
      "Losses": 0,
      "Draws": 0,
      "OMWP": 0.3333,
      "GWP": 0.3333,
      "OGWP": 0.375
    },
    {
      "Rank": 93,
      "Player": "DemonicTutors",
      "Points": 0,
      "Wins": 0,
      "Losses": 0,
      "Draws": 0,
      "OMWP": 0.381,
      "GWP": 0,
      "OGWP": 0.4314
    },
    {
      "Rank": 92,
      "Player": "Knuto16",
      "Points": 0,
      "Wins": 0,
      "Losses": 0,
      "Draws": 0,
      "OMWP": 0.3968,
      "GWP": 0.1429,
      "OGWP": 0.4292
    },
    {
      "Rank": 91,
      "Player": "Feitosa",
      "Points": 0,
      "Wins": 0,
      "Losses": 0,
      "Draws": 0,
      "OMWP": 0.4524,
      "GWP": 0,
      "OGWP": 0.4889
    },
    {
      "Rank": 90,
      "Player": "Xeralted",
      "Points": 0,
      "Wins": 0,
      "Losses": 0,
      "Draws": 0,
      "OMWP": 0.4603,
      "GWP": 0.1429,
      "OGWP": 0.4815
    },
    {
      "Rank": 89,
      "Player": "NigelGregory",
      "Points": 0,
      "Wins": 0,
      "Losses": 0,
      "Draws": 0,
      "OMWP": 0.494,
      "GWP": 0.2727,
      "OGWP": 0.47619999999999996
    },
    {
      "Rank": 88,
      "Player": "SargonVito8",
      "Points": 0,
      "Wins": 0,
      "Losses": 0,
      "Draws": 0,
      "OMWP": 0.5,
      "GWP": 0,
      "OGWP": 0.5263
    },
    {
      "Rank": 87,
      "Player": "Ant_Are_MTG",
      "Points": 0,
      "Wins": 0,
      "Losses": 0,
      "Draws": 0,
      "OMWP": 0.5,
      "GWP": 0.2,
      "OGWP": 0.4722
    },
    {
      "Rank": 86,
      "Player": "HappySandwich",
      "Points": 0,
      "Wins": 0,
      "Losses": 0,
      "Draws": 0,
      "OMWP": 0.5238,
      "GWP": 0.2,
      "OGWP": 0.4841
    },
    {
      "Rank": 85,
      "Player": "SafetyHazard",
      "Points": 0,
      "Wins": 0,
      "Losses": 0,
      "Draws": 0,
      "OMWP": 0.5397,
      "GWP": 0,
      "OGWP": 0.5109
    },
    {
      "Rank": 84,
      "Player": "Rashek",
      "Points": 0,
      "Wins": 0,
      "Losses": 0,
      "Draws": 0,
      "OMWP": 0.5397,
      "GWP": 0.25,
      "OGWP": 0.4935
    },
    {
      "Rank": 83,
      "Player": "KillaGerm",
      "Points": 0,
      "Wins": 0,
      "Losses": 0,
      "Draws": 0,
      "OMWP": 0.5571,
      "GWP": 0.3333,
      "OGWP": 0.5466
    },
    {
      "Rank": 82,
      "Player": "Skpchino",
      "Points": 0,
      "Wins": 0,
      "Losses": 0,
      "Draws": 0,
      "OMWP": 0.5714,
      "GWP": 0,
      "OGWP": 0.5667
    },
    {
      "Rank": 81,
      "Player": "Im2SneakyMTG",
      "Points": 0,
      "Wins": 0,
      "Losses": 0,
      "Draws": 0,
      "OMWP": 0.5857,
      "GWP": 0.3333,
      "OGWP": 0.5564
    },
    {
      "Rank": 80,
      "Player": "Varo",
      "Points": 0,
      "Wins": 0,
      "Losses": 0,
      "Draws": 0,
      "OMWP": 0.6071,
      "GWP": 0,
      "OGWP": 0.625
    },
    {
      "Rank": 79,
      "Player": "solace",
      "Points": 0,
      "Wins": 0,
      "Losses": 0,
      "Draws": 0,
      "OMWP": 0.8571,
      "GWP": 0,
      "OGWP": 0.7222
    },
    {
      "Rank": 78,
      "Player": "RowzCheese",
      "Points": 0,
      "Wins": 0,
      "Losses": 0,
      "Draws": 0,
      "OMWP": 0.8571,
      "GWP": 0.3333,
      "OGWP": 0.75
    },
    {
      "Rank": 77,
      "Player": "ShowTime_",
      "Points": 3,
      "Wins": 0,
      "Losses": 0,
      "Draws": 0,
      "OMWP": 0.3778,
      "GWP": 0.5,
      "OGWP": 0.3822
    },
    {
      "Rank": 76,
      "Player": "trunks132",
      "Points": 3,
      "Wins": 0,
      "Losses": 0,
      "Draws": 0,
      "OMWP": 0.4127,
      "GWP": 0.375,
      "OGWP": 0.4518
    },
    {
      "Rank": 75,
      "Player": "bleschat",
      "Points": 3,
      "Wins": 0,
      "Losses": 0,
      "Draws": 0,
      "OMWP": 0.4667,
      "GWP": 0.2,
      "OGWP": 0.48229999999999995
    },
    {
      "Rank": 74,
      "Player": "myra00",
      "Points": 3,
      "Wins": 0,
      "Losses": 0,
      "Draws": 0,
      "OMWP": 0.48,
      "GWP": 0.4,
      "OGWP": 0.49560000000000004
    },
    {
      "Rank": 73,
      "Player": "GriselSram",
      "Points": 3,
      "Wins": 0,
      "Losses": 0,
      "Draws": 0,
      "OMWP": 0.5238,
      "GWP": 0.3333,
      "OGWP": 0.5458
    },
    {
      "Rank": 72,
      "Player": "Terminus0",
      "Points": 3,
      "Wins": 0,
      "Losses": 0,
      "Draws": 0,
      "OMWP": 0.5397,
      "GWP": 0.3333,
      "OGWP": 0.544
    },
    {
      "Rank": 71,
      "Player": "Antarctica",
      "Points": 3,
      "Wins": 0,
      "Losses": 0,
      "Draws": 0,
      "OMWP": 0.5405,
      "GWP": 0.3333,
      "OGWP": 0.501
    },
    {
      "Rank": 70,
      "Player": "Kris_Kav",
      "Points": 3,
      "Wins": 0,
      "Losses": 0,
      "Draws": 0,
      "OMWP": 0.5476,
      "GWP": 0.3,
      "OGWP": 0.49439999999999995
    },
    {
      "Rank": 69,
      "Player": "nahuel10",
      "Points": 3,
      "Wins": 0,
      "Losses": 0,
      "Draws": 0,
      "OMWP": 0.5536,
      "GWP": 0.3333,
      "OGWP": 0.5550999999999999
    },
    {
      "Rank": 68,
      "Player": "PTarts2win",
      "Points": 3,
      "Wins": 0,
      "Losses": 0,
      "Draws": 0,
      "OMWP": 0.5761999999999999,
      "GWP": 0.4,
      "OGWP": 0.48350000000000004
    },
    {
      "Rank": 67,
      "Player": "parkss",
      "Points": 3,
      "Wins": 0,
      "Losses": 0,
      "Draws": 0,
      "OMWP": 0.5952000000000001,
      "GWP": 0.375,
      "OGWP": 0.5905
    },
    {
      "Rank": 66,
      "Player": "Alloran",
      "Points": 6,
      "Wins": 0,
      "Losses": 0,
      "Draws": 0,
      "OMWP": 0.3921,
      "GWP": 0.3889,
      "OGWP": 0.44270000000000004
    },
    {
      "Rank": 65,
      "Player": "KingLA_757",
      "Points": 6,
      "Wins": 0,
      "Losses": 0,
      "Draws": 0,
      "OMWP": 0.4,
      "GWP": 0.4286,
      "OGWP": 0.42700000000000005
    },
    {
      "Rank": 64,
      "Player": "climbing_the_wall",
      "Points": 6,
      "Wins": 0,
      "Losses": 0,
      "Draws": 0,
      "OMWP": 0.419,
      "GWP": 0.25,
      "OGWP": 0.4561
    },
    {
      "Rank": 63,
      "Player": "heredia593",
      "Points": 6,
      "Wins": 0,
      "Losses": 0,
      "Draws": 0,
      "OMWP": 0.449,
      "GWP": 0.44439999999999996,
      "OGWP": 0.45909999999999995
    },
    {
      "Rank": 62,
      "Player": "dj1993",
      "Points": 6,
      "Wins": 0,
      "Losses": 0,
      "Draws": 0,
      "OMWP": 0.4556,
      "GWP": 0.375,
      "OGWP": 0.4669
    },
    {
      "Rank": 61,
      "Player": "habieh",
      "Points": 6,
      "Wins": 0,
      "Losses": 0,
      "Draws": 0,
      "OMWP": 0.48810000000000003,
      "GWP": 0.4167,
      "OGWP": 0.4805
    },
    {
      "Rank": 60,
      "Player": "morenoHARDCORE",
      "Points": 6,
      "Wins": 0,
      "Losses": 0,
      "Draws": 0,
      "OMWP": 0.5034000000000001,
      "GWP": 0.36840000000000006,
      "OGWP": 0.5012
    },
    {
      "Rank": 59,
      "Player": "Fatal_Vlad",
      "Points": 6,
      "Wins": 0,
      "Losses": 0,
      "Draws": 0,
      "OMWP": 0.5047999999999999,
      "GWP": 0.46149999999999997,
      "OGWP": 0.485
    },
    {
      "Rank": 58,
      "Player": "Taddy_99",
      "Points": 6,
      "Wins": 0,
      "Losses": 0,
      "Draws": 0,
      "OMWP": 0.5088,
      "GWP": 0.3333,
      "OGWP": 0.4875
    },
    {
      "Rank": 57,
      "Player": "NotSnype315",
      "Points": 6,
      "Wins": 0,
      "Losses": 0,
      "Draws": 0,
      "OMWP": 0.5238,
      "GWP": 0.4545,
      "OGWP": 0.4965
    },
    {
      "Rank": 56,
      "Player": "Mistakenn",
      "Points": 6,
      "Wins": 0,
      "Losses": 0,
      "Draws": 0,
      "OMWP": 0.5295000000000001,
      "GWP": 0.3846,
      "OGWP": 0.5337
    },
    {
      "Rank": 55,
      "Player": "xfile",
      "Points": 6,
      "Wins": 0,
      "Losses": 0,
      "Draws": 0,
      "OMWP": 0.5333,
      "GWP": 0.46149999999999997,
      "OGWP": 0.4867
    },
    {
      "Rank": 54,
      "Player": "TryParse",
      "Points": 6,
      "Wins": 0,
      "Losses": 0,
      "Draws": 0,
      "OMWP": 0.5508,
      "GWP": 0.35710000000000003,
      "OGWP": 0.5264
    },
    {
      "Rank": 53,
      "Player": "conconman",
      "Points": 6,
      "Wins": 0,
      "Losses": 0,
      "Draws": 0,
      "OMWP": 0.5524,
      "GWP": 0.3636,
      "OGWP": 0.5522
    },
    {
      "Rank": 52,
      "Player": "Ted_Casts_commons",
      "Points": 9,
      "Wins": 0,
      "Losses": 0,
      "Draws": 0,
      "OMWP": 0.4082,
      "GWP": 0.4375,
      "OGWP": 0.43450000000000005
    },
    {
      "Rank": 51,
      "Player": "CptInglo",
      "Points": 9,
      "Wins": 0,
      "Losses": 0,
      "Draws": 0,
      "OMWP": 0.4354,
      "GWP": 0.44439999999999996,
      "OGWP": 0.43829999999999997
    },
    {
      "Rank": 50,
      "Player": "MayoDominaria",
      "Points": 9,
      "Wins": 0,
      "Losses": 0,
      "Draws": 0,
      "OMWP": 0.4354,
      "GWP": 0.45,
      "OGWP": 0.45
    },
    {
      "Rank": 49,
      "Player": "LuckyLuce",
      "Points": 9,
      "Wins": 0,
      "Losses": 0,
      "Draws": 0,
      "OMWP": 0.4558,
      "GWP": 0.5,
      "OGWP": 0.45020000000000004
    },
    {
      "Rank": 48,
      "Player": "JakeTMS",
      "Points": 9,
      "Wins": 0,
      "Losses": 0,
      "Draws": 0,
      "OMWP": 0.4789,
      "GWP": 0.44439999999999996,
      "OGWP": 0.4876
    },
    {
      "Rank": 47,
      "Player": "JahBoodle",
      "Points": 9,
      "Wins": 0,
      "Losses": 0,
      "Draws": 0,
      "OMWP": 0.483,
      "GWP": 0.4667,
      "OGWP": 0.4855
    },
    {
      "Rank": 46,
      "Player": "VitorCarvalho01",
      "Points": 9,
      "Wins": 0,
      "Losses": 0,
      "Draws": 0,
      "OMWP": 0.5034000000000001,
      "GWP": 0.4375,
      "OGWP": 0.5033
    },
    {
      "Rank": 45,
      "Player": "PharmD_MTG",
      "Points": 9,
      "Wins": 0,
      "Losses": 0,
      "Draws": 0,
      "OMWP": 0.517,
      "GWP": 0.5294,
      "OGWP": 0.49310000000000004
    },
    {
      "Rank": 44,
      "Player": "HcnHansell",
      "Points": 9,
      "Wins": 0,
      "Losses": 0,
      "Draws": 0,
      "OMWP": 0.5238,
      "GWP": 0.5294,
      "OGWP": 0.4839
    },
    {
      "Rank": 43,
      "Player": "Ryosis",
      "Points": 9,
      "Wins": 0,
      "Losses": 0,
      "Draws": 0,
      "OMWP": 0.5397,
      "GWP": 0.5625,
      "OGWP": 0.5003
    },
    {
      "Rank": 42,
      "Player": "Raydan",
      "Points": 9,
      "Wins": 0,
      "Losses": 0,
      "Draws": 0,
      "OMWP": 0.5442,
      "GWP": 0.5263,
      "OGWP": 0.489
    },
    {
      "Rank": 41,
      "Player": "Gamedaiv",
      "Points": 9,
      "Wins": 0,
      "Losses": 0,
      "Draws": 0,
      "OMWP": 0.5752,
      "GWP": 0.5832999999999999,
      "OGWP": 0.5436
    },
    {
      "Rank": 40,
      "Player": "fudgems",
      "Points": 9,
      "Wins": 0,
      "Losses": 0,
      "Draws": 0,
      "OMWP": 0.6053999999999999,
      "GWP": 0.4706,
      "OGWP": 0.5476
    },
    {
      "Rank": 39,
      "Player": "MATTOMARINAIO",
      "Points": 12,
      "Wins": 0,
      "Losses": 0,
      "Draws": 0,
      "OMWP": 0.42450000000000004,
      "GWP": 0.5556,
      "OGWP": 0.42810000000000004
    },
    {
      "Rank": 38,
      "Player": "Xenowan",
      "Points": 12,
      "Wins": 0,
      "Losses": 0,
      "Draws": 0,
      "OMWP": 0.4653,
      "GWP": 0.5,
      "OGWP": 0.4523
    },
    {
      "Rank": 37,
      "Player": "RCMerriam",
      "Points": 12,
      "Wins": 0,
      "Losses": 0,
      "Draws": 0,
      "OMWP": 0.4694,
      "GWP": 0.6111,
      "OGWP": 0.491
    },
    {
      "Rank": 36,
      "Player": "Raptor_Nachos",
      "Points": 12,
      "Wins": 0,
      "Losses": 0,
      "Draws": 0,
      "OMWP": 0.48979999999999996,
      "GWP": 0.5333,
      "OGWP": 0.4903
    },
    {
      "Rank": 35,
      "Player": "MLGSKELETONS",
      "Points": 12,
      "Wins": 0,
      "Losses": 0,
      "Draws": 0,
      "OMWP": 0.4932,
      "GWP": 0.6470999999999999,
      "OGWP": 0.48219999999999996
    },
    {
      "Rank": 34,
      "Player": "Tenco19",
      "Points": 12,
      "Wins": 0,
      "Losses": 0,
      "Draws": 0,
      "OMWP": 0.4993,
      "GWP": 0.5294,
      "OGWP": 0.4996
    },
    {
      "Rank": 33,
      "Player": "xRagedFurballx",
      "Points": 12,
      "Wins": 0,
      "Losses": 0,
      "Draws": 0,
      "OMWP": 0.4993,
      "GWP": 0.5556,
      "OGWP": 0.4867
    },
    {
      "Rank": 32,
      "Player": "hugofreitas1",
      "Points": 12,
      "Wins": 0,
      "Losses": 0,
      "Draws": 0,
      "OMWP": 0.5027,
      "GWP": 0.5,
      "OGWP": 0.47409999999999997
    },
    {
      "Rank": 31,
      "Player": "Zad1337",
      "Points": 12,
      "Wins": 0,
      "Losses": 0,
      "Draws": 0,
      "OMWP": 0.5333,
      "GWP": 0.5,
      "OGWP": 0.5268999999999999
    },
    {
      "Rank": 30,
      "Player": "Cowpanda",
      "Points": 12,
      "Wins": 0,
      "Losses": 0,
      "Draws": 0,
      "OMWP": 0.551,
      "GWP": 0.5263,
      "OGWP": 0.5323
    },
    {
      "Rank": 29,
      "Player": "Univerce",
      "Points": 12,
      "Wins": 0,
      "Losses": 0,
      "Draws": 0,
      "OMWP": 0.5537,
      "GWP": 0.5,
      "OGWP": 0.5556
    },
    {
      "Rank": 28,
      "Player": "WeareVenom",
      "Points": 12,
      "Wins": 0,
      "Losses": 0,
      "Draws": 0,
      "OMWP": 0.5714,
      "GWP": 0.5625,
      "OGWP": 0.5424
    },
    {
      "Rank": 27,
      "Player": "Darthkid",
      "Points": 12,
      "Wins": 0,
      "Losses": 0,
      "Draws": 0,
      "OMWP": 0.5740999999999999,
      "GWP": 0.5263,
      "OGWP": 0.5355
    },
    {
      "Rank": 26,
      "Player": "ChironTheMage",
      "Points": 12,
      "Wins": 0,
      "Losses": 0,
      "Draws": 0,
      "OMWP": 0.5918,
      "GWP": 0.5,
      "OGWP": 0.5496
    },
    {
      "Rank": 25,
      "Player": "oeni",
      "Points": 12,
      "Wins": 0,
      "Losses": 0,
      "Draws": 0,
      "OMWP": 0.6048,
      "GWP": 0.5556,
      "OGWP": 0.5291
    },
    {
      "Rank": 24,
      "Player": "MagicalSnap",
      "Points": 12,
      "Wins": 0,
      "Losses": 0,
      "Draws": 0,
      "OMWP": 0.6082,
      "GWP": 0.5625,
      "OGWP": 0.5682
    },
    {
      "Rank": 23,
      "Player": "andrw1232",
      "Points": 12,
      "Wins": 0,
      "Losses": 0,
      "Draws": 0,
      "OMWP": 0.615,
      "GWP": 0.5263,
      "OGWP": 0.5893
    },
    {
      "Rank": 22,
      "Player": "MdvWin",
      "Points": 12,
      "Wins": 0,
      "Losses": 0,
      "Draws": 0,
      "OMWP": 0.6395000000000001,
      "GWP": 0.44439999999999996,
      "OGWP": 0.5937
    },
    {
      "Rank": 21,
      "Player": "Brasatore",
      "Points": 12,
      "Wins": 0,
      "Losses": 0,
      "Draws": 0,
      "OMWP": 0.6531,
      "GWP": 0.5,
      "OGWP": 0.6063000000000001
    },
    {
      "Rank": 20,
      "Player": "TomCairns",
      "Points": 15,
      "Wins": 0,
      "Losses": 0,
      "Draws": 0,
      "OMWP": 0.5129,
      "GWP": 0.6111,
      "OGWP": 0.5002
    },
    {
      "Rank": 19,
      "Player": "John1111",
      "Points": 15,
      "Wins": 0,
      "Losses": 0,
      "Draws": 0,
      "OMWP": 0.5435,
      "GWP": 0.6,
      "OGWP": 0.5421
    },
    {
      "Rank": 18,
      "Player": "Badcookie",
      "Points": 15,
      "Wins": 0,
      "Losses": 0,
      "Draws": 0,
      "OMWP": 0.5476,
      "GWP": 0.5882000000000001,
      "OGWP": 0.5256000000000001
    },
    {
      "Rank": 17,
      "Player": "NickBolas90",
      "Points": 15,
      "Wins": 0,
      "Losses": 0,
      "Draws": 0,
      "OMWP": 0.551,
      "GWP": 0.6875,
      "OGWP": 0.5031
    },
    {
      "Rank": 16,
      "Player": "albybale93",
      "Points": 15,
      "Wins": 0,
      "Losses": 0,
      "Draws": 0,
      "OMWP": 0.5646,
      "GWP": 0.6111,
      "OGWP": 0.5032
    },
    {
      "Rank": 15,
      "Player": "Pietart",
      "Points": 15,
      "Wins": 0,
      "Losses": 0,
      "Draws": 0,
      "OMWP": 0.5687,
      "GWP": 0.6875,
      "OGWP": 0.5057
    },
    {
      "Rank": 14,
      "Player": "Alakai",
      "Points": 15,
      "Wins": 0,
      "Losses": 0,
      "Draws": 0,
      "OMWP": 0.585,
      "GWP": 0.6315999999999999,
      "OGWP": 0.5542
    },
    {
      "Rank": 13,
      "Player": "MarimoTaketori",
      "Points": 15,
      "Wins": 0,
      "Losses": 0,
      "Draws": 0,
      "OMWP": 0.5946,
      "GWP": 0.7059000000000001,
      "OGWP": 0.5595
    },
    {
      "Rank": 12,
      "Player": "PetrKikac1",
      "Points": 15,
      "Wins": 0,
      "Losses": 0,
      "Draws": 0,
      "OMWP": 0.5959,
      "GWP": 0.625,
      "OGWP": 0.5717
    },
    {
      "Rank": 11,
      "Player": "LucasG1ggs",
      "Points": 15,
      "Wins": 0,
      "Losses": 0,
      "Draws": 0,
      "OMWP": 0.5986,
      "GWP": 0.6470999999999999,
      "OGWP": 0.5417000000000001
    },
    {
      "Rank": 10,
      "Player": "hauterho",
      "Points": 15,
      "Wins": 0,
      "Losses": 0,
      "Draws": 0,
      "OMWP": 0.6053999999999999,
      "GWP": 0.6667000000000001,
      "OGWP": 0.5607
    },
    {
      "Rank": 9,
      "Player": "12azor",
      "Points": 15,
      "Wins": 0,
      "Losses": 0,
      "Draws": 0,
      "OMWP": 0.6053999999999999,
      "GWP": 0.6875,
      "OGWP": 0.5515
    },
    {
      "Rank": 8,
      "Player": "Misplacedginger",
      "Points": 15,
      "Wins": 0,
      "Losses": 0,
      "Draws": 0,
      "OMWP": 0.619,
      "GWP": 0.6111,
      "OGWP": 0.5721
    },
    {
      "Rank": 7,
      "Player": "Slyvester3",
      "Points": 15,
      "Wins": 0,
      "Losses": 0,
      "Draws": 0,
      "OMWP": 0.6286,
      "GWP": 0.6470999999999999,
      "OGWP": 0.5722999999999999
    },
    {
      "Rank": 6,
      "Player": "jev_",
      "Points": 18,
      "Wins": 0,
      "Losses": 0,
      "Draws": 0,
      "OMWP": 0.585,
      "GWP": 0.7646999999999999,
      "OGWP": 0.5383
    },
    {
      "Rank": 5,
      "Player": "RespectTheCat",
      "Points": 18,
      "Wins": 0,
      "Losses": 0,
      "Draws": 0,
      "OMWP": 0.6395000000000001,
      "GWP": 0.7222,
      "OGWP": 0.5578
    },
    {
      "Rank": 4,
      "Player": "Terribad",
      "Points": 21,
      "Wins": 0,
      "Losses": 0,
      "Draws": 0,
      "OMWP": 0.6598999999999999,
      "GWP": 0.6842,
      "OGWP": 0.5976
    },
    {
      "Rank": 3,
      "Player": "PASCU95",
      "Points": 24,
      "Wins": 0,
      "Losses": 0,
      "Draws": 0,
      "OMWP": 0.5986,
      "GWP": 0.7368000000000001,
      "OGWP": 0.5781000000000001
    },
    {
      "Rank": 2,
      "Player": "darklilou",
      "Points": 24,
      "Wins": 0,
      "Losses": 0,
      "Draws": 0,
      "OMWP": 0.6088,
      "GWP": 0.7222,
      "OGWP": 0.5482
    },
    {
      "Rank": 1,
      "Player": "pizzangry",
      "Points": 27,
      "Wins": 0,
      "Losses": 0,
      "Draws": 0,
      "OMWP": 0.5782,
      "GWP": 0.75,
      "OGWP": 0.5376
    }
  ]
}