{
  "Tournament": {
    "Id": 12802814,
    "Date": "2025-07-12T11:00:00",
    "Name": "Pauper Challenge 32",
    "Uri": null,
    "JsonFile": null,
    "ForceRedownload": false
  },
  "Decks": null,
  "Rounds": [
    {
      "RoundName": "Round 1",
      "Matches": [
        {
          "Player1": "Tsubasa_Cat",
          "Player2": "Luminati",
          "Result": "2-0-0"
        },
        {
          "Player1": "Diem4x",
          "Player2": "Terminus0",
          "Result": "2-0-0"
        },
        {
          "Player1": "renaar",
          "Player2": "wolf777",
          "Result": "2-0-0"
        },
        {
          "Player1": "Niederschatten",
          "Player2": "PivoUlivo",
          "Result": "0-2-0"
        },
        {
          "Player1": "BERNASTORRES",
          "Player2": "hetare_ane",
          "Result": "2-0-0"
        },
        {
          "Player1": "LuffyDoChapeuDePalha",
          "Player2": "JaviGM",
          "Result": "0-2-0"
        },
        {
          "Player1": "jadencamelot",
          "Player2": "HelioLima",
          "Result": "0-2-0"
        },
        {
          "Player1": "Ixidor29",
          "Player2": "ziofrancone",
          "Result": "0-2-0"
        },
        {
          "Player1": "discoverN",
          "Player2": "_blaze66",
          "Result": "0-2-0"
        },
        {
          "Player1": "Gwinted350",
          "Player2": "Scooby_Snacks",
          "Result": "0-2-0"
        },
        {
          "Player1": "irahscott",
          "Player2": "Bong0411",
          "Result": "0-2-0"
        },
        {
          "Player1": "Taurum",
          "Player2": "Jinjaa",
          "Result": "0-2-0"
        },
        {
          "Player1": "Cabz",
          "Player2": "_rash_",
          "Result": "0-2-0"
        },
        {
          "Player1": "outZEROo",
          "Player2": "PedraStone",
          "Result": "2-0-0"
        },
        {
          "Player1": "SpockVidaLoka",
          "Player2": "alfonseelric",
          "Result": "2-0-0"
        },
        {
          "Player1": "pepeteam",
          "Player2": "Mokemi",
          "Result": "2-0-0"
        },
        {
          "Player1": "Kirblinxy",
          "Player2": "Sailor_Moon",
          "Result": "0-0-0"
        },
        {
          "Player1": "Boucha",
          "Player2": "ScimmiaRagno99",
          "Result": "2-0-0"
        },
        {
          "Player1": "Lollopollo2001",
          "Player2": "NMT_Sco94",
          "Result": "0-2-0"
        },
        {
          "Player1": "__Noob__",
          "Player2": "FerMTG",
          "Result": "2-0-0"
        },
        {
          "Player1": "BOB_THE_CAT",
          "Player2": "Edo_01",
          "Result": "2-0-0"
        },
        {
          "Player1": "Hampuse1",
          "Player2": "Beicodegeia",
          "Result": "1-2-0"
        },
        {
          "Player1": "Mikhathara1994",
          "Player2": "SanPop",
          "Result": "0-0-0"
        },
        {
          "Player1": "Filip75",
          "Player2": "Martani",
          "Result": "0-2-0"
        }
      ]
    },
    {
      "RoundName": "Round 2",
      "Matches": [
        {
          "Player1": "Mokemi",
          "Player2": "PedraStone",
          "Result": "0-2-0"
        },
        {
          "Player1": "discoverN",
          "Player2": "Cabz",
          "Result": "0-2-0"
        },
        {
          "Player1": "Heterodox",
          "Player2": "ziofrancone",
          "Result": "0-2-0"
        },
        {
          "Player1": "renaar",
          "Player2": "_blaze66",
          "Result": "2-0-0"
        },
        {
          "Player1": "BERNASTORRES",
          "Player2": "BOB_THE_CAT",
          "Result": "2-0-0"
        },
        {
          "Player1": "Kirblinxy",
          "Player2": "Edo_01",
          "Result": "2-0-0"
        },
        {
          "Player1": "Mikhathara1994",
          "Player2": "irahscott",
          "Result": "0-2-0"
        },
        {
          "Player1": "Terminus0",
          "Player2": "FerMTG",
          "Result": "0-2-0"
        },
        {
          "Player1": "Beicodegeia",
          "Player2": "SanPop",
          "Result": "2-0-0"
        },
        {
          "Player1": "PivoUlivo",
          "Player2": "Tsubasa_Cat",
          "Result": "0-2-0"
        },
        {
          "Player1": "Taurum",
          "Player2": "Martani",
          "Result": "2-0-0"
        },
        {
          "Player1": "jadencamelot",
          "Player2": "alfonseelric",
          "Result": "0-2-0"
        },
        {
          "Player1": "Lollopollo2001",
          "Player2": "wolf777",
          "Result": "0-2-0"
        },
        {
          "Player1": "hetare_ane",
          "Player2": "Luminati",
          "Result": "0-2-0"
        },
        {
          "Player1": "Filip75",
          "Player2": "ScimmiaRagno99",
          "Result": "1-2-0"
        },
        {
          "Player1": "Ixidor29",
          "Player2": "LuffyDoChapeuDePalha",
          "Result": "0-2-0"
        },
        {
          "Player1": "Boucha",
          "Player2": "Scooby_Snacks",
          "Result": "2-0-0"
        },
        {
          "Player1": "pepeteam",
          "Player2": "JaviGM",
          "Result": "2-0-0"
        },
        {
          "Player1": "__Noob__",
          "Player2": "Bong0411",
          "Result": "2-0-0"
        },
        {
          "Player1": "Jinjaa",
          "Player2": "outZEROo",
          "Result": "0-2-0"
        },
        {
          "Player1": "Diem4x",
          "Player2": "_rash_",
          "Result": "0-2-0"
        },
        {
          "Player1": "NMT_Sco94",
          "Player2": "Sailor_Moon",
          "Result": "2-0-0"
        },
        {
          "Player1": "SpockVidaLoka",
          "Player2": "HelioLima",
          "Result": "0-2-0"
        },
        {
          "Player1": "Hampuse1",
          "Player2": "Gwinted350",
          "Result": "2-0-0"
        }
      ]
    },
    {
      "RoundName": "Round 3",
      "Matches": [
        {
          "Player1": "LuffyDoChapeuDePalha",
          "Player2": "alfonseelric",
          "Result": "0-0-0"
        },
        {
          "Player1": "BERNASTORRES",
          "Player2": "Tsubasa_Cat",
          "Result": "0-0-0"
        },
        {
          "Player1": "PedraStone",
          "Player2": "Martani",
          "Result": "2-0-0"
        },
        {
          "Player1": "Jinjaa",
          "Player2": "Sailor_Moon",
          "Result": "0-0-0"
        },
        {
          "Player1": "renaar",
          "Player2": "outZEROo",
          "Result": "0-2-0"
        },
        {
          "Player1": "pepeteam",
          "Player2": "__Noob__",
          "Result": "0-2-0"
        },
        {
          "Player1": "hetare_ane",
          "Player2": "Lollopollo2001",
          "Result": "0-2-0"
        },
        {
          "Player1": "Heterodox",
          "Player2": "BOB_THE_CAT",
          "Result": "0-2-0"
        },
        {
          "Player1": "Kirblinxy",
          "Player2": "wolf777",
          "Result": "2-0-0"
        },
        {
          "Player1": "Mikhathara1994",
          "Player2": "discoverN",
          "Result": "0-0-0"
        },
        {
          "Player1": "Bong0411",
          "Player2": "Luminati",
          "Result": "0-2-0"
        },
        {
          "Player1": "Filip75",
          "Player2": "Mokemi",
          "Result": "2-0-0"
        },
        {
          "Player1": "Beicodegeia",
          "Player2": "NMT_Sco94",
          "Result": "2-0-0"
        },
        {
          "Player1": "PivoUlivo",
          "Player2": "SpockVidaLoka",
          "Result": "0-2-0"
        },
        {
          "Player1": "Cabz",
          "Player2": "SanPop",
          "Result": "0-0-0"
        },
        {
          "Player1": "jadencamelot",
          "Player2": "Gwinted350",
          "Result": "0-2-0"
        },
        {
          "Player1": "Boucha",
          "Player2": "HelioLima",
          "Result": "0-0-0"
        },
        {
          "Player1": "Ixidor29",
          "Player2": "irahscott",
          "Result": "0-0-0"
        },
        {
          "Player1": "ziofrancone",
          "Player2": "_rash_",
          "Result": "0-0-0"
        },
        {
          "Player1": "_blaze66",
          "Player2": "ScimmiaRagno99",
          "Result": "0-2-0"
        },
        {
          "Player1": "Taurum",
          "Player2": "Scooby_Snacks",
          "Result": "2-0-0"
        },
        {
          "Player1": "Diem4x",
          "Player2": "Hampuse1",
          "Result": "2-0-0"
        },
        {
          "Player1": "FerMTG",
          "Player2": "JaviGM",
          "Result": "0-2-0"
        }
      ]
    },
    {
      "RoundName": "Round 4",
      "Matches": [
        {
          "Player1": "Cabz",
          "Player2": "Gwinted350",
          "Result": "0-2-0"
        },
        {
          "Player1": "Ixidor29",
          "Player2": "Lollopollo2001",
          "Result": "2-0-0"
        },
        {
          "Player1": "Taurum",
          "Player2": "PedraStone",
          "Result": "0-2-0"
        },
        {
          "Player1": "Diem4x",
          "Player2": "Luminati",
          "Result": "2-0-0"
        },
        {
          "Player1": "Hampuse1",
          "Player2": "Filip75",
          "Result": "2-0-0"
        },
        {
          "Player1": "SanPop",
          "Player2": "BOB_THE_CAT",
          "Result": "0-0-0"
        },
        {
          "Player1": "Beicodegeia",
          "Player2": "Tsubasa_Cat",
          "Result": "2-0-0"
        },
        {
          "Player1": "Bong0411",
          "Player2": "Scooby_Snacks",
          "Result": "2-0-0"
        },
        {
          "Player1": "Heterodox",
          "Player2": "Martani",
          "Result": "2-0-0"
        },
        {
          "Player1": "_blaze66",
          "Player2": "wolf777",
          "Result": "2-0-0"
        },
        {
          "Player1": "Mikhathara1994",
          "Player2": "Sailor_Moon",
          "Result": "2-0-0"
        },
        {
          "Player1": "LuffyDoChapeuDePalha",
          "Player2": "NMT_Sco94",
          "Result": "0-2-0"
        },
        {
          "Player1": "BERNASTORRES",
          "Player2": "pepeteam",
          "Result": "0-2-0"
        },
        {
          "Player1": "__Noob__",
          "Player2": "ziofrancone",
          "Result": "0-2-0"
        },
        {
          "Player1": "Kirblinxy",
          "Player2": "ScimmiaRagno99",
          "Result": "2-0-0"
        },
        {
          "Player1": "jadencamelot",
          "Player2": "hetare_ane",
          "Result": "0-2-0"
        },
        {
          "Player1": "irahscott",
          "Player2": "alfonseelric",
          "Result": "0-2-0"
        },
        {
          "Player1": "Jinjaa",
          "Player2": "_rash_",
          "Result": "1-2-0"
        },
        {
          "Player1": "Boucha",
          "Player2": "outZEROo",
          "Result": "2-0-0"
        },
        {
          "Player1": "SpockVidaLoka",
          "Player2": "JaviGM",
          "Result": "2-0-0"
        },
        {
          "Player1": "renaar",
          "Player2": "HelioLima",
          "Result": "2-0-0"
        }
      ]
    },
    {
      "RoundName": "Round 5",
      "Matches": [
        {
          "Player1": "__Noob__",
          "Player2": "renaar",
          "Result": "0-2-0"
        },
        {
          "Player1": "Luminati",
          "Player2": "wolf777",
          "Result": "0-2-0"
        },
        {
          "Player1": "Filip75",
          "Player2": "Scooby_Snacks",
          "Result": "2-0-0"
        },
        {
          "Player1": "irahscott",
          "Player2": "ScimmiaRagno99",
          "Result": "2-0-0"
        },
        {
          "Player1": "Mikhathara1994",
          "Player2": "JaviGM",
          "Result": "2-0-0"
        },
        {
          "Player1": "Gwinted350",
          "Player2": "BOB_THE_CAT",
          "Result": "0-2-0"
        },
        {
          "Player1": "NMT_Sco94",
          "Player2": "ziofrancone",
          "Result": "0-0-0"
        },
        {
          "Player1": "SanPop",
          "Player2": "SpockVidaLoka",
          "Result": "0-2-0"
        },
        {
          "Player1": "Kirblinxy",
          "Player2": "Diem4x",
          "Result": "2-0-0"
        },
        {
          "Player1": "pepeteam",
          "Player2": "PedraStone",
          "Result": "2-0-0"
        },
        {
          "Player1": "jadencamelot",
          "Player2": "Martani",
          "Result": "2-0-0"
        },
        {
          "Player1": "Tsubasa_Cat",
          "Player2": "outZEROo",
          "Result": "2-0-0"
        },
        {
          "Player1": "Taurum",
          "Player2": "HelioLima",
          "Result": "0-2-0"
        },
        {
          "Player1": "BERNASTORRES",
          "Player2": "Bong0411",
          "Result": "2-0-0"
        },
        {
          "Player1": "Heterodox",
          "Player2": "_blaze66",
          "Result": "2-0-0"
        },
        {
          "Player1": "Boucha",
          "Player2": "Beicodegeia",
          "Result": "0-0-0"
        },
        {
          "Player1": "Hampuse1",
          "Player2": "Jinjaa",
          "Result": "0-2-0"
        },
        {
          "Player1": "LuffyDoChapeuDePalha",
          "Player2": "Mokemi",
          "Result": "2-0-0"
        },
        {
          "Player1": "hetare_ane",
          "Player2": "Ixidor29",
          "Result": "0-2-0"
        },
        {
          "Player1": "_rash_",
          "Player2": "alfonseelric",
          "Result": "0-0-0"
        },
        {
          "Player1": "Lollopollo2001",
          "Player2": "Sailor_Moon",
          "Result": "0-2-0"
        }
      ]
    },
    {
      "RoundName": "Round 6",
      "Matches": [
        {
          "Player1": "Filip75",
          "Player2": "Ixidor29",
          "Result": "0-2-0"
        },
        {
          "Player1": "Diem4x",
          "Player2": "_blaze66",
          "Result": "0-2-0"
        },
        {
          "Player1": "NMT_Sco94",
          "Player2": "alfonseelric",
          "Result": "2-0-0"
        },
        {
          "Player1": "wolf777",
          "Player2": "ScimmiaRagno99",
          "Result": "0-2-0"
        },
        {
          "Player1": "hetare_ane",
          "Player2": "Mokemi",
          "Result": "2-0-0"
        },
        {
          "Player1": "Boucha",
          "Player2": "Tsubasa_Cat",
          "Result": "0-2-0"
        },
        {
          "Player1": "irahscott",
          "Player2": "HelioLima",
          "Result": "0-0-0"
        },
        {
          "Player1": "Gwinted350",
          "Player2": "Sailor_Moon",
          "Result": "2-0-0"
        },
        {
          "Player1": "Hampuse1",
          "Player2": "LuffyDoChapeuDePalha",
          "Result": "2-0-0"
        },
        {
          "Player1": "Mikhathara1994",
          "Player2": "_rash_",
          "Result": "2-0-0"
        },
        {
          "Player1": "BERNASTORRES",
          "Player2": "PedraStone",
          "Result": "2-0-0"
        },
        {
          "Player1": "Jinjaa",
          "Player2": "BOB_THE_CAT",
          "Result": "0-0-0"
        },
        {
          "Player1": "pepeteam",
          "Player2": "ziofrancone",
          "Result": "2-0-0"
        },
        {
          "Player1": "outZEROo",
          "Player2": "__Noob__",
          "Result": "0-2-0"
        },
        {
          "Player1": "Taurum",
          "Player2": "Luminati",
          "Result": "2-0-0"
        },
        {
          "Player1": "Beicodegeia",
          "Player2": "SpockVidaLoka",
          "Result": "0-2-0"
        },
        {
          "Player1": "Lollopollo2001",
          "Player2": "Martani",
          "Result": "2-0-0"
        },
        {
          "Player1": "SanPop",
          "Player2": "Heterodox",
          "Result": "0-2-0"
        },
        {
          "Player1": "Kirblinxy",
          "Player2": "renaar",
          "Result": "0-2-0"
        }
      ]
    },
    {
      "RoundName": "Round 7",
      "Matches": [
        {
          "Player1": "Boucha",
          "Player2": "ziofrancone",
          "Result": "2-0-0"
        },
        {
          "Player1": "Tsubasa_Cat",
          "Player2": "NMT_Sco94",
          "Result": "2-0-0"
        },
        {
          "Player1": "pepeteam",
          "Player2": "SpockVidaLoka",
          "Result": "0-2-0"
        },
        {
          "Player1": "Beicodegeia",
          "Player2": "renaar",
          "Result": "2-0-0"
        }
      ]
    },
    {
      "RoundName": "Round 8",
      "Matches": [
        {
          "Player1": "Beicodegeia",
          "Player2": "Tsubasa_Cat",
          "Result": "2-0-0"
        },
        {
          "Player1": "Boucha",
          "Player2": "SpockVidaLoka",
          "Result": "2-0-0"
        }
      ]
    },
    {
      "RoundName": "Round 9",
      "Matches": [
        {
          "Player1": "Boucha",
          "Player2": "Beicodegeia",
          "Result": "2-0-0"
        }
      ]
    }
  ],
  "Standings": [
    {
      "Rank": 49,
      "Player": "Niederschatten",
      "Points": 0,
      "Wins": 0,
      "Losses": 0,
      "Draws": 0,
      "OMWP": 0.3333,
      "GWP": 0,
      "OGWP": 0.4286
    },
    {
      "Rank": 48,
      "Player": "Terminus0",
      "Points": 0,
      "Wins": 0,
      "Losses": 0,
      "Draws": 0,
      "OMWP": 0.4167,
      "GWP": 0,
      "OGWP": 0.4808
    },
    {
      "Rank": 47,
      "Player": "discoverN",
      "Points": 0,
      "Wins": 0,
      "Losses": 0,
      "Draws": 0,
      "OMWP": 0.5,
      "GWP": 0.1429,
      "OGWP": 0.4893
    },
    {
      "Rank": 46,
      "Player": "Edo_01",
      "Points": 0,
      "Wins": 0,
      "Losses": 0,
      "Draws": 0,
      "OMWP": 0.6667000000000001,
      "GWP": 0.2,
      "OGWP": 0.6
    },
    {
      "Rank": 45,
      "Player": "Martani",
      "Points": 3,
      "Wins": 0,
      "Losses": 0,
      "Draws": 0,
      "OMWP": 0.44439999999999996,
      "GWP": 0.3125,
      "OGWP": 0.47259999999999996
    },
    {
      "Rank": 44,
      "Player": "Cabz",
      "Points": 3,
      "Wins": 0,
      "Losses": 0,
      "Draws": 0,
      "OMWP": 0.4583,
      "GWP": 0.3636,
      "OGWP": 0.44170000000000004
    },
    {
      "Rank": 43,
      "Player": "Mokemi",
      "Points": 3,
      "Wins": 0,
      "Losses": 0,
      "Draws": 0,
      "OMWP": 0.4667,
      "GWP": 0.2857,
      "OGWP": 0.4725
    },
    {
      "Rank": 42,
      "Player": "FerMTG",
      "Points": 3,
      "Wins": 0,
      "Losses": 0,
      "Draws": 0,
      "OMWP": 0.4667,
      "GWP": 0.5,
      "OGWP": 0.4414
    },
    {
      "Rank": 41,
      "Player": "Scooby_Snacks",
      "Points": 3,
      "Wins": 0,
      "Losses": 0,
      "Draws": 0,
      "OMWP": 0.5133,
      "GWP": 0.3077,
      "OGWP": 0.5395
    },
    {
      "Rank": 40,
      "Player": "PivoUlivo",
      "Points": 3,
      "Wins": 0,
      "Losses": 0,
      "Draws": 0,
      "OMWP": 0.6667000000000001,
      "GWP": 0.4286,
      "OGWP": 0.5351
    },
    {
      "Rank": 39,
      "Player": "hetare_ane",
      "Points": 6,
      "Wins": 0,
      "Losses": 0,
      "Draws": 0,
      "OMWP": 0.4167,
      "GWP": 0.3333,
      "OGWP": 0.4499
    },
    {
      "Rank": 38,
      "Player": "Filip75",
      "Points": 6,
      "Wins": 0,
      "Losses": 0,
      "Draws": 0,
      "OMWP": 0.4167,
      "GWP": 0.4667,
      "OGWP": 0.4326
    },
    {
      "Rank": 37,
      "Player": "Lollopollo2001",
      "Points": 6,
      "Wins": 0,
      "Losses": 0,
      "Draws": 0,
      "OMWP": 0.44439999999999996,
      "GWP": 0.4286,
      "OGWP": 0.4746
    },
    {
      "Rank": 36,
      "Player": "Luminati",
      "Points": 6,
      "Wins": 0,
      "Losses": 0,
      "Draws": 0,
      "OMWP": 0.4833,
      "GWP": 0.375,
      "OGWP": 0.47350000000000003
    },
    {
      "Rank": 35,
      "Player": "jadencamelot",
      "Points": 6,
      "Wins": 0,
      "Losses": 0,
      "Draws": 0,
      "OMWP": 0.5,
      "GWP": 0.35710000000000003,
      "OGWP": 0.4814
    },
    {
      "Rank": 34,
      "Player": "Bong0411",
      "Points": 6,
      "Wins": 0,
      "Losses": 0,
      "Draws": 0,
      "OMWP": 0.5,
      "GWP": 0.46149999999999997,
      "OGWP": 0.46950000000000003
    },
    {
      "Rank": 33,
      "Player": "wolf777",
      "Points": 6,
      "Wins": 0,
      "Losses": 0,
      "Draws": 0,
      "OMWP": 0.5278,
      "GWP": 0.4375,
      "OGWP": 0.522
    },
    {
      "Rank": 32,
      "Player": "LuffyDoChapeuDePalha",
      "Points": 6,
      "Wins": 0,
      "Losses": 0,
      "Draws": 0,
      "OMWP": 0.5389,
      "GWP": 0.375,
      "OGWP": 0.5328
    },
    {
      "Rank": 31,
      "Player": "Sailor_Moon",
      "Points": 6,
      "Wins": 0,
      "Losses": 0,
      "Draws": 0,
      "OMWP": 0.5832999999999999,
      "GWP": 0.4667,
      "OGWP": 0.5643
    },
    {
      "Rank": 30,
      "Player": "JaviGM",
      "Points": 6,
      "Wins": 0,
      "Losses": 0,
      "Draws": 0,
      "OMWP": 0.6,
      "GWP": 0.46149999999999997,
      "OGWP": 0.5661
    },
    {
      "Rank": 29,
      "Player": "Gwinted350",
      "Points": 9,
      "Wins": 0,
      "Losses": 0,
      "Draws": 0,
      "OMWP": 0.4167,
      "GWP": 0.5,
      "OGWP": 0.4368
    },
    {
      "Rank": 28,
      "Player": "Ixidor29",
      "Points": 9,
      "Wins": 0,
      "Losses": 0,
      "Draws": 0,
      "OMWP": 0.4167,
      "GWP": 0.5625,
      "OGWP": 0.4388
    },
    {
      "Rank": 27,
      "Player": "Taurum",
      "Points": 9,
      "Wins": 0,
      "Losses": 0,
      "Draws": 0,
      "OMWP": 0.44439999999999996,
      "GWP": 0.5,
      "OGWP": 0.4428
    },
    {
      "Rank": 26,
      "Player": "Diem4x",
      "Points": 9,
      "Wins": 0,
      "Losses": 0,
      "Draws": 0,
      "OMWP": 0.4722,
      "GWP": 0.46149999999999997,
      "OGWP": 0.4561
    },
    {
      "Rank": 25,
      "Player": "Hampuse1",
      "Points": 9,
      "Wins": 0,
      "Losses": 0,
      "Draws": 0,
      "OMWP": 0.4722,
      "GWP": 0.5,
      "OGWP": 0.4839
    },
    {
      "Rank": 24,
      "Player": "Jinjaa",
      "Points": 9,
      "Wins": 0,
      "Losses": 0,
      "Draws": 0,
      "OMWP": 0.5,
      "GWP": 0.5,
      "OGWP": 0.5105
    },
    {
      "Rank": 23,
      "Player": "_blaze66",
      "Points": 9,
      "Wins": 0,
      "Losses": 0,
      "Draws": 0,
      "OMWP": 0.5278,
      "GWP": 0.46149999999999997,
      "OGWP": 0.5136999999999999
    },
    {
      "Rank": 22,
      "Player": "PedraStone",
      "Points": 9,
      "Wins": 0,
      "Losses": 0,
      "Draws": 0,
      "OMWP": 0.5278,
      "GWP": 0.5,
      "OGWP": 0.5044
    },
    {
      "Rank": 21,
      "Player": "ScimmiaRagno99",
      "Points": 9,
      "Wins": 0,
      "Losses": 0,
      "Draws": 0,
      "OMWP": 0.5278,
      "GWP": 0.5333,
      "OGWP": 0.5336
    },
    {
      "Rank": 20,
      "Player": "_rash_",
      "Points": 9,
      "Wins": 0,
      "Losses": 0,
      "Draws": 0,
      "OMWP": 0.5556,
      "GWP": 0.4667,
      "OGWP": 0.5259
    },
    {
      "Rank": 19,
      "Player": "irahscott",
      "Points": 9,
      "Wins": 0,
      "Losses": 0,
      "Draws": 0,
      "OMWP": 0.5667,
      "GWP": 0.4667,
      "OGWP": 0.5734
    },
    {
      "Rank": 18,
      "Player": "SanPop",
      "Points": 9,
      "Wins": 0,
      "Losses": 0,
      "Draws": 0,
      "OMWP": 0.6389,
      "GWP": 0.4667,
      "OGWP": 0.5690999999999999
    },
    {
      "Rank": 17,
      "Player": "outZEROo",
      "Points": 9,
      "Wins": 0,
      "Losses": 0,
      "Draws": 0,
      "OMWP": 0.6944,
      "GWP": 0.5294,
      "OGWP": 0.6132
    },
    {
      "Rank": 16,
      "Player": "Mikhathara1994",
      "Points": 12,
      "Wins": 0,
      "Losses": 0,
      "Draws": 0,
      "OMWP": 0.4278,
      "GWP": 0.6429,
      "OGWP": 0.4436
    },
    {
      "Rank": 15,
      "Player": "Kirblinxy",
      "Points": 12,
      "Wins": 0,
      "Losses": 0,
      "Draws": 0,
      "OMWP": 0.4722,
      "GWP": 0.6,
      "OGWP": 0.4943
    },
    {
      "Rank": 14,
      "Player": "BOB_THE_CAT",
      "Points": 12,
      "Wins": 0,
      "Losses": 0,
      "Draws": 0,
      "OMWP": 0.5278,
      "GWP": 0.6,
      "OGWP": 0.5044
    },
    {
      "Rank": 13,
      "Player": "Heterodox",
      "Points": 12,
      "Wins": 0,
      "Losses": 0,
      "Draws": 0,
      "OMWP": 0.5333,
      "GWP": 0.5832999999999999,
      "OGWP": 0.48479999999999995
    },
    {
      "Rank": 12,
      "Player": "alfonseelric",
      "Points": 12,
      "Wins": 0,
      "Losses": 0,
      "Draws": 0,
      "OMWP": 0.5556,
      "GWP": 0.625,
      "OGWP": 0.5008
    },
    {
      "Rank": 11,
      "Player": "__Noob__",
      "Points": 12,
      "Wins": 0,
      "Losses": 0,
      "Draws": 0,
      "OMWP": 0.5943999999999999,
      "GWP": 0.5294,
      "OGWP": 0.579
    },
    {
      "Rank": 10,
      "Player": "BERNASTORRES",
      "Points": 12,
      "Wins": 0,
      "Losses": 0,
      "Draws": 0,
      "OMWP": 0.5943999999999999,
      "GWP": 0.6429,
      "OGWP": 0.5382
    },
    {
      "Rank": 9,
      "Player": "HelioLima",
      "Points": 12,
      "Wins": 0,
      "Losses": 0,
      "Draws": 0,
      "OMWP": 0.6389,
      "GWP": 0.6154,
      "OGWP": 0.5752
    },
    {
      "Rank": 8,
      "Player": "ziofrancone",
      "Points": 12,
      "Wins": 0,
      "Losses": 0,
      "Draws": 0,
      "OMWP": 0.6667000000000001,
      "GWP": 0.5625,
      "OGWP": 0.5906
    },
    {
      "Rank": 7,
      "Player": "NMT_Sco94",
      "Points": 15,
      "Wins": 0,
      "Losses": 0,
      "Draws": 0,
      "OMWP": 0.5,
      "GWP": 0.7143,
      "OGWP": 0.5096
    },
    {
      "Rank": 6,
      "Player": "pepeteam",
      "Points": 15,
      "Wins": 0,
      "Losses": 0,
      "Draws": 0,
      "OMWP": 0.5389,
      "GWP": 0.6875,
      "OGWP": 0.5049
    },
    {
      "Rank": 5,
      "Player": "renaar",
      "Points": 15,
      "Wins": 0,
      "Losses": 0,
      "Draws": 0,
      "OMWP": 0.5556,
      "GWP": 0.7333,
      "OGWP": 0.5289
    },
    {
      "Rank": 4,
      "Player": "SpockVidaLoka",
      "Points": 18,
      "Wins": 0,
      "Losses": 0,
      "Draws": 0,
      "OMWP": 0.5389,
      "GWP": 0.625,
      "OGWP": 0.5329
    },
    {
      "Rank": 3,
      "Player": "Tsubasa_Cat",
      "Points": 18,
      "Wins": 0,
      "Losses": 0,
      "Draws": 0,
      "OMWP": 0.5556,
      "GWP": 0.6470999999999999,
      "OGWP": 0.5575
    },
    {
      "Rank": 2,
      "Player": "Beicodegeia",
      "Points": 18,
      "Wins": 0,
      "Losses": 0,
      "Draws": 0,
      "OMWP": 0.7222,
      "GWP": 0.6,
      "OGWP": 0.6204
    },
    {
      "Rank": 1,
      "Player": "Boucha",
      "Points": 24,
      "Wins": 0,
      "Losses": 0,
      "Draws": 0,
      "OMWP": 0.5832999999999999,
      "GWP": 0.7692,
      "OGWP": 0.5431
    }
  ]
}