{
  "Tournament": {
    "Id": 12802816,
    "Date": "2025-07-12T15:00:00",
    "Name": "Standard Challenge 32",
    "Uri": null,
    "JsonFile": null,
    "ForceRedownload": false
  },
  "Decks": null,
  "Rounds": [
    {
      "RoundName": "Round 1",
      "Matches": [
        {
          "Player1": "therock988",
          "Player2": "Lennny",
          "Result": "0-2-0"
        },
        {
          "Player1": "MJ_23",
          "Player2": "Dai66s",
          "Result": "2-0-0"
        },
        {
          "Player1": "Dreddybajs",
          "Player2": "ellectroide",
          "Result": "2-0-0"
        },
        {
          "Player1": "Edel",
          "Player2": "unagieel",
          "Result": "0-2-0"
        },
        {
          "Player1": "albertoSD",
          "Player2": "KingHairy",
          "Result": "0-2-0"
        },
        {
          "Player1": "AgrusKos93",
          "Player2": "Illao1",
          "Result": "2-0-0"
        },
        {
          "Player1": "smile_papa4",
          "Player2": "VitorCarvalho01",
          "Result": "2-0-0"
        },
        {
          "Player1": "peter780108",
          "Player2": "John1111",
          "Result": "2-0-0"
        },
        {
          "Player1": "solace",
          "Player2": "claudioh",
          "Result": "0-2-0"
        },
        {
          "Player1": "Gianhunter",
          "Player2": "Rosiedog88",
          "Result": "0-2-0"
        },
        {
          "Player1": "jev_",
          "Player2": "DskBayWolf",
          "Result": "0-2-0"
        },
        {
          "Player1": "ovmlcabrera",
          "Player2": "__forge__",
          "Result": "0-2-0"
        },
        {
          "Player1": "oskiyaa",
          "Player2": "Venom1",
          "Result": "2-0-0"
        },
        {
          "Player1": "Mogged",
          "Player2": "Plaing1",
          "Result": "0-2-0"
        },
        {
          "Player1": "Varo",
          "Player2": "amaransneak",
          "Result": "2-0-0"
        },
        {
          "Player1": "Raptor_Nachos",
          "Player2": "paka11",
          "Result": "2-0-0"
        },
        {
          "Player1": "MdvWin",
          "Player2": "jorgeelias",
          "Result": "0-2-0"
        },
        {
          "Player1": "Matsukasa10",
          "Player2": "ElCucuy",
          "Result": "0-0-0"
        },
        {
          "Player1": "_Shatun_",
          "Player2": "O_danielakos",
          "Result": "0-2-0"
        },
        {
          "Player1": "_ZNT_",
          "Player2": "Shulk",
          "Result": "0-2-0"
        },
        {
          "Player1": "Adrikmtg",
          "Player2": "InalienableDreamless",
          "Result": "2-0-0"
        },
        {
          "Player1": "toondoslav",
          "Player2": "chiyou",
          "Result": "2-0-0"
        }
      ]
    },
    {
      "RoundName": "Round 2",
      "Matches": [
        {
          "Player1": "jev_",
          "Player2": "chiyou",
          "Result": "0-2-0"
        },
        {
          "Player1": "ovmlcabrera",
          "Player2": "_ZNT_",
          "Result": "0-2-0"
        },
        {
          "Player1": "Mogged",
          "Player2": "InalienableDreamless",
          "Result": "2-0-0"
        },
        {
          "Player1": "peter780108",
          "Player2": "ElCucuy",
          "Result": "2-0-0"
        },
        {
          "Player1": "Lennny",
          "Player2": "Adrikmtg",
          "Result": "2-0-0"
        },
        {
          "Player1": "Rosiedog88",
          "Player2": "Plaing1",
          "Result": "2-0-0"
        },
        {
          "Player1": "_Shatun_",
          "Player2": "Gianhunter",
          "Result": "0-2-0"
        },
        {
          "Player1": "O_danielakos",
          "Player2": "Shulk",
          "Result": "0-2-0"
        },
        {
          "Player1": "__forge__",
          "Player2": "AgrusKos93",
          "Result": "2-0-0"
        },
        {
          "Player1": "KingHairy",
          "Player2": "DskBayWolf",
          "Result": "0-2-0"
        },
        {
          "Player1": "Dai66s",
          "Player2": "Venom1",
          "Result": "0-2-0"
        },
        {
          "Player1": "smile_papa4",
          "Player2": "pepeteam",
          "Result": "2-0-0"
        },
        {
          "Player1": "Dreddybajs",
          "Player2": "claudioh",
          "Result": "2-0-0"
        },
        {
          "Player1": "unagieel",
          "Player2": "toondoslav",
          "Result": "1-2-0"
        },
        {
          "Player1": "oskiyaa",
          "Player2": "Raptor_Nachos",
          "Result": "2-0-0"
        },
        {
          "Player1": "paka11",
          "Player2": "ellectroide",
          "Result": "2-0-0"
        },
        {
          "Player1": "John1111",
          "Player2": "VitorCarvalho01",
          "Result": "0-2-0"
        },
        {
          "Player1": "Varo",
          "Player2": "Matsukasa10",
          "Result": "2-0-0"
        },
        {
          "Player1": "amaransneak",
          "Player2": "MdvWin",
          "Result": "0-2-0"
        },
        {
          "Player1": "MJ_23",
          "Player2": "jorgeelias",
          "Result": "0-2-0"
        },
        {
          "Player1": "Edel",
          "Player2": "therock988",
          "Result": "0-2-0"
        }
      ]
    },
    {
      "RoundName": "Round 3",
      "Matches": [
        {
          "Player1": "KingHairy",
          "Player2": "AgrusKos93",
          "Result": "0-2-0"
        },
        {
          "Player1": "_ZNT_",
          "Player2": "Plaing1",
          "Result": "2-0-0"
        },
        {
          "Player1": "Edel",
          "Player2": "Matsukasa10",
          "Result": "0-2-0"
        },
        {
          "Player1": "_Shatun_",
          "Player2": "ellectroide",
          "Result": "0-2-0"
        },
        {
          "Player1": "jorgeelias",
          "Player2": "Shulk",
          "Result": "0-2-0"
        },
        {
          "Player1": "oskiyaa",
          "Player2": "DskBayWolf",
          "Result": "0-2-0"
        },
        {
          "Player1": "O_danielakos",
          "Player2": "VitorCarvalho01",
          "Result": "2-0-0"
        },
        {
          "Player1": "Raptor_Nachos",
          "Player2": "pepeteam",
          "Result": "2-0-0"
        },
        {
          "Player1": "Dreddybajs",
          "Player2": "Rosiedog88",
          "Result": "0-2-0"
        },
        {
          "Player1": "ovmlcabrera",
          "Player2": "amaransneak",
          "Result": "0-2-0"
        },
        {
          "Player1": "unagieel",
          "Player2": "claudioh",
          "Result": "0-2-0"
        },
        {
          "Player1": "Venom1",
          "Player2": "Adrikmtg",
          "Result": "0-2-0"
        },
        {
          "Player1": "Varo",
          "Player2": "toondoslav",
          "Result": "2-0-0"
        },
        {
          "Player1": "MJ_23",
          "Player2": "ElCucuy",
          "Result": "0-0-0"
        },
        {
          "Player1": "therock988",
          "Player2": "MdvWin",
          "Result": "2-0-0"
        },
        {
          "Player1": "paka11",
          "Player2": "Gianhunter",
          "Result": "2-0-0"
        },
        {
          "Player1": "smile_papa4",
          "Player2": "__forge__",
          "Result": "0-2-0"
        },
        {
          "Player1": "Lennny",
          "Player2": "peter780108",
          "Result": "0-2-0"
        },
        {
          "Player1": "Mogged",
          "Player2": "chiyou",
          "Result": "2-0-0"
        }
      ]
    },
    {
      "RoundName": "Round 4",
      "Matches": [
        {
          "Player1": "Raptor_Nachos",
          "Player2": "ElCucuy",
          "Result": "2-0-0"
        },
        {
          "Player1": "toondoslav",
          "Player2": "jorgeelias",
          "Result": "2-0-0"
        },
        {
          "Player1": "Matsukasa10",
          "Player2": "ellectroide",
          "Result": "2-0-0"
        },
        {
          "Player1": "Dai66s",
          "Player2": "Gianhunter",
          "Result": "2-0-0"
        },
        {
          "Player1": "Mogged",
          "Player2": "claudioh",
          "Result": "2-0-0"
        },
        {
          "Player1": "_ZNT_",
          "Player2": "Adrikmtg",
          "Result": "2-0-0"
        },
        {
          "Player1": "unagieel",
          "Player2": "pepeteam",
          "Result": "2-0-0"
        },
        {
          "Player1": "MdvWin",
          "Player2": "VitorCarvalho01",
          "Result": "0-2-0"
        },
        {
          "Player1": "Varo",
          "Player2": "DskBayWolf",
          "Result": "0-0-0"
        },
        {
          "Player1": "O_danielakos",
          "Player2": "Lennny",
          "Result": "0-2-0"
        },
        {
          "Player1": "therock988",
          "Player2": "oskiyaa",
          "Result": "2-0-0"
        },
        {
          "Player1": "smile_papa4",
          "Player2": "AgrusKos93",
          "Result": "0-2-0"
        },
        {
          "Player1": "Dreddybajs",
          "Player2": "paka11",
          "Result": "2-0-0"
        },
        {
          "Player1": "MJ_23",
          "Player2": "amaransneak",
          "Result": "0-0-0"
        },
        {
          "Player1": "__forge__",
          "Player2": "Rosiedog88",
          "Result": "2-0-0"
        },
        {
          "Player1": "Venom1",
          "Player2": "Plaing1",
          "Result": "2-0-0"
        },
        {
          "Player1": "peter780108",
          "Player2": "Shulk",
          "Result": "2-0-0"
        }
      ]
    },
    {
      "RoundName": "Round 5",
      "Matches": [
        {
          "Player1": "unagieel",
          "Player2": "ElCucuy",
          "Result": "0-2-0"
        },
        {
          "Player1": "Raptor_Nachos",
          "Player2": "__forge__",
          "Result": "0-2-0"
        },
        {
          "Player1": "Dai66s",
          "Player2": "Matsukasa10",
          "Result": "2-0-0"
        },
        {
          "Player1": "therock988",
          "Player2": "Shulk",
          "Result": "0-2-0"
        },
        {
          "Player1": "Venom1",
          "Player2": "VitorCarvalho01",
          "Result": "0-2-0"
        },
        {
          "Player1": "peter780108",
          "Player2": "DskBayWolf",
          "Result": "0-2-0"
        },
        {
          "Player1": "Mogged",
          "Player2": "_ZNT_",
          "Result": "2-0-0"
        },
        {
          "Player1": "toondoslav",
          "Player2": "Rosiedog88",
          "Result": "2-0-0"
        },
        {
          "Player1": "O_danielakos",
          "Player2": "smile_papa4",
          "Result": "0-2-0"
        },
        {
          "Player1": "Varo",
          "Player2": "Lennny",
          "Result": "2-0-0"
        },
        {
          "Player1": "Edel",
          "Player2": "pepeteam",
          "Result": "2-0-0"
        },
        {
          "Player1": "ellectroide",
          "Player2": "Plaing1",
          "Result": "2-0-0"
        },
        {
          "Player1": "oskiyaa",
          "Player2": "paka11",
          "Result": "0-2-0"
        },
        {
          "Player1": "MdvWin",
          "Player2": "Gianhunter",
          "Result": "0-2-0"
        },
        {
          "Player1": "Dreddybajs",
          "Player2": "AgrusKos93",
          "Result": "0-2-0"
        },
        {
          "Player1": "claudioh",
          "Player2": "Adrikmtg",
          "Result": "0-2-0"
        },
        {
          "Player1": "amaransneak",
          "Player2": "jorgeelias",
          "Result": "2-0-0"
        }
      ]
    },
    {
      "RoundName": "Round 6",
      "Matches": [
        {
          "Player1": "__forge__",
          "Player2": "DskBayWolf",
          "Result": "0-0-0"
        },
        {
          "Player1": "jorgeelias",
          "Player2": "ElCucuy",
          "Result": "0-2-0"
        },
        {
          "Player1": "amaransneak",
          "Player2": "Lennny",
          "Result": "0-2-0"
        },
        {
          "Player1": "toondoslav",
          "Player2": "Shulk",
          "Result": "0-0-0"
        },
        {
          "Player1": "Mogged",
          "Player2": "AgrusKos93",
          "Result": "2-0-0"
        },
        {
          "Player1": "therock988",
          "Player2": "Dreddybajs",
          "Result": "0-2-0"
        },
        {
          "Player1": "Varo",
          "Player2": "peter780108",
          "Result": "0-2-0"
        },
        {
          "Player1": "Raptor_Nachos",
          "Player2": "VitorCarvalho01",
          "Result": "2-0-0"
        },
        {
          "Player1": "MdvWin",
          "Player2": "Plaing1",
          "Result": "0-2-0"
        },
        {
          "Player1": "oskiyaa",
          "Player2": "Matsukasa10",
          "Result": "2-0-0"
        },
        {
          "Player1": "paka11",
          "Player2": "Adrikmtg",
          "Result": "2-0-0"
        },
        {
          "Player1": "_ZNT_",
          "Player2": "Rosiedog88",
          "Result": "2-0-0"
        },
        {
          "Player1": "O_danielakos",
          "Player2": "pepeteam",
          "Result": "0-2-0"
        },
        {
          "Player1": "Dai66s",
          "Player2": "smile_papa4",
          "Result": "2-1-0"
        },
        {
          "Player1": "Edel",
          "Player2": "ellectroide",
          "Result": "2-0-0"
        },
        {
          "Player1": "Venom1",
          "Player2": "Gianhunter",
          "Result": "2-0-0"
        }
      ]
    },
    {
      "RoundName": "Round 7",
      "Matches": [
        {
          "Player1": "Mogged",
          "Player2": "Shulk",
          "Result": "2-0-0"
        },
        {
          "Player1": "Varo",
          "Player2": "DskBayWolf",
          "Result": "2-0-0"
        },
        {
          "Player1": "__forge__",
          "Player2": "AgrusKos93",
          "Result": "2-0-0"
        },
        {
          "Player1": "Raptor_Nachos",
          "Player2": "peter780108",
          "Result": "0-2-0"
        }
      ]
    },
    {
      "RoundName": "Round 8",
      "Matches": [
        {
          "Player1": "Varo",
          "Player2": "peter780108",
          "Result": "2-0-0"
        },
        {
          "Player1": "Mogged",
          "Player2": "__forge__",
          "Result": "2-0-0"
        }
      ]
    },
    {
      "RoundName": "Round 9",
      "Matches": [
        {
          "Player1": "Varo",
          "Player2": "Mogged",
          "Result": "0-2-0"
        }
      ]
    }
  ],
  "Standings": [
    {
      "Rank": 45,
      "Player": "_Shatun_",
      "Points": 0,
      "Wins": 0,
      "Losses": 0,
      "Draws": 0,
      "OMWP": 0.3333,
      "GWP": 0.25,
      "OGWP": 0.41359999999999997
    },
    {
      "Rank": 44,
      "Player": "albertoSD",
      "Points": 0,
      "Wins": 0,
      "Losses": 0,
      "Draws": 0,
      "OMWP": 0.3333,
      "GWP": 0.3333,
      "OGWP": 0.375
    },
    {
      "Rank": 43,
      "Player": "solace",
      "Points": 0,
      "Wins": 0,
      "Losses": 0,
      "Draws": 0,
      "OMWP": 0.4,
      "GWP": 0.3333,
      "OGWP": 0.5
    },
    {
      "Rank": 42,
      "Player": "jev_",
      "Points": 0,
      "Wins": 0,
      "Losses": 0,
      "Draws": 0,
      "OMWP": 0.5832999999999999,
      "GWP": 0.3333,
      "OGWP": 0.5446
    },
    {
      "Rank": 41,
      "Player": "Illao1",
      "Points": 0,
      "Wins": 0,
      "Losses": 0,
      "Draws": 0,
      "OMWP": 0.6667000000000001,
      "GWP": 0,
      "OGWP": 0.6154
    },
    {
      "Rank": 40,
      "Player": "John1111",
      "Points": 0,
      "Wins": 0,
      "Losses": 0,
      "Draws": 0,
      "OMWP": 0.6667000000000001,
      "GWP": 0.2,
      "OGWP": 0.5759000000000001
    },
    {
      "Rank": 39,
      "Player": "InalienableDreamless",
      "Points": 0,
      "Wins": 0,
      "Losses": 0,
      "Draws": 0,
      "OMWP": 0.6667000000000001,
      "GWP": 0.2,
      "OGWP": 0.5924
    },
    {
      "Rank": 38,
      "Player": "ovmlcabrera",
      "Points": 0,
      "Wins": 0,
      "Losses": 0,
      "Draws": 0,
      "OMWP": 0.7222,
      "GWP": 0.1429,
      "OGWP": 0.6757
    },
    {
      "Rank": 37,
      "Player": "MdvWin",
      "Points": 3,
      "Wins": 0,
      "Losses": 0,
      "Draws": 0,
      "OMWP": 0.4167,
      "GWP": 0.2143,
      "OGWP": 0.44170000000000004
    },
    {
      "Rank": 36,
      "Player": "MJ_23",
      "Points": 3,
      "Wins": 0,
      "Losses": 0,
      "Draws": 0,
      "OMWP": 0.5417000000000001,
      "GWP": 0.3333,
      "OGWP": 0.526
    },
    {
      "Rank": 35,
      "Player": "chiyou",
      "Points": 3,
      "Wins": 0,
      "Losses": 0,
      "Draws": 0,
      "OMWP": 0.6111,
      "GWP": 0.375,
      "OGWP": 0.5492
    },
    {
      "Rank": 34,
      "Player": "KingHairy",
      "Points": 3,
      "Wins": 0,
      "Losses": 0,
      "Draws": 0,
      "OMWP": 0.6111,
      "GWP": 0.375,
      "OGWP": 0.5543
    },
    {
      "Rank": 33,
      "Player": "ellectroide",
      "Points": 6,
      "Wins": 0,
      "Losses": 0,
      "Draws": 0,
      "OMWP": 0.4722,
      "GWP": 0.44439999999999996,
      "OGWP": 0.4661
    },
    {
      "Rank": 32,
      "Player": "pepeteam",
      "Points": 6,
      "Wins": 0,
      "Losses": 0,
      "Draws": 0,
      "OMWP": 0.48,
      "GWP": 0.3077,
      "OGWP": 0.508
    },
    {
      "Rank": 31,
      "Player": "Gianhunter",
      "Points": 6,
      "Wins": 0,
      "Losses": 0,
      "Draws": 0,
      "OMWP": 0.5,
      "GWP": 0.3846,
      "OGWP": 0.4569
    },
    {
      "Rank": 30,
      "Player": "unagieel",
      "Points": 6,
      "Wins": 0,
      "Losses": 0,
      "Draws": 0,
      "OMWP": 0.5133,
      "GWP": 0.46149999999999997,
      "OGWP": 0.52
    },
    {
      "Rank": 29,
      "Player": "O_danielakos",
      "Points": 6,
      "Wins": 0,
      "Losses": 0,
      "Draws": 0,
      "OMWP": 0.5278,
      "GWP": 0.4118,
      "OGWP": 0.49560000000000004
    },
    {
      "Rank": 28,
      "Player": "Plaing1",
      "Points": 6,
      "Wins": 0,
      "Losses": 0,
      "Draws": 0,
      "OMWP": 0.5278,
      "GWP": 0.4286,
      "OGWP": 0.5151
    },
    {
      "Rank": 27,
      "Player": "claudioh",
      "Points": 6,
      "Wins": 0,
      "Losses": 0,
      "Draws": 0,
      "OMWP": 0.5467,
      "GWP": 0.5,
      "OGWP": 0.5136
    },
    {
      "Rank": 26,
      "Player": "Matsukasa10",
      "Points": 6,
      "Wins": 0,
      "Losses": 0,
      "Draws": 0,
      "OMWP": 0.5556,
      "GWP": 0.375,
      "OGWP": 0.5352
    },
    {
      "Rank": 25,
      "Player": "jorgeelias",
      "Points": 6,
      "Wins": 0,
      "Losses": 0,
      "Draws": 0,
      "OMWP": 0.5556,
      "GWP": 0.4286,
      "OGWP": 0.5233
    },
    {
      "Rank": 24,
      "Player": "Edel",
      "Points": 9,
      "Wins": 0,
      "Losses": 0,
      "Draws": 0,
      "OMWP": 0.38,
      "GWP": 0.5,
      "OGWP": 0.42950000000000005
    },
    {
      "Rank": 23,
      "Player": "amaransneak",
      "Points": 9,
      "Wins": 0,
      "Losses": 0,
      "Draws": 0,
      "OMWP": 0.44439999999999996,
      "GWP": 0.4375,
      "OGWP": 0.43810000000000004
    },
    {
      "Rank": 22,
      "Player": "VitorCarvalho01",
      "Points": 9,
      "Wins": 0,
      "Losses": 0,
      "Draws": 0,
      "OMWP": 0.44439999999999996,
      "GWP": 0.4375,
      "OGWP": 0.4526
    },
    {
      "Rank": 21,
      "Player": "Venom1",
      "Points": 9,
      "Wins": 0,
      "Losses": 0,
      "Draws": 0,
      "OMWP": 0.4722,
      "GWP": 0.4706,
      "OGWP": 0.4535
    },
    {
      "Rank": 20,
      "Player": "Adrikmtg",
      "Points": 9,
      "Wins": 0,
      "Losses": 0,
      "Draws": 0,
      "OMWP": 0.5389,
      "GWP": 0.4706,
      "OGWP": 0.5236999999999999
    },
    {
      "Rank": 19,
      "Player": "oskiyaa",
      "Points": 9,
      "Wins": 0,
      "Losses": 0,
      "Draws": 0,
      "OMWP": 0.5832999999999999,
      "GWP": 0.4286,
      "OGWP": 0.5552
    },
    {
      "Rank": 18,
      "Player": "smile_papa4",
      "Points": 9,
      "Wins": 0,
      "Losses": 0,
      "Draws": 0,
      "OMWP": 0.5832999999999999,
      "GWP": 0.5,
      "OGWP": 0.5487
    },
    {
      "Rank": 17,
      "Player": "therock988",
      "Points": 9,
      "Wins": 0,
      "Losses": 0,
      "Draws": 0,
      "OMWP": 0.5832999999999999,
      "GWP": 0.5333,
      "OGWP": 0.5366
    },
    {
      "Rank": 16,
      "Player": "Rosiedog88",
      "Points": 9,
      "Wins": 0,
      "Losses": 0,
      "Draws": 0,
      "OMWP": 0.6111,
      "GWP": 0.46149999999999997,
      "OGWP": 0.5985
    },
    {
      "Rank": 15,
      "Player": "Dai66s",
      "Points": 12,
      "Wins": 0,
      "Losses": 0,
      "Draws": 0,
      "OMWP": 0.4,
      "GWP": 0.5714,
      "OGWP": 0.4127
    },
    {
      "Rank": 14,
      "Player": "ElCucuy",
      "Points": 12,
      "Wins": 0,
      "Losses": 0,
      "Draws": 0,
      "OMWP": 0.4833,
      "GWP": 0.6667000000000001,
      "OGWP": 0.4966
    },
    {
      "Rank": 13,
      "Player": "paka11",
      "Points": 12,
      "Wins": 0,
      "Losses": 0,
      "Draws": 0,
      "OMWP": 0.5,
      "GWP": 0.5714,
      "OGWP": 0.4972
    },
    {
      "Rank": 12,
      "Player": "Dreddybajs",
      "Points": 12,
      "Wins": 0,
      "Losses": 0,
      "Draws": 0,
      "OMWP": 0.5111,
      "GWP": 0.5882000000000001,
      "OGWP": 0.521
    },
    {
      "Rank": 11,
      "Player": "toondoslav",
      "Points": 12,
      "Wins": 0,
      "Losses": 0,
      "Draws": 0,
      "OMWP": 0.5111,
      "GWP": 0.6,
      "OGWP": 0.516
    },
    {
      "Rank": 10,
      "Player": "Lennny",
      "Points": 12,
      "Wins": 0,
      "Losses": 0,
      "Draws": 0,
      "OMWP": 0.5556,
      "GWP": 0.6,
      "OGWP": 0.5279
    },
    {
      "Rank": 9,
      "Player": "_ZNT_",
      "Points": 12,
      "Wins": 0,
      "Losses": 0,
      "Draws": 0,
      "OMWP": 0.5556,
      "GWP": 0.6667000000000001,
      "OGWP": 0.5296
    },
    {
      "Rank": 8,
      "Player": "AgrusKos93",
      "Points": 12,
      "Wins": 0,
      "Losses": 0,
      "Draws": 0,
      "OMWP": 0.6111,
      "GWP": 0.6154,
      "OGWP": 0.5722999999999999
    },
    {
      "Rank": 7,
      "Player": "Raptor_Nachos",
      "Points": 12,
      "Wins": 0,
      "Losses": 0,
      "Draws": 0,
      "OMWP": 0.6111,
      "GWP": 0.6667000000000001,
      "OGWP": 0.5600999999999999
    },
    {
      "Rank": 6,
      "Player": "Shulk",
      "Points": 15,
      "Wins": 0,
      "Losses": 0,
      "Draws": 0,
      "OMWP": 0.5556,
      "GWP": 0.7692,
      "OGWP": 0.5590999999999999
    },
    {
      "Rank": 5,
      "Player": "DskBayWolf",
      "Points": 15,
      "Wins": 0,
      "Losses": 0,
      "Draws": 0,
      "OMWP": 0.6111,
      "GWP": 0.7143,
      "OGWP": 0.5624
    },
    {
      "Rank": 4,
      "Player": "peter780108",
      "Points": 18,
      "Wins": 0,
      "Losses": 0,
      "Draws": 0,
      "OMWP": 0.6667000000000001,
      "GWP": 0.7143,
      "OGWP": 0.6139
    },
    {
      "Rank": 3,
      "Player": "__forge__",
      "Points": 21,
      "Wins": 0,
      "Losses": 0,
      "Draws": 0,
      "OMWP": 0.5832999999999999,
      "GWP": 0.9231,
      "OGWP": 0.5485
    },
    {
      "Rank": 2,
      "Player": "Varo",
      "Points": 18,
      "Wins": 0,
      "Losses": 0,
      "Draws": 0,
      "OMWP": 0.6389,
      "GWP": 0.6,
      "OGWP": 0.5735
    },
    {
      "Rank": 1,
      "Player": "Mogged",
      "Points": 24,
      "Wins": 0,
      "Losses": 0,
      "Draws": 0,
      "OMWP": 0.4556,
      "GWP": 0.7143,
      "OGWP": 0.4865
    }
  ]
}