{
  "Tournament": {
    "Id": 12802820,
    "Date": "2025-07-12T19:00:00",
    "Name": "Vintage Challenge 32",
    "Uri": null,
    "JsonFile": null,
    "ForceRedownload": false
  },
  "Decks": null,
  "Rounds": [
    {
      "RoundName": "Round 1",
      "Matches": [
        {
          "Player1": "thedeck84",
          "Player2": "monzatubarao",
          "Result": "0-2-0"
        },
        {
          "Player1": "Miharu_Fuyumiya",
          "Player2": "ARunningHans",
          "Result": "2-0-0"
        },
        {
          "Player1": "Duellist",
          "Player2": "morenoHARDCORE",
          "Result": "0-0-0"
        },
        {
          "Player1": "O_danielakos",
          "Player2": "jfrantz",
          "Result": "0-2-0"
        },
        {
          "Player1": "i_b_TRUE",
          "Player2": "wcl",
          "Result": "0-2-0"
        },
        {
          "Player1": "Benj",
          "Player2": "albertoSD",
          "Result": "0-2-0"
        },
        {
          "Player1": "DB_TLG_SM",
          "Player2": "PhilFit",
          "Result": "0-2-0"
        },
        {
          "Player1": "HyuugaHeir",
          "Player2": "RatherBplayingMTG",
          "Result": "2-0-0"
        },
        {
          "Player1": "tallpaul13",
          "Player2": "etoustar",
          "Result": "0-2-0"
        },
        {
          "Player1": "tolariamidwest",
          "Player2": "bless_von",
          "Result": "0-0-0"
        },
        {
          "Player1": "adamwasmo",
          "Player2": "Xenowan",
          "Result": "0-2-0"
        },
        {
          "Player1": "solace",
          "Player2": "VitorCarvalho01",
          "Result": "2-0-0"
        },
        {
          "Player1": "desolutionist",
          "Player2": "Gerschi",
          "Result": "2-0-0"
        },
        {
          "Player1": "BiggestBird",
          "Player2": "kaikas",
          "Result": "2-0-0"
        },
        {
          "Player1": "_Shikamaru_",
          "Player2": "jake-upLVT",
          "Result": "2-0-0"
        },
        {
          "Player1": "Terminus0",
          "Player2": "Aigis",
          "Result": "0-2-0"
        },
        {
          "Player1": "CrazyDiamond513",
          "Player2": "DB_bhobbsie",
          "Result": "2-0-0"
        },
        {
          "Player1": "Zero_mana",
          "Player2": "ChessNight5030",
          "Result": "0-2-0"
        },
        {
          "Player1": "RPSbonjwa",
          "Player2": "Messi_10",
          "Result": "0-2-0"
        },
        {
          "Player1": "_Shatun_",
          "Player2": "Skpchino",
          "Result": "2-0-0"
        },
        {
          "Player1": "Lord_Beerus",
          "Player2": "aniba_lekoa",
          "Result": "2-0-0"
        },
        {
          "Player1": "blackdecks99",
          "Player2": "Viatt",
          "Result": "0-2-0"
        },
        {
          "Player1": "TrueHero",
          "Player2": "Albinoninjaxx17",
          "Result": "0-2-0"
        },
        {
          "Player1": "wiky",
          "Player2": "Munchlax446",
          "Result": "0-2-0"
        },
        {
          "Player1": "PivoUlivo",
          "Player2": "RowzCheese",
          "Result": "0-2-0"
        },
        {
          "Player1": "Ayyypeks",
          "Player2": "tao_bye_bye",
          "Result": "2-0-0"
        }
      ]
    },
    {
      "RoundName": "Round 2",
      "Matches": [
        {
          "Player1": "etoustar",
          "Player2": "jfrantz",
          "Result": "2-0-0"
        },
        {
          "Player1": "kaikas",
          "Player2": "Zero_mana",
          "Result": "0-2-0"
        },
        {
          "Player1": "solace",
          "Player2": "_Shikamaru_",
          "Result": "0-2-0"
        },
        {
          "Player1": "SuperCow12653",
          "Player2": "RowzCheese",
          "Result": "2-0-0"
        },
        {
          "Player1": "Aigis",
          "Player2": "CrazyDiamond513",
          "Result": "2-0-0"
        },
        {
          "Player1": "morenoHARDCORE",
          "Player2": "jake-upLVT",
          "Result": "0-2-0"
        },
        {
          "Player1": "desolutionist",
          "Player2": "Miharu_Fuyumiya",
          "Result": "2-0-0"
        },
        {
          "Player1": "Gerschi",
          "Player2": "tolariamidwest",
          "Result": "0-2-0"
        },
        {
          "Player1": "tallpaul13",
          "Player2": "TrueHero",
          "Result": "0-2-0"
        },
        {
          "Player1": "albertoSD",
          "Player2": "blackdecks99",
          "Result": "0-2-0"
        },
        {
          "Player1": "PivoUlivo",
          "Player2": "thedeck84",
          "Result": "2-0-0"
        },
        {
          "Player1": "Skpchino",
          "Player2": "DB_bhobbsie",
          "Result": "2-0-0"
        },
        {
          "Player1": "wiky",
          "Player2": "tao_bye_bye",
          "Result": "0-2-0"
        },
        {
          "Player1": "BiggestBird",
          "Player2": "bless_von",
          "Result": "0-2-0"
        },
        {
          "Player1": "i_b_TRUE",
          "Player2": "VitorCarvalho01",
          "Result": "2-0-0"
        },
        {
          "Player1": "Lord_Beerus",
          "Player2": "Messi_10",
          "Result": "2-0-0"
        },
        {
          "Player1": "PhilFit",
          "Player2": "monzatubarao",
          "Result": "2-0-0"
        },
        {
          "Player1": "ARunningHans",
          "Player2": "RatherBplayingMTG",
          "Result": "2-0-0"
        },
        {
          "Player1": "_Shatun_",
          "Player2": "Xenowan",
          "Result": "2-1-0"
        },
        {
          "Player1": "Ayyypeks",
          "Player2": "Viatt",
          "Result": "2-0-0"
        },
        {
          "Player1": "Benj",
          "Player2": "O_danielakos",
          "Result": "0-2-0"
        },
        {
          "Player1": "adamwasmo",
          "Player2": "aniba_lekoa",
          "Result": "2-0-0"
        },
        {
          "Player1": "Albinoninjaxx17",
          "Player2": "ChessNight5030",
          "Result": "2-0-0"
        },
        {
          "Player1": "Duellist",
          "Player2": "Munchlax446",
          "Result": "2-0-0"
        },
        {
          "Player1": "wcl",
          "Player2": "HyuugaHeir",
          "Result": "0-2-0"
        }
      ]
    },
    {
      "RoundName": "Round 3",
      "Matches": [
        {
          "Player1": "desolutionist",
          "Player2": "Albinoninjaxx17",
          "Result": "0-2-0"
        },
        {
          "Player1": "CrazyDiamond513",
          "Player2": "RPSbonjwa",
          "Result": "0-2-0"
        },
        {
          "Player1": "PivoUlivo",
          "Player2": "jfrantz",
          "Result": "0-2-0"
        },
        {
          "Player1": "VitorCarvalho01",
          "Player2": "RatherBplayingMTG",
          "Result": "0-2-0"
        },
        {
          "Player1": "BiggestBird",
          "Player2": "Zero_mana",
          "Result": "0-2-0"
        },
        {
          "Player1": "i_b_TRUE",
          "Player2": "Messi_10",
          "Result": "1-2-0"
        },
        {
          "Player1": "_Shatun_",
          "Player2": "PhilFit",
          "Result": "0-0-0"
        },
        {
          "Player1": "Aigis",
          "Player2": "_Shikamaru_",
          "Result": "0-2-0"
        },
        {
          "Player1": "Benj",
          "Player2": "thedeck84",
          "Result": "0-2-0"
        },
        {
          "Player1": "O_danielakos",
          "Player2": "Skpchino",
          "Result": "0-2-0"
        },
        {
          "Player1": "Ayyypeks",
          "Player2": "HyuugaHeir",
          "Result": "0-2-0"
        },
        {
          "Player1": "aniba_lekoa",
          "Player2": "morenoHARDCORE",
          "Result": "0-2-0"
        },
        {
          "Player1": "Miharu_Fuyumiya",
          "Player2": "etoustar",
          "Result": "2-0-0"
        },
        {
          "Player1": "TrueHero",
          "Player2": "monzatubarao",
          "Result": "0-2-0"
        },
        {
          "Player1": "albertoSD",
          "Player2": "Munchlax446",
          "Result": "2-0-0"
        },
        {
          "Player1": "blackdecks99",
          "Player2": "Xenowan",
          "Result": "0-2-0"
        },
        {
          "Player1": "ChessNight5030",
          "Player2": "RowzCheese",
          "Result": "0-2-0"
        },
        {
          "Player1": "Lord_Beerus",
          "Player2": "bless_von",
          "Result": "2-0-0"
        },
        {
          "Player1": "solace",
          "Player2": "adamwasmo",
          "Result": "2-0-0"
        },
        {
          "Player1": "Duellist",
          "Player2": "SuperCow12653",
          "Result": "0-2-0"
        },
        {
          "Player1": "tolariamidwest",
          "Player2": "wcl",
          "Result": "2-0-0"
        },
        {
          "Player1": "tao_bye_bye",
          "Player2": "Viatt",
          "Result": "0-2-0"
        },
        {
          "Player1": "ARunningHans",
          "Player2": "jake-upLVT",
          "Result": "2-0-0"
        }
      ]
    },
    {
      "RoundName": "Round 4",
      "Matches": [
        {
          "Player1": "morenoHARDCORE",
          "Player2": "RatherBplayingMTG",
          "Result": "0-2-0"
        },
        {
          "Player1": "Lord_Beerus",
          "Player2": "HyuugaHeir",
          "Result": "2-0-0"
        },
        {
          "Player1": "Skpchino",
          "Player2": "Zero_mana",
          "Result": "0-2-0"
        },
        {
          "Player1": "ARunningHans",
          "Player2": "wcl",
          "Result": "0-2-0"
        },
        {
          "Player1": "Aigis",
          "Player2": "Miharu_Fuyumiya",
          "Result": "0-0-0"
        },
        {
          "Player1": "solace",
          "Player2": "Xenowan",
          "Result": "2-0-0"
        },
        {
          "Player1": "Benj",
          "Player2": "tao_bye_bye",
          "Result": "2-0-0"
        },
        {
          "Player1": "desolutionist",
          "Player2": "Duellist",
          "Result": "2-0-0"
        },
        {
          "Player1": "thedeck84",
          "Player2": "Munchlax446",
          "Result": "0-2-0"
        },
        {
          "Player1": "i_b_TRUE",
          "Player2": "PivoUlivo",
          "Result": "0-2-0"
        },
        {
          "Player1": "Viatt",
          "Player2": "Messi_10",
          "Result": "2-0-0"
        },
        {
          "Player1": "aniba_lekoa",
          "Player2": "VitorCarvalho01",
          "Result": "0-2-0"
        },
        {
          "Player1": "Ayyypeks",
          "Player2": "etoustar",
          "Result": "2-0-0"
        },
        {
          "Player1": "SuperCow12653",
          "Player2": "Albinoninjaxx17",
          "Result": "2-0-0"
        },
        {
          "Player1": "PhilFit",
          "Player2": "_Shikamaru_",
          "Result": "0-2-0"
        },
        {
          "Player1": "jfrantz",
          "Player2": "RowzCheese",
          "Result": "2-0-0"
        },
        {
          "Player1": "albertoSD",
          "Player2": "monzatubarao",
          "Result": "0-2-0"
        },
        {
          "Player1": "tolariamidwest",
          "Player2": "RPSbonjwa",
          "Result": "2-0-0"
        },
        {
          "Player1": "_Shatun_",
          "Player2": "bless_von",
          "Result": "0-2-0"
        }
      ]
    },
    {
      "RoundName": "Round 5",
      "Matches": [
        {
          "Player1": "SuperCow12653",
          "Player2": "PhilFit",
          "Result": "2-0-0"
        },
        {
          "Player1": "solace",
          "Player2": "monzatubarao",
          "Result": "0-2-0"
        },
        {
          "Player1": "Miharu_Fuyumiya",
          "Player2": "RatherBplayingMTG",
          "Result": "0-2-0"
        },
        {
          "Player1": "Lord_Beerus",
          "Player2": "_Shikamaru_",
          "Result": "0-2-0"
        },
        {
          "Player1": "bless_von",
          "Player2": "Viatt",
          "Result": "0-0-0"
        },
        {
          "Player1": "tolariamidwest",
          "Player2": "Zero_mana",
          "Result": "2-0-0"
        },
        {
          "Player1": "Xenowan",
          "Player2": "ARunningHans",
          "Result": "0-2-0"
        },
        {
          "Player1": "albertoSD",
          "Player2": "wcl",
          "Result": "0-2-0"
        },
        {
          "Player1": "Skpchino",
          "Player2": "PivoUlivo",
          "Result": "0-2-0"
        },
        {
          "Player1": "etoustar",
          "Player2": "RPSbonjwa",
          "Result": "2-0-0"
        },
        {
          "Player1": "Benj",
          "Player2": "VitorCarvalho01",
          "Result": "0-2-0"
        },
        {
          "Player1": "Munchlax446",
          "Player2": "Messi_10",
          "Result": "2-0-0"
        },
        {
          "Player1": "Duellist",
          "Player2": "_Shatun_",
          "Result": "0-2-0"
        },
        {
          "Player1": "Albinoninjaxx17",
          "Player2": "HyuugaHeir",
          "Result": "1-2-0"
        },
        {
          "Player1": "desolutionist",
          "Player2": "Ayyypeks",
          "Result": "0-2-0"
        },
        {
          "Player1": "Aigis",
          "Player2": "jfrantz",
          "Result": "0-2-0"
        },
        {
          "Player1": "tao_bye_bye",
          "Player2": "morenoHARDCORE",
          "Result": "0-2-0"
        }
      ]
    },
    {
      "RoundName": "Round 6",
      "Matches": [
        {
          "Player1": "desolutionist",
          "Player2": "Aigis",
          "Result": "2-0-0"
        },
        {
          "Player1": "monzatubarao",
          "Player2": "HyuugaHeir",
          "Result": "0-2-0"
        },
        {
          "Player1": "Ayyypeks",
          "Player2": "bless_von",
          "Result": "2-1-0"
        },
        {
          "Player1": "Xenowan",
          "Player2": "RPSbonjwa",
          "Result": "2-0-0"
        },
        {
          "Player1": "Munchlax446",
          "Player2": "wcl",
          "Result": "0-2-0"
        },
        {
          "Player1": "SuperCow12653",
          "Player2": "_Shikamaru_",
          "Result": "0-2-0"
        },
        {
          "Player1": "etoustar",
          "Player2": "PhilFit",
          "Result": "0-2-0"
        },
        {
          "Player1": "morenoHARDCORE",
          "Player2": "VitorCarvalho01",
          "Result": "0-0-0"
        },
        {
          "Player1": "Zero_mana",
          "Player2": "RatherBplayingMTG",
          "Result": "2-0-0"
        },
        {
          "Player1": "Duellist",
          "Player2": "Miharu_Fuyumiya",
          "Result": "0-2-0"
        },
        {
          "Player1": "solace",
          "Player2": "Albinoninjaxx17",
          "Result": "0-2-0"
        },
        {
          "Player1": "Benj",
          "Player2": "aniba_lekoa",
          "Result": "0-0-0"
        },
        {
          "Player1": "PivoUlivo",
          "Player2": "ARunningHans",
          "Result": "2-0-0"
        },
        {
          "Player1": "Lord_Beerus",
          "Player2": "Viatt",
          "Result": "0-2-0"
        },
        {
          "Player1": "_Shatun_",
          "Player2": "Messi_10",
          "Result": "2-0-0"
        },
        {
          "Player1": "tolariamidwest",
          "Player2": "jfrantz",
          "Result": "2-0-0"
        }
      ]
    },
    {
      "RoundName": "Round 7",
      "Matches": [
        {
          "Player1": "PhilFit",
          "Player2": "HyuugaHeir",
          "Result": "0-2-0"
        },
        {
          "Player1": "Lord_Beerus",
          "Player2": "_Shikamaru_",
          "Result": "0-2-0"
        },
        {
          "Player1": "SuperCow12653",
          "Player2": "Viatt",
          "Result": "0-2-0"
        },
        {
          "Player1": "tolariamidwest",
          "Player2": "Ayyypeks",
          "Result": "0-2-0"
        }
      ]
    },
    {
      "RoundName": "Round 8",
      "Matches": [
        {
          "Player1": "Ayyypeks",
          "Player2": "_Shikamaru_",
          "Result": "2-0-0"
        },
        {
          "Player1": "Viatt",
          "Player2": "HyuugaHeir",
          "Result": "0-2-0"
        }
      ]
    },
    {
      "RoundName": "Round 9",
      "Matches": [
        {
          "Player1": "Ayyypeks",
          "Player2": "HyuugaHeir",
          "Result": "0-2-0"
        }
      ]
    }
  ],
  "Standings": [
    {
      "Rank": 53,
      "Player": "DB_bhobbsie",
      "Points": 0,
      "Wins": 0,
      "Losses": 0,
      "Draws": 0,
      "OMWP": 0.3667,
      "GWP": 0,
      "OGWP": 0.4143
    },
    {
      "Rank": 52,
      "Player": "wiky",
      "Points": 0,
      "Wins": 0,
      "Losses": 0,
      "Draws": 0,
      "OMWP": 0.4167,
      "GWP": 0.2,
      "OGWP": 0.4359
    },
    {
      "Rank": 51,
      "Player": "tallpaul13",
      "Points": 0,
      "Wins": 0,
      "Losses": 0,
      "Draws": 0,
      "OMWP": 0.4167,
      "GWP": 0.2,
      "OGWP": 0.4375
    },
    {
      "Rank": 50,
      "Player": "Terminus0",
      "Points": 0,
      "Wins": 0,
      "Losses": 0,
      "Draws": 0,
      "OMWP": 0.5,
      "GWP": 0.3333,
      "OGWP": 0.4667
    },
    {
      "Rank": 49,
      "Player": "DB_TLG_SM",
      "Points": 0,
      "Wins": 0,
      "Losses": 0,
      "Draws": 0,
      "OMWP": 0.6667000000000001,
      "GWP": 0.3333,
      "OGWP": 0.5
    },
    {
      "Rank": 48,
      "Player": "Gerschi",
      "Points": 0,
      "Wins": 0,
      "Losses": 0,
      "Draws": 0,
      "OMWP": 0.75,
      "GWP": 0.2,
      "OGWP": 0.6570999999999999
    },
    {
      "Rank": 47,
      "Player": "Benj",
      "Points": 3,
      "Wins": 0,
      "Losses": 0,
      "Draws": 0,
      "OMWP": 0.3444,
      "GWP": 0.375,
      "OGWP": 0.38770000000000004
    },
    {
      "Rank": 46,
      "Player": "CrazyDiamond513",
      "Points": 3,
      "Wins": 0,
      "Losses": 0,
      "Draws": 0,
      "OMWP": 0.3889,
      "GWP": 0.4286,
      "OGWP": 0.39490000000000003
    },
    {
      "Rank": 45,
      "Player": "adamwasmo",
      "Points": 3,
      "Wins": 0,
      "Losses": 0,
      "Draws": 0,
      "OMWP": 0.44439999999999996,
      "GWP": 0.375,
      "OGWP": 0.44270000000000004
    },
    {
      "Rank": 44,
      "Player": "O_danielakos",
      "Points": 3,
      "Wins": 0,
      "Losses": 0,
      "Draws": 0,
      "OMWP": 0.4667,
      "GWP": 0.375,
      "OGWP": 0.4458
    },
    {
      "Rank": 43,
      "Player": "kaikas",
      "Points": 3,
      "Wins": 0,
      "Losses": 0,
      "Draws": 0,
      "OMWP": 0.5,
      "GWP": 0.3333,
      "OGWP": 0.5
    },
    {
      "Rank": 42,
      "Player": "i_b_TRUE",
      "Points": 3,
      "Wins": 0,
      "Losses": 0,
      "Draws": 0,
      "OMWP": 0.5,
      "GWP": 0.3636,
      "OGWP": 0.5108
    },
    {
      "Rank": 41,
      "Player": "BiggestBird",
      "Points": 3,
      "Wins": 0,
      "Losses": 0,
      "Draws": 0,
      "OMWP": 0.5,
      "GWP": 0.375,
      "OGWP": 0.5069
    },
    {
      "Rank": 40,
      "Player": "thedeck84",
      "Points": 3,
      "Wins": 0,
      "Losses": 0,
      "Draws": 0,
      "OMWP": 0.5417000000000001,
      "GWP": 0.3636,
      "OGWP": 0.5293
    },
    {
      "Rank": 39,
      "Player": "TrueHero",
      "Points": 3,
      "Wins": 0,
      "Losses": 0,
      "Draws": 0,
      "OMWP": 0.5556,
      "GWP": 0.375,
      "OGWP": 0.5215
    },
    {
      "Rank": 38,
      "Player": "blackdecks99",
      "Points": 3,
      "Wins": 0,
      "Losses": 0,
      "Draws": 0,
      "OMWP": 0.5778,
      "GWP": 0.3333,
      "OGWP": 0.5389
    },
    {
      "Rank": 37,
      "Player": "ChessNight5030",
      "Points": 3,
      "Wins": 0,
      "Losses": 0,
      "Draws": 0,
      "OMWP": 0.6111,
      "GWP": 0.375,
      "OGWP": 0.6225999999999999
    },
    {
      "Rank": 36,
      "Player": "jake-upLVT",
      "Points": 3,
      "Wins": 0,
      "Losses": 0,
      "Draws": 0,
      "OMWP": 0.6667000000000001,
      "GWP": 0.4286,
      "OGWP": 0.6061
    },
    {
      "Rank": 35,
      "Player": "VitorCarvalho01",
      "Points": 6,
      "Wins": 0,
      "Losses": 0,
      "Draws": 0,
      "OMWP": 0.4167,
      "GWP": 0.4375,
      "OGWP": 0.42700000000000005
    },
    {
      "Rank": 34,
      "Player": "aniba_lekoa",
      "Points": 6,
      "Wins": 0,
      "Losses": 0,
      "Draws": 0,
      "OMWP": 0.43329999999999996,
      "GWP": 0.4,
      "OGWP": 0.4232
    },
    {
      "Rank": 33,
      "Player": "RPSbonjwa",
      "Points": 6,
      "Wins": 0,
      "Losses": 0,
      "Draws": 0,
      "OMWP": 0.5,
      "GWP": 0.3846,
      "OGWP": 0.49689999999999995
    },
    {
      "Rank": 32,
      "Player": "albertoSD",
      "Points": 6,
      "Wins": 0,
      "Losses": 0,
      "Draws": 0,
      "OMWP": 0.5,
      "GWP": 0.4167,
      "OGWP": 0.4901
    },
    {
      "Rank": 31,
      "Player": "Skpchino",
      "Points": 6,
      "Wins": 0,
      "Losses": 0,
      "Draws": 0,
      "OMWP": 0.5333,
      "GWP": 0.4,
      "OGWP": 0.5231
    },
    {
      "Rank": 30,
      "Player": "Messi_10",
      "Points": 6,
      "Wins": 0,
      "Losses": 0,
      "Draws": 0,
      "OMWP": 0.5556,
      "GWP": 0.375,
      "OGWP": 0.5311
    },
    {
      "Rank": 29,
      "Player": "tao_bye_bye",
      "Points": 6,
      "Wins": 0,
      "Losses": 0,
      "Draws": 0,
      "OMWP": 0.5667,
      "GWP": 0.3077,
      "OGWP": 0.5115
    },
    {
      "Rank": 28,
      "Player": "Duellist",
      "Points": 6,
      "Wins": 0,
      "Losses": 0,
      "Draws": 0,
      "OMWP": 0.6111,
      "GWP": 0.35710000000000003,
      "OGWP": 0.5893999999999999
    },
    {
      "Rank": 27,
      "Player": "RowzCheese",
      "Points": 6,
      "Wins": 0,
      "Losses": 0,
      "Draws": 0,
      "OMWP": 0.625,
      "GWP": 0.6,
      "OGWP": 0.5805
    },
    {
      "Rank": 26,
      "Player": "morenoHARDCORE",
      "Points": 9,
      "Wins": 0,
      "Losses": 0,
      "Draws": 0,
      "OMWP": 0.3611,
      "GWP": 0.4286,
      "OGWP": 0.415
    },
    {
      "Rank": 25,
      "Player": "Munchlax446",
      "Points": 9,
      "Wins": 0,
      "Losses": 0,
      "Draws": 0,
      "OMWP": 0.4,
      "GWP": 0.5385,
      "OGWP": 0.4102
    },
    {
      "Rank": 24,
      "Player": "Xenowan",
      "Points": 9,
      "Wins": 0,
      "Losses": 0,
      "Draws": 0,
      "OMWP": 0.44439999999999996,
      "GWP": 0.4667,
      "OGWP": 0.44799999999999995
    },
    {
      "Rank": 23,
      "Player": "Miharu_Fuyumiya",
      "Points": 9,
      "Wins": 0,
      "Losses": 0,
      "Draws": 0,
      "OMWP": 0.5,
      "GWP": 0.5333,
      "OGWP": 0.48729999999999996
    },
    {
      "Rank": 22,
      "Player": "ARunningHans",
      "Points": 9,
      "Wins": 0,
      "Losses": 0,
      "Draws": 0,
      "OMWP": 0.5278,
      "GWP": 0.4667,
      "OGWP": 0.5321
    },
    {
      "Rank": 21,
      "Player": "etoustar",
      "Points": 9,
      "Wins": 0,
      "Losses": 0,
      "Draws": 0,
      "OMWP": 0.5556,
      "GWP": 0.5,
      "OGWP": 0.5002
    },
    {
      "Rank": 20,
      "Player": "RatherBplayingMTG",
      "Points": 9,
      "Wins": 0,
      "Losses": 0,
      "Draws": 0,
      "OMWP": 0.5556,
      "GWP": 0.5333,
      "OGWP": 0.5297999999999999
    },
    {
      "Rank": 19,
      "Player": "solace",
      "Points": 9,
      "Wins": 0,
      "Losses": 0,
      "Draws": 0,
      "OMWP": 0.5832999999999999,
      "GWP": 0.46149999999999997,
      "OGWP": 0.5722
    },
    {
      "Rank": 18,
      "Player": "Aigis",
      "Points": 9,
      "Wins": 0,
      "Losses": 0,
      "Draws": 0,
      "OMWP": 0.5832999999999999,
      "GWP": 0.4667,
      "OGWP": 0.5635
    },
    {
      "Rank": 17,
      "Player": "bless_von",
      "Points": 9,
      "Wins": 0,
      "Losses": 0,
      "Draws": 0,
      "OMWP": 0.6944,
      "GWP": 0.5625,
      "OGWP": 0.6128
    },
    {
      "Rank": 16,
      "Player": "PivoUlivo",
      "Points": 12,
      "Wins": 0,
      "Losses": 0,
      "Draws": 0,
      "OMWP": 0.4556,
      "GWP": 0.6154,
      "OGWP": 0.4594
    },
    {
      "Rank": 15,
      "Player": "Zero_mana",
      "Points": 12,
      "Wins": 0,
      "Losses": 0,
      "Draws": 0,
      "OMWP": 0.4556,
      "GWP": 0.625,
      "OGWP": 0.45520000000000005
    },
    {
      "Rank": 14,
      "Player": "_Shatun_",
      "Points": 12,
      "Wins": 0,
      "Losses": 0,
      "Draws": 0,
      "OMWP": 0.4556,
      "GWP": 0.6667000000000001,
      "OGWP": 0.4436
    },
    {
      "Rank": 13,
      "Player": "monzatubarao",
      "Points": 12,
      "Wins": 0,
      "Losses": 0,
      "Draws": 0,
      "OMWP": 0.5111,
      "GWP": 0.5882000000000001,
      "OGWP": 0.46740000000000004
    },
    {
      "Rank": 12,
      "Player": "desolutionist",
      "Points": 12,
      "Wins": 0,
      "Losses": 0,
      "Draws": 0,
      "OMWP": 0.5278,
      "GWP": 0.6,
      "OGWP": 0.5035000000000001
    },
    {
      "Rank": 11,
      "Player": "jfrantz",
      "Points": 12,
      "Wins": 0,
      "Losses": 0,
      "Draws": 0,
      "OMWP": 0.5556,
      "GWP": 0.5625,
      "OGWP": 0.5452
    },
    {
      "Rank": 10,
      "Player": "wcl",
      "Points": 12,
      "Wins": 0,
      "Losses": 0,
      "Draws": 0,
      "OMWP": 0.5667,
      "GWP": 0.6154,
      "OGWP": 0.5312
    },
    {
      "Rank": 9,
      "Player": "Albinoninjaxx17",
      "Points": 12,
      "Wins": 0,
      "Losses": 0,
      "Draws": 0,
      "OMWP": 0.5832999999999999,
      "GWP": 0.6429,
      "OGWP": 0.5447
    },
    {
      "Rank": 8,
      "Player": "Lord_Beerus",
      "Points": 12,
      "Wins": 0,
      "Losses": 0,
      "Draws": 0,
      "OMWP": 0.6389,
      "GWP": 0.5,
      "OGWP": 0.6136
    },
    {
      "Rank": 7,
      "Player": "PhilFit",
      "Points": 12,
      "Wins": 0,
      "Losses": 0,
      "Draws": 0,
      "OMWP": 0.6667000000000001,
      "GWP": 0.5,
      "OGWP": 0.6301
    },
    {
      "Rank": 6,
      "Player": "tolariamidwest",
      "Points": 15,
      "Wins": 0,
      "Losses": 0,
      "Draws": 0,
      "OMWP": 0.5278,
      "GWP": 0.7143,
      "OGWP": 0.5139
    },
    {
      "Rank": 5,
      "Player": "SuperCow12653",
      "Points": 15,
      "Wins": 0,
      "Losses": 0,
      "Draws": 0,
      "OMWP": 0.6333,
      "GWP": 0.7692,
      "OGWP": 0.6046
    },
    {
      "Rank": 4,
      "Player": "Viatt",
      "Points": 18,
      "Wins": 0,
      "Losses": 0,
      "Draws": 0,
      "OMWP": 0.5,
      "GWP": 0.7333,
      "OGWP": 0.4653
    },
    {
      "Rank": 3,
      "Player": "_Shikamaru_",
      "Points": 21,
      "Wins": 0,
      "Losses": 0,
      "Draws": 0,
      "OMWP": 0.5832999999999999,
      "GWP": 0.9231,
      "OGWP": 0.521
    },
    {
      "Rank": 2,
      "Player": "Ayyypeks",
      "Points": 21,
      "Wins": 0,
      "Losses": 0,
      "Draws": 0,
      "OMWP": 0.6111,
      "GWP": 0.6875,
      "OGWP": 0.5694
    },
    {
      "Rank": 1,
      "Player": "HyuugaHeir",
      "Points": 24,
      "Wins": 0,
      "Losses": 0,
      "Draws": 0,
      "OMWP": 0.6667000000000001,
      "GWP": 0.6875,
      "OGWP": 0.5946
    }
  ]
}