{
  "Tournament": {
    "Id": 12803233,
    "Date": "2025-07-12T19:30:00",
    "Name": "Vintage Cube 64-Player Elimination Draft",
    "Uri": null,
    "JsonFile": null,
    "ForceRedownload": false
  },
  "Decks": null,
  "Rounds": [
    {
      "RoundName": "Round 1",
      "Matches": [
        {
          "Player1": "Baskingben",
          "Player2": "Broniak",
          "Result": "2-0-0"
        },
        {
          "Player1": "u2isoverrated",
          "Player2": "romerito1",
          "Result": "2-0-0"
        },
        {
          "Player1": "qbturtle15",
          "Player2": "Lennny",
          "Result": "2-0-0"
        },
        {
          "Player1": "LaturatheLucis",
          "Player2": "MisterColors",
          "Result": "0-2-0"
        },
        {
          "Player1": "MAFS",
          "Player2": "DreamsOfAshiok",
          "Result": "2-0-0"
        },
        {
          "Player1": "TheLostCouz3",
          "Player2": "fabbebil",
          "Result": "0-2-0"
        },
        {
          "Player1": "bobsbread",
          "Player2": "MackSmith",
          "Result": "0-2-0"
        },
        {
          "Player1": "SpiRitc",
          "Player2": "DemonicTutors",
          "Result": "0-2-0"
        },
        {
          "Player1": "_Holzi_",
          "Player2": "Cedicent",
          "Result": "0-2-0"
        },
        {
          "Player1": "bonogringo84",
          "Player2": "Miltn",
          "Result": "2-0-0"
        },
        {
          "Player1": "Taurum",
          "Player2": "Filip75",
          "Result": "2-0-0"
        },
        {
          "Player1": "sandydogmtg",
          "Player2": "onewaygarden",
          "Result": "0-2-0"
        },
        {
          "Player1": "debatebro",
          "Player2": "cosito",
          "Result": "0-0-0"
        },
        {
          "Player1": "Coly2",
          "Player2": "adamwasmo",
          "Result": "0-2-0"
        },
        {
          "Player1": "solace",
          "Player2": "TrueFuturism",
          "Result": "0-2-0"
        },
        {
          "Player1": "matttothec",
          "Player2": "Eken.",
          "Result": "0-2-0"
        },
        {
          "Player1": "Hampuse1",
          "Player2": "JPA93",
          "Result": "0-2-0"
        },
        {
          "Player1": "Sprouts",
          "Player2": "FlawlessVictory-",
          "Result": "0-2-0"
        },
        {
          "Player1": "joblou01",
          "Player2": "Galaxy_Impact",
          "Result": "0-2-0"
        },
        {
          "Player1": "jk1592",
          "Player2": "Skpchino",
          "Result": "2-0-0"
        },
        {
          "Player1": "Beekeeper",
          "Player2": "WingedHussar",
          "Result": "0-2-0"
        },
        {
          "Player1": "Aberdasher",
          "Player2": "andrw1232",
          "Result": "2-0-0"
        },
        {
          "Player1": "SuperJambon",
          "Player2": "drfrankenbaum",
          "Result": "2-0-0"
        },
        {
          "Player1": "claudioh",
          "Player2": "luiserra",
          "Result": "2-0-0"
        },
        {
          "Player1": "jready",
          "Player2": "WUBRGers",
          "Result": "2-0-0"
        },
        {
          "Player1": "ModernMax",
          "Player2": "pepeteam",
          "Result": "2-0-0"
        },
        {
          "Player1": "karatedom",
          "Player2": "HouseOfManaMTG",
          "Result": "2-0-0"
        },
        {
          "Player1": "Gnarlid",
          "Player2": "Aero88",
          "Result": "2-0-0"
        },
        {
          "Player1": "Teston",
          "Player2": "hauterho",
          "Result": "2-0-0"
        },
        {
          "Player1": "Nitsuj42",
          "Player2": "The_Tank",
          "Result": "2-0-0"
        },
        {
          "Player1": "SoulKing54",
          "Player2": "Bananaman985",
          "Result": "0-2-0"
        },
        {
          "Player1": "Decoutan",
          "Player2": "Jobbermann",
          "Result": "2-1-0"
        }
      ]
    },
    {
      "RoundName": "Round 2",
      "Matches": [
        {
          "Player1": "jready",
          "Player2": "claudioh",
          "Result": "2-0-0"
        },
        {
          "Player1": "ModernMax",
          "Player2": "cosito",
          "Result": "2-0-0"
        },
        {
          "Player1": "Nitsuj42",
          "Player2": "Bananaman985",
          "Result": "0-2-0"
        },
        {
          "Player1": "MackSmith",
          "Player2": "Cedicent",
          "Result": "0-2-0"
        },
        {
          "Player1": "Decoutan",
          "Player2": "FlawlessVictory-",
          "Result": "0-0-0"
        },
        {
          "Player1": "JPA93",
          "Player2": "Galaxy_Impact",
          "Result": "2-0-0"
        },
        {
          "Player1": "Eken.",
          "Player2": "Teston",
          "Result": "2-0-0"
        },
        {
          "Player1": "u2isoverrated",
          "Player2": "onewaygarden",
          "Result": "0-2-0"
        },
        {
          "Player1": "Taurum",
          "Player2": "SuperJambon",
          "Result": "2-0-0"
        },
        {
          "Player1": "Gnarlid",
          "Player2": "MAFS",
          "Result": "0-2-0"
        },
        {
          "Player1": "jk1592",
          "Player2": "adamwasmo",
          "Result": "0-0-0"
        },
        {
          "Player1": "Aberdasher",
          "Player2": "bonogringo84",
          "Result": "0-0-0"
        },
        {
          "Player1": "karatedom",
          "Player2": "TrueFuturism",
          "Result": "0-2-0"
        },
        {
          "Player1": "DemonicTutors",
          "Player2": "MisterColors",
          "Result": "0-0-0"
        },
        {
          "Player1": "Baskingben",
          "Player2": "qbturtle15",
          "Result": "0-2-0"
        },
        {
          "Player1": "WingedHussar",
          "Player2": "fabbebil",
          "Result": "2-0-0"
        }
      ]
    },
    {
      "RoundName": "Round 3",
      "Matches": [
        {
          "Player1": "Eken.",
          "Player2": "JPA93",
          "Result": "0-2-0"
        },
        {
          "Player1": "qbturtle15",
          "Player2": "MAFS",
          "Result": "2-0-0"
        },
        {
          "Player1": "WingedHussar",
          "Player2": "Cedicent",
          "Result": "2-0-0"
        },
        {
          "Player1": "adamwasmo",
          "Player2": "MisterColors",
          "Result": "2-0-0"
        },
        {
          "Player1": "TrueFuturism",
          "Player2": "Bananaman985",
          "Result": "0-2-0"
        },
        {
          "Player1": "onewaygarden",
          "Player2": "bonogringo84",
          "Result": "0-2-0"
        },
        {
          "Player1": "Taurum",
          "Player2": "ModernMax",
          "Result": "0-2-0"
        },
        {
          "Player1": "jready",
          "Player2": "Decoutan",
          "Result": "2-0-0"
        }
      ]
    },
    {
      "RoundName": "Round 4",
      "Matches": [
        {
          "Player1": "jready",
          "Player2": "adamwasmo",
          "Result": "2-0-0"
        },
        {
          "Player1": "qbturtle15",
          "Player2": "JPA93",
          "Result": "2-0-0"
        },
        {
          "Player1": "ModernMax",
          "Player2": "bonogringo84",
          "Result": "2-0-0"
        },
        {
          "Player1": "WingedHussar",
          "Player2": "Bananaman985",
          "Result": "2-0-0"
        }
      ]
    },
    {
      "RoundName": "Round 5",
      "Matches": [
        {
          "Player1": "WingedHussar",
          "Player2": "ModernMax",
          "Result": "0-2-0"
        },
        {
          "Player1": "qbturtle15",
          "Player2": "jready",
          "Result": "2-0-0"
        }
      ]
    },
    {
      "RoundName": "Round 6",
      "Matches": [
        {
          "Player1": "qbturtle15",
          "Player2": "ModernMax",
          "Result": "2-0-0"
        }
      ]
    }
  ],
  "Standings": [
    {
      "Rank": 64,
      "Player": "HouseOfManaMTG",
      "Points": 0,
      "Wins": 0,
      "Losses": 0,
      "Draws": 0,
      "OMWP": 0,
      "GWP": 0,
      "OGWP": 0
    },
    {
      "Rank": 63,
      "Player": "hauterho",
      "Points": 0,
      "Wins": 0,
      "Losses": 0,
      "Draws": 0,
      "OMWP": 0,
      "GWP": 0,
      "OGWP": 0
    },
    {
      "Rank": 62,
      "Player": "debatebro",
      "Points": 0,
      "Wins": 0,
      "Losses": 0,
      "Draws": 0,
      "OMWP": 0,
      "GWP": 0,
      "OGWP": 0
    },
    {
      "Rank": 61,
      "Player": "TheLostCouz3",
      "Points": 0,
      "Wins": 0,
      "Losses": 0,
      "Draws": 0,
      "OMWP": 0,
      "GWP": 0,
      "OGWP": 0
    },
    {
      "Rank": 60,
      "Player": "Aero88",
      "Points": 0,
      "Wins": 0,
      "Losses": 0,
      "Draws": 0,
      "OMWP": 0,
      "GWP": 0,
      "OGWP": 0
    },
    {
      "Rank": 59,
      "Player": "bobsbread",
      "Points": 0,
      "Wins": 0,
      "Losses": 0,
      "Draws": 0,
      "OMWP": 0,
      "GWP": 0,
      "OGWP": 0
    },
    {
      "Rank": 58,
      "Player": "Skpchino",
      "Points": 0,
      "Wins": 0,
      "Losses": 0,
      "Draws": 0,
      "OMWP": 0,
      "GWP": 0,
      "OGWP": 0
    },
    {
      "Rank": 57,
      "Player": "drfrankenbaum",
      "Points": 0,
      "Wins": 0,
      "Losses": 0,
      "Draws": 0,
      "OMWP": 0,
      "GWP": 0,
      "OGWP": 0
    },
    {
      "Rank": 56,
      "Player": "The_Tank",
      "Points": 0,
      "Wins": 0,
      "Losses": 0,
      "Draws": 0,
      "OMWP": 0,
      "GWP": 0,
      "OGWP": 0
    },
    {
      "Rank": 55,
      "Player": "joblou01",
      "Points": 0,
      "Wins": 0,
      "Losses": 0,
      "Draws": 0,
      "OMWP": 0,
      "GWP": 0,
      "OGWP": 0
    },
    {
      "Rank": 54,
      "Player": "andrw1232",
      "Points": 0,
      "Wins": 0,
      "Losses": 0,
      "Draws": 0,
      "OMWP": 0,
      "GWP": 0,
      "OGWP": 0
    },
    {
      "Rank": 53,
      "Player": "luiserra",
      "Points": 0,
      "Wins": 0,
      "Losses": 0,
      "Draws": 0,
      "OMWP": 0,
      "GWP": 0,
      "OGWP": 0
    },
    {
      "Rank": 52,
      "Player": "SpiRitc",
      "Points": 0,
      "Wins": 0,
      "Losses": 0,
      "Draws": 0,
      "OMWP": 0,
      "GWP": 0,
      "OGWP": 0
    },
    {
      "Rank": 51,
      "Player": "romerito1",
      "Points": 0,
      "Wins": 0,
      "Losses": 0,
      "Draws": 0,
      "OMWP": 0,
      "GWP": 0,
      "OGWP": 0
    },
    {
      "Rank": 50,
      "Player": "Broniak",
      "Points": 0,
      "Wins": 0,
      "Losses": 0,
      "Draws": 0,
      "OMWP": 0,
      "GWP": 0,
      "OGWP": 0
    },
    {
      "Rank": 49,
      "Player": "Sprouts",
      "Points": 0,
      "Wins": 0,
      "Losses": 0,
      "Draws": 0,
      "OMWP": 0,
      "GWP": 0,
      "OGWP": 0
    },
    {
      "Rank": 48,
      "Player": "DreamsOfAshiok",
      "Points": 0,
      "Wins": 0,
      "Losses": 0,
      "Draws": 0,
      "OMWP": 0,
      "GWP": 0,
      "OGWP": 0
    },
    {
      "Rank": 47,
      "Player": "LaturatheLucis",
      "Points": 0,
      "Wins": 0,
      "Losses": 0,
      "Draws": 0,
      "OMWP": 0,
      "GWP": 0,
      "OGWP": 0
    },
    {
      "Rank": 46,
      "Player": "matttothec",
      "Points": 0,
      "Wins": 0,
      "Losses": 0,
      "Draws": 0,
      "OMWP": 0,
      "GWP": 0,
      "OGWP": 0
    },
    {
      "Rank": 45,
      "Player": "solace",
      "Points": 0,
      "Wins": 0,
      "Losses": 0,
      "Draws": 0,
      "OMWP": 0,
      "GWP": 0,
      "OGWP": 0
    },
    {
      "Rank": 44,
      "Player": "Filip75",
      "Points": 0,
      "Wins": 0,
      "Losses": 0,
      "Draws": 0,
      "OMWP": 0,
      "GWP": 0,
      "OGWP": 0
    },
    {
      "Rank": 43,
      "Player": "_Holzi_",
      "Points": 0,
      "Wins": 0,
      "Losses": 0,
      "Draws": 0,
      "OMWP": 0,
      "GWP": 0,
      "OGWP": 0
    },
    {
      "Rank": 42,
      "Player": "Jobbermann",
      "Points": 0,
      "Wins": 0,
      "Losses": 0,
      "Draws": 0,
      "OMWP": 0,
      "GWP": 0,
      "OGWP": 0
    },
    {
      "Rank": 41,
      "Player": "sandydogmtg",
      "Points": 0,
      "Wins": 0,
      "Losses": 0,
      "Draws": 0,
      "OMWP": 0,
      "GWP": 0,
      "OGWP": 0
    },
    {
      "Rank": 40,
      "Player": "SoulKing54",
      "Points": 0,
      "Wins": 0,
      "Losses": 0,
      "Draws": 0,
      "OMWP": 0,
      "GWP": 0,
      "OGWP": 0
    },
    {
      "Rank": 39,
      "Player": "WUBRGers",
      "Points": 0,
      "Wins": 0,
      "Losses": 0,
      "Draws": 0,
      "OMWP": 0,
      "GWP": 0,
      "OGWP": 0
    },
    {
      "Rank": 38,
      "Player": "Coly2",
      "Points": 0,
      "Wins": 0,
      "Losses": 0,
      "Draws": 0,
      "OMWP": 0,
      "GWP": 0,
      "OGWP": 0
    },
    {
      "Rank": 37,
      "Player": "pepeteam",
      "Points": 0,
      "Wins": 0,
      "Losses": 0,
      "Draws": 0,
      "OMWP": 0,
      "GWP": 0,
      "OGWP": 0
    },
    {
      "Rank": 36,
      "Player": "Lennny",
      "Points": 0,
      "Wins": 0,
      "Losses": 0,
      "Draws": 0,
      "OMWP": 0,
      "GWP": 0,
      "OGWP": 0
    },
    {
      "Rank": 35,
      "Player": "Miltn",
      "Points": 0,
      "Wins": 0,
      "Losses": 0,
      "Draws": 0,
      "OMWP": 0,
      "GWP": 0,
      "OGWP": 0
    },
    {
      "Rank": 34,
      "Player": "Hampuse1",
      "Points": 0,
      "Wins": 0,
      "Losses": 0,
      "Draws": 0,
      "OMWP": 0,
      "GWP": 0,
      "OGWP": 0
    },
    {
      "Rank": 33,
      "Player": "Beekeeper",
      "Points": 0,
      "Wins": 0,
      "Losses": 0,
      "Draws": 0,
      "OMWP": 0,
      "GWP": 0,
      "OGWP": 0
    },
    {
      "Rank": 32,
      "Player": "u2isoverrated",
      "Points": 3,
      "Wins": 0,
      "Losses": 0,
      "Draws": 0,
      "OMWP": 0,
      "GWP": 0,
      "OGWP": 0
    },
    {
      "Rank": 31,
      "Player": "DemonicTutors",
      "Points": 3,
      "Wins": 0,
      "Losses": 0,
      "Draws": 0,
      "OMWP": 0,
      "GWP": 0,
      "OGWP": 0
    },
    {
      "Rank": 30,
      "Player": "FlawlessVictory-",
      "Points": 3,
      "Wins": 0,
      "Losses": 0,
      "Draws": 0,
      "OMWP": 0,
      "GWP": 0,
      "OGWP": 0
    },
    {
      "Rank": 29,
      "Player": "Teston",
      "Points": 3,
      "Wins": 0,
      "Losses": 0,
      "Draws": 0,
      "OMWP": 0,
      "GWP": 0,
      "OGWP": 0
    },
    {
      "Rank": 28,
      "Player": "karatedom",
      "Points": 3,
      "Wins": 0,
      "Losses": 0,
      "Draws": 0,
      "OMWP": 0,
      "GWP": 0,
      "OGWP": 0
    },
    {
      "Rank": 27,
      "Player": "SuperJambon",
      "Points": 3,
      "Wins": 0,
      "Losses": 0,
      "Draws": 0,
      "OMWP": 0,
      "GWP": 0,
      "OGWP": 0
    },
    {
      "Rank": 26,
      "Player": "MackSmith",
      "Points": 3,
      "Wins": 0,
      "Losses": 0,
      "Draws": 0,
      "OMWP": 0,
      "GWP": 0,
      "OGWP": 0
    },
    {
      "Rank": 25,
      "Player": "Gnarlid",
      "Points": 3,
      "Wins": 0,
      "Losses": 0,
      "Draws": 0,
      "OMWP": 0,
      "GWP": 0,
      "OGWP": 0
    },
    {
      "Rank": 24,
      "Player": "Baskingben",
      "Points": 3,
      "Wins": 0,
      "Losses": 0,
      "Draws": 0,
      "OMWP": 0,
      "GWP": 0,
      "OGWP": 0
    },
    {
      "Rank": 23,
      "Player": "fabbebil",
      "Points": 3,
      "Wins": 0,
      "Losses": 0,
      "Draws": 0,
      "OMWP": 0,
      "GWP": 0,
      "OGWP": 0
    },
    {
      "Rank": 22,
      "Player": "cosito",
      "Points": 3,
      "Wins": 0,
      "Losses": 0,
      "Draws": 0,
      "OMWP": 0,
      "GWP": 0,
      "OGWP": 0
    },
    {
      "Rank": 21,
      "Player": "Galaxy_Impact",
      "Points": 3,
      "Wins": 0,
      "Losses": 0,
      "Draws": 0,
      "OMWP": 0,
      "GWP": 0,
      "OGWP": 0
    },
    {
      "Rank": 20,
      "Player": "claudioh",
      "Points": 3,
      "Wins": 0,
      "Losses": 0,
      "Draws": 0,
      "OMWP": 0,
      "GWP": 0,
      "OGWP": 0
    },
    {
      "Rank": 19,
      "Player": "Aberdasher",
      "Points": 3,
      "Wins": 0,
      "Losses": 0,
      "Draws": 0,
      "OMWP": 0,
      "GWP": 0,
      "OGWP": 0
    },
    {
      "Rank": 18,
      "Player": "Nitsuj42",
      "Points": 3,
      "Wins": 0,
      "Losses": 0,
      "Draws": 0,
      "OMWP": 0,
      "GWP": 0,
      "OGWP": 0
    },
    {
      "Rank": 17,
      "Player": "jk1592",
      "Points": 3,
      "Wins": 0,
      "Losses": 0,
      "Draws": 0,
      "OMWP": 0,
      "GWP": 0,
      "OGWP": 0
    },
    {
      "Rank": 16,
      "Player": "Cedicent",
      "Points": 6,
      "Wins": 0,
      "Losses": 0,
      "Draws": 0,
      "OMWP": 0,
      "GWP": 0,
      "OGWP": 0
    },
    {
      "Rank": 15,
      "Player": "Taurum",
      "Points": 6,
      "Wins": 0,
      "Losses": 0,
      "Draws": 0,
      "OMWP": 0,
      "GWP": 0,
      "OGWP": 0
    },
    {
      "Rank": 14,
      "Player": "Decoutan",
      "Points": 6,
      "Wins": 0,
      "Losses": 0,
      "Draws": 0,
      "OMWP": 0,
      "GWP": 0,
      "OGWP": 0
    },
    {
      "Rank": 13,
      "Player": "onewaygarden",
      "Points": 6,
      "Wins": 0,
      "Losses": 0,
      "Draws": 0,
      "OMWP": 0,
      "GWP": 0,
      "OGWP": 0
    },
    {
      "Rank": 12,
      "Player": "MAFS",
      "Points": 6,
      "Wins": 0,
      "Losses": 0,
      "Draws": 0,
      "OMWP": 0,
      "GWP": 0,
      "OGWP": 0
    },
    {
      "Rank": 11,
      "Player": "Eken.",
      "Points": 6,
      "Wins": 0,
      "Losses": 0,
      "Draws": 0,
      "OMWP": 0,
      "GWP": 0,
      "OGWP": 0
    },
    {
      "Rank": 10,
      "Player": "MisterColors",
      "Points": 6,
      "Wins": 0,
      "Losses": 0,
      "Draws": 0,
      "OMWP": 0,
      "GWP": 0,
      "OGWP": 0
    },
    {
      "Rank": 9,
      "Player": "TrueFuturism",
      "Points": 6,
      "Wins": 0,
      "Losses": 0,
      "Draws": 0,
      "OMWP": 0,
      "GWP": 0,
      "OGWP": 0
    },
    {
      "Rank": 8,
      "Player": "bonogringo84",
      "Points": 9,
      "Wins": 0,
      "Losses": 0,
      "Draws": 0,
      "OMWP": 0,
      "GWP": 0,
      "OGWP": 0
    },
    {
      "Rank": 7,
      "Player": "JPA93",
      "Points": 9,
      "Wins": 0,
      "Losses": 0,
      "Draws": 0,
      "OMWP": 0,
      "GWP": 0,
      "OGWP": 0
    },
    {
      "Rank": 6,
      "Player": "Bananaman985",
      "Points": 9,
      "Wins": 0,
      "Losses": 0,
      "Draws": 0,
      "OMWP": 0,
      "GWP": 0,
      "OGWP": 0
    },
    {
      "Rank": 5,
      "Player": "adamwasmo",
      "Points": 9,
      "Wins": 0,
      "Losses": 0,
      "Draws": 0,
      "OMWP": 0,
      "GWP": 0,
      "OGWP": 0
    },
    {
      "Rank": 4,
      "Player": "jready",
      "Points": 12,
      "Wins": 0,
      "Losses": 0,
      "Draws": 0,
      "OMWP": 0,
      "GWP": 0,
      "OGWP": 0
    },
    {
      "Rank": 3,
      "Player": "WingedHussar",
      "Points": 12,
      "Wins": 0,
      "Losses": 0,
      "Draws": 0,
      "OMWP": 0,
      "GWP": 0,
      "OGWP": 0
    },
    {
      "Rank": 2,
      "Player": "ModernMax",
      "Points": 15,
      "Wins": 0,
      "Losses": 0,
      "Draws": 0,
      "OMWP": 0,
      "GWP": 0,
      "OGWP": 0
    },
    {
      "Rank": 1,
      "Player": "qbturtle15",
      "Points": 18,
      "Wins": 0,
      "Losses": 0,
      "Draws": 0,
      "OMWP": 0,
      "GWP": 0,
      "OGWP": 0
    }
  ]
}