{
  "Tournament": {
    "Id": 12802806,
    "Date": "2025-07-12T00:00:00",
    "Name": "Vintage Challenge 32",
    "Uri": null,
    "JsonFile": null,
    "ForceRedownload": false
  },
  "Decks": null,
  "Rounds": [
    {
      "RoundName": "Round 1",
      "Matches": [
        {
          "Player1": "O_danielakos",
          "Player2": "ARunningHans",
          "Result": "0-2-0"
        },
        {
          "Player1": "matttothec",
          "Player2": "Bezerra_da_Silva",
          "Result": "0-2-0"
        },
        {
          "Player1": "albertoSD",
          "Player2": "kaikas",
          "Result": "2-0-0"
        },
        {
          "Player1": "desolutionist",
          "Player2": "Illao1",
          "Result": "0-2-0"
        },
        {
          "Player1": "karatedom",
          "Player2": "2345678",
          "Result": "0-2-0"
        },
        {
          "Player1": "ConnorM426",
          "Player2": "xfile",
          "Result": "0-2-0"
        },
        {
          "Player1": "musasabi",
          "Player2": "IamActuallyLvL1",
          "Result": "2-0-0"
        },
        {
          "Player1": "maytwer",
          "Player2": "RatherBplayingMTG",
          "Result": "2-0-0"
        },
        {
          "Player1": "_Shatun_",
          "Player2": "Richie727",
          "Result": "0-2-0"
        },
        {
          "Player1": "monzatubarao",
          "Player2": "morenoHARDCORE",
          "Result": "0-2-0"
        },
        {
          "Player1": "crK",
          "Player2": "papaRMSKY",
          "Result": "0-2-0"
        },
        {
          "Player1": "ecobaronen",
          "Player2": "frostyyy_",
          "Result": "2-0-0"
        },
        {
          "Player1": "Tsubasa_Cat",
          "Player2": "wongdeck",
          "Result": "0-2-0"
        },
        {
          "Player1": "jben",
          "Player2": "The_Kingpin",
          "Result": "2-0-0"
        },
        {
          "Player1": "unluckymonkey",
          "Player2": "Univerce",
          "Result": "2-0-0"
        },
        {
          "Player1": "ruzapyea",
          "Player2": "Raydan",
          "Result": "0-2-0"
        },
        {
          "Player1": "Ayyypeks",
          "Player2": "Shadowz2005",
          "Result": "2-0-0"
        },
        {
          "Player1": "_Batutinha_",
          "Player2": "WingedHussar",
          "Result": "2-0-0"
        },
        {
          "Player1": "Wizard_2002",
          "Player2": "novaschin22",
          "Result": "0-2-0"
        }
      ]
    },
    {
      "RoundName": "Round 2",
      "Matches": [
        {
          "Player1": "_Batutinha_",
          "Player2": "2345678",
          "Result": "2-0-0"
        },
        {
          "Player1": "musasabi",
          "Player2": "unluckymonkey",
          "Result": "0-2-0"
        },
        {
          "Player1": "ecobaronen",
          "Player2": "Bezerra_da_Silva",
          "Result": "1-2-0"
        },
        {
          "Player1": "matttothec",
          "Player2": "O_danielakos",
          "Result": "0-2-0"
        },
        {
          "Player1": "ARunningHans",
          "Player2": "morenoHARDCORE",
          "Result": "0-2-0"
        },
        {
          "Player1": "Shadowz2005",
          "Player2": "RatherBplayingMTG",
          "Result": "2-0-0"
        },
        {
          "Player1": "jben",
          "Player2": "Illao1",
          "Result": "0-2-0"
        },
        {
          "Player1": "albertoSD",
          "Player2": "maytwer",
          "Result": "2-0-0"
        },
        {
          "Player1": "TheMagePower",
          "Player2": "wongdeck",
          "Result": "1-2-0"
        },
        {
          "Player1": "Tsubasa_Cat",
          "Player2": "Univerce",
          "Result": "2-0-0"
        },
        {
          "Player1": "ConnorM426",
          "Player2": "karatedom",
          "Result": "2-0-0"
        },
        {
          "Player1": "_Shatun_",
          "Player2": "ruzapyea",
          "Result": "2-0-0"
        },
        {
          "Player1": "desolutionist",
          "Player2": "monzatubarao",
          "Result": "0-2-0"
        },
        {
          "Player1": "WingedHussar",
          "Player2": "kaikas",
          "Result": "0-0-0"
        },
        {
          "Player1": "The_Kingpin",
          "Player2": "frostyyy_",
          "Result": "2-0-0"
        },
        {
          "Player1": "crK",
          "Player2": "IamActuallyLvL1",
          "Result": "2-0-0"
        },
        {
          "Player1": "Richie727",
          "Player2": "xfile",
          "Result": "0-2-0"
        },
        {
          "Player1": "novaschin22",
          "Player2": "papaRMSKY",
          "Result": "2-0-0"
        },
        {
          "Player1": "Raydan",
          "Player2": "Ayyypeks",
          "Result": "2-0-0"
        }
      ]
    },
    {
      "RoundName": "Round 3",
      "Matches": [
        {
          "Player1": "unluckymonkey",
          "Player2": "wongdeck",
          "Result": "0-2-0"
        },
        {
          "Player1": "TheMagePower",
          "Player2": "maytwer",
          "Result": "0-2-0"
        },
        {
          "Player1": "Raydan",
          "Player2": "morenoHARDCORE",
          "Result": "0-2-0"
        },
        {
          "Player1": "Richie727",
          "Player2": "2345678",
          "Result": "0-0-0"
        },
        {
          "Player1": "matttothec",
          "Player2": "IamActuallyLvL1",
          "Result": "2-0-0"
        },
        {
          "Player1": "Tsubasa_Cat",
          "Player2": "Shadowz2005",
          "Result": "2-0-0"
        },
        {
          "Player1": "xfile",
          "Player2": "Illao1",
          "Result": "0-2-0"
        },
        {
          "Player1": "ecobaronen",
          "Player2": "Ayyypeks",
          "Result": "0-2-0"
        },
        {
          "Player1": "crK",
          "Player2": "_Shatun_",
          "Result": "0-2-0"
        },
        {
          "Player1": "WingedHussar",
          "Player2": "Univerce",
          "Result": "0-2-0"
        },
        {
          "Player1": "The_Kingpin",
          "Player2": "papaRMSKY",
          "Result": "0-2-0"
        },
        {
          "Player1": "musasabi",
          "Player2": "ARunningHans",
          "Result": "0-0-0"
        },
        {
          "Player1": "novaschin22",
          "Player2": "Bezerra_da_Silva",
          "Result": "2-0-0"
        },
        {
          "Player1": "O_danielakos",
          "Player2": "jben",
          "Result": "2-0-0"
        },
        {
          "Player1": "_Batutinha_",
          "Player2": "albertoSD",
          "Result": "0-2-0"
        },
        {
          "Player1": "ConnorM426",
          "Player2": "monzatubarao",
          "Result": "0-2-0"
        },
        {
          "Player1": "desolutionist",
          "Player2": "RatherBplayingMTG",
          "Result": "0-2-0"
        }
      ]
    },
    {
      "RoundName": "Round 4",
      "Matches": [
        {
          "Player1": "crK",
          "Player2": "Tsubasa_Cat",
          "Result": "2-0-0"
        },
        {
          "Player1": "musasabi",
          "Player2": "monzatubarao",
          "Result": "2-0-0"
        },
        {
          "Player1": "matttothec",
          "Player2": "TheMagePower",
          "Result": "0-2-0"
        },
        {
          "Player1": "_Batutinha_",
          "Player2": "unluckymonkey",
          "Result": "0-2-0"
        },
        {
          "Player1": "jben",
          "Player2": "RatherBplayingMTG",
          "Result": "0-2-0"
        },
        {
          "Player1": "O_danielakos",
          "Player2": "Raydan",
          "Result": "2-0-0"
        },
        {
          "Player1": "ConnorM426",
          "Player2": "frostyyy_",
          "Result": "0-2-0"
        },
        {
          "Player1": "ARunningHans",
          "Player2": "Univerce",
          "Result": "2-0-0"
        },
        {
          "Player1": "Ayyypeks",
          "Player2": "maytwer",
          "Result": "0-2-0"
        },
        {
          "Player1": "novaschin22",
          "Player2": "morenoHARDCORE",
          "Result": "0-2-0"
        },
        {
          "Player1": "Bezerra_da_Silva",
          "Player2": "papaRMSKY",
          "Result": "2-0-0"
        },
        {
          "Player1": "_Shatun_",
          "Player2": "xfile",
          "Result": "2-0-0"
        },
        {
          "Player1": "albertoSD",
          "Player2": "Richie727",
          "Result": "2-0-0"
        },
        {
          "Player1": "IamActuallyLvL1",
          "Player2": "The_Kingpin",
          "Result": "0-2-0"
        },
        {
          "Player1": "wongdeck",
          "Player2": "Illao1",
          "Result": "0-2-0"
        },
        {
          "Player1": "Shadowz2005",
          "Player2": "2345678",
          "Result": "2-0-0"
        }
      ]
    },
    {
      "RoundName": "Round 5",
      "Matches": [
        {
          "Player1": "crK",
          "Player2": "frostyyy_",
          "Result": "2-0-0"
        },
        {
          "Player1": "2345678",
          "Player2": "papaRMSKY",
          "Result": "2-0-0"
        },
        {
          "Player1": "albertoSD",
          "Player2": "novaschin22",
          "Result": "0-2-0"
        },
        {
          "Player1": "_Batutinha_",
          "Player2": "Raydan",
          "Result": "2-0-0"
        },
        {
          "Player1": "The_Kingpin",
          "Player2": "monzatubarao",
          "Result": "0-0-0"
        },
        {
          "Player1": "TheMagePower",
          "Player2": "ARunningHans",
          "Result": "0-2-0"
        },
        {
          "Player1": "morenoHARDCORE",
          "Player2": "Illao1",
          "Result": "0-2-0"
        },
        {
          "Player1": "matttothec",
          "Player2": "Univerce",
          "Result": "2-0-0"
        },
        {
          "Player1": "Ayyypeks",
          "Player2": "wongdeck",
          "Result": "2-0-0"
        },
        {
          "Player1": "Shadowz2005",
          "Player2": "xfile",
          "Result": "0-2-0"
        },
        {
          "Player1": "Tsubasa_Cat",
          "Player2": "RatherBplayingMTG",
          "Result": "2-0-0"
        },
        {
          "Player1": "maytwer",
          "Player2": "Bezerra_da_Silva",
          "Result": "2-0-0"
        },
        {
          "Player1": "O_danielakos",
          "Player2": "unluckymonkey",
          "Result": "2-0-0"
        },
        {
          "Player1": "_Shatun_",
          "Player2": "musasabi",
          "Result": "2-0-0"
        },
        {
          "Player1": "desolutionist",
          "Player2": "jben",
          "Result": "0-2-0"
        }
      ]
    },
    {
      "RoundName": "Round 6",
      "Matches": [
        {
          "Player1": "ARunningHans",
          "Player2": "xfile",
          "Result": "2-0-0"
        },
        {
          "Player1": "Raydan",
          "Player2": "RatherBplayingMTG",
          "Result": "2-0-0"
        },
        {
          "Player1": "matttothec",
          "Player2": "papaRMSKY",
          "Result": "2-0-0"
        },
        {
          "Player1": "unluckymonkey",
          "Player2": "Tsubasa_Cat",
          "Result": "2-0-0"
        },
        {
          "Player1": "jben",
          "Player2": "2345678",
          "Result": "2-0-0"
        },
        {
          "Player1": "_Batutinha_",
          "Player2": "Ayyypeks",
          "Result": "0-2-0"
        },
        {
          "Player1": "crK",
          "Player2": "wongdeck",
          "Result": "0-2-0"
        },
        {
          "Player1": "desolutionist",
          "Player2": "frostyyy_",
          "Result": "2-0-0"
        },
        {
          "Player1": "O_danielakos",
          "Player2": "monzatubarao",
          "Result": "2-0-0"
        },
        {
          "Player1": "_Shatun_",
          "Player2": "novaschin22",
          "Result": "2-0-0"
        },
        {
          "Player1": "musasabi",
          "Player2": "Bezerra_da_Silva",
          "Result": "0-2-0"
        },
        {
          "Player1": "maytwer",
          "Player2": "Illao1",
          "Result": "2-0-0"
        },
        {
          "Player1": "albertoSD",
          "Player2": "morenoHARDCORE",
          "Result": "2-0-0"
        }
      ]
    },
    {
      "RoundName": "Round 7",
      "Matches": [
        {
          "Player1": "_Shatun_",
          "Player2": "O_danielakos",
          "Result": "2-0-0"
        },
        {
          "Player1": "novaschin22",
          "Player2": "Illao1",
          "Result": "0-2-0"
        },
        {
          "Player1": "wongdeck",
          "Player2": "maytwer",
          "Result": "0-2-0"
        },
        {
          "Player1": "albertoSD",
          "Player2": "morenoHARDCORE",
          "Result": "0-2-0"
        }
      ]
    },
    {
      "RoundName": "Round 8",
      "Matches": [
        {
          "Player1": "Illao1",
          "Player2": "morenoHARDCORE",
          "Result": "0-2-0"
        },
        {
          "Player1": "_Shatun_",
          "Player2": "maytwer",
          "Result": "0-2-0"
        }
      ]
    },
    {
      "RoundName": "Round 9",
      "Matches": [
        {
          "Player1": "maytwer",
          "Player2": "morenoHARDCORE",
          "Result": "0-2-0"
        }
      ]
    }
  ],
  "Standings": [
    {
      "Rank": 39,
      "Player": "karatedom",
      "Points": 0,
      "Wins": 0,
      "Losses": 0,
      "Draws": 0,
      "OMWP": 0.3333,
      "GWP": 0.2,
      "OGWP": 0.3875
    },
    {
      "Rank": 38,
      "Player": "IamActuallyLvL1",
      "Points": 0,
      "Wins": 0,
      "Losses": 0,
      "Draws": 0,
      "OMWP": 0.5,
      "GWP": 0.3333,
      "OGWP": 0.48210000000000003
    },
    {
      "Rank": 37,
      "Player": "kaikas",
      "Points": 0,
      "Wins": 0,
      "Losses": 0,
      "Draws": 0,
      "OMWP": 0.5832999999999999,
      "GWP": 0,
      "OGWP": 0.581
    },
    {
      "Rank": 36,
      "Player": "ruzapyea",
      "Points": 0,
      "Wins": 0,
      "Losses": 0,
      "Draws": 0,
      "OMWP": 0.6667000000000001,
      "GWP": 0.3333,
      "OGWP": 0.5735
    },
    {
      "Rank": 35,
      "Player": "Wizard_2002",
      "Points": 0,
      "Wins": 0,
      "Losses": 0,
      "Draws": 0,
      "OMWP": 0.6667000000000001,
      "GWP": 0.3333,
      "OGWP": 0.6
    },
    {
      "Rank": 34,
      "Player": "WingedHussar",
      "Points": 3,
      "Wins": 0,
      "Losses": 0,
      "Draws": 0,
      "OMWP": 0.3889,
      "GWP": 0.4286,
      "OGWP": 0.3962
    },
    {
      "Rank": 33,
      "Player": "ConnorM426",
      "Points": 3,
      "Wins": 0,
      "Losses": 0,
      "Draws": 0,
      "OMWP": 0.4167,
      "GWP": 0.4,
      "OGWP": 0.42369999999999997
    },
    {
      "Rank": 32,
      "Player": "Univerce",
      "Points": 3,
      "Wins": 0,
      "Losses": 0,
      "Draws": 0,
      "OMWP": 0.5333,
      "GWP": 0.3846,
      "OGWP": 0.521
    },
    {
      "Rank": 31,
      "Player": "ecobaronen",
      "Points": 3,
      "Wins": 0,
      "Losses": 0,
      "Draws": 0,
      "OMWP": 0.5556,
      "GWP": 0.375,
      "OGWP": 0.5385
    },
    {
      "Rank": 30,
      "Player": "frostyyy_",
      "Points": 6,
      "Wins": 0,
      "Losses": 0,
      "Draws": 0,
      "OMWP": 0.4,
      "GWP": 0.4,
      "OGWP": 0.40740000000000004
    },
    {
      "Rank": 29,
      "Player": "2345678",
      "Points": 6,
      "Wins": 0,
      "Losses": 0,
      "Draws": 0,
      "OMWP": 0.4278,
      "GWP": 0.375,
      "OGWP": 0.42090000000000005
    },
    {
      "Rank": 28,
      "Player": "Shadowz2005",
      "Points": 6,
      "Wins": 0,
      "Losses": 0,
      "Draws": 0,
      "OMWP": 0.4667,
      "GWP": 0.4167,
      "OGWP": 0.47
    },
    {
      "Rank": 27,
      "Player": "desolutionist",
      "Points": 6,
      "Wins": 0,
      "Losses": 0,
      "Draws": 0,
      "OMWP": 0.5,
      "GWP": 0.3333,
      "OGWP": 0.5186999999999999
    },
    {
      "Rank": 26,
      "Player": "RatherBplayingMTG",
      "Points": 6,
      "Wins": 0,
      "Losses": 0,
      "Draws": 0,
      "OMWP": 0.5111,
      "GWP": 0.375,
      "OGWP": 0.506
    },
    {
      "Rank": 25,
      "Player": "papaRMSKY",
      "Points": 6,
      "Wins": 0,
      "Losses": 0,
      "Draws": 0,
      "OMWP": 0.5278,
      "GWP": 0.3333,
      "OGWP": 0.5032
    },
    {
      "Rank": 24,
      "Player": "Richie727",
      "Points": 6,
      "Wins": 0,
      "Losses": 0,
      "Draws": 0,
      "OMWP": 0.625,
      "GWP": 0.4,
      "OGWP": 0.5638000000000001
    },
    {
      "Rank": 23,
      "Player": "TheMagePower",
      "Points": 6,
      "Wins": 0,
      "Losses": 0,
      "Draws": 0,
      "OMWP": 0.6667000000000001,
      "GWP": 0.4545,
      "OGWP": 0.5869
    },
    {
      "Rank": 22,
      "Player": "The_Kingpin",
      "Points": 9,
      "Wins": 0,
      "Losses": 0,
      "Draws": 0,
      "OMWP": 0.4,
      "GWP": 0.4286,
      "OGWP": 0.4199
    },
    {
      "Rank": 21,
      "Player": "matttothec",
      "Points": 9,
      "Wins": 0,
      "Losses": 0,
      "Draws": 0,
      "OMWP": 0.4833,
      "GWP": 0.5,
      "OGWP": 0.46140000000000003
    },
    {
      "Rank": 20,
      "Player": "Tsubasa_Cat",
      "Points": 9,
      "Wins": 0,
      "Losses": 0,
      "Draws": 0,
      "OMWP": 0.4833,
      "GWP": 0.5,
      "OGWP": 0.4865
    },
    {
      "Rank": 19,
      "Player": "crK",
      "Points": 9,
      "Wins": 0,
      "Losses": 0,
      "Draws": 0,
      "OMWP": 0.5,
      "GWP": 0.5,
      "OGWP": 0.469
    },
    {
      "Rank": 18,
      "Player": "monzatubarao",
      "Points": 9,
      "Wins": 0,
      "Losses": 0,
      "Draws": 0,
      "OMWP": 0.5278,
      "GWP": 0.46149999999999997,
      "OGWP": 0.4959
    },
    {
      "Rank": 17,
      "Player": "jben",
      "Points": 9,
      "Wins": 0,
      "Losses": 0,
      "Draws": 0,
      "OMWP": 0.5278,
      "GWP": 0.5714,
      "OGWP": 0.49079999999999996
    },
    {
      "Rank": 16,
      "Player": "_Batutinha_",
      "Points": 9,
      "Wins": 0,
      "Losses": 0,
      "Draws": 0,
      "OMWP": 0.5556,
      "GWP": 0.4706,
      "OGWP": 0.5466
    },
    {
      "Rank": 15,
      "Player": "Raydan",
      "Points": 9,
      "Wins": 0,
      "Losses": 0,
      "Draws": 0,
      "OMWP": 0.5556,
      "GWP": 0.5,
      "OGWP": 0.5154
    },
    {
      "Rank": 14,
      "Player": "xfile",
      "Points": 9,
      "Wins": 0,
      "Losses": 0,
      "Draws": 0,
      "OMWP": 0.5943999999999999,
      "GWP": 0.5,
      "OGWP": 0.5305
    },
    {
      "Rank": 13,
      "Player": "musasabi",
      "Points": 9,
      "Wins": 0,
      "Losses": 0,
      "Draws": 0,
      "OMWP": 0.6111,
      "GWP": 0.5,
      "OGWP": 0.5389
    },
    {
      "Rank": 12,
      "Player": "Bezerra_da_Silva",
      "Points": 12,
      "Wins": 0,
      "Losses": 0,
      "Draws": 0,
      "OMWP": 0.5278,
      "GWP": 0.6154,
      "OGWP": 0.5038
    },
    {
      "Rank": 11,
      "Player": "ARunningHans",
      "Points": 12,
      "Wins": 0,
      "Losses": 0,
      "Draws": 0,
      "OMWP": 0.5389,
      "GWP": 0.5333,
      "OGWP": 0.5255
    },
    {
      "Rank": 10,
      "Player": "Ayyypeks",
      "Points": 12,
      "Wins": 0,
      "Losses": 0,
      "Draws": 0,
      "OMWP": 0.5389,
      "GWP": 0.6,
      "OGWP": 0.5128
    },
    {
      "Rank": 9,
      "Player": "unluckymonkey",
      "Points": 12,
      "Wins": 0,
      "Losses": 0,
      "Draws": 0,
      "OMWP": 0.5556,
      "GWP": 0.6429,
      "OGWP": 0.517
    },
    {
      "Rank": 8,
      "Player": "wongdeck",
      "Points": 12,
      "Wins": 0,
      "Losses": 0,
      "Draws": 0,
      "OMWP": 0.5943999999999999,
      "GWP": 0.6,
      "OGWP": 0.5805
    },
    {
      "Rank": 7,
      "Player": "novaschin22",
      "Points": 12,
      "Wins": 0,
      "Losses": 0,
      "Draws": 0,
      "OMWP": 0.6111,
      "GWP": 0.6,
      "OGWP": 0.5549000000000001
    },
    {
      "Rank": 6,
      "Player": "O_danielakos",
      "Points": 15,
      "Wins": 0,
      "Losses": 0,
      "Draws": 0,
      "OMWP": 0.5556,
      "GWP": 0.6470999999999999,
      "OGWP": 0.5349
    },
    {
      "Rank": 5,
      "Player": "albertoSD",
      "Points": 15,
      "Wins": 0,
      "Losses": 0,
      "Draws": 0,
      "OMWP": 0.5832999999999999,
      "GWP": 0.7333,
      "OGWP": 0.5307999999999999
    },
    {
      "Rank": 4,
      "Player": "_Shatun_",
      "Points": 18,
      "Wins": 0,
      "Losses": 0,
      "Draws": 0,
      "OMWP": 0.5,
      "GWP": 0.6470999999999999,
      "OGWP": 0.4722
    },
    {
      "Rank": 3,
      "Player": "Illao1",
      "Points": 18,
      "Wins": 0,
      "Losses": 0,
      "Draws": 0,
      "OMWP": 0.5832999999999999,
      "GWP": 0.7857,
      "OGWP": 0.5643
    },
    {
      "Rank": 2,
      "Player": "maytwer",
      "Points": 21,
      "Wins": 0,
      "Losses": 0,
      "Draws": 0,
      "OMWP": 0.6222,
      "GWP": 0.7143,
      "OGWP": 0.594
    },
    {
      "Rank": 1,
      "Player": "morenoHARDCORE",
      "Points": 21,
      "Wins": 0,
      "Losses": 0,
      "Draws": 0,
      "OMWP": 0.6667000000000001,
      "GWP": 0.6667000000000001,
      "OGWP": 0.6023
    }
  ]
}