{
  "Tournament": {
    "Id": 12804943,
    "Date": "2025-07-23T23:30:00",
    "Name": "Modern Challenge 32",
    "Uri": null,
    "JsonFile": null,
    "ForceRedownload": false
  },
  "Decks": null,
  "Rounds": [
    {
      "RoundName": "Round 1",
      "Matches": [
        {
          "Player1": "HouseOfManaMTG",
          "Player2": "DskBayWolf",
          "Result": "2-0-0"
        },
        {
          "Player1": "O_danielakos",
          "Player2": "temur4life",
          "Result": "0-2-0"
        },
        {
          "Player1": "12azor",
          "Player2": "Selfeisek",
          "Result": "2-0-0"
        },
        {
          "Player1": "Capitano_CL",
          "Player2": "_J0SE_",
          "Result": "2-0-0"
        },
        {
          "Player1": "matttothec",
          "Player2": "ShadowTitan1",
          "Result": "0-2-0"
        },
        {
          "Player1": "daviddmtg",
          "Player2": "DEJAIR_LAMARCA",
          "Result": "0-2-0"
        },
        {
          "Player1": "salad",
          "Player2": "Raydan",
          "Result": "0-2-0"
        },
        {
          "Player1": "Cachorrowo",
          "Player2": "faunafaunafauna",
          "Result": "2-0-0"
        },
        {
          "Player1": "karatedom",
          "Player2": "PASCU95",
          "Result": "2-0-0"
        },
        {
          "Player1": "bennybo",
          "Player2": "Golgarburr",
          "Result": "0-2-0"
        },
        {
          "Player1": "ZaqueInc",
          "Player2": "Terminus-Est",
          "Result": "2-0-0"
        },
        {
          "Player1": "conconman",
          "Player2": "xfile",
          "Result": "0-2-0"
        },
        {
          "Player1": "HoldTheElle",
          "Player2": "henhen3000",
          "Result": "0-2-0"
        },
        {
          "Player1": "maytwer",
          "Player2": "Katalmach",
          "Result": "0-2-0"
        },
        {
          "Player1": "hugofreitas1",
          "Player2": "SuperCow12653",
          "Result": "2-0-0"
        },
        {
          "Player1": "albertoSD",
          "Player2": "Univerce",
          "Result": "2-0-0"
        },
        {
          "Player1": "Misplacedginger",
          "Player2": "blackdecks99",
          "Result": "2-0-0"
        },
        {
          "Player1": "th3_r3dman",
          "Player2": "McLoser",
          "Result": "2-0-0"
        },
        {
          "Player1": "azax",
          "Player2": "jewdan",
          "Result": "2-0-0"
        },
        {
          "Player1": "TeamTrainspotting",
          "Player2": "Linden_43",
          "Result": "0-2-0"
        },
        {
          "Player1": "unworldlyorigin",
          "Player2": "frostkoorn",
          "Result": "2-0-0"
        },
        {
          "Player1": "MJ_23",
          "Player2": "claudioh",
          "Result": "0-0-0"
        },
        {
          "Player1": "cool95",
          "Player2": "Ale_Mtg",
          "Result": "0-2-0"
        },
        {
          "Player1": "JoaoFialho",
          "Player2": "Kyoto_Maschi",
          "Result": "0-2-0"
        },
        {
          "Player1": "MeninoNey",
          "Player2": "Junebugg",
          "Result": "2-0-0"
        },
        {
          "Player1": "leandru",
          "Player2": "Nowayh",
          "Result": "0-2-0"
        }
      ]
    },
    {
      "RoundName": "Round 2",
      "Matches": [
        {
          "Player1": "matttothec",
          "Player2": "bennybo",
          "Result": "0-2-0"
        },
        {
          "Player1": "Nowayh",
          "Player2": "MeninoNey",
          "Result": "2-0-0"
        },
        {
          "Player1": "cool95",
          "Player2": "PASCU95",
          "Result": "0-2-0"
        },
        {
          "Player1": "karatedom",
          "Player2": "temur4life",
          "Result": "0-2-0"
        },
        {
          "Player1": "sneakattackkid",
          "Player2": "MJ_23",
          "Result": "2-0-0"
        },
        {
          "Player1": "leandru",
          "Player2": "SuperCow12653",
          "Result": "0-2-0"
        },
        {
          "Player1": "daviddmtg",
          "Player2": "_J0SE_",
          "Result": "2-0-0"
        },
        {
          "Player1": "O_danielakos",
          "Player2": "TeamTrainspotting",
          "Result": "2-0-0"
        },
        {
          "Player1": "Katalmach",
          "Player2": "DEJAIR_LAMARCA",
          "Result": "2-0-0"
        },
        {
          "Player1": "Univerce",
          "Player2": "McLoser",
          "Result": "2-0-0"
        },
        {
          "Player1": "hugofreitas1",
          "Player2": "henhen3000",
          "Result": "0-2-0"
        },
        {
          "Player1": "HouseOfManaMTG",
          "Player2": "Kyoto_Maschi",
          "Result": "2-0-0"
        },
        {
          "Player1": "Misplacedginger",
          "Player2": "unworldlyorigin",
          "Result": "0-2-0"
        },
        {
          "Player1": "xfile",
          "Player2": "Cachorrowo",
          "Result": "2-0-0"
        },
        {
          "Player1": "maytwer",
          "Player2": "JoaoFialho",
          "Result": "2-0-0"
        },
        {
          "Player1": "conconman",
          "Player2": "Junebugg",
          "Result": "0-2-0"
        },
        {
          "Player1": "jewdan",
          "Player2": "faunafaunafauna",
          "Result": "0-2-0"
        },
        {
          "Player1": "HoldTheElle",
          "Player2": "DskBayWolf",
          "Result": "2-0-0"
        },
        {
          "Player1": "Capitano_CL",
          "Player2": "azax",
          "Result": "2-0-0"
        },
        {
          "Player1": "claudioh",
          "Player2": "Terminus-Est",
          "Result": "2-0-0"
        },
        {
          "Player1": "12azor",
          "Player2": "ShadowTitan1",
          "Result": "0-2-0"
        },
        {
          "Player1": "ZaqueInc",
          "Player2": "Linden_43",
          "Result": "0-2-0"
        },
        {
          "Player1": "salad",
          "Player2": "frostkoorn",
          "Result": "0-2-0"
        },
        {
          "Player1": "albertoSD",
          "Player2": "th3_r3dman",
          "Result": "0-2-0"
        },
        {
          "Player1": "Raydan",
          "Player2": "Ale_Mtg",
          "Result": "2-0-0"
        },
        {
          "Player1": "Golgarburr",
          "Player2": "Selfeisek",
          "Result": "2-0-0"
        }
      ]
    },
    {
      "RoundName": "Round 3",
      "Matches": [
        {
          "Player1": "Capitano_CL",
          "Player2": "unworldlyorigin",
          "Result": "0-0-0"
        },
        {
          "Player1": "sneakattackkid",
          "Player2": "Raydan",
          "Result": "0-2-0"
        },
        {
          "Player1": "MeninoNey",
          "Player2": "azax",
          "Result": "0-2-0"
        },
        {
          "Player1": "SuperCow12653",
          "Player2": "Ale_Mtg",
          "Result": "2-0-0"
        },
        {
          "Player1": "cool95",
          "Player2": "TeamTrainspotting",
          "Result": "0-2-0"
        },
        {
          "Player1": "albertoSD",
          "Player2": "PASCU95",
          "Result": "0-2-0"
        },
        {
          "Player1": "HoldTheElle",
          "Player2": "faunafaunafauna",
          "Result": "2-0-0"
        },
        {
          "Player1": "Golgarburr",
          "Player2": "xfile",
          "Result": "2-0-0"
        },
        {
          "Player1": "Katalmach",
          "Player2": "henhen3000",
          "Result": "2-0-0"
        },
        {
          "Player1": "claudioh",
          "Player2": "Selfeisek",
          "Result": "0-2-0"
        },
        {
          "Player1": "ShadowTitan1",
          "Player2": "Linden_43",
          "Result": "2-0-0"
        },
        {
          "Player1": "Cachorrowo",
          "Player2": "Kyoto_Maschi",
          "Result": "0-2-0"
        },
        {
          "Player1": "bennybo",
          "Player2": "MJ_23",
          "Result": "2-0-0"
        },
        {
          "Player1": "ZaqueInc",
          "Player2": "daviddmtg",
          "Result": "0-2-0"
        },
        {
          "Player1": "Univerce",
          "Player2": "DEJAIR_LAMARCA",
          "Result": "0-2-0"
        },
        {
          "Player1": "karatedom",
          "Player2": "frostkoorn",
          "Result": "0-2-0"
        },
        {
          "Player1": "th3_r3dman",
          "Player2": "Nowayh",
          "Result": "0-2-0"
        },
        {
          "Player1": "O_danielakos",
          "Player2": "maytwer",
          "Result": "2-0-0"
        },
        {
          "Player1": "JoaoFialho",
          "Player2": "McLoser",
          "Result": "2-0-0"
        },
        {
          "Player1": "Misplacedginger",
          "Player2": "hugofreitas1",
          "Result": "0-2-0"
        },
        {
          "Player1": "HouseOfManaMTG",
          "Player2": "temur4life",
          "Result": "0-2-0"
        },
        {
          "Player1": "12azor",
          "Player2": "Junebugg",
          "Result": "0-0-0"
        }
      ]
    },
    {
      "RoundName": "Round 4",
      "Matches": [
        {
          "Player1": "ZaqueInc",
          "Player2": "faunafaunafauna",
          "Result": "2-0-0"
        },
        {
          "Player1": "sneakattackkid",
          "Player2": "xfile",
          "Result": "2-0-0"
        },
        {
          "Player1": "bennybo",
          "Player2": "azax",
          "Result": "0-2-0"
        },
        {
          "Player1": "HoldTheElle",
          "Player2": "frostkoorn",
          "Result": "2-0-0"
        },
        {
          "Player1": "Capitano_CL",
          "Player2": "th3_r3dman",
          "Result": "0-2-0"
        },
        {
          "Player1": "Raydan",
          "Player2": "temur4life",
          "Result": "0-2-0"
        },
        {
          "Player1": "12azor",
          "Player2": "daviddmtg",
          "Result": "0-2-0"
        },
        {
          "Player1": "Selfeisek",
          "Player2": "Univerce",
          "Result": "2-0-0"
        },
        {
          "Player1": "hugofreitas1",
          "Player2": "Linden_43",
          "Result": "0-2-0"
        },
        {
          "Player1": "ShadowTitan1",
          "Player2": "Katalmach",
          "Result": "2-0-0"
        },
        {
          "Player1": "Cachorrowo",
          "Player2": "MeninoNey",
          "Result": "0-2-0"
        },
        {
          "Player1": "O_danielakos",
          "Player2": "SuperCow12653",
          "Result": "0-0-0"
        },
        {
          "Player1": "HouseOfManaMTG",
          "Player2": "DEJAIR_LAMARCA",
          "Result": "2-0-0"
        },
        {
          "Player1": "Golgarburr",
          "Player2": "henhen3000",
          "Result": "0-0-0"
        },
        {
          "Player1": "MJ_23",
          "Player2": "leandru",
          "Result": "2-0-0"
        },
        {
          "Player1": "Kyoto_Maschi",
          "Player2": "PASCU95",
          "Result": "2-0-0"
        },
        {
          "Player1": "TeamTrainspotting",
          "Player2": "JoaoFialho",
          "Result": "0-2-0"
        },
        {
          "Player1": "Nowayh",
          "Player2": "unworldlyorigin",
          "Result": "2-0-0"
        }
      ]
    },
    {
      "RoundName": "Round 5",
      "Matches": [
        {
          "Player1": "Raydan",
          "Player2": "th3_r3dman",
          "Result": "2-0-0"
        },
        {
          "Player1": "Katalmach",
          "Player2": "unworldlyorigin",
          "Result": "2-0-0"
        },
        {
          "Player1": "daviddmtg",
          "Player2": "Linden_43",
          "Result": "0-2-0"
        },
        {
          "Player1": "leandru",
          "Player2": "MeninoNey",
          "Result": "0-2-0"
        },
        {
          "Player1": "Golgarburr",
          "Player2": "temur4life",
          "Result": "0-2-0"
        },
        {
          "Player1": "bennybo",
          "Player2": "hugofreitas1",
          "Result": "0-2-0"
        },
        {
          "Player1": "ShadowTitan1",
          "Player2": "Nowayh",
          "Result": "0-2-0"
        },
        {
          "Player1": "DEJAIR_LAMARCA",
          "Player2": "Selfeisek",
          "Result": "0-2-0"
        },
        {
          "Player1": "O_danielakos",
          "Player2": "JoaoFialho",
          "Result": "0-0-0"
        },
        {
          "Player1": "azax",
          "Player2": "HouseOfManaMTG",
          "Result": "2-0-0"
        },
        {
          "Player1": "Capitano_CL",
          "Player2": "xfile",
          "Result": "2-0-0"
        },
        {
          "Player1": "TeamTrainspotting",
          "Player2": "Cachorrowo",
          "Result": "0-2-0"
        },
        {
          "Player1": "12azor",
          "Player2": "henhen3000",
          "Result": "0-2-0"
        },
        {
          "Player1": "ZaqueInc",
          "Player2": "PASCU95",
          "Result": "0-2-0"
        },
        {
          "Player1": "sneakattackkid",
          "Player2": "Kyoto_Maschi",
          "Result": "0-2-0"
        },
        {
          "Player1": "HoldTheElle",
          "Player2": "SuperCow12653",
          "Result": "0-2-0"
        },
        {
          "Player1": "MJ_23",
          "Player2": "frostkoorn",
          "Result": "2-0-0"
        }
      ]
    },
    {
      "RoundName": "Round 6",
      "Matches": [
        {
          "Player1": "sneakattackkid",
          "Player2": "Capitano_CL",
          "Result": "0-2-0"
        },
        {
          "Player1": "HouseOfManaMTG",
          "Player2": "JoaoFialho",
          "Result": "2-0-0"
        },
        {
          "Player1": "O_danielakos",
          "Player2": "xfile",
          "Result": "2-0-0"
        },
        {
          "Player1": "bennybo",
          "Player2": "DEJAIR_LAMARCA",
          "Result": "0-2-0"
        },
        {
          "Player1": "HoldTheElle",
          "Player2": "th3_r3dman",
          "Result": "0-2-0"
        },
        {
          "Player1": "temur4life",
          "Player2": "Nowayh",
          "Result": "0-2-0"
        },
        {
          "Player1": "unworldlyorigin",
          "Player2": "PASCU95",
          "Result": "0-2-0"
        },
        {
          "Player1": "Golgarburr",
          "Player2": "Kyoto_Maschi",
          "Result": "2-0-0"
        },
        {
          "Player1": "Katalmach",
          "Player2": "Linden_43",
          "Result": "0-2-0"
        },
        {
          "Player1": "SuperCow12653",
          "Player2": "azax",
          "Result": "2-0-0"
        },
        {
          "Player1": "Raydan",
          "Player2": "ShadowTitan1",
          "Result": "0-2-0"
        },
        {
          "Player1": "ZaqueInc",
          "Player2": "12azor",
          "Result": "0-2-0"
        },
        {
          "Player1": "hugofreitas1",
          "Player2": "Selfeisek",
          "Result": "0-2-0"
        },
        {
          "Player1": "Cachorrowo",
          "Player2": "frostkoorn",
          "Result": "0-2-0"
        },
        {
          "Player1": "MJ_23",
          "Player2": "daviddmtg",
          "Result": "2-0-0"
        },
        {
          "Player1": "leandru",
          "Player2": "TeamTrainspotting",
          "Result": "2-0-0"
        },
        {
          "Player1": "MeninoNey",
          "Player2": "henhen3000",
          "Result": "2-0-0"
        }
      ]
    },
    {
      "RoundName": "Round 7",
      "Matches": [
        {
          "Player1": "SuperCow12653",
          "Player2": "temur4life",
          "Result": "2-0-0"
        },
        {
          "Player1": "Nowayh",
          "Player2": "Katalmach",
          "Result": "0-2-0"
        },
        {
          "Player1": "Golgarburr",
          "Player2": "Linden_43",
          "Result": "2-0-0"
        },
        {
          "Player1": "Raydan",
          "Player2": "ShadowTitan1",
          "Result": "2-0-0"
        }
      ]
    },
    {
      "RoundName": "Round 8",
      "Matches": [
        {
          "Player1": "Golgarburr",
          "Player2": "Katalmach",
          "Result": "2-0-0"
        },
        {
          "Player1": "Raydan",
          "Player2": "SuperCow12653",
          "Result": "2-0-0"
        }
      ]
    },
    {
      "RoundName": "Round 9",
      "Matches": [
        {
          "Player1": "Golgarburr",
          "Player2": "Raydan",
          "Result": "2-0-0"
        }
      ]
    }
  ],
  "Standings": [
    {
      "Rank": 53,
      "Player": "blackdecks99",
      "Points": 0,
      "Wins": 0,
      "Losses": 0,
      "Draws": 0,
      "OMWP": 0.3333,
      "GWP": 0,
      "OGWP": 0.4286
    },
    {
      "Rank": 52,
      "Player": "Terminus-Est",
      "Points": 0,
      "Wins": 0,
      "Losses": 0,
      "Draws": 0,
      "OMWP": 0.3333,
      "GWP": 0.2,
      "OGWP": 0.3333
    },
    {
      "Rank": 51,
      "Player": "conconman",
      "Points": 0,
      "Wins": 0,
      "Losses": 0,
      "Draws": 0,
      "OMWP": 0.3333,
      "GWP": 0.2,
      "OGWP": 0.4556
    },
    {
      "Rank": 50,
      "Player": "cool95",
      "Points": 0,
      "Wins": 0,
      "Losses": 0,
      "Draws": 0,
      "OMWP": 0.44439999999999996,
      "GWP": 0.3333,
      "OGWP": 0.4163
    },
    {
      "Rank": 49,
      "Player": "jewdan",
      "Points": 0,
      "Wins": 0,
      "Losses": 0,
      "Draws": 0,
      "OMWP": 0.5,
      "GWP": 0,
      "OGWP": 0.5
    },
    {
      "Rank": 48,
      "Player": "McLoser",
      "Points": 0,
      "Wins": 0,
      "Losses": 0,
      "Draws": 0,
      "OMWP": 0.5,
      "GWP": 0.25,
      "OGWP": 0.4474
    },
    {
      "Rank": 47,
      "Player": "_J0SE_",
      "Points": 0,
      "Wins": 0,
      "Losses": 0,
      "Draws": 0,
      "OMWP": 0.5832999999999999,
      "GWP": 0,
      "OGWP": 0.5667
    },
    {
      "Rank": 46,
      "Player": "matttothec",
      "Points": 0,
      "Wins": 0,
      "Losses": 0,
      "Draws": 0,
      "OMWP": 0.5832999999999999,
      "GWP": 0,
      "OGWP": 0.5714
    },
    {
      "Rank": 45,
      "Player": "DskBayWolf",
      "Points": 0,
      "Wins": 0,
      "Losses": 0,
      "Draws": 0,
      "OMWP": 0.5832999999999999,
      "GWP": 0.2,
      "OGWP": 0.5353
    },
    {
      "Rank": 44,
      "Player": "salad",
      "Points": 0,
      "Wins": 0,
      "Losses": 0,
      "Draws": 0,
      "OMWP": 0.5832999999999999,
      "GWP": 0.2,
      "OGWP": 0.598
    },
    {
      "Rank": 43,
      "Player": "faunafaunafauna",
      "Points": 3,
      "Wins": 0,
      "Losses": 0,
      "Draws": 0,
      "OMWP": 0.375,
      "GWP": 0.4,
      "OGWP": 0.401
    },
    {
      "Rank": 42,
      "Player": "Misplacedginger",
      "Points": 3,
      "Wins": 0,
      "Losses": 0,
      "Draws": 0,
      "OMWP": 0.44439999999999996,
      "GWP": 0.4286,
      "OGWP": 0.4556
    },
    {
      "Rank": 41,
      "Player": "Univerce",
      "Points": 3,
      "Wins": 0,
      "Losses": 0,
      "Draws": 0,
      "OMWP": 0.4583,
      "GWP": 0.3333,
      "OGWP": 0.4722
    },
    {
      "Rank": 40,
      "Player": "TeamTrainspotting",
      "Points": 3,
      "Wins": 0,
      "Losses": 0,
      "Draws": 0,
      "OMWP": 0.4722,
      "GWP": 0.3529,
      "OGWP": 0.4597
    },
    {
      "Rank": 39,
      "Player": "Junebugg",
      "Points": 3,
      "Wins": 0,
      "Losses": 0,
      "Draws": 0,
      "OMWP": 0.5,
      "GWP": 0.44439999999999996,
      "OGWP": 0.4653
    },
    {
      "Rank": 38,
      "Player": "claudioh",
      "Points": 3,
      "Wins": 0,
      "Losses": 0,
      "Draws": 0,
      "OMWP": 0.5556,
      "GWP": 0.3333,
      "OGWP": 0.5155
    },
    {
      "Rank": 37,
      "Player": "maytwer",
      "Points": 3,
      "Wins": 0,
      "Losses": 0,
      "Draws": 0,
      "OMWP": 0.5556,
      "GWP": 0.3333,
      "OGWP": 0.5476
    },
    {
      "Rank": 36,
      "Player": "albertoSD",
      "Points": 3,
      "Wins": 0,
      "Losses": 0,
      "Draws": 0,
      "OMWP": 0.5556,
      "GWP": 0.4286,
      "OGWP": 0.4891
    },
    {
      "Rank": 35,
      "Player": "Ale_Mtg",
      "Points": 3,
      "Wins": 0,
      "Losses": 0,
      "Draws": 0,
      "OMWP": 0.6111,
      "GWP": 0.2857,
      "OGWP": 0.5556
    },
    {
      "Rank": 34,
      "Player": "karatedom",
      "Points": 3,
      "Wins": 0,
      "Losses": 0,
      "Draws": 0,
      "OMWP": 0.6667000000000001,
      "GWP": 0.3333,
      "OGWP": 0.6021
    },
    {
      "Rank": 33,
      "Player": "Cachorrowo",
      "Points": 6,
      "Wins": 0,
      "Losses": 0,
      "Draws": 0,
      "OMWP": 0.4722,
      "GWP": 0.4667,
      "OGWP": 0.479
    },
    {
      "Rank": 32,
      "Player": "ZaqueInc",
      "Points": 6,
      "Wins": 0,
      "Losses": 0,
      "Draws": 0,
      "OMWP": 0.5278,
      "GWP": 0.3333,
      "OGWP": 0.4924
    },
    {
      "Rank": 31,
      "Player": "xfile",
      "Points": 6,
      "Wins": 0,
      "Losses": 0,
      "Draws": 0,
      "OMWP": 0.5278,
      "GWP": 0.4667,
      "OGWP": 0.5215
    },
    {
      "Rank": 30,
      "Player": "bennybo",
      "Points": 6,
      "Wins": 0,
      "Losses": 0,
      "Draws": 0,
      "OMWP": 0.5832999999999999,
      "GWP": 0.35710000000000003,
      "OGWP": 0.5495
    },
    {
      "Rank": 29,
      "Player": "leandru",
      "Points": 6,
      "Wins": 0,
      "Losses": 0,
      "Draws": 0,
      "OMWP": 0.7,
      "GWP": 0.3077,
      "OGWP": 0.6014
    },
    {
      "Rank": 28,
      "Player": "frostkoorn",
      "Points": 9,
      "Wins": 0,
      "Losses": 0,
      "Draws": 0,
      "OMWP": 0.44439999999999996,
      "GWP": 0.5294,
      "OGWP": 0.4548
    },
    {
      "Rank": 27,
      "Player": "JoaoFialho",
      "Points": 9,
      "Wins": 0,
      "Losses": 0,
      "Draws": 0,
      "OMWP": 0.4722,
      "GWP": 0.4375,
      "OGWP": 0.45740000000000003
    },
    {
      "Rank": 26,
      "Player": "HoldTheElle",
      "Points": 9,
      "Wins": 0,
      "Losses": 0,
      "Draws": 0,
      "OMWP": 0.5278,
      "GWP": 0.4706,
      "OGWP": 0.5001
    },
    {
      "Rank": 25,
      "Player": "12azor",
      "Points": 9,
      "Wins": 0,
      "Losses": 0,
      "Draws": 0,
      "OMWP": 0.5278,
      "GWP": 0.5,
      "OGWP": 0.5307999999999999
    },
    {
      "Rank": 24,
      "Player": "daviddmtg",
      "Points": 9,
      "Wins": 0,
      "Losses": 0,
      "Draws": 0,
      "OMWP": 0.5278,
      "GWP": 0.5333,
      "OGWP": 0.4925
    },
    {
      "Rank": 23,
      "Player": "DEJAIR_LAMARCA",
      "Points": 9,
      "Wins": 0,
      "Losses": 0,
      "Draws": 0,
      "OMWP": 0.5278,
      "GWP": 0.5385,
      "OGWP": 0.5092
    },
    {
      "Rank": 22,
      "Player": "O_danielakos",
      "Points": 9,
      "Wins": 0,
      "Losses": 0,
      "Draws": 0,
      "OMWP": 0.5278,
      "GWP": 0.5625,
      "OGWP": 0.49520000000000003
    },
    {
      "Rank": 21,
      "Player": "hugofreitas1",
      "Points": 9,
      "Wins": 0,
      "Losses": 0,
      "Draws": 0,
      "OMWP": 0.5832999999999999,
      "GWP": 0.5333,
      "OGWP": 0.5276
    },
    {
      "Rank": 20,
      "Player": "sneakattackkid",
      "Points": 9,
      "Wins": 0,
      "Losses": 0,
      "Draws": 0,
      "OMWP": 0.6,
      "GWP": 0.5,
      "OGWP": 0.5842
    },
    {
      "Rank": 19,
      "Player": "henhen3000",
      "Points": 9,
      "Wins": 0,
      "Losses": 0,
      "Draws": 0,
      "OMWP": 0.6111,
      "GWP": 0.5,
      "OGWP": 0.5627
    },
    {
      "Rank": 18,
      "Player": "unworldlyorigin",
      "Points": 9,
      "Wins": 0,
      "Losses": 0,
      "Draws": 0,
      "OMWP": 0.6389,
      "GWP": 0.5,
      "OGWP": 0.5939
    },
    {
      "Rank": 17,
      "Player": "PASCU95",
      "Points": 12,
      "Wins": 0,
      "Losses": 0,
      "Draws": 0,
      "OMWP": 0.4167,
      "GWP": 0.5625,
      "OGWP": 0.4152
    },
    {
      "Rank": 16,
      "Player": "MJ_23",
      "Points": 12,
      "Wins": 0,
      "Losses": 0,
      "Draws": 0,
      "OMWP": 0.4167,
      "GWP": 0.625,
      "OGWP": 0.4311
    },
    {
      "Rank": 15,
      "Player": "Selfeisek",
      "Points": 12,
      "Wins": 0,
      "Losses": 0,
      "Draws": 0,
      "OMWP": 0.5,
      "GWP": 0.5882000000000001,
      "OGWP": 0.4842
    },
    {
      "Rank": 14,
      "Player": "Capitano_CL",
      "Points": 12,
      "Wins": 0,
      "Losses": 0,
      "Draws": 0,
      "OMWP": 0.5,
      "GWP": 0.6,
      "OGWP": 0.49520000000000003
    },
    {
      "Rank": 13,
      "Player": "MeninoNey",
      "Points": 12,
      "Wins": 0,
      "Losses": 0,
      "Draws": 0,
      "OMWP": 0.5278,
      "GWP": 0.5625,
      "OGWP": 0.5241
    },
    {
      "Rank": 12,
      "Player": "Kyoto_Maschi",
      "Points": 12,
      "Wins": 0,
      "Losses": 0,
      "Draws": 0,
      "OMWP": 0.5832999999999999,
      "GWP": 0.5625,
      "OGWP": 0.5389
    },
    {
      "Rank": 11,
      "Player": "th3_r3dman",
      "Points": 12,
      "Wins": 0,
      "Losses": 0,
      "Draws": 0,
      "OMWP": 0.5832999999999999,
      "GWP": 0.5714,
      "OGWP": 0.5499
    },
    {
      "Rank": 10,
      "Player": "azax",
      "Points": 12,
      "Wins": 0,
      "Losses": 0,
      "Draws": 0,
      "OMWP": 0.5832999999999999,
      "GWP": 0.6,
      "OGWP": 0.5199
    },
    {
      "Rank": 9,
      "Player": "HouseOfManaMTG",
      "Points": 12,
      "Wins": 0,
      "Losses": 0,
      "Draws": 0,
      "OMWP": 0.5832999999999999,
      "GWP": 0.6,
      "OGWP": 0.531
    },
    {
      "Rank": 8,
      "Player": "Linden_43",
      "Points": 15,
      "Wins": 0,
      "Losses": 0,
      "Draws": 0,
      "OMWP": 0.5278,
      "GWP": 0.625,
      "OGWP": 0.5303
    },
    {
      "Rank": 7,
      "Player": "temur4life",
      "Points": 15,
      "Wins": 0,
      "Losses": 0,
      "Draws": 0,
      "OMWP": 0.6667000000000001,
      "GWP": 0.7143,
      "OGWP": 0.6049
    },
    {
      "Rank": 6,
      "Player": "ShadowTitan1",
      "Points": 15,
      "Wins": 0,
      "Losses": 0,
      "Draws": 0,
      "OMWP": 0.6667000000000001,
      "GWP": 0.7857,
      "OGWP": 0.5946
    },
    {
      "Rank": 5,
      "Player": "Nowayh",
      "Points": 18,
      "Wins": 0,
      "Losses": 0,
      "Draws": 0,
      "OMWP": 0.6389,
      "GWP": 0.8,
      "OGWP": 0.5779
    },
    {
      "Rank": 4,
      "Player": "Katalmach",
      "Points": 15,
      "Wins": 0,
      "Losses": 0,
      "Draws": 0,
      "OMWP": 0.5832999999999999,
      "GWP": 0.6429,
      "OGWP": 0.5471
    },
    {
      "Rank": 3,
      "Player": "SuperCow12653",
      "Points": 18,
      "Wins": 0,
      "Losses": 0,
      "Draws": 0,
      "OMWP": 0.4722,
      "GWP": 0.6667000000000001,
      "OGWP": 0.4722
    },
    {
      "Rank": 2,
      "Player": "Raydan",
      "Points": 18,
      "Wins": 0,
      "Losses": 0,
      "Draws": 0,
      "OMWP": 0.5832999999999999,
      "GWP": 0.6667000000000001,
      "OGWP": 0.5397
    },
    {
      "Rank": 1,
      "Player": "Golgarburr",
      "Points": 24,
      "Wins": 0,
      "Losses": 0,
      "Draws": 0,
      "OMWP": 0.5556,
      "GWP": 0.6667000000000001,
      "OGWP": 0.5315
    }
  ]
}