{
  "Tournament": {
    "Id": 12803734,
    "Date": "2025-07-23T01:00:00",
    "Name": "Phantom Sealed Trial 24",
    "Uri": null,
    "JsonFile": null,
    "ForceRedownload": false
  },
  "Decks": null,
  "Rounds": [
    {
      "RoundName": "Round 1",
      "Matches": [
        {
          "Player1": "happypster",
          "Player2": "Raydan",
          "Result": "2-0-0"
        },
        {
          "Player1": "DrAntiderivative",
          "Player2": "komattaman",
          "Result": "0-2-0"
        },
        {
          "Player1": "ROTATED",
          "Player2": "dgar_po",
          "Result": "0-2-0"
        },
        {
          "Player1": "Lennny",
          "Player2": "DskBayWolf",
          "Result": "2-0-0"
        },
        {
          "Player1": "MdvWin",
          "Player2": "MandrillMan",
          "Result": "0-2-0"
        },
        {
          "Player1": "echecetmat35",
          "Player2": "bennylava1",
          "Result": "2-0-0"
        },
        {
          "Player1": "darius89",
          "Player2": "Cabalasp",
          "Result": "2-0-0"
        },
        {
          "Player1": "Apokryph",
          "Player2": "MJ_23",
          "Result": "0-2-0"
        },
        {
          "Player1": "Boydjw2",
          "Player2": "TeamTrainspotting",
          "Result": "0-2-0"
        },
        {
          "Player1": "TheTaxCollector",
          "Player2": "ShroudedByMist",
          "Result": "0-2-0"
        },
        {
          "Player1": "HDG_BorisE",
          "Player2": "Ailith",
          "Result": "2-0-0"
        },
        {
          "Player1": "Lifeisrisk7",
          "Player2": "Thief_Of_Crowns",
          "Result": "2-0-0"
        }
      ]
    },
    {
      "RoundName": "Round 2",
      "Matches": [
        {
          "Player1": "ROTATED",
          "Player2": "Cabalasp",
          "Result": "0-2-0"
        },
        {
          "Player1": "MJ_23",
          "Player2": "Thief_Of_Crowns",
          "Result": "2-0-0"
        },
        {
          "Player1": "Lennny",
          "Player2": "Lifeisrisk7",
          "Result": "2-0-0"
        },
        {
          "Player1": "Boydjw2",
          "Player2": "TheTaxCollector",
          "Result": "2-0-0"
        },
        {
          "Player1": "darius89",
          "Player2": "dgar_po",
          "Result": "2-0-0"
        },
        {
          "Player1": "komattaman",
          "Player2": "ShroudedByMist",
          "Result": "0-0-0"
        },
        {
          "Player1": "echecetmat35",
          "Player2": "MandrillMan",
          "Result": "1-2-0"
        },
        {
          "Player1": "HermonHero",
          "Player2": "HDG_BorisE",
          "Result": "2-0-0"
        },
        {
          "Player1": "TeamTrainspotting",
          "Player2": "happypster",
          "Result": "2-0-0"
        },
        {
          "Player1": "MdvWin",
          "Player2": "Ailith",
          "Result": "2-0-0"
        },
        {
          "Player1": "DrAntiderivative",
          "Player2": "bennylava1",
          "Result": "0-2-0"
        }
      ]
    },
    {
      "RoundName": "Round 3",
      "Matches": [
        {
          "Player1": "ROTATED",
          "Player2": "DrAntiderivative",
          "Result": "0-0-0"
        },
        {
          "Player1": "Apokryph",
          "Player2": "bennylava1",
          "Result": "0-2-0"
        },
        {
          "Player1": "darius89",
          "Player2": "komattaman",
          "Result": "0-2-0"
        },
        {
          "Player1": "dgar_po",
          "Player2": "Lifeisrisk7",
          "Result": "0-2-0"
        },
        {
          "Player1": "HDG_BorisE",
          "Player2": "ShroudedByMist",
          "Result": "2-0-0"
        },
        {
          "Player1": "echecetmat35",
          "Player2": "Cabalasp",
          "Result": "0-0-0"
        },
        {
          "Player1": "HermonHero",
          "Player2": "MdvWin",
          "Result": "0-2-0"
        },
        {
          "Player1": "MJ_23",
          "Player2": "Lennny",
          "Result": "0-2-0"
        },
        {
          "Player1": "TeamTrainspotting",
          "Player2": "MandrillMan",
          "Result": "0-2-0"
        },
        {
          "Player1": "Boydjw2",
          "Player2": "happypster",
          "Result": "2-0-0"
        }
      ]
    },
    {
      "RoundName": "Round 4",
      "Matches": [
        {
          "Player1": "HermonHero",
          "Player2": "Lifeisrisk7",
          "Result": "2-0-0"
        },
        {
          "Player1": "ShroudedByMist",
          "Player2": "Ailith",
          "Result": "2-0-0"
        },
        {
          "Player1": "Cabalasp",
          "Player2": "HDG_BorisE",
          "Result": "2-0-0"
        },
        {
          "Player1": "MJ_23",
          "Player2": "TeamTrainspotting",
          "Result": "0-2-0"
        },
        {
          "Player1": "echecetmat35",
          "Player2": "darius89",
          "Result": "2-0-0"
        },
        {
          "Player1": "Apokryph",
          "Player2": "DrAntiderivative",
          "Result": "0-2-0"
        },
        {
          "Player1": "Boydjw2",
          "Player2": "komattaman",
          "Result": "0-2-0"
        },
        {
          "Player1": "Lennny",
          "Player2": "MandrillMan",
          "Result": "2-0-0"
        },
        {
          "Player1": "bennylava1",
          "Player2": "MdvWin",
          "Result": "0-2-0"
        },
        {
          "Player1": "happypster",
          "Player2": "dgar_po",
          "Result": "0-0-0"
        }
      ]
    },
    {
      "RoundName": "Round 5",
      "Matches": [
        {
          "Player1": "Boydjw2",
          "Player2": "HDG_BorisE",
          "Result": "2-0-0"
        },
        {
          "Player1": "MJ_23",
          "Player2": "HermonHero",
          "Result": "0-2-0"
        },
        {
          "Player1": "echecetmat35",
          "Player2": "happypster",
          "Result": "0-2-0"
        },
        {
          "Player1": "Lifeisrisk7",
          "Player2": "ShroudedByMist",
          "Result": "0-2-0"
        },
        {
          "Player1": "TeamTrainspotting",
          "Player2": "MdvWin",
          "Result": "0-2-0"
        },
        {
          "Player1": "darius89",
          "Player2": "DrAntiderivative",
          "Result": "2-0-0"
        },
        {
          "Player1": "Lennny",
          "Player2": "komattaman",
          "Result": "2-0-0"
        },
        {
          "Player1": "Cabalasp",
          "Player2": "MandrillMan",
          "Result": "0-0-0"
        }
      ]
    }
  ],
  "Standings": [
    {
      "Rank": 25,
      "Player": "Thief_Of_Crowns",
      "Points": 0,
      "Wins": 0,
      "Losses": 0,
      "Draws": 0,
      "OMWP": 0.4,
      "GWP": 0.2,
      "OGWP": 0.5
    },
    {
      "Rank": 24,
      "Player": "ROTATED",
      "Points": 0,
      "Wins": 0,
      "Losses": 0,
      "Draws": 0,
      "OMWP": 0.5111,
      "GWP": 0.3333,
      "OGWP": 0.4274
    },
    {
      "Rank": 23,
      "Player": "Raydan",
      "Points": 0,
      "Wins": 0,
      "Losses": 0,
      "Draws": 0,
      "OMWP": 0.6,
      "GWP": 0,
      "OGWP": 0.6364
    },
    {
      "Rank": 22,
      "Player": "TheTaxCollector",
      "Points": 0,
      "Wins": 0,
      "Losses": 0,
      "Draws": 0,
      "OMWP": 0.6,
      "GWP": 0.2,
      "OGWP": 0.5609000000000001
    },
    {
      "Rank": 21,
      "Player": "DskBayWolf",
      "Points": 0,
      "Wins": 0,
      "Losses": 0,
      "Draws": 0,
      "OMWP": 1,
      "GWP": 0,
      "OGWP": 0.9091
    },
    {
      "Rank": 20,
      "Player": "Apokryph",
      "Points": 3,
      "Wins": 0,
      "Losses": 0,
      "Draws": 0,
      "OMWP": 0.4667,
      "GWP": 0.25,
      "OGWP": 0.5027
    },
    {
      "Rank": 19,
      "Player": "dgar_po",
      "Points": 3,
      "Wins": 0,
      "Losses": 0,
      "Draws": 0,
      "OMWP": 0.4833,
      "GWP": 0.22219999999999998,
      "OGWP": 0.5245000000000001
    },
    {
      "Rank": 18,
      "Player": "Ailith",
      "Points": 3,
      "Wins": 0,
      "Losses": 0,
      "Draws": 0,
      "OMWP": 0.6,
      "GWP": 0.25,
      "OGWP": 0.5436
    },
    {
      "Rank": 17,
      "Player": "DrAntiderivative",
      "Points": 6,
      "Wins": 0,
      "Losses": 0,
      "Draws": 0,
      "OMWP": 0.5333,
      "GWP": 0.3333,
      "OGWP": 0.5273
    },
    {
      "Rank": 16,
      "Player": "Lifeisrisk7",
      "Points": 6,
      "Wins": 0,
      "Losses": 0,
      "Draws": 0,
      "OMWP": 0.6133,
      "GWP": 0.46149999999999997,
      "OGWP": 0.5501
    },
    {
      "Rank": 15,
      "Player": "MJ_23",
      "Points": 6,
      "Wins": 0,
      "Losses": 0,
      "Draws": 0,
      "OMWP": 0.6133,
      "GWP": 0.5385,
      "OGWP": 0.5501
    },
    {
      "Rank": 14,
      "Player": "HDG_BorisE",
      "Points": 6,
      "Wins": 0,
      "Losses": 0,
      "Draws": 0,
      "OMWP": 0.6267,
      "GWP": 0.4,
      "OGWP": 0.5414
    },
    {
      "Rank": 13,
      "Player": "echecetmat35",
      "Points": 6,
      "Wins": 0,
      "Losses": 0,
      "Draws": 0,
      "OMWP": 0.64,
      "GWP": 0.4286,
      "OGWP": 0.611
    },
    {
      "Rank": 12,
      "Player": "ShroudedByMist",
      "Points": 9,
      "Wins": 0,
      "Losses": 0,
      "Draws": 0,
      "OMWP": 0.4533,
      "GWP": 0.5385,
      "OGWP": 0.439
    },
    {
      "Rank": 11,
      "Player": "happypster",
      "Points": 9,
      "Wins": 0,
      "Losses": 0,
      "Draws": 0,
      "OMWP": 0.4533,
      "GWP": 0.6364,
      "OGWP": 0.4434
    },
    {
      "Rank": 10,
      "Player": "bennylava1",
      "Points": 9,
      "Wins": 0,
      "Losses": 0,
      "Draws": 0,
      "OMWP": 0.4833,
      "GWP": 0.6364,
      "OGWP": 0.44689999999999996
    },
    {
      "Rank": 9,
      "Player": "Boydjw2",
      "Points": 9,
      "Wins": 0,
      "Losses": 0,
      "Draws": 0,
      "OMWP": 0.5467,
      "GWP": 0.5832999999999999,
      "OGWP": 0.515
    },
    {
      "Rank": 8,
      "Player": "darius89",
      "Points": 9,
      "Wins": 0,
      "Losses": 0,
      "Draws": 0,
      "OMWP": 0.5467,
      "GWP": 0.6667000000000001,
      "OGWP": 0.4755
    },
    {
      "Rank": 7,
      "Player": "TeamTrainspotting",
      "Points": 9,
      "Wins": 0,
      "Losses": 0,
      "Draws": 0,
      "OMWP": 0.6,
      "GWP": 0.5385,
      "OGWP": 0.5901
    },
    {
      "Rank": 6,
      "Player": "MandrillMan",
      "Points": 9,
      "Wins": 0,
      "Losses": 0,
      "Draws": 0,
      "OMWP": 0.72,
      "GWP": 0.5,
      "OGWP": 0.6368
    },
    {
      "Rank": 5,
      "Player": "Cabalasp",
      "Points": 12,
      "Wins": 0,
      "Losses": 0,
      "Draws": 0,
      "OMWP": 0.4667,
      "GWP": 0.6154,
      "OGWP": 0.4657
    },
    {
      "Rank": 4,
      "Player": "HermonHero",
      "Points": 12,
      "Wins": 0,
      "Losses": 0,
      "Draws": 0,
      "OMWP": 0.5,
      "GWP": 0.6364,
      "OGWP": 0.5231
    },
    {
      "Rank": 3,
      "Player": "MdvWin",
      "Points": 12,
      "Wins": 0,
      "Losses": 0,
      "Draws": 0,
      "OMWP": 0.5867,
      "GWP": 0.6923,
      "OGWP": 0.5289
    },
    {
      "Rank": 2,
      "Player": "komattaman",
      "Points": 12,
      "Wins": 0,
      "Losses": 0,
      "Draws": 0,
      "OMWP": 0.64,
      "GWP": 0.6667000000000001,
      "OGWP": 0.6062
    },
    {
      "Rank": 1,
      "Player": "Lennny",
      "Points": 15,
      "Wins": 0,
      "Losses": 0,
      "Draws": 0,
      "OMWP": 0.5067,
      "GWP": 0.9091,
      "OGWP": 0.5
    }
  ]
}