{
  "Tournament": {
    "Id": 12801636,
    "Date": "2025-07-04T01:00:00",
    "Name": "Limited Preliminary",
    "Uri": null,
    "JsonFile": null,
    "ForceRedownload": false
  },
  "Decks": null,
  "Rounds": [
    {
      "RoundName": "Round 1",
      "Matches": [
        {
          "Player1": "echecetmat35",
          "Player2": "Fentmaxer",
          "Result": "2-0-0"
        },
        {
          "Player1": "schnda",
          "Player2": "Sarlanga",
          "Result": "0-2-0"
        },
        {
          "Player1": "Unifro",
          "Player2": "ScavengingBooze",
          "Result": "2-0-0"
        },
        {
          "Player1": "Apokryph",
          "Player2": "Sentoe187",
          "Result": "0-2-0"
        },
        {
          "Player1": "Finespoo",
          "Player2": "lovetapsmtg",
          "Result": "0-2-0"
        },
        {
          "Player1": "TheDevil123",
          "Player2": "komattaman",
          "Result": "0-2-0"
        }
      ]
    },
    {
      "RoundName": "Round 2",
      "Matches": [
        {
          "Player1": "Sarlanga",
          "Player2": "lovetapsmtg",
          "Result": "2-0-0"
        },
        {
          "Player1": "echecetmat35",
          "Player2": "Sentoe187",
          "Result": "2-0-0"
        },
        {
          "Player1": "ScavengingBooze",
          "Player2": "Fentmaxer",
          "Result": "2-0-0"
        },
        {
          "Player1": "schnda",
          "Player2": "Apokryph",
          "Result": "2-0-0"
        },
        {
          "Player1": "komattaman",
          "Player2": "Unifro",
          "Result": "2-0-0"
        }
      ]
    },
    {
      "RoundName": "Round 3",
      "Matches": [
        {
          "Player1": "Sentoe187",
          "Player2": "lovetapsmtg",
          "Result": "0-2-0"
        },
        {
          "Player1": "Sarlanga",
          "Player2": "ScavengingBooze",
          "Result": "2-0-0"
        },
        {
          "Player1": "echecetmat35",
          "Player2": "komattaman",
          "Result": "0-0-0"
        },
        {
          "Player1": "schnda",
          "Player2": "TheDevil123",
          "Result": "2-0-0"
        },
        {
          "Player1": "Unifro",
          "Player2": "Fentmaxer",
          "Result": "0-0-0"
        }
      ]
    },
    {
      "RoundName": "Round 4",
      "Matches": [
        {
          "Player1": "schnda",
          "Player2": "komattaman",
          "Result": "0-2-0"
        },
        {
          "Player1": "TheDevil123",
          "Player2": "Apokryph",
          "Result": "0-2-0"
        },
        {
          "Player1": "lovetapsmtg",
          "Player2": "Unifro",
          "Result": "0-2-0"
        },
        {
          "Player1": "echecetmat35",
          "Player2": "Sarlanga",
          "Result": "2-0-0"
        }
      ]
    }
  ],
  "Standings": [
    {
      "Rank": 12,
      "Player": "Finespoo",
      "Points": 0,
      "Wins": 0,
      "Losses": 0,
      "Draws": 0,
      "OMWP": 0.5,
      "GWP": 0,
      "OGWP": 0.5
    },
    {
      "Rank": 11,
      "Player": "Fentmaxer",
      "Points": 0,
      "Wins": 0,
      "Losses": 0,
      "Draws": 0,
      "OMWP": 0.6944,
      "GWP": 0.25,
      "OGWP": 0.6186
    },
    {
      "Rank": 10,
      "Player": "TheDevil123",
      "Points": 3,
      "Wins": 0,
      "Losses": 0,
      "Draws": 0,
      "OMWP": 0.5832999999999999,
      "GWP": 0.1429,
      "OGWP": 0.5402
    },
    {
      "Rank": 9,
      "Player": "ScavengingBooze",
      "Points": 3,
      "Wins": 0,
      "Losses": 0,
      "Draws": 0,
      "OMWP": 0.6111,
      "GWP": 0.4286,
      "OGWP": 0.5667
    },
    {
      "Rank": 8,
      "Player": "Apokryph",
      "Points": 6,
      "Wins": 0,
      "Losses": 0,
      "Draws": 0,
      "OMWP": 0.44439999999999996,
      "GWP": 0.4286,
      "OGWP": 0.46299999999999997
    },
    {
      "Rank": 7,
      "Player": "lovetapsmtg",
      "Points": 6,
      "Wins": 0,
      "Losses": 0,
      "Draws": 0,
      "OMWP": 0.5832999999999999,
      "GWP": 0.5,
      "OGWP": 0.55
    },
    {
      "Rank": 6,
      "Player": "schnda",
      "Points": 6,
      "Wins": 0,
      "Losses": 0,
      "Draws": 0,
      "OMWP": 0.5832999999999999,
      "GWP": 0.5556,
      "OGWP": 0.5162
    },
    {
      "Rank": 5,
      "Player": "Sentoe187",
      "Points": 6,
      "Wins": 0,
      "Losses": 0,
      "Draws": 0,
      "OMWP": 0.6667000000000001,
      "GWP": 0.5,
      "OGWP": 0.5519
    },
    {
      "Rank": 4,
      "Player": "Unifro",
      "Points": 9,
      "Wins": 0,
      "Losses": 0,
      "Draws": 0,
      "OMWP": 0.4792,
      "GWP": 0.7,
      "OGWP": 0.4746
    },
    {
      "Rank": 3,
      "Player": "Sarlanga",
      "Points": 9,
      "Wins": 0,
      "Losses": 0,
      "Draws": 0,
      "OMWP": 0.5832999999999999,
      "GWP": 0.6667000000000001,
      "OGWP": 0.5528
    },
    {
      "Rank": 2,
      "Player": "komattaman",
      "Points": 9,
      "Wins": 0,
      "Losses": 0,
      "Draws": 0,
      "OMWP": 0.6457999999999999,
      "GWP": 0.6364,
      "OGWP": 0.579
    },
    {
      "Rank": 1,
      "Player": "echecetmat35",
      "Points": 12,
      "Wins": 0,
      "Losses": 0,
      "Draws": 0,
      "OMWP": 0.5832999999999999,
      "GWP": 0.7273000000000001,
      "OGWP": 0.5341
    }
  ]
}