{
  "Tournament": {
    "Id": 12801643,
    "Date": "2025-07-04T15:00:00",
    "Name": "Pauper Challenge 32",
    "Uri": null,
    "JsonFile": null,
    "ForceRedownload": false
  },
  "Decks": null,
  "Rounds": [
    {
      "RoundName": "Round 1",
      "Matches": [
        {
          "Player1": "_against_",
          "Player2": "PNascimento",
          "Result": "2-0-0"
        },
        {
          "Player1": "stu909090",
          "Player2": "CAM_13",
          "Result": "2-0-0"
        },
        {
          "Player1": "SpockVidaLoka",
          "Player2": "frostkoorn",
          "Result": "2-0-0"
        },
        {
          "Player1": "Brivenix",
          "Player2": "Jukel",
          "Result": "2-0-0"
        },
        {
          "Player1": "digdude13",
          "Player2": "oskiyaa",
          "Result": "2-0-0"
        },
        {
          "Player1": "_Tia93_",
          "Player2": "outZEROo",
          "Result": "2-0-0"
        },
        {
          "Player1": "JuaKi",
          "Player2": "TiagoFuguete",
          "Result": "2-0-0"
        },
        {
          "Player1": "barff",
          "Player2": "Azurenia_",
          "Result": "2-0-0"
        },
        {
          "Player1": "Carlinhoss",
          "Player2": "JaviGM",
          "Result": "2-0-0"
        },
        {
          "Player1": "Diem4x",
          "Player2": "Bong0411",
          "Result": "0-2-0"
        },
        {
          "Player1": "medvedev",
          "Player2": "cre-8",
          "Result": "2-0-0"
        },
        {
          "Player1": "Captain_Tsubasa",
          "Player2": "DobleP",
          "Result": "2-0-0"
        },
        {
          "Player1": "renaar",
          "Player2": "magikninni1312",
          "Result": "0-2-0"
        },
        {
          "Player1": "LuffyDoChapeuDePalha",
          "Player2": "Denisevich",
          "Result": "0-2-0"
        },
        {
          "Player1": "_Luvi_",
          "Player2": "Sailor_Moon",
          "Result": "0-2-0"
        },
        {
          "Player1": "EiJunCHN",
          "Player2": "Gabizynn",
          "Result": "2-0-0"
        },
        {
          "Player1": "Lollopollo2001",
          "Player2": "PedraStone",
          "Result": "2-0-0"
        },
        {
          "Player1": "Beicodegeia",
          "Player2": "SanPop",
          "Result": "2-0-0"
        },
        {
          "Player1": "viashinoperuano",
          "Player2": "Luminati",
          "Result": "0-2-0"
        },
        {
          "Player1": "cat_JAM",
          "Player2": "Bawer",
          "Result": "2-0-0"
        },
        {
          "Player1": "Misplacedginger",
          "Player2": "Shulk",
          "Result": "0-2-0"
        },
        {
          "Player1": "clamego",
          "Player2": "billsive",
          "Result": "0-2-0"
        },
        {
          "Player1": "_Batutinha_",
          "Player2": "_blaze66",
          "Result": "0-2-0"
        },
        {
          "Player1": "AguaTonificada",
          "Player2": "Cabz",
          "Result": "0-0-0"
        },
        {
          "Player1": "discoverN",
          "Player2": "wabodabo",
          "Result": "2-0-0"
        }
      ]
    },
    {
      "RoundName": "Round 2",
      "Matches": [
        {
          "Player1": "_Batutinha_",
          "Player2": "LuffyDoChapeuDePalha",
          "Result": "0-2-0"
        },
        {
          "Player1": "renaar",
          "Player2": "frostkoorn",
          "Result": "2-0-0"
        },
        {
          "Player1": "SpockVidaLoka",
          "Player2": "Captain_Tsubasa",
          "Result": "2-0-0"
        },
        {
          "Player1": "cre-8",
          "Player2": "_Luvi_",
          "Result": "2-0-0"
        },
        {
          "Player1": "clamego",
          "Player2": "Jukel",
          "Result": "0-2-0"
        },
        {
          "Player1": "barff",
          "Player2": "Denisevich",
          "Result": "0-2-0"
        },
        {
          "Player1": "outZEROo",
          "Player2": "Gabizynn",
          "Result": "2-0-0"
        },
        {
          "Player1": "PedraStone",
          "Player2": "JaviGM",
          "Result": "2-0-0"
        },
        {
          "Player1": "Cabz",
          "Player2": "wabodabo",
          "Result": "0-2-0"
        },
        {
          "Player1": "discoverN",
          "Player2": "AguaTonificada",
          "Result": "0-2-0"
        },
        {
          "Player1": "stu909090",
          "Player2": "Sailor_Moon",
          "Result": "0-2-0"
        },
        {
          "Player1": "Misplacedginger",
          "Player2": "SanPop",
          "Result": "0-2-0"
        },
        {
          "Player1": "DobleP",
          "Player2": "PNascimento",
          "Result": "0-2-0"
        },
        {
          "Player1": "Carlinhoss",
          "Player2": "Shulk",
          "Result": "2-0-0"
        },
        {
          "Player1": "cat_JAM",
          "Player2": "_blaze66",
          "Result": "2-0-0"
        },
        {
          "Player1": "_Tia93_",
          "Player2": "magikninni1312",
          "Result": "2-0-0"
        },
        {
          "Player1": "Lollopollo2001",
          "Player2": "NickNorman",
          "Result": "2-0-0"
        },
        {
          "Player1": "Bong0411",
          "Player2": "Luminati",
          "Result": "0-2-0"
        },
        {
          "Player1": "digdude13",
          "Player2": "Beicodegeia",
          "Result": "2-0-0"
        },
        {
          "Player1": "medvedev",
          "Player2": "EiJunCHN",
          "Result": "2-0-0"
        },
        {
          "Player1": "JuaKi",
          "Player2": "billsive",
          "Result": "0-2-0"
        },
        {
          "Player1": "Diem4x",
          "Player2": "Bawer",
          "Result": "2-0-0"
        },
        {
          "Player1": "TiagoFuguete",
          "Player2": "Azurenia_",
          "Result": "0-2-0"
        },
        {
          "Player1": "viashinoperuano",
          "Player2": "CAM_13",
          "Result": "2-0-0"
        },
        {
          "Player1": "Brivenix",
          "Player2": "_against_",
          "Result": "0-2-0"
        }
      ]
    },
    {
      "RoundName": "Round 3",
      "Matches": [
        {
          "Player1": "Beicodegeia",
          "Player2": "stu909090",
          "Result": "2-0-0"
        },
        {
          "Player1": "discoverN",
          "Player2": "SanPop",
          "Result": "2-0-0"
        },
        {
          "Player1": "JuaKi",
          "Player2": "Azurenia_",
          "Result": "2-0-0"
        },
        {
          "Player1": "CAM_13",
          "Player2": "Bawer",
          "Result": "0-2-0"
        },
        {
          "Player1": "NickNorman",
          "Player2": "EiJunCHN",
          "Result": "2-0-0"
        },
        {
          "Player1": "_Tia93_",
          "Player2": "SpockVidaLoka",
          "Result": "2-0-0"
        },
        {
          "Player1": "DobleP",
          "Player2": "_Luvi_",
          "Result": "0-2-0"
        },
        {
          "Player1": "AguaTonificada",
          "Player2": "billsive",
          "Result": "2-0-0"
        },
        {
          "Player1": "medvedev",
          "Player2": "Carlinhoss",
          "Result": "0-2-0"
        },
        {
          "Player1": "Luminati",
          "Player2": "PNascimento",
          "Result": "2-1-0"
        },
        {
          "Player1": "_Batutinha_",
          "Player2": "clamego",
          "Result": "0-2-0"
        },
        {
          "Player1": "Jukel",
          "Player2": "LuffyDoChapeuDePalha",
          "Result": "0-0-0"
        },
        {
          "Player1": "digdude13",
          "Player2": "Sailor_Moon",
          "Result": "0-2-0"
        },
        {
          "Player1": "wabodabo",
          "Player2": "Shulk",
          "Result": "2-0-0"
        },
        {
          "Player1": "_against_",
          "Player2": "Lollopollo2001",
          "Result": "2-0-0"
        },
        {
          "Player1": "outZEROo",
          "Player2": "Captain_Tsubasa",
          "Result": "2-0-0"
        },
        {
          "Player1": "barff",
          "Player2": "Bong0411",
          "Result": "2-1-0"
        },
        {
          "Player1": "Gabizynn",
          "Player2": "frostkoorn",
          "Result": "0-2-0"
        },
        {
          "Player1": "TiagoFuguete",
          "Player2": "cre-8",
          "Result": "2-0-0"
        },
        {
          "Player1": "viashinoperuano",
          "Player2": "_blaze66",
          "Result": "2-0-0"
        },
        {
          "Player1": "Brivenix",
          "Player2": "PedraStone",
          "Result": "0-2-0"
        },
        {
          "Player1": "cat_JAM",
          "Player2": "Denisevich",
          "Result": "2-0-0"
        },
        {
          "Player1": "Diem4x",
          "Player2": "renaar",
          "Result": "0-2-0"
        },
        {
          "Player1": "oskiyaa",
          "Player2": "magikninni1312",
          "Result": "2-0-0"
        }
      ]
    },
    {
      "RoundName": "Round 4",
      "Matches": [
        {
          "Player1": "SanPop",
          "Player2": "Bong0411",
          "Result": "2-0-0"
        },
        {
          "Player1": "JuaKi",
          "Player2": "wabodabo",
          "Result": "0-2-0"
        },
        {
          "Player1": "oskiyaa",
          "Player2": "barff",
          "Result": "2-0-0"
        },
        {
          "Player1": "clamego",
          "Player2": "Diem4x",
          "Result": "2-0-0"
        },
        {
          "Player1": "discoverN",
          "Player2": "outZEROo",
          "Result": "2-0-0"
        },
        {
          "Player1": "NickNorman",
          "Player2": "Denisevich",
          "Result": "2-0-0"
        },
        {
          "Player1": "stu909090",
          "Player2": "Azurenia_",
          "Result": "0-2-0"
        },
        {
          "Player1": "magikninni1312",
          "Player2": "frostkoorn",
          "Result": "2-0-0"
        },
        {
          "Player1": "_blaze66",
          "Player2": "Shulk",
          "Result": "0-2-0"
        },
        {
          "Player1": "medvedev",
          "Player2": "Lollopollo2001",
          "Result": "2-0-0"
        },
        {
          "Player1": "PNascimento",
          "Player2": "Bawer",
          "Result": "2-0-0"
        },
        {
          "Player1": "SpockVidaLoka",
          "Player2": "EiJunCHN",
          "Result": "2-0-0"
        },
        {
          "Player1": "cat_JAM",
          "Player2": "Sailor_Moon",
          "Result": "0-2-0"
        },
        {
          "Player1": "renaar",
          "Player2": "Luminati",
          "Result": "0-2-0"
        },
        {
          "Player1": "digdude13",
          "Player2": "billsive",
          "Result": "0-2-0"
        },
        {
          "Player1": "Jukel",
          "Player2": "TiagoFuguete",
          "Result": "2-0-0"
        },
        {
          "Player1": "viashinoperuano",
          "Player2": "PedraStone",
          "Result": "2-0-0"
        },
        {
          "Player1": "Beicodegeia",
          "Player2": "LuffyDoChapeuDePalha",
          "Result": "0-2-0"
        },
        {
          "Player1": "_against_",
          "Player2": "AguaTonificada",
          "Result": "0-2-0"
        },
        {
          "Player1": "_Batutinha_",
          "Player2": "Gabizynn",
          "Result": "2-0-0"
        },
        {
          "Player1": "Brivenix",
          "Player2": "_Luvi_",
          "Result": "0-2-0"
        },
        {
          "Player1": "cre-8",
          "Player2": "Captain_Tsubasa",
          "Result": "0-2-0"
        },
        {
          "Player1": "_Tia93_",
          "Player2": "Carlinhoss",
          "Result": "0-2-0"
        }
      ]
    },
    {
      "RoundName": "Round 5",
      "Matches": [
        {
          "Player1": "_Luvi_",
          "Player2": "Denisevich",
          "Result": "0-2-0"
        },
        {
          "Player1": "LuffyDoChapeuDePalha",
          "Player2": "billsive",
          "Result": "2-0-0"
        },
        {
          "Player1": "PedraStone",
          "Player2": "Shulk",
          "Result": "0-2-0"
        },
        {
          "Player1": "Brivenix",
          "Player2": "_blaze66",
          "Result": "0-2-0"
        },
        {
          "Player1": "CAM_13",
          "Player2": "Gabizynn",
          "Result": "0-0-0"
        },
        {
          "Player1": "TiagoFuguete",
          "Player2": "frostkoorn",
          "Result": "2-0-0"
        },
        {
          "Player1": "renaar",
          "Player2": "Azurenia_",
          "Result": "0-2-0"
        },
        {
          "Player1": "JuaKi",
          "Player2": "SanPop",
          "Result": "0-2-0"
        },
        {
          "Player1": "SpockVidaLoka",
          "Player2": "cat_JAM",
          "Result": "0-2-0"
        },
        {
          "Player1": "clamego",
          "Player2": "Lollopollo2001",
          "Result": "2-0-0"
        },
        {
          "Player1": "digdude13",
          "Player2": "outZEROo",
          "Result": "2-0-0"
        },
        {
          "Player1": "oskiyaa",
          "Player2": "wabodabo",
          "Result": "2-0-0"
        },
        {
          "Player1": "Carlinhoss",
          "Player2": "Luminati",
          "Result": "0-2-0"
        },
        {
          "Player1": "_against_",
          "Player2": "viashinoperuano",
          "Result": "0-2-0"
        },
        {
          "Player1": "_Batutinha_",
          "Player2": "Diem4x",
          "Result": "2-0-0"
        },
        {
          "Player1": "AguaTonificada",
          "Player2": "Sailor_Moon",
          "Result": "0-2-0"
        },
        {
          "Player1": "Captain_Tsubasa",
          "Player2": "magikninni1312",
          "Result": "2-0-0"
        },
        {
          "Player1": "barff",
          "Player2": "PNascimento",
          "Result": "0-2-0"
        },
        {
          "Player1": "Jukel",
          "Player2": "Beicodegeia",
          "Result": "0-0-0"
        },
        {
          "Player1": "discoverN",
          "Player2": "_Tia93_",
          "Result": "2-0-0"
        },
        {
          "Player1": "medvedev",
          "Player2": "NickNorman",
          "Result": "0-0-0"
        }
      ]
    },
    {
      "RoundName": "Round 6",
      "Matches": [
        {
          "Player1": "barff",
          "Player2": "_blaze66",
          "Result": "2-0-0"
        },
        {
          "Player1": "Jukel",
          "Player2": "_Tia93_",
          "Result": "1-2-0"
        },
        {
          "Player1": "clamego",
          "Player2": "Shulk",
          "Result": "0-2-0"
        },
        {
          "Player1": "Captain_Tsubasa",
          "Player2": "Denisevich",
          "Result": "2-0-0"
        },
        {
          "Player1": "TiagoFuguete",
          "Player2": "_Luvi_",
          "Result": "0-0-0"
        },
        {
          "Player1": "digdude13",
          "Player2": "renaar",
          "Result": "2-0-0"
        },
        {
          "Player1": "billsive",
          "Player2": "PNascimento",
          "Result": "0-2-0"
        },
        {
          "Player1": "SanPop",
          "Player2": "SpockVidaLoka",
          "Result": "2-0-0"
        },
        {
          "Player1": "Luminati",
          "Player2": "Sailor_Moon",
          "Result": "0-0-0"
        },
        {
          "Player1": "Carlinhoss",
          "Player2": "LuffyDoChapeuDePalha",
          "Result": "0-2-0"
        },
        {
          "Player1": "AguaTonificada",
          "Player2": "viashinoperuano",
          "Result": "0-2-0"
        },
        {
          "Player1": "Beicodegeia",
          "Player2": "CAM_13",
          "Result": "0-0-0"
        },
        {
          "Player1": "wabodabo",
          "Player2": "Azurenia_",
          "Result": "0-2-0"
        },
        {
          "Player1": "medvedev",
          "Player2": "discoverN",
          "Result": "2-0-0"
        },
        {
          "Player1": "_Batutinha_",
          "Player2": "PedraStone",
          "Result": "2-0-0"
        },
        {
          "Player1": "oskiyaa",
          "Player2": "cat_JAM",
          "Result": "0-2-0"
        },
        {
          "Player1": "JuaKi",
          "Player2": "outZEROo",
          "Result": "0-2-0"
        },
        {
          "Player1": "Lollopollo2001",
          "Player2": "magikninni1312",
          "Result": "2-0-0"
        },
        {
          "Player1": "_against_",
          "Player2": "NickNorman",
          "Result": "0-2-0"
        }
      ]
    },
    {
      "RoundName": "Round 7",
      "Matches": [
        {
          "Player1": "viashinoperuano",
          "Player2": "cat_JAM",
          "Result": "2-0-0"
        },
        {
          "Player1": "Carlinhoss",
          "Player2": "Luminati",
          "Result": "0-2-0"
        },
        {
          "Player1": "AguaTonificada",
          "Player2": "Sailor_Moon",
          "Result": "2-0-0"
        },
        {
          "Player1": "medvedev",
          "Player2": "LuffyDoChapeuDePalha",
          "Result": "0-2-0"
        }
      ]
    },
    {
      "RoundName": "Round 8",
      "Matches": [
        {
          "Player1": "AguaTonificada",
          "Player2": "LuffyDoChapeuDePalha",
          "Result": "2-0-0"
        },
        {
          "Player1": "viashinoperuano",
          "Player2": "Luminati",
          "Result": "0-2-0"
        }
      ]
    },
    {
      "RoundName": "Round 9",
      "Matches": [
        {
          "Player1": "AguaTonificada",
          "Player2": "Luminati",
          "Result": "0-2-0"
        }
      ]
    }
  ],
  "Standings": [
    {
      "Rank": 51,
      "Player": "Gabizynn",
      "Points": 0,
      "Wins": 0,
      "Losses": 0,
      "Draws": 0,
      "OMWP": 0.4,
      "GWP": 0.0909,
      "OGWP": 0.4103
    },
    {
      "Rank": 50,
      "Player": "JaviGM",
      "Points": 0,
      "Wins": 0,
      "Losses": 0,
      "Draws": 0,
      "OMWP": 0.5,
      "GWP": 0.2,
      "OGWP": 0.4813
    },
    {
      "Rank": 49,
      "Player": "Cabz",
      "Points": 0,
      "Wins": 0,
      "Losses": 0,
      "Draws": 0,
      "OMWP": 0.5832999999999999,
      "GWP": 0,
      "OGWP": 0.6
    },
    {
      "Rank": 48,
      "Player": "DobleP",
      "Points": 0,
      "Wins": 0,
      "Losses": 0,
      "Draws": 0,
      "OMWP": 0.6111,
      "GWP": 0.1429,
      "OGWP": 0.5738
    },
    {
      "Rank": 47,
      "Player": "Misplacedginger",
      "Points": 0,
      "Wins": 0,
      "Losses": 0,
      "Draws": 0,
      "OMWP": 0.6667000000000001,
      "GWP": 0,
      "OGWP": 0.6018
    },
    {
      "Rank": 46,
      "Player": "Diem4x",
      "Points": 3,
      "Wins": 0,
      "Losses": 0,
      "Draws": 0,
      "OMWP": 0.4,
      "GWP": 0.25,
      "OGWP": 0.4056
    },
    {
      "Rank": 45,
      "Player": "Brivenix",
      "Points": 3,
      "Wins": 0,
      "Losses": 0,
      "Draws": 0,
      "OMWP": 0.43329999999999996,
      "GWP": 0.35710000000000003,
      "OGWP": 0.4858
    },
    {
      "Rank": 44,
      "Player": "Bawer",
      "Points": 3,
      "Wins": 0,
      "Losses": 0,
      "Draws": 0,
      "OMWP": 0.5417000000000001,
      "GWP": 0.3333,
      "OGWP": 0.5115999999999999
    },
    {
      "Rank": 43,
      "Player": "cre-8",
      "Points": 3,
      "Wins": 0,
      "Losses": 0,
      "Draws": 0,
      "OMWP": 0.5832999999999999,
      "GWP": 0.3333,
      "OGWP": 0.5478000000000001
    },
    {
      "Rank": 42,
      "Player": "EiJunCHN",
      "Points": 3,
      "Wins": 0,
      "Losses": 0,
      "Draws": 0,
      "OMWP": 0.5832999999999999,
      "GWP": 0.3333,
      "OGWP": 0.5501
    },
    {
      "Rank": 41,
      "Player": "Bong0411",
      "Points": 3,
      "Wins": 0,
      "Losses": 0,
      "Draws": 0,
      "OMWP": 0.5832999999999999,
      "GWP": 0.4,
      "OGWP": 0.5362
    },
    {
      "Rank": 40,
      "Player": "stu909090",
      "Points": 3,
      "Wins": 0,
      "Losses": 0,
      "Draws": 0,
      "OMWP": 0.625,
      "GWP": 0.3333,
      "OGWP": 0.5539000000000001
    },
    {
      "Rank": 39,
      "Player": "frostkoorn",
      "Points": 6,
      "Wins": 0,
      "Losses": 0,
      "Draws": 0,
      "OMWP": 0.3667,
      "GWP": 0.3846,
      "OGWP": 0.40299999999999997
    },
    {
      "Rank": 38,
      "Player": "TiagoFuguete",
      "Points": 6,
      "Wins": 0,
      "Losses": 0,
      "Draws": 0,
      "OMWP": 0.44439999999999996,
      "GWP": 0.4286,
      "OGWP": 0.47609999999999997
    },
    {
      "Rank": 37,
      "Player": "CAM_13",
      "Points": 6,
      "Wins": 0,
      "Losses": 0,
      "Draws": 0,
      "OMWP": 0.4667,
      "GWP": 0.3333,
      "OGWP": 0.43170000000000003
    },
    {
      "Rank": 36,
      "Player": "renaar",
      "Points": 6,
      "Wins": 0,
      "Losses": 0,
      "Draws": 0,
      "OMWP": 0.5278,
      "GWP": 0.3333,
      "OGWP": 0.5125
    },
    {
      "Rank": 35,
      "Player": "magikninni1312",
      "Points": 6,
      "Wins": 0,
      "Losses": 0,
      "Draws": 0,
      "OMWP": 0.5278,
      "GWP": 0.35710000000000003,
      "OGWP": 0.4905
    },
    {
      "Rank": 34,
      "Player": "PedraStone",
      "Points": 6,
      "Wins": 0,
      "Losses": 0,
      "Draws": 0,
      "OMWP": 0.5278,
      "GWP": 0.4,
      "OGWP": 0.4885
    },
    {
      "Rank": 33,
      "Player": "JuaKi",
      "Points": 6,
      "Wins": 0,
      "Losses": 0,
      "Draws": 0,
      "OMWP": 0.5278,
      "GWP": 0.4667,
      "OGWP": 0.5322
    },
    {
      "Rank": 32,
      "Player": "_blaze66",
      "Points": 6,
      "Wins": 0,
      "Losses": 0,
      "Draws": 0,
      "OMWP": 0.6111,
      "GWP": 0.4667,
      "OGWP": 0.5371
    },
    {
      "Rank": 31,
      "Player": "_Batutinha_",
      "Points": 9,
      "Wins": 0,
      "Losses": 0,
      "Draws": 0,
      "OMWP": 0.44439999999999996,
      "GWP": 0.5,
      "OGWP": 0.4436
    },
    {
      "Rank": 30,
      "Player": "_Luvi_",
      "Points": 9,
      "Wins": 0,
      "Losses": 0,
      "Draws": 0,
      "OMWP": 0.4722,
      "GWP": 0.4667,
      "OGWP": 0.4549
    },
    {
      "Rank": 29,
      "Player": "clamego",
      "Points": 9,
      "Wins": 0,
      "Losses": 0,
      "Draws": 0,
      "OMWP": 0.5,
      "GWP": 0.46149999999999997,
      "OGWP": 0.5019
    },
    {
      "Rank": 28,
      "Player": "barff",
      "Points": 9,
      "Wins": 0,
      "Losses": 0,
      "Draws": 0,
      "OMWP": 0.5278,
      "GWP": 0.4375,
      "OGWP": 0.556
    },
    {
      "Rank": 27,
      "Player": "Lollopollo2001",
      "Points": 9,
      "Wins": 0,
      "Losses": 0,
      "Draws": 0,
      "OMWP": 0.5278,
      "GWP": 0.5,
      "OGWP": 0.5095000000000001
    },
    {
      "Rank": 26,
      "Player": "Jukel",
      "Points": 9,
      "Wins": 0,
      "Losses": 0,
      "Draws": 0,
      "OMWP": 0.5278,
      "GWP": 0.5625,
      "OGWP": 0.5079
    },
    {
      "Rank": 25,
      "Player": "outZEROo",
      "Points": 9,
      "Wins": 0,
      "Losses": 0,
      "Draws": 0,
      "OMWP": 0.5556,
      "GWP": 0.5,
      "OGWP": 0.5112
    },
    {
      "Rank": 24,
      "Player": "Beicodegeia",
      "Points": 9,
      "Wins": 0,
      "Losses": 0,
      "Draws": 0,
      "OMWP": 0.5556,
      "GWP": 0.5333,
      "OGWP": 0.5092
    },
    {
      "Rank": 23,
      "Player": "wabodabo",
      "Points": 9,
      "Wins": 0,
      "Losses": 0,
      "Draws": 0,
      "OMWP": 0.5556,
      "GWP": 0.5333,
      "OGWP": 0.5257000000000001
    },
    {
      "Rank": 22,
      "Player": "SpockVidaLoka",
      "Points": 9,
      "Wins": 0,
      "Losses": 0,
      "Draws": 0,
      "OMWP": 0.5832999999999999,
      "GWP": 0.5625,
      "OGWP": 0.526
    },
    {
      "Rank": 21,
      "Player": "billsive",
      "Points": 9,
      "Wins": 0,
      "Losses": 0,
      "Draws": 0,
      "OMWP": 0.6111,
      "GWP": 0.5,
      "OGWP": 0.5875
    },
    {
      "Rank": 20,
      "Player": "_against_",
      "Points": 9,
      "Wins": 0,
      "Losses": 0,
      "Draws": 0,
      "OMWP": 0.6111,
      "GWP": 0.5333,
      "OGWP": 0.5688
    },
    {
      "Rank": 19,
      "Player": "Denisevich",
      "Points": 9,
      "Wins": 0,
      "Losses": 0,
      "Draws": 0,
      "OMWP": 0.6667000000000001,
      "GWP": 0.5714,
      "OGWP": 0.5654
    },
    {
      "Rank": 18,
      "Player": "Azurenia_",
      "Points": 12,
      "Wins": 0,
      "Losses": 0,
      "Draws": 0,
      "OMWP": 0.3889,
      "GWP": 0.6429,
      "OGWP": 0.42210000000000003
    },
    {
      "Rank": 17,
      "Player": "Captain_Tsubasa",
      "Points": 12,
      "Wins": 0,
      "Losses": 0,
      "Draws": 0,
      "OMWP": 0.4167,
      "GWP": 0.5625,
      "OGWP": 0.44299999999999995
    },
    {
      "Rank": 16,
      "Player": "SanPop",
      "Points": 12,
      "Wins": 0,
      "Losses": 0,
      "Draws": 0,
      "OMWP": 0.44439999999999996,
      "GWP": 0.5882000000000001,
      "OGWP": 0.4715
    },
    {
      "Rank": 15,
      "Player": "Shulk",
      "Points": 12,
      "Wins": 0,
      "Losses": 0,
      "Draws": 0,
      "OMWP": 0.44439999999999996,
      "GWP": 0.6154,
      "OGWP": 0.4596
    },
    {
      "Rank": 14,
      "Player": "PNascimento",
      "Points": 12,
      "Wins": 0,
      "Losses": 0,
      "Draws": 0,
      "OMWP": 0.5,
      "GWP": 0.6923,
      "OGWP": 0.48719999999999997
    },
    {
      "Rank": 13,
      "Player": "_Tia93_",
      "Points": 12,
      "Wins": 0,
      "Losses": 0,
      "Draws": 0,
      "OMWP": 0.5278,
      "GWP": 0.6,
      "OGWP": 0.513
    },
    {
      "Rank": 12,
      "Player": "NickNorman",
      "Points": 12,
      "Wins": 0,
      "Losses": 0,
      "Draws": 0,
      "OMWP": 0.5333,
      "GWP": 0.5714,
      "OGWP": 0.5343
    },
    {
      "Rank": 11,
      "Player": "oskiyaa",
      "Points": 12,
      "Wins": 0,
      "Losses": 0,
      "Draws": 0,
      "OMWP": 0.5667,
      "GWP": 0.5625,
      "OGWP": 0.5174
    },
    {
      "Rank": 10,
      "Player": "digdude13",
      "Points": 12,
      "Wins": 0,
      "Losses": 0,
      "Draws": 0,
      "OMWP": 0.5832999999999999,
      "GWP": 0.5714,
      "OGWP": 0.5225
    },
    {
      "Rank": 9,
      "Player": "discoverN",
      "Points": 12,
      "Wins": 0,
      "Losses": 0,
      "Draws": 0,
      "OMWP": 0.6389,
      "GWP": 0.5333,
      "OGWP": 0.6036
    },
    {
      "Rank": 8,
      "Player": "Carlinhoss",
      "Points": 12,
      "Wins": 0,
      "Losses": 0,
      "Draws": 0,
      "OMWP": 0.6944,
      "GWP": 0.5625,
      "OGWP": 0.6224000000000001
    },
    {
      "Rank": 7,
      "Player": "medvedev",
      "Points": 15,
      "Wins": 0,
      "Losses": 0,
      "Draws": 0,
      "OMWP": 0.5278,
      "GWP": 0.7333,
      "OGWP": 0.47229999999999994
    },
    {
      "Rank": 6,
      "Player": "cat_JAM",
      "Points": 15,
      "Wins": 0,
      "Losses": 0,
      "Draws": 0,
      "OMWP": 0.5556,
      "GWP": 0.6875,
      "OGWP": 0.5337
    },
    {
      "Rank": 5,
      "Player": "Sailor_Moon",
      "Points": 18,
      "Wins": 0,
      "Losses": 0,
      "Draws": 0,
      "OMWP": 0.6389,
      "GWP": 0.7059000000000001,
      "OGWP": 0.5852
    },
    {
      "Rank": 4,
      "Player": "viashinoperuano",
      "Points": 18,
      "Wins": 0,
      "Losses": 0,
      "Draws": 0,
      "OMWP": 0.5,
      "GWP": 0.625,
      "OGWP": 0.531
    },
    {
      "Rank": 3,
      "Player": "LuffyDoChapeuDePalha",
      "Points": 18,
      "Wins": 0,
      "Losses": 0,
      "Draws": 0,
      "OMWP": 0.5278,
      "GWP": 0.6667000000000001,
      "OGWP": 0.5383
    },
    {
      "Rank": 2,
      "Player": "AguaTonificada",
      "Points": 18,
      "Wins": 0,
      "Losses": 0,
      "Draws": 0,
      "OMWP": 0.6389,
      "GWP": 0.6667000000000001,
      "OGWP": 0.5385
    },
    {
      "Rank": 1,
      "Player": "Luminati",
      "Points": 24,
      "Wins": 0,
      "Losses": 0,
      "Draws": 0,
      "OMWP": 0.6389,
      "GWP": 0.7857,
      "OGWP": 0.5532
    }
  ]
}