{
  "Tournament": {
    "Id": 12801637,
    "Date": "2025-07-04T02:00:00",
    "Name": "Standard Challenge 32",
    "Uri": null,
    "JsonFile": null,
    "ForceRedownload": false
  },
  "Decks": null,
  "Rounds": [
    {
      "RoundName": "Round 1",
      "Matches": [
        {
          "Player1": "numberonenoob",
          "Player2": "bless_von",
          "Result": "0-0-0"
        },
        {
          "Player1": "Pugface",
          "Player2": "GzusReturned",
          "Result": "2-0-0"
        },
        {
          "Player1": "xRagedFurballx",
          "Player2": "Killah_SUV",
          "Result": "0-2-0"
        },
        {
          "Player1": "O_danielakos",
          "Player2": "LuffyDoChapeuDePalha",
          "Result": "0-2-0"
        },
        {
          "Player1": "termidor",
          "Player2": "katuo079595",
          "Result": "0-2-0"
        },
        {
          "Player1": "sandoiche",
          "Player2": "Denisevich",
          "Result": "0-2-0"
        },
        {
          "Player1": "LucasG1ggs",
          "Player2": "SoulStrong",
          "Result": "0-2-0"
        },
        {
          "Player1": "SuperCow12653",
          "Player2": "ShadowTitan1",
          "Result": "2-0-0"
        },
        {
          "Player1": "Cabezadebolo",
          "Player2": "ellectroide",
          "Result": "2-0-0"
        },
        {
          "Player1": "fingers1991",
          "Player2": "devtin",
          "Result": "0-2-0"
        },
        {
          "Player1": "_and_one_",
          "Player2": "TheTaxCollector",
          "Result": "2-0-0"
        },
        {
          "Player1": "Lord_Beerus",
          "Player2": "groot02",
          "Result": "2-0-0"
        },
        {
          "Player1": "Koala40",
          "Player2": "Shulk",
          "Result": "0-2-0"
        },
        {
          "Player1": "selesneal",
          "Player2": "AFitzsimmons",
          "Result": "0-0-0"
        },
        {
          "Player1": "_Siegfried",
          "Player2": "keezles",
          "Result": "0-2-0"
        },
        {
          "Player1": "claudioh",
          "Player2": "taldoitalo",
          "Result": "2-0-0"
        },
        {
          "Player1": "TentacleFan",
          "Player2": "LeoGuedez",
          "Result": "0-2-0"
        },
        {
          "Player1": "Willthepill",
          "Player2": "PedraStone",
          "Result": "0-2-0"
        },
        {
          "Player1": "Arianne",
          "Player2": "thatguy_champ",
          "Result": "0-2-0"
        },
        {
          "Player1": "laa11",
          "Player2": "fuya",
          "Result": "2-0-0"
        },
        {
          "Player1": "kthanakit26",
          "Player2": "peterhmasters",
          "Result": "2-0-0"
        },
        {
          "Player1": "HoldTheElle",
          "Player2": "Raydan",
          "Result": "2-0-0"
        },
        {
          "Player1": "mortadela",
          "Player2": "jakobpablo",
          "Result": "2-0-0"
        },
        {
          "Player1": "FanksEoT",
          "Player2": "chiyou",
          "Result": "2-0-0"
        },
        {
          "Player1": "xfile",
          "Player2": "BitterBozzom",
          "Result": "0-2-0"
        },
        {
          "Player1": "elvin7",
          "Player2": "poogaloo",
          "Result": "0-2-0"
        },
        {
          "Player1": "SoIMBAGallade",
          "Player2": "Snover",
          "Result": "2-0-0"
        }
      ]
    },
    {
      "RoundName": "Round 2",
      "Matches": [
        {
          "Player1": "termidor",
          "Player2": "GzusReturned",
          "Result": "0-2-0"
        },
        {
          "Player1": "laa11",
          "Player2": "keezles",
          "Result": "2-0-0"
        },
        {
          "Player1": "elvin7",
          "Player2": "LucasG1ggs",
          "Result": "2-0-0"
        },
        {
          "Player1": "_and_one_",
          "Player2": "Killah_SUV",
          "Result": "0-0-0"
        },
        {
          "Player1": "fingers1991",
          "Player2": "_Siegfried",
          "Result": "2-0-0"
        },
        {
          "Player1": "Lord_Beerus",
          "Player2": "LuffyDoChapeuDePalha",
          "Result": "0-2-0"
        },
        {
          "Player1": "numberonenoob",
          "Player2": "Raydan",
          "Result": "2-0-0"
        },
        {
          "Player1": "ShadowTitan1",
          "Player2": "ellectroide",
          "Result": "2-0-0"
        },
        {
          "Player1": "fuya",
          "Player2": "jakobpablo",
          "Result": "2-0-0"
        },
        {
          "Player1": "thatguy_champ",
          "Player2": "BitterBozzom",
          "Result": "0-2-0"
        },
        {
          "Player1": "Willthepill",
          "Player2": "AFitzsimmons",
          "Result": "0-2-0"
        },
        {
          "Player1": "SoulStrong",
          "Player2": "Cabezadebolo",
          "Result": "2-0-0"
        },
        {
          "Player1": "SuperCow12653",
          "Player2": "kthanakit26",
          "Result": "0-2-0"
        },
        {
          "Player1": "O_danielakos",
          "Player2": "Snover",
          "Result": "2-0-0"
        },
        {
          "Player1": "poogaloo",
          "Player2": "bless_von",
          "Result": "0-2-0"
        },
        {
          "Player1": "Arianne",
          "Player2": "Koala40",
          "Result": "0-2-0"
        },
        {
          "Player1": "FanksEoT",
          "Player2": "Shulk",
          "Result": "0-2-0"
        },
        {
          "Player1": "HoldTheElle",
          "Player2": "claudioh",
          "Result": "0-2-0"
        },
        {
          "Player1": "SoIMBAGallade",
          "Player2": "katuo079595",
          "Result": "2-0-0"
        },
        {
          "Player1": "devtin",
          "Player2": "PedraStone",
          "Result": "0-2-0"
        },
        {
          "Player1": "sandoiche",
          "Player2": "TentacleFan",
          "Result": "0-0-0"
        },
        {
          "Player1": "mortadela",
          "Player2": "LeoGuedez",
          "Result": "2-0-0"
        },
        {
          "Player1": "TheTaxCollector",
          "Player2": "chiyou",
          "Result": "0-2-0"
        },
        {
          "Player1": "selesneal",
          "Player2": "Denisevich",
          "Result": "0-2-0"
        },
        {
          "Player1": "xfile",
          "Player2": "groot02",
          "Result": "2-0-0"
        },
        {
          "Player1": "xRagedFurballx",
          "Player2": "Pugface",
          "Result": "0-2-0"
        }
      ]
    },
    {
      "RoundName": "Round 3",
      "Matches": [
        {
          "Player1": "Pugface",
          "Player2": "BitterBozzom",
          "Result": "2-0-0"
        },
        {
          "Player1": "_and_one_",
          "Player2": "AFitzsimmons",
          "Result": "2-0-0"
        },
        {
          "Player1": "fuya",
          "Player2": "LeoGuedez",
          "Result": "2-0-0"
        },
        {
          "Player1": "fingers1991",
          "Player2": "thatguy_champ",
          "Result": "2-0-0"
        },
        {
          "Player1": "ShadowTitan1",
          "Player2": "GzusReturned",
          "Result": "2-0-0"
        },
        {
          "Player1": "Koala40",
          "Player2": "taldoitalo",
          "Result": "2-0-0"
        },
        {
          "Player1": "xRagedFurballx",
          "Player2": "Snover",
          "Result": "0-2-0"
        },
        {
          "Player1": "elvin7",
          "Player2": "xfile",
          "Result": "0-2-0"
        },
        {
          "Player1": "SuperCow12653",
          "Player2": "chiyou",
          "Result": "0-2-0"
        },
        {
          "Player1": "katuo079595",
          "Player2": "FanksEoT",
          "Result": "2-0-0"
        },
        {
          "Player1": "_Siegfried",
          "Player2": "ellectroide",
          "Result": "2-0-0"
        },
        {
          "Player1": "laa11",
          "Player2": "Denisevich",
          "Result": "0-2-0"
        },
        {
          "Player1": "HoldTheElle",
          "Player2": "Lord_Beerus",
          "Result": "0-2-0"
        },
        {
          "Player1": "selesneal",
          "Player2": "keezles",
          "Result": "2-0-0"
        },
        {
          "Player1": "SoIMBAGallade",
          "Player2": "bless_von",
          "Result": "0-2-0"
        },
        {
          "Player1": "SoulStrong",
          "Player2": "Killah_SUV",
          "Result": "2-0-0"
        },
        {
          "Player1": "O_danielakos",
          "Player2": "numberonenoob",
          "Result": "2-0-0"
        },
        {
          "Player1": "claudioh",
          "Player2": "PedraStone",
          "Result": "0-0-0"
        },
        {
          "Player1": "sandoiche",
          "Player2": "Cabezadebolo",
          "Result": "0-2-0"
        },
        {
          "Player1": "devtin",
          "Player2": "poogaloo",
          "Result": "2-0-0"
        },
        {
          "Player1": "Arianne",
          "Player2": "TheTaxCollector",
          "Result": "2-0-0"
        },
        {
          "Player1": "kthanakit26",
          "Player2": "Shulk",
          "Result": "0-2-0"
        },
        {
          "Player1": "mortadela",
          "Player2": "LuffyDoChapeuDePalha",
          "Result": "0-2-0"
        }
      ]
    },
    {
      "RoundName": "Round 4",
      "Matches": [
        {
          "Player1": "laa11",
          "Player2": "chiyou",
          "Result": "2-0-0"
        },
        {
          "Player1": "PedraStone",
          "Player2": "Denisevich",
          "Result": "2-0-0"
        },
        {
          "Player1": "bless_von",
          "Player2": "Shulk",
          "Result": "0-2-0"
        },
        {
          "Player1": "fuya",
          "Player2": "Killah_SUV",
          "Result": "0-0-0"
        },
        {
          "Player1": "SoIMBAGallade",
          "Player2": "kthanakit26",
          "Result": "2-0-0"
        },
        {
          "Player1": "claudioh",
          "Player2": "BitterBozzom",
          "Result": "0-2-0"
        },
        {
          "Player1": "katuo079595",
          "Player2": "Pugface",
          "Result": "2-0-0"
        },
        {
          "Player1": "elvin7",
          "Player2": "SuperCow12653",
          "Result": "2-0-0"
        },
        {
          "Player1": "Arianne",
          "Player2": "taldoitalo",
          "Result": "2-0-0"
        },
        {
          "Player1": "fingers1991",
          "Player2": "Cabezadebolo",
          "Result": "0-2-0"
        },
        {
          "Player1": "sandoiche",
          "Player2": "thatguy_champ",
          "Result": "2-0-0"
        },
        {
          "Player1": "xRagedFurballx",
          "Player2": "ellectroide",
          "Result": "2-0-0"
        },
        {
          "Player1": "numberonenoob",
          "Player2": "LeoGuedez",
          "Result": "1-2-0"
        },
        {
          "Player1": "Lord_Beerus",
          "Player2": "ShadowTitan1",
          "Result": "2-0-0"
        },
        {
          "Player1": "SoulStrong",
          "Player2": "LuffyDoChapeuDePalha",
          "Result": "2-0-0"
        },
        {
          "Player1": "O_danielakos",
          "Player2": "Koala40",
          "Result": "2-0-0"
        },
        {
          "Player1": "LucasG1ggs",
          "Player2": "Snover",
          "Result": "2-0-0"
        },
        {
          "Player1": "_Siegfried",
          "Player2": "GzusReturned",
          "Result": "0-2-0"
        },
        {
          "Player1": "xfile",
          "Player2": "AFitzsimmons",
          "Result": "0-2-0"
        },
        {
          "Player1": "mortadela",
          "Player2": "devtin",
          "Result": "0-2-0"
        },
        {
          "Player1": "_and_one_",
          "Player2": "selesneal",
          "Result": "0-2-0"
        }
      ]
    },
    {
      "RoundName": "Round 5",
      "Matches": [
        {
          "Player1": "laa11",
          "Player2": "Cabezadebolo",
          "Result": "2-0-0"
        },
        {
          "Player1": "fuya",
          "Player2": "AFitzsimmons",
          "Result": "2-0-0"
        },
        {
          "Player1": "SoulStrong",
          "Player2": "PedraStone",
          "Result": "2-0-0"
        },
        {
          "Player1": "LuffyDoChapeuDePalha",
          "Player2": "BitterBozzom",
          "Result": "2-0-0"
        },
        {
          "Player1": "mortadela",
          "Player2": "Killah_SUV",
          "Result": "0-2-0"
        },
        {
          "Player1": "claudioh",
          "Player2": "ShadowTitan1",
          "Result": "2-0-0"
        },
        {
          "Player1": "chiyou",
          "Player2": "GzusReturned",
          "Result": "0-2-0"
        },
        {
          "Player1": "katuo079595",
          "Player2": "bless_von",
          "Result": "0-2-0"
        },
        {
          "Player1": "numberonenoob",
          "Player2": "Snover",
          "Result": "0-2-0"
        },
        {
          "Player1": "fingers1991",
          "Player2": "kthanakit26",
          "Result": "0-0-0"
        },
        {
          "Player1": "SuperCow12653",
          "Player2": "xRagedFurballx",
          "Result": "2-0-0"
        },
        {
          "Player1": "taldoitalo",
          "Player2": "thatguy_champ",
          "Result": "0-0-0"
        },
        {
          "Player1": "Pugface",
          "Player2": "Shulk",
          "Result": "2-0-0"
        },
        {
          "Player1": "devtin",
          "Player2": "O_danielakos",
          "Result": "0-2-0"
        },
        {
          "Player1": "LucasG1ggs",
          "Player2": "Arianne",
          "Result": "2-0-0"
        },
        {
          "Player1": "elvin7",
          "Player2": "_and_one_",
          "Result": "0-0-0"
        },
        {
          "Player1": "SoIMBAGallade",
          "Player2": "selesneal",
          "Result": "0-2-0"
        },
        {
          "Player1": "Koala40",
          "Player2": "LeoGuedez",
          "Result": "2-0-0"
        },
        {
          "Player1": "sandoiche",
          "Player2": "xfile",
          "Result": "0-2-0"
        },
        {
          "Player1": "Lord_Beerus",
          "Player2": "Denisevich",
          "Result": "2-0-0"
        }
      ]
    },
    {
      "RoundName": "Round 6",
      "Matches": [
        {
          "Player1": "SoIMBAGallade",
          "Player2": "claudioh",
          "Result": "0-2-0"
        },
        {
          "Player1": "fingers1991",
          "Player2": "LeoGuedez",
          "Result": "2-0-0"
        },
        {
          "Player1": "_and_one_",
          "Player2": "Snover",
          "Result": "2-0-0"
        },
        {
          "Player1": "selesneal",
          "Player2": "Lord_Beerus",
          "Result": "0-0-0"
        },
        {
          "Player1": "elvin7",
          "Player2": "Koala40",
          "Result": "0-2-0"
        },
        {
          "Player1": "bless_von",
          "Player2": "O_danielakos",
          "Result": "0-2-0"
        },
        {
          "Player1": "fuya",
          "Player2": "GzusReturned",
          "Result": "0-2-0"
        },
        {
          "Player1": "Arianne",
          "Player2": "AFitzsimmons",
          "Result": "0-2-0"
        },
        {
          "Player1": "laa11",
          "Player2": "Pugface",
          "Result": "2-0-0"
        },
        {
          "Player1": "SoulStrong",
          "Player2": "Shulk",
          "Result": "0-2-0"
        },
        {
          "Player1": "kthanakit26",
          "Player2": "Cabezadebolo",
          "Result": "0-2-0"
        },
        {
          "Player1": "devtin",
          "Player2": "xfile",
          "Result": "0-2-0"
        },
        {
          "Player1": "Killah_SUV",
          "Player2": "PedraStone",
          "Result": "2-0-0"
        },
        {
          "Player1": "LucasG1ggs",
          "Player2": "BitterBozzom",
          "Result": "2-0-0"
        },
        {
          "Player1": "SuperCow12653",
          "Player2": "taldoitalo",
          "Result": "2-0-0"
        },
        {
          "Player1": "ShadowTitan1",
          "Player2": "chiyou",
          "Result": "0-0-0"
        },
        {
          "Player1": "katuo079595",
          "Player2": "LuffyDoChapeuDePalha",
          "Result": "2-0-0"
        }
      ]
    },
    {
      "RoundName": "Round 7",
      "Matches": [
        {
          "Player1": "LuffyDoChapeuDePalha",
          "Player2": "Shulk",
          "Result": "0-2-0"
        },
        {
          "Player1": "O_danielakos",
          "Player2": "Killah_SUV",
          "Result": "0-0-0"
        },
        {
          "Player1": "laa11",
          "Player2": "Lord_Beerus",
          "Result": "0-2-0"
        },
        {
          "Player1": "SoulStrong",
          "Player2": "Pugface",
          "Result": "0-2-0"
        }
      ]
    },
    {
      "RoundName": "Round 8",
      "Matches": [
        {
          "Player1": "Pugface",
          "Player2": "Killah_SUV",
          "Result": "0-2-0"
        },
        {
          "Player1": "Lord_Beerus",
          "Player2": "Shulk",
          "Result": "0-0-0"
        }
      ]
    },
    {
      "RoundName": "Round 9",
      "Matches": [
        {
          "Player1": "Lord_Beerus",
          "Player2": "Killah_SUV",
          "Result": "2-0-0"
        }
      ]
    }
  ],
  "Standings": [
    {
      "Rank": 54,
      "Player": "Raydan",
      "Points": 0,
      "Wins": 0,
      "Losses": 0,
      "Draws": 0,
      "OMWP": 0.3333,
      "GWP": 0,
      "OGWP": 0.359
    },
    {
      "Rank": 53,
      "Player": "TentacleFan",
      "Points": 0,
      "Wins": 0,
      "Losses": 0,
      "Draws": 0,
      "OMWP": 0.3667,
      "GWP": 0.3333,
      "OGWP": 0.37979999999999997
    },
    {
      "Rank": 52,
      "Player": "ellectroide",
      "Points": 0,
      "Wins": 0,
      "Losses": 0,
      "Draws": 0,
      "OMWP": 0.4167,
      "GWP": 0.11109999999999999,
      "OGWP": 0.4389
    },
    {
      "Rank": 51,
      "Player": "TheTaxCollector",
      "Points": 0,
      "Wins": 0,
      "Losses": 0,
      "Draws": 0,
      "OMWP": 0.44439999999999996,
      "GWP": 0,
      "OGWP": 0.45039999999999997
    },
    {
      "Rank": 50,
      "Player": "jakobpablo",
      "Points": 0,
      "Wins": 0,
      "Losses": 0,
      "Draws": 0,
      "OMWP": 0.45,
      "GWP": 0.2,
      "OGWP": 0.4643
    },
    {
      "Rank": 49,
      "Player": "peterhmasters",
      "Points": 0,
      "Wins": 0,
      "Losses": 0,
      "Draws": 0,
      "OMWP": 0.5,
      "GWP": 0,
      "OGWP": 0.5
    },
    {
      "Rank": 48,
      "Player": "Willthepill",
      "Points": 0,
      "Wins": 0,
      "Losses": 0,
      "Draws": 0,
      "OMWP": 0.5832999999999999,
      "GWP": 0.2,
      "OGWP": 0.6109
    },
    {
      "Rank": 47,
      "Player": "termidor",
      "Points": 0,
      "Wins": 0,
      "Losses": 0,
      "Draws": 0,
      "OMWP": 0.6667000000000001,
      "GWP": 0.2,
      "OGWP": 0.6125
    },
    {
      "Rank": 46,
      "Player": "groot02",
      "Points": 0,
      "Wins": 0,
      "Losses": 0,
      "Draws": 0,
      "OMWP": 0.75,
      "GWP": 0.2,
      "OGWP": 0.7179000000000001
    },
    {
      "Rank": 45,
      "Player": "thatguy_champ",
      "Points": 3,
      "Wins": 0,
      "Losses": 0,
      "Draws": 0,
      "OMWP": 0.4133,
      "GWP": 0.2727,
      "OGWP": 0.4374
    },
    {
      "Rank": 44,
      "Player": "_Siegfried",
      "Points": 3,
      "Wins": 0,
      "Losses": 0,
      "Draws": 0,
      "OMWP": 0.4583,
      "GWP": 0.3333,
      "OGWP": 0.44789999999999996
    },
    {
      "Rank": 43,
      "Player": "numberonenoob",
      "Points": 3,
      "Wins": 0,
      "Losses": 0,
      "Draws": 0,
      "OMWP": 0.5,
      "GWP": 0.3846,
      "OGWP": 0.4772
    },
    {
      "Rank": 42,
      "Player": "poogaloo",
      "Points": 3,
      "Wins": 0,
      "Losses": 0,
      "Draws": 0,
      "OMWP": 0.5556,
      "GWP": 0.375,
      "OGWP": 0.5294
    },
    {
      "Rank": 41,
      "Player": "HoldTheElle",
      "Points": 3,
      "Wins": 0,
      "Losses": 0,
      "Draws": 0,
      "OMWP": 0.6111,
      "GWP": 0.3333,
      "OGWP": 0.5453
    },
    {
      "Rank": 40,
      "Player": "keezles",
      "Points": 3,
      "Wins": 0,
      "Losses": 0,
      "Draws": 0,
      "OMWP": 0.6111,
      "GWP": 0.3333,
      "OGWP": 0.5543
    },
    {
      "Rank": 39,
      "Player": "FanksEoT",
      "Points": 3,
      "Wins": 0,
      "Losses": 0,
      "Draws": 0,
      "OMWP": 0.6667000000000001,
      "GWP": 0.44439999999999996,
      "OGWP": 0.5847
    },
    {
      "Rank": 38,
      "Player": "LeoGuedez",
      "Points": 6,
      "Wins": 0,
      "Losses": 0,
      "Draws": 0,
      "OMWP": 0.4556,
      "GWP": 0.375,
      "OGWP": 0.4578
    },
    {
      "Rank": 37,
      "Player": "Arianne",
      "Points": 6,
      "Wins": 0,
      "Losses": 0,
      "Draws": 0,
      "OMWP": 0.4722,
      "GWP": 0.3846,
      "OGWP": 0.4607
    },
    {
      "Rank": 36,
      "Player": "taldoitalo",
      "Points": 6,
      "Wins": 0,
      "Losses": 0,
      "Draws": 0,
      "OMWP": 0.5,
      "GWP": 0.3846,
      "OGWP": 0.4703
    },
    {
      "Rank": 35,
      "Player": "sandoiche",
      "Points": 6,
      "Wins": 0,
      "Losses": 0,
      "Draws": 0,
      "OMWP": 0.52,
      "GWP": 0.3846,
      "OGWP": 0.5067
    },
    {
      "Rank": 34,
      "Player": "Snover",
      "Points": 6,
      "Wins": 0,
      "Losses": 0,
      "Draws": 0,
      "OMWP": 0.5278,
      "GWP": 0.375,
      "OGWP": 0.5167
    },
    {
      "Rank": 33,
      "Player": "xRagedFurballx",
      "Points": 6,
      "Wins": 0,
      "Losses": 0,
      "Draws": 0,
      "OMWP": 0.5333,
      "GWP": 0.3846,
      "OGWP": 0.4917
    },
    {
      "Rank": 32,
      "Player": "mortadela",
      "Points": 6,
      "Wins": 0,
      "Losses": 0,
      "Draws": 0,
      "OMWP": 0.5333,
      "GWP": 0.4286,
      "OGWP": 0.4886
    },
    {
      "Rank": 31,
      "Player": "ShadowTitan1",
      "Points": 6,
      "Wins": 0,
      "Losses": 0,
      "Draws": 0,
      "OMWP": 0.5832999999999999,
      "GWP": 0.4375,
      "OGWP": 0.5379
    },
    {
      "Rank": 30,
      "Player": "SuperCow12653",
      "Points": 9,
      "Wins": 0,
      "Losses": 0,
      "Draws": 0,
      "OMWP": 0.4167,
      "GWP": 0.5,
      "OGWP": 0.4511
    },
    {
      "Rank": 29,
      "Player": "fingers1991",
      "Points": 9,
      "Wins": 0,
      "Losses": 0,
      "Draws": 0,
      "OMWP": 0.44439999999999996,
      "GWP": 0.5,
      "OGWP": 0.4347
    },
    {
      "Rank": 28,
      "Player": "chiyou",
      "Points": 9,
      "Wins": 0,
      "Losses": 0,
      "Draws": 0,
      "OMWP": 0.5,
      "GWP": 0.4667,
      "OGWP": 0.5091
    },
    {
      "Rank": 27,
      "Player": "AFitzsimmons",
      "Points": 9,
      "Wins": 0,
      "Losses": 0,
      "Draws": 0,
      "OMWP": 0.5,
      "GWP": 0.5294,
      "OGWP": 0.5
    },
    {
      "Rank": 26,
      "Player": "_and_one_",
      "Points": 9,
      "Wins": 0,
      "Losses": 0,
      "Draws": 0,
      "OMWP": 0.5278,
      "GWP": 0.5,
      "OGWP": 0.5019
    },
    {
      "Rank": 25,
      "Player": "kthanakit26",
      "Points": 9,
      "Wins": 0,
      "Losses": 0,
      "Draws": 0,
      "OMWP": 0.5556,
      "GWP": 0.5,
      "OGWP": 0.5257000000000001
    },
    {
      "Rank": 24,
      "Player": "elvin7",
      "Points": 9,
      "Wins": 0,
      "Losses": 0,
      "Draws": 0,
      "OMWP": 0.5556,
      "GWP": 0.5333,
      "OGWP": 0.5375
    },
    {
      "Rank": 23,
      "Player": "devtin",
      "Points": 9,
      "Wins": 0,
      "Losses": 0,
      "Draws": 0,
      "OMWP": 0.5667,
      "GWP": 0.4667,
      "OGWP": 0.5628
    },
    {
      "Rank": 22,
      "Player": "fuya",
      "Points": 9,
      "Wins": 0,
      "Losses": 0,
      "Draws": 0,
      "OMWP": 0.5832999999999999,
      "GWP": 0.5,
      "OGWP": 0.5337
    },
    {
      "Rank": 21,
      "Player": "SoIMBAGallade",
      "Points": 9,
      "Wins": 0,
      "Losses": 0,
      "Draws": 0,
      "OMWP": 0.5832999999999999,
      "GWP": 0.5333,
      "OGWP": 0.5353
    },
    {
      "Rank": 20,
      "Player": "BitterBozzom",
      "Points": 9,
      "Wins": 0,
      "Losses": 0,
      "Draws": 0,
      "OMWP": 0.6111,
      "GWP": 0.5333,
      "OGWP": 0.5640999999999999
    },
    {
      "Rank": 19,
      "Player": "Denisevich",
      "Points": 9,
      "Wins": 0,
      "Losses": 0,
      "Draws": 0,
      "OMWP": 0.68,
      "GWP": 0.6,
      "OGWP": 0.6352
    },
    {
      "Rank": 18,
      "Player": "claudioh",
      "Points": 12,
      "Wins": 0,
      "Losses": 0,
      "Draws": 0,
      "OMWP": 0.44439999999999996,
      "GWP": 0.5333,
      "OGWP": 0.4857
    },
    {
      "Rank": 17,
      "Player": "GzusReturned",
      "Points": 12,
      "Wins": 0,
      "Losses": 0,
      "Draws": 0,
      "OMWP": 0.44439999999999996,
      "GWP": 0.625,
      "OGWP": 0.4493
    },
    {
      "Rank": 16,
      "Player": "xfile",
      "Points": 12,
      "Wins": 0,
      "Losses": 0,
      "Draws": 0,
      "OMWP": 0.4556,
      "GWP": 0.6667000000000001,
      "OGWP": 0.46340000000000003
    },
    {
      "Rank": 15,
      "Player": "LucasG1ggs",
      "Points": 12,
      "Wins": 0,
      "Losses": 0,
      "Draws": 0,
      "OMWP": 0.5,
      "GWP": 0.5832999999999999,
      "OGWP": 0.4986
    },
    {
      "Rank": 14,
      "Player": "Koala40",
      "Points": 12,
      "Wins": 0,
      "Losses": 0,
      "Draws": 0,
      "OMWP": 0.5278,
      "GWP": 0.6,
      "OGWP": 0.5132
    },
    {
      "Rank": 13,
      "Player": "katuo079595",
      "Points": 12,
      "Wins": 0,
      "Losses": 0,
      "Draws": 0,
      "OMWP": 0.5278,
      "GWP": 0.6,
      "OGWP": 0.5279
    },
    {
      "Rank": 12,
      "Player": "selesneal",
      "Points": 12,
      "Wins": 0,
      "Losses": 0,
      "Draws": 0,
      "OMWP": 0.5444,
      "GWP": 0.6154,
      "OGWP": 0.5442
    },
    {
      "Rank": 11,
      "Player": "Cabezadebolo",
      "Points": 12,
      "Wins": 0,
      "Losses": 0,
      "Draws": 0,
      "OMWP": 0.5667,
      "GWP": 0.6,
      "OGWP": 0.5165
    },
    {
      "Rank": 10,
      "Player": "bless_von",
      "Points": 12,
      "Wins": 0,
      "Losses": 0,
      "Draws": 0,
      "OMWP": 0.5832999999999999,
      "GWP": 0.5882000000000001,
      "OGWP": 0.5490999999999999
    },
    {
      "Rank": 9,
      "Player": "PedraStone",
      "Points": 12,
      "Wins": 0,
      "Losses": 0,
      "Draws": 0,
      "OMWP": 0.6278,
      "GWP": 0.6923,
      "OGWP": 0.5375
    },
    {
      "Rank": 8,
      "Player": "LuffyDoChapeuDePalha",
      "Points": 12,
      "Wins": 0,
      "Losses": 0,
      "Draws": 0,
      "OMWP": 0.6778,
      "GWP": 0.6429,
      "OGWP": 0.6187
    },
    {
      "Rank": 7,
      "Player": "O_danielakos",
      "Points": 15,
      "Wins": 0,
      "Losses": 0,
      "Draws": 0,
      "OMWP": 0.5278,
      "GWP": 0.7143,
      "OGWP": 0.5096
    },
    {
      "Rank": 6,
      "Player": "laa11",
      "Points": 15,
      "Wins": 0,
      "Losses": 0,
      "Draws": 0,
      "OMWP": 0.5444,
      "GWP": 0.7143,
      "OGWP": 0.5207999999999999
    },
    {
      "Rank": 5,
      "Player": "SoulStrong",
      "Points": 15,
      "Wins": 0,
      "Losses": 0,
      "Draws": 0,
      "OMWP": 0.7222,
      "GWP": 0.6667000000000001,
      "OGWP": 0.6385000000000001
    },
    {
      "Rank": 4,
      "Player": "Pugface",
      "Points": 15,
      "Wins": 0,
      "Losses": 0,
      "Draws": 0,
      "OMWP": 0.6389,
      "GWP": 0.625,
      "OGWP": 0.5908
    },
    {
      "Rank": 3,
      "Player": "Shulk",
      "Points": 18,
      "Wins": 0,
      "Losses": 0,
      "Draws": 0,
      "OMWP": 0.6111,
      "GWP": 0.6875,
      "OGWP": 0.5707
    },
    {
      "Rank": 2,
      "Player": "Killah_SUV",
      "Points": 21,
      "Wins": 0,
      "Losses": 0,
      "Draws": 0,
      "OMWP": 0.5389,
      "GWP": 0.625,
      "OGWP": 0.5287
    },
    {
      "Rank": 1,
      "Player": "Lord_Beerus",
      "Points": 24,
      "Wins": 0,
      "Losses": 0,
      "Draws": 0,
      "OMWP": 0.4889,
      "GWP": 0.7692,
      "OGWP": 0.49369999999999997
    }
  ]
}