{
  "Tournament": {
    "Id": 12801735,
    "Date": "2025-07-04T03:30:00",
    "Name": "Vintage Cube 64-Player Elimination Draft",
    "Uri": null,
    "JsonFile": null,
    "ForceRedownload": false
  },
  "Decks": null,
  "Rounds": [
    {
      "RoundName": "Round 1",
      "Matches": [
        {
          "Player1": "Aelyck",
          "Player2": "sammy0506",
          "Result": "0-0-0"
        },
        {
          "Player1": "Vequinox",
          "Player2": "Monowog",
          "Result": "0-2-0"
        },
        {
          "Player1": "jacobricher",
          "Player2": "MikeMarmitas",
          "Result": "2-0-0"
        },
        {
          "Player1": "ModernMax",
          "Player2": "mehdids",
          "Result": "2-0-0"
        },
        {
          "Player1": "kthanakit26",
          "Player2": "glyra",
          "Result": "2-0-0"
        },
        {
          "Player1": "CJswoosh23",
          "Player2": "Lumbalgic",
          "Result": "2-0-0"
        },
        {
          "Player1": "S7ra7egis7",
          "Player2": "Jk-kruger",
          "Result": "0-2-0"
        },
        {
          "Player1": "LivDeD",
          "Player2": "taldoitalo",
          "Result": "2-0-0"
        },
        {
          "Player1": "grumart",
          "Player2": "mehanske",
          "Result": "2-0-0"
        },
        {
          "Player1": "BARNYARD",
          "Player2": "cya_later_stinky",
          "Result": "2-0-0"
        },
        {
          "Player1": "iruleoverkittens",
          "Player2": "ResponsiblyStupid",
          "Result": "0-2-0"
        },
        {
          "Player1": "wockaflocka",
          "Player2": "LukeBrandes",
          "Result": "0-0-0"
        },
        {
          "Player1": "bless_von",
          "Player2": "quintan",
          "Result": "0-0-0"
        },
        {
          "Player1": "Finespoo",
          "Player2": "DarkBone",
          "Result": "2-0-0"
        },
        {
          "Player1": "R3tr0sp3ct",
          "Player2": "Tagerus",
          "Result": "0-2-0"
        },
        {
          "Player1": "GuyTheGuy",
          "Player2": "fabbebil",
          "Result": "0-2-0"
        },
        {
          "Player1": "jjt18",
          "Player2": "Shadowz2005",
          "Result": "2-0-0"
        },
        {
          "Player1": "TheAdonis",
          "Player2": "Viatt",
          "Result": "2-0-0"
        },
        {
          "Player1": "Larry11",
          "Player2": "crome4",
          "Result": "0-2-0"
        },
        {
          "Player1": "Zonast",
          "Player2": "wrightnick",
          "Result": "0-2-0"
        },
        {
          "Player1": "thatMagic",
          "Player2": "_and_one_",
          "Result": "0-2-0"
        },
        {
          "Player1": "moon11",
          "Player2": "badgods",
          "Result": "2-0-0"
        },
        {
          "Player1": "Bosley",
          "Player2": "il_matagatto",
          "Result": "0-0-0"
        },
        {
          "Player1": "Stealthmagician",
          "Player2": "erfshake",
          "Result": "2-0-0"
        },
        {
          "Player1": "alicoco",
          "Player2": "Killah_SUV",
          "Result": "2-0-0"
        },
        {
          "Player1": "Trewest",
          "Player2": "nose_strips",
          "Result": "0-2-0"
        },
        {
          "Player1": "elvin7",
          "Player2": "geekyjackson",
          "Result": "0-2-0"
        },
        {
          "Player1": "Cybertron2",
          "Player2": "egadd2894",
          "Result": "0-2-0"
        },
        {
          "Player1": "sandydogmtg",
          "Player2": "Mumz",
          "Result": "0-2-0"
        },
        {
          "Player1": "rrrn22",
          "Player2": "StoneColdSteveAustin",
          "Result": "2-0-0"
        },
        {
          "Player1": "WUBRGers",
          "Player2": "TyG_",
          "Result": "0-0-0"
        },
        {
          "Player1": "RandomOctopus",
          "Player2": "MdvWin",
          "Result": "0-0-0"
        }
      ]
    },
    {
      "RoundName": "Round 2",
      "Matches": [
        {
          "Player1": "Finespoo",
          "Player2": "jacobricher",
          "Result": "0-2-0"
        },
        {
          "Player1": "egadd2894",
          "Player2": "sammy0506",
          "Result": "2-0-0"
        },
        {
          "Player1": "alicoco",
          "Player2": "ResponsiblyStupid",
          "Result": "0-2-0"
        },
        {
          "Player1": "TheAdonis",
          "Player2": "RandomOctopus",
          "Result": "0-2-0"
        },
        {
          "Player1": "moon11",
          "Player2": "nose_strips",
          "Result": "0-2-0"
        },
        {
          "Player1": "Bosley",
          "Player2": "Tagerus",
          "Result": "2-0-0"
        },
        {
          "Player1": "grumart",
          "Player2": "Jk-kruger",
          "Result": "2-0-0"
        },
        {
          "Player1": "ModernMax",
          "Player2": "kthanakit26",
          "Result": "0-2-0"
        },
        {
          "Player1": "Monowog",
          "Player2": "LukeBrandes",
          "Result": "0-2-0"
        },
        {
          "Player1": "Stealthmagician",
          "Player2": "Mumz",
          "Result": "2-0-0"
        },
        {
          "Player1": "LivDeD",
          "Player2": "crome4",
          "Result": "0-2-0"
        },
        {
          "Player1": "CJswoosh23",
          "Player2": "wrightnick",
          "Result": "2-0-0"
        },
        {
          "Player1": "jjt18",
          "Player2": "fabbebil",
          "Result": "2-0-0"
        },
        {
          "Player1": "BARNYARD",
          "Player2": "geekyjackson",
          "Result": "0-2-0"
        },
        {
          "Player1": "rrrn22",
          "Player2": "quintan",
          "Result": "0-2-0"
        },
        {
          "Player1": "_and_one_",
          "Player2": "TyG_",
          "Result": "2-0-0"
        }
      ]
    },
    {
      "RoundName": "Round 3",
      "Matches": [
        {
          "Player1": "quintan",
          "Player2": "crome4",
          "Result": "2-0-0"
        },
        {
          "Player1": "_and_one_",
          "Player2": "kthanakit26",
          "Result": "0-2-0"
        },
        {
          "Player1": "RandomOctopus",
          "Player2": "grumart",
          "Result": "0-2-0"
        },
        {
          "Player1": "jacobricher",
          "Player2": "nose_strips",
          "Result": "0-2-0"
        },
        {
          "Player1": "geekyjackson",
          "Player2": "ResponsiblyStupid",
          "Result": "2-0-0"
        },
        {
          "Player1": "jjt18",
          "Player2": "Bosley",
          "Result": "2-0-0"
        },
        {
          "Player1": "egadd2894",
          "Player2": "LukeBrandes",
          "Result": "2-0-0"
        },
        {
          "Player1": "CJswoosh23",
          "Player2": "Stealthmagician",
          "Result": "0-2-0"
        }
      ]
    },
    {
      "RoundName": "Round 4",
      "Matches": [
        {
          "Player1": "geekyjackson",
          "Player2": "kthanakit26",
          "Result": "0-2-0"
        },
        {
          "Player1": "egadd2894",
          "Player2": "jjt18",
          "Result": "0-2-0"
        },
        {
          "Player1": "Stealthmagician",
          "Player2": "quintan",
          "Result": "2-0-0"
        },
        {
          "Player1": "grumart",
          "Player2": "nose_strips",
          "Result": "0-2-0"
        }
      ]
    },
    {
      "RoundName": "Round 5",
      "Matches": [
        {
          "Player1": "Stealthmagician",
          "Player2": "nose_strips",
          "Result": "0-2-0"
        },
        {
          "Player1": "jjt18",
          "Player2": "kthanakit26",
          "Result": "2-0-0"
        }
      ]
    },
    {
      "RoundName": "Round 6",
      "Matches": [
        {
          "Player1": "jjt18",
          "Player2": "nose_strips",
          "Result": "2-0-0"
        }
      ]
    }
  ],
  "Standings": [
    {
      "Rank": 64,
      "Player": "badgods",
      "Points": 0,
      "Wins": 0,
      "Losses": 0,
      "Draws": 0,
      "OMWP": 0,
      "GWP": 0,
      "OGWP": 0
    },
    {
      "Rank": 63,
      "Player": "Killah_SUV",
      "Points": 0,
      "Wins": 0,
      "Losses": 0,
      "Draws": 0,
      "OMWP": 0,
      "GWP": 0,
      "OGWP": 0
    },
    {
      "Rank": 62,
      "Player": "R3tr0sp3ct",
      "Points": 0,
      "Wins": 0,
      "Losses": 0,
      "Draws": 0,
      "OMWP": 0,
      "GWP": 0,
      "OGWP": 0
    },
    {
      "Rank": 61,
      "Player": "Zonast",
      "Points": 0,
      "Wins": 0,
      "Losses": 0,
      "Draws": 0,
      "OMWP": 0,
      "GWP": 0,
      "OGWP": 0
    },
    {
      "Rank": 60,
      "Player": "WUBRGers",
      "Points": 0,
      "Wins": 0,
      "Losses": 0,
      "Draws": 0,
      "OMWP": 0,
      "GWP": 0,
      "OGWP": 0
    },
    {
      "Rank": 59,
      "Player": "S7ra7egis7",
      "Points": 0,
      "Wins": 0,
      "Losses": 0,
      "Draws": 0,
      "OMWP": 0,
      "GWP": 0,
      "OGWP": 0
    },
    {
      "Rank": 58,
      "Player": "sandydogmtg",
      "Points": 0,
      "Wins": 0,
      "Losses": 0,
      "Draws": 0,
      "OMWP": 0,
      "GWP": 0,
      "OGWP": 0
    },
    {
      "Rank": 57,
      "Player": "StoneColdSteveAustin",
      "Points": 0,
      "Wins": 0,
      "Losses": 0,
      "Draws": 0,
      "OMWP": 0,
      "GWP": 0,
      "OGWP": 0
    },
    {
      "Rank": 56,
      "Player": "taldoitalo",
      "Points": 0,
      "Wins": 0,
      "Losses": 0,
      "Draws": 0,
      "OMWP": 0,
      "GWP": 0,
      "OGWP": 0
    },
    {
      "Rank": 55,
      "Player": "mehdids",
      "Points": 0,
      "Wins": 0,
      "Losses": 0,
      "Draws": 0,
      "OMWP": 0,
      "GWP": 0,
      "OGWP": 0
    },
    {
      "Rank": 54,
      "Player": "GuyTheGuy",
      "Points": 0,
      "Wins": 0,
      "Losses": 0,
      "Draws": 0,
      "OMWP": 0,
      "GWP": 0,
      "OGWP": 0
    },
    {
      "Rank": 53,
      "Player": "Viatt",
      "Points": 0,
      "Wins": 0,
      "Losses": 0,
      "Draws": 0,
      "OMWP": 0,
      "GWP": 0,
      "OGWP": 0
    },
    {
      "Rank": 52,
      "Player": "cya_later_stinky",
      "Points": 0,
      "Wins": 0,
      "Losses": 0,
      "Draws": 0,
      "OMWP": 0,
      "GWP": 0,
      "OGWP": 0
    },
    {
      "Rank": 51,
      "Player": "Aelyck",
      "Points": 0,
      "Wins": 0,
      "Losses": 0,
      "Draws": 0,
      "OMWP": 0,
      "GWP": 0,
      "OGWP": 0
    },
    {
      "Rank": 50,
      "Player": "Vequinox",
      "Points": 0,
      "Wins": 0,
      "Losses": 0,
      "Draws": 0,
      "OMWP": 0,
      "GWP": 0,
      "OGWP": 0
    },
    {
      "Rank": 49,
      "Player": "DarkBone",
      "Points": 0,
      "Wins": 0,
      "Losses": 0,
      "Draws": 0,
      "OMWP": 0,
      "GWP": 0,
      "OGWP": 0
    },
    {
      "Rank": 48,
      "Player": "Larry11",
      "Points": 0,
      "Wins": 0,
      "Losses": 0,
      "Draws": 0,
      "OMWP": 0,
      "GWP": 0,
      "OGWP": 0
    },
    {
      "Rank": 47,
      "Player": "MdvWin",
      "Points": 0,
      "Wins": 0,
      "Losses": 0,
      "Draws": 0,
      "OMWP": 0,
      "GWP": 0,
      "OGWP": 0
    },
    {
      "Rank": 46,
      "Player": "il_matagatto",
      "Points": 0,
      "Wins": 0,
      "Losses": 0,
      "Draws": 0,
      "OMWP": 0,
      "GWP": 0,
      "OGWP": 0
    },
    {
      "Rank": 45,
      "Player": "MikeMarmitas",
      "Points": 0,
      "Wins": 0,
      "Losses": 0,
      "Draws": 0,
      "OMWP": 0,
      "GWP": 0,
      "OGWP": 0
    },
    {
      "Rank": 44,
      "Player": "wockaflocka",
      "Points": 0,
      "Wins": 0,
      "Losses": 0,
      "Draws": 0,
      "OMWP": 0,
      "GWP": 0,
      "OGWP": 0
    },
    {
      "Rank": 43,
      "Player": "thatMagic",
      "Points": 0,
      "Wins": 0,
      "Losses": 0,
      "Draws": 0,
      "OMWP": 0,
      "GWP": 0,
      "OGWP": 0
    },
    {
      "Rank": 42,
      "Player": "Lumbalgic",
      "Points": 0,
      "Wins": 0,
      "Losses": 0,
      "Draws": 0,
      "OMWP": 0,
      "GWP": 0,
      "OGWP": 0
    },
    {
      "Rank": 41,
      "Player": "iruleoverkittens",
      "Points": 0,
      "Wins": 0,
      "Losses": 0,
      "Draws": 0,
      "OMWP": 0,
      "GWP": 0,
      "OGWP": 0
    },
    {
      "Rank": 40,
      "Player": "mehanske",
      "Points": 0,
      "Wins": 0,
      "Losses": 0,
      "Draws": 0,
      "OMWP": 0,
      "GWP": 0,
      "OGWP": 0
    },
    {
      "Rank": 39,
      "Player": "glyra",
      "Points": 0,
      "Wins": 0,
      "Losses": 0,
      "Draws": 0,
      "OMWP": 0,
      "GWP": 0,
      "OGWP": 0
    },
    {
      "Rank": 38,
      "Player": "erfshake",
      "Points": 0,
      "Wins": 0,
      "Losses": 0,
      "Draws": 0,
      "OMWP": 0,
      "GWP": 0,
      "OGWP": 0
    },
    {
      "Rank": 37,
      "Player": "Trewest",
      "Points": 0,
      "Wins": 0,
      "Losses": 0,
      "Draws": 0,
      "OMWP": 0,
      "GWP": 0,
      "OGWP": 0
    },
    {
      "Rank": 36,
      "Player": "elvin7",
      "Points": 0,
      "Wins": 0,
      "Losses": 0,
      "Draws": 0,
      "OMWP": 0,
      "GWP": 0,
      "OGWP": 0
    },
    {
      "Rank": 35,
      "Player": "Cybertron2",
      "Points": 0,
      "Wins": 0,
      "Losses": 0,
      "Draws": 0,
      "OMWP": 0,
      "GWP": 0,
      "OGWP": 0
    },
    {
      "Rank": 34,
      "Player": "Shadowz2005",
      "Points": 0,
      "Wins": 0,
      "Losses": 0,
      "Draws": 0,
      "OMWP": 0,
      "GWP": 0,
      "OGWP": 0
    },
    {
      "Rank": 33,
      "Player": "bless_von",
      "Points": 0,
      "Wins": 0,
      "Losses": 0,
      "Draws": 0,
      "OMWP": 0,
      "GWP": 0,
      "OGWP": 0
    },
    {
      "Rank": 32,
      "Player": "Monowog",
      "Points": 3,
      "Wins": 0,
      "Losses": 0,
      "Draws": 0,
      "OMWP": 0,
      "GWP": 0,
      "OGWP": 0
    },
    {
      "Rank": 31,
      "Player": "Finespoo",
      "Points": 3,
      "Wins": 0,
      "Losses": 0,
      "Draws": 0,
      "OMWP": 0,
      "GWP": 0,
      "OGWP": 0
    },
    {
      "Rank": 30,
      "Player": "wrightnick",
      "Points": 3,
      "Wins": 0,
      "Losses": 0,
      "Draws": 0,
      "OMWP": 0,
      "GWP": 0,
      "OGWP": 0
    },
    {
      "Rank": 29,
      "Player": "alicoco",
      "Points": 3,
      "Wins": 0,
      "Losses": 0,
      "Draws": 0,
      "OMWP": 0,
      "GWP": 0,
      "OGWP": 0
    },
    {
      "Rank": 28,
      "Player": "Tagerus",
      "Points": 3,
      "Wins": 0,
      "Losses": 0,
      "Draws": 0,
      "OMWP": 0,
      "GWP": 0,
      "OGWP": 0
    },
    {
      "Rank": 27,
      "Player": "TyG_",
      "Points": 3,
      "Wins": 0,
      "Losses": 0,
      "Draws": 0,
      "OMWP": 0,
      "GWP": 0,
      "OGWP": 0
    },
    {
      "Rank": 26,
      "Player": "LivDeD",
      "Points": 3,
      "Wins": 0,
      "Losses": 0,
      "Draws": 0,
      "OMWP": 0,
      "GWP": 0,
      "OGWP": 0
    },
    {
      "Rank": 25,
      "Player": "TheAdonis",
      "Points": 3,
      "Wins": 0,
      "Losses": 0,
      "Draws": 0,
      "OMWP": 0,
      "GWP": 0,
      "OGWP": 0
    },
    {
      "Rank": 24,
      "Player": "BARNYARD",
      "Points": 3,
      "Wins": 0,
      "Losses": 0,
      "Draws": 0,
      "OMWP": 0,
      "GWP": 0,
      "OGWP": 0
    },
    {
      "Rank": 23,
      "Player": "sammy0506",
      "Points": 3,
      "Wins": 0,
      "Losses": 0,
      "Draws": 0,
      "OMWP": 0,
      "GWP": 0,
      "OGWP": 0
    },
    {
      "Rank": 22,
      "Player": "moon11",
      "Points": 3,
      "Wins": 0,
      "Losses": 0,
      "Draws": 0,
      "OMWP": 0,
      "GWP": 0,
      "OGWP": 0
    },
    {
      "Rank": 21,
      "Player": "ModernMax",
      "Points": 3,
      "Wins": 0,
      "Losses": 0,
      "Draws": 0,
      "OMWP": 0,
      "GWP": 0,
      "OGWP": 0
    },
    {
      "Rank": 20,
      "Player": "rrrn22",
      "Points": 3,
      "Wins": 0,
      "Losses": 0,
      "Draws": 0,
      "OMWP": 0,
      "GWP": 0,
      "OGWP": 0
    },
    {
      "Rank": 19,
      "Player": "fabbebil",
      "Points": 3,
      "Wins": 0,
      "Losses": 0,
      "Draws": 0,
      "OMWP": 0,
      "GWP": 0,
      "OGWP": 0
    },
    {
      "Rank": 18,
      "Player": "Jk-kruger",
      "Points": 3,
      "Wins": 0,
      "Losses": 0,
      "Draws": 0,
      "OMWP": 0,
      "GWP": 0,
      "OGWP": 0
    },
    {
      "Rank": 17,
      "Player": "Mumz",
      "Points": 3,
      "Wins": 0,
      "Losses": 0,
      "Draws": 0,
      "OMWP": 0,
      "GWP": 0,
      "OGWP": 0
    },
    {
      "Rank": 16,
      "Player": "LukeBrandes",
      "Points": 6,
      "Wins": 0,
      "Losses": 0,
      "Draws": 0,
      "OMWP": 0,
      "GWP": 0,
      "OGWP": 0
    },
    {
      "Rank": 15,
      "Player": "_and_one_",
      "Points": 6,
      "Wins": 0,
      "Losses": 0,
      "Draws": 0,
      "OMWP": 0,
      "GWP": 0,
      "OGWP": 0
    },
    {
      "Rank": 14,
      "Player": "jacobricher",
      "Points": 6,
      "Wins": 0,
      "Losses": 0,
      "Draws": 0,
      "OMWP": 0,
      "GWP": 0,
      "OGWP": 0
    },
    {
      "Rank": 13,
      "Player": "crome4",
      "Points": 6,
      "Wins": 0,
      "Losses": 0,
      "Draws": 0,
      "OMWP": 0,
      "GWP": 0,
      "OGWP": 0
    },
    {
      "Rank": 12,
      "Player": "CJswoosh23",
      "Points": 6,
      "Wins": 0,
      "Losses": 0,
      "Draws": 0,
      "OMWP": 0,
      "GWP": 0,
      "OGWP": 0
    },
    {
      "Rank": 11,
      "Player": "RandomOctopus",
      "Points": 6,
      "Wins": 0,
      "Losses": 0,
      "Draws": 0,
      "OMWP": 0,
      "GWP": 0,
      "OGWP": 0
    },
    {
      "Rank": 10,
      "Player": "ResponsiblyStupid",
      "Points": 6,
      "Wins": 0,
      "Losses": 0,
      "Draws": 0,
      "OMWP": 0,
      "GWP": 0,
      "OGWP": 0
    },
    {
      "Rank": 9,
      "Player": "Bosley",
      "Points": 6,
      "Wins": 0,
      "Losses": 0,
      "Draws": 0,
      "OMWP": 0,
      "GWP": 0,
      "OGWP": 0
    },
    {
      "Rank": 8,
      "Player": "egadd2894",
      "Points": 9,
      "Wins": 0,
      "Losses": 0,
      "Draws": 0,
      "OMWP": 0,
      "GWP": 0,
      "OGWP": 0
    },
    {
      "Rank": 7,
      "Player": "quintan",
      "Points": 9,
      "Wins": 0,
      "Losses": 0,
      "Draws": 0,
      "OMWP": 0,
      "GWP": 0,
      "OGWP": 0
    },
    {
      "Rank": 6,
      "Player": "grumart",
      "Points": 9,
      "Wins": 0,
      "Losses": 0,
      "Draws": 0,
      "OMWP": 0,
      "GWP": 0,
      "OGWP": 0
    },
    {
      "Rank": 5,
      "Player": "geekyjackson",
      "Points": 9,
      "Wins": 0,
      "Losses": 0,
      "Draws": 0,
      "OMWP": 0,
      "GWP": 0,
      "OGWP": 0
    },
    {
      "Rank": 4,
      "Player": "kthanakit26",
      "Points": 12,
      "Wins": 0,
      "Losses": 0,
      "Draws": 0,
      "OMWP": 0,
      "GWP": 0,
      "OGWP": 0
    },
    {
      "Rank": 3,
      "Player": "Stealthmagician",
      "Points": 12,
      "Wins": 0,
      "Losses": 0,
      "Draws": 0,
      "OMWP": 0,
      "GWP": 0,
      "OGWP": 0
    },
    {
      "Rank": 2,
      "Player": "nose_strips",
      "Points": 15,
      "Wins": 0,
      "Losses": 0,
      "Draws": 0,
      "OMWP": 0,
      "GWP": 0,
      "OGWP": 0
    },
    {
      "Rank": 1,
      "Player": "jjt18",
      "Points": 18,
      "Wins": 0,
      "Losses": 0,
      "Draws": 0,
      "OMWP": 0,
      "GWP": 0,
      "OGWP": 0
    }
  ]
}