{
  "Tournament": {
    "Id": 12803695,
    "Date": "2025-07-19T18:00:00",
    "Name": "Duel Commander Trial 16",
    "Uri": null,
    "JsonFile": null,
    "ForceRedownload": false
  },
  "Decks": null,
  "Rounds": [
    {
      "RoundName": "Round 1",
      "Matches": [
        {
          "Player1": "TryParse",
          "Player2": "GuiBonella",
          "Result": "2-0-0"
        },
        {
          "Player1": "Dudarudi",
          "Player2": "Fr0st3d",
          "Result": "0-2-0"
        },
        {
          "Player1": "samsherman",
          "Player2": "NickNorman",
          "Result": "0-2-0"
        },
        {
          "Player1": "Marmotte_Lambda",
          "Player2": "takeInitiative",
          "Result": "2-0-0"
        },
        {
          "Player1": "medvedev",
          "Player2": "i_b_TRUE",
          "Result": "2-0-0"
        },
        {
          "Player1": "simmsey",
          "Player2": "ambroiseb1",
          "Result": "0-2-0"
        },
        {
          "Player1": "ecobaronen",
          "Player2": "mkalil",
          "Result": "0-0-0"
        },
        {
          "Player1": "ZacharyHaleComstock",
          "Player2": "Whoah",
          "Result": "2-0-0"
        }
      ]
    },
    {
      "RoundName": "Round 2",
      "Matches": [
        {
          "Player1": "i_b_TRUE",
          "Player2": "ecobaronen",
          "Result": "0-2-0"
        },
        {
          "Player1": "Dudarudi",
          "Player2": "takeInitiative",
          "Result": "0-0-0"
        },
        {
          "Player1": "ambroiseb1",
          "Player2": "Fr0st3d",
          "Result": "2-0-0"
        },
        {
          "Player1": "NickNorman",
          "Player2": "mkalil",
          "Result": "2-0-0"
        },
        {
          "Player1": "medvedev",
          "Player2": "Marmotte_Lambda",
          "Result": "2-0-0"
        },
        {
          "Player1": "Whoah",
          "Player2": "GuiBonella",
          "Result": "0-2-0"
        },
        {
          "Player1": "ZacharyHaleComstock",
          "Player2": "TryParse",
          "Result": "2-0-0"
        },
        {
          "Player1": "samsherman",
          "Player2": "simmsey",
          "Result": "2-0-0"
        }
      ]
    },
    {
      "RoundName": "Round 3",
      "Matches": [
        {
          "Player1": "ecobaronen",
          "Player2": "TryParse",
          "Result": "2-0-0"
        },
        {
          "Player1": "simmsey",
          "Player2": "takeInitiative",
          "Result": "0-2-0"
        },
        {
          "Player1": "medvedev",
          "Player2": "ambroiseb1",
          "Result": "0-2-0"
        },
        {
          "Player1": "samsherman",
          "Player2": "Fr0st3d",
          "Result": "2-0-0"
        },
        {
          "Player1": "Dudarudi",
          "Player2": "GuiBonella",
          "Result": "2-0-0"
        },
        {
          "Player1": "ZacharyHaleComstock",
          "Player2": "NickNorman",
          "Result": "0-0-0"
        },
        {
          "Player1": "mkalil",
          "Player2": "Marmotte_Lambda",
          "Result": "0-2-0"
        }
      ]
    },
    {
      "RoundName": "Round 4",
      "Matches": [
        {
          "Player1": "Dudarudi",
          "Player2": "Marmotte_Lambda",
          "Result": "0-2-0"
        },
        {
          "Player1": "TryParse",
          "Player2": "takeInitiative",
          "Result": "0-2-0"
        },
        {
          "Player1": "ZacharyHaleComstock",
          "Player2": "ambroiseb1",
          "Result": "0-2-0"
        },
        {
          "Player1": "simmsey",
          "Player2": "mkalil",
          "Result": "0-0-0"
        },
        {
          "Player1": "medvedev",
          "Player2": "NickNorman",
          "Result": "2-0-0"
        },
        {
          "Player1": "Fr0st3d",
          "Player2": "GuiBonella",
          "Result": "0-0-0"
        },
        {
          "Player1": "samsherman",
          "Player2": "ecobaronen",
          "Result": "2-0-0"
        }
      ]
    },
    {
      "RoundName": "Round 5",
      "Matches": [
        {
          "Player1": "ambroiseb1",
          "Player2": "Dudarudi",
          "Result": "0-2-0"
        },
        {
          "Player1": "samsherman",
          "Player2": "ZacharyHaleComstock",
          "Result": "2-0-0"
        },
        {
          "Player1": "NickNorman",
          "Player2": "Marmotte_Lambda",
          "Result": "0-0-0"
        },
        {
          "Player1": "medvedev",
          "Player2": "mkalil",
          "Result": "2-0-0"
        }
      ]
    },
    {
      "RoundName": "Round 6",
      "Matches": [
        {
          "Player1": "samsherman",
          "Player2": "Dudarudi",
          "Result": "2-0-0"
        },
        {
          "Player1": "medvedev",
          "Player2": "NickNorman",
          "Result": "0-2-0"
        }
      ]
    },
    {
      "RoundName": "Round 7",
      "Matches": [
        {
          "Player1": "samsherman",
          "Player2": "NickNorman",
          "Result": "0-0-0"
        }
      ]
    }
  ],
  "Standings": [
    {
      "Rank": 16,
      "Player": "i_b_TRUE",
      "Points": 0,
      "Wins": 0,
      "Losses": 0,
      "Draws": 0,
      "OMWP": 0.625,
      "GWP": 0,
      "OGWP": 0.6528
    },
    {
      "Rank": 15,
      "Player": "Whoah",
      "Points": 0,
      "Wins": 0,
      "Losses": 0,
      "Draws": 0,
      "OMWP": 0.625,
      "GWP": 0.3333,
      "OGWP": 0.5772999999999999
    },
    {
      "Rank": 14,
      "Player": "simmsey",
      "Points": 0,
      "Wins": 0,
      "Losses": 0,
      "Draws": 0,
      "OMWP": 0.6875,
      "GWP": 0.2,
      "OGWP": 0.6138
    },
    {
      "Rank": 13,
      "Player": "TryParse",
      "Points": 3,
      "Wins": 0,
      "Losses": 0,
      "Draws": 0,
      "OMWP": 0.5625,
      "GWP": 0.3333,
      "OGWP": 0.5525
    },
    {
      "Rank": 12,
      "Player": "Fr0st3d",
      "Points": 3,
      "Wins": 0,
      "Losses": 0,
      "Draws": 0,
      "OMWP": 0.6875,
      "GWP": 0.4545,
      "OGWP": 0.5845
    },
    {
      "Rank": 11,
      "Player": "GuiBonella",
      "Points": 6,
      "Wins": 0,
      "Losses": 0,
      "Draws": 0,
      "OMWP": 0.375,
      "GWP": 0.4545,
      "OGWP": 0.4127
    },
    {
      "Rank": 10,
      "Player": "takeInitiative",
      "Points": 6,
      "Wins": 0,
      "Losses": 0,
      "Draws": 0,
      "OMWP": 0.4792,
      "GWP": 0.5,
      "OGWP": 0.428
    },
    {
      "Rank": 9,
      "Player": "ecobaronen",
      "Points": 6,
      "Wins": 0,
      "Losses": 0,
      "Draws": 0,
      "OMWP": 0.4792,
      "GWP": 0.5556,
      "OGWP": 0.4489
    },
    {
      "Rank": 8,
      "Player": "mkalil",
      "Points": 6,
      "Wins": 0,
      "Losses": 0,
      "Draws": 0,
      "OMWP": 0.5207999999999999,
      "GWP": 0.5455,
      "OGWP": 0.4586
    },
    {
      "Rank": 7,
      "Player": "ZacharyHaleComstock",
      "Points": 9,
      "Wins": 0,
      "Losses": 0,
      "Draws": 0,
      "OMWP": 0.5417000000000001,
      "GWP": 0.7,
      "OGWP": 0.4667
    },
    {
      "Rank": 6,
      "Player": "Marmotte_Lambda",
      "Points": 9,
      "Wins": 0,
      "Losses": 0,
      "Draws": 0,
      "OMWP": 0.5625,
      "GWP": 0.5455,
      "OGWP": 0.5739
    },
    {
      "Rank": 5,
      "Player": "ambroiseb1",
      "Points": 12,
      "Wins": 0,
      "Losses": 0,
      "Draws": 0,
      "OMWP": 0.5417000000000001,
      "GWP": 0.8,
      "OGWP": 0.5595
    },
    {
      "Rank": 4,
      "Player": "Dudarudi",
      "Points": 9,
      "Wins": 0,
      "Losses": 0,
      "Draws": 0,
      "OMWP": 0.5207999999999999,
      "GWP": 0.5,
      "OGWP": 0.4886
    },
    {
      "Rank": 3,
      "Player": "medvedev",
      "Points": 12,
      "Wins": 0,
      "Losses": 0,
      "Draws": 0,
      "OMWP": 0.6457999999999999,
      "GWP": 0.75,
      "OGWP": 0.5196999999999999
    },
    {
      "Rank": 2,
      "Player": "NickNorman",
      "Points": 12,
      "Wins": 0,
      "Losses": 0,
      "Draws": 0,
      "OMWP": 0.6875,
      "GWP": 0.4,
      "OGWP": 0.6376
    },
    {
      "Rank": 1,
      "Player": "samsherman",
      "Points": 18,
      "Wins": 0,
      "Losses": 0,
      "Draws": 0,
      "OMWP": 0.4167,
      "GWP": 0.5832999999999999,
      "OGWP": 0.44439999999999996
    }
  ]
}