{
  "Tournament": {
    "Id": 12803692,
    "Date": "2025-07-19T13:00:00",
    "Name": "Legacy Challenge 32",
    "Uri": null,
    "JsonFile": null,
    "ForceRedownload": false
  },
  "Decks": null,
  "Rounds": [
    {
      "RoundName": "Round 1",
      "Matches": [
        {
          "Player1": "snoopy-magic",
          "Player2": "_INF_",
          "Result": "0-2-0"
        },
        {
          "Player1": "2plus2isfive",
          "Player2": "Munchlax446",
          "Result": "0-0-0"
        },
        {
          "Player1": "matttothec",
          "Player2": "nekoyama2",
          "Result": "0-2-0"
        },
        {
          "Player1": "Suzukiii",
          "Player2": "chouqin",
          "Result": "0-2-0"
        },
        {
          "Player1": "kirdiekirdie",
          "Player2": "DB_ecobaronen",
          "Result": "2-0-0"
        },
        {
          "Player1": "JPA93",
          "Player2": "PivoUlivo",
          "Result": "0-2-0"
        },
        {
          "Player1": "viktor_von_muerte",
          "Player2": "Carroz",
          "Result": "2-0-0"
        },
        {
          "Player1": "Gabri091",
          "Player2": "532at",
          "Result": "0-2-0"
        },
        {
          "Player1": "Sarlanga",
          "Player2": "jankyb",
          "Result": "0-2-0"
        },
        {
          "Player1": "Dreddybajs",
          "Player2": "habsburger",
          "Result": "0-2-0"
        },
        {
          "Player1": "SanPop",
          "Player2": "Galaxy_Impact",
          "Result": "2-0-0"
        },
        {
          "Player1": "wakame",
          "Player2": "-CAPS-",
          "Result": "1-2-0"
        },
        {
          "Player1": "Ark4n",
          "Player2": "TomJubarte",
          "Result": "0-2-0"
        },
        {
          "Player1": "hardcarsten",
          "Player2": "Sneaky_Cat",
          "Result": "0-2-0"
        },
        {
          "Player1": "kentaro_hokori",
          "Player2": "choutin",
          "Result": "0-2-0"
        },
        {
          "Player1": "kozz27",
          "Player2": "OSCA66",
          "Result": "0-2-0"
        },
        {
          "Player1": "pow22",
          "Player2": "Taddy_99",
          "Result": "2-0-0"
        }
      ]
    },
    {
      "RoundName": "Round 2",
      "Matches": [
        {
          "Player1": "OSCA66",
          "Player2": "_INF_",
          "Result": "2-0-0"
        },
        {
          "Player1": "Sarlanga",
          "Player2": "DB_ecobaronen",
          "Result": "0-2-0"
        },
        {
          "Player1": "wakame",
          "Player2": "Taddy_99",
          "Result": "0-2-0"
        },
        {
          "Player1": "viktor_von_muerte",
          "Player2": "Sneaky_Cat",
          "Result": "0-2-0"
        },
        {
          "Player1": "Munchlax446",
          "Player2": "choutin",
          "Result": "0-2-0"
        },
        {
          "Player1": "PivoUlivo",
          "Player2": "TomJubarte",
          "Result": "2-0-0"
        },
        {
          "Player1": "kozz27",
          "Player2": "2plus2isfive",
          "Result": "0-2-0"
        },
        {
          "Player1": "jankyb",
          "Player2": "chouqin",
          "Result": "0-2-0"
        },
        {
          "Player1": "habsburger",
          "Player2": "pow22",
          "Result": "2-0-0"
        },
        {
          "Player1": "Ark4n",
          "Player2": "Gabri091",
          "Result": "2-0-0"
        },
        {
          "Player1": "Dreddybajs",
          "Player2": "snoopy-magic",
          "Result": "0-2-0"
        },
        {
          "Player1": "JPA93",
          "Player2": "Galaxy_Impact",
          "Result": "2-0-0"
        },
        {
          "Player1": "kirdiekirdie",
          "Player2": "SanPop",
          "Result": "2-0-0"
        },
        {
          "Player1": "matttothec",
          "Player2": "kentaro_hokori",
          "Result": "0-2-0"
        },
        {
          "Player1": "nekoyama2",
          "Player2": "-CAPS-",
          "Result": "0-2-0"
        },
        {
          "Player1": "Carroz",
          "Player2": "532at",
          "Result": "2-0-0"
        },
        {
          "Player1": "Suzukiii",
          "Player2": "hardcarsten",
          "Result": "0-2-0"
        }
      ]
    },
    {
      "RoundName": "Round 3",
      "Matches": [
        {
          "Player1": "matttothec",
          "Player2": "Gabri091",
          "Result": "2-0-0"
        },
        {
          "Player1": "Sarlanga",
          "Player2": "wakame",
          "Result": "0-2-0"
        },
        {
          "Player1": "Ark4n",
          "Player2": "Munchlax446",
          "Result": "2-0-0"
        },
        {
          "Player1": "kentaro_hokori",
          "Player2": "nekoyama2",
          "Result": "2-0-0"
        },
        {
          "Player1": "Dreddybajs",
          "Player2": "Suzukiii",
          "Result": "2-0-0"
        },
        {
          "Player1": "TomJubarte",
          "Player2": "Taddy_99",
          "Result": "0-2-0"
        },
        {
          "Player1": "jankyb",
          "Player2": "2plus2isfive",
          "Result": "2-0-0"
        },
        {
          "Player1": "PivoUlivo",
          "Player2": "chouqin",
          "Result": "2-0-0"
        },
        {
          "Player1": "532at",
          "Player2": "hardcarsten",
          "Result": "2-0-0"
        },
        {
          "Player1": "viktor_von_muerte",
          "Player2": "pow22",
          "Result": "2-0-0"
        },
        {
          "Player1": "habsburger",
          "Player2": "Sneaky_Cat",
          "Result": "0-2-0"
        },
        {
          "Player1": "snoopy-magic",
          "Player2": "SanPop",
          "Result": "0-2-0"
        },
        {
          "Player1": "kirdiekirdie",
          "Player2": "-CAPS-",
          "Result": "2-0-0"
        },
        {
          "Player1": "JPA93",
          "Player2": "Carroz",
          "Result": "2-0-0"
        },
        {
          "Player1": "OSCA66",
          "Player2": "choutin",
          "Result": "0-2-0"
        },
        {
          "Player1": "_INF_",
          "Player2": "DB_ecobaronen",
          "Result": "2-0-0"
        }
      ]
    },
    {
      "RoundName": "Round 4",
      "Matches": [
        {
          "Player1": "matttothec",
          "Player2": "Ark4n",
          "Result": "2-0-0"
        },
        {
          "Player1": "_INF_",
          "Player2": "Taddy_99",
          "Result": "2-0-0"
        },
        {
          "Player1": "nekoyama2",
          "Player2": "DB_ecobaronen",
          "Result": "0-2-0"
        },
        {
          "Player1": "Gabri091",
          "Player2": "hardcarsten",
          "Result": "2-0-0"
        },
        {
          "Player1": "SanPop",
          "Player2": "532at",
          "Result": "1-2-0"
        },
        {
          "Player1": "kentaro_hokori",
          "Player2": "-CAPS-",
          "Result": "2-0-0"
        },
        {
          "Player1": "Dreddybajs",
          "Player2": "Munchlax446",
          "Result": "0-2-0"
        },
        {
          "Player1": "habsburger",
          "Player2": "chouqin",
          "Result": "0-2-0"
        },
        {
          "Player1": "jankyb",
          "Player2": "OSCA66",
          "Result": "0-2-0"
        },
        {
          "Player1": "choutin",
          "Player2": "Sneaky_Cat",
          "Result": "0-2-0"
        },
        {
          "Player1": "viktor_von_muerte",
          "Player2": "JPA93",
          "Result": "2-0-0"
        },
        {
          "Player1": "pow22",
          "Player2": "TomJubarte",
          "Result": "2-0-0"
        },
        {
          "Player1": "wakame",
          "Player2": "snoopy-magic",
          "Result": "0-0-0"
        },
        {
          "Player1": "Carroz",
          "Player2": "2plus2isfive",
          "Result": "2-0-0"
        },
        {
          "Player1": "kirdiekirdie",
          "Player2": "PivoUlivo",
          "Result": "2-1-0"
        }
      ]
    },
    {
      "RoundName": "Round 5",
      "Matches": [
        {
          "Player1": "viktor_von_muerte",
          "Player2": "_INF_",
          "Result": "0-2-0"
        },
        {
          "Player1": "jankyb",
          "Player2": "Taddy_99",
          "Result": "2-0-0"
        },
        {
          "Player1": "PivoUlivo",
          "Player2": "OSCA66",
          "Result": "0-0-0"
        },
        {
          "Player1": "Gabri091",
          "Player2": "DB_ecobaronen",
          "Result": "2-0-0"
        },
        {
          "Player1": "wakame",
          "Player2": "nekoyama2",
          "Result": "0-2-0"
        },
        {
          "Player1": "kirdiekirdie",
          "Player2": "Sneaky_Cat",
          "Result": "0-2-0"
        },
        {
          "Player1": "Carroz",
          "Player2": "-CAPS-",
          "Result": "2-0-0"
        },
        {
          "Player1": "532at",
          "Player2": "choutin",
          "Result": "0-2-0"
        },
        {
          "Player1": "Sarlanga",
          "Player2": "hardcarsten",
          "Result": "0-2-0"
        },
        {
          "Player1": "matttothec",
          "Player2": "habsburger",
          "Result": "0-2-0"
        },
        {
          "Player1": "pow22",
          "Player2": "Ark4n",
          "Result": "0-2-0"
        },
        {
          "Player1": "JPA93",
          "Player2": "snoopy-magic",
          "Result": "2-0-0"
        },
        {
          "Player1": "SanPop",
          "Player2": "Munchlax446",
          "Result": "2-0-0"
        },
        {
          "Player1": "kentaro_hokori",
          "Player2": "chouqin",
          "Result": "0-2-0"
        }
      ]
    },
    {
      "RoundName": "Round 6",
      "Matches": [
        {
          "Player1": "matttothec",
          "Player2": "-CAPS-",
          "Result": "0-2-0"
        },
        {
          "Player1": "Ark4n",
          "Player2": "OSCA66",
          "Result": "2-0-0"
        },
        {
          "Player1": "kentaro_hokori",
          "Player2": "Carroz",
          "Result": "0-2-0"
        },
        {
          "Player1": "viktor_von_muerte",
          "Player2": "532at",
          "Result": "2-0-0"
        },
        {
          "Player1": "jankyb",
          "Player2": "JPA93",
          "Result": "2-0-0"
        },
        {
          "Player1": "wakame",
          "Player2": "DB_ecobaronen",
          "Result": "2-0-0"
        },
        {
          "Player1": "PivoUlivo",
          "Player2": "choutin",
          "Result": "0-2-0"
        },
        {
          "Player1": "snoopy-magic",
          "Player2": "Gabri091",
          "Result": "0-2-0"
        },
        {
          "Player1": "_INF_",
          "Player2": "Sneaky_Cat",
          "Result": "2-0-0"
        },
        {
          "Player1": "nekoyama2",
          "Player2": "TomJubarte",
          "Result": "0-2-0"
        },
        {
          "Player1": "Taddy_99",
          "Player2": "hardcarsten",
          "Result": "2-0-0"
        },
        {
          "Player1": "kirdiekirdie",
          "Player2": "chouqin",
          "Result": "2-0-0"
        },
        {
          "Player1": "habsburger",
          "Player2": "SanPop",
          "Result": "2-0-0"
        },
        {
          "Player1": "pow22",
          "Player2": "Munchlax446",
          "Result": "0-2-0"
        }
      ]
    },
    {
      "RoundName": "Round 7",
      "Matches": [
        {
          "Player1": "chouqin",
          "Player2": "choutin",
          "Result": "2-0-0"
        },
        {
          "Player1": "viktor_von_muerte",
          "Player2": "kirdiekirdie",
          "Result": "0-0-0"
        },
        {
          "Player1": "Carroz",
          "Player2": "Sneaky_Cat",
          "Result": "0-2-0"
        },
        {
          "Player1": "PivoUlivo",
          "Player2": "_INF_",
          "Result": "2-0-0"
        }
      ]
    },
    {
      "RoundName": "Round 8",
      "Matches": [
        {
          "Player1": "viktor_von_muerte",
          "Player2": "chouqin",
          "Result": "2-0-0"
        },
        {
          "Player1": "PivoUlivo",
          "Player2": "Sneaky_Cat",
          "Result": "2-0-0"
        }
      ]
    },
    {
      "RoundName": "Round 9",
      "Matches": [
        {
          "Player1": "viktor_von_muerte",
          "Player2": "PivoUlivo",
          "Result": "2-0-0"
        }
      ]
    }
  ],
  "Standings": [
    {
      "Rank": 34,
      "Player": "kozz27",
      "Points": 0,
      "Wins": 0,
      "Losses": 0,
      "Draws": 0,
      "OMWP": 0.4167,
      "GWP": 0.3333,
      "OGWP": 0.4171
    },
    {
      "Rank": 33,
      "Player": "Suzukiii",
      "Points": 0,
      "Wins": 0,
      "Losses": 0,
      "Draws": 0,
      "OMWP": 0.44439999999999996,
      "GWP": 0.1429,
      "OGWP": 0.45399999999999996
    },
    {
      "Rank": 32,
      "Player": "Galaxy_Impact",
      "Points": 0,
      "Wins": 0,
      "Losses": 0,
      "Draws": 0,
      "OMWP": 0.5,
      "GWP": 0.3333,
      "OGWP": 0.45399999999999996
    },
    {
      "Rank": 31,
      "Player": "Sarlanga",
      "Points": 3,
      "Wins": 0,
      "Losses": 0,
      "Draws": 0,
      "OMWP": 0.4167,
      "GWP": 0.2,
      "OGWP": 0.4874
    },
    {
      "Rank": 30,
      "Player": "Dreddybajs",
      "Points": 3,
      "Wins": 0,
      "Losses": 0,
      "Draws": 0,
      "OMWP": 0.4583,
      "GWP": 0.3333,
      "OGWP": 0.451
    },
    {
      "Rank": 29,
      "Player": "2plus2isfive",
      "Points": 3,
      "Wins": 0,
      "Losses": 0,
      "Draws": 0,
      "OMWP": 0.5417000000000001,
      "GWP": 0.3636,
      "OGWP": 0.5359
    },
    {
      "Rank": 28,
      "Player": "wakame",
      "Points": 6,
      "Wins": 0,
      "Losses": 0,
      "Draws": 0,
      "OMWP": 0.3889,
      "GWP": 0.4286,
      "OGWP": 0.4115
    },
    {
      "Rank": 27,
      "Player": "nekoyama2",
      "Points": 6,
      "Wins": 0,
      "Losses": 0,
      "Draws": 0,
      "OMWP": 0.4167,
      "GWP": 0.3846,
      "OGWP": 0.4534
    },
    {
      "Rank": 26,
      "Player": "snoopy-magic",
      "Points": 6,
      "Wins": 0,
      "Losses": 0,
      "Draws": 0,
      "OMWP": 0.5,
      "GWP": 0.375,
      "OGWP": 0.4926
    },
    {
      "Rank": 25,
      "Player": "hardcarsten",
      "Points": 6,
      "Wins": 0,
      "Losses": 0,
      "Draws": 0,
      "OMWP": 0.5,
      "GWP": 0.4286,
      "OGWP": 0.4682
    },
    {
      "Rank": 24,
      "Player": "DB_ecobaronen",
      "Points": 6,
      "Wins": 0,
      "Losses": 0,
      "Draws": 0,
      "OMWP": 0.5278,
      "GWP": 0.4,
      "OGWP": 0.5276
    },
    {
      "Rank": 23,
      "Player": "matttothec",
      "Points": 6,
      "Wins": 0,
      "Losses": 0,
      "Draws": 0,
      "OMWP": 0.5278,
      "GWP": 0.4667,
      "OGWP": 0.48700000000000004
    },
    {
      "Rank": 22,
      "Player": "pow22",
      "Points": 6,
      "Wins": 0,
      "Losses": 0,
      "Draws": 0,
      "OMWP": 0.5832999999999999,
      "GWP": 0.4375,
      "OGWP": 0.5307999999999999
    },
    {
      "Rank": 21,
      "Player": "Gabri091",
      "Points": 9,
      "Wins": 0,
      "Losses": 0,
      "Draws": 0,
      "OMWP": 0.4167,
      "GWP": 0.5,
      "OGWP": 0.44020000000000004
    },
    {
      "Rank": 20,
      "Player": "-CAPS-",
      "Points": 9,
      "Wins": 0,
      "Losses": 0,
      "Draws": 0,
      "OMWP": 0.5,
      "GWP": 0.4375,
      "OGWP": 0.517
    },
    {
      "Rank": 19,
      "Player": "TomJubarte",
      "Points": 9,
      "Wins": 0,
      "Losses": 0,
      "Draws": 0,
      "OMWP": 0.5,
      "GWP": 0.4545,
      "OGWP": 0.5172
    },
    {
      "Rank": 18,
      "Player": "Taddy_99",
      "Points": 9,
      "Wins": 0,
      "Losses": 0,
      "Draws": 0,
      "OMWP": 0.5,
      "GWP": 0.5385,
      "OGWP": 0.5379
    },
    {
      "Rank": 17,
      "Player": "Munchlax446",
      "Points": 9,
      "Wins": 0,
      "Losses": 0,
      "Draws": 0,
      "OMWP": 0.5,
      "GWP": 0.5625,
      "OGWP": 0.4754
    },
    {
      "Rank": 16,
      "Player": "SanPop",
      "Points": 9,
      "Wins": 0,
      "Losses": 0,
      "Draws": 0,
      "OMWP": 0.5278,
      "GWP": 0.4706,
      "OGWP": 0.49579999999999996
    },
    {
      "Rank": 15,
      "Player": "JPA93",
      "Points": 9,
      "Wins": 0,
      "Losses": 0,
      "Draws": 0,
      "OMWP": 0.5556,
      "GWP": 0.4375,
      "OGWP": 0.5352
    },
    {
      "Rank": 14,
      "Player": "kentaro_hokori",
      "Points": 9,
      "Wins": 0,
      "Losses": 0,
      "Draws": 0,
      "OMWP": 0.5556,
      "GWP": 0.5333,
      "OGWP": 0.5264
    },
    {
      "Rank": 13,
      "Player": "532at",
      "Points": 9,
      "Wins": 0,
      "Losses": 0,
      "Draws": 0,
      "OMWP": 0.5832999999999999,
      "GWP": 0.4375,
      "OGWP": 0.5386
    },
    {
      "Rank": 12,
      "Player": "OSCA66",
      "Points": 9,
      "Wins": 0,
      "Losses": 0,
      "Draws": 0,
      "OMWP": 0.6667000000000001,
      "GWP": 0.4706,
      "OGWP": 0.6252
    },
    {
      "Rank": 11,
      "Player": "Ark4n",
      "Points": 12,
      "Wins": 0,
      "Losses": 0,
      "Draws": 0,
      "OMWP": 0.44439999999999996,
      "GWP": 0.5333,
      "OGWP": 0.48200000000000004
    },
    {
      "Rank": 10,
      "Player": "jankyb",
      "Points": 12,
      "Wins": 0,
      "Losses": 0,
      "Draws": 0,
      "OMWP": 0.4722,
      "GWP": 0.6923,
      "OGWP": 0.4573
    },
    {
      "Rank": 9,
      "Player": "habsburger",
      "Points": 12,
      "Wins": 0,
      "Losses": 0,
      "Draws": 0,
      "OMWP": 0.5,
      "GWP": 0.5333,
      "OGWP": 0.49579999999999996
    },
    {
      "Rank": 8,
      "Player": "Carroz",
      "Points": 12,
      "Wins": 0,
      "Losses": 0,
      "Draws": 0,
      "OMWP": 0.5,
      "GWP": 0.5556,
      "OGWP": 0.462
    },
    {
      "Rank": 7,
      "Player": "_INF_",
      "Points": 15,
      "Wins": 0,
      "Losses": 0,
      "Draws": 0,
      "OMWP": 0.5278,
      "GWP": 0.7857,
      "OGWP": 0.5022
    },
    {
      "Rank": 6,
      "Player": "choutin",
      "Points": 15,
      "Wins": 0,
      "Losses": 0,
      "Draws": 0,
      "OMWP": 0.5832999999999999,
      "GWP": 0.7143,
      "OGWP": 0.5605
    },
    {
      "Rank": 5,
      "Player": "kirdiekirdie",
      "Points": 15,
      "Wins": 0,
      "Losses": 0,
      "Draws": 0,
      "OMWP": 0.5832999999999999,
      "GWP": 0.7333,
      "OGWP": 0.5445
    },
    {
      "Rank": 4,
      "Player": "chouqin",
      "Points": 15,
      "Wins": 0,
      "Losses": 0,
      "Draws": 0,
      "OMWP": 0.6111,
      "GWP": 0.6,
      "OGWP": 0.5863
    },
    {
      "Rank": 3,
      "Player": "Sneaky_Cat",
      "Points": 18,
      "Wins": 0,
      "Losses": 0,
      "Draws": 0,
      "OMWP": 0.6944,
      "GWP": 0.6667000000000001,
      "OGWP": 0.6263000000000001
    },
    {
      "Rank": 2,
      "Player": "PivoUlivo",
      "Points": 18,
      "Wins": 0,
      "Losses": 0,
      "Draws": 0,
      "OMWP": 0.6389,
      "GWP": 0.6923,
      "OGWP": 0.5684
    },
    {
      "Rank": 1,
      "Player": "viktor_von_muerte",
      "Points": 21,
      "Wins": 0,
      "Losses": 0,
      "Draws": 0,
      "OMWP": 0.6111,
      "GWP": 0.5625,
      "OGWP": 0.5534
    }
  ]
}