{
  "Tournament": {
    "Id": 12803686,
    "Date": "2025-07-19T02:00:00",
    "Name": "Legacy Challenge 32",
    "Uri": null,
    "JsonFile": null,
    "ForceRedownload": false
  },
  "Decks": null,
  "Rounds": [
    {
      "RoundName": "Round 1",
      "Matches": [
        {
          "Player1": "mikus1217",
          "Player2": "Suzukiii",
          "Result": "0-2-0"
        },
        {
          "Player1": "monkeyscantcry",
          "Player2": "MandrillMan",
          "Result": "2-0-0"
        },
        {
          "Player1": "xfile",
          "Player2": "DontForceMeBro",
          "Result": "0-2-0"
        },
        {
          "Player1": "Rinzler_92",
          "Player2": "igknighted08",
          "Result": "0-0-0"
        },
        {
          "Player1": "Joyfulwaffle",
          "Player2": "lia2022",
          "Result": "0-2-0"
        },
        {
          "Player1": "ice_nine_BIGFAN",
          "Player2": "PekkaChu",
          "Result": "0-2-0"
        },
        {
          "Player1": "wcl",
          "Player2": "_Shikamaru_",
          "Result": "2-0-0"
        },
        {
          "Player1": "kentaro_hokori",
          "Player2": "Munchlax446",
          "Result": "0-2-0"
        },
        {
          "Player1": "Termahgerf",
          "Player2": "nekoyama2",
          "Result": "2-0-0"
        },
        {
          "Player1": "FranMtg",
          "Player2": "thatmaverickjoe",
          "Result": "2-0-0"
        },
        {
          "Player1": "habsburger",
          "Player2": "choutin",
          "Result": "0-0-0"
        },
        {
          "Player1": "maytwer",
          "Player2": "PoderosissimoNinja",
          "Result": "0-2-0"
        },
        {
          "Player1": "SuperCow12653",
          "Player2": "Magic_Dads71522",
          "Result": "2-0-0"
        },
        {
          "Player1": "i_b_TRUE",
          "Player2": "Raydan",
          "Result": "0-2-0"
        },
        {
          "Player1": "PunishingWaterfalls",
          "Player2": "wonderPreaux",
          "Result": "0-2-0"
        },
        {
          "Player1": "_Shatun_",
          "Player2": "AJV20",
          "Result": "2-0-0"
        },
        {
          "Player1": "Srogers90",
          "Player2": "2plus2isfive",
          "Result": "2-0-0"
        },
        {
          "Player1": "Add1ct3d",
          "Player2": "TheGrimLavamancer",
          "Result": "2-0-0"
        },
        {
          "Player1": "ziggy_stardust",
          "Player2": "RPSbonjwa",
          "Result": "2-0-0"
        }
      ]
    },
    {
      "RoundName": "Round 2",
      "Matches": [
        {
          "Player1": "Add1ct3d",
          "Player2": "PoderosissimoNinja",
          "Result": "2-0-0"
        },
        {
          "Player1": "habsburger",
          "Player2": "FranMtg",
          "Result": "0-2-0"
        },
        {
          "Player1": "Srogers90",
          "Player2": "wcl",
          "Result": "0-2-0"
        },
        {
          "Player1": "maytwer",
          "Player2": "RPSbonjwa",
          "Result": "0-2-0"
        },
        {
          "Player1": "ice_nine_BIGFAN",
          "Player2": "thatmaverickjoe",
          "Result": "0-0-0"
        },
        {
          "Player1": "choutin",
          "Player2": "_Shikamaru_",
          "Result": "0-2-0"
        },
        {
          "Player1": "mikus1217",
          "Player2": "2plus2isfive",
          "Result": "0-2-0"
        },
        {
          "Player1": "Raydan",
          "Player2": "SuperCow12653",
          "Result": "0-2-0"
        },
        {
          "Player1": "kozz27",
          "Player2": "PekkaChu",
          "Result": "2-0-0"
        },
        {
          "Player1": "Suzukiii",
          "Player2": "Rinzler_92",
          "Result": "0-2-0"
        },
        {
          "Player1": "wonderPreaux",
          "Player2": "Termahgerf",
          "Result": "0-2-0"
        },
        {
          "Player1": "TheGrimLavamancer",
          "Player2": "MandrillMan",
          "Result": "2-0-0"
        },
        {
          "Player1": "i_b_TRUE",
          "Player2": "xfile",
          "Result": "0-2-0"
        },
        {
          "Player1": "ziggy_stardust",
          "Player2": "Munchlax446",
          "Result": "1-2-0"
        },
        {
          "Player1": "kentaro_hokori",
          "Player2": "igknighted08",
          "Result": "2-0-0"
        },
        {
          "Player1": "monkeyscantcry",
          "Player2": "_Shatun_",
          "Result": "2-0-0"
        },
        {
          "Player1": "AJV20",
          "Player2": "nekoyama2",
          "Result": "2-0-0"
        },
        {
          "Player1": "DontForceMeBro",
          "Player2": "lia2022",
          "Result": "2-0-0"
        },
        {
          "Player1": "Magic_Dads71522",
          "Player2": "Joyfulwaffle",
          "Result": "0-2-0"
        }
      ]
    },
    {
      "RoundName": "Round 3",
      "Matches": [
        {
          "Player1": "mikus1217",
          "Player2": "thatmaverickjoe",
          "Result": "2-0-0"
        },
        {
          "Player1": "Suzukiii",
          "Player2": "Raydan",
          "Result": "2-0-0"
        },
        {
          "Player1": "igknighted08",
          "Player2": "MandrillMan",
          "Result": "0-0-0"
        },
        {
          "Player1": "ziggy_stardust",
          "Player2": "ice_nine_BIGFAN",
          "Result": "2-0-0"
        },
        {
          "Player1": "monkeyscantcry",
          "Player2": "Munchlax446",
          "Result": "0-2-0"
        },
        {
          "Player1": "habsburger",
          "Player2": "AJV20",
          "Result": "2-0-0"
        },
        {
          "Player1": "SuperCow12653",
          "Player2": "Rinzler_92",
          "Result": "2-0-0"
        },
        {
          "Player1": "FranMtg",
          "Player2": "wcl",
          "Result": "2-0-0"
        },
        {
          "Player1": "RPSbonjwa",
          "Player2": "Joyfulwaffle",
          "Result": "2-0-0"
        },
        {
          "Player1": "TheGrimLavamancer",
          "Player2": "PekkaChu",
          "Result": "2-0-0"
        },
        {
          "Player1": "kentaro_hokori",
          "Player2": "PoderosissimoNinja",
          "Result": "2-0-0"
        },
        {
          "Player1": "Magic_Dads71522",
          "Player2": "choutin",
          "Result": "0-2-0"
        },
        {
          "Player1": "Termahgerf",
          "Player2": "Add1ct3d",
          "Result": "2-0-0"
        },
        {
          "Player1": "wonderPreaux",
          "Player2": "Srogers90",
          "Result": "0-2-0"
        },
        {
          "Player1": "2plus2isfive",
          "Player2": "xfile",
          "Result": "2-0-0"
        },
        {
          "Player1": "kozz27",
          "Player2": "DontForceMeBro",
          "Result": "2-0-0"
        },
        {
          "Player1": "_Shatun_",
          "Player2": "_Shikamaru_",
          "Result": "2-0-0"
        },
        {
          "Player1": "PunishingWaterfalls",
          "Player2": "lia2022",
          "Result": "2-0-0"
        }
      ]
    },
    {
      "RoundName": "Round 4",
      "Matches": [
        {
          "Player1": "igknighted08",
          "Player2": "Magic_Dads71522",
          "Result": "0-2-0"
        },
        {
          "Player1": "Raydan",
          "Player2": "ice_nine_BIGFAN",
          "Result": "2-0-0"
        },
        {
          "Player1": "kentaro_hokori",
          "Player2": "Add1ct3d",
          "Result": "2-0-0"
        },
        {
          "Player1": "_Shatun_",
          "Player2": "TheGrimLavamancer",
          "Result": "0-2-0"
        },
        {
          "Player1": "ziggy_stardust",
          "Player2": "kozz27",
          "Result": "0-2-0"
        },
        {
          "Player1": "Srogers90",
          "Player2": "Rinzler_92",
          "Result": "2-0-0"
        },
        {
          "Player1": "_Shikamaru_",
          "Player2": "lia2022",
          "Result": "0-0-0"
        },
        {
          "Player1": "Suzukiii",
          "Player2": "wcl",
          "Result": "0-2-0"
        },
        {
          "Player1": "RPSbonjwa",
          "Player2": "DontForceMeBro",
          "Result": "2-0-0"
        },
        {
          "Player1": "xfile",
          "Player2": "nekoyama2",
          "Result": "0-2-0"
        },
        {
          "Player1": "Termahgerf",
          "Player2": "Munchlax446",
          "Result": "0-2-0"
        },
        {
          "Player1": "mikus1217",
          "Player2": "AJV20",
          "Result": "0-2-0"
        },
        {
          "Player1": "monkeyscantcry",
          "Player2": "PunishingWaterfalls",
          "Result": "0-2-0"
        },
        {
          "Player1": "FranMtg",
          "Player2": "SuperCow12653",
          "Result": "2-0-0"
        },
        {
          "Player1": "choutin",
          "Player2": "PoderosissimoNinja",
          "Result": "0-0-0"
        },
        {
          "Player1": "habsburger",
          "Player2": "2plus2isfive",
          "Result": "2-0-0"
        }
      ]
    },
    {
      "RoundName": "Round 5",
      "Matches": [
        {
          "Player1": "ice_nine_BIGFAN",
          "Player2": "PoderosissimoNinja",
          "Result": "0-2-0"
        },
        {
          "Player1": "igknighted08",
          "Player2": "lia2022",
          "Result": "2-0-0"
        },
        {
          "Player1": "FranMtg",
          "Player2": "kozz27",
          "Result": "2-0-0"
        },
        {
          "Player1": "monkeyscantcry",
          "Player2": "Raydan",
          "Result": "2-0-0"
        },
        {
          "Player1": "kentaro_hokori",
          "Player2": "TheGrimLavamancer",
          "Result": "2-0-0"
        },
        {
          "Player1": "_Shatun_",
          "Player2": "nekoyama2",
          "Result": "0-2-0"
        },
        {
          "Player1": "Termahgerf",
          "Player2": "RPSbonjwa",
          "Result": "2-0-0"
        },
        {
          "Player1": "habsburger",
          "Player2": "PunishingWaterfalls",
          "Result": "2-0-0"
        },
        {
          "Player1": "choutin",
          "Player2": "DontForceMeBro",
          "Result": "0-0-0"
        },
        {
          "Player1": "Srogers90",
          "Player2": "Munchlax446",
          "Result": "0-2-0"
        },
        {
          "Player1": "Add1ct3d",
          "Player2": "Magic_Dads71522",
          "Result": "2-0-0"
        },
        {
          "Player1": "ziggy_stardust",
          "Player2": "_Shikamaru_",
          "Result": "0-2-0"
        },
        {
          "Player1": "mikus1217",
          "Player2": "MandrillMan",
          "Result": "0-2-0"
        },
        {
          "Player1": "SuperCow12653",
          "Player2": "wcl",
          "Result": "2-0-0"
        },
        {
          "Player1": "Rinzler_92",
          "Player2": "2plus2isfive",
          "Result": "0-2-0"
        },
        {
          "Player1": "AJV20",
          "Player2": "Suzukiii",
          "Result": "2-0-0"
        }
      ]
    },
    {
      "RoundName": "Round 6",
      "Matches": [
        {
          "Player1": "FranMtg",
          "Player2": "Munchlax446",
          "Result": "0-2-0"
        },
        {
          "Player1": "kentaro_hokori",
          "Player2": "SuperCow12653",
          "Result": "2-0-0"
        },
        {
          "Player1": "habsburger",
          "Player2": "kozz27",
          "Result": "2-0-0"
        },
        {
          "Player1": "Suzukiii",
          "Player2": "PoderosissimoNinja",
          "Result": "0-2-0"
        },
        {
          "Player1": "Magic_Dads71522",
          "Player2": "lia2022",
          "Result": "0-0-0"
        },
        {
          "Player1": "2plus2isfive",
          "Player2": "wcl",
          "Result": "2-0-0"
        },
        {
          "Player1": "ice_nine_BIGFAN",
          "Player2": "mikus1217",
          "Result": "0-2-0"
        },
        {
          "Player1": "Termahgerf",
          "Player2": "TheGrimLavamancer",
          "Result": "0-2-0"
        },
        {
          "Player1": "monkeyscantcry",
          "Player2": "AJV20",
          "Result": "2-0-0"
        },
        {
          "Player1": "_Shatun_",
          "Player2": "Rinzler_92",
          "Result": "2-0-0"
        },
        {
          "Player1": "Srogers90",
          "Player2": "DontForceMeBro",
          "Result": "2-0-0"
        },
        {
          "Player1": "ziggy_stardust",
          "Player2": "MandrillMan",
          "Result": "2-0-0"
        },
        {
          "Player1": "Add1ct3d",
          "Player2": "RPSbonjwa",
          "Result": "2-0-0"
        },
        {
          "Player1": "nekoyama2",
          "Player2": "_Shikamaru_",
          "Result": "0-2-0"
        },
        {
          "Player1": "igknighted08",
          "Player2": "choutin",
          "Result": "2-0-0"
        }
      ]
    },
    {
      "RoundName": "Round 7",
      "Matches": [
        {
          "Player1": "habsburger",
          "Player2": "Termahgerf",
          "Result": "0-0-0"
        },
        {
          "Player1": "TheGrimLavamancer",
          "Player2": "Munchlax446",
          "Result": "0-0-0"
        },
        {
          "Player1": "kentaro_hokori",
          "Player2": "kozz27",
          "Result": "2-0-0"
        },
        {
          "Player1": "FranMtg",
          "Player2": "Add1ct3d",
          "Result": "2-0-0"
        }
      ]
    },
    {
      "RoundName": "Round 8",
      "Matches": [
        {
          "Player1": "kentaro_hokori",
          "Player2": "FranMtg",
          "Result": "0-2-0"
        },
        {
          "Player1": "habsburger",
          "Player2": "TheGrimLavamancer",
          "Result": "2-0-0"
        }
      ]
    },
    {
      "RoundName": "Round 9",
      "Matches": [
        {
          "Player1": "habsburger",
          "Player2": "FranMtg",
          "Result": "0-2-0"
        }
      ]
    }
  ],
  "Standings": [
    {
      "Rank": 39,
      "Player": "i_b_TRUE",
      "Points": 0,
      "Wins": 0,
      "Losses": 0,
      "Draws": 0,
      "OMWP": 0.3667,
      "GWP": 0.2,
      "OGWP": 0.34850000000000003
    },
    {
      "Rank": 38,
      "Player": "maytwer",
      "Points": 0,
      "Wins": 0,
      "Losses": 0,
      "Draws": 0,
      "OMWP": 0.5,
      "GWP": 0,
      "OGWP": 0.4808
    },
    {
      "Rank": 37,
      "Player": "thatmaverickjoe",
      "Points": 0,
      "Wins": 0,
      "Losses": 0,
      "Draws": 0,
      "OMWP": 0.5,
      "GWP": 0.3333,
      "OGWP": 0.4667
    },
    {
      "Rank": 36,
      "Player": "Joyfulwaffle",
      "Points": 3,
      "Wins": 0,
      "Losses": 0,
      "Draws": 0,
      "OMWP": 0.3889,
      "GWP": 0.2857,
      "OGWP": 0.3932
    },
    {
      "Rank": 35,
      "Player": "ice_nine_BIGFAN",
      "Points": 3,
      "Wins": 0,
      "Losses": 0,
      "Draws": 0,
      "OMWP": 0.4,
      "GWP": 0.2143,
      "OGWP": 0.4003
    },
    {
      "Rank": 34,
      "Player": "lia2022",
      "Points": 3,
      "Wins": 0,
      "Losses": 0,
      "Draws": 0,
      "OMWP": 0.4889,
      "GWP": 0.2857,
      "OGWP": 0.47229999999999994
    },
    {
      "Rank": 33,
      "Player": "xfile",
      "Points": 3,
      "Wins": 0,
      "Losses": 0,
      "Draws": 0,
      "OMWP": 0.5,
      "GWP": 0.25,
      "OGWP": 0.5156000000000001
    },
    {
      "Rank": 32,
      "Player": "PekkaChu",
      "Points": 3,
      "Wins": 0,
      "Losses": 0,
      "Draws": 0,
      "OMWP": 0.5556,
      "GWP": 0.3333,
      "OGWP": 0.547
    },
    {
      "Rank": 31,
      "Player": "wonderPreaux",
      "Points": 3,
      "Wins": 0,
      "Losses": 0,
      "Draws": 0,
      "OMWP": 0.6444,
      "GWP": 0.3333,
      "OGWP": 0.5667
    },
    {
      "Rank": 30,
      "Player": "mikus1217",
      "Points": 6,
      "Wins": 0,
      "Losses": 0,
      "Draws": 0,
      "OMWP": 0.4167,
      "GWP": 0.3333,
      "OGWP": 0.4389
    },
    {
      "Rank": 29,
      "Player": "Suzukiii",
      "Points": 6,
      "Wins": 0,
      "Losses": 0,
      "Draws": 0,
      "OMWP": 0.4278,
      "GWP": 0.4667,
      "OGWP": 0.41840000000000005
    },
    {
      "Rank": 28,
      "Player": "Raydan",
      "Points": 6,
      "Wins": 0,
      "Losses": 0,
      "Draws": 0,
      "OMWP": 0.4667,
      "GWP": 0.3636,
      "OGWP": 0.5036
    },
    {
      "Rank": 27,
      "Player": "Magic_Dads71522",
      "Points": 6,
      "Wins": 0,
      "Losses": 0,
      "Draws": 0,
      "OMWP": 0.4722,
      "GWP": 0.3846,
      "OGWP": 0.4947
    },
    {
      "Rank": 26,
      "Player": "MandrillMan",
      "Points": 6,
      "Wins": 0,
      "Losses": 0,
      "Draws": 0,
      "OMWP": 0.5333,
      "GWP": 0.3333,
      "OGWP": 0.537
    },
    {
      "Rank": 25,
      "Player": "Rinzler_92",
      "Points": 6,
      "Wins": 0,
      "Losses": 0,
      "Draws": 0,
      "OMWP": 0.5556,
      "GWP": 0.3846,
      "OGWP": 0.5535
    },
    {
      "Rank": 24,
      "Player": "choutin",
      "Points": 6,
      "Wins": 0,
      "Losses": 0,
      "Draws": 0,
      "OMWP": 0.5556,
      "GWP": 0.4667,
      "OGWP": 0.5186
    },
    {
      "Rank": 23,
      "Player": "igknighted08",
      "Points": 9,
      "Wins": 0,
      "Losses": 0,
      "Draws": 0,
      "OMWP": 0.4167,
      "GWP": 0.4286,
      "OGWP": 0.4213
    },
    {
      "Rank": 22,
      "Player": "PoderosissimoNinja",
      "Points": 9,
      "Wins": 0,
      "Losses": 0,
      "Draws": 0,
      "OMWP": 0.4722,
      "GWP": 0.5,
      "OGWP": 0.4899
    },
    {
      "Rank": 21,
      "Player": "DontForceMeBro",
      "Points": 9,
      "Wins": 0,
      "Losses": 0,
      "Draws": 0,
      "OMWP": 0.4722,
      "GWP": 0.5625,
      "OGWP": 0.46840000000000004
    },
    {
      "Rank": 20,
      "Player": "RPSbonjwa",
      "Points": 9,
      "Wins": 0,
      "Losses": 0,
      "Draws": 0,
      "OMWP": 0.5,
      "GWP": 0.46149999999999997,
      "OGWP": 0.5136999999999999
    },
    {
      "Rank": 19,
      "Player": "AJV20",
      "Points": 9,
      "Wins": 0,
      "Losses": 0,
      "Draws": 0,
      "OMWP": 0.5278,
      "GWP": 0.5,
      "OGWP": 0.5117
    },
    {
      "Rank": 18,
      "Player": "nekoyama2",
      "Points": 9,
      "Wins": 0,
      "Losses": 0,
      "Draws": 0,
      "OMWP": 0.5333,
      "GWP": 0.5,
      "OGWP": 0.505
    },
    {
      "Rank": 17,
      "Player": "PunishingWaterfalls",
      "Points": 9,
      "Wins": 0,
      "Losses": 0,
      "Draws": 0,
      "OMWP": 0.5417000000000001,
      "GWP": 0.5,
      "OGWP": 0.4925
    },
    {
      "Rank": 16,
      "Player": "_Shatun_",
      "Points": 9,
      "Wins": 0,
      "Losses": 0,
      "Draws": 0,
      "OMWP": 0.5556,
      "GWP": 0.4667,
      "OGWP": 0.5657
    },
    {
      "Rank": 15,
      "Player": "ziggy_stardust",
      "Points": 9,
      "Wins": 0,
      "Losses": 0,
      "Draws": 0,
      "OMWP": 0.5832999999999999,
      "GWP": 0.5385,
      "OGWP": 0.5197999999999999
    },
    {
      "Rank": 14,
      "Player": "wcl",
      "Points": 9,
      "Wins": 0,
      "Losses": 0,
      "Draws": 0,
      "OMWP": 0.6389,
      "GWP": 0.4286,
      "OGWP": 0.6307
    },
    {
      "Rank": 13,
      "Player": "_Shikamaru_",
      "Points": 12,
      "Wins": 0,
      "Losses": 0,
      "Draws": 0,
      "OMWP": 0.44439999999999996,
      "GWP": 0.625,
      "OGWP": 0.4556
    },
    {
      "Rank": 12,
      "Player": "2plus2isfive",
      "Points": 12,
      "Wins": 0,
      "Losses": 0,
      "Draws": 0,
      "OMWP": 0.5,
      "GWP": 0.6667000000000001,
      "OGWP": 0.4485
    },
    {
      "Rank": 11,
      "Player": "SuperCow12653",
      "Points": 12,
      "Wins": 0,
      "Losses": 0,
      "Draws": 0,
      "OMWP": 0.5389,
      "GWP": 0.6923,
      "OGWP": 0.4866
    },
    {
      "Rank": 10,
      "Player": "Srogers90",
      "Points": 12,
      "Wins": 0,
      "Losses": 0,
      "Draws": 0,
      "OMWP": 0.5556,
      "GWP": 0.6,
      "OGWP": 0.5209
    },
    {
      "Rank": 9,
      "Player": "monkeyscantcry",
      "Points": 12,
      "Wins": 0,
      "Losses": 0,
      "Draws": 0,
      "OMWP": 0.5556,
      "GWP": 0.6923,
      "OGWP": 0.48560000000000003
    },
    {
      "Rank": 8,
      "Player": "Add1ct3d",
      "Points": 12,
      "Wins": 0,
      "Losses": 0,
      "Draws": 0,
      "OMWP": 0.5832999999999999,
      "GWP": 0.7143,
      "OGWP": 0.5439
    },
    {
      "Rank": 7,
      "Player": "kozz27",
      "Points": 12,
      "Wins": 0,
      "Losses": 0,
      "Draws": 0,
      "OMWP": 0.6,
      "GWP": 0.6154,
      "OGWP": 0.5557
    },
    {
      "Rank": 6,
      "Player": "Termahgerf",
      "Points": 12,
      "Wins": 0,
      "Losses": 0,
      "Draws": 0,
      "OMWP": 0.6111,
      "GWP": 0.6,
      "OGWP": 0.5752
    },
    {
      "Rank": 5,
      "Player": "Munchlax446",
      "Points": 18,
      "Wins": 0,
      "Losses": 0,
      "Draws": 0,
      "OMWP": 0.6944,
      "GWP": 0.75,
      "OGWP": 0.6315
    },
    {
      "Rank": 4,
      "Player": "TheGrimLavamancer",
      "Points": 15,
      "Wins": 0,
      "Losses": 0,
      "Draws": 0,
      "OMWP": 0.5556,
      "GWP": 0.6923,
      "OGWP": 0.5121
    },
    {
      "Rank": 3,
      "Player": "kentaro_hokori",
      "Points": 18,
      "Wins": 0,
      "Losses": 0,
      "Draws": 0,
      "OMWP": 0.6667000000000001,
      "GWP": 0.625,
      "OGWP": 0.6296
    },
    {
      "Rank": 2,
      "Player": "habsburger",
      "Points": 21,
      "Wins": 0,
      "Losses": 0,
      "Draws": 0,
      "OMWP": 0.6,
      "GWP": 0.6111,
      "OGWP": 0.5803
    },
    {
      "Rank": 1,
      "Player": "FranMtg",
      "Points": 24,
      "Wins": 0,
      "Losses": 0,
      "Draws": 0,
      "OMWP": 0.6667000000000001,
      "GWP": 0.7333,
      "OGWP": 0.5718
    }
  ]
}