{
  "Tournament": {
    "Id": 12803694,
    "Date": "2025-07-19T17:30:00",
    "Name": "Modern Challenge 64",
    "Uri": null,
    "JsonFile": null,
    "ForceRedownload": false
  },
  "Decks": null,
  "Rounds": [
    {
      "RoundName": "Round 1",
      "Matches": [
        {
          "Player1": "Neymar_Jr",
          "Player2": "faunafaunafauna",
          "Result": "0-2-0"
        },
        {
          "Player1": "redryansox",
          "Player2": "MdvWin",
          "Result": "2-0-0"
        },
        {
          "Player1": "Edel",
          "Player2": "AgentLion09",
          "Result": "0-2-0"
        },
        {
          "Player1": "hauterho",
          "Player2": "brandi96",
          "Result": "0-2-0"
        },
        {
          "Player1": "Varo",
          "Player2": "darklilou",
          "Result": "2-0-0"
        },
        {
          "Player1": "Richie727",
          "Player2": "manukoka",
          "Result": "0-2-0"
        },
        {
          "Player1": "KaiserMagus",
          "Player2": "Im2SneakyMTG",
          "Result": "0-2-0"
        },
        {
          "Player1": "O_danielakos",
          "Player2": "Promothnightz",
          "Result": "0-2-0"
        },
        {
          "Player1": "jvidarte",
          "Player2": "jev_",
          "Result": "2-0-0"
        },
        {
          "Player1": "Aardos",
          "Player2": "Tenco19",
          "Result": "2-0-0"
        },
        {
          "Player1": "xfile",
          "Player2": "PetrKikac1",
          "Result": "2-0-0"
        },
        {
          "Player1": "looknonumbers",
          "Player2": "Raptor_Nachos",
          "Result": "0-2-0"
        },
        {
          "Player1": "henry_morehouse",
          "Player2": "Terminus0",
          "Result": "0-2-0"
        },
        {
          "Player1": "lokman120",
          "Player2": "PerkyT",
          "Result": "2-0-0"
        },
        {
          "Player1": "fingers1991",
          "Player2": "Maccaciock",
          "Result": "2-0-0"
        },
        {
          "Player1": "beaver",
          "Player2": "_Me",
          "Result": "2-0-0"
        },
        {
          "Player1": "Univerce",
          "Player2": "Ciraris",
          "Result": "0-2-0"
        },
        {
          "Player1": "Drfuzybarrel",
          "Player2": "TuckerMTG",
          "Result": "0-2-0"
        },
        {
          "Player1": "Misplacedginger",
          "Player2": "NotSnype315",
          "Result": "0-2-0"
        },
        {
          "Player1": "MrGainzzz",
          "Player2": "SanPop",
          "Result": "0-2-0"
        },
        {
          "Player1": "Selfeisek",
          "Player2": "Taddy_99",
          "Result": "2-0-0"
        },
        {
          "Player1": "TerminalJustice",
          "Player2": "Badcookie",
          "Result": "2-0-0"
        },
        {
          "Player1": "Xerk",
          "Player2": "House565",
          "Result": "2-0-0"
        },
        {
          "Player1": "Supercazzola",
          "Player2": "Zoroyaya",
          "Result": "0-2-0"
        },
        {
          "Player1": "_Milhouse",
          "Player2": "_Stream",
          "Result": "0-2-0"
        },
        {
          "Player1": "RCMerriam",
          "Player2": "Gerardo94",
          "Result": "2-0-0"
        },
        {
          "Player1": "JuanmaAT",
          "Player2": "Walri",
          "Result": "2-0-0"
        },
        {
          "Player1": "Olivetti",
          "Player2": "PieGonti",
          "Result": "0-2-0"
        },
        {
          "Player1": "DrizztCRO",
          "Player2": "MeninooNey",
          "Result": "0-2-0"
        },
        {
          "Player1": "Capoeira02",
          "Player2": "TotheparkTeam",
          "Result": "0-2-0"
        },
        {
          "Player1": "marcofabrizi",
          "Player2": "532at",
          "Result": "0-2-0"
        },
        {
          "Player1": "VampireDiaries",
          "Player2": "_Falcon_",
          "Result": "2-1-0"
        },
        {
          "Player1": "LucasG1ggs",
          "Player2": "Curtisaxel",
          "Result": "0-2-0"
        },
        {
          "Player1": "tibalt_of_red_sub",
          "Player2": "DylanGregory",
          "Result": "0-2-0"
        },
        {
          "Player1": "Tobey",
          "Player2": "pfWORTH",
          "Result": "0-2-0"
        },
        {
          "Player1": "Kyoto_Maschi",
          "Player2": "danimaak777",
          "Result": "0-2-0"
        }
      ]
    },
    {
      "RoundName": "Round 2",
      "Matches": [
        {
          "Player1": "DrizztCRO",
          "Player2": "Neymar_Jr",
          "Result": "0-2-0"
        },
        {
          "Player1": "VampireDiaries",
          "Player2": "JuanmaAT",
          "Result": "2-0-0"
        },
        {
          "Player1": "Supercazzola",
          "Player2": "Olivetti",
          "Result": "0-2-0"
        },
        {
          "Player1": "Tobey",
          "Player2": "Misplacedginger",
          "Result": "2-0-0"
        },
        {
          "Player1": "LucasG1ggs",
          "Player2": "Kyoto_Maschi",
          "Result": "0-2-0"
        },
        {
          "Player1": "DylanGregory",
          "Player2": "MeninooNey",
          "Result": "0-2-0"
        },
        {
          "Player1": "_Milhouse",
          "Player2": "PerkyT",
          "Result": "2-0-0"
        },
        {
          "Player1": "manukoka",
          "Player2": "brandi96",
          "Result": "0-2-0"
        },
        {
          "Player1": "Im2SneakyMTG",
          "Player2": "faunafaunafauna",
          "Result": "2-1-0"
        },
        {
          "Player1": "fingers1991",
          "Player2": "SanPop",
          "Result": "2-0-0"
        },
        {
          "Player1": "Capoeira02",
          "Player2": "tibalt_of_red_sub",
          "Result": "0-2-0"
        },
        {
          "Player1": "MdvWin",
          "Player2": "PetrKikac1",
          "Result": "0-2-0"
        },
        {
          "Player1": "redryansox",
          "Player2": "beaver",
          "Result": "0-2-0"
        },
        {
          "Player1": "Selfeisek",
          "Player2": "Ciraris",
          "Result": "2-0-0"
        },
        {
          "Player1": "Raptor_Nachos",
          "Player2": "TerminalJustice",
          "Result": "0-2-0"
        },
        {
          "Player1": "_Stream",
          "Player2": "TotheparkTeam",
          "Result": "2-0-0"
        },
        {
          "Player1": "Edel",
          "Player2": "House565",
          "Result": "2-0-0"
        },
        {
          "Player1": "Gerardo94",
          "Player2": "_Me",
          "Result": "0-2-0"
        },
        {
          "Player1": "lokman120",
          "Player2": "jvidarte",
          "Result": "0-2-0"
        },
        {
          "Player1": "xfile",
          "Player2": "AgentLion09",
          "Result": "0-2-0"
        },
        {
          "Player1": "darklilou",
          "Player2": "danimaak777",
          "Result": "2-0-0"
        },
        {
          "Player1": "Aardos",
          "Player2": "Curtisaxel",
          "Result": "2-0-0"
        },
        {
          "Player1": "KaiserMagus",
          "Player2": "Univerce",
          "Result": "2-0-0"
        },
        {
          "Player1": "MrGainzzz",
          "Player2": "_Falcon_",
          "Result": "0-2-0"
        },
        {
          "Player1": "looknonumbers",
          "Player2": "Tenco19",
          "Result": "2-0-0"
        },
        {
          "Player1": "Drfuzybarrel",
          "Player2": "Walri",
          "Result": "2-0-0"
        },
        {
          "Player1": "pfWORTH",
          "Player2": "532at",
          "Result": "2-0-0"
        },
        {
          "Player1": "Terminus0",
          "Player2": "IWillbreathe",
          "Result": "0-2-0"
        },
        {
          "Player1": "Richie727",
          "Player2": "Taddy_99",
          "Result": "2-0-0"
        },
        {
          "Player1": "marcofabrizi",
          "Player2": "henry_morehouse",
          "Result": "2-0-0"
        },
        {
          "Player1": "Zoroyaya",
          "Player2": "Promothnightz",
          "Result": "2-0-0"
        },
        {
          "Player1": "Xerk",
          "Player2": "NotSnype315",
          "Result": "0-2-0"
        },
        {
          "Player1": "Varo",
          "Player2": "TuckerMTG",
          "Result": "2-0-0"
        },
        {
          "Player1": "RCMerriam",
          "Player2": "PieGonti",
          "Result": "2-0-0"
        },
        {
          "Player1": "Maccaciock",
          "Player2": "hauterho",
          "Result": "0-2-0"
        }
      ]
    },
    {
      "RoundName": "Round 3",
      "Matches": [
        {
          "Player1": "PieGonti",
          "Player2": "532at",
          "Result": "2-0-0"
        },
        {
          "Player1": "House565",
          "Player2": "Taddy_99",
          "Result": "2-0-0"
        },
        {
          "Player1": "IWillbreathe",
          "Player2": "Im2SneakyMTG",
          "Result": "0-2-0"
        },
        {
          "Player1": "Drfuzybarrel",
          "Player2": "TotheparkTeam",
          "Result": "0-2-0"
        },
        {
          "Player1": "Tobey",
          "Player2": "tibalt_of_red_sub",
          "Result": "2-0-0"
        },
        {
          "Player1": "Curtisaxel",
          "Player2": "Neymar_Jr",
          "Result": "2-0-0"
        },
        {
          "Player1": "looknonumbers",
          "Player2": "Richie727",
          "Result": "2-0-0"
        },
        {
          "Player1": "Kyoto_Maschi",
          "Player2": "Ciraris",
          "Result": "2-0-0"
        },
        {
          "Player1": "manukoka",
          "Player2": "faunafaunafauna",
          "Result": "0-2-0"
        },
        {
          "Player1": "marcofabrizi",
          "Player2": "Terminus0",
          "Result": "2-0-0"
        },
        {
          "Player1": "Varo",
          "Player2": "Aardos",
          "Result": "2-0-0"
        },
        {
          "Player1": "fingers1991",
          "Player2": "jvidarte",
          "Result": "0-2-0"
        },
        {
          "Player1": "brandi96",
          "Player2": "Selfeisek",
          "Result": "2-0-0"
        },
        {
          "Player1": "_Stream",
          "Player2": "beaver",
          "Result": "2-1-0"
        },
        {
          "Player1": "O_danielakos",
          "Player2": "TuckerMTG",
          "Result": "2-0-0"
        },
        {
          "Player1": "darklilou",
          "Player2": "JuanmaAT",
          "Result": "2-0-0"
        },
        {
          "Player1": "pfWORTH",
          "Player2": "VampireDiaries",
          "Result": "0-2-0"
        },
        {
          "Player1": "RCMerriam",
          "Player2": "TerminalJustice",
          "Result": "0-2-0"
        },
        {
          "Player1": "DylanGregory",
          "Player2": "PetrKikac1",
          "Result": "0-2-0"
        },
        {
          "Player1": "_Milhouse",
          "Player2": "_Me",
          "Result": "2-0-0"
        },
        {
          "Player1": "Xerk",
          "Player2": "danimaak777",
          "Result": "0-2-0"
        },
        {
          "Player1": "Edel",
          "Player2": "redryansox",
          "Result": "0-2-0"
        },
        {
          "Player1": "Capoeira02",
          "Player2": "MdvWin",
          "Result": "0-2-0"
        },
        {
          "Player1": "AgentLion09",
          "Player2": "Zoroyaya",
          "Result": "2-0-0"
        },
        {
          "Player1": "lokman120",
          "Player2": "Raptor_Nachos",
          "Result": "0-2-0"
        },
        {
          "Player1": "KaiserMagus",
          "Player2": "hauterho",
          "Result": "0-2-0"
        },
        {
          "Player1": "Olivetti",
          "Player2": "SanPop",
          "Result": "2-0-0"
        },
        {
          "Player1": "_Falcon_",
          "Player2": "Promothnightz",
          "Result": "2-0-0"
        },
        {
          "Player1": "MeninooNey",
          "Player2": "NotSnype315",
          "Result": "0-2-0"
        },
        {
          "Player1": "Maccaciock",
          "Player2": "PerkyT",
          "Result": "2-0-0"
        },
        {
          "Player1": "Supercazzola",
          "Player2": "DrizztCRO",
          "Result": "2-0-0"
        }
      ]
    },
    {
      "RoundName": "Round 4",
      "Matches": [
        {
          "Player1": "Aardos",
          "Player2": "Raptor_Nachos",
          "Result": "0-2-0"
        },
        {
          "Player1": "lokman120",
          "Player2": "manukoka",
          "Result": "2-0-0"
        },
        {
          "Player1": "Varo",
          "Player2": "_Stream",
          "Result": "2-0-0"
        },
        {
          "Player1": "darklilou",
          "Player2": "_Milhouse",
          "Result": "2-0-0"
        },
        {
          "Player1": "looknonumbers",
          "Player2": "Kyoto_Maschi",
          "Result": "0-2-0"
        },
        {
          "Player1": "Supercazzola",
          "Player2": "DylanGregory",
          "Result": "2-0-0"
        },
        {
          "Player1": "Ciraris",
          "Player2": "Tenco19",
          "Result": "0-2-0"
        },
        {
          "Player1": "TuckerMTG",
          "Player2": "MdvWin",
          "Result": "2-0-0"
        },
        {
          "Player1": "fingers1991",
          "Player2": "_Falcon_",
          "Result": "0-2-0"
        },
        {
          "Player1": "Capoeira02",
          "Player2": "Taddy_99",
          "Result": "2-0-0"
        },
        {
          "Player1": "Tobey",
          "Player2": "hauterho",
          "Result": "0-2-0"
        },
        {
          "Player1": "Edel",
          "Player2": "JuanmaAT",
          "Result": "2-0-0"
        },
        {
          "Player1": "Olivetti",
          "Player2": "Zoroyaya",
          "Result": "2-0-0"
        },
        {
          "Player1": "O_danielakos",
          "Player2": "Curtisaxel",
          "Result": "0-2-0"
        },
        {
          "Player1": "Terminus0",
          "Player2": "House565",
          "Result": "2-0-0"
        },
        {
          "Player1": "Maccaciock",
          "Player2": "SanPop",
          "Result": "2-0-0"
        },
        {
          "Player1": "tibalt_of_red_sub",
          "Player2": "Drfuzybarrel",
          "Result": "0-2-0"
        },
        {
          "Player1": "brandi96",
          "Player2": "Im2SneakyMTG",
          "Result": "2-0-0"
        },
        {
          "Player1": "TerminalJustice",
          "Player2": "VampireDiaries",
          "Result": "0-2-0"
        },
        {
          "Player1": "beaver",
          "Player2": "IWillbreathe",
          "Result": "0-0-0"
        },
        {
          "Player1": "532at",
          "Player2": "Neymar_Jr",
          "Result": "2-0-0"
        },
        {
          "Player1": "redryansox",
          "Player2": "TotheparkTeam",
          "Result": "0-2-0"
        },
        {
          "Player1": "Selfeisek",
          "Player2": "PieGonti",
          "Result": "0-2-0"
        },
        {
          "Player1": "jvidarte",
          "Player2": "AgentLion09",
          "Result": "2-0-0"
        },
        {
          "Player1": "RCMerriam",
          "Player2": "NotSnype315",
          "Result": "2-0-0"
        },
        {
          "Player1": "danimaak777",
          "Player2": "faunafaunafauna",
          "Result": "2-0-0"
        },
        {
          "Player1": "Xerk",
          "Player2": "_Me",
          "Result": "2-0-0"
        },
        {
          "Player1": "KaiserMagus",
          "Player2": "Promothnightz",
          "Result": "2-0-0"
        },
        {
          "Player1": "PetrKikac1",
          "Player2": "MeninooNey",
          "Result": "0-2-0"
        },
        {
          "Player1": "marcofabrizi",
          "Player2": "pfWORTH",
          "Result": "2-0-0"
        }
      ]
    },
    {
      "RoundName": "Round 5",
      "Matches": [
        {
          "Player1": "darklilou",
          "Player2": "TotheparkTeam",
          "Result": "0-2-0"
        },
        {
          "Player1": "Maccaciock",
          "Player2": "Drfuzybarrel",
          "Result": "2-0-0"
        },
        {
          "Player1": "danimaak777",
          "Player2": "NotSnype315",
          "Result": "2-0-0"
        },
        {
          "Player1": "RCMerriam",
          "Player2": "_Stream",
          "Result": "2-0-0"
        },
        {
          "Player1": "lokman120",
          "Player2": "fingers1991",
          "Result": "2-0-0"
        },
        {
          "Player1": "Olivetti",
          "Player2": "Raptor_Nachos",
          "Result": "0-2-0"
        },
        {
          "Player1": "House565",
          "Player2": "Neymar_Jr",
          "Result": "2-0-0"
        },
        {
          "Player1": "Aardos",
          "Player2": "pfWORTH",
          "Result": "2-0-0"
        },
        {
          "Player1": "marcofabrizi",
          "Player2": "Curtisaxel",
          "Result": "2-0-0"
        },
        {
          "Player1": "Capoeira02",
          "Player2": "Promothnightz",
          "Result": "2-0-0"
        },
        {
          "Player1": "redryansox",
          "Player2": "TuckerMTG",
          "Result": "2-0-0"
        },
        {
          "Player1": "looknonumbers",
          "Player2": "Selfeisek",
          "Result": "0-2-0"
        },
        {
          "Player1": "Varo",
          "Player2": "VampireDiaries",
          "Result": "0-2-0"
        },
        {
          "Player1": "532at",
          "Player2": "Tenco19",
          "Result": "0-0-0"
        },
        {
          "Player1": "brandi96",
          "Player2": "jvidarte",
          "Result": "2-0-0"
        },
        {
          "Player1": "IWillbreathe",
          "Player2": "Ciraris",
          "Result": "2-0-0"
        },
        {
          "Player1": "Kyoto_Maschi",
          "Player2": "MeninooNey",
          "Result": "2-0-0"
        },
        {
          "Player1": "PieGonti",
          "Player2": "Im2SneakyMTG",
          "Result": "1-2-0"
        },
        {
          "Player1": "Supercazzola",
          "Player2": "Tobey",
          "Result": "0-2-0"
        },
        {
          "Player1": "TerminalJustice",
          "Player2": "AgentLion09",
          "Result": "2-0-0"
        },
        {
          "Player1": "Xerk",
          "Player2": "_Falcon_",
          "Result": "2-0-0"
        },
        {
          "Player1": "DylanGregory",
          "Player2": "MdvWin",
          "Result": "2-0-0"
        },
        {
          "Player1": "KaiserMagus",
          "Player2": "Terminus0",
          "Result": "2-0-0"
        },
        {
          "Player1": "hauterho",
          "Player2": "beaver",
          "Result": "2-0-0"
        },
        {
          "Player1": "O_danielakos",
          "Player2": "faunafaunafauna",
          "Result": "0-2-0"
        },
        {
          "Player1": "Edel",
          "Player2": "PetrKikac1",
          "Result": "2-0-0"
        }
      ]
    },
    {
      "RoundName": "Round 6",
      "Matches": [
        {
          "Player1": "Tobey",
          "Player2": "IWillbreathe",
          "Result": "2-0-0"
        },
        {
          "Player1": "KaiserMagus",
          "Player2": "faunafaunafauna",
          "Result": "0-2-0"
        },
        {
          "Player1": "hauterho",
          "Player2": "Raptor_Nachos",
          "Result": "0-2-0"
        },
        {
          "Player1": "Capoeira02",
          "Player2": "DylanGregory",
          "Result": "2-0-0"
        },
        {
          "Player1": "Curtisaxel",
          "Player2": "beaver",
          "Result": "2-0-0"
        },
        {
          "Player1": "pfWORTH",
          "Player2": "PetrKikac1",
          "Result": "0-2-0"
        },
        {
          "Player1": "Olivetti",
          "Player2": "_Falcon_",
          "Result": "2-0-0"
        },
        {
          "Player1": "RCMerriam",
          "Player2": "jvidarte",
          "Result": "0-2-0"
        },
        {
          "Player1": "Edel",
          "Player2": "Selfeisek",
          "Result": "2-0-0"
        },
        {
          "Player1": "Varo",
          "Player2": "Im2SneakyMTG",
          "Result": "2-0-0"
        },
        {
          "Player1": "TotheparkTeam",
          "Player2": "danimaak777",
          "Result": "0-2-0"
        },
        {
          "Player1": "darklilou",
          "Player2": "AgentLion09",
          "Result": "2-0-0"
        },
        {
          "Player1": "Maccaciock",
          "Player2": "_Stream",
          "Result": "0-2-0"
        },
        {
          "Player1": "Aardos",
          "Player2": "Kyoto_Maschi",
          "Result": "0-0-0"
        },
        {
          "Player1": "marcofabrizi",
          "Player2": "TerminalJustice",
          "Result": "2-0-0"
        },
        {
          "Player1": "Xerk",
          "Player2": "532at",
          "Result": "2-0-0"
        },
        {
          "Player1": "PieGonti",
          "Player2": "MeninooNey",
          "Result": "2-0-0"
        },
        {
          "Player1": "Supercazzola",
          "Player2": "Terminus0",
          "Result": "2-0-0"
        },
        {
          "Player1": "Ciraris",
          "Player2": "Promothnightz",
          "Result": "2-0-0"
        },
        {
          "Player1": "House565",
          "Player2": "Tenco19",
          "Result": "0-2-0"
        },
        {
          "Player1": "lokman120",
          "Player2": "redryansox",
          "Result": "0-0-0"
        },
        {
          "Player1": "brandi96",
          "Player2": "VampireDiaries",
          "Result": "2-0-0"
        }
      ]
    },
    {
      "RoundName": "Round 7",
      "Matches": [
        {
          "Player1": "Olivetti",
          "Player2": "Im2SneakyMTG",
          "Result": "0-2-0"
        },
        {
          "Player1": "Edel",
          "Player2": "hauterho",
          "Result": "0-2-0"
        },
        {
          "Player1": "Maccaciock",
          "Player2": "TerminalJustice",
          "Result": "0-2-0"
        },
        {
          "Player1": "Supercazzola",
          "Player2": "KaiserMagus",
          "Result": "2-0-0"
        },
        {
          "Player1": "PetrKikac1",
          "Player2": "Tenco19",
          "Result": "0-0-0"
        },
        {
          "Player1": "Capoeira02",
          "Player2": "AgentLion09",
          "Result": "2-0-0"
        },
        {
          "Player1": "Varo",
          "Player2": "Kyoto_Maschi",
          "Result": "0-2-0"
        },
        {
          "Player1": "lokman120",
          "Player2": "Selfeisek",
          "Result": "0-2-0"
        },
        {
          "Player1": "Curtisaxel",
          "Player2": "faunafaunafauna",
          "Result": "2-0-0"
        },
        {
          "Player1": "Aardos",
          "Player2": "532at",
          "Result": "2-0-0"
        },
        {
          "Player1": "redryansox",
          "Player2": "PieGonti",
          "Result": "0-2-0"
        },
        {
          "Player1": "_Falcon_",
          "Player2": "beaver",
          "Result": "0-2-0"
        },
        {
          "Player1": "Tobey",
          "Player2": "TotheparkTeam",
          "Result": "2-0-0"
        },
        {
          "Player1": "darklilou",
          "Player2": "_Stream",
          "Result": "2-0-0"
        },
        {
          "Player1": "marcofabrizi",
          "Player2": "jvidarte",
          "Result": "0-2-0"
        },
        {
          "Player1": "RCMerriam",
          "Player2": "Xerk",
          "Result": "0-0-0"
        },
        {
          "Player1": "pfWORTH",
          "Player2": "Promothnightz",
          "Result": "2-0-0"
        },
        {
          "Player1": "VampireDiaries",
          "Player2": "danimaak777",
          "Result": "2-0-0"
        },
        {
          "Player1": "Raptor_Nachos",
          "Player2": "brandi96",
          "Result": "0-2-0"
        },
        {
          "Player1": "House565",
          "Player2": "Ciraris",
          "Result": "0-2-0"
        }
      ]
    },
    {
      "RoundName": "Round 8",
      "Matches": [
        {
          "Player1": "VampireDiaries",
          "Player2": "Im2SneakyMTG",
          "Result": "2-0-0"
        },
        {
          "Player1": "Varo",
          "Player2": "jvidarte",
          "Result": "2-0-0"
        },
        {
          "Player1": "Kyoto_Maschi",
          "Player2": "danimaak777",
          "Result": "0-2-0"
        },
        {
          "Player1": "hauterho",
          "Player2": "brandi96",
          "Result": "0-2-0"
        }
      ]
    },
    {
      "RoundName": "Round 9",
      "Matches": [
        {
          "Player1": "brandi96",
          "Player2": "danimaak777",
          "Result": "0-2-0"
        },
        {
          "Player1": "Varo",
          "Player2": "VampireDiaries",
          "Result": "0-2-0"
        }
      ]
    },
    {
      "RoundName": "Round 10",
      "Matches": [
        {
          "Player1": "VampireDiaries",
          "Player2": "danimaak777",
          "Result": "0-2-0"
        }
      ]
    }
  ],
  "Standings": [
    {
      "Rank": 73,
      "Player": "Walri",
      "Points": 0,
      "Wins": 0,
      "Losses": 0,
      "Draws": 0,
      "OMWP": 0.3667,
      "GWP": 0.2,
      "OGWP": 0.34850000000000003
    },
    {
      "Rank": 72,
      "Player": "MrGainzzz",
      "Points": 0,
      "Wins": 0,
      "Losses": 0,
      "Draws": 0,
      "OMWP": 0.381,
      "GWP": 0,
      "OGWP": 0.4353
    },
    {
      "Rank": 71,
      "Player": "Univerce",
      "Points": 0,
      "Wins": 0,
      "Losses": 0,
      "Draws": 0,
      "OMWP": 0.4286,
      "GWP": 0.2,
      "OGWP": 0.4722
    },
    {
      "Rank": 70,
      "Player": "Gerardo94",
      "Points": 0,
      "Wins": 0,
      "Losses": 0,
      "Draws": 0,
      "OMWP": 0.4524,
      "GWP": 0,
      "OGWP": 0.4722
    },
    {
      "Rank": 69,
      "Player": "PerkyT",
      "Points": 0,
      "Wins": 0,
      "Losses": 0,
      "Draws": 0,
      "OMWP": 0.4524,
      "GWP": 0.3333,
      "OGWP": 0.44
    },
    {
      "Rank": 68,
      "Player": "DrizztCRO",
      "Points": 0,
      "Wins": 0,
      "Losses": 0,
      "Draws": 0,
      "OMWP": 0.4683,
      "GWP": 0.1429,
      "OGWP": 0.4739
    },
    {
      "Rank": 67,
      "Player": "henry_morehouse",
      "Points": 0,
      "Wins": 0,
      "Losses": 0,
      "Draws": 0,
      "OMWP": 0.5238,
      "GWP": 0.2,
      "OGWP": 0.4841
    },
    {
      "Rank": 66,
      "Player": "Misplacedginger",
      "Points": 0,
      "Wins": 0,
      "Losses": 0,
      "Draws": 0,
      "OMWP": 0.6570999999999999,
      "GWP": 0.3333,
      "OGWP": 0.5466
    },
    {
      "Rank": 65,
      "Player": "Badcookie",
      "Points": 0,
      "Wins": 0,
      "Losses": 0,
      "Draws": 0,
      "OMWP": 0.7143,
      "GWP": 0,
      "OGWP": 0.6470999999999999
    },
    {
      "Rank": 64,
      "Player": "LucasG1ggs",
      "Points": 0,
      "Wins": 0,
      "Losses": 0,
      "Draws": 0,
      "OMWP": 0.7857,
      "GWP": 0.3333,
      "OGWP": 0.6107
    },
    {
      "Rank": 63,
      "Player": "jev_",
      "Points": 0,
      "Wins": 0,
      "Losses": 0,
      "Draws": 0,
      "OMWP": 0.8571,
      "GWP": 0,
      "OGWP": 0.7059000000000001
    },
    {
      "Rank": 62,
      "Player": "Richie727",
      "Points": 3,
      "Wins": 0,
      "Losses": 0,
      "Draws": 0,
      "OMWP": 0.3556,
      "GWP": 0.375,
      "OGWP": 0.406
    },
    {
      "Rank": 61,
      "Player": "xfile",
      "Points": 3,
      "Wins": 0,
      "Losses": 0,
      "Draws": 0,
      "OMWP": 0.4286,
      "GWP": 0.4,
      "OGWP": 0.4412
    },
    {
      "Rank": 60,
      "Player": "SanPop",
      "Points": 3,
      "Wins": 0,
      "Losses": 0,
      "Draws": 0,
      "OMWP": 0.43329999999999996,
      "GWP": 0.4,
      "OGWP": 0.43770000000000003
    },
    {
      "Rank": 59,
      "Player": "Taddy_99",
      "Points": 3,
      "Wins": 0,
      "Losses": 0,
      "Draws": 0,
      "OMWP": 0.4524,
      "GWP": 0.3846,
      "OGWP": 0.4679
    },
    {
      "Rank": 58,
      "Player": "Promothnightz",
      "Points": 3,
      "Wins": 0,
      "Losses": 0,
      "Draws": 0,
      "OMWP": 0.4551,
      "GWP": 0.2778,
      "OGWP": 0.49770000000000003
    },
    {
      "Rank": 57,
      "Player": "MdvWin",
      "Points": 3,
      "Wins": 0,
      "Losses": 0,
      "Draws": 0,
      "OMWP": 0.461,
      "GWP": 0.35710000000000003,
      "OGWP": 0.4754
    },
    {
      "Rank": 56,
      "Player": "Neymar_Jr",
      "Points": 3,
      "Wins": 0,
      "Losses": 0,
      "Draws": 0,
      "OMWP": 0.47619999999999996,
      "GWP": 0.3077,
      "OGWP": 0.45039999999999997
    },
    {
      "Rank": 55,
      "Player": "tibalt_of_red_sub",
      "Points": 3,
      "Wins": 0,
      "Losses": 0,
      "Draws": 0,
      "OMWP": 0.5047999999999999,
      "GWP": 0.3636,
      "OGWP": 0.48960000000000004
    },
    {
      "Rank": 54,
      "Player": "_Me",
      "Points": 3,
      "Wins": 0,
      "Losses": 0,
      "Draws": 0,
      "OMWP": 0.5297999999999999,
      "GWP": 0.3333,
      "OGWP": 0.5084000000000001
    },
    {
      "Rank": 53,
      "Player": "manukoka",
      "Points": 3,
      "Wins": 0,
      "Losses": 0,
      "Draws": 0,
      "OMWP": 0.5832999999999999,
      "GWP": 0.4167,
      "OGWP": 0.531
    },
    {
      "Rank": 52,
      "Player": "JuanmaAT",
      "Points": 3,
      "Wins": 0,
      "Losses": 0,
      "Draws": 0,
      "OMWP": 0.619,
      "GWP": 0.3333,
      "OGWP": 0.5631
    },
    {
      "Rank": 51,
      "Player": "Drfuzybarrel",
      "Points": 6,
      "Wins": 0,
      "Losses": 0,
      "Draws": 0,
      "OMWP": 0.4133,
      "GWP": 0.3636,
      "OGWP": 0.4293
    },
    {
      "Rank": 50,
      "Player": "DylanGregory",
      "Points": 6,
      "Wins": 0,
      "Losses": 0,
      "Draws": 0,
      "OMWP": 0.45630000000000004,
      "GWP": 0.375,
      "OGWP": 0.478
    },
    {
      "Rank": 49,
      "Player": "House565",
      "Points": 6,
      "Wins": 0,
      "Losses": 0,
      "Draws": 0,
      "OMWP": 0.4694,
      "GWP": 0.3529,
      "OGWP": 0.48729999999999996
    },
    {
      "Rank": 48,
      "Player": "Zoroyaya",
      "Points": 6,
      "Wins": 0,
      "Losses": 0,
      "Draws": 0,
      "OMWP": 0.47619999999999996,
      "GWP": 0.5,
      "OGWP": 0.4804
    },
    {
      "Rank": 47,
      "Player": "Terminus0",
      "Points": 6,
      "Wins": 0,
      "Losses": 0,
      "Draws": 0,
      "OMWP": 0.4802,
      "GWP": 0.35710000000000003,
      "OGWP": 0.48090000000000005
    },
    {
      "Rank": 46,
      "Player": "TuckerMTG",
      "Points": 6,
      "Wins": 0,
      "Losses": 0,
      "Draws": 0,
      "OMWP": 0.4838,
      "GWP": 0.4167,
      "OGWP": 0.48700000000000004
    },
    {
      "Rank": 45,
      "Player": "_Milhouse",
      "Points": 6,
      "Wins": 0,
      "Losses": 0,
      "Draws": 0,
      "OMWP": 0.48810000000000003,
      "GWP": 0.4545,
      "OGWP": 0.4387
    },
    {
      "Rank": 44,
      "Player": "fingers1991",
      "Points": 6,
      "Wins": 0,
      "Losses": 0,
      "Draws": 0,
      "OMWP": 0.49520000000000003,
      "GWP": 0.3846,
      "OGWP": 0.48840000000000006
    },
    {
      "Rank": 43,
      "Player": "O_danielakos",
      "Points": 6,
      "Wins": 0,
      "Losses": 0,
      "Draws": 0,
      "OMWP": 0.5047999999999999,
      "GWP": 0.4545,
      "OGWP": 0.4679
    },
    {
      "Rank": 42,
      "Player": "looknonumbers",
      "Points": 6,
      "Wins": 0,
      "Losses": 0,
      "Draws": 0,
      "OMWP": 0.6095,
      "GWP": 0.4167,
      "OGWP": 0.5694
    },
    {
      "Rank": 41,
      "Player": "PetrKikac1",
      "Points": 9,
      "Wins": 0,
      "Losses": 0,
      "Draws": 0,
      "OMWP": 0.46259999999999996,
      "GWP": 0.4706,
      "OGWP": 0.48340000000000005
    },
    {
      "Rank": 40,
      "Player": "Maccaciock",
      "Points": 9,
      "Wins": 0,
      "Losses": 0,
      "Draws": 0,
      "OMWP": 0.49520000000000003,
      "GWP": 0.44439999999999996,
      "OGWP": 0.45409999999999995
    },
    {
      "Rank": 39,
      "Player": "Ciraris",
      "Points": 9,
      "Wins": 0,
      "Losses": 0,
      "Draws": 0,
      "OMWP": 0.5,
      "GWP": 0.44439999999999996,
      "OGWP": 0.475
    },
    {
      "Rank": 38,
      "Player": "KaiserMagus",
      "Points": 9,
      "Wins": 0,
      "Losses": 0,
      "Draws": 0,
      "OMWP": 0.5102,
      "GWP": 0.5,
      "OGWP": 0.47009999999999996
    },
    {
      "Rank": 37,
      "Player": "lokman120",
      "Points": 9,
      "Wins": 0,
      "Losses": 0,
      "Draws": 0,
      "OMWP": 0.5401,
      "GWP": 0.4211,
      "OGWP": 0.5127
    },
    {
      "Rank": 36,
      "Player": "_Falcon_",
      "Points": 9,
      "Wins": 0,
      "Losses": 0,
      "Draws": 0,
      "OMWP": 0.5401,
      "GWP": 0.4706,
      "OGWP": 0.513
    },
    {
      "Rank": 35,
      "Player": "MeninooNey",
      "Points": 9,
      "Wins": 0,
      "Losses": 0,
      "Draws": 0,
      "OMWP": 0.5444,
      "GWP": 0.5,
      "OGWP": 0.47700000000000004
    },
    {
      "Rank": 34,
      "Player": "IWillbreathe",
      "Points": 9,
      "Wins": 0,
      "Losses": 0,
      "Draws": 0,
      "OMWP": 0.5524,
      "GWP": 0.5,
      "OGWP": 0.5182
    },
    {
      "Rank": 33,
      "Player": "NotSnype315",
      "Points": 9,
      "Wins": 0,
      "Losses": 0,
      "Draws": 0,
      "OMWP": 0.5667,
      "GWP": 0.46149999999999997,
      "OGWP": 0.5379999999999999
    },
    {
      "Rank": 32,
      "Player": "532at",
      "Points": 9,
      "Wins": 0,
      "Losses": 0,
      "Draws": 0,
      "OMWP": 0.5782,
      "GWP": 0.44439999999999996,
      "OGWP": 0.5478999999999999
    },
    {
      "Rank": 31,
      "Player": "pfWORTH",
      "Points": 9,
      "Wins": 0,
      "Losses": 0,
      "Draws": 0,
      "OMWP": 0.5782,
      "GWP": 0.5263,
      "OGWP": 0.5318999999999999
    },
    {
      "Rank": 30,
      "Player": "AgentLion09",
      "Points": 9,
      "Wins": 0,
      "Losses": 0,
      "Draws": 0,
      "OMWP": 0.6327,
      "GWP": 0.4118,
      "OGWP": 0.5792
    },
    {
      "Rank": 29,
      "Player": "Capoeira02",
      "Points": 12,
      "Wins": 0,
      "Losses": 0,
      "Draws": 0,
      "OMWP": 0.381,
      "GWP": 0.5882000000000001,
      "OGWP": 0.402
    },
    {
      "Rank": 28,
      "Player": "Tenco19",
      "Points": 12,
      "Wins": 0,
      "Losses": 0,
      "Draws": 0,
      "OMWP": 0.43170000000000003,
      "GWP": 0.6,
      "OGWP": 0.4426
    },
    {
      "Rank": 27,
      "Player": "Supercazzola",
      "Points": 12,
      "Wins": 0,
      "Losses": 0,
      "Draws": 0,
      "OMWP": 0.4592,
      "GWP": 0.5882000000000001,
      "OGWP": 0.4693
    },
    {
      "Rank": 26,
      "Player": "Edel",
      "Points": 12,
      "Wins": 0,
      "Losses": 0,
      "Draws": 0,
      "OMWP": 0.483,
      "GWP": 0.625,
      "OGWP": 0.4572
    },
    {
      "Rank": 25,
      "Player": "redryansox",
      "Points": 12,
      "Wins": 0,
      "Losses": 0,
      "Draws": 0,
      "OMWP": 0.5129,
      "GWP": 0.5263,
      "OGWP": 0.5084000000000001
    },
    {
      "Rank": 24,
      "Player": "faunafaunafauna",
      "Points": 12,
      "Wins": 0,
      "Losses": 0,
      "Draws": 0,
      "OMWP": 0.5196999999999999,
      "GWP": 0.55,
      "OGWP": 0.49060000000000004
    },
    {
      "Rank": 23,
      "Player": "beaver",
      "Points": 12,
      "Wins": 0,
      "Losses": 0,
      "Draws": 0,
      "OMWP": 0.5476,
      "GWP": 0.5789,
      "OGWP": 0.49310000000000004
    },
    {
      "Rank": 22,
      "Player": "Selfeisek",
      "Points": 12,
      "Wins": 0,
      "Losses": 0,
      "Draws": 0,
      "OMWP": 0.5537,
      "GWP": 0.5556,
      "OGWP": 0.5201
    },
    {
      "Rank": 21,
      "Player": "Olivetti",
      "Points": 12,
      "Wins": 0,
      "Losses": 0,
      "Draws": 0,
      "OMWP": 0.568,
      "GWP": 0.5882000000000001,
      "OGWP": 0.5394
    },
    {
      "Rank": 20,
      "Player": "_Stream",
      "Points": 12,
      "Wins": 0,
      "Losses": 0,
      "Draws": 0,
      "OMWP": 0.5816,
      "GWP": 0.5,
      "OGWP": 0.5713
    },
    {
      "Rank": 19,
      "Player": "TotheparkTeam",
      "Points": 12,
      "Wins": 0,
      "Losses": 0,
      "Draws": 0,
      "OMWP": 0.6082,
      "GWP": 0.5882000000000001,
      "OGWP": 0.5396
    },
    {
      "Rank": 18,
      "Player": "Aardos",
      "Points": 12,
      "Wins": 0,
      "Losses": 0,
      "Draws": 0,
      "OMWP": 0.6327,
      "GWP": 0.5263,
      "OGWP": 0.5989
    },
    {
      "Rank": 17,
      "Player": "RCMerriam",
      "Points": 12,
      "Wins": 0,
      "Losses": 0,
      "Draws": 0,
      "OMWP": 0.6435,
      "GWP": 0.6111,
      "OGWP": 0.5550999999999999
    },
    {
      "Rank": 16,
      "Player": "Xerk",
      "Points": 15,
      "Wins": 0,
      "Losses": 0,
      "Draws": 0,
      "OMWP": 0.48710000000000003,
      "GWP": 0.6667000000000001,
      "OGWP": 0.4647
    },
    {
      "Rank": 15,
      "Player": "Tobey",
      "Points": 15,
      "Wins": 0,
      "Losses": 0,
      "Draws": 0,
      "OMWP": 0.4932,
      "GWP": 0.6315999999999999,
      "OGWP": 0.4928
    },
    {
      "Rank": 14,
      "Player": "Curtisaxel",
      "Points": 15,
      "Wins": 0,
      "Losses": 0,
      "Draws": 0,
      "OMWP": 0.4993,
      "GWP": 0.5714,
      "OGWP": 0.4839
    },
    {
      "Rank": 13,
      "Player": "marcofabrizi",
      "Points": 15,
      "Wins": 0,
      "Losses": 0,
      "Draws": 0,
      "OMWP": 0.5442,
      "GWP": 0.6111,
      "OGWP": 0.5122
    },
    {
      "Rank": 12,
      "Player": "darklilou",
      "Points": 15,
      "Wins": 0,
      "Losses": 0,
      "Draws": 0,
      "OMWP": 0.5476,
      "GWP": 0.5882000000000001,
      "OGWP": 0.5143
    },
    {
      "Rank": 11,
      "Player": "PieGonti",
      "Points": 15,
      "Wins": 0,
      "Losses": 0,
      "Draws": 0,
      "OMWP": 0.5611999999999999,
      "GWP": 0.5714,
      "OGWP": 0.5435
    },
    {
      "Rank": 10,
      "Player": "TerminalJustice",
      "Points": 15,
      "Wins": 0,
      "Losses": 0,
      "Draws": 0,
      "OMWP": 0.5782,
      "GWP": 0.6470999999999999,
      "OGWP": 0.5406
    },
    {
      "Rank": 9,
      "Player": "Raptor_Nachos",
      "Points": 15,
      "Wins": 0,
      "Losses": 0,
      "Draws": 0,
      "OMWP": 0.6286,
      "GWP": 0.6667000000000001,
      "OGWP": 0.561
    },
    {
      "Rank": 8,
      "Player": "hauterho",
      "Points": 15,
      "Wins": 0,
      "Losses": 0,
      "Draws": 0,
      "OMWP": 0.6327,
      "GWP": 0.55,
      "OGWP": 0.6035
    },
    {
      "Rank": 7,
      "Player": "Im2SneakyMTG",
      "Points": 15,
      "Wins": 0,
      "Losses": 0,
      "Draws": 0,
      "OMWP": 0.6429,
      "GWP": 0.5789,
      "OGWP": 0.603
    },
    {
      "Rank": 6,
      "Player": "Kyoto_Maschi",
      "Points": 18,
      "Wins": 0,
      "Losses": 0,
      "Draws": 0,
      "OMWP": 0.5231,
      "GWP": 0.65,
      "OGWP": 0.5047
    },
    {
      "Rank": 5,
      "Player": "jvidarte",
      "Points": 18,
      "Wins": 0,
      "Losses": 0,
      "Draws": 0,
      "OMWP": 0.5537,
      "GWP": 0.7059000000000001,
      "OGWP": 0.5073
    },
    {
      "Rank": 4,
      "Player": "Varo",
      "Points": 18,
      "Wins": 0,
      "Losses": 0,
      "Draws": 0,
      "OMWP": 0.6694,
      "GWP": 0.7333,
      "OGWP": 0.5666
    },
    {
      "Rank": 3,
      "Player": "brandi96",
      "Points": 24,
      "Wins": 0,
      "Losses": 0,
      "Draws": 0,
      "OMWP": 0.6803,
      "GWP": 0.7778,
      "OGWP": 0.5971
    },
    {
      "Rank": 2,
      "Player": "VampireDiaries",
      "Points": 24,
      "Wins": 0,
      "Losses": 0,
      "Draws": 0,
      "OMWP": 0.619,
      "GWP": 0.7059000000000001,
      "OGWP": 0.5811
    },
    {
      "Rank": 1,
      "Player": "danimaak777",
      "Points": 24,
      "Wins": 0,
      "Losses": 0,
      "Draws": 0,
      "OMWP": 0.698,
      "GWP": 0.5789,
      "OGWP": 0.6015
    }
  ]
}