{
  "Tournament": {
    "Id": 12803687,
    "Date": "2025-07-19T03:00:00",
    "Name": "Modern Challenge 32",
    "Uri": null,
    "JsonFile": null,
    "ForceRedownload": false
  },
  "Decks": null,
  "Rounds": [
    {
      "RoundName": "Round 1",
      "Matches": [
        {
          "Player1": "zturchan",
          "Player2": "DemianDesposito10",
          "Result": "2-0-0"
        },
        {
          "Player1": "DragonFodder",
          "Player2": "tibalt_of_red_sub",
          "Result": "0-2-0"
        },
        {
          "Player1": "Marvin_Dalkiri",
          "Player2": "Skrocious",
          "Result": "2-0-0"
        },
        {
          "Player1": "galatriste",
          "Player2": "sixmp",
          "Result": "0-2-0"
        },
        {
          "Player1": "underdog111",
          "Player2": "Feski713",
          "Result": "2-0-0"
        },
        {
          "Player1": "Sandile",
          "Player2": "CLChad",
          "Result": "2-0-0"
        },
        {
          "Player1": "azax",
          "Player2": "McBronze",
          "Result": "2-0-0"
        },
        {
          "Player1": "unworldlyorigin",
          "Player2": "UnbanOko",
          "Result": "2-0-0"
        },
        {
          "Player1": "felider",
          "Player2": "MikeOxlittle",
          "Result": "2-0-0"
        },
        {
          "Player1": "darbsoma",
          "Player2": "Giltspire",
          "Result": "2-0-0"
        },
        {
          "Player1": "JakeTMS",
          "Player2": "notoary",
          "Result": "0-2-0"
        },
        {
          "Player1": "RandomGameActions",
          "Player2": "garlandm5",
          "Result": "2-0-0"
        },
        {
          "Player1": "bless_von",
          "Player2": "oinkmage22",
          "Result": "2-0-0"
        },
        {
          "Player1": "No_e_that_knows",
          "Player2": "Aimbot",
          "Result": "0-2-0"
        },
        {
          "Player1": "O_danielakos",
          "Player2": "Selfeisek",
          "Result": "2-1-0"
        },
        {
          "Player1": "Sarlanga",
          "Player2": "MMelo",
          "Result": "0-0-0"
        },
        {
          "Player1": "blackdecks99",
          "Player2": "Mazianos",
          "Result": "0-2-0"
        },
        {
          "Player1": "CrisMTG77",
          "Player2": "Kyoto_Maschi",
          "Result": "2-0-0"
        },
        {
          "Player1": "YungDingo",
          "Player2": "LucasG1ggs",
          "Result": "0-2-0"
        },
        {
          "Player1": "jvidarte",
          "Player2": "SirSemaj429",
          "Result": "0-0-0"
        },
        {
          "Player1": "chrish2134",
          "Player2": "Badcookie",
          "Result": "0-2-0"
        },
        {
          "Player1": "DLCabelo",
          "Player2": "NotSnype315",
          "Result": "0-2-0"
        },
        {
          "Player1": "LemonadeArchery",
          "Player2": "GothMuse",
          "Result": "0-2-0"
        },
        {
          "Player1": "Venom1",
          "Player2": "myra00",
          "Result": "2-0-0"
        },
        {
          "Player1": "HelpfulHobo",
          "Player2": "B3LF3GoR",
          "Result": "0-2-0"
        },
        {
          "Player1": "rastaf",
          "Player2": "Cabz",
          "Result": "2-0-0"
        },
        {
          "Player1": "laughingrock",
          "Player2": "samsoni1",
          "Result": "2-0-0"
        },
        {
          "Player1": "Shadowz2005",
          "Player2": "MisterTwin",
          "Result": "0-2-0"
        },
        {
          "Player1": "ilovelamp",
          "Player2": "xerioc",
          "Result": "2-0-0"
        }
      ]
    },
    {
      "RoundName": "Round 2",
      "Matches": [
        {
          "Player1": "Shadowz2005",
          "Player2": "DemianDesposito10",
          "Result": "2-0-0"
        },
        {
          "Player1": "RandomGameActions",
          "Player2": "laughingrock",
          "Result": "2-0-0"
        },
        {
          "Player1": "samsoni1",
          "Player2": "MikeOxlittle",
          "Result": "2-0-0"
        },
        {
          "Player1": "unworldlyorigin",
          "Player2": "B3LF3GoR",
          "Result": "0-2-0"
        },
        {
          "Player1": "Venom1",
          "Player2": "NotSnype315",
          "Result": "2-0-0"
        },
        {
          "Player1": "CLChad",
          "Player2": "McBronze",
          "Result": "2-0-0"
        },
        {
          "Player1": "azax",
          "Player2": "Sandile",
          "Result": "2-0-0"
        },
        {
          "Player1": "tibalt_of_red_sub",
          "Player2": "bless_von",
          "Result": "0-2-0"
        },
        {
          "Player1": "Selfeisek",
          "Player2": "HelpfulHobo",
          "Result": "2-0-0"
        },
        {
          "Player1": "DragonFodder",
          "Player2": "YungDingo",
          "Result": "0-2-0"
        },
        {
          "Player1": "galatriste",
          "Player2": "felider",
          "Result": "2-0-0"
        },
        {
          "Player1": "garlandm5",
          "Player2": "Feski713",
          "Result": "0-0-0"
        },
        {
          "Player1": "zturchan",
          "Player2": "GothMuse",
          "Result": "2-0-0"
        },
        {
          "Player1": "SirSemaj429",
          "Player2": "LemonadeArchery",
          "Result": "0-2-0"
        },
        {
          "Player1": "Giltspire",
          "Player2": "Kyoto_Maschi",
          "Result": "0-2-0"
        },
        {
          "Player1": "darbsoma",
          "Player2": "notoary",
          "Result": "0-2-0"
        },
        {
          "Player1": "xerioc",
          "Player2": "Skrocious",
          "Result": "1-2-0"
        },
        {
          "Player1": "Mazianos",
          "Player2": "MisterTwin",
          "Result": "0-2-0"
        },
        {
          "Player1": "DLCabelo",
          "Player2": "JakeTMS",
          "Result": "2-0-0"
        },
        {
          "Player1": "ilovelamp",
          "Player2": "CrisMTG77",
          "Result": "2-0-0"
        },
        {
          "Player1": "Cabz",
          "Player2": "No_e_that_knows",
          "Result": "2-0-0"
        },
        {
          "Player1": "Sarlanga",
          "Player2": "UnbanOko",
          "Result": "2-0-0"
        },
        {
          "Player1": "LucasG1ggs",
          "Player2": "jvidarte",
          "Result": "2-0-0"
        },
        {
          "Player1": "underdog111",
          "Player2": "Aimbot",
          "Result": "2-0-0"
        },
        {
          "Player1": "Marvin_Dalkiri",
          "Player2": "sixmp",
          "Result": "0-2-0"
        },
        {
          "Player1": "chrish2134",
          "Player2": "myra00",
          "Result": "0-0-0"
        },
        {
          "Player1": "MMelo",
          "Player2": "Badcookie",
          "Result": "0-2-0"
        },
        {
          "Player1": "rastaf",
          "Player2": "O_danielakos",
          "Result": "2-0-0"
        }
      ]
    },
    {
      "RoundName": "Round 3",
      "Matches": [
        {
          "Player1": "CLChad",
          "Player2": "LemonadeArchery",
          "Result": "0-2-0"
        },
        {
          "Player1": "laughingrock",
          "Player2": "unworldlyorigin",
          "Result": "0-2-0"
        },
        {
          "Player1": "DragonFodder",
          "Player2": "No_e_that_knows",
          "Result": "0-2-0"
        },
        {
          "Player1": "bless_von",
          "Player2": "B3LF3GoR",
          "Result": "2-0-0"
        },
        {
          "Player1": "tibalt_of_red_sub",
          "Player2": "Cabz",
          "Result": "0-2-0"
        },
        {
          "Player1": "chrish2134",
          "Player2": "Kyoto_Maschi",
          "Result": "0-2-0"
        },
        {
          "Player1": "Feski713",
          "Player2": "jvidarte",
          "Result": "2-0-0"
        },
        {
          "Player1": "zturchan",
          "Player2": "sixmp",
          "Result": "0-2-0"
        },
        {
          "Player1": "DLCabelo",
          "Player2": "Shadowz2005",
          "Result": "0-2-0"
        },
        {
          "Player1": "darbsoma",
          "Player2": "MMelo",
          "Result": "2-0-0"
        },
        {
          "Player1": "underdog111",
          "Player2": "MisterTwin",
          "Result": "0-2-0"
        },
        {
          "Player1": "DemianDesposito10",
          "Player2": "JakeTMS",
          "Result": "0-2-0"
        },
        {
          "Player1": "rastaf",
          "Player2": "Badcookie",
          "Result": "2-0-0"
        },
        {
          "Player1": "CrisMTG77",
          "Player2": "Aimbot",
          "Result": "2-0-0"
        },
        {
          "Player1": "felider",
          "Player2": "Sandile",
          "Result": "2-0-0"
        },
        {
          "Player1": "Marvin_Dalkiri",
          "Player2": "GothMuse",
          "Result": "0-2-0"
        },
        {
          "Player1": "ilovelamp",
          "Player2": "notoary",
          "Result": "2-0-0"
        },
        {
          "Player1": "Skrocious",
          "Player2": "Mazianos",
          "Result": "1-2-0"
        },
        {
          "Player1": "LucasG1ggs",
          "Player2": "Venom1",
          "Result": "0-2-0"
        },
        {
          "Player1": "Sarlanga",
          "Player2": "galatriste",
          "Result": "2-0-0"
        },
        {
          "Player1": "Selfeisek",
          "Player2": "YungDingo",
          "Result": "2-0-0"
        },
        {
          "Player1": "RandomGameActions",
          "Player2": "azax",
          "Result": "0-2-0"
        },
        {
          "Player1": "O_danielakos",
          "Player2": "samsoni1",
          "Result": "2-0-0"
        }
      ]
    },
    {
      "RoundName": "Round 4",
      "Matches": [
        {
          "Player1": "Sarlanga",
          "Player2": "Selfeisek",
          "Result": "0-2-0"
        },
        {
          "Player1": "Shadowz2005",
          "Player2": "GothMuse",
          "Result": "0-2-0"
        },
        {
          "Player1": "ilovelamp",
          "Player2": "Venom1",
          "Result": "0-2-0"
        },
        {
          "Player1": "Feski713",
          "Player2": "B3LF3GoR",
          "Result": "2-0-0"
        },
        {
          "Player1": "underdog111",
          "Player2": "RandomGameActions",
          "Result": "2-0-0"
        },
        {
          "Player1": "Cabz",
          "Player2": "notoary",
          "Result": "2-0-0"
        },
        {
          "Player1": "Marvin_Dalkiri",
          "Player2": "jvidarte",
          "Result": "0-2-0"
        },
        {
          "Player1": "darbsoma",
          "Player2": "LemonadeArchery",
          "Result": "2-0-0"
        },
        {
          "Player1": "O_danielakos",
          "Player2": "Kyoto_Maschi",
          "Result": "1-2-0"
        },
        {
          "Player1": "LucasG1ggs",
          "Player2": "Badcookie",
          "Result": "0-2-0"
        },
        {
          "Player1": "azax",
          "Player2": "MisterTwin",
          "Result": "2-0-0"
        },
        {
          "Player1": "chrish2134",
          "Player2": "YungDingo",
          "Result": "0-0-0"
        },
        {
          "Player1": "DLCabelo",
          "Player2": "MMelo",
          "Result": "2-0-0"
        },
        {
          "Player1": "tibalt_of_red_sub",
          "Player2": "SirSemaj429",
          "Result": "0-2-0"
        },
        {
          "Player1": "felider",
          "Player2": "unworldlyorigin",
          "Result": "2-0-0"
        },
        {
          "Player1": "galatriste",
          "Player2": "Skrocious",
          "Result": "2-0-0"
        },
        {
          "Player1": "bless_von",
          "Player2": "sixmp",
          "Result": "0-2-0"
        },
        {
          "Player1": "samsoni1",
          "Player2": "JakeTMS",
          "Result": "2-0-0"
        },
        {
          "Player1": "zturchan",
          "Player2": "Mazianos",
          "Result": "2-0-0"
        },
        {
          "Player1": "rastaf",
          "Player2": "CrisMTG77",
          "Result": "0-2-0"
        }
      ]
    },
    {
      "RoundName": "Round 5",
      "Matches": [
        {
          "Player1": "galatriste",
          "Player2": "unworldlyorigin",
          "Result": "2-0-0"
        },
        {
          "Player1": "RandomGameActions",
          "Player2": "notoary",
          "Result": "2-0-0"
        },
        {
          "Player1": "Sarlanga",
          "Player2": "O_danielakos",
          "Result": "0-2-0"
        },
        {
          "Player1": "zturchan",
          "Player2": "Venom1",
          "Result": "0-2-0"
        },
        {
          "Player1": "azax",
          "Player2": "sixmp",
          "Result": "2-0-0"
        },
        {
          "Player1": "jvidarte",
          "Player2": "Mazianos",
          "Result": "2-0-0"
        },
        {
          "Player1": "Shadowz2005",
          "Player2": "LemonadeArchery",
          "Result": "0-0-0"
        },
        {
          "Player1": "samsoni1",
          "Player2": "SirSemaj429",
          "Result": "0-2-0"
        },
        {
          "Player1": "DLCabelo",
          "Player2": "B3LF3GoR",
          "Result": "2-0-0"
        },
        {
          "Player1": "LucasG1ggs",
          "Player2": "chrish2134",
          "Result": "0-0-0"
        },
        {
          "Player1": "Badcookie",
          "Player2": "GothMuse",
          "Result": "0-2-0"
        },
        {
          "Player1": "darbsoma",
          "Player2": "bless_von",
          "Result": "0-0-0"
        },
        {
          "Player1": "rastaf",
          "Player2": "Selfeisek",
          "Result": "2-0-0"
        },
        {
          "Player1": "tibalt_of_red_sub",
          "Player2": "MMelo",
          "Result": "0-2-0"
        },
        {
          "Player1": "Feski713",
          "Player2": "felider",
          "Result": "2-0-0"
        },
        {
          "Player1": "Kyoto_Maschi",
          "Player2": "MisterTwin",
          "Result": "0-2-0"
        },
        {
          "Player1": "Cabz",
          "Player2": "CrisMTG77",
          "Result": "0-2-0"
        },
        {
          "Player1": "underdog111",
          "Player2": "ilovelamp",
          "Result": "0-2-0"
        }
      ]
    },
    {
      "RoundName": "Round 6",
      "Matches": [
        {
          "Player1": "ilovelamp",
          "Player2": "GothMuse",
          "Result": "2-0-0"
        },
        {
          "Player1": "underdog111",
          "Player2": "jvidarte",
          "Result": "0-2-0"
        },
        {
          "Player1": "samsoni1",
          "Player2": "MMelo",
          "Result": "0-2-0"
        },
        {
          "Player1": "DLCabelo",
          "Player2": "felider",
          "Result": "0-2-0"
        },
        {
          "Player1": "Venom1",
          "Player2": "azax",
          "Result": "0-2-0"
        },
        {
          "Player1": "bless_von",
          "Player2": "CrisMTG77",
          "Result": "2-0-0"
        },
        {
          "Player1": "sixmp",
          "Player2": "MisterTwin",
          "Result": "0-0-0"
        },
        {
          "Player1": "O_danielakos",
          "Player2": "darbsoma",
          "Result": "0-2-0"
        },
        {
          "Player1": "LucasG1ggs",
          "Player2": "notoary",
          "Result": "2-0-0"
        },
        {
          "Player1": "zturchan",
          "Player2": "galatriste",
          "Result": "0-2-0"
        },
        {
          "Player1": "Selfeisek",
          "Player2": "SirSemaj429",
          "Result": "0-2-0"
        },
        {
          "Player1": "Sarlanga",
          "Player2": "unworldlyorigin",
          "Result": "2-0-0"
        },
        {
          "Player1": "rastaf",
          "Player2": "Feski713",
          "Result": "0-2-0"
        },
        {
          "Player1": "chrish2134",
          "Player2": "LemonadeArchery",
          "Result": "2-0-0"
        },
        {
          "Player1": "Mazianos",
          "Player2": "B3LF3GoR",
          "Result": "0-0-0"
        },
        {
          "Player1": "RandomGameActions",
          "Player2": "Badcookie",
          "Result": "0-2-0"
        },
        {
          "Player1": "Cabz",
          "Player2": "Kyoto_Maschi",
          "Result": "0-2-0"
        }
      ]
    },
    {
      "RoundName": "Round 7",
      "Matches": [
        {
          "Player1": "ilovelamp",
          "Player2": "Feski713",
          "Result": "2-0-0"
        },
        {
          "Player1": "Venom1",
          "Player2": "bless_von",
          "Result": "0-2-0"
        },
        {
          "Player1": "sixmp",
          "Player2": "MisterTwin",
          "Result": "0-2-0"
        },
        {
          "Player1": "azax",
          "Player2": "CrisMTG77",
          "Result": "2-0-0"
        }
      ]
    },
    {
      "RoundName": "Round 8",
      "Matches": [
        {
          "Player1": "bless_von",
          "Player2": "MisterTwin",
          "Result": "2-0-0"
        },
        {
          "Player1": "ilovelamp",
          "Player2": "azax",
          "Result": "2-0-0"
        }
      ]
    },
    {
      "RoundName": "Round 9",
      "Matches": [
        {
          "Player1": "ilovelamp",
          "Player2": "bless_von",
          "Result": "2-0-0"
        }
      ]
    }
  ],
  "Standings": [
    {
      "Rank": 58,
      "Player": "DragonFodder",
      "Points": 0,
      "Wins": 0,
      "Losses": 0,
      "Draws": 0,
      "OMWP": 0.3333,
      "GWP": 0.25,
      "OGWP": 0.3831
    },
    {
      "Rank": 57,
      "Player": "DemianDesposito10",
      "Points": 0,
      "Wins": 0,
      "Losses": 0,
      "Draws": 0,
      "OMWP": 0.4111,
      "GWP": 0.3333,
      "OGWP": 0.42590000000000006
    },
    {
      "Rank": 56,
      "Player": "UnbanOko",
      "Points": 0,
      "Wins": 0,
      "Losses": 0,
      "Draws": 0,
      "OMWP": 0.4167,
      "GWP": 0,
      "OGWP": 0.46880000000000005
    },
    {
      "Rank": 55,
      "Player": "HelpfulHobo",
      "Points": 0,
      "Wins": 0,
      "Losses": 0,
      "Draws": 0,
      "OMWP": 0.4167,
      "GWP": 0.2,
      "OGWP": 0.4725
    },
    {
      "Rank": 54,
      "Player": "blackdecks99",
      "Points": 0,
      "Wins": 0,
      "Losses": 0,
      "Draws": 0,
      "OMWP": 0.5,
      "GWP": 0,
      "OGWP": 0.4667
    },
    {
      "Rank": 53,
      "Player": "MikeOxlittle",
      "Points": 0,
      "Wins": 0,
      "Losses": 0,
      "Draws": 0,
      "OMWP": 0.5,
      "GWP": 0.3333,
      "OGWP": 0.46880000000000005
    },
    {
      "Rank": 52,
      "Player": "xerioc",
      "Points": 0,
      "Wins": 0,
      "Losses": 0,
      "Draws": 0,
      "OMWP": 0.5832999999999999,
      "GWP": 0.2,
      "OGWP": 0.5417000000000001
    },
    {
      "Rank": 51,
      "Player": "McBronze",
      "Points": 0,
      "Wins": 0,
      "Losses": 0,
      "Draws": 0,
      "OMWP": 0.6667000000000001,
      "GWP": 0,
      "OGWP": 0.75
    },
    {
      "Rank": 50,
      "Player": "garlandm5",
      "Points": 0,
      "Wins": 0,
      "Losses": 0,
      "Draws": 0,
      "OMWP": 0.6667000000000001,
      "GWP": 0.3333,
      "OGWP": 0.5625
    },
    {
      "Rank": 49,
      "Player": "Giltspire",
      "Points": 0,
      "Wins": 0,
      "Losses": 0,
      "Draws": 0,
      "OMWP": 0.6667000000000001,
      "GWP": 0.3333,
      "OGWP": 0.5625
    },
    {
      "Rank": 48,
      "Player": "myra00",
      "Points": 0,
      "Wins": 0,
      "Losses": 0,
      "Draws": 0,
      "OMWP": 0.75,
      "GWP": 0.2,
      "OGWP": 0.6275
    },
    {
      "Rank": 47,
      "Player": "oinkmage22",
      "Points": 0,
      "Wins": 0,
      "Losses": 0,
      "Draws": 0,
      "OMWP": 0.8332999999999999,
      "GWP": 0.3333,
      "OGWP": 0.5882000000000001
    },
    {
      "Rank": 46,
      "Player": "JakeTMS",
      "Points": 3,
      "Wins": 0,
      "Losses": 0,
      "Draws": 0,
      "OMWP": 0.375,
      "GWP": 0.3636,
      "OGWP": 0.43
    },
    {
      "Rank": 45,
      "Player": "No_e_that_knows",
      "Points": 3,
      "Wins": 0,
      "Losses": 0,
      "Draws": 0,
      "OMWP": 0.3889,
      "GWP": 0.4286,
      "OGWP": 0.3889
    },
    {
      "Rank": 44,
      "Player": "laughingrock",
      "Points": 3,
      "Wins": 0,
      "Losses": 0,
      "Draws": 0,
      "OMWP": 0.3889,
      "GWP": 0.44439999999999996,
      "OGWP": 0.4167
    },
    {
      "Rank": 43,
      "Player": "CLChad",
      "Points": 3,
      "Wins": 0,
      "Losses": 0,
      "Draws": 0,
      "OMWP": 0.3889,
      "GWP": 0.5,
      "OGWP": 0.3889
    },
    {
      "Rank": 42,
      "Player": "Skrocious",
      "Points": 3,
      "Wins": 0,
      "Losses": 0,
      "Draws": 0,
      "OMWP": 0.4583,
      "GWP": 0.4167,
      "OGWP": 0.4233
    },
    {
      "Rank": 41,
      "Player": "Aimbot",
      "Points": 3,
      "Wins": 0,
      "Losses": 0,
      "Draws": 0,
      "OMWP": 0.5,
      "GWP": 0.3333,
      "OGWP": 0.5476
    },
    {
      "Rank": 40,
      "Player": "YungDingo",
      "Points": 3,
      "Wins": 0,
      "Losses": 0,
      "Draws": 0,
      "OMWP": 0.5,
      "GWP": 0.3636,
      "OGWP": 0.48869999999999997
    },
    {
      "Rank": 39,
      "Player": "Marvin_Dalkiri",
      "Points": 3,
      "Wins": 0,
      "Losses": 0,
      "Draws": 0,
      "OMWP": 0.625,
      "GWP": 0.3636,
      "OGWP": 0.5533
    },
    {
      "Rank": 38,
      "Player": "Sandile",
      "Points": 3,
      "Wins": 0,
      "Losses": 0,
      "Draws": 0,
      "OMWP": 0.6667000000000001,
      "GWP": 0.2857,
      "OGWP": 0.6875
    },
    {
      "Rank": 37,
      "Player": "NotSnype315",
      "Points": 3,
      "Wins": 0,
      "Losses": 0,
      "Draws": 0,
      "OMWP": 0.6667000000000001,
      "GWP": 0.5,
      "OGWP": 0.6333
    },
    {
      "Rank": 36,
      "Player": "samsoni1",
      "Points": 6,
      "Wins": 0,
      "Losses": 0,
      "Draws": 0,
      "OMWP": 0.44439999999999996,
      "GWP": 0.375,
      "OGWP": 0.4681
    },
    {
      "Rank": 35,
      "Player": "unworldlyorigin",
      "Points": 6,
      "Wins": 0,
      "Losses": 0,
      "Draws": 0,
      "OMWP": 0.4722,
      "GWP": 0.4375,
      "OGWP": 0.4636
    },
    {
      "Rank": 34,
      "Player": "Shadowz2005",
      "Points": 6,
      "Wins": 0,
      "Losses": 0,
      "Draws": 0,
      "OMWP": 0.5333,
      "GWP": 0.3846,
      "OGWP": 0.5295000000000001
    },
    {
      "Rank": 33,
      "Player": "notoary",
      "Points": 6,
      "Wins": 0,
      "Losses": 0,
      "Draws": 0,
      "OMWP": 0.5556,
      "GWP": 0.4118,
      "OGWP": 0.5155
    },
    {
      "Rank": 32,
      "Player": "B3LF3GoR",
      "Points": 6,
      "Wins": 0,
      "Losses": 0,
      "Draws": 0,
      "OMWP": 0.5556,
      "GWP": 0.4118,
      "OGWP": 0.5189
    },
    {
      "Rank": 31,
      "Player": "tibalt_of_red_sub",
      "Points": 6,
      "Wins": 0,
      "Losses": 0,
      "Draws": 0,
      "OMWP": 0.5667,
      "GWP": 0.35710000000000003,
      "OGWP": 0.5052
    },
    {
      "Rank": 30,
      "Player": "DLCabelo",
      "Points": 9,
      "Wins": 0,
      "Losses": 0,
      "Draws": 0,
      "OMWP": 0.4556,
      "GWP": 0.6,
      "OGWP": 0.4473
    },
    {
      "Rank": 29,
      "Player": "Mazianos",
      "Points": 9,
      "Wins": 0,
      "Losses": 0,
      "Draws": 0,
      "OMWP": 0.4722,
      "GWP": 0.4667,
      "OGWP": 0.489
    },
    {
      "Rank": 28,
      "Player": "Sarlanga",
      "Points": 9,
      "Wins": 0,
      "Losses": 0,
      "Draws": 0,
      "OMWP": 0.4722,
      "GWP": 0.5,
      "OGWP": 0.4763
    },
    {
      "Rank": 27,
      "Player": "MMelo",
      "Points": 9,
      "Wins": 0,
      "Losses": 0,
      "Draws": 0,
      "OMWP": 0.5,
      "GWP": 0.46149999999999997,
      "OGWP": 0.5095000000000001
    },
    {
      "Rank": 26,
      "Player": "Cabz",
      "Points": 9,
      "Wins": 0,
      "Losses": 0,
      "Draws": 0,
      "OMWP": 0.5,
      "GWP": 0.5,
      "OGWP": 0.49570000000000003
    },
    {
      "Rank": 25,
      "Player": "Selfeisek",
      "Points": 9,
      "Wins": 0,
      "Losses": 0,
      "Draws": 0,
      "OMWP": 0.5,
      "GWP": 0.5333,
      "OGWP": 0.4941
    },
    {
      "Rank": 24,
      "Player": "RandomGameActions",
      "Points": 9,
      "Wins": 0,
      "Losses": 0,
      "Draws": 0,
      "OMWP": 0.5278,
      "GWP": 0.4375,
      "OGWP": 0.5483
    },
    {
      "Rank": 23,
      "Player": "O_danielakos",
      "Points": 9,
      "Wins": 0,
      "Losses": 0,
      "Draws": 0,
      "OMWP": 0.5556,
      "GWP": 0.5625,
      "OGWP": 0.516
    },
    {
      "Rank": 22,
      "Player": "LemonadeArchery",
      "Points": 9,
      "Wins": 0,
      "Losses": 0,
      "Draws": 0,
      "OMWP": 0.5667,
      "GWP": 0.5,
      "OGWP": 0.552
    },
    {
      "Rank": 21,
      "Player": "LucasG1ggs",
      "Points": 9,
      "Wins": 0,
      "Losses": 0,
      "Draws": 0,
      "OMWP": 0.5832999999999999,
      "GWP": 0.5,
      "OGWP": 0.5384
    },
    {
      "Rank": 20,
      "Player": "underdog111",
      "Points": 9,
      "Wins": 0,
      "Losses": 0,
      "Draws": 0,
      "OMWP": 0.6389,
      "GWP": 0.5,
      "OGWP": 0.5613
    },
    {
      "Rank": 19,
      "Player": "zturchan",
      "Points": 9,
      "Wins": 0,
      "Losses": 0,
      "Draws": 0,
      "OMWP": 0.6389,
      "GWP": 0.5294,
      "OGWP": 0.5321
    },
    {
      "Rank": 18,
      "Player": "SirSemaj429",
      "Points": 12,
      "Wins": 0,
      "Losses": 0,
      "Draws": 0,
      "OMWP": 0.4667,
      "GWP": 0.6429,
      "OGWP": 0.4731
    },
    {
      "Rank": 17,
      "Player": "felider",
      "Points": 12,
      "Wins": 0,
      "Losses": 0,
      "Draws": 0,
      "OMWP": 0.5,
      "GWP": 0.5625,
      "OGWP": 0.4868
    },
    {
      "Rank": 16,
      "Player": "chrish2134",
      "Points": 12,
      "Wins": 0,
      "Losses": 0,
      "Draws": 0,
      "OMWP": 0.5,
      "GWP": 0.5882000000000001,
      "OGWP": 0.46619999999999995
    },
    {
      "Rank": 15,
      "Player": "darbsoma",
      "Points": 12,
      "Wins": 0,
      "Losses": 0,
      "Draws": 0,
      "OMWP": 0.5,
      "GWP": 0.625,
      "OGWP": 0.47619999999999996
    },
    {
      "Rank": 14,
      "Player": "galatriste",
      "Points": 12,
      "Wins": 0,
      "Losses": 0,
      "Draws": 0,
      "OMWP": 0.5278,
      "GWP": 0.5294,
      "OGWP": 0.5118
    },
    {
      "Rank": 13,
      "Player": "GothMuse",
      "Points": 12,
      "Wins": 0,
      "Losses": 0,
      "Draws": 0,
      "OMWP": 0.5389,
      "GWP": 0.5714,
      "OGWP": 0.5074000000000001
    },
    {
      "Rank": 12,
      "Player": "Kyoto_Maschi",
      "Points": 12,
      "Wins": 0,
      "Losses": 0,
      "Draws": 0,
      "OMWP": 0.5556,
      "GWP": 0.5,
      "OGWP": 0.5569
    },
    {
      "Rank": 11,
      "Player": "jvidarte",
      "Points": 12,
      "Wins": 0,
      "Losses": 0,
      "Draws": 0,
      "OMWP": 0.5556,
      "GWP": 0.6,
      "OGWP": 0.5268
    },
    {
      "Rank": 10,
      "Player": "Badcookie",
      "Points": 12,
      "Wins": 0,
      "Losses": 0,
      "Draws": 0,
      "OMWP": 0.5832999999999999,
      "GWP": 0.6,
      "OGWP": 0.5202
    },
    {
      "Rank": 9,
      "Player": "rastaf",
      "Points": 12,
      "Wins": 0,
      "Losses": 0,
      "Draws": 0,
      "OMWP": 0.6111,
      "GWP": 0.5625,
      "OGWP": 0.5996
    },
    {
      "Rank": 8,
      "Player": "CrisMTG77",
      "Points": 12,
      "Wins": 0,
      "Losses": 0,
      "Draws": 0,
      "OMWP": 0.6389,
      "GWP": 0.7143,
      "OGWP": 0.5251
    },
    {
      "Rank": 7,
      "Player": "Feski713",
      "Points": 15,
      "Wins": 0,
      "Losses": 0,
      "Draws": 0,
      "OMWP": 0.5278,
      "GWP": 0.6875,
      "OGWP": 0.495
    },
    {
      "Rank": 6,
      "Player": "Venom1",
      "Points": 15,
      "Wins": 0,
      "Losses": 0,
      "Draws": 0,
      "OMWP": 0.6111,
      "GWP": 0.6667000000000001,
      "OGWP": 0.5882000000000001
    },
    {
      "Rank": 5,
      "Player": "sixmp",
      "Points": 15,
      "Wins": 0,
      "Losses": 0,
      "Draws": 0,
      "OMWP": 0.6667000000000001,
      "GWP": 0.625,
      "OGWP": 0.6089
    },
    {
      "Rank": 4,
      "Player": "MisterTwin",
      "Points": 15,
      "Wins": 0,
      "Losses": 0,
      "Draws": 0,
      "OMWP": 0.65,
      "GWP": 0.6429,
      "OGWP": 0.5794
    },
    {
      "Rank": 3,
      "Player": "azax",
      "Points": 21,
      "Wins": 0,
      "Losses": 0,
      "Draws": 0,
      "OMWP": 0.5832999999999999,
      "GWP": 1,
      "OGWP": 0.5064
    },
    {
      "Rank": 2,
      "Player": "bless_von",
      "Points": 21,
      "Wins": 0,
      "Losses": 0,
      "Draws": 0,
      "OMWP": 0.5278,
      "GWP": 0.5882000000000001,
      "OGWP": 0.5111
    },
    {
      "Rank": 1,
      "Player": "ilovelamp",
      "Points": 24,
      "Wins": 0,
      "Losses": 0,
      "Draws": 0,
      "OMWP": 0.5556,
      "GWP": 0.6667000000000001,
      "OGWP": 0.5329
    }
  ]
}