{
  "Tournament": {
    "Id": 12803689,
    "Date": "2025-07-19T08:00:00",
    "Name": "Modern Challenge 32",
    "Uri": null,
    "JsonFile": null,
    "ForceRedownload": false
  },
  "Decks": null,
  "Rounds": [
    {
      "RoundName": "Round 1",
      "Matches": [
        {
          "Player1": "Laplasjan",
          "Player2": "Selfeisek",
          "Result": "0-2-0"
        },
        {
          "Player1": "selesneal",
          "Player2": "Echoplex_",
          "Result": "2-0-0"
        },
        {
          "Player1": "UnbanOko",
          "Player2": "jjj777",
          "Result": "0-2-0"
        },
        {
          "Player1": "xerioc",
          "Player2": "Zlatan1044",
          "Result": "2-0-0"
        },
        {
          "Player1": "Venom1",
          "Player2": "KevinCon",
          "Result": "0-2-0"
        },
        {
          "Player1": "bless_von",
          "Player2": "CerealEd",
          "Result": "0-2-0"
        },
        {
          "Player1": "albertoSD",
          "Player2": "532at",
          "Result": "2-0-0"
        },
        {
          "Player1": "jvidarte",
          "Player2": "Elfu",
          "Result": "0-2-0"
        },
        {
          "Player1": "TrueHero",
          "Player2": "ice_nine_BIGFAN",
          "Result": "2-0-0"
        },
        {
          "Player1": "kanister",
          "Player2": "soggymeatball",
          "Result": "2-0-0"
        },
        {
          "Player1": "_Falcon_",
          "Player2": "reidq7",
          "Result": "0-2-0"
        },
        {
          "Player1": "Juintatz",
          "Player2": "Nanovo",
          "Result": "2-0-0"
        },
        {
          "Player1": "yriel",
          "Player2": "Tian_tian",
          "Result": "0-2-0"
        },
        {
          "Player1": "Lollopollo2001",
          "Player2": "HouseOfManaMTG",
          "Result": "0-2-0"
        },
        {
          "Player1": "DemianDesposito10",
          "Player2": "YungDingo",
          "Result": "0-2-0"
        },
        {
          "Player1": "Foxantes",
          "Player2": "Taddy_99",
          "Result": "2-0-0"
        },
        {
          "Player1": "Aardos",
          "Player2": "WeareVenom",
          "Result": "0-0-0"
        },
        {
          "Player1": "Terminus0",
          "Player2": "yolad",
          "Result": "0-2-0"
        },
        {
          "Player1": "wutey",
          "Player2": "NormanCar",
          "Result": "2-0-0"
        },
        {
          "Player1": "HelpfulHobo",
          "Player2": "Traumatismes",
          "Result": "2-0-0"
        },
        {
          "Player1": "tibalt_of_red_sub",
          "Player2": "Deathmaxx",
          "Result": "0-2-0"
        },
        {
          "Player1": "TSPJendrek",
          "Player2": "Death_Lighter",
          "Result": "0-2-0"
        }
      ]
    },
    {
      "RoundName": "Round 2",
      "Matches": [
        {
          "Player1": "WeareVenom",
          "Player2": "UnbanOko",
          "Result": "0-2-0"
        },
        {
          "Player1": "Terminus0",
          "Player2": "_Falcon_",
          "Result": "0-2-0"
        },
        {
          "Player1": "yriel",
          "Player2": "Echoplex_",
          "Result": "0-2-0"
        },
        {
          "Player1": "HelpfulHobo",
          "Player2": "yolad",
          "Result": "2-0-0"
        },
        {
          "Player1": "CerealEd",
          "Player2": "Tian_tian",
          "Result": "2-0-0"
        },
        {
          "Player1": "Zlatan1044",
          "Player2": "Taddy_99",
          "Result": "2-0-0"
        },
        {
          "Player1": "bless_von",
          "Player2": "ice_nine_BIGFAN",
          "Result": "0-0-0"
        },
        {
          "Player1": "albertoSD",
          "Player2": "kanister",
          "Result": "0-0-0"
        },
        {
          "Player1": "532at",
          "Player2": "NormanCar",
          "Result": "2-0-0"
        },
        {
          "Player1": "jvidarte",
          "Player2": "Nanovo",
          "Result": "0-2-0"
        },
        {
          "Player1": "YungDingo",
          "Player2": "jjj777",
          "Result": "0-2-0"
        },
        {
          "Player1": "Death_Lighter",
          "Player2": "Juintatz",
          "Result": "1-2-0"
        },
        {
          "Player1": "Selfeisek",
          "Player2": "KevinCon",
          "Result": "2-0-0"
        },
        {
          "Player1": "selesneal",
          "Player2": "xerioc",
          "Result": "0-2-0"
        },
        {
          "Player1": "Deathmaxx",
          "Player2": "reidq7",
          "Result": "1-2-0"
        },
        {
          "Player1": "Venom1",
          "Player2": "soggymeatball",
          "Result": "2-0-0"
        },
        {
          "Player1": "tibalt_of_red_sub",
          "Player2": "Lollopollo2001",
          "Result": "0-2-0"
        },
        {
          "Player1": "Aardos",
          "Player2": "TrueHero",
          "Result": "2-0-0"
        },
        {
          "Player1": "HouseOfManaMTG",
          "Player2": "wutey",
          "Result": "2-0-0"
        },
        {
          "Player1": "DemianDesposito10",
          "Player2": "Traumatismes",
          "Result": "0-0-0"
        },
        {
          "Player1": "TSPJendrek",
          "Player2": "Laplasjan",
          "Result": "0-2-0"
        },
        {
          "Player1": "Foxantes",
          "Player2": "Elfu",
          "Result": "2-0-0"
        }
      ]
    },
    {
      "RoundName": "Round 3",
      "Matches": [
        {
          "Player1": "Zlatan1044",
          "Player2": "Elfu",
          "Result": "0-2-0"
        },
        {
          "Player1": "532at",
          "Player2": "jjj777",
          "Result": "0-2-0"
        },
        {
          "Player1": "Death_Lighter",
          "Player2": "KevinCon",
          "Result": "2-0-0"
        },
        {
          "Player1": "bless_von",
          "Player2": "Traumatismes",
          "Result": "0-2-0"
        },
        {
          "Player1": "xerioc",
          "Player2": "HelpfulHobo",
          "Result": "0-2-0"
        },
        {
          "Player1": "Selfeisek",
          "Player2": "Foxantes",
          "Result": "0-0-0"
        },
        {
          "Player1": "DemianDesposito10",
          "Player2": "Taddy_99",
          "Result": "0-2-0"
        },
        {
          "Player1": "tibalt_of_red_sub",
          "Player2": "Terminus0",
          "Result": "0-2-0"
        },
        {
          "Player1": "albertoSD",
          "Player2": "Juintatz",
          "Result": "0-2-0"
        },
        {
          "Player1": "TrueHero",
          "Player2": "UnbanOko",
          "Result": "0-2-0"
        },
        {
          "Player1": "wutey",
          "Player2": "Nanovo",
          "Result": "0-2-0"
        },
        {
          "Player1": "_Falcon_",
          "Player2": "ice_nine_BIGFAN",
          "Result": "2-0-0"
        },
        {
          "Player1": "Venom1",
          "Player2": "Tian_tian",
          "Result": "0-2-0"
        },
        {
          "Player1": "selesneal",
          "Player2": "Deathmaxx",
          "Result": "2-0-0"
        },
        {
          "Player1": "kanister",
          "Player2": "Echoplex_",
          "Result": "2-0-0"
        },
        {
          "Player1": "Aardos",
          "Player2": "reidq7",
          "Result": "2-0-0"
        },
        {
          "Player1": "Lollopollo2001",
          "Player2": "yolad",
          "Result": "2-0-0"
        },
        {
          "Player1": "HouseOfManaMTG",
          "Player2": "CerealEd",
          "Result": "2-0-0"
        },
        {
          "Player1": "Laplasjan",
          "Player2": "YungDingo",
          "Result": "2-0-0"
        }
      ]
    },
    {
      "RoundName": "Round 4",
      "Matches": [
        {
          "Player1": "albertoSD",
          "Player2": "selesneal",
          "Result": "0-2-0"
        },
        {
          "Player1": "ice_nine_BIGFAN",
          "Player2": "Taddy_99",
          "Result": "2-0-0"
        },
        {
          "Player1": "Death_Lighter",
          "Player2": "UnbanOko",
          "Result": "1-2-0"
        },
        {
          "Player1": "Traumatismes",
          "Player2": "CerealEd",
          "Result": "0-2-0"
        },
        {
          "Player1": "xerioc",
          "Player2": "Tian_tian",
          "Result": "2-0-0"
        },
        {
          "Player1": "Selfeisek",
          "Player2": "HouseOfManaMTG",
          "Result": "0-2-0"
        },
        {
          "Player1": "HelpfulHobo",
          "Player2": "Juintatz",
          "Result": "0-2-0"
        },
        {
          "Player1": "Lollopollo2001",
          "Player2": "Elfu",
          "Result": "0-2-0"
        },
        {
          "Player1": "Foxantes",
          "Player2": "_Falcon_",
          "Result": "0-2-0"
        },
        {
          "Player1": "Terminus0",
          "Player2": "Deathmaxx",
          "Result": "0-2-0"
        },
        {
          "Player1": "kanister",
          "Player2": "Laplasjan",
          "Result": "0-2-0"
        },
        {
          "Player1": "Venom1",
          "Player2": "wutey",
          "Result": "2-0-0"
        },
        {
          "Player1": "Aardos",
          "Player2": "jjj777",
          "Result": "2-0-0"
        },
        {
          "Player1": "TrueHero",
          "Player2": "yolad",
          "Result": "2-0-0"
        },
        {
          "Player1": "Nanovo",
          "Player2": "reidq7",
          "Result": "2-0-0"
        },
        {
          "Player1": "KevinCon",
          "Player2": "Echoplex_",
          "Result": "2-0-0"
        },
        {
          "Player1": "Zlatan1044",
          "Player2": "532at",
          "Result": "0-2-0"
        },
        {
          "Player1": "soggymeatball",
          "Player2": "YungDingo",
          "Result": "2-0-0"
        }
      ]
    },
    {
      "RoundName": "Round 5",
      "Matches": [
        {
          "Player1": "HouseOfManaMTG",
          "Player2": "Nanovo",
          "Result": "2-0-0"
        },
        {
          "Player1": "selesneal",
          "Player2": "HelpfulHobo",
          "Result": "0-2-0"
        },
        {
          "Player1": "_Falcon_",
          "Player2": "jjj777",
          "Result": "0-2-0"
        },
        {
          "Player1": "Lollopollo2001",
          "Player2": "reidq7",
          "Result": "2-0-0"
        },
        {
          "Player1": "UnbanOko",
          "Player2": "Elfu",
          "Result": "2-0-0"
        },
        {
          "Player1": "Venom1",
          "Player2": "kanister",
          "Result": "2-0-0"
        },
        {
          "Player1": "xerioc",
          "Player2": "Laplasjan",
          "Result": "0-2-0"
        },
        {
          "Player1": "albertoSD",
          "Player2": "Deathmaxx",
          "Result": "0-2-0"
        },
        {
          "Player1": "Aardos",
          "Player2": "Juintatz",
          "Result": "2-0-0"
        },
        {
          "Player1": "ice_nine_BIGFAN",
          "Player2": "Traumatismes",
          "Result": "0-2-0"
        },
        {
          "Player1": "Foxantes",
          "Player2": "Death_Lighter",
          "Result": "2-0-0"
        },
        {
          "Player1": "yolad",
          "Player2": "Taddy_99",
          "Result": "0-2-0"
        },
        {
          "Player1": "KevinCon",
          "Player2": "532at",
          "Result": "2-0-0"
        },
        {
          "Player1": "Terminus0",
          "Player2": "wutey",
          "Result": "0-2-0"
        },
        {
          "Player1": "Selfeisek",
          "Player2": "CerealEd",
          "Result": "0-2-0"
        },
        {
          "Player1": "TrueHero",
          "Player2": "Zlatan1044",
          "Result": "0-2-0"
        },
        {
          "Player1": "soggymeatball",
          "Player2": "Tian_tian",
          "Result": "2-0-0"
        }
      ]
    },
    {
      "RoundName": "Round 6",
      "Matches": [
        {
          "Player1": "kanister",
          "Player2": "Death_Lighter",
          "Result": "0-2-0"
        },
        {
          "Player1": "532at",
          "Player2": "Taddy_99",
          "Result": "0-2-0"
        },
        {
          "Player1": "TrueHero",
          "Player2": "reidq7",
          "Result": "2-0-0"
        },
        {
          "Player1": "soggymeatball",
          "Player2": "Traumatismes",
          "Result": "0-2-0"
        },
        {
          "Player1": "Foxantes",
          "Player2": "KevinCon",
          "Result": "2-0-0"
        },
        {
          "Player1": "Aardos",
          "Player2": "HouseOfManaMTG",
          "Result": "0-2-0"
        },
        {
          "Player1": "HelpfulHobo",
          "Player2": "jjj777",
          "Result": "2-0-0"
        },
        {
          "Player1": "Juintatz",
          "Player2": "UnbanOko",
          "Result": "0-2-0"
        },
        {
          "Player1": "xerioc",
          "Player2": "Selfeisek",
          "Result": "0-2-0"
        },
        {
          "Player1": "Elfu",
          "Player2": "Nanovo",
          "Result": "0-2-0"
        },
        {
          "Player1": "Lollopollo2001",
          "Player2": "Deathmaxx",
          "Result": "1-2-0"
        },
        {
          "Player1": "ice_nine_BIGFAN",
          "Player2": "Zlatan1044",
          "Result": "0-2-0"
        },
        {
          "Player1": "Terminus0",
          "Player2": "Tian_tian",
          "Result": "0-2-0"
        },
        {
          "Player1": "selesneal",
          "Player2": "wutey",
          "Result": "2-1-0"
        },
        {
          "Player1": "Venom1",
          "Player2": "_Falcon_",
          "Result": "2-0-0"
        },
        {
          "Player1": "Laplasjan",
          "Player2": "CerealEd",
          "Result": "0-2-0"
        }
      ]
    },
    {
      "RoundName": "Round 7",
      "Matches": [
        {
          "Player1": "Juintatz",
          "Player2": "CerealEd",
          "Result": "0-2-0"
        },
        {
          "Player1": "Selfeisek",
          "Player2": "HelpfulHobo",
          "Result": "0-0-0"
        },
        {
          "Player1": "Aardos",
          "Player2": "UnbanOko",
          "Result": "2-0-0"
        },
        {
          "Player1": "HouseOfManaMTG",
          "Player2": "jjj777",
          "Result": "2-0-0"
        }
      ]
    },
    {
      "RoundName": "Round 8",
      "Matches": [
        {
          "Player1": "Selfeisek",
          "Player2": "CerealEd",
          "Result": "0-2-0"
        },
        {
          "Player1": "Aardos",
          "Player2": "HouseOfManaMTG",
          "Result": "2-0-0"
        }
      ]
    },
    {
      "RoundName": "Round 9",
      "Matches": [
        {
          "Player1": "Aardos",
          "Player2": "CerealEd",
          "Result": "2-0-0"
        }
      ]
    }
  ],
  "Standings": [
    {
      "Rank": 44,
      "Player": "NormanCar",
      "Points": 0,
      "Wins": 0,
      "Losses": 0,
      "Draws": 0,
      "OMWP": 0.3333,
      "GWP": 0.2,
      "OGWP": 0.45399999999999996
    },
    {
      "Rank": 43,
      "Player": "yriel",
      "Points": 0,
      "Wins": 0,
      "Losses": 0,
      "Draws": 0,
      "OMWP": 0.4167,
      "GWP": 0,
      "OGWP": 0.43079999999999996
    },
    {
      "Rank": 42,
      "Player": "DemianDesposito10",
      "Points": 0,
      "Wins": 0,
      "Losses": 0,
      "Draws": 0,
      "OMWP": 0.5,
      "GWP": 0.1429,
      "OGWP": 0.4986
    },
    {
      "Rank": 41,
      "Player": "jvidarte",
      "Points": 0,
      "Wins": 0,
      "Losses": 0,
      "Draws": 0,
      "OMWP": 0.5832999999999999,
      "GWP": 0,
      "OGWP": 0.5832999999999999
    },
    {
      "Rank": 40,
      "Player": "TSPJendrek",
      "Points": 0,
      "Wins": 0,
      "Losses": 0,
      "Draws": 0,
      "OMWP": 0.5832999999999999,
      "GWP": 0.2,
      "OGWP": 0.5625
    },
    {
      "Rank": 39,
      "Player": "bless_von",
      "Points": 0,
      "Wins": 0,
      "Losses": 0,
      "Draws": 0,
      "OMWP": 0.6111,
      "GWP": 0.25,
      "OGWP": 0.5754
    },
    {
      "Rank": 38,
      "Player": "WeareVenom",
      "Points": 0,
      "Wins": 0,
      "Losses": 0,
      "Draws": 0,
      "OMWP": 0.8332999999999999,
      "GWP": 0,
      "OGWP": 0.7104
    },
    {
      "Rank": 37,
      "Player": "Terminus0",
      "Points": 3,
      "Wins": 0,
      "Losses": 0,
      "Draws": 0,
      "OMWP": 0.44439999999999996,
      "GWP": 0.2667,
      "OGWP": 0.46590000000000004
    },
    {
      "Rank": 36,
      "Player": "Echoplex_",
      "Points": 3,
      "Wins": 0,
      "Losses": 0,
      "Draws": 0,
      "OMWP": 0.4583,
      "GWP": 0.4,
      "OGWP": 0.4167
    },
    {
      "Rank": 35,
      "Player": "tibalt_of_red_sub",
      "Points": 3,
      "Wins": 0,
      "Losses": 0,
      "Draws": 0,
      "OMWP": 0.5,
      "GWP": 0.3333,
      "OGWP": 0.4972
    },
    {
      "Rank": 34,
      "Player": "YungDingo",
      "Points": 3,
      "Wins": 0,
      "Losses": 0,
      "Draws": 0,
      "OMWP": 0.5417000000000001,
      "GWP": 0.3333,
      "OGWP": 0.49920000000000003
    },
    {
      "Rank": 33,
      "Player": "532at",
      "Points": 6,
      "Wins": 0,
      "Losses": 0,
      "Draws": 0,
      "OMWP": 0.4833,
      "GWP": 0.4375,
      "OGWP": 0.4658
    },
    {
      "Rank": 32,
      "Player": "ice_nine_BIGFAN",
      "Points": 6,
      "Wins": 0,
      "Losses": 0,
      "Draws": 0,
      "OMWP": 0.5,
      "GWP": 0.4118,
      "OGWP": 0.5008
    },
    {
      "Rank": 31,
      "Player": "kanister",
      "Points": 6,
      "Wins": 0,
      "Losses": 0,
      "Draws": 0,
      "OMWP": 0.5111,
      "GWP": 0.3333,
      "OGWP": 0.525
    },
    {
      "Rank": 30,
      "Player": "yolad",
      "Points": 6,
      "Wins": 0,
      "Losses": 0,
      "Draws": 0,
      "OMWP": 0.5333,
      "GWP": 0.25,
      "OGWP": 0.5397
    },
    {
      "Rank": 29,
      "Player": "albertoSD",
      "Points": 6,
      "Wins": 0,
      "Losses": 0,
      "Draws": 0,
      "OMWP": 0.5333,
      "GWP": 0.46149999999999997,
      "OGWP": 0.5093
    },
    {
      "Rank": 28,
      "Player": "reidq7",
      "Points": 6,
      "Wins": 0,
      "Losses": 0,
      "Draws": 0,
      "OMWP": 0.6111,
      "GWP": 0.375,
      "OGWP": 0.5972999999999999
    },
    {
      "Rank": 27,
      "Player": "wutey",
      "Points": 6,
      "Wins": 0,
      "Losses": 0,
      "Draws": 0,
      "OMWP": 0.6111,
      "GWP": 0.4706,
      "OGWP": 0.5451
    },
    {
      "Rank": 26,
      "Player": "Taddy_99",
      "Points": 9,
      "Wins": 0,
      "Losses": 0,
      "Draws": 0,
      "OMWP": 0.4167,
      "GWP": 0.5625,
      "OGWP": 0.41450000000000004
    },
    {
      "Rank": 25,
      "Player": "Zlatan1044",
      "Points": 9,
      "Wins": 0,
      "Losses": 0,
      "Draws": 0,
      "OMWP": 0.44439999999999996,
      "GWP": 0.4375,
      "OGWP": 0.4853
    },
    {
      "Rank": 24,
      "Player": "soggymeatball",
      "Points": 9,
      "Wins": 0,
      "Losses": 0,
      "Draws": 0,
      "OMWP": 0.5,
      "GWP": 0.5385,
      "OGWP": 0.4706
    },
    {
      "Rank": 23,
      "Player": "_Falcon_",
      "Points": 9,
      "Wins": 0,
      "Losses": 0,
      "Draws": 0,
      "OMWP": 0.5,
      "GWP": 0.5714,
      "OGWP": 0.47350000000000003
    },
    {
      "Rank": 22,
      "Player": "KevinCon",
      "Points": 9,
      "Wins": 0,
      "Losses": 0,
      "Draws": 0,
      "OMWP": 0.5278,
      "GWP": 0.4375,
      "OGWP": 0.5335
    },
    {
      "Rank": 21,
      "Player": "Tian_tian",
      "Points": 9,
      "Wins": 0,
      "Losses": 0,
      "Draws": 0,
      "OMWP": 0.5278,
      "GWP": 0.46149999999999997,
      "OGWP": 0.5074000000000001
    },
    {
      "Rank": 20,
      "Player": "TrueHero",
      "Points": 9,
      "Wins": 0,
      "Losses": 0,
      "Draws": 0,
      "OMWP": 0.5278,
      "GWP": 0.5,
      "OGWP": 0.4964
    },
    {
      "Rank": 19,
      "Player": "Lollopollo2001",
      "Points": 9,
      "Wins": 0,
      "Losses": 0,
      "Draws": 0,
      "OMWP": 0.5278,
      "GWP": 0.5333,
      "OGWP": 0.4861
    },
    {
      "Rank": 18,
      "Player": "Death_Lighter",
      "Points": 9,
      "Wins": 0,
      "Losses": 0,
      "Draws": 0,
      "OMWP": 0.5556,
      "GWP": 0.5625,
      "OGWP": 0.4932
    },
    {
      "Rank": 17,
      "Player": "Elfu",
      "Points": 9,
      "Wins": 0,
      "Losses": 0,
      "Draws": 0,
      "OMWP": 0.5832999999999999,
      "GWP": 0.5,
      "OGWP": 0.5396
    },
    {
      "Rank": 16,
      "Player": "xerioc",
      "Points": 9,
      "Wins": 0,
      "Losses": 0,
      "Draws": 0,
      "OMWP": 0.6389,
      "GWP": 0.5,
      "OGWP": 0.5727
    },
    {
      "Rank": 15,
      "Player": "Deathmaxx",
      "Points": 12,
      "Wins": 0,
      "Losses": 0,
      "Draws": 0,
      "OMWP": 0.4278,
      "GWP": 0.625,
      "OGWP": 0.43320000000000003
    },
    {
      "Rank": 14,
      "Player": "Venom1",
      "Points": 12,
      "Wins": 0,
      "Losses": 0,
      "Draws": 0,
      "OMWP": 0.44439999999999996,
      "GWP": 0.625,
      "OGWP": 0.46880000000000005
    },
    {
      "Rank": 13,
      "Player": "Laplasjan",
      "Points": 12,
      "Wins": 0,
      "Losses": 0,
      "Draws": 0,
      "OMWP": 0.5,
      "GWP": 0.5625,
      "OGWP": 0.47619999999999996
    },
    {
      "Rank": 12,
      "Player": "selesneal",
      "Points": 12,
      "Wins": 0,
      "Losses": 0,
      "Draws": 0,
      "OMWP": 0.5111,
      "GWP": 0.5625,
      "OGWP": 0.5377000000000001
    },
    {
      "Rank": 11,
      "Player": "Foxantes",
      "Points": 12,
      "Wins": 0,
      "Losses": 0,
      "Draws": 0,
      "OMWP": 0.5278,
      "GWP": 0.5333,
      "OGWP": 0.5461
    },
    {
      "Rank": 10,
      "Player": "Traumatismes",
      "Points": 12,
      "Wins": 0,
      "Losses": 0,
      "Draws": 0,
      "OMWP": 0.5278,
      "GWP": 0.6,
      "OGWP": 0.5167
    },
    {
      "Rank": 9,
      "Player": "Nanovo",
      "Points": 12,
      "Wins": 0,
      "Losses": 0,
      "Draws": 0,
      "OMWP": 0.5278,
      "GWP": 0.6667000000000001,
      "OGWP": 0.5029
    },
    {
      "Rank": 8,
      "Player": "jjj777",
      "Points": 12,
      "Wins": 0,
      "Losses": 0,
      "Draws": 0,
      "OMWP": 0.6111,
      "GWP": 0.5625,
      "OGWP": 0.5887
    },
    {
      "Rank": 7,
      "Player": "Juintatz",
      "Points": 12,
      "Wins": 0,
      "Losses": 0,
      "Draws": 0,
      "OMWP": 0.6778,
      "GWP": 0.5882000000000001,
      "OGWP": 0.6468
    },
    {
      "Rank": 6,
      "Player": "UnbanOko",
      "Points": 15,
      "Wins": 0,
      "Losses": 0,
      "Draws": 0,
      "OMWP": 0.5278,
      "GWP": 0.7333,
      "OGWP": 0.5078
    },
    {
      "Rank": 5,
      "Player": "HelpfulHobo",
      "Points": 15,
      "Wins": 0,
      "Losses": 0,
      "Draws": 0,
      "OMWP": 0.5832999999999999,
      "GWP": 0.7692,
      "OGWP": 0.5244
    },
    {
      "Rank": 4,
      "Player": "Selfeisek",
      "Points": 15,
      "Wins": 0,
      "Losses": 0,
      "Draws": 0,
      "OMWP": 0.6944,
      "GWP": 0.6429,
      "OGWP": 0.5829
    },
    {
      "Rank": 3,
      "Player": "HouseOfManaMTG",
      "Points": 21,
      "Wins": 0,
      "Losses": 0,
      "Draws": 0,
      "OMWP": 0.6389,
      "GWP": 0.75,
      "OGWP": 0.6192
    },
    {
      "Rank": 2,
      "Player": "CerealEd",
      "Points": 21,
      "Wins": 0,
      "Losses": 0,
      "Draws": 0,
      "OMWP": 0.6389,
      "GWP": 0.7143,
      "OGWP": 0.5584
    },
    {
      "Rank": 1,
      "Player": "Aardos",
      "Points": 24,
      "Wins": 0,
      "Losses": 0,
      "Draws": 0,
      "OMWP": 0.5832999999999999,
      "GWP": 0.6875,
      "OGWP": 0.5182
    }
  ]
}