{
  "Tournament": {
    "Id": 12803691,
    "Date": "2025-07-19T11:00:00",
    "Name": "Pauper Challenge 32",
    "Uri": null,
    "JsonFile": null,
    "ForceRedownload": false
  },
  "Decks": null,
  "Rounds": [
    {
      "RoundName": "Round 1",
      "Matches": [
        {
          "Player1": "Tyerube1618",
          "Player2": "mugent",
          "Result": "0-2-0"
        },
        {
          "Player1": "__Noob__",
          "Player2": "EhDM",
          "Result": "2-0-0"
        },
        {
          "Player1": "CrilaPeoty",
          "Player2": "Elegant_95",
          "Result": "2-0-0"
        },
        {
          "Player1": "246uuu",
          "Player2": "OniReject",
          "Result": "0-2-0"
        },
        {
          "Player1": "Alleyezonme",
          "Player2": "3vildr4k3",
          "Result": "0-2-0"
        },
        {
          "Player1": "RGrzywocz",
          "Player2": "Luminati",
          "Result": "0-2-0"
        },
        {
          "Player1": "discoverN",
          "Player2": "GutoCmtt",
          "Result": "2-0-0"
        },
        {
          "Player1": "Oceansoul92",
          "Player2": "Pvnisher",
          "Result": "2-0-0"
        },
        {
          "Player1": "Jinjaa",
          "Player2": "KKlem",
          "Result": "2-0-0"
        },
        {
          "Player1": "paflagone",
          "Player2": "Eisehorn",
          "Result": "0-2-0"
        },
        {
          "Player1": "A_AdeptoTerra",
          "Player2": "Luddrox",
          "Result": "2-0-0"
        },
        {
          "Player1": "Ixidor29",
          "Player2": "Enzime",
          "Result": "2-0-0"
        },
        {
          "Player1": "Brasatore",
          "Player2": "ViktorVektor",
          "Result": "0-2-0"
        },
        {
          "Player1": "Terminus0",
          "Player2": "LikeAFerro",
          "Result": "2-0-0"
        },
        {
          "Player1": "apas72",
          "Player2": "MisterTwin",
          "Result": "0-2-0"
        },
        {
          "Player1": "PedraStone",
          "Player2": "Martani",
          "Result": "0-0-0"
        },
        {
          "Player1": "Elfoman_br",
          "Player2": "Mokemi",
          "Result": "0-2-0"
        },
        {
          "Player1": "SanPop",
          "Player2": "Ralkann",
          "Result": "0-2-0"
        },
        {
          "Player1": "Heterodox",
          "Player2": "Sailor_Moon",
          "Result": "0-0-0"
        },
        {
          "Player1": "Niederschatten",
          "Player2": "_blaze66",
          "Result": "2-0-0"
        },
        {
          "Player1": "PinoIo_Cosmico",
          "Player2": "JaviGM",
          "Result": "0-2-0"
        },
        {
          "Player1": "LuffyDoChapeuDePalha",
          "Player2": "Captain_Tsubasa",
          "Result": "2-0-0"
        },
        {
          "Player1": "serajh",
          "Player2": "DrizztCRO",
          "Result": "2-0-0"
        },
        {
          "Player1": "Shiib",
          "Player2": "Danielpena397",
          "Result": "2-0-0"
        },
        {
          "Player1": "hetare_ane",
          "Player2": "outZEROo",
          "Result": "0-2-0"
        },
        {
          "Player1": "ziofrancone",
          "Player2": "barff",
          "Result": "0-2-0"
        },
        {
          "Player1": "Blvcky",
          "Player2": "M_EMORIE_S",
          "Result": "2-0-0"
        },
        {
          "Player1": "Lollopollo2001",
          "Player2": "HelioLima",
          "Result": "0-2-0"
        }
      ]
    },
    {
      "RoundName": "Round 2",
      "Matches": [
        {
          "Player1": "_blaze66",
          "Player2": "PedraStone",
          "Result": "2-0-0"
        },
        {
          "Player1": "Niederschatten",
          "Player2": "Oceansoul92",
          "Result": "0-2-0"
        },
        {
          "Player1": "CrilaPeoty",
          "Player2": "mugent",
          "Result": "2-0-0"
        },
        {
          "Player1": "Ralkann",
          "Player2": "ViktorVektor",
          "Result": "2-0-0"
        },
        {
          "Player1": "PinoIo_Cosmico",
          "Player2": "Enzime",
          "Result": "0-2-0"
        },
        {
          "Player1": "Shiib",
          "Player2": "Eisehorn",
          "Result": "2-0-0"
        },
        {
          "Player1": "hetare_ane",
          "Player2": "LikeAFerro",
          "Result": "0-2-0"
        },
        {
          "Player1": "EhDM",
          "Player2": "246uuu",
          "Result": "2-0-0"
        },
        {
          "Player1": "serajh",
          "Player2": "discoverN",
          "Result": "2-0-0"
        },
        {
          "Player1": "Terminus0",
          "Player2": "3vildr4k3",
          "Result": "0-2-0"
        },
        {
          "Player1": "apas72",
          "Player2": "Tyerube1618",
          "Result": "2-0-0"
        },
        {
          "Player1": "SanPop",
          "Player2": "Heterodox",
          "Result": "0-2-0"
        },
        {
          "Player1": "JaviGM",
          "Player2": "Blvcky",
          "Result": "2-0-0"
        },
        {
          "Player1": "M_EMORIE_S",
          "Player2": "Elfoman_br",
          "Result": "0-2-0"
        },
        {
          "Player1": "Ixidor29",
          "Player2": "OniReject",
          "Result": "2-0-0"
        },
        {
          "Player1": "paflagone",
          "Player2": "RGrzywocz",
          "Result": "0-2-0"
        },
        {
          "Player1": "Mokemi",
          "Player2": "Sailor_Moon",
          "Result": "2-0-0"
        },
        {
          "Player1": "Brasatore",
          "Player2": "Captain_Tsubasa",
          "Result": "0-2-0"
        },
        {
          "Player1": "Jinjaa",
          "Player2": "__Noob__",
          "Result": "0-2-0"
        },
        {
          "Player1": "Alleyezonme",
          "Player2": "Danielpena397",
          "Result": "2-1-0"
        },
        {
          "Player1": "Luddrox",
          "Player2": "Elegant_95",
          "Result": "0-2-0"
        },
        {
          "Player1": "HelioLima",
          "Player2": "Luminati",
          "Result": "0-2-0"
        },
        {
          "Player1": "A_AdeptoTerra",
          "Player2": "outZEROo",
          "Result": "0-2-0"
        },
        {
          "Player1": "LuffyDoChapeuDePalha",
          "Player2": "barff",
          "Result": "0-2-0"
        },
        {
          "Player1": "MisterTwin",
          "Player2": "Martani",
          "Result": "2-0-0"
        },
        {
          "Player1": "Lollopollo2001",
          "Player2": "DrizztCRO",
          "Result": "0-2-0"
        },
        {
          "Player1": "GutoCmtt",
          "Player2": "ziofrancone",
          "Result": "0-2-0"
        },
        {
          "Player1": "Pvnisher",
          "Player2": "KKlem",
          "Result": "0-0-0"
        }
      ]
    },
    {
      "RoundName": "Round 3",
      "Matches": [
        {
          "Player1": "discoverN",
          "Player2": "ziofrancone",
          "Result": "2-0-0"
        },
        {
          "Player1": "EhDM",
          "Player2": "Captain_Tsubasa",
          "Result": "0-2-0"
        },
        {
          "Player1": "Sailor_Moon",
          "Player2": "Enzime",
          "Result": "2-0-0"
        },
        {
          "Player1": "Oceansoul92",
          "Player2": "Mokemi",
          "Result": "2-0-0"
        },
        {
          "Player1": "paflagone",
          "Player2": "Luddrox",
          "Result": "0-2-0"
        },
        {
          "Player1": "Jinjaa",
          "Player2": "Heterodox",
          "Result": "0-2-0"
        },
        {
          "Player1": "HelioLima",
          "Player2": "Elegant_95",
          "Result": "0-2-0"
        },
        {
          "Player1": "Elfoman_br",
          "Player2": "OniReject",
          "Result": "2-0-0"
        },
        {
          "Player1": "Niederschatten",
          "Player2": "KKlem",
          "Result": "0-2-0"
        },
        {
          "Player1": "246uuu",
          "Player2": "PinoIo_Cosmico",
          "Result": "0-2-0"
        },
        {
          "Player1": "Shiib",
          "Player2": "barff",
          "Result": "2-0-0"
        },
        {
          "Player1": "Danielpena397",
          "Player2": "Brasatore",
          "Result": "0-0-0"
        },
        {
          "Player1": "outZEROo",
          "Player2": "JaviGM",
          "Result": "0-0-0"
        },
        {
          "Player1": "CrilaPeoty",
          "Player2": "Ralkann",
          "Result": "0-2-0"
        },
        {
          "Player1": "PedraStone",
          "Player2": "M_EMORIE_S",
          "Result": "2-0-0"
        },
        {
          "Player1": "ViktorVektor",
          "Player2": "Blvcky",
          "Result": "2-0-0"
        },
        {
          "Player1": "RGrzywocz",
          "Player2": "LikeAFerro",
          "Result": "2-0-0"
        },
        {
          "Player1": "Alleyezonme",
          "Player2": "mugent",
          "Result": "0-2-0"
        },
        {
          "Player1": "DrizztCRO",
          "Player2": "Martani",
          "Result": "2-0-0"
        },
        {
          "Player1": "hetare_ane",
          "Player2": "Pvnisher",
          "Result": "2-0-0"
        },
        {
          "Player1": "Ixidor29",
          "Player2": "MisterTwin",
          "Result": "0-2-0"
        },
        {
          "Player1": "LuffyDoChapeuDePalha",
          "Player2": "A_AdeptoTerra",
          "Result": "0-2-0"
        },
        {
          "Player1": "Luminati",
          "Player2": "3vildr4k3",
          "Result": "0-2-0"
        },
        {
          "Player1": "serajh",
          "Player2": "__Noob__",
          "Result": "0-2-0"
        },
        {
          "Player1": "apas72",
          "Player2": "_blaze66",
          "Result": "2-0-0"
        },
        {
          "Player1": "Terminus0",
          "Player2": "Eisehorn",
          "Result": "0-2-0"
        },
        {
          "Player1": "GutoCmtt",
          "Player2": "Lollopollo2001",
          "Result": "2-0-0"
        }
      ]
    },
    {
      "RoundName": "Round 4",
      "Matches": [
        {
          "Player1": "CrilaPeoty",
          "Player2": "Captain_Tsubasa",
          "Result": "0-2-0"
        },
        {
          "Player1": "hetare_ane",
          "Player2": "OniReject",
          "Result": "2-0-0"
        },
        {
          "Player1": "Oceansoul92",
          "Player2": "Shiib",
          "Result": "2-0-0"
        },
        {
          "Player1": "__Noob__",
          "Player2": "MisterTwin",
          "Result": "1-2-0"
        },
        {
          "Player1": "HelioLima",
          "Player2": "Martani",
          "Result": "2-0-0"
        },
        {
          "Player1": "discoverN",
          "Player2": "Sailor_Moon",
          "Result": "0-2-0"
        },
        {
          "Player1": "Ixidor29",
          "Player2": "Mokemi",
          "Result": "0-2-0"
        },
        {
          "Player1": "RGrzywocz",
          "Player2": "mugent",
          "Result": "0-2-0"
        },
        {
          "Player1": "PinoIo_Cosmico",
          "Player2": "LikeAFerro",
          "Result": "0-2-0"
        },
        {
          "Player1": "Terminus0",
          "Player2": "PedraStone",
          "Result": "0-2-0"
        },
        {
          "Player1": "Ralkann",
          "Player2": "3vildr4k3",
          "Result": "0-2-0"
        },
        {
          "Player1": "Blvcky",
          "Player2": "Enzime",
          "Result": "2-0-0"
        },
        {
          "Player1": "Elfoman_br",
          "Player2": "ViktorVektor",
          "Result": "0-2-0"
        },
        {
          "Player1": "Jinjaa",
          "Player2": "LuffyDoChapeuDePalha",
          "Result": "0-2-0"
        },
        {
          "Player1": "serajh",
          "Player2": "outZEROo",
          "Result": "0-2-0"
        },
        {
          "Player1": "DrizztCRO",
          "Player2": "Eisehorn",
          "Result": "2-0-0"
        },
        {
          "Player1": "barff",
          "Player2": "Luminati",
          "Result": "2-0-0"
        },
        {
          "Player1": "A_AdeptoTerra",
          "Player2": "KKlem",
          "Result": "0-0-0"
        },
        {
          "Player1": "Danielpena397",
          "Player2": "_blaze66",
          "Result": "0-2-0"
        },
        {
          "Player1": "GutoCmtt",
          "Player2": "Alleyezonme",
          "Result": "0-2-0"
        },
        {
          "Player1": "JaviGM",
          "Player2": "Elegant_95",
          "Result": "0-2-0"
        },
        {
          "Player1": "Lollopollo2001",
          "Player2": "EhDM",
          "Result": "0-2-0"
        },
        {
          "Player1": "apas72",
          "Player2": "Heterodox",
          "Result": "2-0-0"
        },
        {
          "Player1": "ziofrancone",
          "Player2": "Luddrox",
          "Result": "0-2-0"
        }
      ]
    },
    {
      "RoundName": "Round 5",
      "Matches": [
        {
          "Player1": "LuffyDoChapeuDePalha",
          "Player2": "CrilaPeoty",
          "Result": "0-2-0"
        },
        {
          "Player1": "apas72",
          "Player2": "Captain_Tsubasa",
          "Result": "0-0-0"
        },
        {
          "Player1": "outZEROo",
          "Player2": "MisterTwin",
          "Result": "2-0-0"
        },
        {
          "Player1": "GutoCmtt",
          "Player2": "Martani",
          "Result": "2-0-0"
        },
        {
          "Player1": "Alleyezonme",
          "Player2": "Elfoman_br",
          "Result": "2-0-0"
        },
        {
          "Player1": "barff",
          "Player2": "DrizztCRO",
          "Result": "2-0-0"
        },
        {
          "Player1": "A_AdeptoTerra",
          "Player2": "RGrzywocz",
          "Result": "0-0-0"
        },
        {
          "Player1": "_blaze66",
          "Player2": "Luminati",
          "Result": "0-0-0"
        },
        {
          "Player1": "hetare_ane",
          "Player2": "JaviGM",
          "Result": "0-2-0"
        },
        {
          "Player1": "LikeAFerro",
          "Player2": "Eisehorn",
          "Result": "0-2-0"
        },
        {
          "Player1": "Ralkann",
          "Player2": "Sailor_Moon",
          "Result": "2-0-0"
        },
        {
          "Player1": "Oceansoul92",
          "Player2": "3vildr4k3",
          "Result": "2-0-0"
        },
        {
          "Player1": "EhDM",
          "Player2": "HelioLima",
          "Result": "2-0-0"
        },
        {
          "Player1": "PedraStone",
          "Player2": "Blvcky",
          "Result": "2-0-0"
        },
        {
          "Player1": "serajh",
          "Player2": "Shiib",
          "Result": "0-2-0"
        },
        {
          "Player1": "__Noob__",
          "Player2": "ViktorVektor",
          "Result": "0-2-0"
        },
        {
          "Player1": "KKlem",
          "Player2": "Elegant_95",
          "Result": "0-2-0"
        },
        {
          "Player1": "Ixidor29",
          "Player2": "Luddrox",
          "Result": "0-2-0"
        },
        {
          "Player1": "discoverN",
          "Player2": "Heterodox",
          "Result": "0-2-0"
        },
        {
          "Player1": "Mokemi",
          "Player2": "mugent",
          "Result": "0-2-0"
        },
        {
          "Player1": "OniReject",
          "Player2": "Enzime",
          "Result": "2-1-0"
        }
      ]
    },
    {
      "RoundName": "Round 6",
      "Matches": [
        {
          "Player1": "Shiib",
          "Player2": "Elegant_95",
          "Result": "0-2-0"
        },
        {
          "Player1": "discoverN",
          "Player2": "HelioLima",
          "Result": "0-2-0"
        },
        {
          "Player1": "apas72",
          "Player2": "KKlem",
          "Result": "0-2-0"
        },
        {
          "Player1": "EhDM",
          "Player2": "Luddrox",
          "Result": "0-2-0"
        },
        {
          "Player1": "hetare_ane",
          "Player2": "A_AdeptoTerra",
          "Result": "2-0-0"
        },
        {
          "Player1": "Mokemi",
          "Player2": "DrizztCRO",
          "Result": "2-0-0"
        },
        {
          "Player1": "ViktorVektor",
          "Player2": "MisterTwin",
          "Result": "2-0-0"
        },
        {
          "Player1": "Captain_Tsubasa",
          "Player2": "mugent",
          "Result": "0-2-0"
        },
        {
          "Player1": "Jinjaa",
          "Player2": "LikeAFerro",
          "Result": "0-2-0"
        },
        {
          "Player1": "RGrzywocz",
          "Player2": "_blaze66",
          "Result": "2-0-0"
        },
        {
          "Player1": "GutoCmtt",
          "Player2": "LuffyDoChapeuDePalha",
          "Result": "0-2-0"
        },
        {
          "Player1": "__Noob__",
          "Player2": "Sailor_Moon",
          "Result": "0-2-0"
        },
        {
          "Player1": "CrilaPeoty",
          "Player2": "PedraStone",
          "Result": "2-0-0"
        },
        {
          "Player1": "Luminati",
          "Player2": "Eisehorn",
          "Result": "2-0-0"
        },
        {
          "Player1": "OniReject",
          "Player2": "Blvcky",
          "Result": "0-2-0"
        },
        {
          "Player1": "Oceansoul92",
          "Player2": "outZEROo",
          "Result": "0-2-0"
        },
        {
          "Player1": "barff",
          "Player2": "Ralkann",
          "Result": "0-2-0"
        },
        {
          "Player1": "Alleyezonme",
          "Player2": "Heterodox",
          "Result": "2-0-0"
        },
        {
          "Player1": "JaviGM",
          "Player2": "3vildr4k3",
          "Result": "2-0-0"
        },
        {
          "Player1": "serajh",
          "Player2": "Ixidor29",
          "Result": "0-0-0"
        }
      ]
    },
    {
      "RoundName": "Round 7",
      "Matches": [
        {
          "Player1": "outZEROo",
          "Player2": "3vildr4k3",
          "Result": "2-0-0"
        },
        {
          "Player1": "Oceansoul92",
          "Player2": "mugent",
          "Result": "2-0-0"
        },
        {
          "Player1": "CrilaPeoty",
          "Player2": "Ralkann",
          "Result": "2-0-0"
        },
        {
          "Player1": "ViktorVektor",
          "Player2": "Elegant_95",
          "Result": "2-0-0"
        }
      ]
    },
    {
      "RoundName": "Round 8",
      "Matches": [
        {
          "Player1": "CrilaPeoty",
          "Player2": "ViktorVektor",
          "Result": "2-0-0"
        },
        {
          "Player1": "Oceansoul92",
          "Player2": "outZEROo",
          "Result": "0-2-0"
        }
      ]
    },
    {
      "RoundName": "Round 9",
      "Matches": [
        {
          "Player1": "CrilaPeoty",
          "Player2": "outZEROo",
          "Result": "2-0-0"
        }
      ]
    }
  ],
  "Standings": [
    {
      "Rank": 56,
      "Player": "246uuu",
      "Points": 0,
      "Wins": 0,
      "Losses": 0,
      "Draws": 0,
      "OMWP": 0.3889,
      "GWP": 0,
      "OGWP": 0.419
    },
    {
      "Rank": 55,
      "Player": "Lollopollo2001",
      "Points": 0,
      "Wins": 0,
      "Losses": 0,
      "Draws": 0,
      "OMWP": 0.4583,
      "GWP": 0.2727,
      "OGWP": 0.4583
    },
    {
      "Rank": 54,
      "Player": "M_EMORIE_S",
      "Points": 0,
      "Wins": 0,
      "Losses": 0,
      "Draws": 0,
      "OMWP": 0.4667,
      "GWP": 0.25,
      "OGWP": 0.4764
    },
    {
      "Rank": 53,
      "Player": "paflagone",
      "Points": 0,
      "Wins": 0,
      "Losses": 0,
      "Draws": 0,
      "OMWP": 0.6111,
      "GWP": 0,
      "OGWP": 0.6004
    },
    {
      "Rank": 52,
      "Player": "Brasatore",
      "Points": 0,
      "Wins": 0,
      "Losses": 0,
      "Draws": 0,
      "OMWP": 0.6111,
      "GWP": 0.1429,
      "OGWP": 0.5821000000000001
    },
    {
      "Rank": 51,
      "Player": "SanPop",
      "Points": 0,
      "Wins": 0,
      "Losses": 0,
      "Draws": 0,
      "OMWP": 0.6667000000000001,
      "GWP": 0,
      "OGWP": 0.6167
    },
    {
      "Rank": 50,
      "Player": "Pvnisher",
      "Points": 0,
      "Wins": 0,
      "Losses": 0,
      "Draws": 0,
      "OMWP": 0.6667000000000001,
      "GWP": 0,
      "OGWP": 0.6319
    },
    {
      "Rank": 49,
      "Player": "Tyerube1618",
      "Points": 0,
      "Wins": 0,
      "Losses": 0,
      "Draws": 0,
      "OMWP": 0.6667000000000001,
      "GWP": 0.2,
      "OGWP": 0.6
    },
    {
      "Rank": 48,
      "Player": "PinoIo_Cosmico",
      "Points": 3,
      "Wins": 0,
      "Losses": 0,
      "Draws": 0,
      "OMWP": 0.4583,
      "GWP": 0.4,
      "OGWP": 0.45030000000000003
    },
    {
      "Rank": 47,
      "Player": "ziofrancone",
      "Points": 3,
      "Wins": 0,
      "Losses": 0,
      "Draws": 0,
      "OMWP": 0.5,
      "GWP": 0.3,
      "OGWP": 0.5241
    },
    {
      "Rank": 46,
      "Player": "Martani",
      "Points": 3,
      "Wins": 0,
      "Losses": 0,
      "Draws": 0,
      "OMWP": 0.5,
      "GWP": 0.3077,
      "OGWP": 0.4903
    },
    {
      "Rank": 45,
      "Player": "Terminus0",
      "Points": 3,
      "Wins": 0,
      "Losses": 0,
      "Draws": 0,
      "OMWP": 0.5417000000000001,
      "GWP": 0.25,
      "OGWP": 0.5648
    },
    {
      "Rank": 44,
      "Player": "Danielpena397",
      "Points": 3,
      "Wins": 0,
      "Losses": 0,
      "Draws": 0,
      "OMWP": 0.5417000000000001,
      "GWP": 0.4545,
      "OGWP": 0.5229
    },
    {
      "Rank": 43,
      "Player": "Niederschatten",
      "Points": 3,
      "Wins": 0,
      "Losses": 0,
      "Draws": 0,
      "OMWP": 0.6667000000000001,
      "GWP": 0.2857,
      "OGWP": 0.619
    },
    {
      "Rank": 42,
      "Player": "OniReject",
      "Points": 6,
      "Wins": 0,
      "Losses": 0,
      "Draws": 0,
      "OMWP": 0.4,
      "GWP": 0.35710000000000003,
      "OGWP": 0.41590000000000005
    },
    {
      "Rank": 41,
      "Player": "GutoCmtt",
      "Points": 6,
      "Wins": 0,
      "Losses": 0,
      "Draws": 0,
      "OMWP": 0.4167,
      "GWP": 0.4,
      "OGWP": 0.423
    },
    {
      "Rank": 40,
      "Player": "Enzime",
      "Points": 6,
      "Wins": 0,
      "Losses": 0,
      "Draws": 0,
      "OMWP": 0.43329999999999996,
      "GWP": 0.4,
      "OGWP": 0.47240000000000004
    },
    {
      "Rank": 39,
      "Player": "discoverN",
      "Points": 6,
      "Wins": 0,
      "Losses": 0,
      "Draws": 0,
      "OMWP": 0.4722,
      "GWP": 0.4286,
      "OGWP": 0.5086999999999999
    },
    {
      "Rank": 38,
      "Player": "Ixidor29",
      "Points": 6,
      "Wins": 0,
      "Losses": 0,
      "Draws": 0,
      "OMWP": 0.5278,
      "GWP": 0.35710000000000003,
      "OGWP": 0.5293
    },
    {
      "Rank": 37,
      "Player": "Jinjaa",
      "Points": 6,
      "Wins": 0,
      "Losses": 0,
      "Draws": 0,
      "OMWP": 0.5333,
      "GWP": 0.3846,
      "OGWP": 0.5236999999999999
    },
    {
      "Rank": 36,
      "Player": "Elfoman_br",
      "Points": 6,
      "Wins": 0,
      "Losses": 0,
      "Draws": 0,
      "OMWP": 0.5667,
      "GWP": 0.3333,
      "OGWP": 0.525
    },
    {
      "Rank": 35,
      "Player": "A_AdeptoTerra",
      "Points": 6,
      "Wins": 0,
      "Losses": 0,
      "Draws": 0,
      "OMWP": 0.6667000000000001,
      "GWP": 0.2857,
      "OGWP": 0.6193
    },
    {
      "Rank": 34,
      "Player": "LikeAFerro",
      "Points": 9,
      "Wins": 0,
      "Losses": 0,
      "Draws": 0,
      "OMWP": 0.44439999999999996,
      "GWP": 0.5385,
      "OGWP": 0.4721
    },
    {
      "Rank": 33,
      "Player": "PedraStone",
      "Points": 9,
      "Wins": 0,
      "Losses": 0,
      "Draws": 0,
      "OMWP": 0.44439999999999996,
      "GWP": 0.5625,
      "OGWP": 0.4341
    },
    {
      "Rank": 32,
      "Player": "_blaze66",
      "Points": 9,
      "Wins": 0,
      "Losses": 0,
      "Draws": 0,
      "OMWP": 0.4722,
      "GWP": 0.5,
      "OGWP": 0.5044
    },
    {
      "Rank": 31,
      "Player": "Heterodox",
      "Points": 9,
      "Wins": 0,
      "Losses": 0,
      "Draws": 0,
      "OMWP": 0.4722,
      "GWP": 0.5,
      "OGWP": 0.5062
    },
    {
      "Rank": 30,
      "Player": "Eisehorn",
      "Points": 9,
      "Wins": 0,
      "Losses": 0,
      "Draws": 0,
      "OMWP": 0.4722,
      "GWP": 0.5333,
      "OGWP": 0.4534
    },
    {
      "Rank": 29,
      "Player": "HelioLima",
      "Points": 9,
      "Wins": 0,
      "Losses": 0,
      "Draws": 0,
      "OMWP": 0.4722,
      "GWP": 0.5333,
      "OGWP": 0.46380000000000005
    },
    {
      "Rank": 28,
      "Player": "DrizztCRO",
      "Points": 9,
      "Wins": 0,
      "Losses": 0,
      "Draws": 0,
      "OMWP": 0.5,
      "GWP": 0.4,
      "OGWP": 0.5135000000000001
    },
    {
      "Rank": 27,
      "Player": "LuffyDoChapeuDePalha",
      "Points": 9,
      "Wins": 0,
      "Losses": 0,
      "Draws": 0,
      "OMWP": 0.5,
      "GWP": 0.4667,
      "OGWP": 0.49979999999999997
    },
    {
      "Rank": 26,
      "Player": "EhDM",
      "Points": 9,
      "Wins": 0,
      "Losses": 0,
      "Draws": 0,
      "OMWP": 0.5,
      "GWP": 0.5,
      "OGWP": 0.49369999999999997
    },
    {
      "Rank": 25,
      "Player": "Blvcky",
      "Points": 9,
      "Wins": 0,
      "Losses": 0,
      "Draws": 0,
      "OMWP": 0.5,
      "GWP": 0.5333,
      "OGWP": 0.4679
    },
    {
      "Rank": 24,
      "Player": "hetare_ane",
      "Points": 9,
      "Wins": 0,
      "Losses": 0,
      "Draws": 0,
      "OMWP": 0.5278,
      "GWP": 0.5385,
      "OGWP": 0.4819
    },
    {
      "Rank": 23,
      "Player": "apas72",
      "Points": 9,
      "Wins": 0,
      "Losses": 0,
      "Draws": 0,
      "OMWP": 0.5556,
      "GWP": 0.5333,
      "OGWP": 0.5331
    },
    {
      "Rank": 22,
      "Player": "serajh",
      "Points": 9,
      "Wins": 0,
      "Losses": 0,
      "Draws": 0,
      "OMWP": 0.5556,
      "GWP": 0.5714,
      "OGWP": 0.5119
    },
    {
      "Rank": 21,
      "Player": "__Noob__",
      "Points": 9,
      "Wins": 0,
      "Losses": 0,
      "Draws": 0,
      "OMWP": 0.5832999999999999,
      "GWP": 0.4706,
      "OGWP": 0.5585
    },
    {
      "Rank": 20,
      "Player": "Luminati",
      "Points": 9,
      "Wins": 0,
      "Losses": 0,
      "Draws": 0,
      "OMWP": 0.5832999999999999,
      "GWP": 0.5,
      "OGWP": 0.5796
    },
    {
      "Rank": 19,
      "Player": "Luddrox",
      "Points": 12,
      "Wins": 0,
      "Losses": 0,
      "Draws": 0,
      "OMWP": 0.44439999999999996,
      "GWP": 0.625,
      "OGWP": 0.4241
    },
    {
      "Rank": 18,
      "Player": "KKlem",
      "Points": 12,
      "Wins": 0,
      "Losses": 0,
      "Draws": 0,
      "OMWP": 0.44439999999999996,
      "GWP": 0.6429,
      "OGWP": 0.43420000000000003
    },
    {
      "Rank": 17,
      "Player": "RGrzywocz",
      "Points": 12,
      "Wins": 0,
      "Losses": 0,
      "Draws": 0,
      "OMWP": 0.5,
      "GWP": 0.6429,
      "OGWP": 0.47859999999999997
    },
    {
      "Rank": 16,
      "Player": "Alleyezonme",
      "Points": 12,
      "Wins": 0,
      "Losses": 0,
      "Draws": 0,
      "OMWP": 0.5111,
      "GWP": 0.6429,
      "OGWP": 0.4966
    },
    {
      "Rank": 15,
      "Player": "Sailor_Moon",
      "Points": 12,
      "Wins": 0,
      "Losses": 0,
      "Draws": 0,
      "OMWP": 0.5278,
      "GWP": 0.7143,
      "OGWP": 0.5332
    },
    {
      "Rank": 14,
      "Player": "barff",
      "Points": 12,
      "Wins": 0,
      "Losses": 0,
      "Draws": 0,
      "OMWP": 0.5556,
      "GWP": 0.6429,
      "OGWP": 0.5081
    },
    {
      "Rank": 13,
      "Player": "Captain_Tsubasa",
      "Points": 12,
      "Wins": 0,
      "Losses": 0,
      "Draws": 0,
      "OMWP": 0.5556,
      "GWP": 0.6667000000000001,
      "OGWP": 0.5119
    },
    {
      "Rank": 12,
      "Player": "MisterTwin",
      "Points": 12,
      "Wins": 0,
      "Losses": 0,
      "Draws": 0,
      "OMWP": 0.5832999999999999,
      "GWP": 0.5556,
      "OGWP": 0.5199
    },
    {
      "Rank": 11,
      "Player": "Mokemi",
      "Points": 12,
      "Wins": 0,
      "Losses": 0,
      "Draws": 0,
      "OMWP": 0.5943999999999999,
      "GWP": 0.6667000000000001,
      "OGWP": 0.531
    },
    {
      "Rank": 10,
      "Player": "Shiib",
      "Points": 12,
      "Wins": 0,
      "Losses": 0,
      "Draws": 0,
      "OMWP": 0.6111,
      "GWP": 0.6154,
      "OGWP": 0.6007
    },
    {
      "Rank": 9,
      "Player": "JaviGM",
      "Points": 12,
      "Wins": 0,
      "Losses": 0,
      "Draws": 0,
      "OMWP": 0.6389,
      "GWP": 0.5294,
      "OGWP": 0.5974
    },
    {
      "Rank": 8,
      "Player": "3vildr4k3",
      "Points": 12,
      "Wins": 0,
      "Losses": 0,
      "Draws": 0,
      "OMWP": 0.6389,
      "GWP": 0.625,
      "OGWP": 0.5755
    },
    {
      "Rank": 7,
      "Player": "mugent",
      "Points": 15,
      "Wins": 0,
      "Losses": 0,
      "Draws": 0,
      "OMWP": 0.6111,
      "GWP": 0.6667000000000001,
      "OGWP": 0.5872999999999999
    },
    {
      "Rank": 6,
      "Player": "Elegant_95",
      "Points": 15,
      "Wins": 0,
      "Losses": 0,
      "Draws": 0,
      "OMWP": 0.6389,
      "GWP": 0.6875,
      "OGWP": 0.5861999999999999
    },
    {
      "Rank": 5,
      "Player": "Ralkann",
      "Points": 15,
      "Wins": 0,
      "Losses": 0,
      "Draws": 0,
      "OMWP": 0.6389,
      "GWP": 0.7333,
      "OGWP": 0.5853
    },
    {
      "Rank": 4,
      "Player": "ViktorVektor",
      "Points": 18,
      "Wins": 0,
      "Losses": 0,
      "Draws": 0,
      "OMWP": 0.5389,
      "GWP": 0.625,
      "OGWP": 0.4932
    },
    {
      "Rank": 3,
      "Player": "Oceansoul92",
      "Points": 18,
      "Wins": 0,
      "Losses": 0,
      "Draws": 0,
      "OMWP": 0.6111,
      "GWP": 0.7143,
      "OGWP": 0.5623
    },
    {
      "Rank": 2,
      "Player": "outZEROo",
      "Points": 24,
      "Wins": 0,
      "Losses": 0,
      "Draws": 0,
      "OMWP": 0.5832999999999999,
      "GWP": 0.8,
      "OGWP": 0.5404
    },
    {
      "Rank": 1,
      "Player": "CrilaPeoty",
      "Points": 21,
      "Wins": 0,
      "Losses": 0,
      "Draws": 0,
      "OMWP": 0.6944,
      "GWP": 0.5714,
      "OGWP": 0.6306
    }
  ]
}