{
  "Tournament": {
    "Id": 12803698,
    "Date": "2025-07-19T23:00:00",
    "Name": "Pioneer Challenge 32",
    "Uri": null,
    "JsonFile": null,
    "ForceRedownload": false
  },
  "Decks": null,
  "Rounds": [
    {
      "RoundName": "Round 1",
      "Matches": [
        {
          "Player1": "_Davimorais",
          "Player2": "JulioP1985",
          "Result": "2-0-0"
        },
        {
          "Player1": "VitorCarvalho01",
          "Player2": "Shulk",
          "Result": "2-0-0"
        },
        {
          "Player1": "duduzin",
          "Player2": "PNascimento",
          "Result": "0-2-0"
        },
        {
          "Player1": "rushi_00",
          "Player2": "xfile",
          "Result": "2-0-0"
        },
        {
          "Player1": "makusong24",
          "Player2": "luvadepedreiro",
          "Result": "2-0-0"
        },
        {
          "Player1": "LeandroKopke",
          "Player2": "DrPP",
          "Result": "0-2-0"
        },
        {
          "Player1": "jackie42005",
          "Player2": "alfonseelric",
          "Result": "0-2-0"
        },
        {
          "Player1": "Wizard_2002",
          "Player2": "Raydan",
          "Result": "2-0-0"
        },
        {
          "Player1": "boom_bust",
          "Player2": "Magic_Expert",
          "Result": "2-0-0"
        },
        {
          "Player1": "deleon91",
          "Player2": "RezerDeDog",
          "Result": "0-2-0"
        },
        {
          "Player1": "Willthepill",
          "Player2": "_ZNT_",
          "Result": "0-2-0"
        },
        {
          "Player1": "valentinaaaa",
          "Player2": "SorryImSoTilted",
          "Result": "0-2-0"
        },
        {
          "Player1": "_Falcon_",
          "Player2": "T1_Tinker",
          "Result": "0-2-0"
        },
        {
          "Player1": "MJ_23",
          "Player2": "kobayui",
          "Result": "2-0-0"
        },
        {
          "Player1": "O_danielakos",
          "Player2": "LuffyDoChapeuDePalha",
          "Result": "0-2-0"
        },
        {
          "Player1": "maytwer",
          "Player2": "4UBro",
          "Result": "0-2-0"
        },
        {
          "Player1": "Makoobi",
          "Player2": "TricksterGod",
          "Result": "0-2-0"
        }
      ]
    },
    {
      "RoundName": "Round 2",
      "Matches": [
        {
          "Player1": "boom_bust",
          "Player2": "ElCucuy",
          "Result": "2-0-0"
        },
        {
          "Player1": "VitorCarvalho01",
          "Player2": "alfonseelric",
          "Result": "0-2-0"
        },
        {
          "Player1": "T1_Tinker",
          "Player2": "RezerDeDog",
          "Result": "2-0-0"
        },
        {
          "Player1": "JulioP1985",
          "Player2": "jackie42005",
          "Result": "0-2-0"
        },
        {
          "Player1": "MJ_23",
          "Player2": "SorryImSoTilted",
          "Result": "1-2-0"
        },
        {
          "Player1": "deleon91",
          "Player2": "maytwer",
          "Result": "2-0-0"
        },
        {
          "Player1": "_ZNT_",
          "Player2": "4UBro",
          "Result": "0-2-0"
        },
        {
          "Player1": "LeandroKopke",
          "Player2": "Shulk",
          "Result": "0-2-0"
        },
        {
          "Player1": "DrPP",
          "Player2": "TricksterGod",
          "Result": "0-2-0"
        },
        {
          "Player1": "kobayui",
          "Player2": "Magic_Expert",
          "Result": "2-0-0"
        },
        {
          "Player1": "makusong24",
          "Player2": "LuffyDoChapeuDePalha",
          "Result": "1-2-0"
        },
        {
          "Player1": "duduzin",
          "Player2": "luvadepedreiro",
          "Result": "0-0-0"
        },
        {
          "Player1": "Wizard_2002",
          "Player2": "rushi_00",
          "Result": "2-0-0"
        },
        {
          "Player1": "_Davimorais",
          "Player2": "PNascimento",
          "Result": "0-2-0"
        },
        {
          "Player1": "Makoobi",
          "Player2": "valentinaaaa",
          "Result": "2-1-0"
        },
        {
          "Player1": "O_danielakos",
          "Player2": "_Falcon_",
          "Result": "2-0-0"
        },
        {
          "Player1": "Willthepill",
          "Player2": "xfile",
          "Result": "2-0-0"
        }
      ]
    },
    {
      "RoundName": "Round 3",
      "Matches": [
        {
          "Player1": "LeandroKopke",
          "Player2": "ElCucuy",
          "Result": "2-0-0"
        },
        {
          "Player1": "rushi_00",
          "Player2": "DrPP",
          "Result": "2-0-0"
        },
        {
          "Player1": "_Davimorais",
          "Player2": "deleon91",
          "Result": "2-0-0"
        },
        {
          "Player1": "Wizard_2002",
          "Player2": "TricksterGod",
          "Result": "2-0-0"
        },
        {
          "Player1": "valentinaaaa",
          "Player2": "Magic_Expert",
          "Result": "2-0-0"
        },
        {
          "Player1": "_Falcon_",
          "Player2": "maytwer",
          "Result": "0-0-0"
        },
        {
          "Player1": "makusong24",
          "Player2": "duduzin",
          "Result": "2-0-0"
        },
        {
          "Player1": "RezerDeDog",
          "Player2": "VitorCarvalho01",
          "Result": "2-0-0"
        },
        {
          "Player1": "LuffyDoChapeuDePalha",
          "Player2": "4UBro",
          "Result": "2-0-0"
        },
        {
          "Player1": "_ZNT_",
          "Player2": "jackie42005",
          "Result": "2-0-0"
        },
        {
          "Player1": "T1_Tinker",
          "Player2": "boom_bust",
          "Result": "2-0-0"
        },
        {
          "Player1": "SorryImSoTilted",
          "Player2": "alfonseelric",
          "Result": "2-0-0"
        },
        {
          "Player1": "kobayui",
          "Player2": "Makoobi",
          "Result": "0-0-0"
        },
        {
          "Player1": "MJ_23",
          "Player2": "Raydan",
          "Result": "0-2-0"
        },
        {
          "Player1": "PNascimento",
          "Player2": "Shulk",
          "Result": "2-0-0"
        },
        {
          "Player1": "Willthepill",
          "Player2": "O_danielakos",
          "Result": "2-0-0"
        },
        {
          "Player1": "xfile",
          "Player2": "luvadepedreiro",
          "Result": "0-2-0"
        }
      ]
    },
    {
      "RoundName": "Round 4",
      "Matches": [
        {
          "Player1": "Wizard_2002",
          "Player2": "PNascimento",
          "Result": "0-2-0"
        },
        {
          "Player1": "SorryImSoTilted",
          "Player2": "LuffyDoChapeuDePalha",
          "Result": "0-2-0"
        },
        {
          "Player1": "Makoobi",
          "Player2": "alfonseelric",
          "Result": "0-0-0"
        },
        {
          "Player1": "deleon91",
          "Player2": "jackie42005",
          "Result": "2-0-0"
        },
        {
          "Player1": "rushi_00",
          "Player2": "TricksterGod",
          "Result": "0-0-0"
        },
        {
          "Player1": "makusong24",
          "Player2": "kobayui",
          "Result": "2-0-0"
        },
        {
          "Player1": "_Davimorais",
          "Player2": "T1_Tinker",
          "Result": "0-2-0"
        },
        {
          "Player1": "maytwer",
          "Player2": "ElCucuy",
          "Result": "0-2-0"
        },
        {
          "Player1": "xfile",
          "Player2": "Magic_Expert",
          "Result": "2-0-0"
        },
        {
          "Player1": "Willthepill",
          "Player2": "boom_bust",
          "Result": "0-2-0"
        },
        {
          "Player1": "LeandroKopke",
          "Player2": "VitorCarvalho01",
          "Result": "0-2-0"
        },
        {
          "Player1": "O_danielakos",
          "Player2": "DrPP",
          "Result": "2-0-0"
        },
        {
          "Player1": "_ZNT_",
          "Player2": "RezerDeDog",
          "Result": "0-2-0"
        },
        {
          "Player1": "Raydan",
          "Player2": "4UBro",
          "Result": "0-2-0"
        },
        {
          "Player1": "_Falcon_",
          "Player2": "duduzin",
          "Result": "0-2-0"
        },
        {
          "Player1": "MJ_23",
          "Player2": "valentinaaaa",
          "Result": "2-0-0"
        },
        {
          "Player1": "luvadepedreiro",
          "Player2": "Shulk",
          "Result": "0-2-0"
        }
      ]
    },
    {
      "RoundName": "Round 5",
      "Matches": [
        {
          "Player1": "ElCucuy",
          "Player2": "deleon91",
          "Result": "0-0-0"
        },
        {
          "Player1": "maytwer",
          "Player2": "Magic_Expert",
          "Result": "0-0-0"
        },
        {
          "Player1": "Wizard_2002",
          "Player2": "makusong24",
          "Result": "0-2-0"
        },
        {
          "Player1": "boom_bust",
          "Player2": "RezerDeDog",
          "Result": "2-0-0"
        },
        {
          "Player1": "LeandroKopke",
          "Player2": "xfile",
          "Result": "2-0-0"
        },
        {
          "Player1": "duduzin",
          "Player2": "jackie42005",
          "Result": "0-2-0"
        },
        {
          "Player1": "T1_Tinker",
          "Player2": "SorryImSoTilted",
          "Result": "2-0-0"
        },
        {
          "Player1": "O_danielakos",
          "Player2": "kobayui",
          "Result": "0-2-0"
        },
        {
          "Player1": "luvadepedreiro",
          "Player2": "valentinaaaa",
          "Result": "0-2-0"
        },
        {
          "Player1": "_Davimorais",
          "Player2": "rushi_00",
          "Result": "2-0-0"
        },
        {
          "Player1": "LuffyDoChapeuDePalha",
          "Player2": "PNascimento",
          "Result": "0-2-0"
        },
        {
          "Player1": "_Falcon_",
          "Player2": "DrPP",
          "Result": "2-1-0"
        },
        {
          "Player1": "MJ_23",
          "Player2": "VitorCarvalho01",
          "Result": "0-2-0"
        },
        {
          "Player1": "TricksterGod",
          "Player2": "4UBro",
          "Result": "0-2-0"
        },
        {
          "Player1": "Raydan",
          "Player2": "alfonseelric",
          "Result": "0-2-0"
        },
        {
          "Player1": "_ZNT_",
          "Player2": "Shulk",
          "Result": "0-2-0"
        }
      ]
    },
    {
      "RoundName": "Round 6",
      "Matches": [
        {
          "Player1": "LeandroKopke",
          "Player2": "jackie42005",
          "Result": "2-0-0"
        },
        {
          "Player1": "T1_Tinker",
          "Player2": "PNascimento",
          "Result": "2-0-0"
        },
        {
          "Player1": "boom_bust",
          "Player2": "4UBro",
          "Result": "0-2-0"
        },
        {
          "Player1": "_Falcon_",
          "Player2": "valentinaaaa",
          "Result": "2-0-0"
        },
        {
          "Player1": "maytwer",
          "Player2": "luvadepedreiro",
          "Result": "0-2-0"
        },
        {
          "Player1": "MJ_23",
          "Player2": "O_danielakos",
          "Result": "0-0-0"
        },
        {
          "Player1": "Raydan",
          "Player2": "duduzin",
          "Result": "0-2-0"
        },
        {
          "Player1": "VitorCarvalho01",
          "Player2": "deleon91",
          "Result": "0-2-0"
        },
        {
          "Player1": "makusong24",
          "Player2": "alfonseelric",
          "Result": "0-2-0"
        },
        {
          "Player1": "TricksterGod",
          "Player2": "SorryImSoTilted",
          "Result": "0-2-0"
        },
        {
          "Player1": "LuffyDoChapeuDePalha",
          "Player2": "_Davimorais",
          "Result": "0-2-0"
        },
        {
          "Player1": "xfile",
          "Player2": "DrPP",
          "Result": "2-0-0"
        },
        {
          "Player1": "Wizard_2002",
          "Player2": "kobayui",
          "Result": "2-0-0"
        },
        {
          "Player1": "RezerDeDog",
          "Player2": "Shulk",
          "Result": "2-0-0"
        },
        {
          "Player1": "_ZNT_",
          "Player2": "ElCucuy",
          "Result": "2-0-0"
        }
      ]
    },
    {
      "RoundName": "Round 7",
      "Matches": [
        {
          "Player1": "SorryImSoTilted",
          "Player2": "PNascimento",
          "Result": "0-2-0"
        },
        {
          "Player1": "_Davimorais",
          "Player2": "4UBro",
          "Result": "2-0-0"
        },
        {
          "Player1": "T1_Tinker",
          "Player2": "RezerDeDog",
          "Result": "2-0-0"
        },
        {
          "Player1": "LuffyDoChapeuDePalha",
          "Player2": "alfonseelric",
          "Result": "2-0-0"
        }
      ]
    },
    {
      "RoundName": "Round 8",
      "Matches": [
        {
          "Player1": "LuffyDoChapeuDePalha",
          "Player2": "T1_Tinker",
          "Result": "2-0-0"
        },
        {
          "Player1": "_Davimorais",
          "Player2": "PNascimento",
          "Result": "0-0-0"
        }
      ]
    },
    {
      "RoundName": "Round 9",
      "Matches": [
        {
          "Player1": "LuffyDoChapeuDePalha",
          "Player2": "PNascimento",
          "Result": "2-0-0"
        }
      ]
    }
  ],
  "Standings": [
    {
      "Rank": 35,
      "Player": "Magic_Expert",
      "Points": 0,
      "Wins": 0,
      "Losses": 0,
      "Draws": 0,
      "OMWP": 0.43329999999999996,
      "GWP": 0,
      "OGWP": 0.4817
    },
    {
      "Rank": 34,
      "Player": "JulioP1985",
      "Points": 0,
      "Wins": 0,
      "Losses": 0,
      "Draws": 0,
      "OMWP": 0.5,
      "GWP": 0.2,
      "OGWP": 0.5313
    },
    {
      "Rank": 33,
      "Player": "DrPP",
      "Points": 3,
      "Wins": 0,
      "Losses": 0,
      "Draws": 0,
      "OMWP": 0.4278,
      "GWP": 0.3125,
      "OGWP": 0.4532
    },
    {
      "Rank": 32,
      "Player": "maytwer",
      "Points": 3,
      "Wins": 0,
      "Losses": 0,
      "Draws": 0,
      "OMWP": 0.5,
      "GWP": 0.375,
      "OGWP": 0.466
    },
    {
      "Rank": 31,
      "Player": "Makoobi",
      "Points": 3,
      "Wins": 0,
      "Losses": 0,
      "Draws": 0,
      "OMWP": 0.5417000000000001,
      "GWP": 0.3,
      "OGWP": 0.5236999999999999
    },
    {
      "Rank": 30,
      "Player": "xfile",
      "Points": 6,
      "Wins": 0,
      "Losses": 0,
      "Draws": 0,
      "OMWP": 0.4,
      "GWP": 0.4667,
      "OGWP": 0.42969999999999997
    },
    {
      "Rank": 29,
      "Player": "luvadepedreiro",
      "Points": 6,
      "Wins": 0,
      "Losses": 0,
      "Draws": 0,
      "OMWP": 0.44439999999999996,
      "GWP": 0.375,
      "OGWP": 0.4828
    },
    {
      "Rank": 28,
      "Player": "valentinaaaa",
      "Points": 6,
      "Wins": 0,
      "Losses": 0,
      "Draws": 0,
      "OMWP": 0.44439999999999996,
      "GWP": 0.4667,
      "OGWP": 0.4347
    },
    {
      "Rank": 27,
      "Player": "Willthepill",
      "Points": 6,
      "Wins": 0,
      "Losses": 0,
      "Draws": 0,
      "OMWP": 0.4583,
      "GWP": 0.5455,
      "OGWP": 0.4667
    },
    {
      "Rank": 26,
      "Player": "O_danielakos",
      "Points": 6,
      "Wins": 0,
      "Losses": 0,
      "Draws": 0,
      "OMWP": 0.5,
      "GWP": 0.3077,
      "OGWP": 0.4889
    },
    {
      "Rank": 25,
      "Player": "rushi_00",
      "Points": 6,
      "Wins": 0,
      "Losses": 0,
      "Draws": 0,
      "OMWP": 0.5,
      "GWP": 0.46149999999999997,
      "OGWP": 0.5059
    },
    {
      "Rank": 24,
      "Player": "ElCucuy",
      "Points": 6,
      "Wins": 0,
      "Losses": 0,
      "Draws": 0,
      "OMWP": 0.5333,
      "GWP": 0.3077,
      "OGWP": 0.5142
    },
    {
      "Rank": 23,
      "Player": "jackie42005",
      "Points": 6,
      "Wins": 0,
      "Losses": 0,
      "Draws": 0,
      "OMWP": 0.5556,
      "GWP": 0.4375,
      "OGWP": 0.516
    },
    {
      "Rank": 22,
      "Player": "Raydan",
      "Points": 6,
      "Wins": 0,
      "Losses": 0,
      "Draws": 0,
      "OMWP": 0.6667000000000001,
      "GWP": 0.3846,
      "OGWP": 0.5993999999999999
    },
    {
      "Rank": 21,
      "Player": "LeandroKopke",
      "Points": 9,
      "Wins": 0,
      "Losses": 0,
      "Draws": 0,
      "OMWP": 0.3889,
      "GWP": 0.5294,
      "OGWP": 0.4285
    },
    {
      "Rank": 20,
      "Player": "MJ_23",
      "Points": 9,
      "Wins": 0,
      "Losses": 0,
      "Draws": 0,
      "OMWP": 0.44439999999999996,
      "GWP": 0.5,
      "OGWP": 0.46409999999999996
    },
    {
      "Rank": 19,
      "Player": "_Falcon_",
      "Points": 9,
      "Wins": 0,
      "Losses": 0,
      "Draws": 0,
      "OMWP": 0.4722,
      "GWP": 0.4667,
      "OGWP": 0.4681
    },
    {
      "Rank": 18,
      "Player": "kobayui",
      "Points": 9,
      "Wins": 0,
      "Losses": 0,
      "Draws": 0,
      "OMWP": 0.4722,
      "GWP": 0.5,
      "OGWP": 0.45520000000000005
    },
    {
      "Rank": 17,
      "Player": "duduzin",
      "Points": 9,
      "Wins": 0,
      "Losses": 0,
      "Draws": 0,
      "OMWP": 0.5,
      "GWP": 0.5,
      "OGWP": 0.49439999999999995
    },
    {
      "Rank": 16,
      "Player": "_ZNT_",
      "Points": 9,
      "Wins": 0,
      "Losses": 0,
      "Draws": 0,
      "OMWP": 0.5278,
      "GWP": 0.4667,
      "OGWP": 0.5173
    },
    {
      "Rank": 15,
      "Player": "TricksterGod",
      "Points": 9,
      "Wins": 0,
      "Losses": 0,
      "Draws": 0,
      "OMWP": 0.5389,
      "GWP": 0.46149999999999997,
      "OGWP": 0.5097999999999999
    },
    {
      "Rank": 14,
      "Player": "Shulk",
      "Points": 9,
      "Wins": 0,
      "Losses": 0,
      "Draws": 0,
      "OMWP": 0.5556,
      "GWP": 0.5,
      "OGWP": 0.5309
    },
    {
      "Rank": 13,
      "Player": "VitorCarvalho01",
      "Points": 9,
      "Wins": 0,
      "Losses": 0,
      "Draws": 0,
      "OMWP": 0.6111,
      "GWP": 0.5,
      "OGWP": 0.5660000000000001
    },
    {
      "Rank": 12,
      "Player": "deleon91",
      "Points": 12,
      "Wins": 0,
      "Losses": 0,
      "Draws": 0,
      "OMWP": 0.4722,
      "GWP": 0.6,
      "OGWP": 0.47850000000000004
    },
    {
      "Rank": 11,
      "Player": "Wizard_2002",
      "Points": 12,
      "Wins": 0,
      "Losses": 0,
      "Draws": 0,
      "OMWP": 0.5389,
      "GWP": 0.6429,
      "OGWP": 0.5184000000000001
    },
    {
      "Rank": 10,
      "Player": "makusong24",
      "Points": 12,
      "Wins": 0,
      "Losses": 0,
      "Draws": 0,
      "OMWP": 0.5832999999999999,
      "GWP": 0.5882000000000001,
      "OGWP": 0.5455
    },
    {
      "Rank": 9,
      "Player": "boom_bust",
      "Points": 12,
      "Wins": 0,
      "Losses": 0,
      "Draws": 0,
      "OMWP": 0.6111,
      "GWP": 0.6,
      "OGWP": 0.5499
    },
    {
      "Rank": 8,
      "Player": "RezerDeDog",
      "Points": 12,
      "Wins": 0,
      "Losses": 0,
      "Draws": 0,
      "OMWP": 0.6389,
      "GWP": 0.6,
      "OGWP": 0.5778
    },
    {
      "Rank": 7,
      "Player": "SorryImSoTilted",
      "Points": 12,
      "Wins": 0,
      "Losses": 0,
      "Draws": 0,
      "OMWP": 0.6389,
      "GWP": 0.6,
      "OGWP": 0.5805
    },
    {
      "Rank": 6,
      "Player": "alfonseelric",
      "Points": 15,
      "Wins": 0,
      "Losses": 0,
      "Draws": 0,
      "OMWP": 0.4722,
      "GWP": 0.6667000000000001,
      "OGWP": 0.4739
    },
    {
      "Rank": 5,
      "Player": "4UBro",
      "Points": 15,
      "Wins": 0,
      "Losses": 0,
      "Draws": 0,
      "OMWP": 0.5,
      "GWP": 0.6875,
      "OGWP": 0.4793
    },
    {
      "Rank": 4,
      "Player": "_Davimorais",
      "Points": 15,
      "Wins": 0,
      "Losses": 0,
      "Draws": 0,
      "OMWP": 0.65,
      "GWP": 0.625,
      "OGWP": 0.5829
    },
    {
      "Rank": 3,
      "Player": "T1_Tinker",
      "Points": 21,
      "Wins": 0,
      "Losses": 0,
      "Draws": 0,
      "OMWP": 0.6667000000000001,
      "GWP": 0.8,
      "OGWP": 0.601
    },
    {
      "Rank": 2,
      "Player": "PNascimento",
      "Points": 21,
      "Wins": 0,
      "Losses": 0,
      "Draws": 0,
      "OMWP": 0.6667000000000001,
      "GWP": 0.7143,
      "OGWP": 0.6093
    },
    {
      "Rank": 1,
      "Player": "LuffyDoChapeuDePalha",
      "Points": 21,
      "Wins": 0,
      "Losses": 0,
      "Draws": 0,
      "OMWP": 0.6667000000000001,
      "GWP": 0.5882000000000001,
      "OGWP": 0.5914
    }
  ]
}