{
  "Tournament": {
    "Id": 12803650,
    "Date": "2025-07-19T16:05:00",
    "Name": "Pioneer Championship Week Finals",
    "Uri": null,
    "JsonFile": null,
    "ForceRedownload": false
  },
  "Decks": null,
  "Rounds": [
    {
      "RoundName": "Round 1",
      "Matches": [
        {
          "Player1": "tchuco",
          "Player2": "_Falcon_",
          "Result": "2-0-0"
        },
        {
          "Player1": "Zompatanfo",
          "Player2": "BiIIyBruto",
          "Result": "2-0-0"
        },
        {
          "Player1": "_Davimorais",
          "Player2": "Terminus0",
          "Result": "2-0-0"
        },
        {
          "Player1": "stalonge",
          "Player2": "DrPP",
          "Result": "2-0-0"
        },
        {
          "Player1": "MdvWin",
          "Player2": "Jpsn54",
          "Result": "2-0-0"
        },
        {
          "Player1": "luvadepedreiro",
          "Player2": "filpin",
          "Result": "2-0-0"
        },
        {
          "Player1": "Capoeira02",
          "Player2": "_Shatun_",
          "Result": "2-0-0"
        },
        {
          "Player1": "Bullz0Eye",
          "Player2": "PieGonti",
          "Result": "0-2-0"
        },
        {
          "Player1": "LucasG1ggs",
          "Player2": "Aldreen",
          "Result": "2-0-0"
        },
        {
          "Player1": "RNAPBP1",
          "Player2": "TadalaDe20",
          "Result": "2-0-0"
        },
        {
          "Player1": "levunga21",
          "Player2": "maytwer",
          "Result": "2-0-0"
        },
        {
          "Player1": "apriolo1",
          "Player2": "ItsSwiftyTime",
          "Result": "0-2-0"
        },
        {
          "Player1": "Willthepill",
          "Player2": "Beicodegeia",
          "Result": "2-0-0"
        },
        {
          "Player1": "marolanzi",
          "Player2": "FranMtg",
          "Result": "2-0-0"
        },
        {
          "Player1": "therock988",
          "Player2": "Selfeisek",
          "Result": "2-0-0"
        },
        {
          "Player1": "qbturtle15",
          "Player2": "LuffyDoChapeuDePalha",
          "Result": "2-0-0"
        },
        {
          "Player1": "Vequinox",
          "Player2": "Brasatore",
          "Result": "0-2-0"
        },
        {
          "Player1": "MJ_23",
          "Player2": "2plus2isfive",
          "Result": "2-0-0"
        },
        {
          "Player1": "McWinSauce",
          "Player2": "LBBL",
          "Result": "0-2-0"
        },
        {
          "Player1": "sMann2.0",
          "Player2": "Oceansoul92",
          "Result": "2-0-0"
        },
        {
          "Player1": "capellomauro",
          "Player2": "ScouterTF2",
          "Result": "0-2-0"
        },
        {
          "Player1": "_ZNT_",
          "Player2": "Arkany1",
          "Result": "2-0-0"
        },
        {
          "Player1": "T1_Tinker",
          "Player2": "ICT95",
          "Result": "0-0-0"
        },
        {
          "Player1": "jakobpablo",
          "Player2": "medvedev",
          "Result": "2-1-0"
        },
        {
          "Player1": "Aardos",
          "Player2": "Jositoshekel",
          "Result": "0-2-0"
        },
        {
          "Player1": "linkintoxic",
          "Player2": "Nadu",
          "Result": "0-2-0"
        },
        {
          "Player1": "NAKISHIMA",
          "Player2": "Ale_Mtg",
          "Result": "0-0-0"
        },
        {
          "Player1": "Navas",
          "Player2": "O_danielakos",
          "Result": "0-2-0"
        },
        {
          "Player1": "kasa",
          "Player2": "Magicofplayer1",
          "Result": "2-0-0"
        },
        {
          "Player1": "klien7",
          "Player2": "Rosiedog88",
          "Result": "2-0-0"
        },
        {
          "Player1": "Hampuse1",
          "Player2": "Univerce",
          "Result": "0-2-0"
        },
        {
          "Player1": "pat0presidente",
          "Player2": "beraldi",
          "Result": "0-2-0"
        },
        {
          "Player1": "sandoiche",
          "Player2": "outZEROo",
          "Result": "2-0-0"
        },
        {
          "Player1": "Gianhunter",
          "Player2": "groot02",
          "Result": "0-0-0"
        },
        {
          "Player1": "DookieTrouserMD",
          "Player2": "Bong0411",
          "Result": "2-0-0"
        },
        {
          "Player1": "rushi_00",
          "Player2": "JulioP1985",
          "Result": "0-0-0"
        },
        {
          "Player1": "iaky91",
          "Player2": "Aerien_sol",
          "Result": "0-2-0"
        },
        {
          "Player1": "MagicalSnap",
          "Player2": "Garthoro",
          "Result": "2-0-0"
        },
        {
          "Player1": "HyPPeR",
          "Player2": "Gorzone",
          "Result": "2-0-0"
        },
        {
          "Player1": "karatedom",
          "Player2": "_Siegfried",
          "Result": "2-0-0"
        },
        {
          "Player1": "BERNASTORRES",
          "Player2": "upumpa89",
          "Result": "0-2-0"
        },
        {
          "Player1": "albertoSD",
          "Player2": "Adam-Bazika",
          "Result": "2-0-0"
        },
        {
          "Player1": "unagieel",
          "Player2": "Nanovo",
          "Result": "0-2-0"
        },
        {
          "Player1": "LordEgg",
          "Player2": "kobayui",
          "Result": "2-0-0"
        },
        {
          "Player1": "RockyWolf",
          "Player2": "PNascimento",
          "Result": "0-2-0"
        },
        {
          "Player1": "hermanomlg",
          "Player2": "GzusReturned",
          "Result": "2-0-0"
        },
        {
          "Player1": "termidor",
          "Player2": "VitorCarvalho01",
          "Result": "0-2-0"
        },
        {
          "Player1": "claudioh",
          "Player2": "deleon91",
          "Result": "2-0-0"
        },
        {
          "Player1": "redryansox",
          "Player2": "_Cygnus",
          "Result": "0-0-0"
        },
        {
          "Player1": "ComboMAN",
          "Player2": "GinkoHS",
          "Result": "2-0-0"
        },
        {
          "Player1": "Slyvester3",
          "Player2": "FUXIN",
          "Result": "0-0-0"
        },
        {
          "Player1": "ovmlcabrera",
          "Player2": "Febre",
          "Result": "2-0-0"
        },
        {
          "Player1": "HEROtsukai",
          "Player2": "RatherBplayingMTG",
          "Result": "0-2-0"
        },
        {
          "Player1": "_Tia93_",
          "Player2": "Raydan",
          "Result": "2-0-0"
        },
        {
          "Player1": "PedraStone",
          "Player2": "ElCucuy",
          "Result": "0-2-0"
        },
        {
          "Player1": "Tsubasa_Cat",
          "Player2": "DavidPierceUTA",
          "Result": "2-0-0"
        },
        {
          "Player1": "wordy333",
          "Player2": "Happy12",
          "Result": "0-0-0"
        },
        {
          "Player1": "Alico",
          "Player2": "fazparte",
          "Result": "2-0-0"
        },
        {
          "Player1": "Tunaktunak",
          "Player2": "SargonVito8",
          "Result": "0-2-0"
        },
        {
          "Player1": "Theagent002",
          "Player2": "MissTrigger",
          "Result": "2-0-0"
        },
        {
          "Player1": "Bertram",
          "Player2": "Venom1",
          "Result": "0-2-0"
        },
        {
          "Player1": "rosti56",
          "Player2": "SorryImSoTilted",
          "Result": "2-0-0"
        },
        {
          "Player1": "Slatorade",
          "Player2": "gurig",
          "Result": "0-2-0"
        },
        {
          "Player1": "CrazyMorango",
          "Player2": "Mathilde8",
          "Result": "2-0-0"
        }
      ]
    },
    {
      "RoundName": "Round 2",
      "Matches": [
        {
          "Player1": "pat0presidente",
          "Player2": "Gorzone",
          "Result": "2-0-0"
        },
        {
          "Player1": "levunga21",
          "Player2": "beraldi",
          "Result": "2-0-0"
        },
        {
          "Player1": "Capoeira02",
          "Player2": "LordEgg",
          "Result": "0-2-0"
        },
        {
          "Player1": "gurig",
          "Player2": "ElCucuy",
          "Result": "2-0-0"
        },
        {
          "Player1": "HyPPeR",
          "Player2": "PNascimento",
          "Result": "0-2-0"
        },
        {
          "Player1": "BERNASTORRES",
          "Player2": "FUXIN",
          "Result": "2-0-0"
        },
        {
          "Player1": "Navas",
          "Player2": "Bullz0Eye",
          "Result": "0-2-0"
        },
        {
          "Player1": "ovmlcabrera",
          "Player2": "JulioP1985",
          "Result": "0-0-0"
        },
        {
          "Player1": "sandoiche",
          "Player2": "_Davimorais",
          "Result": "0-2-0"
        },
        {
          "Player1": "Vequinox",
          "Player2": "Mathilde8",
          "Result": "0-0-0"
        },
        {
          "Player1": "medvedev",
          "Player2": "Magicofplayer1",
          "Result": "0-2-0"
        },
        {
          "Player1": "Aldreen",
          "Player2": "MissTrigger",
          "Result": "0-2-0"
        },
        {
          "Player1": "Brasatore",
          "Player2": "SargonVito8",
          "Result": "2-0-0"
        },
        {
          "Player1": "Aardos",
          "Player2": "maytwer",
          "Result": "2-0-0"
        },
        {
          "Player1": "linkintoxic",
          "Player2": "Ale_Mtg",
          "Result": "2-0-0"
        },
        {
          "Player1": "Willthepill",
          "Player2": "DookieTrouserMD",
          "Result": "0-2-0"
        },
        {
          "Player1": "Slatorade",
          "Player2": "_Cygnus",
          "Result": "0-2-0"
        },
        {
          "Player1": "LuffyDoChapeuDePalha",
          "Player2": "capellomauro",
          "Result": "2-0-0"
        },
        {
          "Player1": "upumpa89",
          "Player2": "LBBL",
          "Result": "2-0-0"
        },
        {
          "Player1": "Selfeisek",
          "Player2": "filpin",
          "Result": "2-0-0"
        },
        {
          "Player1": "MJ_23",
          "Player2": "MagicalSnap",
          "Result": "0-2-0"
        },
        {
          "Player1": "Oceansoul92",
          "Player2": "Bong0411",
          "Result": "2-0-0"
        },
        {
          "Player1": "HEROtsukai",
          "Player2": "_Siegfried",
          "Result": "0-0-0"
        },
        {
          "Player1": "rosti56",
          "Player2": "luvadepedreiro",
          "Result": "2-0-0"
        },
        {
          "Player1": "therock988",
          "Player2": "albertoSD",
          "Result": "0-2-0"
        },
        {
          "Player1": "_Tia93_",
          "Player2": "hermanomlg",
          "Result": "0-2-0"
        },
        {
          "Player1": "Bertram",
          "Player2": "fazparte",
          "Result": "0-2-0"
        },
        {
          "Player1": "Slyvester3",
          "Player2": "Alico",
          "Result": "0-2-0"
        },
        {
          "Player1": "MdvWin",
          "Player2": "Zompatanfo",
          "Result": "0-2-0"
        },
        {
          "Player1": "Jpsn54",
          "Player2": "PedraStone",
          "Result": "0-2-0"
        },
        {
          "Player1": "sMann2.0",
          "Player2": "Venom1",
          "Result": "0-0-0"
        },
        {
          "Player1": "O_danielakos",
          "Player2": "karatedom",
          "Result": "0-2-0"
        },
        {
          "Player1": "kobayui",
          "Player2": "TadalaDe20",
          "Result": "0-0-0"
        },
        {
          "Player1": "_Shatun_",
          "Player2": "SorryImSoTilted",
          "Result": "2-0-0"
        },
        {
          "Player1": "RNAPBP1",
          "Player2": "_ZNT_",
          "Result": "2-0-0"
        },
        {
          "Player1": "FranMtg",
          "Player2": "Garthoro",
          "Result": "0-2-0"
        },
        {
          "Player1": "redryansox",
          "Player2": "Beicodegeia",
          "Result": "0-2-0"
        },
        {
          "Player1": "tchuco",
          "Player2": "Nanovo",
          "Result": "2-0-0"
        },
        {
          "Player1": "LucasG1ggs",
          "Player2": "ScouterTF2",
          "Result": "2-0-0"
        },
        {
          "Player1": "unagieel",
          "Player2": "rushi_00",
          "Result": "0-2-0"
        },
        {
          "Player1": "Raydan",
          "Player2": "Adam-Bazika",
          "Result": "0-2-0"
        },
        {
          "Player1": "marolanzi",
          "Player2": "CrazyMorango",
          "Result": "0-2-0"
        },
        {
          "Player1": "Aerien_sol",
          "Player2": "Univerce",
          "Result": "0-2-0"
        },
        {
          "Player1": "stalonge",
          "Player2": "klien7",
          "Result": "0-2-0"
        },
        {
          "Player1": "Theagent002",
          "Player2": "ItsSwiftyTime",
          "Result": "0-2-0"
        },
        {
          "Player1": "Tunaktunak",
          "Player2": "apriolo1",
          "Result": "0-2-0"
        },
        {
          "Player1": "Happy12",
          "Player2": "FlawlessVictory-",
          "Result": "0-0-0"
        },
        {
          "Player1": "PieGonti",
          "Player2": "RatherBplayingMTG",
          "Result": "2-0-0"
        },
        {
          "Player1": "outZEROo",
          "Player2": "BiIIyBruto",
          "Result": "0-2-0"
        },
        {
          "Player1": "NAKISHIMA",
          "Player2": "Tsubasa_Cat",
          "Result": "0-2-0"
        },
        {
          "Player1": "_Falcon_",
          "Player2": "T1_Tinker",
          "Result": "2-0-0"
        },
        {
          "Player1": "claudioh",
          "Player2": "jakobpablo",
          "Result": "2-0-0"
        },
        {
          "Player1": "RockyWolf",
          "Player2": "Arkany1",
          "Result": "0-2-0"
        },
        {
          "Player1": "qbturtle15",
          "Player2": "VitorCarvalho01",
          "Result": "0-2-0"
        },
        {
          "Player1": "wordy333",
          "Player2": "GinkoHS",
          "Result": "0-0-0"
        },
        {
          "Player1": "termidor",
          "Player2": "deleon91",
          "Result": "0-2-0"
        },
        {
          "Player1": "Terminus0",
          "Player2": "Febre",
          "Result": "2-0-0"
        },
        {
          "Player1": "GzusReturned",
          "Player2": "DavidPierceUTA",
          "Result": "2-0-0"
        },
        {
          "Player1": "kasa",
          "Player2": "ICT95",
          "Result": "2-0-0"
        },
        {
          "Player1": "ComboMAN",
          "Player2": "Nadu",
          "Result": "2-0-0"
        },
        {
          "Player1": "Jositoshekel",
          "Player2": "Gianhunter",
          "Result": "2-0-0"
        }
      ]
    },
    {
      "RoundName": "Round 3",
      "Matches": [
        {
          "Player1": "Theagent002",
          "Player2": "ICT95",
          "Result": "0-2-0"
        },
        {
          "Player1": "HyPPeR",
          "Player2": "TadalaDe20",
          "Result": "2-0-0"
        },
        {
          "Player1": "Happy12",
          "Player2": "LBBL",
          "Result": "0-2-0"
        },
        {
          "Player1": "Univerce",
          "Player2": "VitorCarvalho01",
          "Result": "0-2-0"
        },
        {
          "Player1": "hermanomlg",
          "Player2": "FlawlessVictory-",
          "Result": "2-0-0"
        },
        {
          "Player1": "beraldi",
          "Player2": "Gianhunter",
          "Result": "0-2-0"
        },
        {
          "Player1": "deleon91",
          "Player2": "luvadepedreiro",
          "Result": "2-0-0"
        },
        {
          "Player1": "Venom1",
          "Player2": "Zompatanfo",
          "Result": "0-2-0"
        },
        {
          "Player1": "Capoeira02",
          "Player2": "linkintoxic",
          "Result": "0-2-0"
        },
        {
          "Player1": "Slatorade",
          "Player2": "Bertram",
          "Result": "0-2-0"
        },
        {
          "Player1": "BERNASTORRES",
          "Player2": "PedraStone",
          "Result": "0-2-0"
        },
        {
          "Player1": "karatedom",
          "Player2": "Tsubasa_Cat",
          "Result": "2-0-0"
        },
        {
          "Player1": "qbturtle15",
          "Player2": "Terminus0",
          "Result": "2-0-0"
        },
        {
          "Player1": "pat0presidente",
          "Player2": "Willthepill",
          "Result": "2-0-0"
        },
        {
          "Player1": "GinkoHS",
          "Player2": "Nanovo",
          "Result": "0-2-0"
        },
        {
          "Player1": "stalonge",
          "Player2": "Aerien_sol",
          "Result": "2-0-0"
        },
        {
          "Player1": "albertoSD",
          "Player2": "PieGonti",
          "Result": "2-0-0"
        },
        {
          "Player1": "ovmlcabrera",
          "Player2": "gurig",
          "Result": "2-0-0"
        },
        {
          "Player1": "Vequinox",
          "Player2": "outZEROo",
          "Result": "0-2-0"
        },
        {
          "Player1": "apriolo1",
          "Player2": "Adam-Bazika",
          "Result": "2-0-0"
        },
        {
          "Player1": "Tunaktunak",
          "Player2": "SorryImSoTilted",
          "Result": "2-0-0"
        },
        {
          "Player1": "rushi_00",
          "Player2": "Magicofplayer1",
          "Result": "2-0-0"
        },
        {
          "Player1": "Beicodegeia",
          "Player2": "SargonVito8",
          "Result": "2-0-0"
        },
        {
          "Player1": "Jositoshekel",
          "Player2": "tchuco",
          "Result": "2-0-0"
        },
        {
          "Player1": "maytwer",
          "Player2": "FUXIN",
          "Result": "0-0-0"
        },
        {
          "Player1": "medvedev",
          "Player2": "unagieel",
          "Result": "2-0-0"
        },
        {
          "Player1": "Navas",
          "Player2": "DavidPierceUTA",
          "Result": "0-0-0"
        },
        {
          "Player1": "rosti56",
          "Player2": "ItsSwiftyTime",
          "Result": "0-2-0"
        },
        {
          "Player1": "O_danielakos",
          "Player2": "RatherBplayingMTG",
          "Result": "0-0-0"
        },
        {
          "Player1": "capellomauro",
          "Player2": "Gorzone",
          "Result": "0-0-0"
        },
        {
          "Player1": "kasa",
          "Player2": "DookieTrouserMD",
          "Result": "2-0-0"
        },
        {
          "Player1": "ScouterTF2",
          "Player2": "GzusReturned",
          "Result": "0-2-0"
        },
        {
          "Player1": "sandoiche",
          "Player2": "jakobpablo",
          "Result": "0-0-0"
        },
        {
          "Player1": "sMann2.0",
          "Player2": "marolanzi",
          "Result": "0-2-0"
        },
        {
          "Player1": "MJ_23",
          "Player2": "NAKISHIMA",
          "Result": "0-2-0"
        },
        {
          "Player1": "termidor",
          "Player2": "filpin",
          "Result": "2-0-0"
        },
        {
          "Player1": "Oceansoul92",
          "Player2": "Mathilde8",
          "Result": "2-0-0"
        },
        {
          "Player1": "RockyWolf",
          "Player2": "Jpsn54",
          "Result": "0-0-0"
        },
        {
          "Player1": "therock988",
          "Player2": "LuffyDoChapeuDePalha",
          "Result": "0-2-0"
        },
        {
          "Player1": "Alico",
          "Player2": "PNascimento",
          "Result": "0-2-0"
        },
        {
          "Player1": "claudioh",
          "Player2": "Brasatore",
          "Result": "0-2-0"
        },
        {
          "Player1": "wordy333",
          "Player2": "T1_Tinker",
          "Result": "0-0-0"
        },
        {
          "Player1": "_Cygnus",
          "Player2": "CrazyMorango",
          "Result": "0-2-0"
        },
        {
          "Player1": "Bullz0Eye",
          "Player2": "MdvWin",
          "Result": "0-2-0"
        },
        {
          "Player1": "_Tia93_",
          "Player2": "iaky91",
          "Result": "0-2-0"
        },
        {
          "Player1": "Aldreen",
          "Player2": "_Siegfried",
          "Result": "0-2-0"
        },
        {
          "Player1": "_Shatun_",
          "Player2": "BiIIyBruto",
          "Result": "2-0-0"
        },
        {
          "Player1": "kobayui",
          "Player2": "Febre",
          "Result": "0-0-0"
        },
        {
          "Player1": "_ZNT_",
          "Player2": "Garthoro",
          "Result": "2-0-0"
        },
        {
          "Player1": "Selfeisek",
          "Player2": "fazparte",
          "Result": "0-2-0"
        },
        {
          "Player1": "LucasG1ggs",
          "Player2": "klien7",
          "Result": "2-0-0"
        },
        {
          "Player1": "Nadu",
          "Player2": "ElCucuy",
          "Result": "2-0-0"
        },
        {
          "Player1": "upumpa89",
          "Player2": "MagicalSnap",
          "Result": "0-2-0"
        },
        {
          "Player1": "ComboMAN",
          "Player2": "_Davimorais",
          "Result": "0-2-0"
        },
        {
          "Player1": "Aardos",
          "Player2": "JulioP1985",
          "Result": "2-0-0"
        },
        {
          "Player1": "Slyvester3",
          "Player2": "_Falcon_",
          "Result": "0-2-0"
        },
        {
          "Player1": "MissTrigger",
          "Player2": "Arkany1",
          "Result": "0-0-0"
        },
        {
          "Player1": "levunga21",
          "Player2": "HEROtsukai",
          "Result": "0-2-0"
        },
        {
          "Player1": "LordEgg",
          "Player2": "RNAPBP1",
          "Result": "2-0-0"
        }
      ]
    },
    {
      "RoundName": "Round 4",
      "Matches": [
        {
          "Player1": "capellomauro",
          "Player2": "Happy12",
          "Result": "0-2-0"
        },
        {
          "Player1": "linkintoxic",
          "Player2": "GzusReturned",
          "Result": "0-2-0"
        },
        {
          "Player1": "Selfeisek",
          "Player2": "maytwer",
          "Result": "2-0-0"
        },
        {
          "Player1": "qbturtle15",
          "Player2": "Nadu",
          "Result": "2-0-0"
        },
        {
          "Player1": "_Shatun_",
          "Player2": "LBBL",
          "Result": "0-2-0"
        },
        {
          "Player1": "Oceansoul92",
          "Player2": "iaky91",
          "Result": "0-2-0"
        },
        {
          "Player1": "SorryImSoTilted",
          "Player2": "filpin",
          "Result": "2-0-0"
        },
        {
          "Player1": "LordEgg",
          "Player2": "MagicalSnap",
          "Result": "0-0-0"
        },
        {
          "Player1": "claudioh",
          "Player2": "Univerce",
          "Result": "0-2-0"
        },
        {
          "Player1": "MissTrigger",
          "Player2": "ScouterTF2",
          "Result": "1-2-0"
        },
        {
          "Player1": "MJ_23",
          "Player2": "outZEROo",
          "Result": "0-2-0"
        },
        {
          "Player1": "Bullz0Eye",
          "Player2": "Aerien_sol",
          "Result": "0-2-0"
        },
        {
          "Player1": "therock988",
          "Player2": "Tunaktunak",
          "Result": "0-2-0"
        },
        {
          "Player1": "Bertram",
          "Player2": "Capoeira02",
          "Result": "2-0-0"
        },
        {
          "Player1": "_Tia93_",
          "Player2": "_Siegfried",
          "Result": "2-0-0"
        },
        {
          "Player1": "upumpa89",
          "Player2": "Alico",
          "Result": "0-2-0"
        },
        {
          "Player1": "pat0presidente",
          "Player2": "Beicodegeia",
          "Result": "0-2-0"
        },
        {
          "Player1": "tchuco",
          "Player2": "Tsubasa_Cat",
          "Result": "0-2-0"
        },
        {
          "Player1": "NAKISHIMA",
          "Player2": "MdvWin",
          "Result": "0-2-0"
        },
        {
          "Player1": "ovmlcabrera",
          "Player2": "Jositoshekel",
          "Result": "0-2-0"
        },
        {
          "Player1": "SargonVito8",
          "Player2": "Mathilde8",
          "Result": "2-0-0"
        },
        {
          "Player1": "_ZNT_",
          "Player2": "Nanovo",
          "Result": "0-2-0"
        },
        {
          "Player1": "sandoiche",
          "Player2": "rushi_00",
          "Result": "2-0-0"
        },
        {
          "Player1": "ComboMAN",
          "Player2": "apriolo1",
          "Result": "0-2-0"
        },
        {
          "Player1": "karatedom",
          "Player2": "VitorCarvalho01",
          "Result": "2-1-0"
        },
        {
          "Player1": "marolanzi",
          "Player2": "PedraStone",
          "Result": "0-2-0"
        },
        {
          "Player1": "_Cygnus",
          "Player2": "RatherBplayingMTG",
          "Result": "2-0-0"
        },
        {
          "Player1": "Magicofplayer1",
          "Player2": "Bong0411",
          "Result": "0-0-0"
        },
        {
          "Player1": "Arkany1",
          "Player2": "fazparte",
          "Result": "0-2-0"
        },
        {
          "Player1": "Gianhunter",
          "Player2": "rosti56",
          "Result": "0-2-0"
        },
        {
          "Player1": "Brasatore",
          "Player2": "PNascimento",
          "Result": "2-0-0"
        },
        {
          "Player1": "O_danielakos",
          "Player2": "T1_Tinker",
          "Result": "2-0-0"
        },
        {
          "Player1": "RockyWolf",
          "Player2": "TadalaDe20",
          "Result": "2-0-0"
        },
        {
          "Player1": "albertoSD",
          "Player2": "ItsSwiftyTime",
          "Result": "0-0-0"
        },
        {
          "Player1": "DavidPierceUTA",
          "Player2": "Adam-Bazika",
          "Result": "0-0-0"
        },
        {
          "Player1": "Navas",
          "Player2": "Febre",
          "Result": "0-0-0"
        },
        {
          "Player1": "CrazyMorango",
          "Player2": "Zompatanfo",
          "Result": "0-2-0"
        },
        {
          "Player1": "ICT95",
          "Player2": "FlawlessVictory-",
          "Result": "2-0-0"
        },
        {
          "Player1": "termidor",
          "Player2": "luvadepedreiro",
          "Result": "2-0-0"
        },
        {
          "Player1": "BERNASTORRES",
          "Player2": "beraldi",
          "Result": "2-0-0"
        },
        {
          "Player1": "Garthoro",
          "Player2": "ElCucuy",
          "Result": "2-0-0"
        },
        {
          "Player1": "levunga21",
          "Player2": "PieGonti",
          "Result": "0-0-0"
        },
        {
          "Player1": "Theagent002",
          "Player2": "BiIIyBruto",
          "Result": "2-0-0"
        },
        {
          "Player1": "Venom1",
          "Player2": "LuffyDoChapeuDePalha",
          "Result": "0-2-0"
        },
        {
          "Player1": "stalonge",
          "Player2": "_Falcon_",
          "Result": "0-2-0"
        },
        {
          "Player1": "RNAPBP1",
          "Player2": "deleon91",
          "Result": "0-2-0"
        },
        {
          "Player1": "medvedev",
          "Player2": "Terminus0",
          "Result": "2-0-0"
        },
        {
          "Player1": "kasa",
          "Player2": "LucasG1ggs",
          "Result": "0-2-0"
        },
        {
          "Player1": "gurig",
          "Player2": "klien7",
          "Result": "2-0-0"
        },
        {
          "Player1": "HyPPeR",
          "Player2": "HEROtsukai",
          "Result": "0-2-0"
        },
        {
          "Player1": "_Davimorais",
          "Player2": "hermanomlg",
          "Result": "0-2-0"
        },
        {
          "Player1": "Aardos",
          "Player2": "DookieTrouserMD",
          "Result": "0-2-0"
        }
      ]
    },
    {
      "RoundName": "Round 5",
      "Matches": [
        {
          "Player1": "Alico",
          "Player2": "ICT95",
          "Result": "2-0-0"
        },
        {
          "Player1": "RNAPBP1",
          "Player2": "Aerien_sol",
          "Result": "0-2-0"
        },
        {
          "Player1": "Tunaktunak",
          "Player2": "termidor",
          "Result": "2-0-0"
        },
        {
          "Player1": "stalonge",
          "Player2": "Garthoro",
          "Result": "0-0-0"
        },
        {
          "Player1": "HEROtsukai",
          "Player2": "iaky91",
          "Result": "2-0-0"
        },
        {
          "Player1": "sandoiche",
          "Player2": "Univerce",
          "Result": "0-2-0"
        },
        {
          "Player1": "claudioh",
          "Player2": "linkintoxic",
          "Result": "2-0-0"
        },
        {
          "Player1": "LucasG1ggs",
          "Player2": "karatedom",
          "Result": "0-2-0"
        },
        {
          "Player1": "medvedev",
          "Player2": "Gianhunter",
          "Result": "2-0-0"
        },
        {
          "Player1": "PieGonti",
          "Player2": "FlawlessVictory-",
          "Result": "2-0-0"
        },
        {
          "Player1": "_Cygnus",
          "Player2": "GzusReturned",
          "Result": "2-0-0"
        },
        {
          "Player1": "therock988",
          "Player2": "_Siegfried",
          "Result": "2-0-0"
        },
        {
          "Player1": "Jositoshekel",
          "Player2": "hermanomlg",
          "Result": "0-0-0"
        },
        {
          "Player1": "marolanzi",
          "Player2": "tchuco",
          "Result": "0-2-0"
        },
        {
          "Player1": "Theagent002",
          "Player2": "HyPPeR",
          "Result": "0-0-0"
        },
        {
          "Player1": "Tsubasa_Cat",
          "Player2": "DookieTrouserMD",
          "Result": "0-2-0"
        },
        {
          "Player1": "MagicalSnap",
          "Player2": "MdvWin",
          "Result": "0-2-0"
        },
        {
          "Player1": "Capoeira02",
          "Player2": "BiIIyBruto",
          "Result": "0-2-0"
        },
        {
          "Player1": "klien7",
          "Player2": "SargonVito8",
          "Result": "0-0-0"
        },
        {
          "Player1": "ovmlcabrera",
          "Player2": "VitorCarvalho01",
          "Result": "0-2-0"
        },
        {
          "Player1": "qbturtle15",
          "Player2": "apriolo1",
          "Result": "2-0-0"
        },
        {
          "Player1": "Venom1",
          "Player2": "_Tia93_",
          "Result": "0-2-0"
        },
        {
          "Player1": "Oceansoul92",
          "Player2": "Nadu",
          "Result": "0-0-0"
        },
        {
          "Player1": "ScouterTF2",
          "Player2": "Happy12",
          "Result": "0-2-0"
        },
        {
          "Player1": "Febre",
          "Player2": "SorryImSoTilted",
          "Result": "0-2-0"
        },
        {
          "Player1": "Bertram",
          "Player2": "rushi_00",
          "Result": "2-0-0"
        },
        {
          "Player1": "upumpa89",
          "Player2": "Adam-Bazika",
          "Result": "2-0-0"
        },
        {
          "Player1": "rosti56",
          "Player2": "PedraStone",
          "Result": "0-2-0"
        },
        {
          "Player1": "fazparte",
          "Player2": "PNascimento",
          "Result": "0-2-0"
        },
        {
          "Player1": "Selfeisek",
          "Player2": "Magicofplayer1",
          "Result": "0-2-0"
        },
        {
          "Player1": "kasa",
          "Player2": "_Falcon_",
          "Result": "0-2-0"
        },
        {
          "Player1": "MJ_23",
          "Player2": "DavidPierceUTA",
          "Result": "2-0-0"
        },
        {
          "Player1": "albertoSD",
          "Player2": "deleon91",
          "Result": "0-0-0"
        },
        {
          "Player1": "O_danielakos",
          "Player2": "_ZNT_",
          "Result": "0-2-0"
        },
        {
          "Player1": "Beicodegeia",
          "Player2": "CrazyMorango",
          "Result": "2-0-0"
        },
        {
          "Player1": "MissTrigger",
          "Player2": "Gorzone",
          "Result": "0-2-0"
        },
        {
          "Player1": "levunga21",
          "Player2": "_Davimorais",
          "Result": "2-0-0"
        },
        {
          "Player1": "_Shatun_",
          "Player2": "NAKISHIMA",
          "Result": "2-0-0"
        },
        {
          "Player1": "Bong0411",
          "Player2": "ElCucuy",
          "Result": "2-0-0"
        },
        {
          "Player1": "ComboMAN",
          "Player2": "Arkany1",
          "Result": "2-0-0"
        },
        {
          "Player1": "LordEgg",
          "Player2": "ItsSwiftyTime",
          "Result": "0-2-0"
        },
        {
          "Player1": "RockyWolf",
          "Player2": "pat0presidente",
          "Result": "2-0-0"
        },
        {
          "Player1": "T1_Tinker",
          "Player2": "luvadepedreiro",
          "Result": "0-0-0"
        },
        {
          "Player1": "Bullz0Eye",
          "Player2": "capellomauro",
          "Result": "0-2-0"
        },
        {
          "Player1": "gurig",
          "Player2": "LBBL",
          "Result": "2-0-0"
        },
        {
          "Player1": "BERNASTORRES",
          "Player2": "outZEROo",
          "Result": "2-0-0"
        },
        {
          "Player1": "Brasatore",
          "Player2": "Zompatanfo",
          "Result": "0-0-0"
        },
        {
          "Player1": "LuffyDoChapeuDePalha",
          "Player2": "Nanovo",
          "Result": "2-0-0"
        }
      ]
    },
    {
      "RoundName": "Round 6",
      "Matches": [
        {
          "Player1": "Oceansoul92",
          "Player2": "kasa",
          "Result": "0-2-0"
        },
        {
          "Player1": "gurig",
          "Player2": "PedraStone",
          "Result": "0-2-0"
        },
        {
          "Player1": "Beicodegeia",
          "Player2": "Univerce",
          "Result": "0-2-0"
        },
        {
          "Player1": "SargonVito8",
          "Player2": "Garthoro",
          "Result": "0-2-0"
        },
        {
          "Player1": "_Tia93_",
          "Player2": "tchuco",
          "Result": "2-0-0"
        },
        {
          "Player1": "levunga21",
          "Player2": "qbturtle15",
          "Result": "0-0-0"
        },
        {
          "Player1": "Theagent002",
          "Player2": "Selfeisek",
          "Result": "2-0-0"
        },
        {
          "Player1": "_ZNT_",
          "Player2": "CrazyMorango",
          "Result": "2-0-0"
        },
        {
          "Player1": "ovmlcabrera",
          "Player2": "Aerien_sol",
          "Result": "2-0-0"
        },
        {
          "Player1": "medvedev",
          "Player2": "MagicalSnap",
          "Result": "0-2-0"
        },
        {
          "Player1": "LordEgg",
          "Player2": "_Falcon_",
          "Result": "2-0-0"
        },
        {
          "Player1": "HEROtsukai",
          "Player2": "Alico",
          "Result": "2-0-0"
        },
        {
          "Player1": "NAKISHIMA",
          "Player2": "outZEROo",
          "Result": "2-0-0"
        },
        {
          "Player1": "_Davimorais",
          "Player2": "HyPPeR",
          "Result": "2-0-0"
        },
        {
          "Player1": "pat0presidente",
          "Player2": "SorryImSoTilted",
          "Result": "2-0-0"
        },
        {
          "Player1": "ItsSwiftyTime",
          "Player2": "Zompatanfo",
          "Result": "0-2-0"
        },
        {
          "Player1": "LBBL",
          "Player2": "ICT95",
          "Result": "0-2-0"
        },
        {
          "Player1": "rosti56",
          "Player2": "fazparte",
          "Result": "0-0-0"
        },
        {
          "Player1": "deleon91",
          "Player2": "DookieTrouserMD",
          "Result": "2-0-0"
        },
        {
          "Player1": "Venom1",
          "Player2": "capellomauro",
          "Result": "0-2-0"
        },
        {
          "Player1": "claudioh",
          "Player2": "Nanovo",
          "Result": "0-2-0"
        },
        {
          "Player1": "hermanomlg",
          "Player2": "PNascimento",
          "Result": "2-0-0"
        },
        {
          "Player1": "O_danielakos",
          "Player2": "FlawlessVictory-",
          "Result": "2-0-0"
        },
        {
          "Player1": "BERNASTORRES",
          "Player2": "GzusReturned",
          "Result": "0-0-0"
        },
        {
          "Player1": "Tsubasa_Cat",
          "Player2": "Happy12",
          "Result": "2-0-0"
        },
        {
          "Player1": "ComboMAN",
          "Player2": "upumpa89",
          "Result": "2-0-0"
        },
        {
          "Player1": "sandoiche",
          "Player2": "_Shatun_",
          "Result": "0-2-0"
        },
        {
          "Player1": "termidor",
          "Player2": "Arkany1",
          "Result": "2-0-0"
        },
        {
          "Player1": "_Cygnus",
          "Player2": "Brasatore",
          "Result": "2-0-0"
        },
        {
          "Player1": "RockyWolf",
          "Player2": "PieGonti",
          "Result": "0-0-0"
        },
        {
          "Player1": "LuffyDoChapeuDePalha",
          "Player2": "MdvWin",
          "Result": "0-2-0"
        },
        {
          "Player1": "linkintoxic",
          "Player2": "ScouterTF2",
          "Result": "2-0-0"
        },
        {
          "Player1": "Gorzone",
          "Player2": "luvadepedreiro",
          "Result": "2-0-0"
        },
        {
          "Player1": "iaky91",
          "Player2": "Bong0411",
          "Result": "2-0-0"
        },
        {
          "Player1": "marolanzi",
          "Player2": "MissTrigger",
          "Result": "0-2-0"
        },
        {
          "Player1": "karatedom",
          "Player2": "Jositoshekel",
          "Result": "0-2-0"
        },
        {
          "Player1": "albertoSD",
          "Player2": "stalonge",
          "Result": "0-2-0"
        },
        {
          "Player1": "Tunaktunak",
          "Player2": "klien7",
          "Result": "0-2-0"
        },
        {
          "Player1": "MJ_23",
          "Player2": "BiIIyBruto",
          "Result": "2-0-0"
        },
        {
          "Player1": "Capoeira02",
          "Player2": "ElCucuy",
          "Result": "2-0-0"
        },
        {
          "Player1": "LucasG1ggs",
          "Player2": "VitorCarvalho01",
          "Result": "0-2-0"
        },
        {
          "Player1": "Bertram",
          "Player2": "Magicofplayer1",
          "Result": "0-2-0"
        },
        {
          "Player1": "therock988",
          "Player2": "Adam-Bazika",
          "Result": "2-0-0"
        }
      ]
    },
    {
      "RoundName": "Round 7",
      "Matches": [
        {
          "Player1": "Bertram",
          "Player2": "Aerien_sol",
          "Result": "2-0-0"
        },
        {
          "Player1": "_Cygnus",
          "Player2": "deleon91",
          "Result": "0-2-0"
        },
        {
          "Player1": "Beicodegeia",
          "Player2": "Tsubasa_Cat",
          "Result": "2-0-0"
        },
        {
          "Player1": "LordEgg",
          "Player2": "HEROtsukai",
          "Result": "0-2-0"
        },
        {
          "Player1": "pat0presidente",
          "Player2": "Tunaktunak",
          "Result": "0-2-0"
        },
        {
          "Player1": "luvadepedreiro",
          "Player2": "Adam-Bazika",
          "Result": "0-2-0"
        },
        {
          "Player1": "HyPPeR",
          "Player2": "GzusReturned",
          "Result": "0-2-0"
        },
        {
          "Player1": "MagicalSnap",
          "Player2": "rosti56",
          "Result": "0-2-0"
        },
        {
          "Player1": "Arkany1",
          "Player2": "_Siegfried",
          "Result": "0-2-0"
        },
        {
          "Player1": "Theagent002",
          "Player2": "medvedev",
          "Result": "2-0-0"
        },
        {
          "Player1": "O_danielakos",
          "Player2": "Gorzone",
          "Result": "0-2-0"
        },
        {
          "Player1": "Oceansoul92",
          "Player2": "linkintoxic",
          "Result": "2-0-0"
        },
        {
          "Player1": "_Davimorais",
          "Player2": "_Falcon_",
          "Result": "2-0-0"
        },
        {
          "Player1": "qbturtle15",
          "Player2": "PedraStone",
          "Result": "0-2-0"
        },
        {
          "Player1": "termidor",
          "Player2": "fazparte",
          "Result": "2-0-0"
        },
        {
          "Player1": "iaky91",
          "Player2": "Nanovo",
          "Result": "0-2-0"
        },
        {
          "Player1": "gurig",
          "Player2": "ICT95",
          "Result": "2-0-0"
        },
        {
          "Player1": "capellomauro",
          "Player2": "FlawlessVictory-",
          "Result": "2-0-0"
        },
        {
          "Player1": "RockyWolf",
          "Player2": "DookieTrouserMD",
          "Result": "2-0-0"
        },
        {
          "Player1": "Capoeira02",
          "Player2": "SorryImSoTilted",
          "Result": "0-2-0"
        },
        {
          "Player1": "_Shatun_",
          "Player2": "Brasatore",
          "Result": "2-0-0"
        },
        {
          "Player1": "_ZNT_",
          "Player2": "klien7",
          "Result": "2-0-0"
        },
        {
          "Player1": "BiIIyBruto",
          "Player2": "marolanzi",
          "Result": "0-2-0"
        },
        {
          "Player1": "_Tia93_",
          "Player2": "kasa",
          "Result": "2-0-0"
        },
        {
          "Player1": "PieGonti",
          "Player2": "CrazyMorango",
          "Result": "0-2-0"
        },
        {
          "Player1": "LucasG1ggs",
          "Player2": "Alico",
          "Result": "2-0-0"
        },
        {
          "Player1": "Jositoshekel",
          "Player2": "Zompatanfo",
          "Result": "2-0-0"
        },
        {
          "Player1": "tchuco",
          "Player2": "LBBL",
          "Result": "0-2-0"
        },
        {
          "Player1": "therock988",
          "Player2": "NAKISHIMA",
          "Result": "0-0-0"
        },
        {
          "Player1": "ComboMAN",
          "Player2": "Magicofplayer1",
          "Result": "2-0-0"
        },
        {
          "Player1": "sandoiche",
          "Player2": "Garthoro",
          "Result": "0-0-0"
        },
        {
          "Player1": "levunga21",
          "Player2": "PNascimento",
          "Result": "0-2-0"
        },
        {
          "Player1": "hermanomlg",
          "Player2": "Univerce",
          "Result": "0-2-0"
        },
        {
          "Player1": "ItsSwiftyTime",
          "Player2": "VitorCarvalho01",
          "Result": "0-2-0"
        },
        {
          "Player1": "MJ_23",
          "Player2": "Happy12",
          "Result": "0-2-0"
        },
        {
          "Player1": "stalonge",
          "Player2": "LuffyDoChapeuDePalha",
          "Result": "0-2-0"
        },
        {
          "Player1": "MissTrigger",
          "Player2": "Selfeisek",
          "Result": "0-2-0"
        },
        {
          "Player1": "ovmlcabrera",
          "Player2": "BERNASTORRES",
          "Result": "0-2-0"
        },
        {
          "Player1": "karatedom",
          "Player2": "MdvWin",
          "Result": "2-0-0"
        }
      ]
    },
    {
      "RoundName": "Round 8",
      "Matches": [
        {
          "Player1": "BERNASTORRES",
          "Player2": "rosti56",
          "Result": "0-2-0"
        },
        {
          "Player1": "HyPPeR",
          "Player2": "Garthoro",
          "Result": "2-0-0"
        },
        {
          "Player1": "therock988",
          "Player2": "MagicalSnap",
          "Result": "0-2-0"
        },
        {
          "Player1": "Happy12",
          "Player2": "ICT95",
          "Result": "2-0-0"
        },
        {
          "Player1": "linkintoxic",
          "Player2": "SorryImSoTilted",
          "Result": "0-2-0"
        },
        {
          "Player1": "Nanovo",
          "Player2": "PNascimento",
          "Result": "2-0-0"
        },
        {
          "Player1": "Jositoshekel",
          "Player2": "PedraStone",
          "Result": "0-2-0"
        },
        {
          "Player1": "Theagent002",
          "Player2": "termidor",
          "Result": "0-2-0"
        },
        {
          "Player1": "_Shatun_",
          "Player2": "MdvWin",
          "Result": "0-2-0"
        },
        {
          "Player1": "_Davimorais",
          "Player2": "ItsSwiftyTime",
          "Result": "0-2-0"
        },
        {
          "Player1": "medvedev",
          "Player2": "NAKISHIMA",
          "Result": "0-2-0"
        },
        {
          "Player1": "_ZNT_",
          "Player2": "Beicodegeia",
          "Result": "2-0-0"
        },
        {
          "Player1": "HEROtsukai",
          "Player2": "VitorCarvalho01",
          "Result": "0-2-0"
        },
        {
          "Player1": "deleon91",
          "Player2": "Zompatanfo",
          "Result": "2-0-0"
        },
        {
          "Player1": "ovmlcabrera",
          "Player2": "PieGonti",
          "Result": "0-2-0"
        },
        {
          "Player1": "capellomauro",
          "Player2": "Alico",
          "Result": "0-2-0"
        },
        {
          "Player1": "_Siegfried",
          "Player2": "fazparte",
          "Result": "0-2-0"
        },
        {
          "Player1": "sandoiche",
          "Player2": "Oceansoul92",
          "Result": "0-2-0"
        },
        {
          "Player1": "qbturtle15",
          "Player2": "ComboMAN",
          "Result": "2-0-0"
        },
        {
          "Player1": "Tunaktunak",
          "Player2": "Gorzone",
          "Result": "2-0-0"
        },
        {
          "Player1": "iaky91",
          "Player2": "klien7",
          "Result": "2-0-0"
        },
        {
          "Player1": "marolanzi",
          "Player2": "Selfeisek",
          "Result": "0-2-0"
        },
        {
          "Player1": "Bertram",
          "Player2": "Brasatore",
          "Result": "2-0-0"
        },
        {
          "Player1": "MissTrigger",
          "Player2": "ElCucuy",
          "Result": "0-0-0"
        },
        {
          "Player1": "_Falcon_",
          "Player2": "CrazyMorango",
          "Result": "0-2-0"
        },
        {
          "Player1": "stalonge",
          "Player2": "Magicofplayer1",
          "Result": "0-2-0"
        },
        {
          "Player1": "kasa",
          "Player2": "GzusReturned",
          "Result": "0-2-0"
        },
        {
          "Player1": "_Cygnus",
          "Player2": "LuffyDoChapeuDePalha",
          "Result": "2-1-0"
        },
        {
          "Player1": "tchuco",
          "Player2": "Adam-Bazika",
          "Result": "2-0-0"
        },
        {
          "Player1": "RockyWolf",
          "Player2": "_Tia93_",
          "Result": "0-2-0"
        },
        {
          "Player1": "LordEgg",
          "Player2": "gurig",
          "Result": "2-0-0"
        },
        {
          "Player1": "karatedom",
          "Player2": "Univerce",
          "Result": "0-0-0"
        },
        {
          "Player1": "LucasG1ggs",
          "Player2": "hermanomlg",
          "Result": "0-2-0"
        },
        {
          "Player1": "LBBL",
          "Player2": "DookieTrouserMD",
          "Result": "0-2-0"
        },
        {
          "Player1": "levunga21",
          "Player2": "Tsubasa_Cat",
          "Result": "2-0-0"
        },
        {
          "Player1": "pat0presidente",
          "Player2": "O_danielakos",
          "Result": "0-2-0"
        }
      ]
    },
    {
      "RoundName": "Round 9",
      "Matches": [
        {
          "Player1": "hermanomlg",
          "Player2": "VitorCarvalho01",
          "Result": "0-2-0"
        },
        {
          "Player1": "deleon91",
          "Player2": "PedraStone",
          "Result": "2-0-0"
        },
        {
          "Player1": "karatedom",
          "Player2": "Univerce",
          "Result": "0-2-0"
        },
        {
          "Player1": "Jositoshekel",
          "Player2": "ItsSwiftyTime",
          "Result": "2-0-0"
        }
      ]
    },
    {
      "RoundName": "Round 10",
      "Matches": [
        {
          "Player1": "Jositoshekel",
          "Player2": "Univerce",
          "Result": "2-0-0"
        },
        {
          "Player1": "deleon91",
          "Player2": "VitorCarvalho01",
          "Result": "2-0-0"
        }
      ]
    },
    {
      "RoundName": "Round 11",
      "Matches": [
        {
          "Player1": "Jositoshekel",
          "Player2": "deleon91",
          "Result": "2-0-0"
        }
      ]
    }
  ],
  "Standings": [
    {
      "Rank": 129,
      "Player": "FranMtg",
      "Points": 0,
      "Wins": 0,
      "Losses": 0,
      "Draws": 0,
      "OMWP": 0.375,
      "GWP": 0,
      "OGWP": 0.4217
    },
    {
      "Rank": 128,
      "Player": "Navas",
      "Points": 0,
      "Wins": 0,
      "Losses": 0,
      "Draws": 0,
      "OMWP": 0.375,
      "GWP": 0.2,
      "OGWP": 0.38130000000000003
    },
    {
      "Rank": 127,
      "Player": "Vequinox",
      "Points": 0,
      "Wins": 0,
      "Losses": 0,
      "Draws": 0,
      "OMWP": 0.3889,
      "GWP": 0.25,
      "OGWP": 0.3968
    },
    {
      "Rank": 126,
      "Player": "groot02",
      "Points": 0,
      "Wins": 0,
      "Losses": 0,
      "Draws": 0,
      "OMWP": 0.4,
      "GWP": 0,
      "OGWP": 0.4167
    },
    {
      "Rank": 125,
      "Player": "2plus2isfive",
      "Points": 0,
      "Wins": 0,
      "Losses": 0,
      "Draws": 0,
      "OMWP": 0.4286,
      "GWP": 0,
      "OGWP": 0.5263
    },
    {
      "Rank": 124,
      "Player": "wordy333",
      "Points": 0,
      "Wins": 0,
      "Losses": 0,
      "Draws": 0,
      "OMWP": 0.43060000000000004,
      "GWP": 0.25,
      "OGWP": 0.4286
    },
    {
      "Rank": 123,
      "Player": "FUXIN",
      "Points": 0,
      "Wins": 0,
      "Losses": 0,
      "Draws": 0,
      "OMWP": 0.43060000000000004,
      "GWP": 0.3333,
      "OGWP": 0.4266
    },
    {
      "Rank": 122,
      "Player": "Ale_Mtg",
      "Points": 0,
      "Wins": 0,
      "Losses": 0,
      "Draws": 0,
      "OMWP": 0.4375,
      "GWP": 0.2,
      "OGWP": 0.475
    },
    {
      "Rank": 121,
      "Player": "Aldreen",
      "Points": 0,
      "Wins": 0,
      "Losses": 0,
      "Draws": 0,
      "OMWP": 0.4583,
      "GWP": 0.1429,
      "OGWP": 0.47450000000000003
    },
    {
      "Rank": 120,
      "Player": "DrPP",
      "Points": 0,
      "Wins": 0,
      "Losses": 0,
      "Draws": 0,
      "OMWP": 0.5,
      "GWP": 0,
      "OGWP": 0.5294
    },
    {
      "Rank": 119,
      "Player": "filpin",
      "Points": 0,
      "Wins": 0,
      "Losses": 0,
      "Draws": 0,
      "OMWP": 0.5,
      "GWP": 0.2727,
      "OGWP": 0.4803
    },
    {
      "Rank": 118,
      "Player": "Rosiedog88",
      "Points": 0,
      "Wins": 0,
      "Losses": 0,
      "Draws": 0,
      "OMWP": 0.5,
      "GWP": 0.3333,
      "OGWP": 0.45
    },
    {
      "Rank": 117,
      "Player": "McWinSauce",
      "Points": 0,
      "Wins": 0,
      "Losses": 0,
      "Draws": 0,
      "OMWP": 0.5,
      "GWP": 0.3333,
      "OGWP": 0.47619999999999996
    },
    {
      "Rank": 116,
      "Player": "unagieel",
      "Points": 0,
      "Wins": 0,
      "Losses": 0,
      "Draws": 0,
      "OMWP": 0.5083,
      "GWP": 0,
      "OGWP": 0.5367000000000001
    },
    {
      "Rank": 115,
      "Player": "Raydan",
      "Points": 0,
      "Wins": 0,
      "Losses": 0,
      "Draws": 0,
      "OMWP": 0.5625,
      "GWP": 0.3333,
      "OGWP": 0.5158
    },
    {
      "Rank": 114,
      "Player": "Slatorade",
      "Points": 0,
      "Wins": 0,
      "Losses": 0,
      "Draws": 0,
      "OMWP": 0.6667000000000001,
      "GWP": 0.25,
      "OGWP": 0.6162
    },
    {
      "Rank": 113,
      "Player": "redryansox",
      "Points": 0,
      "Wins": 0,
      "Losses": 0,
      "Draws": 0,
      "OMWP": 0.6875,
      "GWP": 0.3333,
      "OGWP": 0.6420999999999999
    },
    {
      "Rank": 112,
      "Player": "Jpsn54",
      "Points": 0,
      "Wins": 0,
      "Losses": 0,
      "Draws": 0,
      "OMWP": 0.75,
      "GWP": 0.1429,
      "OGWP": 0.6201
    },
    {
      "Rank": 111,
      "Player": "Hampuse1",
      "Points": 0,
      "Wins": 0,
      "Losses": 0,
      "Draws": 0,
      "OMWP": 0.875,
      "GWP": 0,
      "OGWP": 0.7368000000000001
    },
    {
      "Rank": 110,
      "Player": "Febre",
      "Points": 3,
      "Wins": 0,
      "Losses": 0,
      "Draws": 0,
      "OMWP": 0.4,
      "GWP": 0.3333,
      "OGWP": 0.409
    },
    {
      "Rank": 109,
      "Player": "T1_Tinker",
      "Points": 3,
      "Wins": 0,
      "Losses": 0,
      "Draws": 0,
      "OMWP": 0.44170000000000004,
      "GWP": 0.2,
      "OGWP": 0.4445
    },
    {
      "Rank": 108,
      "Player": "sMann2.0",
      "Points": 3,
      "Wins": 0,
      "Losses": 0,
      "Draws": 0,
      "OMWP": 0.44439999999999996,
      "GWP": 0.44439999999999996,
      "OGWP": 0.48700000000000004
    },
    {
      "Rank": 107,
      "Player": "DavidPierceUTA",
      "Points": 3,
      "Wins": 0,
      "Losses": 0,
      "Draws": 0,
      "OMWP": 0.4524,
      "GWP": 0.35710000000000003,
      "OGWP": 0.4567
    },
    {
      "Rank": 106,
      "Player": "jakobpablo",
      "Points": 3,
      "Wins": 0,
      "Losses": 0,
      "Draws": 0,
      "OMWP": 0.4583,
      "GWP": 0.44439999999999996,
      "OGWP": 0.46740000000000004
    },
    {
      "Rank": 105,
      "Player": "TadalaDe20",
      "Points": 3,
      "Wins": 0,
      "Losses": 0,
      "Draws": 0,
      "OMWP": 0.4646,
      "GWP": 0.4,
      "OGWP": 0.4612
    },
    {
      "Rank": 104,
      "Player": "JulioP1985",
      "Points": 3,
      "Wins": 0,
      "Losses": 0,
      "Draws": 0,
      "OMWP": 0.4667,
      "GWP": 0.4286,
      "OGWP": 0.5261
    },
    {
      "Rank": 103,
      "Player": "kobayui",
      "Points": 3,
      "Wins": 0,
      "Losses": 0,
      "Draws": 0,
      "OMWP": 0.4722,
      "GWP": 0.2857,
      "OGWP": 0.4778
    },
    {
      "Rank": 102,
      "Player": "Mathilde8",
      "Points": 3,
      "Wins": 0,
      "Losses": 0,
      "Draws": 0,
      "OMWP": 0.4792,
      "GWP": 0.22219999999999998,
      "OGWP": 0.4961
    },
    {
      "Rank": 101,
      "Player": "Slyvester3",
      "Points": 3,
      "Wins": 0,
      "Losses": 0,
      "Draws": 0,
      "OMWP": 0.4861,
      "GWP": 0.375,
      "OGWP": 0.47619999999999996
    },
    {
      "Rank": 100,
      "Player": "maytwer",
      "Points": 3,
      "Wins": 0,
      "Losses": 0,
      "Draws": 0,
      "OMWP": 0.48960000000000004,
      "GWP": 0.22219999999999998,
      "OGWP": 0.4857
    },
    {
      "Rank": 99,
      "Player": "Bullz0Eye",
      "Points": 3,
      "Wins": 0,
      "Losses": 0,
      "Draws": 0,
      "OMWP": 0.5024000000000001,
      "GWP": 0.3846,
      "OGWP": 0.4929
    },
    {
      "Rank": 98,
      "Player": "beraldi",
      "Points": 3,
      "Wins": 0,
      "Losses": 0,
      "Draws": 0,
      "OMWP": 0.5063,
      "GWP": 0.3,
      "OGWP": 0.5077
    },
    {
      "Rank": 97,
      "Player": "Terminus0",
      "Points": 3,
      "Wins": 0,
      "Losses": 0,
      "Draws": 0,
      "OMWP": 0.5207999999999999,
      "GWP": 0.4,
      "OGWP": 0.5038
    },
    {
      "Rank": 96,
      "Player": "Willthepill",
      "Points": 3,
      "Wins": 0,
      "Losses": 0,
      "Draws": 0,
      "OMWP": 0.5417000000000001,
      "GWP": 0.44439999999999996,
      "OGWP": 0.542
    },
    {
      "Rank": 95,
      "Player": "GinkoHS",
      "Points": 3,
      "Wins": 0,
      "Losses": 0,
      "Draws": 0,
      "OMWP": 0.5694,
      "GWP": 0.2857,
      "OGWP": 0.5232
    },
    {
      "Rank": 94,
      "Player": "outZEROo",
      "Points": 6,
      "Wins": 0,
      "Losses": 0,
      "Draws": 0,
      "OMWP": 0.4534,
      "GWP": 0.3333,
      "OGWP": 0.4581
    },
    {
      "Rank": 93,
      "Player": "ElCucuy",
      "Points": 6,
      "Wins": 0,
      "Losses": 0,
      "Draws": 0,
      "OMWP": 0.4738,
      "GWP": 0.3333,
      "OGWP": 0.4722
    },
    {
      "Rank": 92,
      "Player": "BiIIyBruto",
      "Points": 6,
      "Wins": 0,
      "Losses": 0,
      "Draws": 0,
      "OMWP": 0.4779,
      "GWP": 0.3889,
      "OGWP": 0.4685
    },
    {
      "Rank": 91,
      "Player": "rushi_00",
      "Points": 6,
      "Wins": 0,
      "Losses": 0,
      "Draws": 0,
      "OMWP": 0.4833,
      "GWP": 0.5,
      "OGWP": 0.47350000000000003
    },
    {
      "Rank": 90,
      "Player": "SargonVito8",
      "Points": 6,
      "Wins": 0,
      "Losses": 0,
      "Draws": 0,
      "OMWP": 0.49310000000000004,
      "GWP": 0.4286,
      "OGWP": 0.4792
    },
    {
      "Rank": 89,
      "Player": "Capoeira02",
      "Points": 6,
      "Wins": 0,
      "Losses": 0,
      "Draws": 0,
      "OMWP": 0.506,
      "GWP": 0.3333,
      "OGWP": 0.5012
    },
    {
      "Rank": 88,
      "Player": "ScouterTF2",
      "Points": 6,
      "Wins": 0,
      "Losses": 0,
      "Draws": 0,
      "OMWP": 0.5207999999999999,
      "GWP": 0.375,
      "OGWP": 0.5199
    },
    {
      "Rank": 87,
      "Player": "Gianhunter",
      "Points": 6,
      "Wins": 0,
      "Losses": 0,
      "Draws": 0,
      "OMWP": 0.5333,
      "GWP": 0.4167,
      "OGWP": 0.5019
    },
    {
      "Rank": 86,
      "Player": "Nadu",
      "Points": 6,
      "Wins": 0,
      "Losses": 0,
      "Draws": 0,
      "OMWP": 0.5417000000000001,
      "GWP": 0.4545,
      "OGWP": 0.5398
    },
    {
      "Rank": 85,
      "Player": "Aardos",
      "Points": 6,
      "Wins": 0,
      "Losses": 0,
      "Draws": 0,
      "OMWP": 0.5417000000000001,
      "GWP": 0.6,
      "OGWP": 0.5207999999999999
    },
    {
      "Rank": 84,
      "Player": "Arkany1",
      "Points": 6,
      "Wins": 0,
      "Losses": 0,
      "Draws": 0,
      "OMWP": 0.5536,
      "GWP": 0.375,
      "OGWP": 0.5361
    },
    {
      "Rank": 83,
      "Player": "FlawlessVictory-",
      "Points": 6,
      "Wins": 0,
      "Losses": 0,
      "Draws": 0,
      "OMWP": 0.5625,
      "GWP": 0.3529,
      "OGWP": 0.552
    },
    {
      "Rank": 82,
      "Player": "Bong0411",
      "Points": 6,
      "Wins": 0,
      "Losses": 0,
      "Draws": 0,
      "OMWP": 0.5667,
      "GWP": 0.3077,
      "OGWP": 0.5494
    },
    {
      "Rank": 81,
      "Player": "Venom1",
      "Points": 6,
      "Wins": 0,
      "Losses": 0,
      "Draws": 0,
      "OMWP": 0.5972,
      "GWP": 0.375,
      "OGWP": 0.5549000000000001
    },
    {
      "Rank": 80,
      "Player": "RatherBplayingMTG",
      "Points": 6,
      "Wins": 0,
      "Losses": 0,
      "Draws": 0,
      "OMWP": 0.625,
      "GWP": 0.44439999999999996,
      "OGWP": 0.5818
    },
    {
      "Rank": 79,
      "Player": "RNAPBP1",
      "Points": 6,
      "Wins": 0,
      "Losses": 0,
      "Draws": 0,
      "OMWP": 0.6274000000000001,
      "GWP": 0.46149999999999997,
      "OGWP": 0.5753
    },
    {
      "Rank": 78,
      "Player": "MissTrigger",
      "Points": 9,
      "Wins": 0,
      "Losses": 0,
      "Draws": 0,
      "OMWP": 0.401,
      "GWP": 0.47619999999999996,
      "OGWP": 0.4053
    },
    {
      "Rank": 77,
      "Player": "MJ_23",
      "Points": 9,
      "Wins": 0,
      "Losses": 0,
      "Draws": 0,
      "OMWP": 0.44049999999999995,
      "GWP": 0.5263,
      "OGWP": 0.44020000000000004
    },
    {
      "Rank": 76,
      "Player": "Adam-Bazika",
      "Points": 9,
      "Wins": 0,
      "Losses": 0,
      "Draws": 0,
      "OMWP": 0.45520000000000005,
      "GWP": 0.4,
      "OGWP": 0.4424
    },
    {
      "Rank": 75,
      "Player": "linkintoxic",
      "Points": 9,
      "Wins": 0,
      "Losses": 0,
      "Draws": 0,
      "OMWP": 0.4562,
      "GWP": 0.45,
      "OGWP": 0.45649999999999996
    },
    {
      "Rank": 74,
      "Player": "medvedev",
      "Points": 9,
      "Wins": 0,
      "Losses": 0,
      "Draws": 0,
      "OMWP": 0.4562,
      "GWP": 0.47369999999999995,
      "OGWP": 0.469
    },
    {
      "Rank": 73,
      "Player": "Garthoro",
      "Points": 9,
      "Wins": 0,
      "Losses": 0,
      "Draws": 0,
      "OMWP": 0.4844,
      "GWP": 0.3889,
      "OGWP": 0.47240000000000004
    },
    {
      "Rank": 72,
      "Player": "marolanzi",
      "Points": 9,
      "Wins": 0,
      "Losses": 0,
      "Draws": 0,
      "OMWP": 0.4844,
      "GWP": 0.4545,
      "OGWP": 0.47200000000000003
    },
    {
      "Rank": 71,
      "Player": "pat0presidente",
      "Points": 9,
      "Wins": 0,
      "Losses": 0,
      "Draws": 0,
      "OMWP": 0.5052,
      "GWP": 0.4545,
      "OGWP": 0.488
    },
    {
      "Rank": 70,
      "Player": "luvadepedreiro",
      "Points": 9,
      "Wins": 0,
      "Losses": 0,
      "Draws": 0,
      "OMWP": 0.5417000000000001,
      "GWP": 0.3889,
      "OGWP": 0.4932
    },
    {
      "Rank": 69,
      "Player": "Aerien_sol",
      "Points": 9,
      "Wins": 0,
      "Losses": 0,
      "Draws": 0,
      "OMWP": 0.5512,
      "GWP": 0.44439999999999996,
      "OGWP": 0.5307
    },
    {
      "Rank": 68,
      "Player": "_Siegfried",
      "Points": 9,
      "Wins": 0,
      "Losses": 0,
      "Draws": 0,
      "OMWP": 0.5595,
      "GWP": 0.4211,
      "OGWP": 0.5162
    },
    {
      "Rank": 67,
      "Player": "upumpa89",
      "Points": 9,
      "Wins": 0,
      "Losses": 0,
      "Draws": 0,
      "OMWP": 0.5625,
      "GWP": 0.5,
      "OGWP": 0.5282
    },
    {
      "Rank": 66,
      "Player": "albertoSD",
      "Points": 9,
      "Wins": 0,
      "Losses": 0,
      "Draws": 0,
      "OMWP": 0.5832999999999999,
      "GWP": 0.5,
      "OGWP": 0.5381
    },
    {
      "Rank": 65,
      "Player": "claudioh",
      "Points": 9,
      "Wins": 0,
      "Losses": 0,
      "Draws": 0,
      "OMWP": 0.6181,
      "GWP": 0.5,
      "OGWP": 0.5789
    },
    {
      "Rank": 64,
      "Player": "apriolo1",
      "Points": 9,
      "Wins": 0,
      "Losses": 0,
      "Draws": 0,
      "OMWP": 0.625,
      "GWP": 0.5385,
      "OGWP": 0.5708
    },
    {
      "Rank": 63,
      "Player": "Selfeisek",
      "Points": 12,
      "Wins": 0,
      "Losses": 0,
      "Draws": 0,
      "OMWP": 0.44270000000000004,
      "GWP": 0.4211,
      "OGWP": 0.4595
    },
    {
      "Rank": 62,
      "Player": "capellomauro",
      "Points": 12,
      "Wins": 0,
      "Losses": 0,
      "Draws": 0,
      "OMWP": 0.4635,
      "GWP": 0.5238,
      "OGWP": 0.47130000000000005
    },
    {
      "Rank": 61,
      "Player": "Gorzone",
      "Points": 12,
      "Wins": 0,
      "Losses": 0,
      "Draws": 0,
      "OMWP": 0.4643,
      "GWP": 0.47369999999999995,
      "OGWP": 0.4855
    },
    {
      "Rank": 60,
      "Player": "SorryImSoTilted",
      "Points": 12,
      "Wins": 0,
      "Losses": 0,
      "Draws": 0,
      "OMWP": 0.46869999999999995,
      "GWP": 0.5,
      "OGWP": 0.4617
    },
    {
      "Rank": 59,
      "Player": "NAKISHIMA",
      "Points": 12,
      "Wins": 0,
      "Losses": 0,
      "Draws": 0,
      "OMWP": 0.4807,
      "GWP": 0.5,
      "OGWP": 0.4867
    },
    {
      "Rank": 58,
      "Player": "O_danielakos",
      "Points": 12,
      "Wins": 0,
      "Losses": 0,
      "Draws": 0,
      "OMWP": 0.4844,
      "GWP": 0.45,
      "OGWP": 0.4598
    },
    {
      "Rank": 57,
      "Player": "stalonge",
      "Points": 12,
      "Wins": 0,
      "Losses": 0,
      "Draws": 0,
      "OMWP": 0.48590000000000005,
      "GWP": 0.5294,
      "OGWP": 0.4864
    },
    {
      "Rank": 56,
      "Player": "Theagent002",
      "Points": 12,
      "Wins": 0,
      "Losses": 0,
      "Draws": 0,
      "OMWP": 0.49479999999999996,
      "GWP": 0.47619999999999996,
      "OGWP": 0.5018
    },
    {
      "Rank": 55,
      "Player": "PieGonti",
      "Points": 12,
      "Wins": 0,
      "Losses": 0,
      "Draws": 0,
      "OMWP": 0.5052,
      "GWP": 0.5263,
      "OGWP": 0.4829
    },
    {
      "Rank": 54,
      "Player": "ICT95",
      "Points": 12,
      "Wins": 0,
      "Losses": 0,
      "Draws": 0,
      "OMWP": 0.5052,
      "GWP": 0.5263,
      "OGWP": 0.4905
    },
    {
      "Rank": 53,
      "Player": "therock988",
      "Points": 12,
      "Wins": 0,
      "Losses": 0,
      "Draws": 0,
      "OMWP": 0.5156000000000001,
      "GWP": 0.5,
      "OGWP": 0.4988
    },
    {
      "Rank": 52,
      "Player": "_Falcon_",
      "Points": 12,
      "Wins": 0,
      "Losses": 0,
      "Draws": 0,
      "OMWP": 0.5207999999999999,
      "GWP": 0.5238,
      "OGWP": 0.49369999999999997
    },
    {
      "Rank": 51,
      "Player": "sandoiche",
      "Points": 12,
      "Wins": 0,
      "Losses": 0,
      "Draws": 0,
      "OMWP": 0.524,
      "GWP": 0.4286,
      "OGWP": 0.5186999999999999
    },
    {
      "Rank": 50,
      "Player": "LBBL",
      "Points": 12,
      "Wins": 0,
      "Losses": 0,
      "Draws": 0,
      "OMWP": 0.5417000000000001,
      "GWP": 0.47619999999999996,
      "OGWP": 0.5226
    },
    {
      "Rank": 49,
      "Player": "HyPPeR",
      "Points": 12,
      "Wins": 0,
      "Losses": 0,
      "Draws": 0,
      "OMWP": 0.5417000000000001,
      "GWP": 0.5263,
      "OGWP": 0.5129
    },
    {
      "Rank": 48,
      "Player": "klien7",
      "Points": 12,
      "Wins": 0,
      "Losses": 0,
      "Draws": 0,
      "OMWP": 0.5521,
      "GWP": 0.45,
      "OGWP": 0.5306000000000001
    },
    {
      "Rank": 47,
      "Player": "fazparte",
      "Points": 12,
      "Wins": 0,
      "Losses": 0,
      "Draws": 0,
      "OMWP": 0.5573,
      "GWP": 0.4706,
      "OGWP": 0.5268
    },
    {
      "Rank": 46,
      "Player": "Brasatore",
      "Points": 12,
      "Wins": 0,
      "Losses": 0,
      "Draws": 0,
      "OMWP": 0.5677,
      "GWP": 0.5238,
      "OGWP": 0.5372
    },
    {
      "Rank": 45,
      "Player": "Tsubasa_Cat",
      "Points": 12,
      "Wins": 0,
      "Losses": 0,
      "Draws": 0,
      "OMWP": 0.5729,
      "GWP": 0.5,
      "OGWP": 0.5367000000000001
    },
    {
      "Rank": 44,
      "Player": "ovmlcabrera",
      "Points": 12,
      "Wins": 0,
      "Losses": 0,
      "Draws": 0,
      "OMWP": 0.5744,
      "GWP": 0.4783,
      "OGWP": 0.5633
    },
    {
      "Rank": 43,
      "Player": "tchuco",
      "Points": 12,
      "Wins": 0,
      "Losses": 0,
      "Draws": 0,
      "OMWP": 0.5781000000000001,
      "GWP": 0.4211,
      "OGWP": 0.5466
    },
    {
      "Rank": 42,
      "Player": "kasa",
      "Points": 12,
      "Wins": 0,
      "Losses": 0,
      "Draws": 0,
      "OMWP": 0.6093999999999999,
      "GWP": 0.47619999999999996,
      "OGWP": 0.5708
    },
    {
      "Rank": 41,
      "Player": "Oceansoul92",
      "Points": 15,
      "Wins": 0,
      "Losses": 0,
      "Draws": 0,
      "OMWP": 0.425,
      "GWP": 0.6315999999999999,
      "OGWP": 0.4374
    },
    {
      "Rank": 40,
      "Player": "Happy12",
      "Points": 15,
      "Wins": 0,
      "Losses": 0,
      "Draws": 0,
      "OMWP": 0.4286,
      "GWP": 0.619,
      "OGWP": 0.4517
    },
    {
      "Rank": 39,
      "Player": "Bertram",
      "Points": 15,
      "Wins": 0,
      "Losses": 0,
      "Draws": 0,
      "OMWP": 0.43170000000000003,
      "GWP": 0.5455,
      "OGWP": 0.4515
    },
    {
      "Rank": 38,
      "Player": "Magicofplayer1",
      "Points": 15,
      "Wins": 0,
      "Losses": 0,
      "Draws": 0,
      "OMWP": 0.48229999999999995,
      "GWP": 0.6315999999999999,
      "OGWP": 0.4849
    },
    {
      "Rank": 37,
      "Player": "RockyWolf",
      "Points": 15,
      "Wins": 0,
      "Losses": 0,
      "Draws": 0,
      "OMWP": 0.4844,
      "GWP": 0.5238,
      "OGWP": 0.4928
    },
    {
      "Rank": 36,
      "Player": "_Shatun_",
      "Points": 15,
      "Wins": 0,
      "Losses": 0,
      "Draws": 0,
      "OMWP": 0.48960000000000004,
      "GWP": 0.5909,
      "OGWP": 0.47340000000000004
    },
    {
      "Rank": 35,
      "Player": "Tunaktunak",
      "Points": 15,
      "Wins": 0,
      "Losses": 0,
      "Draws": 0,
      "OMWP": 0.4917,
      "GWP": 0.5789,
      "OGWP": 0.49450000000000005
    },
    {
      "Rank": 34,
      "Player": "Beicodegeia",
      "Points": 15,
      "Wins": 0,
      "Losses": 0,
      "Draws": 0,
      "OMWP": 0.5156000000000001,
      "GWP": 0.6,
      "OGWP": 0.5173
    },
    {
      "Rank": 33,
      "Player": "GzusReturned",
      "Points": 15,
      "Wins": 0,
      "Losses": 0,
      "Draws": 0,
      "OMWP": 0.5207999999999999,
      "GWP": 0.5238,
      "OGWP": 0.5134000000000001
    },
    {
      "Rank": 32,
      "Player": "DookieTrouserMD",
      "Points": 15,
      "Wins": 0,
      "Losses": 0,
      "Draws": 0,
      "OMWP": 0.5207999999999999,
      "GWP": 0.5714,
      "OGWP": 0.5045000000000001
    },
    {
      "Rank": 31,
      "Player": "ComboMAN",
      "Points": 15,
      "Wins": 0,
      "Losses": 0,
      "Draws": 0,
      "OMWP": 0.5207999999999999,
      "GWP": 0.6,
      "OGWP": 0.5051
    },
    {
      "Rank": 30,
      "Player": "BERNASTORRES",
      "Points": 15,
      "Wins": 0,
      "Losses": 0,
      "Draws": 0,
      "OMWP": 0.5312,
      "GWP": 0.5714,
      "OGWP": 0.47759999999999997
    },
    {
      "Rank": 29,
      "Player": "gurig",
      "Points": 15,
      "Wins": 0,
      "Losses": 0,
      "Draws": 0,
      "OMWP": 0.5365,
      "GWP": 0.619,
      "OGWP": 0.4997
    },
    {
      "Rank": 28,
      "Player": "Alico",
      "Points": 15,
      "Wins": 0,
      "Losses": 0,
      "Draws": 0,
      "OMWP": 0.5417000000000001,
      "GWP": 0.5714,
      "OGWP": 0.5297999999999999
    },
    {
      "Rank": 27,
      "Player": "levunga21",
      "Points": 15,
      "Wins": 0,
      "Losses": 0,
      "Draws": 0,
      "OMWP": 0.5521,
      "GWP": 0.5882000000000001,
      "OGWP": 0.5272
    },
    {
      "Rank": 26,
      "Player": "termidor",
      "Points": 15,
      "Wins": 0,
      "Losses": 0,
      "Draws": 0,
      "OMWP": 0.5521,
      "GWP": 0.6111,
      "OGWP": 0.5173
    },
    {
      "Rank": 25,
      "Player": "MagicalSnap",
      "Points": 15,
      "Wins": 0,
      "Losses": 0,
      "Draws": 0,
      "OMWP": 0.5536,
      "GWP": 0.55,
      "OGWP": 0.5429999999999999
    },
    {
      "Rank": 24,
      "Player": "_Davimorais",
      "Points": 15,
      "Wins": 0,
      "Losses": 0,
      "Draws": 0,
      "OMWP": 0.5729,
      "GWP": 0.5238,
      "OGWP": 0.5406
    },
    {
      "Rank": 23,
      "Player": "CrazyMorango",
      "Points": 15,
      "Wins": 0,
      "Losses": 0,
      "Draws": 0,
      "OMWP": 0.5729,
      "GWP": 0.5909,
      "OGWP": 0.5422
    },
    {
      "Rank": 22,
      "Player": "LucasG1ggs",
      "Points": 15,
      "Wins": 0,
      "Losses": 0,
      "Draws": 0,
      "OMWP": 0.5832999999999999,
      "GWP": 0.5263,
      "OGWP": 0.5428000000000001
    },
    {
      "Rank": 21,
      "Player": "iaky91",
      "Points": 15,
      "Wins": 0,
      "Losses": 0,
      "Draws": 0,
      "OMWP": 0.591,
      "GWP": 0.5789,
      "OGWP": 0.542
    },
    {
      "Rank": 20,
      "Player": "LuffyDoChapeuDePalha",
      "Points": 15,
      "Wins": 0,
      "Losses": 0,
      "Draws": 0,
      "OMWP": 0.6042000000000001,
      "GWP": 0.619,
      "OGWP": 0.5711999999999999
    },
    {
      "Rank": 19,
      "Player": "PNascimento",
      "Points": 15,
      "Wins": 0,
      "Losses": 0,
      "Draws": 0,
      "OMWP": 0.6093999999999999,
      "GWP": 0.65,
      "OGWP": 0.5634
    },
    {
      "Rank": 18,
      "Player": "_Tia93_",
      "Points": 18,
      "Wins": 0,
      "Losses": 0,
      "Draws": 0,
      "OMWP": 0.5052,
      "GWP": 0.6315999999999999,
      "OGWP": 0.47450000000000003
    },
    {
      "Rank": 17,
      "Player": "_ZNT_",
      "Points": 18,
      "Wins": 0,
      "Losses": 0,
      "Draws": 0,
      "OMWP": 0.5135000000000001,
      "GWP": 0.65,
      "OGWP": 0.4941
    },
    {
      "Rank": 16,
      "Player": "Nanovo",
      "Points": 18,
      "Wins": 0,
      "Losses": 0,
      "Draws": 0,
      "OMWP": 0.5365,
      "GWP": 0.6364,
      "OGWP": 0.5107
    },
    {
      "Rank": 15,
      "Player": "LordEgg",
      "Points": 18,
      "Wins": 0,
      "Losses": 0,
      "Draws": 0,
      "OMWP": 0.5396,
      "GWP": 0.7,
      "OGWP": 0.5097999999999999
    },
    {
      "Rank": 14,
      "Player": "_Cygnus",
      "Points": 18,
      "Wins": 0,
      "Losses": 0,
      "Draws": 0,
      "OMWP": 0.5521,
      "GWP": 0.6842,
      "OGWP": 0.5063
    },
    {
      "Rank": 13,
      "Player": "MdvWin",
      "Points": 18,
      "Wins": 0,
      "Losses": 0,
      "Draws": 0,
      "OMWP": 0.5677,
      "GWP": 0.6364,
      "OGWP": 0.5224
    },
    {
      "Rank": 12,
      "Player": "rosti56",
      "Points": 18,
      "Wins": 0,
      "Losses": 0,
      "Draws": 0,
      "OMWP": 0.5813,
      "GWP": 0.619,
      "OGWP": 0.5236
    },
    {
      "Rank": 11,
      "Player": "HEROtsukai",
      "Points": 18,
      "Wins": 0,
      "Losses": 0,
      "Draws": 0,
      "OMWP": 0.6093999999999999,
      "GWP": 0.6667000000000001,
      "OGWP": 0.583
    },
    {
      "Rank": 10,
      "Player": "qbturtle15",
      "Points": 18,
      "Wins": 0,
      "Losses": 0,
      "Draws": 0,
      "OMWP": 0.6198,
      "GWP": 0.6842,
      "OGWP": 0.5917
    },
    {
      "Rank": 9,
      "Player": "Zompatanfo",
      "Points": 18,
      "Wins": 0,
      "Losses": 0,
      "Draws": 0,
      "OMWP": 0.6302,
      "GWP": 0.5652,
      "OGWP": 0.5672
    },
    {
      "Rank": 8,
      "Player": "hermanomlg",
      "Points": 18,
      "Wins": 0,
      "Losses": 0,
      "Draws": 0,
      "OMWP": 0.6667000000000001,
      "GWP": 0.6667000000000001,
      "OGWP": 0.5869
    },
    {
      "Rank": 7,
      "Player": "ItsSwiftyTime",
      "Points": 18,
      "Wins": 0,
      "Losses": 0,
      "Draws": 0,
      "OMWP": 0.6688,
      "GWP": 0.5909,
      "OGWP": 0.5945
    },
    {
      "Rank": 6,
      "Player": "karatedom",
      "Points": 18,
      "Wins": 0,
      "Losses": 0,
      "Draws": 0,
      "OMWP": 0.6718999999999999,
      "GWP": 0.6364,
      "OGWP": 0.6067
    },
    {
      "Rank": 5,
      "Player": "PedraStone",
      "Points": 21,
      "Wins": 0,
      "Losses": 0,
      "Draws": 0,
      "OMWP": 0.5832999999999999,
      "GWP": 0.7,
      "OGWP": 0.5456
    },
    {
      "Rank": 4,
      "Player": "Univerce",
      "Points": 24,
      "Wins": 0,
      "Losses": 0,
      "Draws": 0,
      "OMWP": 0.5952000000000001,
      "GWP": 0.7368000000000001,
      "OGWP": 0.5553
    },
    {
      "Rank": 3,
      "Player": "VitorCarvalho01",
      "Points": 24,
      "Wins": 0,
      "Losses": 0,
      "Draws": 0,
      "OMWP": 0.7031000000000001,
      "GWP": 0.8332999999999999,
      "OGWP": 0.6163000000000001
    },
    {
      "Rank": 2,
      "Player": "deleon91",
      "Points": 27,
      "Wins": 0,
      "Losses": 0,
      "Draws": 0,
      "OMWP": 0.5656,
      "GWP": 0.6818000000000001,
      "OGWP": 0.5353
    },
    {
      "Rank": 1,
      "Player": "Jositoshekel",
      "Points": 30,
      "Wins": 0,
      "Losses": 0,
      "Draws": 0,
      "OMWP": 0.6281,
      "GWP": 0.75,
      "OGWP": 0.5605
    }
  ]
}