{
  "Tournament": {
    "Id": 12803693,
    "Date": "2025-07-19T15:00:00",
    "Name": "Standard Challenge 32",
    "Uri": null,
    "JsonFile": null,
    "ForceRedownload": false
  },
  "Decks": null,
  "Rounds": [
    {
      "RoundName": "Round 1",
      "Matches": [
        {
          "Player1": "Danielpena397",
          "Player2": "Brasatore",
          "Result": "0-2-0"
        },
        {
          "Player1": "Owl1013",
          "Player2": "MdvWin",
          "Result": "2-0-0"
        },
        {
          "Player1": "Raptor_Nachos",
          "Player2": "DskBayWolf",
          "Result": "0-2-0"
        },
        {
          "Player1": "kasa",
          "Player2": "Asbrinkvun",
          "Result": "2-0-0"
        },
        {
          "Player1": "Venom1",
          "Player2": "VitorCarvalho01",
          "Result": "2-0-0"
        },
        {
          "Player1": "L1X0",
          "Player2": "Bullz0Eye",
          "Result": "0-0-0"
        },
        {
          "Player1": "Kricha13",
          "Player2": "Tosco1992",
          "Result": "2-0-0"
        },
        {
          "Player1": "SorryImSoTilted",
          "Player2": "ElCucuy",
          "Result": "2-0-0"
        },
        {
          "Player1": "deleon91",
          "Player2": "Pumdaddy6",
          "Result": "0-2-0"
        },
        {
          "Player1": "TomJubarte",
          "Player2": "BitterBozzom",
          "Result": "0-2-0"
        },
        {
          "Player1": "MJ_23",
          "Player2": "bless_von",
          "Result": "2-0-0"
        },
        {
          "Player1": "amaransneak",
          "Player2": "Gxs3v3n",
          "Result": "0-2-0"
        },
        {
          "Player1": "Olivetti",
          "Player2": "EiJunCHN",
          "Result": "2-0-0"
        },
        {
          "Player1": "genkinman2",
          "Player2": "JulioP1985",
          "Result": "2-0-0"
        },
        {
          "Player1": "coco7721",
          "Player2": "TyMan96",
          "Result": "2-0-0"
        },
        {
          "Player1": "beraldi",
          "Player2": "AgrusKos93",
          "Result": "0-2-0"
        },
        {
          "Player1": "Armek",
          "Player2": "pcpalhares",
          "Result": "0-2-0"
        }
      ]
    },
    {
      "RoundName": "Round 2",
      "Matches": [
        {
          "Player1": "amaransneak",
          "Player2": "EiJunCHN",
          "Result": "0-2-0"
        },
        {
          "Player1": "Danielpena397",
          "Player2": "JulioP1985",
          "Result": "2-0-0"
        },
        {
          "Player1": "MJ_23",
          "Player2": "BitterBozzom",
          "Result": "2-0-0"
        },
        {
          "Player1": "bless_von",
          "Player2": "deleon91",
          "Result": "2-0-0"
        },
        {
          "Player1": "Olivetti",
          "Player2": "Tosco1992",
          "Result": "2-0-0"
        },
        {
          "Player1": "coco7721",
          "Player2": "SorryImSoTilted",
          "Result": "0-2-0"
        },
        {
          "Player1": "Asbrinkvun",
          "Player2": "ElCucuy",
          "Result": "2-0-0"
        },
        {
          "Player1": "Raptor_Nachos",
          "Player2": "TomJubarte",
          "Result": "0-2-0"
        },
        {
          "Player1": "TyMan96",
          "Player2": "VitorCarvalho01",
          "Result": "2-0-0"
        },
        {
          "Player1": "Armek",
          "Player2": "MdvWin",
          "Result": "0-0-0"
        },
        {
          "Player1": "genkinman2",
          "Player2": "DskBayWolf",
          "Result": "2-0-0"
        },
        {
          "Player1": "Pumdaddy6",
          "Player2": "Gxs3v3n",
          "Result": "2-0-0"
        },
        {
          "Player1": "Bullz0Eye",
          "Player2": "Kricha13",
          "Result": "0-2-0"
        },
        {
          "Player1": "Venom1",
          "Player2": "pcpalhares",
          "Result": "0-2-0"
        },
        {
          "Player1": "L1X0",
          "Player2": "beraldi",
          "Result": "2-0-0"
        },
        {
          "Player1": "AgrusKos93",
          "Player2": "Brasatore",
          "Result": "2-0-0"
        },
        {
          "Player1": "kasa",
          "Player2": "Owl1013",
          "Result": "2-0-0"
        }
      ]
    },
    {
      "RoundName": "Round 3",
      "Matches": [
        {
          "Player1": "amaransneak",
          "Player2": "Tosco1992",
          "Result": "2-0-0"
        },
        {
          "Player1": "genkinman2",
          "Player2": "Kricha13",
          "Result": "0-2-0"
        },
        {
          "Player1": "MdvWin",
          "Player2": "TomJubarte",
          "Result": "2-0-0"
        },
        {
          "Player1": "Raptor_Nachos",
          "Player2": "beraldi",
          "Result": "2-0-0"
        },
        {
          "Player1": "Bullz0Eye",
          "Player2": "bless_von",
          "Result": "0-0-0"
        },
        {
          "Player1": "L1X0",
          "Player2": "BitterBozzom",
          "Result": "0-0-0"
        },
        {
          "Player1": "coco7721",
          "Player2": "Gxs3v3n",
          "Result": "0-2-0"
        },
        {
          "Player1": "kasa",
          "Player2": "pcpalhares",
          "Result": "2-0-0"
        },
        {
          "Player1": "Danielpena397",
          "Player2": "DskBayWolf",
          "Result": "0-2-0"
        },
        {
          "Player1": "Olivetti",
          "Player2": "SorryImSoTilted",
          "Result": "2-0-0"
        },
        {
          "Player1": "EiJunCHN",
          "Player2": "VitorCarvalho01",
          "Result": "2-0-0"
        },
        {
          "Player1": "Owl1013",
          "Player2": "Brasatore",
          "Result": "0-0-0"
        },
        {
          "Player1": "Pumdaddy6",
          "Player2": "AgrusKos93",
          "Result": "0-2-0"
        },
        {
          "Player1": "MJ_23",
          "Player2": "TyMan96",
          "Result": "2-0-0"
        },
        {
          "Player1": "Venom1",
          "Player2": "Asbrinkvun",
          "Result": "0-2-0"
        },
        {
          "Player1": "Armek",
          "Player2": "ElCucuy",
          "Result": "2-0-0"
        }
      ]
    },
    {
      "RoundName": "Round 4",
      "Matches": [
        {
          "Player1": "Venom1",
          "Player2": "Raptor_Nachos",
          "Result": "2-0-0"
        },
        {
          "Player1": "amaransneak",
          "Player2": "Owl1013",
          "Result": "2-0-0"
        },
        {
          "Player1": "Gxs3v3n",
          "Player2": "Asbrinkvun",
          "Result": "2-0-0"
        },
        {
          "Player1": "Kricha13",
          "Player2": "AgrusKos93",
          "Result": "0-2-0"
        },
        {
          "Player1": "Bullz0Eye",
          "Player2": "EiJunCHN",
          "Result": "0-2-0"
        },
        {
          "Player1": "L1X0",
          "Player2": "SorryImSoTilted",
          "Result": "0-0-0"
        },
        {
          "Player1": "Tosco1992",
          "Player2": "VitorCarvalho01",
          "Result": "2-0-0"
        },
        {
          "Player1": "Danielpena397",
          "Player2": "TomJubarte",
          "Result": "2-0-0"
        },
        {
          "Player1": "Armek",
          "Player2": "deleon91",
          "Result": "0-2-0"
        },
        {
          "Player1": "bless_von",
          "Player2": "Brasatore",
          "Result": "2-0-0"
        },
        {
          "Player1": "Olivetti",
          "Player2": "pcpalhares",
          "Result": "2-0-0"
        },
        {
          "Player1": "beraldi",
          "Player2": "ElCucuy",
          "Result": "0-2-0"
        },
        {
          "Player1": "genkinman2",
          "Player2": "Pumdaddy6",
          "Result": "2-0-0"
        },
        {
          "Player1": "MdvWin",
          "Player2": "DskBayWolf",
          "Result": "0-2-0"
        },
        {
          "Player1": "TyMan96",
          "Player2": "BitterBozzom",
          "Result": "2-0-0"
        },
        {
          "Player1": "MJ_23",
          "Player2": "kasa",
          "Result": "2-0-0"
        }
      ]
    },
    {
      "RoundName": "Round 5",
      "Matches": [
        {
          "Player1": "genkinman2",
          "Player2": "AgrusKos93",
          "Result": "0-2-0"
        },
        {
          "Player1": "Venom1",
          "Player2": "MdvWin",
          "Result": "0-2-0"
        },
        {
          "Player1": "Pumdaddy6",
          "Player2": "Tosco1992",
          "Result": "0-2-0"
        },
        {
          "Player1": "bless_von",
          "Player2": "pcpalhares",
          "Result": "2-0-0"
        },
        {
          "Player1": "Brasatore",
          "Player2": "BitterBozzom",
          "Result": "0-2-0"
        },
        {
          "Player1": "TomJubarte",
          "Player2": "ElCucuy",
          "Result": "0-2-0"
        },
        {
          "Player1": "Danielpena397",
          "Player2": "TyMan96",
          "Result": "0-2-0"
        },
        {
          "Player1": "kasa",
          "Player2": "EiJunCHN",
          "Result": "0-2-0"
        },
        {
          "Player1": "deleon91",
          "Player2": "SorryImSoTilted",
          "Result": "0-2-0"
        },
        {
          "Player1": "L1X0",
          "Player2": "Gxs3v3n",
          "Result": "0-2-0"
        },
        {
          "Player1": "Kricha13",
          "Player2": "DskBayWolf",
          "Result": "2-0-0"
        },
        {
          "Player1": "Bullz0Eye",
          "Player2": "amaransneak",
          "Result": "2-0-0"
        },
        {
          "Player1": "Owl1013",
          "Player2": "Asbrinkvun",
          "Result": "0-2-0"
        },
        {
          "Player1": "beraldi",
          "Player2": "VitorCarvalho01",
          "Result": "0-2-0"
        },
        {
          "Player1": "Olivetti",
          "Player2": "MJ_23",
          "Result": "2-0-0"
        }
      ]
    },
    {
      "RoundName": "Round 6",
      "Matches": [
        {
          "Player1": "AgrusKos93",
          "Player2": "Olivetti",
          "Result": "2-0-0"
        },
        {
          "Player1": "kasa",
          "Player2": "genkinman2",
          "Result": "2-0-0"
        },
        {
          "Player1": "Bullz0Eye",
          "Player2": "SorryImSoTilted",
          "Result": "0-2-0"
        },
        {
          "Player1": "Kricha13",
          "Player2": "EiJunCHN",
          "Result": "0-0-0"
        },
        {
          "Player1": "beraldi",
          "Player2": "TomJubarte",
          "Result": "0-2-0"
        },
        {
          "Player1": "pcpalhares",
          "Player2": "VitorCarvalho01",
          "Result": "2-0-0"
        },
        {
          "Player1": "amaransneak",
          "Player2": "Danielpena397",
          "Result": "0-2-0"
        },
        {
          "Player1": "TyMan96",
          "Player2": "DskBayWolf",
          "Result": "2-0-0"
        },
        {
          "Player1": "MJ_23",
          "Player2": "Gxs3v3n",
          "Result": "2-0-0"
        },
        {
          "Player1": "deleon91",
          "Player2": "BitterBozzom",
          "Result": "0-0-0"
        },
        {
          "Player1": "Venom1",
          "Player2": "ElCucuy",
          "Result": "2-0-0"
        },
        {
          "Player1": "Owl1013",
          "Player2": "Tosco1992",
          "Result": "2-0-0"
        },
        {
          "Player1": "L1X0",
          "Player2": "Asbrinkvun",
          "Result": "2-0-0"
        },
        {
          "Player1": "bless_von",
          "Player2": "MdvWin",
          "Result": "0-2-0"
        }
      ]
    },
    {
      "RoundName": "Round 7",
      "Matches": [
        {
          "Player1": "AgrusKos93",
          "Player2": "Gxs3v3n",
          "Result": "0-2-0"
        },
        {
          "Player1": "Olivetti",
          "Player2": "SorryImSoTilted",
          "Result": "2-0-0"
        },
        {
          "Player1": "EiJunCHN",
          "Player2": "kasa",
          "Result": "0-2-0"
        },
        {
          "Player1": "MJ_23",
          "Player2": "Kricha13",
          "Result": "2-0-0"
        }
      ]
    },
    {
      "RoundName": "Round 8",
      "Matches": [
        {
          "Player1": "MJ_23",
          "Player2": "Olivetti",
          "Result": "0-2-0"
        },
        {
          "Player1": "kasa",
          "Player2": "Gxs3v3n",
          "Result": "0-2-0"
        }
      ]
    },
    {
      "RoundName": "Round 9",
      "Matches": [
        {
          "Player1": "Olivetti",
          "Player2": "Gxs3v3n",
          "Result": "2-0-0"
        }
      ]
    }
  ],
  "Standings": [
    {
      "Rank": 34,
      "Player": "JulioP1985",
      "Points": 0,
      "Wins": 0,
      "Losses": 0,
      "Draws": 0,
      "OMWP": 0.5,
      "GWP": 0.2,
      "OGWP": 0.45
    },
    {
      "Rank": 33,
      "Player": "beraldi",
      "Points": 0,
      "Wins": 0,
      "Losses": 0,
      "Draws": 0,
      "OMWP": 0.5,
      "GWP": 0.2,
      "OGWP": 0.489
    },
    {
      "Rank": 32,
      "Player": "Raptor_Nachos",
      "Points": 3,
      "Wins": 0,
      "Losses": 0,
      "Draws": 0,
      "OMWP": 0.4167,
      "GWP": 0.4167,
      "OGWP": 0.4501
    },
    {
      "Rank": 31,
      "Player": "Armek",
      "Points": 3,
      "Wins": 0,
      "Losses": 0,
      "Draws": 0,
      "OMWP": 0.5,
      "GWP": 0.3636,
      "OGWP": 0.501
    },
    {
      "Rank": 30,
      "Player": "VitorCarvalho01",
      "Points": 3,
      "Wins": 0,
      "Losses": 0,
      "Draws": 0,
      "OMWP": 0.5278,
      "GWP": 0.2857,
      "OGWP": 0.505
    },
    {
      "Rank": 29,
      "Player": "Brasatore",
      "Points": 3,
      "Wins": 0,
      "Losses": 0,
      "Draws": 0,
      "OMWP": 0.5667,
      "GWP": 0.35710000000000003,
      "OGWP": 0.5417000000000001
    },
    {
      "Rank": 28,
      "Player": "coco7721",
      "Points": 3,
      "Wins": 0,
      "Losses": 0,
      "Draws": 0,
      "OMWP": 0.6667000000000001,
      "GWP": 0.4286,
      "OGWP": 0.599
    },
    {
      "Rank": 27,
      "Player": "TomJubarte",
      "Points": 6,
      "Wins": 0,
      "Losses": 0,
      "Draws": 0,
      "OMWP": 0.4167,
      "GWP": 0.4375,
      "OGWP": 0.42710000000000004
    },
    {
      "Rank": 26,
      "Player": "ElCucuy",
      "Points": 6,
      "Wins": 0,
      "Losses": 0,
      "Draws": 0,
      "OMWP": 0.44439999999999996,
      "GWP": 0.375,
      "OGWP": 0.4711
    },
    {
      "Rank": 25,
      "Player": "Tosco1992",
      "Points": 6,
      "Wins": 0,
      "Losses": 0,
      "Draws": 0,
      "OMWP": 0.5111,
      "GWP": 0.4,
      "OGWP": 0.4993
    },
    {
      "Rank": 24,
      "Player": "BitterBozzom",
      "Points": 6,
      "Wins": 0,
      "Losses": 0,
      "Draws": 0,
      "OMWP": 0.5556,
      "GWP": 0.375,
      "OGWP": 0.5316
    },
    {
      "Rank": 23,
      "Player": "amaransneak",
      "Points": 6,
      "Wins": 0,
      "Losses": 0,
      "Draws": 0,
      "OMWP": 0.5556,
      "GWP": 0.4,
      "OGWP": 0.5089
    },
    {
      "Rank": 22,
      "Player": "Pumdaddy6",
      "Points": 6,
      "Wins": 0,
      "Losses": 0,
      "Draws": 0,
      "OMWP": 0.6,
      "GWP": 0.4167,
      "OGWP": 0.52
    },
    {
      "Rank": 21,
      "Player": "Danielpena397",
      "Points": 9,
      "Wins": 0,
      "Losses": 0,
      "Draws": 0,
      "OMWP": 0.4167,
      "GWP": 0.5,
      "OGWP": 0.43810000000000004
    },
    {
      "Rank": 20,
      "Player": "Venom1",
      "Points": 9,
      "Wins": 0,
      "Losses": 0,
      "Draws": 0,
      "OMWP": 0.44439999999999996,
      "GWP": 0.5,
      "OGWP": 0.4646
    },
    {
      "Rank": 19,
      "Player": "deleon91",
      "Points": 9,
      "Wins": 0,
      "Losses": 0,
      "Draws": 0,
      "OMWP": 0.44670000000000004,
      "GWP": 0.4667,
      "OGWP": 0.46950000000000003
    },
    {
      "Rank": 18,
      "Player": "Owl1013",
      "Points": 9,
      "Wins": 0,
      "Losses": 0,
      "Draws": 0,
      "OMWP": 0.4722,
      "GWP": 0.5333,
      "OGWP": 0.4771
    },
    {
      "Rank": 17,
      "Player": "pcpalhares",
      "Points": 9,
      "Wins": 0,
      "Losses": 0,
      "Draws": 0,
      "OMWP": 0.5278,
      "GWP": 0.6,
      "OGWP": 0.5046
    },
    {
      "Rank": 16,
      "Player": "Asbrinkvun",
      "Points": 9,
      "Wins": 0,
      "Losses": 0,
      "Draws": 0,
      "OMWP": 0.5556,
      "GWP": 0.5,
      "OGWP": 0.526
    },
    {
      "Rank": 15,
      "Player": "bless_von",
      "Points": 9,
      "Wins": 0,
      "Losses": 0,
      "Draws": 0,
      "OMWP": 0.5556,
      "GWP": 0.5,
      "OGWP": 0.5389
    },
    {
      "Rank": 14,
      "Player": "DskBayWolf",
      "Points": 9,
      "Wins": 0,
      "Losses": 0,
      "Draws": 0,
      "OMWP": 0.5556,
      "GWP": 0.5294,
      "OGWP": 0.5126
    },
    {
      "Rank": 13,
      "Player": "genkinman2",
      "Points": 9,
      "Wins": 0,
      "Losses": 0,
      "Draws": 0,
      "OMWP": 0.5943999999999999,
      "GWP": 0.4,
      "OGWP": 0.5579
    },
    {
      "Rank": 12,
      "Player": "Bullz0Eye",
      "Points": 9,
      "Wins": 0,
      "Losses": 0,
      "Draws": 0,
      "OMWP": 0.6111,
      "GWP": 0.46149999999999997,
      "OGWP": 0.569
    },
    {
      "Rank": 11,
      "Player": "MdvWin",
      "Points": 12,
      "Wins": 0,
      "Losses": 0,
      "Draws": 0,
      "OMWP": 0.44439999999999996,
      "GWP": 0.5625,
      "OGWP": 0.47729999999999995
    },
    {
      "Rank": 10,
      "Player": "TyMan96",
      "Points": 12,
      "Wins": 0,
      "Losses": 0,
      "Draws": 0,
      "OMWP": 0.4722,
      "GWP": 0.5714,
      "OGWP": 0.49200000000000005
    },
    {
      "Rank": 9,
      "Player": "L1X0",
      "Points": 12,
      "Wins": 0,
      "Losses": 0,
      "Draws": 0,
      "OMWP": 0.5,
      "GWP": 0.5714,
      "OGWP": 0.4826
    },
    {
      "Rank": 8,
      "Player": "SorryImSoTilted",
      "Points": 12,
      "Wins": 0,
      "Losses": 0,
      "Draws": 0,
      "OMWP": 0.5278,
      "GWP": 0.6923,
      "OGWP": 0.4985
    },
    {
      "Rank": 7,
      "Player": "Kricha13",
      "Points": 12,
      "Wins": 0,
      "Losses": 0,
      "Draws": 0,
      "OMWP": 0.6111,
      "GWP": 0.625,
      "OGWP": 0.536
    },
    {
      "Rank": 6,
      "Player": "EiJunCHN",
      "Points": 15,
      "Wins": 0,
      "Losses": 0,
      "Draws": 0,
      "OMWP": 0.5556,
      "GWP": 0.625,
      "OGWP": 0.525
    },
    {
      "Rank": 5,
      "Player": "AgrusKos93",
      "Points": 18,
      "Wins": 0,
      "Losses": 0,
      "Draws": 0,
      "OMWP": 0.5111,
      "GWP": 0.8,
      "OGWP": 0.46990000000000004
    },
    {
      "Rank": 4,
      "Player": "kasa",
      "Points": 15,
      "Wins": 0,
      "Losses": 0,
      "Draws": 0,
      "OMWP": 0.6111,
      "GWP": 0.6429,
      "OGWP": 0.574
    },
    {
      "Rank": 3,
      "Player": "MJ_23",
      "Points": 18,
      "Wins": 0,
      "Losses": 0,
      "Draws": 0,
      "OMWP": 0.6111,
      "GWP": 0.7857,
      "OGWP": 0.5517
    },
    {
      "Rank": 2,
      "Player": "Gxs3v3n",
      "Points": 18,
      "Wins": 0,
      "Losses": 0,
      "Draws": 0,
      "OMWP": 0.5111,
      "GWP": 0.5333,
      "OGWP": 0.5171
    },
    {
      "Rank": 1,
      "Player": "Olivetti",
      "Points": 24,
      "Wins": 0,
      "Losses": 0,
      "Draws": 0,
      "OMWP": 0.6944,
      "GWP": 0.6875,
      "OGWP": 0.6505
    }
  ]
}