{
  "Tournament": {
    "Id": 12803688,
    "Date": "2025-07-19T04:00:00",
    "Name": "Standard Challenge 32",
    "Uri": null,
    "JsonFile": null,
    "ForceRedownload": false
  },
  "Decks": null,
  "Rounds": [
    {
      "RoundName": "Round 1",
      "Matches": [
        {
          "Player1": "wcl",
          "Player2": "TomJubarte",
          "Result": "0-2-0"
        },
        {
          "Player1": "_Batutinha_",
          "Player2": "LucasG1ggs",
          "Result": "2-0-0"
        },
        {
          "Player1": "Venom1",
          "Player2": "Azja",
          "Result": "1-2-0"
        },
        {
          "Player1": "GzusReturned",
          "Player2": "ATmagic",
          "Result": "0-2-0"
        },
        {
          "Player1": "xfile",
          "Player2": "GL4You",
          "Result": "2-0-0"
        },
        {
          "Player1": "kcomedina",
          "Player2": "novaschin22",
          "Result": "0-0-0"
        },
        {
          "Player1": "Willthepill",
          "Player2": "BiIIyBruto",
          "Result": "0-2-0"
        },
        {
          "Player1": "renatoaraujo",
          "Player2": "fazparte",
          "Result": "2-0-0"
        },
        {
          "Player1": "Tunaktunak",
          "Player2": "fate_kuro",
          "Result": "2-0-0"
        },
        {
          "Player1": "numberonenoob",
          "Player2": "MTGHolic",
          "Result": "0-2-0"
        },
        {
          "Player1": "slaxx",
          "Player2": "fuya",
          "Result": "2-0-0"
        },
        {
          "Player1": "deleon91",
          "Player2": "hermesthenerd",
          "Result": "2-0-0"
        },
        {
          "Player1": "Owl1013",
          "Player2": "Predrag133",
          "Result": "0-2-0"
        },
        {
          "Player1": "_Davimorais",
          "Player2": "bless_von",
          "Result": "2-0-0"
        },
        {
          "Player1": "AFX",
          "Player2": "Raydan",
          "Result": "0-2-0"
        },
        {
          "Player1": "Pondering_Mogis",
          "Player2": "BirdFlew",
          "Result": "0-2-0"
        }
      ]
    },
    {
      "RoundName": "Round 2",
      "Matches": [
        {
          "Player1": "Tunaktunak",
          "Player2": "Raydan",
          "Result": "2-0-0"
        },
        {
          "Player1": "_Davimorais",
          "Player2": "ATmagic",
          "Result": "0-0-0"
        },
        {
          "Player1": "LucasG1ggs",
          "Player2": "hermesthenerd",
          "Result": "2-0-0"
        },
        {
          "Player1": "fate_kuro",
          "Player2": "fazparte",
          "Result": "0-2-0"
        },
        {
          "Player1": "Azja",
          "Player2": "Predrag133",
          "Result": "2-0-0"
        },
        {
          "Player1": "numberonenoob",
          "Player2": "GL4You",
          "Result": "2-0-0"
        },
        {
          "Player1": "_Batutinha_",
          "Player2": "renatoaraujo",
          "Result": "2-0-0"
        },
        {
          "Player1": "deleon91",
          "Player2": "xfile",
          "Result": "2-0-0"
        },
        {
          "Player1": "Owl1013",
          "Player2": "GzusReturned",
          "Result": "2-0-0"
        },
        {
          "Player1": "Venom1",
          "Player2": "fuya",
          "Result": "2-0-0"
        },
        {
          "Player1": "MTGHolic",
          "Player2": "TomJubarte",
          "Result": "0-2-0"
        },
        {
          "Player1": "novaschin22",
          "Player2": "BirdFlew",
          "Result": "0-2-0"
        },
        {
          "Player1": "slaxx",
          "Player2": "BiIIyBruto",
          "Result": "2-0-0"
        },
        {
          "Player1": "AFX",
          "Player2": "bless_von",
          "Result": "2-0-0"
        },
        {
          "Player1": "wcl",
          "Player2": "Pondering_Mogis",
          "Result": "0-2-0"
        }
      ]
    },
    {
      "RoundName": "Round 3",
      "Matches": [
        {
          "Player1": "Tunaktunak",
          "Player2": "Azja",
          "Result": "0-0-0"
        },
        {
          "Player1": "renatoaraujo",
          "Player2": "Pondering_Mogis",
          "Result": "0-2-0"
        },
        {
          "Player1": "kcomedina",
          "Player2": "Predrag133",
          "Result": "2-0-0"
        },
        {
          "Player1": "Venom1",
          "Player2": "numberonenoob",
          "Result": "2-0-0"
        },
        {
          "Player1": "LucasG1ggs",
          "Player2": "novaschin22",
          "Result": "2-0-0"
        },
        {
          "Player1": "_Davimorais",
          "Player2": "BiIIyBruto",
          "Result": "2-0-0"
        },
        {
          "Player1": "xfile",
          "Player2": "MTGHolic",
          "Result": "0-2-0"
        },
        {
          "Player1": "fuya",
          "Player2": "hermesthenerd",
          "Result": "2-0-0"
        },
        {
          "Player1": "slaxx",
          "Player2": "TomJubarte",
          "Result": "0-2-0"
        },
        {
          "Player1": "_Batutinha_",
          "Player2": "ATmagic",
          "Result": "0-2-0"
        },
        {
          "Player1": "Raydan",
          "Player2": "Owl1013",
          "Result": "2-0-0"
        },
        {
          "Player1": "deleon91",
          "Player2": "BirdFlew",
          "Result": "2-0-0"
        },
        {
          "Player1": "GzusReturned",
          "Player2": "wcl",
          "Result": "2-0-0"
        },
        {
          "Player1": "AFX",
          "Player2": "fazparte",
          "Result": "0-2-0"
        }
      ]
    },
    {
      "RoundName": "Round 4",
      "Matches": [
        {
          "Player1": "GzusReturned",
          "Player2": "Predrag133",
          "Result": "0-2-0"
        },
        {
          "Player1": "deleon91",
          "Player2": "Azja",
          "Result": "2-0-0"
        },
        {
          "Player1": "LucasG1ggs",
          "Player2": "fazparte",
          "Result": "2-0-0"
        },
        {
          "Player1": "AFX",
          "Player2": "numberonenoob",
          "Result": "0-2-0"
        },
        {
          "Player1": "Tunaktunak",
          "Player2": "BirdFlew",
          "Result": "2-0-0"
        },
        {
          "Player1": "TomJubarte",
          "Player2": "ATmagic",
          "Result": "0-2-0"
        },
        {
          "Player1": "renatoaraujo",
          "Player2": "GL4You",
          "Result": "0-2-0"
        },
        {
          "Player1": "_Davimorais",
          "Player2": "MTGHolic",
          "Result": "2-0-0"
        },
        {
          "Player1": "slaxx",
          "Player2": "Venom1",
          "Result": "0-2-0"
        },
        {
          "Player1": "_Batutinha_",
          "Player2": "Pondering_Mogis",
          "Result": "0-2-0"
        },
        {
          "Player1": "Owl1013",
          "Player2": "novaschin22",
          "Result": "0-2-0"
        },
        {
          "Player1": "fuya",
          "Player2": "BiIIyBruto",
          "Result": "2-0-0"
        },
        {
          "Player1": "kcomedina",
          "Player2": "Raydan",
          "Result": "2-0-0"
        }
      ]
    },
    {
      "RoundName": "Round 5",
      "Matches": [
        {
          "Player1": "Azja",
          "Player2": "Pondering_Mogis",
          "Result": "2-0-0"
        },
        {
          "Player1": "novaschin22",
          "Player2": "MTGHolic",
          "Result": "2-0-0"
        },
        {
          "Player1": "deleon91",
          "Player2": "ATmagic",
          "Result": "0-2-0"
        },
        {
          "Player1": "_Batutinha_",
          "Player2": "Predrag133",
          "Result": "2-0-0"
        },
        {
          "Player1": "slaxx",
          "Player2": "BirdFlew",
          "Result": "2-0-0"
        },
        {
          "Player1": "Raydan",
          "Player2": "hermesthenerd",
          "Result": "2-0-0"
        },
        {
          "Player1": "LucasG1ggs",
          "Player2": "Tunaktunak",
          "Result": "0-2-0"
        },
        {
          "Player1": "_Davimorais",
          "Player2": "TomJubarte",
          "Result": "2-0-0"
        },
        {
          "Player1": "fazparte",
          "Player2": "GL4You",
          "Result": "2-0-0"
        },
        {
          "Player1": "AFX",
          "Player2": "GzusReturned",
          "Result": "0-2-0"
        },
        {
          "Player1": "numberonenoob",
          "Player2": "fuya",
          "Result": "0-2-0"
        },
        {
          "Player1": "kcomedina",
          "Player2": "Venom1",
          "Result": "2-0-0"
        },
        {
          "Player1": "Owl1013",
          "Player2": "BiIIyBruto",
          "Result": "2-0-0"
        }
      ]
    },
    {
      "RoundName": "Round 6",
      "Matches": [
        {
          "Player1": "deleon91",
          "Player2": "_Davimorais",
          "Result": "2-0-0"
        },
        {
          "Player1": "kcomedina",
          "Player2": "Tunaktunak",
          "Result": "0-2-0"
        },
        {
          "Player1": "Venom1",
          "Player2": "Azja",
          "Result": "0-2-0"
        },
        {
          "Player1": "TomJubarte",
          "Player2": "ATmagic",
          "Result": "0-2-0"
        }
      ]
    },
    {
      "RoundName": "Round 7",
      "Matches": [
        {
          "Player1": "deleon91",
          "Player2": "Azja",
          "Result": "0-2-0"
        },
        {
          "Player1": "Tunaktunak",
          "Player2": "ATmagic",
          "Result": "0-2-0"
        }
      ]
    },
    {
      "RoundName": "Round 8",
      "Matches": [
        {
          "Player1": "Azja",
          "Player2": "ATmagic",
          "Result": "0-2-0"
        }
      ]
    }
  ],
  "Standings": [
    {
      "Rank": 32,
      "Player": "Willthepill",
      "Points": 0,
      "Wins": 0,
      "Losses": 0,
      "Draws": 0,
      "OMWP": 0.3333,
      "GWP": 0.3333,
      "OGWP": 0.3333
    },
    {
      "Rank": 31,
      "Player": "wcl",
      "Points": 0,
      "Wins": 0,
      "Losses": 0,
      "Draws": 0,
      "OMWP": 0.5333,
      "GWP": 0.25,
      "OGWP": 0.496
    },
    {
      "Rank": 30,
      "Player": "bless_von",
      "Points": 0,
      "Wins": 0,
      "Losses": 0,
      "Draws": 0,
      "OMWP": 0.5667,
      "GWP": 0.2,
      "OGWP": 0.5417000000000001
    },
    {
      "Rank": 29,
      "Player": "fate_kuro",
      "Points": 0,
      "Wins": 0,
      "Losses": 0,
      "Draws": 0,
      "OMWP": 0.7,
      "GWP": 0.2,
      "OGWP": 0.625
    },
    {
      "Rank": 28,
      "Player": "AFX",
      "Points": 3,
      "Wins": 0,
      "Losses": 0,
      "Draws": 0,
      "OMWP": 0.4667,
      "GWP": 0.3077,
      "OGWP": 0.4424
    },
    {
      "Rank": 27,
      "Player": "xfile",
      "Points": 3,
      "Wins": 0,
      "Losses": 0,
      "Draws": 0,
      "OMWP": 0.5333,
      "GWP": 0.375,
      "OGWP": 0.49229999999999996
    },
    {
      "Rank": 26,
      "Player": "BiIIyBruto",
      "Points": 3,
      "Wins": 0,
      "Losses": 0,
      "Draws": 0,
      "OMWP": 0.5467,
      "GWP": 0.3077,
      "OGWP": 0.5333
    },
    {
      "Rank": 25,
      "Player": "hermesthenerd",
      "Points": 3,
      "Wins": 0,
      "Losses": 0,
      "Draws": 0,
      "OMWP": 0.65,
      "GWP": 0.2,
      "OGWP": 0.5743
    },
    {
      "Rank": 24,
      "Player": "GL4You",
      "Points": 6,
      "Wins": 0,
      "Losses": 0,
      "Draws": 0,
      "OMWP": 0.43329999999999996,
      "GWP": 0.4,
      "OGWP": 0.4366
    },
    {
      "Rank": 23,
      "Player": "Owl1013",
      "Points": 6,
      "Wins": 0,
      "Losses": 0,
      "Draws": 0,
      "OMWP": 0.4667,
      "GWP": 0.4167,
      "OGWP": 0.4515
    },
    {
      "Rank": 22,
      "Player": "numberonenoob",
      "Points": 6,
      "Wins": 0,
      "Losses": 0,
      "Draws": 0,
      "OMWP": 0.4667,
      "GWP": 0.4167,
      "OGWP": 0.4556
    },
    {
      "Rank": 21,
      "Player": "GzusReturned",
      "Points": 6,
      "Wins": 0,
      "Losses": 0,
      "Draws": 0,
      "OMWP": 0.49329999999999996,
      "GWP": 0.4167,
      "OGWP": 0.4667
    },
    {
      "Rank": 20,
      "Player": "MTGHolic",
      "Points": 6,
      "Wins": 0,
      "Losses": 0,
      "Draws": 0,
      "OMWP": 0.5467,
      "GWP": 0.46149999999999997,
      "OGWP": 0.5317000000000001
    },
    {
      "Rank": 19,
      "Player": "renatoaraujo",
      "Points": 6,
      "Wins": 0,
      "Losses": 0,
      "Draws": 0,
      "OMWP": 0.55,
      "GWP": 0.4545,
      "OGWP": 0.49579999999999996
    },
    {
      "Rank": 18,
      "Player": "Predrag133",
      "Points": 6,
      "Wins": 0,
      "Losses": 0,
      "Draws": 0,
      "OMWP": 0.6,
      "GWP": 0.4167,
      "OGWP": 0.5675
    },
    {
      "Rank": 17,
      "Player": "BirdFlew",
      "Points": 6,
      "Wins": 0,
      "Losses": 0,
      "Draws": 0,
      "OMWP": 0.68,
      "GWP": 0.4167,
      "OGWP": 0.6154999999999999
    },
    {
      "Rank": 16,
      "Player": "fazparte",
      "Points": 9,
      "Wins": 0,
      "Losses": 0,
      "Draws": 0,
      "OMWP": 0.4133,
      "GWP": 0.5,
      "OGWP": 0.4315
    },
    {
      "Rank": 15,
      "Player": "fuya",
      "Points": 9,
      "Wins": 0,
      "Losses": 0,
      "Draws": 0,
      "OMWP": 0.4533,
      "GWP": 0.5,
      "OGWP": 0.4667
    },
    {
      "Rank": 14,
      "Player": "Pondering_Mogis",
      "Points": 9,
      "Wins": 0,
      "Losses": 0,
      "Draws": 0,
      "OMWP": 0.5067,
      "GWP": 0.5,
      "OGWP": 0.4861
    },
    {
      "Rank": 13,
      "Player": "slaxx",
      "Points": 9,
      "Wins": 0,
      "Losses": 0,
      "Draws": 0,
      "OMWP": 0.5067,
      "GWP": 0.6667000000000001,
      "OGWP": 0.48100000000000004
    },
    {
      "Rank": 12,
      "Player": "novaschin22",
      "Points": 9,
      "Wins": 0,
      "Losses": 0,
      "Draws": 0,
      "OMWP": 0.52,
      "GWP": 0.5455,
      "OGWP": 0.5418
    },
    {
      "Rank": 11,
      "Player": "Raydan",
      "Points": 9,
      "Wins": 0,
      "Losses": 0,
      "Draws": 0,
      "OMWP": 0.5333,
      "GWP": 0.5455,
      "OGWP": 0.5222
    },
    {
      "Rank": 10,
      "Player": "LucasG1ggs",
      "Points": 9,
      "Wins": 0,
      "Losses": 0,
      "Draws": 0,
      "OMWP": 0.5867,
      "GWP": 0.6364,
      "OGWP": 0.5424
    },
    {
      "Rank": 9,
      "Player": "_Batutinha_",
      "Points": 9,
      "Wins": 0,
      "Losses": 0,
      "Draws": 0,
      "OMWP": 0.6,
      "GWP": 0.5832999999999999,
      "OGWP": 0.5682
    },
    {
      "Rank": 8,
      "Player": "TomJubarte",
      "Points": 9,
      "Wins": 0,
      "Losses": 0,
      "Draws": 0,
      "OMWP": 0.6267,
      "GWP": 0.5714,
      "OGWP": 0.609
    },
    {
      "Rank": 7,
      "Player": "Venom1",
      "Points": 9,
      "Wins": 0,
      "Losses": 0,
      "Draws": 0,
      "OMWP": 0.64,
      "GWP": 0.5832999999999999,
      "OGWP": 0.6008
    },
    {
      "Rank": 6,
      "Player": "_Davimorais",
      "Points": 12,
      "Wins": 0,
      "Losses": 0,
      "Draws": 0,
      "OMWP": 0.5333,
      "GWP": 0.75,
      "OGWP": 0.5065999999999999
    },
    {
      "Rank": 5,
      "Player": "kcomedina",
      "Points": 12,
      "Wins": 0,
      "Losses": 0,
      "Draws": 0,
      "OMWP": 0.55,
      "GWP": 0.7778,
      "OGWP": 0.5227
    },
    {
      "Rank": 4,
      "Player": "Tunaktunak",
      "Points": 15,
      "Wins": 0,
      "Losses": 0,
      "Draws": 0,
      "OMWP": 0.5467,
      "GWP": 0.75,
      "OGWP": 0.5149
    },
    {
      "Rank": 3,
      "Player": "deleon91",
      "Points": 15,
      "Wins": 0,
      "Losses": 0,
      "Draws": 0,
      "OMWP": 0.5733,
      "GWP": 0.6154,
      "OGWP": 0.5202
    },
    {
      "Rank": 2,
      "Player": "Azja",
      "Points": 18,
      "Wins": 0,
      "Losses": 0,
      "Draws": 0,
      "OMWP": 0.64,
      "GWP": 0.6429,
      "OGWP": 0.5731
    },
    {
      "Rank": 1,
      "Player": "ATmagic",
      "Points": 24,
      "Wins": 0,
      "Losses": 0,
      "Draws": 0,
      "OMWP": 0.64,
      "GWP": 0.8332999999999999,
      "OGWP": 0.5874
    }
  ]
}