{
  "Tournament": {
    "Id": 12803696,
    "Date": "2025-07-19T19:00:00",
    "Name": "Vintage Challenge 32",
    "Uri": null,
    "JsonFile": null,
    "ForceRedownload": false
  },
  "Decks": null,
  "Rounds": [
    {
      "RoundName": "Round 1",
      "Matches": [
        {
          "Player1": "BERNASTORRES",
          "Player2": "adamwasmo",
          "Result": "2-0-0"
        },
        {
          "Player1": "_Shatun_",
          "Player2": "Univerce",
          "Result": "2-0-0"
        },
        {
          "Player1": "discoverN",
          "Player2": "pirol94",
          "Result": "0-2-0"
        },
        {
          "Player1": "Xenowan",
          "Player2": "sapro31",
          "Result": "0-2-0"
        },
        {
          "Player1": "Navas",
          "Player2": "-CAPS-",
          "Result": "2-0-0"
        },
        {
          "Player1": "MJ_23",
          "Player2": "ReprintDarkRitual",
          "Result": "0-2-0"
        },
        {
          "Player1": "O_danielakos",
          "Player2": "HyuugaHeir",
          "Result": "2-0-0"
        },
        {
          "Player1": "thedeck84",
          "Player2": "2plus2isfive",
          "Result": "2-0-0"
        },
        {
          "Player1": "matttothec",
          "Player2": "T1_Tinker",
          "Result": "0-2-0"
        },
        {
          "Player1": "Montolio",
          "Player2": "Lord_Beerus",
          "Result": "2-0-0"
        },
        {
          "Player1": "RPSbonjwa",
          "Player2": "Bezerra_da_Silva",
          "Result": "2-0-0"
        },
        {
          "Player1": "onewaygarden",
          "Player2": "EmperorOppai",
          "Result": "2-0-0"
        },
        {
          "Player1": "albertoSD",
          "Player2": "hermanomlg",
          "Result": "0-2-0"
        },
        {
          "Player1": "Zero_mana",
          "Player2": "VitoCorleone",
          "Result": "2-0-0"
        },
        {
          "Player1": "poundofmids",
          "Player2": "cantillon",
          "Result": "0-2-0"
        },
        {
          "Player1": "burrarun",
          "Player2": "532at",
          "Result": "0-2-0"
        },
        {
          "Player1": "desolutionist",
          "Player2": "s063",
          "Result": "0-2-0"
        },
        {
          "Player1": "Redhotphil87",
          "Player2": "ARunningHans",
          "Result": "0-2-0"
        },
        {
          "Player1": "magiclaszlo",
          "Player2": "jake-upLVT",
          "Result": "0-2-0"
        },
        {
          "Player1": "Miharu_Fuyumiya",
          "Player2": "Sommertroll",
          "Result": "0-2-0"
        },
        {
          "Player1": "Terminus0",
          "Player2": "Fantaman95",
          "Result": "2-0-0"
        },
        {
          "Player1": "i_b_TRUE",
          "Player2": "CrazyDiamond513",
          "Result": "0-2-0"
        }
      ]
    },
    {
      "RoundName": "Round 2",
      "Matches": [
        {
          "Player1": "Lord_Beerus",
          "Player2": "Fantaman95",
          "Result": "0-2-0"
        },
        {
          "Player1": "O_danielakos",
          "Player2": "VitorCarvalho01",
          "Result": "0-2-0"
        },
        {
          "Player1": "Terminus0",
          "Player2": "thedeck84",
          "Result": "0-2-0"
        },
        {
          "Player1": "i_b_TRUE",
          "Player2": "Miharu_Fuyumiya",
          "Result": "0-2-0"
        },
        {
          "Player1": "ReprintDarkRitual",
          "Player2": "T1_Tinker",
          "Result": "2-0-0"
        },
        {
          "Player1": "adamwasmo",
          "Player2": "-CAPS-",
          "Result": "2-0-0"
        },
        {
          "Player1": "sapro31",
          "Player2": "RPSbonjwa",
          "Result": "2-0-0"
        },
        {
          "Player1": "Redhotphil87",
          "Player2": "VitoCorleone",
          "Result": "1-2-0"
        },
        {
          "Player1": "MJ_23",
          "Player2": "2plus2isfive",
          "Result": "0-2-0"
        },
        {
          "Player1": "discoverN",
          "Player2": "BERNASTORRES",
          "Result": "0-2-0"
        },
        {
          "Player1": "magiclaszlo",
          "Player2": "burrarun",
          "Result": "0-2-0"
        },
        {
          "Player1": "s063",
          "Player2": "ARunningHans",
          "Result": "0-2-0"
        },
        {
          "Player1": "Univerce",
          "Player2": "HyuugaHeir",
          "Result": "0-0-0"
        },
        {
          "Player1": "hermanomlg",
          "Player2": "jake-upLVT",
          "Result": "0-0-0"
        },
        {
          "Player1": "pirol94",
          "Player2": "cantillon",
          "Result": "2-0-0"
        },
        {
          "Player1": "matttothec",
          "Player2": "desolutionist",
          "Result": "2-0-0"
        },
        {
          "Player1": "albertoSD",
          "Player2": "Xenowan",
          "Result": "2-0-0"
        },
        {
          "Player1": "Sommertroll",
          "Player2": "CrazyDiamond513",
          "Result": "2-0-0"
        },
        {
          "Player1": "Navas",
          "Player2": "Zero_mana",
          "Result": "2-0-0"
        },
        {
          "Player1": "EmperorOppai",
          "Player2": "Bezerra_da_Silva",
          "Result": "2-0-0"
        },
        {
          "Player1": "Montolio",
          "Player2": "532at",
          "Result": "2-0-0"
        },
        {
          "Player1": "_Shatun_",
          "Player2": "onewaygarden",
          "Result": "2-0-0"
        }
      ]
    },
    {
      "RoundName": "Round 3",
      "Matches": [
        {
          "Player1": "burrarun",
          "Player2": "onewaygarden",
          "Result": "0-2-0"
        },
        {
          "Player1": "2plus2isfive",
          "Player2": "VitoCorleone",
          "Result": "0-2-0"
        },
        {
          "Player1": "-CAPS-",
          "Player2": "HyuugaHeir",
          "Result": "0-2-0"
        },
        {
          "Player1": "hermanomlg",
          "Player2": "Zero_mana",
          "Result": "0-2-0"
        },
        {
          "Player1": "albertoSD",
          "Player2": "Miharu_Fuyumiya",
          "Result": "0-2-0"
        },
        {
          "Player1": "EmperorOppai",
          "Player2": "532at",
          "Result": "2-0-0"
        },
        {
          "Player1": "poundofmids",
          "Player2": "T1_Tinker",
          "Result": "0-2-0"
        },
        {
          "Player1": "BERNASTORRES",
          "Player2": "thedeck84",
          "Result": "2-0-0"
        },
        {
          "Player1": "desolutionist",
          "Player2": "Lord_Beerus",
          "Result": "0-2-0"
        },
        {
          "Player1": "s063",
          "Player2": "Terminus0",
          "Result": "0-2-0"
        },
        {
          "Player1": "Montolio",
          "Player2": "VitorCarvalho01",
          "Result": "2-0-0"
        },
        {
          "Player1": "Navas",
          "Player2": "pirol94",
          "Result": "0-2-0"
        },
        {
          "Player1": "cantillon",
          "Player2": "RPSbonjwa",
          "Result": "2-0-0"
        },
        {
          "Player1": "adamwasmo",
          "Player2": "Univerce",
          "Result": "2-0-0"
        },
        {
          "Player1": "Sommertroll",
          "Player2": "jake-upLVT",
          "Result": "0-2-0"
        },
        {
          "Player1": "O_danielakos",
          "Player2": "CrazyDiamond513",
          "Result": "2-0-0"
        },
        {
          "Player1": "ReprintDarkRitual",
          "Player2": "ARunningHans",
          "Result": "0-2-0"
        },
        {
          "Player1": "magiclaszlo",
          "Player2": "Bezerra_da_Silva",
          "Result": "0-0-0"
        },
        {
          "Player1": "_Shatun_",
          "Player2": "sapro31",
          "Result": "0-2-0"
        },
        {
          "Player1": "matttothec",
          "Player2": "Fantaman95",
          "Result": "2-0-0"
        }
      ]
    },
    {
      "RoundName": "Round 4",
      "Matches": [
        {
          "Player1": "magiclaszlo",
          "Player2": "532at",
          "Result": "0-2-0"
        },
        {
          "Player1": "matttothec",
          "Player2": "EmperorOppai",
          "Result": "0-2-0"
        },
        {
          "Player1": "Navas",
          "Player2": "ReprintDarkRitual",
          "Result": "2-0-0"
        },
        {
          "Player1": "onewaygarden",
          "Player2": "Zero_mana",
          "Result": "0-2-0"
        },
        {
          "Player1": "hermanomlg",
          "Player2": "RPSbonjwa",
          "Result": "0-2-0"
        },
        {
          "Player1": "adamwasmo",
          "Player2": "T1_Tinker",
          "Result": "2-0-0"
        },
        {
          "Player1": "_Shatun_",
          "Player2": "O_danielakos",
          "Result": "2-0-0"
        },
        {
          "Player1": "Montolio",
          "Player2": "BERNASTORRES",
          "Result": "2-0-0"
        },
        {
          "Player1": "Miharu_Fuyumiya",
          "Player2": "VitorCarvalho01",
          "Result": "2-0-0"
        },
        {
          "Player1": "s063",
          "Player2": "Lord_Beerus",
          "Result": "2-0-0"
        },
        {
          "Player1": "Fantaman95",
          "Player2": "HyuugaHeir",
          "Result": "2-0-0"
        },
        {
          "Player1": "pirol94",
          "Player2": "ARunningHans",
          "Result": "2-0-0"
        },
        {
          "Player1": "cantillon",
          "Player2": "Redhotphil87",
          "Result": "2-0-0"
        },
        {
          "Player1": "sapro31",
          "Player2": "jake-upLVT",
          "Result": "0-2-0"
        },
        {
          "Player1": "burrarun",
          "Player2": "2plus2isfive",
          "Result": "0-2-0"
        },
        {
          "Player1": "thedeck84",
          "Player2": "Sommertroll",
          "Result": "0-2-0"
        },
        {
          "Player1": "poundofmids",
          "Player2": "Univerce",
          "Result": "2-0-0"
        },
        {
          "Player1": "Terminus0",
          "Player2": "VitoCorleone",
          "Result": "0-2-0"
        }
      ]
    },
    {
      "RoundName": "Round 5",
      "Matches": [
        {
          "Player1": "magiclaszlo",
          "Player2": "HyuugaHeir",
          "Result": "0-2-0"
        },
        {
          "Player1": "adamwasmo",
          "Player2": "EmperorOppai",
          "Result": "0-2-0"
        },
        {
          "Player1": "poundofmids",
          "Player2": "RPSbonjwa",
          "Result": "2-0-0"
        },
        {
          "Player1": "cantillon",
          "Player2": "Zero_mana",
          "Result": "0-2-0"
        },
        {
          "Player1": "s063",
          "Player2": "532at",
          "Result": "2-0-0"
        },
        {
          "Player1": "Terminus0",
          "Player2": "sapro31",
          "Result": "0-2-0"
        },
        {
          "Player1": "ARunningHans",
          "Player2": "Sommertroll",
          "Result": "0-2-0"
        },
        {
          "Player1": "_Shatun_",
          "Player2": "pirol94",
          "Result": "2-0-0"
        },
        {
          "Player1": "Navas",
          "Player2": "BERNASTORRES",
          "Result": "0-2-0"
        },
        {
          "Player1": "Montolio",
          "Player2": "jake-upLVT",
          "Result": "2-0-0"
        },
        {
          "Player1": "matttothec",
          "Player2": "onewaygarden",
          "Result": "2-0-0"
        },
        {
          "Player1": "hermanomlg",
          "Player2": "Univerce",
          "Result": "0-2-0"
        },
        {
          "Player1": "O_danielakos",
          "Player2": "Fantaman95",
          "Result": "0-2-0"
        },
        {
          "Player1": "2plus2isfive",
          "Player2": "T1_Tinker",
          "Result": "0-0-0"
        },
        {
          "Player1": "desolutionist",
          "Player2": "ReprintDarkRitual",
          "Result": "2-0-0"
        },
        {
          "Player1": "thedeck84",
          "Player2": "VitorCarvalho01",
          "Result": "0-2-0"
        },
        {
          "Player1": "Miharu_Fuyumiya",
          "Player2": "VitoCorleone",
          "Result": "0-2-0"
        }
      ]
    },
    {
      "RoundName": "Round 6",
      "Matches": [
        {
          "Player1": "sapro31",
          "Player2": "VitoCorleone",
          "Result": "0-2-0"
        },
        {
          "Player1": "_Shatun_",
          "Player2": "Zero_mana",
          "Result": "2-0-0"
        },
        {
          "Player1": "532at",
          "Player2": "HyuugaHeir",
          "Result": "0-2-0"
        },
        {
          "Player1": "matttothec",
          "Player2": "adamwasmo",
          "Result": "2-0-0"
        },
        {
          "Player1": "onewaygarden",
          "Player2": "T1_Tinker",
          "Result": "0-2-0"
        },
        {
          "Player1": "desolutionist",
          "Player2": "RPSbonjwa",
          "Result": "2-0-0"
        },
        {
          "Player1": "Montolio",
          "Player2": "pirol94",
          "Result": "2-0-0"
        },
        {
          "Player1": "BERNASTORRES",
          "Player2": "Sommertroll",
          "Result": "2-0-0"
        },
        {
          "Player1": "poundofmids",
          "Player2": "thedeck84",
          "Result": "0-2-0"
        },
        {
          "Player1": "ARunningHans",
          "Player2": "VitorCarvalho01",
          "Result": "0-0-0"
        },
        {
          "Player1": "EmperorOppai",
          "Player2": "jake-upLVT",
          "Result": "0-2-0"
        },
        {
          "Player1": "Miharu_Fuyumiya",
          "Player2": "2plus2isfive",
          "Result": "2-0-0"
        },
        {
          "Player1": "Navas",
          "Player2": "cantillon",
          "Result": "2-0-0"
        },
        {
          "Player1": "s063",
          "Player2": "Fantaman95",
          "Result": "2-0-0"
        },
        {
          "Player1": "Terminus0",
          "Player2": "Univerce",
          "Result": "2-0-0"
        }
      ]
    },
    {
      "RoundName": "Round 7",
      "Matches": [
        {
          "Player1": "pirol94",
          "Player2": "jake-upLVT",
          "Result": "0-2-0"
        },
        {
          "Player1": "_Shatun_",
          "Player2": "VitoCorleone",
          "Result": "2-0-0"
        },
        {
          "Player1": "Montolio",
          "Player2": "sapro31",
          "Result": "2-0-0"
        },
        {
          "Player1": "BERNASTORRES",
          "Player2": "Sommertroll",
          "Result": "2-0-0"
        }
      ]
    },
    {
      "RoundName": "Round 8",
      "Matches": [
        {
          "Player1": "Montolio",
          "Player2": "_Shatun_",
          "Result": "2-0-0"
        },
        {
          "Player1": "BERNASTORRES",
          "Player2": "jake-upLVT",
          "Result": "2-0-0"
        }
      ]
    },
    {
      "RoundName": "Round 9",
      "Matches": [
        {
          "Player1": "Montolio",
          "Player2": "BERNASTORRES",
          "Result": "2-0-0"
        }
      ]
    }
  ],
  "Standings": [
    {
      "Rank": 45,
      "Player": "Bezerra_da_Silva",
      "Points": 0,
      "Wins": 0,
      "Losses": 0,
      "Draws": 0,
      "OMWP": 0.44439999999999996,
      "GWP": 0.25,
      "OGWP": 0.4302
    },
    {
      "Rank": 44,
      "Player": "MJ_23",
      "Points": 0,
      "Wins": 0,
      "Losses": 0,
      "Draws": 0,
      "OMWP": 0.45,
      "GWP": 0.2,
      "OGWP": 0.46880000000000005
    },
    {
      "Rank": 43,
      "Player": "i_b_TRUE",
      "Points": 0,
      "Wins": 0,
      "Losses": 0,
      "Draws": 0,
      "OMWP": 0.5,
      "GWP": 0.2,
      "OGWP": 0.55
    },
    {
      "Rank": 42,
      "Player": "Xenowan",
      "Points": 0,
      "Wins": 0,
      "Losses": 0,
      "Draws": 0,
      "OMWP": 0.5,
      "GWP": 0.2,
      "OGWP": 0.5684
    },
    {
      "Rank": 41,
      "Player": "-CAPS-",
      "Points": 0,
      "Wins": 0,
      "Losses": 0,
      "Draws": 0,
      "OMWP": 0.5556,
      "GWP": 0.25,
      "OGWP": 0.5417000000000001
    },
    {
      "Rank": 40,
      "Player": "discoverN",
      "Points": 0,
      "Wins": 0,
      "Losses": 0,
      "Draws": 0,
      "OMWP": 0.75,
      "GWP": 0.2,
      "OGWP": 0.6146
    },
    {
      "Rank": 39,
      "Player": "burrarun",
      "Points": 3,
      "Wins": 0,
      "Losses": 0,
      "Draws": 0,
      "OMWP": 0.375,
      "GWP": 0.4167,
      "OGWP": 0.3924
    },
    {
      "Rank": 38,
      "Player": "albertoSD",
      "Points": 3,
      "Wins": 0,
      "Losses": 0,
      "Draws": 0,
      "OMWP": 0.44439999999999996,
      "GWP": 0.44439999999999996,
      "OGWP": 0.44439999999999996
    },
    {
      "Rank": 37,
      "Player": "magiclaszlo",
      "Points": 3,
      "Wins": 0,
      "Losses": 0,
      "Draws": 0,
      "OMWP": 0.4667,
      "GWP": 0.35710000000000003,
      "OGWP": 0.4669
    },
    {
      "Rank": 36,
      "Player": "CrazyDiamond513",
      "Points": 3,
      "Wins": 0,
      "Losses": 0,
      "Draws": 0,
      "OMWP": 0.4667,
      "GWP": 0.5,
      "OGWP": 0.4354
    },
    {
      "Rank": 35,
      "Player": "hermanomlg",
      "Points": 3,
      "Wins": 0,
      "Losses": 0,
      "Draws": 0,
      "OMWP": 0.5,
      "GWP": 0.4,
      "OGWP": 0.48
    },
    {
      "Rank": 34,
      "Player": "Lord_Beerus",
      "Points": 3,
      "Wins": 0,
      "Losses": 0,
      "Draws": 0,
      "OMWP": 0.6667000000000001,
      "GWP": 0.3,
      "OGWP": 0.6113000000000001
    },
    {
      "Rank": 33,
      "Player": "Redhotphil87",
      "Points": 3,
      "Wins": 0,
      "Losses": 0,
      "Draws": 0,
      "OMWP": 0.6667000000000001,
      "GWP": 0.3333,
      "OGWP": 0.5998
    },
    {
      "Rank": 32,
      "Player": "RPSbonjwa",
      "Points": 6,
      "Wins": 0,
      "Losses": 0,
      "Draws": 0,
      "OMWP": 0.4722,
      "GWP": 0.4,
      "OGWP": 0.4861
    },
    {
      "Rank": 31,
      "Player": "Univerce",
      "Points": 6,
      "Wins": 0,
      "Losses": 0,
      "Draws": 0,
      "OMWP": 0.5278,
      "GWP": 0.375,
      "OGWP": 0.5257999999999999
    },
    {
      "Rank": 30,
      "Player": "O_danielakos",
      "Points": 6,
      "Wins": 0,
      "Losses": 0,
      "Draws": 0,
      "OMWP": 0.5333,
      "GWP": 0.3846,
      "OGWP": 0.5587
    },
    {
      "Rank": 29,
      "Player": "ReprintDarkRitual",
      "Points": 6,
      "Wins": 0,
      "Losses": 0,
      "Draws": 0,
      "OMWP": 0.5333,
      "GWP": 0.5,
      "OGWP": 0.49689999999999995
    },
    {
      "Rank": 28,
      "Player": "532at",
      "Points": 6,
      "Wins": 0,
      "Losses": 0,
      "Draws": 0,
      "OMWP": 0.5832999999999999,
      "GWP": 0.375,
      "OGWP": 0.5525
    },
    {
      "Rank": 27,
      "Player": "onewaygarden",
      "Points": 6,
      "Wins": 0,
      "Losses": 0,
      "Draws": 0,
      "OMWP": 0.6111,
      "GWP": 0.4,
      "OGWP": 0.5624
    },
    {
      "Rank": 26,
      "Player": "HyuugaHeir",
      "Points": 9,
      "Wins": 0,
      "Losses": 0,
      "Draws": 0,
      "OMWP": 0.3722,
      "GWP": 0.5625,
      "OGWP": 0.3875
    },
    {
      "Rank": 25,
      "Player": "poundofmids",
      "Points": 9,
      "Wins": 0,
      "Losses": 0,
      "Draws": 0,
      "OMWP": 0.43329999999999996,
      "GWP": 0.46149999999999997,
      "OGWP": 0.4752
    },
    {
      "Rank": 24,
      "Player": "desolutionist",
      "Points": 9,
      "Wins": 0,
      "Losses": 0,
      "Draws": 0,
      "OMWP": 0.48,
      "GWP": 0.5,
      "OGWP": 0.48200000000000004
    },
    {
      "Rank": 23,
      "Player": "T1_Tinker",
      "Points": 9,
      "Wins": 0,
      "Losses": 0,
      "Draws": 0,
      "OMWP": 0.4833,
      "GWP": 0.5333,
      "OGWP": 0.48119999999999996
    },
    {
      "Rank": 22,
      "Player": "Fantaman95",
      "Points": 9,
      "Wins": 0,
      "Losses": 0,
      "Draws": 0,
      "OMWP": 0.5111,
      "GWP": 0.5,
      "OGWP": 0.4864
    },
    {
      "Rank": 21,
      "Player": "2plus2isfive",
      "Points": 9,
      "Wins": 0,
      "Losses": 0,
      "Draws": 0,
      "OMWP": 0.5278,
      "GWP": 0.4375,
      "OGWP": 0.5227
    },
    {
      "Rank": 20,
      "Player": "cantillon",
      "Points": 9,
      "Wins": 0,
      "Losses": 0,
      "Draws": 0,
      "OMWP": 0.5278,
      "GWP": 0.5294,
      "OGWP": 0.4755
    },
    {
      "Rank": 19,
      "Player": "adamwasmo",
      "Points": 9,
      "Wins": 0,
      "Losses": 0,
      "Draws": 0,
      "OMWP": 0.5556,
      "GWP": 0.5,
      "OGWP": 0.505
    },
    {
      "Rank": 18,
      "Player": "Terminus0",
      "Points": 9,
      "Wins": 0,
      "Losses": 0,
      "Draws": 0,
      "OMWP": 0.5832999999999999,
      "GWP": 0.46149999999999997,
      "OGWP": 0.568
    },
    {
      "Rank": 17,
      "Player": "thedeck84",
      "Points": 9,
      "Wins": 0,
      "Losses": 0,
      "Draws": 0,
      "OMWP": 0.5832999999999999,
      "GWP": 0.5385,
      "OGWP": 0.5128
    },
    {
      "Rank": 16,
      "Player": "VitorCarvalho01",
      "Points": 9,
      "Wins": 0,
      "Losses": 0,
      "Draws": 0,
      "OMWP": 0.6467,
      "GWP": 0.46149999999999997,
      "OGWP": 0.5871999999999999
    },
    {
      "Rank": 15,
      "Player": "s063",
      "Points": 12,
      "Wins": 0,
      "Losses": 0,
      "Draws": 0,
      "OMWP": 0.4722,
      "GWP": 0.5882000000000001,
      "OGWP": 0.4542
    },
    {
      "Rank": 14,
      "Player": "EmperorOppai",
      "Points": 12,
      "Wins": 0,
      "Losses": 0,
      "Draws": 0,
      "OMWP": 0.5,
      "GWP": 0.5333,
      "OGWP": 0.4739
    },
    {
      "Rank": 13,
      "Player": "matttothec",
      "Points": 12,
      "Wins": 0,
      "Losses": 0,
      "Draws": 0,
      "OMWP": 0.5,
      "GWP": 0.5882000000000001,
      "OGWP": 0.49439999999999995
    },
    {
      "Rank": 12,
      "Player": "Miharu_Fuyumiya",
      "Points": 12,
      "Wins": 0,
      "Losses": 0,
      "Draws": 0,
      "OMWP": 0.5278,
      "GWP": 0.6,
      "OGWP": 0.4966
    },
    {
      "Rank": 11,
      "Player": "ARunningHans",
      "Points": 12,
      "Wins": 0,
      "Losses": 0,
      "Draws": 0,
      "OMWP": 0.5389,
      "GWP": 0.5556,
      "OGWP": 0.5056
    },
    {
      "Rank": 10,
      "Player": "Navas",
      "Points": 12,
      "Wins": 0,
      "Losses": 0,
      "Draws": 0,
      "OMWP": 0.5667,
      "GWP": 0.5625,
      "OGWP": 0.5209
    },
    {
      "Rank": 9,
      "Player": "Zero_mana",
      "Points": 12,
      "Wins": 0,
      "Losses": 0,
      "Draws": 0,
      "OMWP": 0.5832999999999999,
      "GWP": 0.5333,
      "OGWP": 0.5626
    },
    {
      "Rank": 8,
      "Player": "sapro31",
      "Points": 12,
      "Wins": 0,
      "Losses": 0,
      "Draws": 0,
      "OMWP": 0.6111,
      "GWP": 0.6923,
      "OGWP": 0.5542
    },
    {
      "Rank": 7,
      "Player": "Sommertroll",
      "Points": 12,
      "Wins": 0,
      "Losses": 0,
      "Draws": 0,
      "OMWP": 0.6389,
      "GWP": 0.5882000000000001,
      "OGWP": 0.5846
    },
    {
      "Rank": 6,
      "Player": "pirol94",
      "Points": 12,
      "Wins": 0,
      "Losses": 0,
      "Draws": 0,
      "OMWP": 0.6667000000000001,
      "GWP": 0.5625,
      "OGWP": 0.6012
    },
    {
      "Rank": 5,
      "Player": "VitoCorleone",
      "Points": 15,
      "Wins": 0,
      "Losses": 0,
      "Draws": 0,
      "OMWP": 0.5556,
      "GWP": 0.7143,
      "OGWP": 0.5097
    },
    {
      "Rank": 4,
      "Player": "_Shatun_",
      "Points": 18,
      "Wins": 0,
      "Losses": 0,
      "Draws": 0,
      "OMWP": 0.5111,
      "GWP": 0.7692,
      "OGWP": 0.4913
    },
    {
      "Rank": 3,
      "Player": "jake-upLVT",
      "Points": 18,
      "Wins": 0,
      "Losses": 0,
      "Draws": 0,
      "OMWP": 0.6111,
      "GWP": 0.6470999999999999,
      "OGWP": 0.5714
    },
    {
      "Rank": 2,
      "Player": "BERNASTORRES",
      "Points": 21,
      "Wins": 0,
      "Losses": 0,
      "Draws": 0,
      "OMWP": 0.6111,
      "GWP": 0.6667000000000001,
      "OGWP": 0.5633
    },
    {
      "Rank": 1,
      "Player": "Montolio",
      "Points": 27,
      "Wins": 0,
      "Losses": 0,
      "Draws": 0,
      "OMWP": 0.5832999999999999,
      "GWP": 0.8571,
      "OGWP": 0.5077
    }
  ]
}