{
  "Tournament": {
    "Id": 12803684,
    "Date": "2025-07-19T00:00:00",
    "Name": "Vintage Challenge 32",
    "Uri": null,
    "JsonFile": null,
    "ForceRedownload": false
  },
  "Decks": null,
  "Rounds": [
    {
      "RoundName": "Round 1",
      "Matches": [
        {
          "Player1": "s063",
          "Player2": "kaikas",
          "Result": "2-0-0"
        },
        {
          "Player1": "revenantkioku",
          "Player2": "JohnMarston",
          "Result": "2-0-0"
        },
        {
          "Player1": "Kontendra",
          "Player2": "RPSbonjwa",
          "Result": "2-0-0"
        },
        {
          "Player1": "Srogers90",
          "Player2": "ChessNight5030",
          "Result": "2-0-0"
        },
        {
          "Player1": "Filly",
          "Player2": "_Shikamaru_",
          "Result": "0-2-0"
        },
        {
          "Player1": "sixmp",
          "Player2": "Will_Split",
          "Result": "2-0-0"
        },
        {
          "Player1": "crK",
          "Player2": "hermanomlg",
          "Result": "0-2-0"
        },
        {
          "Player1": "matttothec",
          "Player2": "MagicPlayer103758",
          "Result": "0-2-0"
        },
        {
          "Player1": "AJV20",
          "Player2": "monzatubarao",
          "Result": "2-0-0"
        },
        {
          "Player1": "_Shatun_",
          "Player2": "Ayrebus",
          "Result": "0-2-0"
        },
        {
          "Player1": "Tsubasa_Cat",
          "Player2": "choutin",
          "Result": "0-2-0"
        },
        {
          "Player1": "slaxx",
          "Player2": "elvish-misclick",
          "Result": "2-0-0"
        },
        {
          "Player1": "FranMtg",
          "Player2": "ARunningHans",
          "Result": "2-0-0"
        },
        {
          "Player1": "Aigis",
          "Player2": "i_b_TRUE",
          "Result": "2-0-0"
        },
        {
          "Player1": "Montolio",
          "Player2": "LucasG1ggs",
          "Result": "0-2-0"
        },
        {
          "Player1": "Raydan",
          "Player2": "blackdecks99",
          "Result": "0-2-0"
        },
        {
          "Player1": "etoustar",
          "Player2": "RatherBplayingMTG",
          "Result": "0-2-0"
        },
        {
          "Player1": "xfile",
          "Player2": "T1_Tinker",
          "Result": "2-0-0"
        },
        {
          "Player1": "karatedom",
          "Player2": "novaschin22",
          "Result": "0-2-0"
        },
        {
          "Player1": "VitorCarvalho01",
          "Player2": "Bezerra_da_Silva",
          "Result": "0-2-0"
        },
        {
          "Player1": "unluckymonkey",
          "Player2": "Add1ct3d",
          "Result": "2-0-0"
        },
        {
          "Player1": "MJ_23",
          "Player2": "IpseVenenaBibas",
          "Result": "2-0-0"
        }
      ]
    },
    {
      "RoundName": "Round 2",
      "Matches": [
        {
          "Player1": "novaschin22",
          "Player2": "choutin",
          "Result": "2-0-0"
        },
        {
          "Player1": "kaikas",
          "Player2": "T1_Tinker",
          "Result": "0-2-0"
        },
        {
          "Player1": "Srogers90",
          "Player2": "_Shikamaru_",
          "Result": "0-2-0"
        },
        {
          "Player1": "MJ_23",
          "Player2": "FranMtg",
          "Result": "2-1-0"
        },
        {
          "Player1": "ChessNight5030",
          "Player2": "elvish-misclick",
          "Result": "2-0-0"
        },
        {
          "Player1": "Kontendra",
          "Player2": "unluckymonkey",
          "Result": "0-2-0"
        },
        {
          "Player1": "LucasG1ggs",
          "Player2": "Ayrebus",
          "Result": "0-0-0"
        },
        {
          "Player1": "s063",
          "Player2": "RatherBplayingMTG",
          "Result": "2-0-0"
        },
        {
          "Player1": "MagicPlayer103758",
          "Player2": "blackdecks99",
          "Result": "2-0-0"
        },
        {
          "Player1": "Add1ct3d",
          "Player2": "IpseVenenaBibas",
          "Result": "2-0-0"
        },
        {
          "Player1": "revenantkioku",
          "Player2": "hermanomlg",
          "Result": "0-2-0"
        },
        {
          "Player1": "etoustar",
          "Player2": "ARunningHans",
          "Result": "2-0-0"
        },
        {
          "Player1": "slaxx",
          "Player2": "Bezerra_da_Silva",
          "Result": "2-0-0"
        },
        {
          "Player1": "Montolio",
          "Player2": "JohnMarston",
          "Result": "2-0-0"
        },
        {
          "Player1": "matttothec",
          "Player2": "_Shatun_",
          "Result": "0-2-0"
        },
        {
          "Player1": "monzatubarao",
          "Player2": "VitorCarvalho01",
          "Result": "0-2-0"
        },
        {
          "Player1": "karatedom",
          "Player2": "RPSbonjwa",
          "Result": "2-0-0"
        },
        {
          "Player1": "crK",
          "Player2": "Filly",
          "Result": "2-0-0"
        },
        {
          "Player1": "i_b_TRUE",
          "Player2": "Raydan",
          "Result": "2-0-0"
        },
        {
          "Player1": "Tsubasa_Cat",
          "Player2": "Will_Split",
          "Result": "2-0-0"
        },
        {
          "Player1": "AJV20",
          "Player2": "sixmp",
          "Result": "0-2-0"
        },
        {
          "Player1": "Aigis",
          "Player2": "xfile",
          "Result": "0-2-0"
        }
      ]
    },
    {
      "RoundName": "Round 3",
      "Matches": [
        {
          "Player1": "matttothec",
          "Player2": "monzatubarao",
          "Result": "2-0-0"
        },
        {
          "Player1": "slaxx",
          "Player2": "MagicPlayer103758",
          "Result": "0-2-0"
        },
        {
          "Player1": "i_b_TRUE",
          "Player2": "Tsubasa_Cat",
          "Result": "0-2-0"
        },
        {
          "Player1": "T1_Tinker",
          "Player2": "Ayrebus",
          "Result": "2-0-0"
        },
        {
          "Player1": "karatedom",
          "Player2": "ChessNight5030",
          "Result": "2-0-0"
        },
        {
          "Player1": "etoustar",
          "Player2": "VitorCarvalho01",
          "Result": "2-0-0"
        },
        {
          "Player1": "Aigis",
          "Player2": "RatherBplayingMTG",
          "Result": "0-2-0"
        },
        {
          "Player1": "revenantkioku",
          "Player2": "Kontendra",
          "Result": "0-0-0"
        },
        {
          "Player1": "hermanomlg",
          "Player2": "_Shikamaru_",
          "Result": "2-0-0"
        },
        {
          "Player1": "xfile",
          "Player2": "novaschin22",
          "Result": "0-2-0"
        },
        {
          "Player1": "s063",
          "Player2": "Add1ct3d",
          "Result": "0-2-0"
        },
        {
          "Player1": "LucasG1ggs",
          "Player2": "sixmp",
          "Result": "0-2-0"
        },
        {
          "Player1": "blackdecks99",
          "Player2": "choutin",
          "Result": "2-0-0"
        },
        {
          "Player1": "crK",
          "Player2": "AJV20",
          "Result": "2-0-0"
        },
        {
          "Player1": "Filly",
          "Player2": "JohnMarston",
          "Result": "2-0-0"
        },
        {
          "Player1": "MJ_23",
          "Player2": "unluckymonkey",
          "Result": "0-0-0"
        },
        {
          "Player1": "Montolio",
          "Player2": "IpseVenenaBibas",
          "Result": "0-2-0"
        },
        {
          "Player1": "_Shatun_",
          "Player2": "FranMtg",
          "Result": "0-0-0"
        },
        {
          "Player1": "ARunningHans",
          "Player2": "elvish-misclick",
          "Result": "0-2-0"
        },
        {
          "Player1": "Srogers90",
          "Player2": "Bezerra_da_Silva",
          "Result": "2-0-0"
        }
      ]
    },
    {
      "RoundName": "Round 4",
      "Matches": [
        {
          "Player1": "Kontendra",
          "Player2": "Tsubasa_Cat",
          "Result": "0-2-0"
        },
        {
          "Player1": "IpseVenenaBibas",
          "Player2": "elvish-misclick",
          "Result": "0-2-0"
        },
        {
          "Player1": "hermanomlg",
          "Player2": "sixmp",
          "Result": "2-0-0"
        },
        {
          "Player1": "revenantkioku",
          "Player2": "RatherBplayingMTG",
          "Result": "0-2-0"
        },
        {
          "Player1": "novaschin22",
          "Player2": "Srogers90",
          "Result": "2-0-0"
        },
        {
          "Player1": "Ayrebus",
          "Player2": "Bezerra_da_Silva",
          "Result": "0-0-0"
        },
        {
          "Player1": "slaxx",
          "Player2": "Add1ct3d",
          "Result": "2-0-0"
        },
        {
          "Player1": "unluckymonkey",
          "Player2": "T1_Tinker",
          "Result": "0-2-0"
        },
        {
          "Player1": "JohnMarston",
          "Player2": "monzatubarao",
          "Result": "2-0-0"
        },
        {
          "Player1": "Montolio",
          "Player2": "matttothec",
          "Result": "2-0-0"
        },
        {
          "Player1": "karatedom",
          "Player2": "xfile",
          "Result": "0-2-0"
        },
        {
          "Player1": "_Shikamaru_",
          "Player2": "blackdecks99",
          "Result": "2-0-0"
        },
        {
          "Player1": "crK",
          "Player2": "_Shatun_",
          "Result": "2-0-0"
        },
        {
          "Player1": "LucasG1ggs",
          "Player2": "etoustar",
          "Result": "0-2-0"
        },
        {
          "Player1": "i_b_TRUE",
          "Player2": "AJV20",
          "Result": "2-0-0"
        },
        {
          "Player1": "FranMtg",
          "Player2": "choutin",
          "Result": "2-0-0"
        },
        {
          "Player1": "Filly",
          "Player2": "VitorCarvalho01",
          "Result": "0-0-0"
        },
        {
          "Player1": "MagicPlayer103758",
          "Player2": "MJ_23",
          "Result": "0-2-0"
        }
      ]
    },
    {
      "RoundName": "Round 5",
      "Matches": [
        {
          "Player1": "AJV20",
          "Player2": "JohnMarston",
          "Result": "2-0-0"
        },
        {
          "Player1": "i_b_TRUE",
          "Player2": "Bezerra_da_Silva",
          "Result": "0-2-0"
        },
        {
          "Player1": "FranMtg",
          "Player2": "VitorCarvalho01",
          "Result": "2-0-0"
        },
        {
          "Player1": "Add1ct3d",
          "Player2": "elvish-misclick",
          "Result": "0-2-0"
        },
        {
          "Player1": "crK",
          "Player2": "sixmp",
          "Result": "0-2-0"
        },
        {
          "Player1": "LucasG1ggs",
          "Player2": "Srogers90",
          "Result": "2-0-0"
        },
        {
          "Player1": "revenantkioku",
          "Player2": "slaxx",
          "Result": "2-0-0"
        },
        {
          "Player1": "Montolio",
          "Player2": "_Shatun_",
          "Result": "0-2-0"
        },
        {
          "Player1": "etoustar",
          "Player2": "_Shikamaru_",
          "Result": "2-0-0"
        },
        {
          "Player1": "choutin",
          "Player2": "Ayrebus",
          "Result": "2-0-0"
        },
        {
          "Player1": "MJ_23",
          "Player2": "hermanomlg",
          "Result": "2-0-0"
        },
        {
          "Player1": "unluckymonkey",
          "Player2": "IpseVenenaBibas",
          "Result": "2-0-0"
        },
        {
          "Player1": "Tsubasa_Cat",
          "Player2": "novaschin22",
          "Result": "2-0-0"
        },
        {
          "Player1": "matttothec",
          "Player2": "ARunningHans",
          "Result": "0-2-0"
        },
        {
          "Player1": "Kontendra",
          "Player2": "Filly",
          "Result": "0-2-0"
        },
        {
          "Player1": "T1_Tinker",
          "Player2": "RatherBplayingMTG",
          "Result": "0-2-0"
        },
        {
          "Player1": "MagicPlayer103758",
          "Player2": "xfile",
          "Result": "0-2-0"
        }
      ]
    },
    {
      "RoundName": "Round 6",
      "Matches": [
        {
          "Player1": "hermanomlg",
          "Player2": "RatherBplayingMTG",
          "Result": "2-0-0"
        },
        {
          "Player1": "Add1ct3d",
          "Player2": "VitorCarvalho01",
          "Result": "2-0-0"
        },
        {
          "Player1": "JohnMarston",
          "Player2": "matttothec",
          "Result": "0-2-0"
        },
        {
          "Player1": "slaxx",
          "Player2": "unluckymonkey",
          "Result": "0-2-0"
        },
        {
          "Player1": "Filly",
          "Player2": "ARunningHans",
          "Result": "2-0-0"
        },
        {
          "Player1": "AJV20",
          "Player2": "IpseVenenaBibas",
          "Result": "0-2-0"
        },
        {
          "Player1": "LucasG1ggs",
          "Player2": "_Shikamaru_",
          "Result": "0-2-0"
        },
        {
          "Player1": "xfile",
          "Player2": "etoustar",
          "Result": "0-2-0"
        },
        {
          "Player1": "crK",
          "Player2": "T1_Tinker",
          "Result": "2-0-0"
        },
        {
          "Player1": "_Shatun_",
          "Player2": "Bezerra_da_Silva",
          "Result": "0-2-0"
        },
        {
          "Player1": "MJ_23",
          "Player2": "novaschin22",
          "Result": "2-0-0"
        },
        {
          "Player1": "revenantkioku",
          "Player2": "FranMtg",
          "Result": "0-2-0"
        },
        {
          "Player1": "MagicPlayer103758",
          "Player2": "elvish-misclick",
          "Result": "0-0-0"
        },
        {
          "Player1": "Montolio",
          "Player2": "choutin",
          "Result": "2-0-0"
        },
        {
          "Player1": "Tsubasa_Cat",
          "Player2": "sixmp",
          "Result": "0-2-0"
        }
      ]
    },
    {
      "RoundName": "Round 7",
      "Matches": [
        {
          "Player1": "MagicPlayer103758",
          "Player2": "MJ_23",
          "Result": "1-2-0"
        },
        {
          "Player1": "sixmp",
          "Player2": "_Shikamaru_",
          "Result": "2-1-0"
        },
        {
          "Player1": "etoustar",
          "Player2": "RatherBplayingMTG",
          "Result": "2-0-0"
        },
        {
          "Player1": "hermanomlg",
          "Player2": "novaschin22",
          "Result": "2-0-0"
        }
      ]
    },
    {
      "RoundName": "Round 8",
      "Matches": [
        {
          "Player1": "hermanomlg",
          "Player2": "sixmp",
          "Result": "0-0-0"
        },
        {
          "Player1": "MJ_23",
          "Player2": "etoustar",
          "Result": "0-2-0"
        }
      ]
    },
    {
      "RoundName": "Round 9",
      "Matches": [
        {
          "Player1": "hermanomlg",
          "Player2": "etoustar",
          "Result": "0-2-0"
        }
      ]
    }
  ],
  "Standings": [
    {
      "Rank": 44,
      "Player": "monzatubarao",
      "Points": 0,
      "Wins": 0,
      "Losses": 0,
      "Draws": 0,
      "OMWP": 0.3333,
      "GWP": 0.11109999999999999,
      "OGWP": 0.382
    },
    {
      "Rank": 43,
      "Player": "RPSbonjwa",
      "Points": 0,
      "Wins": 0,
      "Losses": 0,
      "Draws": 0,
      "OMWP": 0.4167,
      "GWP": 0.2,
      "OGWP": 0.44229999999999997
    },
    {
      "Rank": 42,
      "Player": "Raydan",
      "Points": 0,
      "Wins": 0,
      "Losses": 0,
      "Draws": 0,
      "OMWP": 0.45,
      "GWP": 0.2,
      "OGWP": 0.4808
    },
    {
      "Rank": 41,
      "Player": "kaikas",
      "Points": 0,
      "Wins": 0,
      "Losses": 0,
      "Draws": 0,
      "OMWP": 0.5832999999999999,
      "GWP": 0,
      "OGWP": 0.5625
    },
    {
      "Rank": 40,
      "Player": "Will_Split",
      "Points": 0,
      "Wins": 0,
      "Losses": 0,
      "Draws": 0,
      "OMWP": 0.75,
      "GWP": 0,
      "OGWP": 0.6923
    },
    {
      "Rank": 39,
      "Player": "JohnMarston",
      "Points": 3,
      "Wins": 0,
      "Losses": 0,
      "Draws": 0,
      "OMWP": 0.4167,
      "GWP": 0.3333,
      "OGWP": 0.43799999999999994
    },
    {
      "Rank": 38,
      "Player": "ChessNight5030",
      "Points": 3,
      "Wins": 0,
      "Losses": 0,
      "Draws": 0,
      "OMWP": 0.4667,
      "GWP": 0.375,
      "OGWP": 0.47619999999999996
    },
    {
      "Rank": 37,
      "Player": "Ayrebus",
      "Points": 3,
      "Wins": 0,
      "Losses": 0,
      "Draws": 0,
      "OMWP": 0.5,
      "GWP": 0.3077,
      "OGWP": 0.5343
    },
    {
      "Rank": 36,
      "Player": "Aigis",
      "Points": 3,
      "Wins": 0,
      "Losses": 0,
      "Draws": 0,
      "OMWP": 0.5778,
      "GWP": 0.375,
      "OGWP": 0.5446
    },
    {
      "Rank": 35,
      "Player": "matttothec",
      "Points": 6,
      "Wins": 0,
      "Losses": 0,
      "Draws": 0,
      "OMWP": 0.44439999999999996,
      "GWP": 0.4375,
      "OGWP": 0.452
    },
    {
      "Rank": 34,
      "Player": "i_b_TRUE",
      "Points": 6,
      "Wins": 0,
      "Losses": 0,
      "Draws": 0,
      "OMWP": 0.4667,
      "GWP": 0.46149999999999997,
      "OGWP": 0.4647
    },
    {
      "Rank": 33,
      "Player": "AJV20",
      "Points": 6,
      "Wins": 0,
      "Losses": 0,
      "Draws": 0,
      "OMWP": 0.4833,
      "GWP": 0.35710000000000003,
      "OGWP": 0.4829
    },
    {
      "Rank": 32,
      "Player": "karatedom",
      "Points": 6,
      "Wins": 0,
      "Losses": 0,
      "Draws": 0,
      "OMWP": 0.5,
      "GWP": 0.5,
      "OGWP": 0.4594
    },
    {
      "Rank": 31,
      "Player": "blackdecks99",
      "Points": 6,
      "Wins": 0,
      "Losses": 0,
      "Draws": 0,
      "OMWP": 0.5,
      "GWP": 0.5,
      "OGWP": 0.4875
    },
    {
      "Rank": 30,
      "Player": "s063",
      "Points": 6,
      "Wins": 0,
      "Losses": 0,
      "Draws": 0,
      "OMWP": 0.5,
      "GWP": 0.625,
      "OGWP": 0.48229999999999995
    },
    {
      "Rank": 29,
      "Player": "Kontendra",
      "Points": 6,
      "Wins": 0,
      "Losses": 0,
      "Draws": 0,
      "OMWP": 0.5333,
      "GWP": 0.3846,
      "OGWP": 0.5231
    },
    {
      "Rank": 28,
      "Player": "choutin",
      "Points": 6,
      "Wins": 0,
      "Losses": 0,
      "Draws": 0,
      "OMWP": 0.5556,
      "GWP": 0.4286,
      "OGWP": 0.5247999999999999
    },
    {
      "Rank": 27,
      "Player": "ARunningHans",
      "Points": 6,
      "Wins": 0,
      "Losses": 0,
      "Draws": 0,
      "OMWP": 0.5667,
      "GWP": 0.35710000000000003,
      "OGWP": 0.5376
    },
    {
      "Rank": 26,
      "Player": "Srogers90",
      "Points": 6,
      "Wins": 0,
      "Losses": 0,
      "Draws": 0,
      "OMWP": 0.5667,
      "GWP": 0.4286,
      "OGWP": 0.5436
    },
    {
      "Rank": 25,
      "Player": "VitorCarvalho01",
      "Points": 6,
      "Wins": 0,
      "Losses": 0,
      "Draws": 0,
      "OMWP": 0.5832999999999999,
      "GWP": 0.4,
      "OGWP": 0.5329
    },
    {
      "Rank": 24,
      "Player": "IpseVenenaBibas",
      "Points": 6,
      "Wins": 0,
      "Losses": 0,
      "Draws": 0,
      "OMWP": 0.5832999999999999,
      "GWP": 0.4706,
      "OGWP": 0.5334
    },
    {
      "Rank": 23,
      "Player": "Montolio",
      "Points": 9,
      "Wins": 0,
      "Losses": 0,
      "Draws": 0,
      "OMWP": 0.3889,
      "GWP": 0.5,
      "OGWP": 0.4617
    },
    {
      "Rank": 22,
      "Player": "elvish-misclick",
      "Points": 9,
      "Wins": 0,
      "Losses": 0,
      "Draws": 0,
      "OMWP": 0.44439999999999996,
      "GWP": 0.5,
      "OGWP": 0.4658
    },
    {
      "Rank": 21,
      "Player": "Filly",
      "Points": 9,
      "Wins": 0,
      "Losses": 0,
      "Draws": 0,
      "OMWP": 0.44439999999999996,
      "GWP": 0.5625,
      "OGWP": 0.4341
    },
    {
      "Rank": 20,
      "Player": "Add1ct3d",
      "Points": 9,
      "Wins": 0,
      "Losses": 0,
      "Draws": 0,
      "OMWP": 0.5,
      "GWP": 0.4706,
      "OGWP": 0.5326
    },
    {
      "Rank": 19,
      "Player": "_Shatun_",
      "Points": 9,
      "Wins": 0,
      "Losses": 0,
      "Draws": 0,
      "OMWP": 0.5278,
      "GWP": 0.6,
      "OGWP": 0.5072
    },
    {
      "Rank": 18,
      "Player": "revenantkioku",
      "Points": 9,
      "Wins": 0,
      "Losses": 0,
      "Draws": 0,
      "OMWP": 0.5556,
      "GWP": 0.4375,
      "OGWP": 0.5439
    },
    {
      "Rank": 17,
      "Player": "T1_Tinker",
      "Points": 9,
      "Wins": 0,
      "Losses": 0,
      "Draws": 0,
      "OMWP": 0.5556,
      "GWP": 0.5,
      "OGWP": 0.5058
    },
    {
      "Rank": 16,
      "Player": "slaxx",
      "Points": 9,
      "Wins": 0,
      "Losses": 0,
      "Draws": 0,
      "OMWP": 0.5832999999999999,
      "GWP": 0.5333,
      "OGWP": 0.551
    },
    {
      "Rank": 15,
      "Player": "LucasG1ggs",
      "Points": 9,
      "Wins": 0,
      "Losses": 0,
      "Draws": 0,
      "OMWP": 0.5943999999999999,
      "GWP": 0.5,
      "OGWP": 0.5366
    },
    {
      "Rank": 14,
      "Player": "Bezerra_da_Silva",
      "Points": 12,
      "Wins": 0,
      "Losses": 0,
      "Draws": 0,
      "OMWP": 0.4111,
      "GWP": 0.6429,
      "OGWP": 0.4595
    },
    {
      "Rank": 13,
      "Player": "Tsubasa_Cat",
      "Points": 12,
      "Wins": 0,
      "Losses": 0,
      "Draws": 0,
      "OMWP": 0.4833,
      "GWP": 0.6154,
      "OGWP": 0.4962
    },
    {
      "Rank": 12,
      "Player": "FranMtg",
      "Points": 12,
      "Wins": 0,
      "Losses": 0,
      "Draws": 0,
      "OMWP": 0.5,
      "GWP": 0.6,
      "OGWP": 0.4882
    },
    {
      "Rank": 11,
      "Player": "unluckymonkey",
      "Points": 12,
      "Wins": 0,
      "Losses": 0,
      "Draws": 0,
      "OMWP": 0.5278,
      "GWP": 0.6667000000000001,
      "OGWP": 0.5108
    },
    {
      "Rank": 10,
      "Player": "xfile",
      "Points": 12,
      "Wins": 0,
      "Losses": 0,
      "Draws": 0,
      "OMWP": 0.5832999999999999,
      "GWP": 0.5294,
      "OGWP": 0.5252
    },
    {
      "Rank": 9,
      "Player": "crK",
      "Points": 12,
      "Wins": 0,
      "Losses": 0,
      "Draws": 0,
      "OMWP": 0.5832999999999999,
      "GWP": 0.5294,
      "OGWP": 0.593
    },
    {
      "Rank": 8,
      "Player": "MagicPlayer103758",
      "Points": 12,
      "Wins": 0,
      "Losses": 0,
      "Draws": 0,
      "OMWP": 0.5832999999999999,
      "GWP": 0.5882000000000001,
      "OGWP": 0.5344
    },
    {
      "Rank": 7,
      "Player": "novaschin22",
      "Points": 12,
      "Wins": 0,
      "Losses": 0,
      "Draws": 0,
      "OMWP": 0.5943999999999999,
      "GWP": 0.6,
      "OGWP": 0.5346
    },
    {
      "Rank": 6,
      "Player": "_Shikamaru_",
      "Points": 12,
      "Wins": 0,
      "Losses": 0,
      "Draws": 0,
      "OMWP": 0.5943999999999999,
      "GWP": 0.6,
      "OGWP": 0.5581
    },
    {
      "Rank": 5,
      "Player": "RatherBplayingMTG",
      "Points": 12,
      "Wins": 0,
      "Losses": 0,
      "Draws": 0,
      "OMWP": 0.6111,
      "GWP": 0.6429,
      "OGWP": 0.5492
    },
    {
      "Rank": 4,
      "Player": "sixmp",
      "Points": 18,
      "Wins": 0,
      "Losses": 0,
      "Draws": 0,
      "OMWP": 0.5556,
      "GWP": 0.7692,
      "OGWP": 0.5174
    },
    {
      "Rank": 3,
      "Player": "MJ_23",
      "Points": 21,
      "Wins": 0,
      "Losses": 0,
      "Draws": 0,
      "OMWP": 0.6389,
      "GWP": 0.7059000000000001,
      "OGWP": 0.6158
    },
    {
      "Rank": 2,
      "Player": "hermanomlg",
      "Points": 21,
      "Wins": 0,
      "Losses": 0,
      "Draws": 0,
      "OMWP": 0.7222,
      "GWP": 0.7692,
      "OGWP": 0.6141
    },
    {
      "Rank": 1,
      "Player": "etoustar",
      "Points": 24,
      "Wins": 0,
      "Losses": 0,
      "Draws": 0,
      "OMWP": 0.5278,
      "GWP": 0.5882000000000001,
      "OGWP": 0.5049
    }
  ]
}