{
  "Tournament": {
    "Id": 12800048,
    "Date": "2025-07-02T15:00:00",
    "Name": "Duel Commander Trial 16",
    "Uri": null,
    "JsonFile": null,
    "ForceRedownload": false
  },
  "Decks": null,
  "Rounds": [
    {
      "RoundName": "Round 1",
      "Matches": [
        {
          "Player1": "Gonito",
          "Player2": "Selfeisek",
          "Result": "2-0-0"
        },
        {
          "Player1": "fj_rodman",
          "Player2": "AdrienL",
          "Result": "0-2-0"
        },
        {
          "Player1": "ZacharyHaleComstock",
          "Player2": "Awayuki57",
          "Result": "2-0-0"
        },
        {
          "Player1": "albertoSD",
          "Player2": "pickled6",
          "Result": "2-0-0"
        },
        {
          "Player1": "pirol94",
          "Player2": "IceburgFun",
          "Result": "0-2-0"
        },
        {
          "Player1": "grumgrum",
          "Player2": "wcl",
          "Result": "2-0-0"
        },
        {
          "Player1": "Boumbo76",
          "Player2": "Monticles",
          "Result": "0-2-0"
        },
        {
          "Player1": "stalonge",
          "Player2": "Rod_Chill",
          "Result": "0-0-0"
        },
        {
          "Player1": "yriel",
          "Player2": "LeoIZAIAS",
          "Result": "2-0-0"
        },
        {
          "Player1": "Ivan_Draw_Go",
          "Player2": "Garganelli",
          "Result": "0-0-0"
        },
        {
          "Player1": "medvedev",
          "Player2": "hyyy1",
          "Result": "0-2-0"
        },
        {
          "Player1": "GuiBonella",
          "Player2": "PNascimento",
          "Result": "0-2-0"
        }
      ]
    },
    {
      "RoundName": "Round 2",
      "Matches": [
        {
          "Player1": "AdrienL",
          "Player2": "Rod_Chill",
          "Result": "2-0-0"
        },
        {
          "Player1": "medvedev",
          "Player2": "Ivan_Draw_Go",
          "Result": "0-2-0"
        },
        {
          "Player1": "yriel",
          "Player2": "IceburgFun",
          "Result": "0-2-0"
        },
        {
          "Player1": "Beicodegeia",
          "Player2": "Gonito",
          "Result": "0-2-0"
        },
        {
          "Player1": "ZacharyHaleComstock",
          "Player2": "PNascimento",
          "Result": "2-0-0"
        },
        {
          "Player1": "wcl",
          "Player2": "Awayuki57",
          "Result": "0-0-0"
        },
        {
          "Player1": "albertoSD",
          "Player2": "hyyy1",
          "Result": "2-0-0"
        },
        {
          "Player1": "Boumbo76",
          "Player2": "Garganelli",
          "Result": "0-0-0"
        },
        {
          "Player1": "fj_rodman",
          "Player2": "pickled6",
          "Result": "0-2-0"
        },
        {
          "Player1": "pirol94",
          "Player2": "LeoIZAIAS",
          "Result": "2-0-0"
        },
        {
          "Player1": "stalonge",
          "Player2": "GuiBonella",
          "Result": "2-0-0"
        },
        {
          "Player1": "grumgrum",
          "Player2": "Monticles",
          "Result": "2-0-0"
        }
      ]
    },
    {
      "RoundName": "Round 3",
      "Matches": [
        {
          "Player1": "yriel",
          "Player2": "pickled6",
          "Result": "2-0-0"
        },
        {
          "Player1": "pirol94",
          "Player2": "hyyy1",
          "Result": "0-2-0"
        },
        {
          "Player1": "Monticles",
          "Player2": "Awayuki57",
          "Result": "0-0-0"
        },
        {
          "Player1": "Boumbo76",
          "Player2": "PNascimento",
          "Result": "0-2-0"
        },
        {
          "Player1": "Ivan_Draw_Go",
          "Player2": "Rod_Chill",
          "Result": "0-0-0"
        },
        {
          "Player1": "Selfeisek",
          "Player2": "Beicodegeia",
          "Result": "2-0-0"
        },
        {
          "Player1": "ZacharyHaleComstock",
          "Player2": "Gonito",
          "Result": "2-0-0"
        },
        {
          "Player1": "LeoIZAIAS",
          "Player2": "wcl",
          "Result": "0-2-0"
        },
        {
          "Player1": "AdrienL",
          "Player2": "IceburgFun",
          "Result": "0-2-0"
        },
        {
          "Player1": "albertoSD",
          "Player2": "grumgrum",
          "Result": "0-0-0"
        },
        {
          "Player1": "stalonge",
          "Player2": "Garganelli",
          "Result": "2-0-0"
        }
      ]
    },
    {
      "RoundName": "Round 4",
      "Matches": [
        {
          "Player1": "Rod_Chill",
          "Player2": "Awayuki57",
          "Result": "0-2-0"
        },
        {
          "Player1": "albertoSD",
          "Player2": "Selfeisek",
          "Result": "2-0-0"
        },
        {
          "Player1": "pickled6",
          "Player2": "wcl",
          "Result": "2-0-0"
        },
        {
          "Player1": "Boumbo76",
          "Player2": "medvedev",
          "Result": "0-2-0"
        },
        {
          "Player1": "grumgrum",
          "Player2": "PNascimento",
          "Result": "0-2-0"
        },
        {
          "Player1": "Garganelli",
          "Player2": "LeoIZAIAS",
          "Result": "2-0-0"
        },
        {
          "Player1": "ZacharyHaleComstock",
          "Player2": "IceburgFun",
          "Result": "2-0-0"
        },
        {
          "Player1": "Gonito",
          "Player2": "hyyy1",
          "Result": "0-2-0"
        },
        {
          "Player1": "Beicodegeia",
          "Player2": "Ivan_Draw_Go",
          "Result": "0-2-0"
        },
        {
          "Player1": "stalonge",
          "Player2": "AdrienL",
          "Result": "0-2-0"
        },
        {
          "Player1": "yriel",
          "Player2": "Monticles",
          "Result": "2-1-0"
        }
      ]
    },
    {
      "RoundName": "Round 5",
      "Matches": [
        {
          "Player1": "Ivan_Draw_Go",
          "Player2": "IceburgFun",
          "Result": "0-2-0"
        },
        {
          "Player1": "pickled6",
          "Player2": "Boumbo76",
          "Result": "2-0-0"
        },
        {
          "Player1": "medvedev",
          "Player2": "Awayuki57",
          "Result": "0-2-0"
        },
        {
          "Player1": "Beicodegeia",
          "Player2": "wcl",
          "Result": "2-0-0"
        },
        {
          "Player1": "Selfeisek",
          "Player2": "Monticles",
          "Result": "0-2-0"
        },
        {
          "Player1": "grumgrum",
          "Player2": "Garganelli",
          "Result": "2-0-0"
        },
        {
          "Player1": "albertoSD",
          "Player2": "PNascimento",
          "Result": "0-0-0"
        },
        {
          "Player1": "yriel",
          "Player2": "hyyy1",
          "Result": "0-0-0"
        },
        {
          "Player1": "stalonge",
          "Player2": "Gonito",
          "Result": "0-2-0"
        },
        {
          "Player1": "ZacharyHaleComstock",
          "Player2": "AdrienL",
          "Result": "0-0-0"
        }
      ]
    },
    {
      "RoundName": "Round 6",
      "Matches": [
        {
          "Player1": "ZacharyHaleComstock",
          "Player2": "AdrienL",
          "Result": "2-0-0"
        },
        {
          "Player1": "yriel",
          "Player2": "grumgrum",
          "Result": "0-2-0"
        },
        {
          "Player1": "albertoSD",
          "Player2": "PNascimento",
          "Result": "2-0-0"
        },
        {
          "Player1": "IceburgFun",
          "Player2": "Monticles",
          "Result": "2-0-0"
        }
      ]
    },
    {
      "RoundName": "Round 7",
      "Matches": [
        {
          "Player1": "albertoSD",
          "Player2": "IceburgFun",
          "Result": "2-0-0"
        },
        {
          "Player1": "ZacharyHaleComstock",
          "Player2": "grumgrum",
          "Result": "2-0-0"
        }
      ]
    },
    {
      "RoundName": "Round 8",
      "Matches": [
        {
          "Player1": "albertoSD",
          "Player2": "ZacharyHaleComstock",
          "Result": "0-2-0"
        }
      ]
    }
  ],
  "Standings": [
    {
      "Rank": 25,
      "Player": "LeoIZAIAS",
      "Points": 0,
      "Wins": 0,
      "Losses": 0,
      "Draws": 0,
      "OMWP": 0.4667,
      "GWP": 0.2727,
      "OGWP": 0.47619999999999996
    },
    {
      "Rank": 24,
      "Player": "GuiBonella",
      "Points": 0,
      "Wins": 0,
      "Losses": 0,
      "Draws": 0,
      "OMWP": 0.6,
      "GWP": 0.3333,
      "OGWP": 0.5
    },
    {
      "Rank": 23,
      "Player": "fj_rodman",
      "Points": 0,
      "Wins": 0,
      "Losses": 0,
      "Draws": 0,
      "OMWP": 0.6,
      "GWP": 0.3333,
      "OGWP": 0.5359
    },
    {
      "Rank": 22,
      "Player": "wcl",
      "Points": 3,
      "Wins": 0,
      "Losses": 0,
      "Draws": 0,
      "OMWP": 0.5467,
      "GWP": 0.3077,
      "OGWP": 0.49
    },
    {
      "Rank": 21,
      "Player": "Boumbo76",
      "Points": 3,
      "Wins": 0,
      "Losses": 0,
      "Draws": 0,
      "OMWP": 0.56,
      "GWP": 0.35710000000000003,
      "OGWP": 0.5362
    },
    {
      "Rank": 20,
      "Player": "pirol94",
      "Points": 3,
      "Wins": 0,
      "Losses": 0,
      "Draws": 0,
      "OMWP": 0.5778,
      "GWP": 0.5,
      "OGWP": 0.4829
    },
    {
      "Rank": 19,
      "Player": "stalonge",
      "Points": 6,
      "Wins": 0,
      "Losses": 0,
      "Draws": 0,
      "OMWP": 0.4667,
      "GWP": 0.3846,
      "OGWP": 0.4796
    },
    {
      "Rank": 18,
      "Player": "Beicodegeia",
      "Points": 6,
      "Wins": 0,
      "Losses": 0,
      "Draws": 0,
      "OMWP": 0.4833,
      "GWP": 0.4167,
      "OGWP": 0.47619999999999996
    },
    {
      "Rank": 17,
      "Player": "Garganelli",
      "Points": 6,
      "Wins": 0,
      "Losses": 0,
      "Draws": 0,
      "OMWP": 0.49329999999999996,
      "GWP": 0.5,
      "OGWP": 0.465
    },
    {
      "Rank": 16,
      "Player": "medvedev",
      "Points": 6,
      "Wins": 0,
      "Losses": 0,
      "Draws": 0,
      "OMWP": 0.5333,
      "GWP": 0.4167,
      "OGWP": 0.4851
    },
    {
      "Rank": 15,
      "Player": "Selfeisek",
      "Points": 6,
      "Wins": 0,
      "Losses": 0,
      "Draws": 0,
      "OMWP": 0.55,
      "GWP": 0.4167,
      "OGWP": 0.5467
    },
    {
      "Rank": 14,
      "Player": "Rod_Chill",
      "Points": 6,
      "Wins": 0,
      "Losses": 0,
      "Draws": 0,
      "OMWP": 0.55,
      "GWP": 0.4545,
      "OGWP": 0.5015999999999999
    },
    {
      "Rank": 13,
      "Player": "pickled6",
      "Points": 9,
      "Wins": 0,
      "Losses": 0,
      "Draws": 0,
      "OMWP": 0.48,
      "GWP": 0.5333,
      "OGWP": 0.4357
    },
    {
      "Rank": 12,
      "Player": "Ivan_Draw_Go",
      "Points": 9,
      "Wins": 0,
      "Losses": 0,
      "Draws": 0,
      "OMWP": 0.48,
      "GWP": 0.5832999999999999,
      "OGWP": 0.4807
    },
    {
      "Rank": 11,
      "Player": "hyyy1",
      "Points": 9,
      "Wins": 0,
      "Losses": 0,
      "Draws": 0,
      "OMWP": 0.5467,
      "GWP": 0.5,
      "OGWP": 0.5286
    },
    {
      "Rank": 10,
      "Player": "Awayuki57",
      "Points": 9,
      "Wins": 0,
      "Losses": 0,
      "Draws": 0,
      "OMWP": 0.5467,
      "GWP": 0.5,
      "OGWP": 0.5458
    },
    {
      "Rank": 9,
      "Player": "Gonito",
      "Points": 9,
      "Wins": 0,
      "Losses": 0,
      "Draws": 0,
      "OMWP": 0.56,
      "GWP": 0.5714,
      "OGWP": 0.5254
    },
    {
      "Rank": 8,
      "Player": "AdrienL",
      "Points": 9,
      "Wins": 0,
      "Losses": 0,
      "Draws": 0,
      "OMWP": 0.5867,
      "GWP": 0.5385,
      "OGWP": 0.5394
    },
    {
      "Rank": 7,
      "Player": "Monticles",
      "Points": 9,
      "Wins": 0,
      "Losses": 0,
      "Draws": 0,
      "OMWP": 0.5867,
      "GWP": 0.6154,
      "OGWP": 0.5024000000000001
    },
    {
      "Rank": 6,
      "Player": "yriel",
      "Points": 12,
      "Wins": 0,
      "Losses": 0,
      "Draws": 0,
      "OMWP": 0.5867,
      "GWP": 0.5714,
      "OGWP": 0.5195000000000001
    },
    {
      "Rank": 5,
      "Player": "PNascimento",
      "Points": 12,
      "Wins": 0,
      "Losses": 0,
      "Draws": 0,
      "OMWP": 0.6133,
      "GWP": 0.6154,
      "OGWP": 0.5699000000000001
    },
    {
      "Rank": 4,
      "Player": "grumgrum",
      "Points": 15,
      "Wins": 0,
      "Losses": 0,
      "Draws": 0,
      "OMWP": 0.5467,
      "GWP": 0.6667000000000001,
      "OGWP": 0.5295000000000001
    },
    {
      "Rank": 3,
      "Player": "IceburgFun",
      "Points": 15,
      "Wins": 0,
      "Losses": 0,
      "Draws": 0,
      "OMWP": 0.6667000000000001,
      "GWP": 0.6154,
      "OGWP": 0.6204999999999999
    },
    {
      "Rank": 2,
      "Player": "albertoSD",
      "Points": 15,
      "Wins": 0,
      "Losses": 0,
      "Draws": 0,
      "OMWP": 0.64,
      "GWP": 0.5832999999999999,
      "OGWP": 0.5464
    },
    {
      "Rank": 1,
      "Player": "ZacharyHaleComstock",
      "Points": 24,
      "Wins": 0,
      "Losses": 0,
      "Draws": 0,
      "OMWP": 0.68,
      "GWP": 0.9091,
      "OGWP": 0.5681
    }
  ]
}