{
  "Tournament": {
    "Id": 12800040,
    "Date": "2025-07-02T00:00:00",
    "Name": "Duel Commander Trial 16",
    "Uri": null,
    "JsonFile": null,
    "ForceRedownload": false
  },
  "Decks": null,
  "Rounds": [
    {
      "RoundName": "Round 1",
      "Matches": [
        {
          "Player1": "xfile",
          "Player2": "glyra",
          "Result": "0-2-0"
        },
        {
          "Player1": "pokerswizard",
          "Player2": "Oror",
          "Result": "2-0-0"
        },
        {
          "Player1": "Killah_SUV",
          "Player2": "DarkBone",
          "Result": "0-2-0"
        },
        {
          "Player1": "MatheusPonciano",
          "Player2": "LasVegasChaos",
          "Result": "0-2-0"
        },
        {
          "Player1": "RPSbonjwa",
          "Player2": "Scooby_Snacks",
          "Result": "2-0-0"
        },
        {
          "Player1": "i_b_TRUE",
          "Player2": "wcl",
          "Result": "0-2-0"
        },
        {
          "Player1": "boytriton",
          "Player2": "billsive",
          "Result": "0-2-0"
        },
        {
          "Player1": "HellsNarwhal",
          "Player2": "albertoSD",
          "Result": "2-0-0"
        },
        {
          "Player1": "kasa",
          "Player2": "GuiBonella",
          "Result": "2-0-0"
        },
        {
          "Player1": "ZacharyHaleComstock",
          "Player2": "Lawi",
          "Result": "2-0-0"
        },
        {
          "Player1": "pirol94",
          "Player2": "MikeMarmitas",
          "Result": "0-2-0"
        },
        {
          "Player1": "msskinbolic",
          "Player2": "Beicodegeia",
          "Result": "0-2-0"
        }
      ]
    },
    {
      "RoundName": "Round 2",
      "Matches": [
        {
          "Player1": "Killah_SUV",
          "Player2": "Oror",
          "Result": "2-0-0"
        },
        {
          "Player1": "MatheusPonciano",
          "Player2": "Lawi",
          "Result": "2-0-0"
        },
        {
          "Player1": "ZacharyHaleComstock",
          "Player2": "glyra",
          "Result": "2-0-0"
        },
        {
          "Player1": "msskinbolic",
          "Player2": "xfile",
          "Result": "0-2-0"
        },
        {
          "Player1": "pokerswizard",
          "Player2": "wcl",
          "Result": "2-0-0"
        },
        {
          "Player1": "HellsNarwhal",
          "Player2": "RPSbonjwa",
          "Result": "2-0-0"
        },
        {
          "Player1": "i_b_TRUE",
          "Player2": "GuiBonella",
          "Result": "2-0-0"
        },
        {
          "Player1": "boytriton",
          "Player2": "pirol94",
          "Result": "0-0-0"
        },
        {
          "Player1": "billsive",
          "Player2": "MikeMarmitas",
          "Result": "0-2-0"
        },
        {
          "Player1": "kasa",
          "Player2": "LasVegasChaos",
          "Result": "2-0-0"
        },
        {
          "Player1": "Beicodegeia",
          "Player2": "DarkBone",
          "Result": "2-0-0"
        }
      ]
    },
    {
      "RoundName": "Round 3",
      "Matches": [
        {
          "Player1": "pirol94",
          "Player2": "RPSbonjwa",
          "Result": "2-0-0"
        },
        {
          "Player1": "MatheusPonciano",
          "Player2": "wcl",
          "Result": "2-0-0"
        },
        {
          "Player1": "xfile",
          "Player2": "DarkBone",
          "Result": "2-0-0"
        },
        {
          "Player1": "msskinbolic",
          "Player2": "Oror",
          "Result": "0-2-0"
        },
        {
          "Player1": "LasVegasChaos",
          "Player2": "Scooby_Snacks",
          "Result": "2-0-0"
        },
        {
          "Player1": "boytriton",
          "Player2": "Lawi",
          "Result": "2-0-0"
        },
        {
          "Player1": "pokerswizard",
          "Player2": "HellsNarwhal",
          "Result": "0-2-0"
        },
        {
          "Player1": "kasa",
          "Player2": "MikeMarmitas",
          "Result": "2-0-0"
        },
        {
          "Player1": "i_b_TRUE",
          "Player2": "billsive",
          "Result": "0-2-0"
        },
        {
          "Player1": "glyra",
          "Player2": "Killah_SUV",
          "Result": "2-0-0"
        },
        {
          "Player1": "ZacharyHaleComstock",
          "Player2": "Beicodegeia",
          "Result": "0-2-0"
        }
      ]
    },
    {
      "RoundName": "Round 4",
      "Matches": [
        {
          "Player1": "MatheusPonciano",
          "Player2": "glyra",
          "Result": "0-2-0"
        },
        {
          "Player1": "kasa",
          "Player2": "Beicodegeia",
          "Result": "0-2-0"
        },
        {
          "Player1": "Scooby_Snacks",
          "Player2": "boytriton",
          "Result": "0-2-0"
        },
        {
          "Player1": "HellsNarwhal",
          "Player2": "MikeMarmitas",
          "Result": "2-0-0"
        },
        {
          "Player1": "Oror",
          "Player2": "RPSbonjwa",
          "Result": "0-2-0"
        },
        {
          "Player1": "pokerswizard",
          "Player2": "LasVegasChaos",
          "Result": "2-0-0"
        },
        {
          "Player1": "pirol94",
          "Player2": "xfile",
          "Result": "2-0-0"
        },
        {
          "Player1": "ZacharyHaleComstock",
          "Player2": "billsive",
          "Result": "2-0-0"
        },
        {
          "Player1": "DarkBone",
          "Player2": "wcl",
          "Result": "0-0-0"
        }
      ]
    },
    {
      "RoundName": "Round 5",
      "Matches": [
        {
          "Player1": "xfile",
          "Player2": "Oror",
          "Result": "2-0-0"
        },
        {
          "Player1": "Scooby_Snacks",
          "Player2": "Lawi",
          "Result": "2-0-0"
        },
        {
          "Player1": "pirol94",
          "Player2": "glyra",
          "Result": "0-0-0"
        },
        {
          "Player1": "HellsNarwhal",
          "Player2": "Beicodegeia",
          "Result": "0-2-0"
        },
        {
          "Player1": "billsive",
          "Player2": "DarkBone",
          "Result": "0-2-0"
        },
        {
          "Player1": "ZacharyHaleComstock",
          "Player2": "RPSbonjwa",
          "Result": "0-2-0"
        },
        {
          "Player1": "LasVegasChaos",
          "Player2": "boytriton",
          "Result": "2-0-0"
        },
        {
          "Player1": "pokerswizard",
          "Player2": "kasa",
          "Result": "0-2-0"
        },
        {
          "Player1": "MatheusPonciano",
          "Player2": "MikeMarmitas",
          "Result": "0-2-0"
        }
      ]
    },
    {
      "RoundName": "Round 6",
      "Matches": [
        {
          "Player1": "ZacharyHaleComstock",
          "Player2": "glyra",
          "Result": "0-2-0"
        },
        {
          "Player1": "kasa",
          "Player2": "MikeMarmitas",
          "Result": "2-0-0"
        },
        {
          "Player1": "HellsNarwhal",
          "Player2": "pirol94",
          "Result": "2-0-0"
        },
        {
          "Player1": "pokerswizard",
          "Player2": "Beicodegeia",
          "Result": "0-2-0"
        }
      ]
    },
    {
      "RoundName": "Round 7",
      "Matches": [
        {
          "Player1": "HellsNarwhal",
          "Player2": "kasa",
          "Result": "0-0-0"
        },
        {
          "Player1": "Beicodegeia",
          "Player2": "glyra",
          "Result": "2-0-0"
        }
      ]
    },
    {
      "RoundName": "Round 8",
      "Matches": [
        {
          "Player1": "HellsNarwhal",
          "Player2": "Beicodegeia",
          "Result": "2-0-0"
        }
      ]
    }
  ],
  "Standings": [
    {
      "Rank": 24,
      "Player": "GuiBonella",
      "Points": 0,
      "Wins": 0,
      "Losses": 0,
      "Draws": 0,
      "OMWP": 0.5667,
      "GWP": 0.2,
      "OGWP": 0.5684
    },
    {
      "Rank": 23,
      "Player": "msskinbolic",
      "Points": 0,
      "Wins": 0,
      "Losses": 0,
      "Draws": 0,
      "OMWP": 0.6444,
      "GWP": 0.3333,
      "OGWP": 0.547
    },
    {
      "Rank": 22,
      "Player": "albertoSD",
      "Points": 0,
      "Wins": 0,
      "Losses": 0,
      "Draws": 0,
      "OMWP": 0.8,
      "GWP": 0.3333,
      "OGWP": 0.6923
    },
    {
      "Rank": 21,
      "Player": "i_b_TRUE",
      "Points": 3,
      "Wins": 0,
      "Losses": 0,
      "Draws": 0,
      "OMWP": 0.3778,
      "GWP": 0.44439999999999996,
      "OGWP": 0.3605
    },
    {
      "Rank": 20,
      "Player": "Lawi",
      "Points": 3,
      "Wins": 0,
      "Losses": 0,
      "Draws": 0,
      "OMWP": 0.45,
      "GWP": 0.2,
      "OGWP": 0.4832
    },
    {
      "Rank": 19,
      "Player": "Oror",
      "Points": 3,
      "Wins": 0,
      "Losses": 0,
      "Draws": 0,
      "OMWP": 0.49329999999999996,
      "GWP": 0.25,
      "OGWP": 0.503
    },
    {
      "Rank": 18,
      "Player": "Killah_SUV",
      "Points": 3,
      "Wins": 0,
      "Losses": 0,
      "Draws": 0,
      "OMWP": 0.5778,
      "GWP": 0.44439999999999996,
      "OGWP": 0.5329999999999999
    },
    {
      "Rank": 17,
      "Player": "boytriton",
      "Points": 6,
      "Wins": 0,
      "Losses": 0,
      "Draws": 0,
      "OMWP": 0.4667,
      "GWP": 0.4167,
      "OGWP": 0.4436
    },
    {
      "Rank": 16,
      "Player": "wcl",
      "Points": 6,
      "Wins": 0,
      "Losses": 0,
      "Draws": 0,
      "OMWP": 0.4833,
      "GWP": 0.3636,
      "OGWP": 0.5132
    },
    {
      "Rank": 15,
      "Player": "Scooby_Snacks",
      "Points": 6,
      "Wins": 0,
      "Losses": 0,
      "Draws": 0,
      "OMWP": 0.4833,
      "GWP": 0.46149999999999997,
      "OGWP": 0.4679
    },
    {
      "Rank": 14,
      "Player": "billsive",
      "Points": 6,
      "Wins": 0,
      "Losses": 0,
      "Draws": 0,
      "OMWP": 0.5067,
      "GWP": 0.3846,
      "OGWP": 0.5199
    },
    {
      "Rank": 13,
      "Player": "MatheusPonciano",
      "Points": 6,
      "Wins": 0,
      "Losses": 0,
      "Draws": 0,
      "OMWP": 0.5467,
      "GWP": 0.4545,
      "OGWP": 0.5125
    },
    {
      "Rank": 12,
      "Player": "LasVegasChaos",
      "Points": 9,
      "Wins": 0,
      "Losses": 0,
      "Draws": 0,
      "OMWP": 0.52,
      "GWP": 0.5385,
      "OGWP": 0.5281
    },
    {
      "Rank": 11,
      "Player": "xfile",
      "Points": 9,
      "Wins": 0,
      "Losses": 0,
      "Draws": 0,
      "OMWP": 0.5333,
      "GWP": 0.5385,
      "OGWP": 0.4865
    },
    {
      "Rank": 10,
      "Player": "DarkBone",
      "Points": 9,
      "Wins": 0,
      "Losses": 0,
      "Draws": 0,
      "OMWP": 0.5467,
      "GWP": 0.5385,
      "OGWP": 0.5001
    },
    {
      "Rank": 9,
      "Player": "RPSbonjwa",
      "Points": 9,
      "Wins": 0,
      "Losses": 0,
      "Draws": 0,
      "OMWP": 0.5467,
      "GWP": 0.5832999999999999,
      "OGWP": 0.5174
    },
    {
      "Rank": 8,
      "Player": "pokerswizard",
      "Points": 9,
      "Wins": 0,
      "Losses": 0,
      "Draws": 0,
      "OMWP": 0.5867,
      "GWP": 0.6154,
      "OGWP": 0.524
    },
    {
      "Rank": 7,
      "Player": "pirol94",
      "Points": 9,
      "Wins": 0,
      "Losses": 0,
      "Draws": 0,
      "OMWP": 0.6,
      "GWP": 0.5,
      "OGWP": 0.5731
    },
    {
      "Rank": 6,
      "Player": "MikeMarmitas",
      "Points": 9,
      "Wins": 0,
      "Losses": 0,
      "Draws": 0,
      "OMWP": 0.6,
      "GWP": 0.6,
      "OGWP": 0.5448
    },
    {
      "Rank": 5,
      "Player": "ZacharyHaleComstock",
      "Points": 9,
      "Wins": 0,
      "Losses": 0,
      "Draws": 0,
      "OMWP": 0.6267,
      "GWP": 0.6,
      "OGWP": 0.5596
    },
    {
      "Rank": 4,
      "Player": "glyra",
      "Points": 15,
      "Wins": 0,
      "Losses": 0,
      "Draws": 0,
      "OMWP": 0.5067,
      "GWP": 0.7273000000000001,
      "OGWP": 0.5075
    },
    {
      "Rank": 3,
      "Player": "kasa",
      "Points": 15,
      "Wins": 0,
      "Losses": 0,
      "Draws": 0,
      "OMWP": 0.6267,
      "GWP": 0.6923,
      "OGWP": 0.5713
    },
    {
      "Rank": 2,
      "Player": "Beicodegeia",
      "Points": 21,
      "Wins": 0,
      "Losses": 0,
      "Draws": 0,
      "OMWP": 0.6267,
      "GWP": 0.7692,
      "OGWP": 0.5713
    },
    {
      "Rank": 1,
      "Player": "HellsNarwhal",
      "Points": 21,
      "Wins": 0,
      "Losses": 0,
      "Draws": 0,
      "OMWP": 0.6267,
      "GWP": 0.6923,
      "OGWP": 0.5803
    }
  ]
}