{
  "Tournament": {
    "Id": 12800049,
    "Date": "2025-07-02T16:00:00",
    "Name": "Limited Preliminary",
    "Uri": null,
    "JsonFile": null,
    "ForceRedownload": false
  },
  "Decks": null,
  "Rounds": [
    {
      "RoundName": "Round 1",
      "Matches": [
        {
          "Player1": "mei0024",
          "Player2": "Off1ine__",
          "Result": "2-0-0"
        },
        {
          "Player1": "DarkestMage",
          "Player2": "SanPop",
          "Result": "0-0-0"
        },
        {
          "Player1": "imthekiing",
          "Player2": "CharlesWang",
          "Result": "2-0-0"
        },
        {
          "Player1": "eresopacaso",
          "Player2": "rerere",
          "Result": "0-2-0"
        },
        {
          "Player1": "jev_",
          "Player2": "KillerKlown667",
          "Result": "2-0-0"
        },
        {
          "Player1": "Terribad",
          "Player2": "Soseloso",
          "Result": "2-0-0"
        }
      ]
    },
    {
      "RoundName": "Round 2",
      "Matches": [
        {
          "Player1": "DarkestMage",
          "Player2": "CharlesWang",
          "Result": "2-0-0"
        },
        {
          "Player1": "Soseloso",
          "Player2": "KillerKlown667",
          "Result": "2-0-0"
        },
        {
          "Player1": "Terribad",
          "Player2": "rerere",
          "Result": "0-2-0"
        },
        {
          "Player1": "mei0024",
          "Player2": "Fatter_CHOCOBO",
          "Result": "0-2-0"
        },
        {
          "Player1": "imthekiing",
          "Player2": "jev_",
          "Result": "2-0-0"
        },
        {
          "Player1": "eresopacaso",
          "Player2": "Off1ine__",
          "Result": "0-2-0"
        }
      ]
    },
    {
      "RoundName": "Round 3",
      "Matches": [
        {
          "Player1": "Terribad",
          "Player2": "mei0024",
          "Result": "0-2-0"
        },
        {
          "Player1": "DarkestMage",
          "Player2": "imthekiing",
          "Result": "2-0-0"
        },
        {
          "Player1": "SanPop",
          "Player2": "jev_",
          "Result": "0-2-0"
        },
        {
          "Player1": "CharlesWang",
          "Player2": "eresopacaso",
          "Result": "0-2-0"
        },
        {
          "Player1": "Off1ine__",
          "Player2": "Soseloso",
          "Result": "0-2-0"
        },
        {
          "Player1": "rerere",
          "Player2": "Fatter_CHOCOBO",
          "Result": "0-2-0"
        }
      ]
    },
    {
      "RoundName": "Round 4",
      "Matches": [
        {
          "Player1": "eresopacaso",
          "Player2": "jev_",
          "Result": "2-1-0"
        },
        {
          "Player1": "rerere",
          "Player2": "Soseloso",
          "Result": "2-0-0"
        },
        {
          "Player1": "imthekiing",
          "Player2": "mei0024",
          "Result": "2-0-0"
        },
        {
          "Player1": "Terribad",
          "Player2": "SanPop",
          "Result": "2-0-0"
        },
        {
          "Player1": "KillerKlown667",
          "Player2": "Off1ine__",
          "Result": "2-0-0"
        },
        {
          "Player1": "DarkestMage",
          "Player2": "Fatter_CHOCOBO",
          "Result": "0-2-0"
        }
      ]
    }
  ],
  "Standings": [
    {
      "Rank": 13,
      "Player": "CharlesWang",
      "Points": 0,
      "Wins": 0,
      "Losses": 0,
      "Draws": 0,
      "OMWP": 0.6667000000000001,
      "GWP": 0.1429,
      "OGWP": 0.5981000000000001
    },
    {
      "Rank": 12,
      "Player": "Off1ine__",
      "Points": 3,
      "Wins": 0,
      "Losses": 0,
      "Draws": 0,
      "OMWP": 0.5,
      "GWP": 0.4,
      "OGWP": 0.4472
    },
    {
      "Rank": 11,
      "Player": "SanPop",
      "Points": 3,
      "Wins": 0,
      "Losses": 0,
      "Draws": 0,
      "OMWP": 0.5832999999999999,
      "GWP": 0.25,
      "OGWP": 0.6318
    },
    {
      "Rank": 10,
      "Player": "KillerKlown667",
      "Points": 6,
      "Wins": 0,
      "Losses": 0,
      "Draws": 0,
      "OMWP": 0.44439999999999996,
      "GWP": 0.44439999999999996,
      "OGWP": 0.4818
    },
    {
      "Rank": 9,
      "Player": "eresopacaso",
      "Points": 6,
      "Wins": 0,
      "Losses": 0,
      "Draws": 0,
      "OMWP": 0.4792,
      "GWP": 0.44439999999999996,
      "OGWP": 0.4697
    },
    {
      "Rank": 8,
      "Player": "Soseloso",
      "Points": 6,
      "Wins": 0,
      "Losses": 0,
      "Draws": 0,
      "OMWP": 0.5207999999999999,
      "GWP": 0.5,
      "OGWP": 0.5111
    },
    {
      "Rank": 7,
      "Player": "jev_",
      "Points": 6,
      "Wins": 0,
      "Losses": 0,
      "Draws": 0,
      "OMWP": 0.5207999999999999,
      "GWP": 0.5455,
      "OGWP": 0.4556
    },
    {
      "Rank": 6,
      "Player": "Terribad",
      "Points": 6,
      "Wins": 0,
      "Losses": 0,
      "Draws": 0,
      "OMWP": 0.5207999999999999,
      "GWP": 0.6,
      "OGWP": 0.4583
    },
    {
      "Rank": 5,
      "Player": "mei0024",
      "Points": 6,
      "Wins": 0,
      "Losses": 0,
      "Draws": 0,
      "OMWP": 0.6457999999999999,
      "GWP": 0.4,
      "OGWP": 0.65
    },
    {
      "Rank": 4,
      "Player": "imthekiing",
      "Points": 9,
      "Wins": 0,
      "Losses": 0,
      "Draws": 0,
      "OMWP": 0.5207999999999999,
      "GWP": 0.6,
      "OGWP": 0.5072
    },
    {
      "Rank": 3,
      "Player": "DarkestMage",
      "Points": 9,
      "Wins": 0,
      "Losses": 0,
      "Draws": 0,
      "OMWP": 0.6042000000000001,
      "GWP": 0.75,
      "OGWP": 0.5667
    },
    {
      "Rank": 2,
      "Player": "rerere",
      "Points": 9,
      "Wins": 0,
      "Losses": 0,
      "Draws": 0,
      "OMWP": 0.625,
      "GWP": 0.6,
      "OGWP": 0.6361
    },
    {
      "Rank": 1,
      "Player": "Fatter_CHOCOBO",
      "Points": 12,
      "Wins": 0,
      "Losses": 0,
      "Draws": 0,
      "OMWP": 0.6667000000000001,
      "GWP": 1,
      "OGWP": 0.5832999999999999
    }
  ]
}