{
  "Tournament": {
    "Id": 12805676,
    "Date": "2025-07-02T19:00:00",
    "Name": "Vintage Cube Elimination Draft",
    "Uri": null,
    "JsonFile": null,
    "ForceRedownload": false
  },
  "Decks": null,
  "Rounds": [
    {
      "RoundName": "Round 1",
      "Matches": [
        {
          "Player1": "The_Bza",
          "Player2": "Sqzi",
          "Result": "0-2-0"
        },
        {
          "Player1": "spandy",
          "Player2": "scar_HB",
          "Result": "2-0-0"
        },
        {
          "Player1": "RedHairing",
          "Player2": "SALTYDOG1",
          "Result": "0-2-0"
        },
        {
          "Player1": "GPJedi",
          "Player2": "BDY",
          "Result": "0-2-0"
        }
      ]
    },
    {
      "RoundName": "Round 2",
      "Matches": [
        {
          "Player1": "Sqzi",
          "Player2": "SALTYDOG1",
          "Result": "2-0-0"
        },
        {
          "Player1": "spandy",
          "Player2": "BDY",
          "Result": "0-2-0"
        }
      ]
    },
    {
      "RoundName": "Round 3",
      "Matches": [
        {
          "Player1": "BDY",
          "Player2": "Sqzi",
          "Result": "2-1-0"
        }
      ]
    }
  ],
  "Standings": [
    {
      "Rank": 8,
      "Player": "scar_HB",
      "Points": 0,
      "Wins": 0,
      "Losses": 0,
      "Draws": 0,
      "OMWP": 0,
      "GWP": 0,
      "OGWP": 0
    },
    {
      "Rank": 7,
      "Player": "RedHairing",
      "Points": 0,
      "Wins": 0,
      "Losses": 0,
      "Draws": 0,
      "OMWP": 0,
      "GWP": 0,
      "OGWP": 0
    },
    {
      "Rank": 6,
      "Player": "The_Bza",
      "Points": 0,
      "Wins": 0,
      "Losses": 0,
      "Draws": 0,
      "OMWP": 0,
      "GWP": 0,
      "OGWP": 0
    },
    {
      "Rank": 5,
      "Player": "GPJedi",
      "Points": 0,
      "Wins": 0,
      "Losses": 0,
      "Draws": 0,
      "OMWP": 0,
      "GWP": 0,
      "OGWP": 0
    },
    {
      "Rank": 4,
      "Player": "SALTYDOG1",
      "Points": 3,
      "Wins": 0,
      "Losses": 0,
      "Draws": 0,
      "OMWP": 0,
      "GWP": 0,
      "OGWP": 0
    },
    {
      "Rank": 3,
      "Player": "spandy",
      "Points": 3,
      "Wins": 0,
      "Losses": 0,
      "Draws": 0,
      "OMWP": 0,
      "GWP": 0,
      "OGWP": 0
    },
    {
      "Rank": 2,
      "Player": "Sqzi",
      "Points": 6,
      "Wins": 0,
      "Losses": 0,
      "Draws": 0,
      "OMWP": 0,
      "GWP": 0,
      "OGWP": 0
    },
    {
      "Rank": 1,
      "Player": "BDY",
      "Points": 9,
      "Wins": 0,
      "Losses": 0,
      "Draws": 0,
      "OMWP": 0,
      "GWP": 0,
      "OGWP": 0
    }
  ]
}