{
  "Tournament": {
    "Id": 12802803,
    "Date": "2025-07-11T21:00:00",
    "Name": "Duel Commander Trial 16",
    "Uri": null,
    "JsonFile": null,
    "ForceRedownload": false
  },
  "Decks": null,
  "Rounds": [
    {
      "RoundName": "Round 1",
      "Matches": [
        {
          "Player1": "rinazina",
          "Player2": "Hampuse1",
          "Result": "2-0-0"
        },
        {
          "Player1": "Jose Guillermo",
          "Player2": "Marinels",
          "Result": "2-0-0"
        },
        {
          "Player1": "Aldreen",
          "Player2": "DarkBone",
          "Result": "2-0-0"
        },
        {
          "Player1": "Boumbo76",
          "Player2": "Erlinska",
          "Result": "2-0-0"
        },
        {
          "Player1": "Dudarudi",
          "Player2": "Zolazar",
          "Result": "0-2-0"
        },
        {
          "Player1": "ZacharyHaleComstock",
          "Player2": "Beicodegeia",
          "Result": "0-2-0"
        },
        {
          "Player1": "FreakNightmare",
          "Player2": "Gonito",
          "Result": "0-2-0"
        },
        {
          "Player1": "lampalot",
          "Player2": "ecobaronen",
          "Result": "0-2-0"
        }
      ]
    },
    {
      "RoundName": "Round 2",
      "Matches": [
        {
          "Player1": "ZacharyHaleComstock",
          "Player2": "Erlinska",
          "Result": "2-0-0"
        },
        {
          "Player1": "DarkBone",
          "Player2": "Zolazar",
          "Result": "2-0-0"
        },
        {
          "Player1": "FreakNightmare",
          "Player2": "Marinels",
          "Result": "0-2-0"
        },
        {
          "Player1": "lampalot",
          "Player2": "Hampuse1",
          "Result": "0-2-0"
        },
        {
          "Player1": "rinazina",
          "Player2": "Boumbo76",
          "Result": "0-0-0"
        },
        {
          "Player1": "ecobaronen",
          "Player2": "Aldreen",
          "Result": "2-0-0"
        },
        {
          "Player1": "Jose Guillermo",
          "Player2": "Gonito",
          "Result": "0-2-0"
        },
        {
          "Player1": "BERNASTORRES",
          "Player2": "Beicodegeia",
          "Result": "0-2-0"
        }
      ]
    },
    {
      "RoundName": "Round 3",
      "Matches": [
        {
          "Player1": "Jose Guillermo",
          "Player2": "Zolazar",
          "Result": "0-2-0"
        },
        {
          "Player1": "BERNASTORRES",
          "Player2": "DarkBone",
          "Result": "0-2-0"
        },
        {
          "Player1": "Hampuse1",
          "Player2": "Marinels",
          "Result": "0-2-0"
        },
        {
          "Player1": "lampalot",
          "Player2": "FreakNightmare",
          "Result": "0-2-0"
        },
        {
          "Player1": "Boumbo76",
          "Player2": "Gonito",
          "Result": "2-0-0"
        },
        {
          "Player1": "ecobaronen",
          "Player2": "Beicodegeia",
          "Result": "0-2-0"
        },
        {
          "Player1": "rinazina",
          "Player2": "Aldreen",
          "Result": "2-0-0"
        },
        {
          "Player1": "ZacharyHaleComstock",
          "Player2": "Dudarudi",
          "Result": "0-2-0"
        }
      ]
    },
    {
      "RoundName": "Round 4",
      "Matches": [
        {
          "Player1": "ecobaronen",
          "Player2": "Zolazar",
          "Result": "2-0-0"
        },
        {
          "Player1": "BERNASTORRES",
          "Player2": "Hampuse1",
          "Result": "0-0-0"
        },
        {
          "Player1": "Dudarudi",
          "Player2": "Gonito",
          "Result": "0-2-0"
        },
        {
          "Player1": "rinazina",
          "Player2": "DarkBone",
          "Result": "0-2-0"
        },
        {
          "Player1": "Jose Guillermo",
          "Player2": "FreakNightmare",
          "Result": "0-2-0"
        },
        {
          "Player1": "Aldreen",
          "Player2": "Erlinska",
          "Result": "2-0-0"
        },
        {
          "Player1": "Boumbo76",
          "Player2": "Beicodegeia",
          "Result": "0-0-0"
        },
        {
          "Player1": "ZacharyHaleComstock",
          "Player2": "Marinels",
          "Result": "0-2-0"
        }
      ]
    },
    {
      "RoundName": "Round 5",
      "Matches": [
        {
          "Player1": "Marinels",
          "Player2": "Beicodegeia",
          "Result": "0-0-0"
        },
        {
          "Player1": "Aldreen",
          "Player2": "Zolazar",
          "Result": "0-2-0"
        },
        {
          "Player1": "Gonito",
          "Player2": "DarkBone",
          "Result": "2-0-0"
        },
        {
          "Player1": "Jose Guillermo",
          "Player2": "Erlinska",
          "Result": "0-2-0"
        },
        {
          "Player1": "ecobaronen",
          "Player2": "Boumbo76",
          "Result": "0-2-0"
        },
        {
          "Player1": "rinazina",
          "Player2": "FreakNightmare",
          "Result": "2-0-0"
        },
        {
          "Player1": "BERNASTORRES",
          "Player2": "Dudarudi",
          "Result": "0-2-0"
        }
      ]
    },
    {
      "RoundName": "Round 6",
      "Matches": [
        {
          "Player1": "Dudarudi",
          "Player2": "Gonito",
          "Result": "0-2-0"
        },
        {
          "Player1": "ecobaronen",
          "Player2": "DarkBone",
          "Result": "2-0-0"
        },
        {
          "Player1": "Beicodegeia",
          "Player2": "Zolazar",
          "Result": "2-0-0"
        },
        {
          "Player1": "rinazina",
          "Player2": "Boumbo76",
          "Result": "0-2-0"
        }
      ]
    },
    {
      "RoundName": "Round 7",
      "Matches": [
        {
          "Player1": "ecobaronen",
          "Player2": "Beicodegeia",
          "Result": "0-2-0"
        },
        {
          "Player1": "Boumbo76",
          "Player2": "Gonito",
          "Result": "0-2-0"
        }
      ]
    },
    {
      "RoundName": "Round 8",
      "Matches": [
        {
          "Player1": "Beicodegeia",
          "Player2": "Gonito",
          "Result": "0-2-0"
        }
      ]
    }
  ],
  "Standings": [
    {
      "Rank": 17,
      "Player": "lampalot",
      "Points": 0,
      "Wins": 0,
      "Losses": 0,
      "Draws": 0,
      "OMWP": 0.44439999999999996,
      "GWP": 0,
      "OGWP": 0.5276
    },
    {
      "Rank": 16,
      "Player": "Hampuse1",
      "Points": 3,
      "Wins": 0,
      "Losses": 0,
      "Draws": 0,
      "OMWP": 0.4833,
      "GWP": 0.4545,
      "OGWP": 0.4779
    },
    {
      "Rank": 15,
      "Player": "Jose Guillermo",
      "Points": 3,
      "Wins": 0,
      "Losses": 0,
      "Draws": 0,
      "OMWP": 0.56,
      "GWP": 0.35710000000000003,
      "OGWP": 0.5366
    },
    {
      "Rank": 14,
      "Player": "Erlinska",
      "Points": 6,
      "Wins": 0,
      "Losses": 0,
      "Draws": 0,
      "OMWP": 0.4833,
      "GWP": 0.5,
      "OGWP": 0.4382
    },
    {
      "Rank": 13,
      "Player": "FreakNightmare",
      "Points": 6,
      "Wins": 0,
      "Losses": 0,
      "Draws": 0,
      "OMWP": 0.5333,
      "GWP": 0.46149999999999997,
      "OGWP": 0.49
    },
    {
      "Rank": 12,
      "Player": "Aldreen",
      "Points": 6,
      "Wins": 0,
      "Losses": 0,
      "Draws": 0,
      "OMWP": 0.56,
      "GWP": 0.3636,
      "OGWP": 0.5668
    },
    {
      "Rank": 11,
      "Player": "BERNASTORRES",
      "Points": 6,
      "Wins": 0,
      "Losses": 0,
      "Draws": 0,
      "OMWP": 0.6333,
      "GWP": 0.46149999999999997,
      "OGWP": 0.5542
    },
    {
      "Rank": 10,
      "Player": "ZacharyHaleComstock",
      "Points": 6,
      "Wins": 0,
      "Losses": 0,
      "Draws": 0,
      "OMWP": 0.65,
      "GWP": 0.4167,
      "OGWP": 0.5643
    },
    {
      "Rank": 9,
      "Player": "Marinels",
      "Points": 9,
      "Wins": 0,
      "Losses": 0,
      "Draws": 0,
      "OMWP": 0.49329999999999996,
      "GWP": 0.5333,
      "OGWP": 0.4918
    },
    {
      "Rank": 8,
      "Player": "Zolazar",
      "Points": 9,
      "Wins": 0,
      "Losses": 0,
      "Draws": 0,
      "OMWP": 0.5067,
      "GWP": 0.5455,
      "OGWP": 0.47609999999999997
    },
    {
      "Rank": 7,
      "Player": "rinazina",
      "Points": 9,
      "Wins": 0,
      "Losses": 0,
      "Draws": 0,
      "OMWP": 0.5067,
      "GWP": 0.5832999999999999,
      "OGWP": 0.4867
    },
    {
      "Rank": 6,
      "Player": "Dudarudi",
      "Points": 9,
      "Wins": 0,
      "Losses": 0,
      "Draws": 0,
      "OMWP": 0.55,
      "GWP": 0.4545,
      "OGWP": 0.5166
    },
    {
      "Rank": 5,
      "Player": "DarkBone",
      "Points": 9,
      "Wins": 0,
      "Losses": 0,
      "Draws": 0,
      "OMWP": 0.56,
      "GWP": 0.5385,
      "OGWP": 0.5194
    },
    {
      "Rank": 4,
      "Player": "ecobaronen",
      "Points": 12,
      "Wins": 0,
      "Losses": 0,
      "Draws": 0,
      "OMWP": 0.6267,
      "GWP": 0.6667000000000001,
      "OGWP": 0.5254
    },
    {
      "Rank": 3,
      "Player": "Boumbo76",
      "Points": 15,
      "Wins": 0,
      "Losses": 0,
      "Draws": 0,
      "OMWP": 0.68,
      "GWP": 0.6154,
      "OGWP": 0.6324000000000001
    },
    {
      "Rank": 2,
      "Player": "Beicodegeia",
      "Points": 21,
      "Wins": 0,
      "Losses": 0,
      "Draws": 0,
      "OMWP": 0.56,
      "GWP": 0.7692,
      "OGWP": 0.5387
    },
    {
      "Rank": 1,
      "Player": "Gonito",
      "Points": 21,
      "Wins": 0,
      "Losses": 0,
      "Draws": 0,
      "OMWP": 0.5467,
      "GWP": 0.6429,
      "OGWP": 0.4854
    }
  ]
}