{
  "Tournament": {
    "Id": 12802800,
    "Date": "2025-07-11T18:00:00",
    "Name": "Limited Preliminary",
    "Uri": null,
    "JsonFile": null,
    "ForceRedownload": false
  },
  "Decks": null,
  "Rounds": [
    {
      "RoundName": "Round 1",
      "Matches": [
        {
          "Player1": "darius89",
          "Player2": "416FrowningTable",
          "Result": "2-0-0"
        },
        {
          "Player1": "toondoslav",
          "Player2": "Merriman",
          "Result": "2-0-0"
        },
        {
          "Player1": "KeithYaow",
          "Player2": "Kraken__",
          "Result": "2-0-0"
        },
        {
          "Player1": "Manuel85",
          "Player2": "ShikiXYZ",
          "Result": "0-2-0"
        },
        {
          "Player1": "juli0p",
          "Player2": "pirol94",
          "Result": "0-2-0"
        },
        {
          "Player1": "TristanJWL",
          "Player2": "WingedHussar",
          "Result": "0-2-0"
        }
      ]
    },
    {
      "RoundName": "Round 2",
      "Matches": [
        {
          "Player1": "TristanJWL",
          "Player2": "Merriman",
          "Result": "2-0-0"
        },
        {
          "Player1": "darius89",
          "Player2": "WingedHussar",
          "Result": "0-2-0"
        },
        {
          "Player1": "KeithYaow",
          "Player2": "toondoslav",
          "Result": "0-2-0"
        },
        {
          "Player1": "416FrowningTable",
          "Player2": "Kraken__",
          "Result": "0-2-0"
        },
        {
          "Player1": "ShikiXYZ",
          "Player2": "pirol94",
          "Result": "2-0-0"
        },
        {
          "Player1": "Manuel85",
          "Player2": "juli0p",
          "Result": "0-0-0"
        }
      ]
    },
    {
      "RoundName": "Round 3",
      "Matches": [
        {
          "Player1": "pirol94",
          "Player2": "Kraken__",
          "Result": "0-2-0"
        },
        {
          "Player1": "ShikiXYZ",
          "Player2": "toondoslav",
          "Result": "2-0-0"
        },
        {
          "Player1": "WingedHussar",
          "Player2": "juli0p",
          "Result": "2-0-0"
        },
        {
          "Player1": "KeithYaow",
          "Player2": "Merriman",
          "Result": "2-0-0"
        },
        {
          "Player1": "TristanJWL",
          "Player2": "darius89",
          "Result": "2-0-0"
        }
      ]
    },
    {
      "RoundName": "Round 4",
      "Matches": [
        {
          "Player1": "darius89",
          "Player2": "juli0p",
          "Result": "2-0-0"
        },
        {
          "Player1": "pirol94",
          "Player2": "416FrowningTable",
          "Result": "2-0-0"
        },
        {
          "Player1": "TristanJWL",
          "Player2": "KeithYaow",
          "Result": "0-2-0"
        },
        {
          "Player1": "toondoslav",
          "Player2": "Kraken__",
          "Result": "2-0-0"
        },
        {
          "Player1": "ShikiXYZ",
          "Player2": "WingedHussar",
          "Result": "0-2-0"
        }
      ]
    }
  ],
  "Standings": [
    {
      "Rank": 12,
      "Player": "Manuel85",
      "Points": 0,
      "Wins": 0,
      "Losses": 0,
      "Draws": 0,
      "OMWP": 0.5417000000000001,
      "GWP": 0,
      "OGWP": 0.6023
    },
    {
      "Rank": 11,
      "Player": "Merriman",
      "Points": 0,
      "Wins": 0,
      "Losses": 0,
      "Draws": 0,
      "OMWP": 0.6667000000000001,
      "GWP": 0.25,
      "OGWP": 0.5889
    },
    {
      "Rank": 10,
      "Player": "416FrowningTable",
      "Points": 3,
      "Wins": 0,
      "Losses": 0,
      "Draws": 0,
      "OMWP": 0.5,
      "GWP": 0.3333,
      "OGWP": 0.4524
    },
    {
      "Rank": 9,
      "Player": "juli0p",
      "Points": 3,
      "Wins": 0,
      "Losses": 0,
      "Draws": 0,
      "OMWP": 0.5832999999999999,
      "GWP": 0.4545,
      "OGWP": 0.5079
    },
    {
      "Rank": 8,
      "Player": "pirol94",
      "Points": 6,
      "Wins": 0,
      "Losses": 0,
      "Draws": 0,
      "OMWP": 0.4792,
      "GWP": 0.44439999999999996,
      "OGWP": 0.5095000000000001
    },
    {
      "Rank": 7,
      "Player": "darius89",
      "Points": 6,
      "Wins": 0,
      "Losses": 0,
      "Draws": 0,
      "OMWP": 0.5417000000000001,
      "GWP": 0.4,
      "OGWP": 0.5442
    },
    {
      "Rank": 6,
      "Player": "Kraken__",
      "Points": 6,
      "Wins": 0,
      "Losses": 0,
      "Draws": 0,
      "OMWP": 0.5832999999999999,
      "GWP": 0.5,
      "OGWP": 0.5111
    },
    {
      "Rank": 5,
      "Player": "TristanJWL",
      "Points": 6,
      "Wins": 0,
      "Losses": 0,
      "Draws": 0,
      "OMWP": 0.6457999999999999,
      "GWP": 0.5,
      "OGWP": 0.5722
    },
    {
      "Rank": 4,
      "Player": "KeithYaow",
      "Points": 9,
      "Wins": 0,
      "Losses": 0,
      "Draws": 0,
      "OMWP": 0.5207999999999999,
      "GWP": 0.6667000000000001,
      "OGWP": 0.4921
    },
    {
      "Rank": 3,
      "Player": "toondoslav",
      "Points": 9,
      "Wins": 0,
      "Losses": 0,
      "Draws": 0,
      "OMWP": 0.5832999999999999,
      "GWP": 0.6,
      "OGWP": 0.5625
    },
    {
      "Rank": 2,
      "Player": "ShikiXYZ",
      "Points": 9,
      "Wins": 0,
      "Losses": 0,
      "Draws": 0,
      "OMWP": 0.6457999999999999,
      "GWP": 0.75,
      "OGWP": 0.5667
    },
    {
      "Rank": 1,
      "Player": "WingedHussar",
      "Points": 12,
      "Wins": 0,
      "Losses": 0,
      "Draws": 0,
      "OMWP": 0.5207999999999999,
      "GWP": 0.8889,
      "OGWP": 0.5261
    }
  ]
}