{
  "Tournament": {
    "Id": 12802794,
    "Date": "2025-07-11T13:00:00",
    "Name": "Modern Preliminary",
    "Uri": null,
    "JsonFile": null,
    "ForceRedownload": false
  },
  "Decks": null,
  "Rounds": [
    {
      "RoundName": "Round 1",
      "Matches": [
        {
          "Player1": "praiseseigerhino",
          "Player2": "Rosiedog88",
          "Result": "0-0-0"
        },
        {
          "Player1": "Mikhathara1994",
          "Player2": "korol",
          "Result": "2-0-0"
        },
        {
          "Player1": "kanister",
          "Player2": "Erik157751",
          "Result": "2-0-0"
        },
        {
          "Player1": "albertoSD",
          "Player2": "eresopacaso",
          "Result": "0-2-0"
        },
        {
          "Player1": "MentalMisstep",
          "Player2": "Darkiundsa",
          "Result": "2-0-0"
        },
        {
          "Player1": "Fractius",
          "Player2": "Chefen",
          "Result": "0-2-0"
        },
        {
          "Player1": "Dreddybajs",
          "Player2": "Reiam",
          "Result": "2-0-0"
        }
      ]
    },
    {
      "RoundName": "Round 2",
      "Matches": [
        {
          "Player1": "Reiam",
          "Player2": "korol",
          "Result": "0-0-0"
        },
        {
          "Player1": "Darkiundsa",
          "Player2": "kanister",
          "Result": "2-0-0"
        },
        {
          "Player1": "Chefen",
          "Player2": "eresopacaso",
          "Result": "0-2-0"
        },
        {
          "Player1": "albertoSD",
          "Player2": "Erik157751",
          "Result": "2-0-0"
        },
        {
          "Player1": "Dreddybajs",
          "Player2": "Mikhathara1994",
          "Result": "0-2-0"
        },
        {
          "Player1": "Fractius",
          "Player2": "praiseseigerhino",
          "Result": "2-0-0"
        },
        {
          "Player1": "MentalMisstep",
          "Player2": "Rosiedog88",
          "Result": "0-2-0"
        }
      ]
    },
    {
      "RoundName": "Round 3",
      "Matches": [
        {
          "Player1": "Mikhathara1994",
          "Player2": "MentalMisstep",
          "Result": "2-0-0"
        },
        {
          "Player1": "Dreddybajs",
          "Player2": "Chefen",
          "Result": "2-0-0"
        },
        {
          "Player1": "Erik157751",
          "Player2": "korol",
          "Result": "2-0-0"
        },
        {
          "Player1": "Fractius",
          "Player2": "Darkiundsa",
          "Result": "2-0-0"
        },
        {
          "Player1": "praiseseigerhino",
          "Player2": "Reiam",
          "Result": "0-2-0"
        },
        {
          "Player1": "eresopacaso",
          "Player2": "Rosiedog88",
          "Result": "0-2-0"
        },
        {
          "Player1": "albertoSD",
          "Player2": "kanister",
          "Result": "2-0-0"
        }
      ]
    },
    {
      "RoundName": "Round 4",
      "Matches": [
        {
          "Player1": "Erik157751",
          "Player2": "Reiam",
          "Result": "2-0-0"
        },
        {
          "Player1": "Chefen",
          "Player2": "kanister",
          "Result": "0-2-0"
        },
        {
          "Player1": "Fractius",
          "Player2": "albertoSD",
          "Result": "0-2-0"
        },
        {
          "Player1": "MentalMisstep",
          "Player2": "korol",
          "Result": "0-2-0"
        },
        {
          "Player1": "Mikhathara1994",
          "Player2": "Rosiedog88",
          "Result": "2-0-0"
        },
        {
          "Player1": "Dreddybajs",
          "Player2": "eresopacaso",
          "Result": "2-0-0"
        }
      ]
    }
  ],
  "Standings": [
    {
      "Rank": 14,
      "Player": "praiseseigerhino",
      "Points": 0,
      "Wins": 0,
      "Losses": 0,
      "Draws": 0,
      "OMWP": 0.5278,
      "GWP": 0.1429,
      "OGWP": 0.47590000000000005
    },
    {
      "Rank": 13,
      "Player": "Reiam",
      "Points": 3,
      "Wins": 0,
      "Losses": 0,
      "Draws": 0,
      "OMWP": 0.5207999999999999,
      "GWP": 0.4,
      "OGWP": 0.5
    },
    {
      "Rank": 12,
      "Player": "Chefen",
      "Points": 3,
      "Wins": 0,
      "Losses": 0,
      "Draws": 0,
      "OMWP": 0.5625,
      "GWP": 0.3333,
      "OGWP": 0.5529999999999999
    },
    {
      "Rank": 11,
      "Player": "MentalMisstep",
      "Points": 3,
      "Wins": 0,
      "Losses": 0,
      "Draws": 0,
      "OMWP": 0.6875,
      "GWP": 0.4,
      "OGWP": 0.5888
    },
    {
      "Rank": 10,
      "Player": "Darkiundsa",
      "Points": 6,
      "Wins": 0,
      "Losses": 0,
      "Draws": 0,
      "OMWP": 0.44439999999999996,
      "GWP": 0.44439999999999996,
      "OGWP": 0.4633
    },
    {
      "Rank": 9,
      "Player": "Fractius",
      "Points": 6,
      "Wins": 0,
      "Losses": 0,
      "Draws": 0,
      "OMWP": 0.4792,
      "GWP": 0.44439999999999996,
      "OGWP": 0.44439999999999996
    },
    {
      "Rank": 8,
      "Player": "Erik157751",
      "Points": 6,
      "Wins": 0,
      "Losses": 0,
      "Draws": 0,
      "OMWP": 0.5207999999999999,
      "GWP": 0.4,
      "OGWP": 0.5529999999999999
    },
    {
      "Rank": 7,
      "Player": "kanister",
      "Points": 6,
      "Wins": 0,
      "Losses": 0,
      "Draws": 0,
      "OMWP": 0.5207999999999999,
      "GWP": 0.5455,
      "OGWP": 0.4611
    },
    {
      "Rank": 6,
      "Player": "korol",
      "Points": 6,
      "Wins": 0,
      "Losses": 0,
      "Draws": 0,
      "OMWP": 0.5417000000000001,
      "GWP": 0.6,
      "OGWP": 0.4818
    },
    {
      "Rank": 5,
      "Player": "eresopacaso",
      "Points": 6,
      "Wins": 0,
      "Losses": 0,
      "Draws": 0,
      "OMWP": 0.6457999999999999,
      "GWP": 0.5556,
      "OGWP": 0.5625
    },
    {
      "Rank": 4,
      "Player": "albertoSD",
      "Points": 9,
      "Wins": 0,
      "Losses": 0,
      "Draws": 0,
      "OMWP": 0.5,
      "GWP": 0.6667000000000001,
      "OGWP": 0.4864
    },
    {
      "Rank": 3,
      "Player": "Rosiedog88",
      "Points": 9,
      "Wins": 0,
      "Losses": 0,
      "Draws": 0,
      "OMWP": 0.5417000000000001,
      "GWP": 0.5832999999999999,
      "OGWP": 0.504
    },
    {
      "Rank": 2,
      "Player": "Dreddybajs",
      "Points": 9,
      "Wins": 0,
      "Losses": 0,
      "Draws": 0,
      "OMWP": 0.5417000000000001,
      "GWP": 0.6667000000000001,
      "OGWP": 0.504
    },
    {
      "Rank": 1,
      "Player": "Mikhathara1994",
      "Points": 12,
      "Wins": 0,
      "Losses": 0,
      "Draws": 0,
      "OMWP": 0.5832999999999999,
      "GWP": 0.7273000000000001,
      "OGWP": 0.5625
    }
  ]
}