{
  "Tournament": {
    "Id": 12802799,
    "Date": "2025-07-11T17:00:00",
    "Name": "Modern Challenge 64",
    "Uri": null,
    "JsonFile": null,
    "ForceRedownload": false
  },
  "Decks": null,
  "Rounds": [
    {
      "RoundName": "Round 1",
      "Matches": [
        {
          "Player1": "Kotte89",
          "Player2": "Lightspirit",
          "Result": "2-0-0"
        },
        {
          "Player1": "henry_morehouse",
          "Player2": "RespectTheCat",
          "Result": "0-2-0"
        },
        {
          "Player1": "Anaxkoraz",
          "Player2": "unworldlyorigin",
          "Result": "0-0-0"
        },
        {
          "Player1": "cojase",
          "Player2": "draco09",
          "Result": "0-2-0"
        },
        {
          "Player1": "Varo",
          "Player2": "_Tia93_",
          "Result": "0-2-0"
        },
        {
          "Player1": "Patxi",
          "Player2": "Synaptic0n",
          "Result": "2-0-0"
        },
        {
          "Player1": "termidor",
          "Player2": "noodle_boi",
          "Result": "2-0-0"
        },
        {
          "Player1": "Javieloide",
          "Player2": "Asa_Akira",
          "Result": "0-2-0"
        },
        {
          "Player1": "doom580",
          "Player2": "Moe12",
          "Result": "0-2-0"
        },
        {
          "Player1": "Mega_Man",
          "Player2": "Meumeunome",
          "Result": "2-0-0"
        },
        {
          "Player1": "Xenowan",
          "Player2": "mrtoolshed",
          "Result": "2-0-0"
        },
        {
          "Player1": "Skpchino",
          "Player2": "SilversRayleigh",
          "Result": "2-0-0"
        },
        {
          "Player1": "Smiteon",
          "Player2": "LuckyLuce",
          "Result": "0-2-0"
        },
        {
          "Player1": "Misplacedginger",
          "Player2": "NormanCar",
          "Result": "2-0-0"
        },
        {
          "Player1": "Mistakenn",
          "Player2": "xRagedFurballx",
          "Result": "0-2-0"
        },
        {
          "Player1": "rastaf",
          "Player2": "andycsoto",
          "Result": "2-0-0"
        },
        {
          "Player1": "imthekiing",
          "Player2": "hugofreitas1",
          "Result": "0-2-0"
        },
        {
          "Player1": "NathanOfTheGiltLeaf",
          "Player2": "Badcookie",
          "Result": "0-0-0"
        },
        {
          "Player1": "Selfeisek",
          "Player2": "EvolveMTG",
          "Result": "2-0-0"
        },
        {
          "Player1": "aspiringspike",
          "Player2": "Golgarburr",
          "Result": "0-2-0"
        },
        {
          "Player1": "Edel",
          "Player2": "Doomenstein",
          "Result": "2-0-0"
        },
        {
          "Player1": "Pandatomik",
          "Player2": "DemianDesposito10",
          "Result": "2-0-0"
        },
        {
          "Player1": "parkss",
          "Player2": "PTarts2win",
          "Result": "2-0-0"
        },
        {
          "Player1": "Ravenwings",
          "Player2": "SkolemChi",
          "Result": "2-0-0"
        },
        {
          "Player1": "manukoka",
          "Player2": "Fatal_Vlad",
          "Result": "0-2-0"
        },
        {
          "Player1": "Xerk",
          "Player2": "Young_Shaman",
          "Result": "2-0-0"
        },
        {
          "Player1": "Capitano_CL",
          "Player2": "karatedom",
          "Result": "0-2-0"
        },
        {
          "Player1": "bomberboss",
          "Player2": "fudgems",
          "Result": "2-0-0"
        },
        {
          "Player1": "albertoSD",
          "Player2": "XS3sh1r0X",
          "Result": "0-2-0"
        },
        {
          "Player1": "Matts",
          "Player2": "IWillbreathe",
          "Result": "2-0-0"
        },
        {
          "Player1": "House565",
          "Player2": "Deathmaxx",
          "Result": "2-0-0"
        },
        {
          "Player1": "ShadowTitan1",
          "Player2": "Skrocious",
          "Result": "0-2-0"
        },
        {
          "Player1": "TSPJendrek",
          "Player2": "YopopMTG",
          "Result": "0-2-0"
        },
        {
          "Player1": "TheKG",
          "Player2": "goz_take",
          "Result": "2-0-0"
        },
        {
          "Player1": "yriel",
          "Player2": "PetrKikac1",
          "Result": "2-0-0"
        },
        {
          "Player1": "tabunghasisi",
          "Player2": "Bugsy69",
          "Result": "2-0-0"
        }
      ]
    },
    {
      "RoundName": "Round 2",
      "Matches": [
        {
          "Player1": "draco09",
          "Player2": "SkolemChi",
          "Result": "2-0-0"
        },
        {
          "Player1": "tabunghasisi",
          "Player2": "TheKG",
          "Result": "0-2-0"
        },
        {
          "Player1": "bomberboss",
          "Player2": "Ravenwings",
          "Result": "2-0-0"
        },
        {
          "Player1": "PTarts2win",
          "Player2": "Deathmaxx",
          "Result": "2-0-0"
        },
        {
          "Player1": "Smiteon",
          "Player2": "ShadowTitan1",
          "Result": "0-2-0"
        },
        {
          "Player1": "Moe12",
          "Player2": "Skrocious",
          "Result": "2-0-0"
        },
        {
          "Player1": "cojase",
          "Player2": "albertoSD",
          "Result": "0-2-0"
        },
        {
          "Player1": "LuckyLuce",
          "Player2": "Fatal_Vlad",
          "Result": "2-0-0"
        },
        {
          "Player1": "NormanCar",
          "Player2": "fudgems",
          "Result": "2-0-0"
        },
        {
          "Player1": "Young_Shaman",
          "Player2": "Meumeunome",
          "Result": "0-0-0"
        },
        {
          "Player1": "Edel",
          "Player2": "NathanOfTheGiltLeaf",
          "Result": "0-2-0"
        },
        {
          "Player1": "rastaf",
          "Player2": "RespectTheCat",
          "Result": "0-2-0"
        },
        {
          "Player1": "Mega_Man",
          "Player2": "Asa_Akira",
          "Result": "2-0-0"
        },
        {
          "Player1": "parkss",
          "Player2": "Pandatomik",
          "Result": "0-2-0"
        },
        {
          "Player1": "Patxi",
          "Player2": "YopopMTG",
          "Result": "2-0-0"
        },
        {
          "Player1": "Misplacedginger",
          "Player2": "Xerk",
          "Result": "0-2-0"
        },
        {
          "Player1": "DemianDesposito10",
          "Player2": "SilversRayleigh",
          "Result": "2-0-0"
        },
        {
          "Player1": "_Tia93_",
          "Player2": "hugofreitas1",
          "Result": "0-2-0"
        },
        {
          "Player1": "aspiringspike",
          "Player2": "Lightspirit",
          "Result": "2-0-0"
        },
        {
          "Player1": "henry_morehouse",
          "Player2": "Badcookie",
          "Result": "2-0-0"
        },
        {
          "Player1": "doom580",
          "Player2": "Bugsy69",
          "Result": "2-0-0"
        },
        {
          "Player1": "karatedom",
          "Player2": "unworldlyorigin",
          "Result": "2-0-0"
        },
        {
          "Player1": "noodle_boi",
          "Player2": "Capitano_CL",
          "Result": "0-2-0"
        },
        {
          "Player1": "andycsoto",
          "Player2": "Doomenstein",
          "Result": "2-0-0"
        },
        {
          "Player1": "Kotte89",
          "Player2": "Matts",
          "Result": "2-0-0"
        },
        {
          "Player1": "Xenowan",
          "Player2": "House565",
          "Result": "0-2-0"
        },
        {
          "Player1": "Anaxkoraz",
          "Player2": "Synaptic0n",
          "Result": "0-2-0"
        },
        {
          "Player1": "Skpchino",
          "Player2": "Selfeisek",
          "Result": "0-2-0"
        },
        {
          "Player1": "Mistakenn",
          "Player2": "goz_take",
          "Result": "0-0-0"
        },
        {
          "Player1": "manukoka",
          "Player2": "Javieloide",
          "Result": "2-0-0"
        },
        {
          "Player1": "termidor",
          "Player2": "yriel",
          "Result": "0-2-0"
        },
        {
          "Player1": "imthekiing",
          "Player2": "PetrKikac1",
          "Result": "2-0-0"
        },
        {
          "Player1": "Varo",
          "Player2": "IWillbreathe",
          "Result": "0-2-0"
        },
        {
          "Player1": "XS3sh1r0X",
          "Player2": "xRagedFurballx",
          "Result": "2-0-0"
        },
        {
          "Player1": "Golgarburr",
          "Player2": "MeninooNey",
          "Result": "2-0-0"
        }
      ]
    },
    {
      "RoundName": "Round 3",
      "Matches": [
        {
          "Player1": "parkss",
          "Player2": "LuckyLuce",
          "Result": "2-0-0"
        },
        {
          "Player1": "Misplacedginger",
          "Player2": "aspiringspike",
          "Result": "2-0-0"
        },
        {
          "Player1": "Doomenstein",
          "Player2": "Meumeunome",
          "Result": "0-2-0"
        },
        {
          "Player1": "Xerk",
          "Player2": "Selfeisek",
          "Result": "0-2-0"
        },
        {
          "Player1": "bomberboss",
          "Player2": "RespectTheCat",
          "Result": "0-2-0"
        },
        {
          "Player1": "manukoka",
          "Player2": "PTarts2win",
          "Result": "0-2-0"
        },
        {
          "Player1": "Kotte89",
          "Player2": "yriel",
          "Result": "0-2-0"
        },
        {
          "Player1": "Young_Shaman",
          "Player2": "xRagedFurballx",
          "Result": "2-0-0"
        },
        {
          "Player1": "PetrKikac1",
          "Player2": "Badcookie",
          "Result": "0-2-0"
        },
        {
          "Player1": "rastaf",
          "Player2": "Ravenwings",
          "Result": "0-2-0"
        },
        {
          "Player1": "Javieloide",
          "Player2": "Deathmaxx",
          "Result": "0-2-0"
        },
        {
          "Player1": "Patxi",
          "Player2": "Moe12",
          "Result": "2-0-0"
        },
        {
          "Player1": "Edel",
          "Player2": "YopopMTG",
          "Result": "0-2-0"
        },
        {
          "Player1": "Mega_Man",
          "Player2": "karatedom",
          "Result": "2-0-0"
        },
        {
          "Player1": "imthekiing",
          "Player2": "unworldlyorigin",
          "Result": "2-0-0"
        },
        {
          "Player1": "noodle_boi",
          "Player2": "goz_take",
          "Result": "2-0-0"
        },
        {
          "Player1": "doom580",
          "Player2": "ShadowTitan1",
          "Result": "2-0-0"
        },
        {
          "Player1": "IWillbreathe",
          "Player2": "Fatal_Vlad",
          "Result": "0-2-0"
        },
        {
          "Player1": "SilversRayleigh",
          "Player2": "SkolemChi",
          "Result": "2-0-0"
        },
        {
          "Player1": "Capitano_CL",
          "Player2": "mrtoolshed",
          "Result": "2-0-0"
        },
        {
          "Player1": "termidor",
          "Player2": "Mistakenn",
          "Result": "2-0-0"
        },
        {
          "Player1": "_Tia93_",
          "Player2": "Skrocious",
          "Result": "2-0-0"
        },
        {
          "Player1": "Matts",
          "Player2": "MeninooNey",
          "Result": "0-2-0"
        },
        {
          "Player1": "andycsoto",
          "Player2": "henry_morehouse",
          "Result": "0-2-0"
        },
        {
          "Player1": "Skpchino",
          "Player2": "Asa_Akira",
          "Result": "2-0-0"
        },
        {
          "Player1": "tabunghasisi",
          "Player2": "DemianDesposito10",
          "Result": "2-0-0"
        },
        {
          "Player1": "albertoSD",
          "Player2": "Synaptic0n",
          "Result": "0-0-0"
        },
        {
          "Player1": "Xenowan",
          "Player2": "NormanCar",
          "Result": "0-2-0"
        },
        {
          "Player1": "NathanOfTheGiltLeaf",
          "Player2": "draco09",
          "Result": "0-0-0"
        },
        {
          "Player1": "XS3sh1r0X",
          "Player2": "Golgarburr",
          "Result": "2-0-0"
        },
        {
          "Player1": "TheKG",
          "Player2": "Pandatomik",
          "Result": "0-2-0"
        },
        {
          "Player1": "hugofreitas1",
          "Player2": "House565",
          "Result": "2-0-0"
        },
        {
          "Player1": "cojase",
          "Player2": "Anaxkoraz",
          "Result": "2-0-0"
        }
      ]
    },
    {
      "RoundName": "Round 4",
      "Matches": [
        {
          "Player1": "LuckyLuce",
          "Player2": "PTarts2win",
          "Result": "2-0-0"
        },
        {
          "Player1": "rastaf",
          "Player2": "manukoka",
          "Result": "0-2-0"
        },
        {
          "Player1": "Edel",
          "Player2": "DemianDesposito10",
          "Result": "0-2-0"
        },
        {
          "Player1": "Skpchino",
          "Player2": "Synaptic0n",
          "Result": "2-0-0"
        },
        {
          "Player1": "Skrocious",
          "Player2": "Badcookie",
          "Result": "0-2-0"
        },
        {
          "Player1": "andycsoto",
          "Player2": "Anaxkoraz",
          "Result": "0-2-0"
        },
        {
          "Player1": "imthekiing",
          "Player2": "Pandatomik",
          "Result": "2-0-0"
        },
        {
          "Player1": "Mistakenn",
          "Player2": "unworldlyorigin",
          "Result": "2-0-0"
        },
        {
          "Player1": "termidor",
          "Player2": "TheKG",
          "Result": "0-2-0"
        },
        {
          "Player1": "Xerk",
          "Player2": "karatedom",
          "Result": "1-2-0"
        },
        {
          "Player1": "Kotte89",
          "Player2": "Moe12",
          "Result": "0-2-0"
        },
        {
          "Player1": "tabunghasisi",
          "Player2": "House565",
          "Result": "0-2-0"
        },
        {
          "Player1": "Selfeisek",
          "Player2": "Mega_Man",
          "Result": "2-0-0"
        },
        {
          "Player1": "bomberboss",
          "Player2": "NormanCar",
          "Result": "0-2-0"
        },
        {
          "Player1": "Patxi",
          "Player2": "NathanOfTheGiltLeaf",
          "Result": "0-2-0"
        },
        {
          "Player1": "Matts",
          "Player2": "xRagedFurballx",
          "Result": "0-2-0"
        },
        {
          "Player1": "noodle_boi",
          "Player2": "SilversRayleigh",
          "Result": "2-1-0"
        },
        {
          "Player1": "Capitano_CL",
          "Player2": "Ravenwings",
          "Result": "2-0-0"
        },
        {
          "Player1": "Xenowan",
          "Player2": "Deathmaxx",
          "Result": "0-2-0"
        },
        {
          "Player1": "Meumeunome",
          "Player2": "Asa_Akira",
          "Result": "2-0-0"
        },
        {
          "Player1": "XS3sh1r0X",
          "Player2": "yriel",
          "Result": "0-2-0"
        },
        {
          "Player1": "Javieloide",
          "Player2": "SkolemChi",
          "Result": "2-0-0"
        },
        {
          "Player1": "parkss",
          "Player2": "Fatal_Vlad",
          "Result": "0-2-0"
        },
        {
          "Player1": "Golgarburr",
          "Player2": "doom580",
          "Result": "2-0-0"
        },
        {
          "Player1": "hugofreitas1",
          "Player2": "RespectTheCat",
          "Result": "2-0-0"
        },
        {
          "Player1": "_Tia93_",
          "Player2": "Young_Shaman",
          "Result": "2-0-0"
        },
        {
          "Player1": "henry_morehouse",
          "Player2": "YopopMTG",
          "Result": "2-0-0"
        },
        {
          "Player1": "draco09",
          "Player2": "MeninooNey",
          "Result": "0-2-0"
        },
        {
          "Player1": "Misplacedginger",
          "Player2": "cojase",
          "Result": "0-2-0"
        }
      ]
    },
    {
      "RoundName": "Round 5",
      "Matches": [
        {
          "Player1": "xRagedFurballx",
          "Player2": "Synaptic0n",
          "Result": "0-2-0"
        },
        {
          "Player1": "Javieloide",
          "Player2": "SilversRayleigh",
          "Result": "0-2-0"
        },
        {
          "Player1": "termidor",
          "Player2": "Meumeunome",
          "Result": "0-2-0"
        },
        {
          "Player1": "Pandatomik",
          "Player2": "NormanCar",
          "Result": "2-0-0"
        },
        {
          "Player1": "karatedom",
          "Player2": "TheKG",
          "Result": "0-2-0"
        },
        {
          "Player1": "Patxi",
          "Player2": "MeninooNey",
          "Result": "0-2-0"
        },
        {
          "Player1": "Kotte89",
          "Player2": "doom580",
          "Result": "0-2-0"
        },
        {
          "Player1": "cojase",
          "Player2": "Xerk",
          "Result": "2-0-0"
        },
        {
          "Player1": "noodle_boi",
          "Player2": "draco09",
          "Result": "0-2-0"
        },
        {
          "Player1": "andycsoto",
          "Player2": "Matts",
          "Result": "2-0-0"
        },
        {
          "Player1": "Skrocious",
          "Player2": "Asa_Akira",
          "Result": "0-2-0"
        },
        {
          "Player1": "Anaxkoraz",
          "Player2": "YopopMTG",
          "Result": "0-2-0"
        },
        {
          "Player1": "Mega_Man",
          "Player2": "henry_morehouse",
          "Result": "0-2-0"
        },
        {
          "Player1": "Edel",
          "Player2": "SkolemChi",
          "Result": "2-0-0"
        },
        {
          "Player1": "manukoka",
          "Player2": "LuckyLuce",
          "Result": "2-0-0"
        },
        {
          "Player1": "_Tia93_",
          "Player2": "RespectTheCat",
          "Result": "0-2-0"
        },
        {
          "Player1": "imthekiing",
          "Player2": "Fatal_Vlad",
          "Result": "2-0-0"
        },
        {
          "Player1": "Selfeisek",
          "Player2": "yriel",
          "Result": "0-2-0"
        },
        {
          "Player1": "hugofreitas1",
          "Player2": "NathanOfTheGiltLeaf",
          "Result": "2-0-0"
        },
        {
          "Player1": "XS3sh1r0X",
          "Player2": "Skpchino",
          "Result": "0-2-0"
        },
        {
          "Player1": "Golgarburr",
          "Player2": "House565",
          "Result": "2-0-0"
        },
        {
          "Player1": "bomberboss",
          "Player2": "Deathmaxx",
          "Result": "0-2-0"
        },
        {
          "Player1": "Ravenwings",
          "Player2": "DemianDesposito10",
          "Result": "0-2-0"
        },
        {
          "Player1": "rastaf",
          "Player2": "Doomenstein",
          "Result": "0-0-0"
        },
        {
          "Player1": "PTarts2win",
          "Player2": "Badcookie",
          "Result": "2-0-0"
        },
        {
          "Player1": "Capitano_CL",
          "Player2": "Moe12",
          "Result": "0-2-0"
        },
        {
          "Player1": "parkss",
          "Player2": "Mistakenn",
          "Result": "0-2-0"
        }
      ]
    },
    {
      "RoundName": "Round 6",
      "Matches": [
        {
          "Player1": "Edel",
          "Player2": "Asa_Akira",
          "Result": "0-2-0"
        },
        {
          "Player1": "Skpchino",
          "Player2": "MeninooNey",
          "Result": "0-0-0"
        },
        {
          "Player1": "Golgarburr",
          "Player2": "RespectTheCat",
          "Result": "0-2-0"
        },
        {
          "Player1": "TheKG",
          "Player2": "NathanOfTheGiltLeaf",
          "Result": "2-0-0"
        },
        {
          "Player1": "Capitano_CL",
          "Player2": "draco09",
          "Result": "2-0-0"
        },
        {
          "Player1": "henry_morehouse",
          "Player2": "Pandatomik",
          "Result": "2-0-0"
        },
        {
          "Player1": "doom580",
          "Player2": "YopopMTG",
          "Result": "0-2-0"
        },
        {
          "Player1": "Mistakenn",
          "Player2": "Fatal_Vlad",
          "Result": "2-0-0"
        },
        {
          "Player1": "rastaf",
          "Player2": "Javieloide",
          "Result": "0-2-0"
        },
        {
          "Player1": "Anaxkoraz",
          "Player2": "Matts",
          "Result": "0-2-0"
        },
        {
          "Player1": "XS3sh1r0X",
          "Player2": "NormanCar",
          "Result": "0-0-0"
        },
        {
          "Player1": "termidor",
          "Player2": "Doomenstein",
          "Result": "0-2-0"
        },
        {
          "Player1": "imthekiing",
          "Player2": "Moe12",
          "Result": "2-0-0"
        },
        {
          "Player1": "andycsoto",
          "Player2": "Badcookie",
          "Result": "2-0-0"
        },
        {
          "Player1": "Patxi",
          "Player2": "_Tia93_",
          "Result": "2-0-0"
        },
        {
          "Player1": "Selfeisek",
          "Player2": "Meumeunome",
          "Result": "0-2-0"
        },
        {
          "Player1": "bomberboss",
          "Player2": "noodle_boi",
          "Result": "0-2-0"
        },
        {
          "Player1": "cojase",
          "Player2": "Mega_Man",
          "Result": "0-2-0"
        },
        {
          "Player1": "manukoka",
          "Player2": "DemianDesposito10",
          "Result": "2-0-0"
        },
        {
          "Player1": "Deathmaxx",
          "Player2": "Synaptic0n",
          "Result": "2-0-0"
        },
        {
          "Player1": "LuckyLuce",
          "Player2": "House565",
          "Result": "2-0-0"
        },
        {
          "Player1": "PTarts2win",
          "Player2": "SilversRayleigh",
          "Result": "2-0-0"
        },
        {
          "Player1": "hugofreitas1",
          "Player2": "yriel",
          "Result": "2-0-0"
        }
      ]
    },
    {
      "RoundName": "Round 7",
      "Matches": [
        {
          "Player1": "Skpchino",
          "Player2": "henry_morehouse",
          "Result": "2-0-0"
        },
        {
          "Player1": "Selfeisek",
          "Player2": "Pandatomik",
          "Result": "2-0-0"
        },
        {
          "Player1": "cojase",
          "Player2": "Fatal_Vlad",
          "Result": "2-0-0"
        },
        {
          "Player1": "Golgarburr",
          "Player2": "NathanOfTheGiltLeaf",
          "Result": "0-2-0"
        },
        {
          "Player1": "TheKG",
          "Player2": "hugofreitas1",
          "Result": "2-0-0"
        },
        {
          "Player1": "yriel",
          "Player2": "Deathmaxx",
          "Result": "2-0-0"
        },
        {
          "Player1": "PTarts2win",
          "Player2": "YopopMTG",
          "Result": "0-2-0"
        },
        {
          "Player1": "House565",
          "Player2": "Asa_Akira",
          "Result": "2-0-0"
        },
        {
          "Player1": "Patxi",
          "Player2": "manukoka",
          "Result": "0-2-0"
        },
        {
          "Player1": "Matts",
          "Player2": "SilversRayleigh",
          "Result": "0-2-0"
        },
        {
          "Player1": "Javieloide",
          "Player2": "Badcookie",
          "Result": "2-0-0"
        },
        {
          "Player1": "rastaf",
          "Player2": "Anaxkoraz",
          "Result": "0-2-0"
        },
        {
          "Player1": "imthekiing",
          "Player2": "RespectTheCat",
          "Result": "2-0-0"
        },
        {
          "Player1": "Mistakenn",
          "Player2": "Meumeunome",
          "Result": "0-2-0"
        },
        {
          "Player1": "XS3sh1r0X",
          "Player2": "Doomenstein",
          "Result": "0-2-0"
        },
        {
          "Player1": "noodle_boi",
          "Player2": "Synaptic0n",
          "Result": "2-0-0"
        },
        {
          "Player1": "doom580",
          "Player2": "DemianDesposito10",
          "Result": "0-2-0"
        },
        {
          "Player1": "Mega_Man",
          "Player2": "MeninooNey",
          "Result": "0-2-0"
        },
        {
          "Player1": "andycsoto",
          "Player2": "_Tia93_",
          "Result": "0-2-0"
        },
        {
          "Player1": "Moe12",
          "Player2": "NormanCar",
          "Result": "0-2-0"
        },
        {
          "Player1": "Capitano_CL",
          "Player2": "LuckyLuce",
          "Result": "0-2-0"
        }
      ]
    },
    {
      "RoundName": "Round 8",
      "Matches": [
        {
          "Player1": "Skpchino",
          "Player2": "Selfeisek",
          "Result": "2-0-0"
        },
        {
          "Player1": "TheKG",
          "Player2": "RespectTheCat",
          "Result": "2-0-0"
        },
        {
          "Player1": "imthekiing",
          "Player2": "yriel",
          "Result": "0-2-0"
        },
        {
          "Player1": "henry_morehouse",
          "Player2": "hugofreitas1",
          "Result": "0-2-0"
        }
      ]
    },
    {
      "RoundName": "Round 9",
      "Matches": [
        {
          "Player1": "hugofreitas1",
          "Player2": "yriel",
          "Result": "0-2-0"
        },
        {
          "Player1": "Skpchino",
          "Player2": "TheKG",
          "Result": "0-2-0"
        }
      ]
    },
    {
      "RoundName": "Round 10",
      "Matches": [
        {
          "Player1": "TheKG",
          "Player2": "yriel",
          "Result": "2-0-0"
        }
      ]
    }
  ],
  "Standings": [
    {
      "Rank": 73,
      "Player": "Lightspirit",
      "Points": 0,
      "Wins": 0,
      "Losses": 0,
      "Draws": 0,
      "OMWP": 0.3667,
      "GWP": 0.3333,
      "OGWP": 0.375
    },
    {
      "Rank": 72,
      "Player": "Varo",
      "Points": 0,
      "Wins": 0,
      "Losses": 0,
      "Draws": 0,
      "OMWP": 0.4524,
      "GWP": 0.2,
      "OGWP": 0.5084000000000001
    },
    {
      "Rank": 71,
      "Player": "Bugsy69",
      "Points": 0,
      "Wins": 0,
      "Losses": 0,
      "Draws": 0,
      "OMWP": 0.4643,
      "GWP": 0,
      "OGWP": 0.4722
    },
    {
      "Rank": 70,
      "Player": "Smiteon",
      "Points": 0,
      "Wins": 0,
      "Losses": 0,
      "Draws": 0,
      "OMWP": 0.5238,
      "GWP": 0.2,
      "OGWP": 0.55
    },
    {
      "Rank": 69,
      "Player": "fudgems",
      "Points": 0,
      "Wins": 0,
      "Losses": 0,
      "Draws": 0,
      "OMWP": 0.5238,
      "GWP": 0.3333,
      "OGWP": 0.4902
    },
    {
      "Rank": 68,
      "Player": "goz_take",
      "Points": 0,
      "Wins": 0,
      "Losses": 0,
      "Draws": 0,
      "OMWP": 0.6667000000000001,
      "GWP": 0.3333,
      "OGWP": 0.581
    },
    {
      "Rank": 67,
      "Player": "PetrKikac1",
      "Points": 0,
      "Wins": 0,
      "Losses": 0,
      "Draws": 0,
      "OMWP": 0.6825,
      "GWP": 0.1429,
      "OGWP": 0.5827
    },
    {
      "Rank": 66,
      "Player": "EvolveMTG",
      "Points": 0,
      "Wins": 0,
      "Losses": 0,
      "Draws": 0,
      "OMWP": 0.7143,
      "GWP": 0,
      "OGWP": 0.625
    },
    {
      "Rank": 65,
      "Player": "TSPJendrek",
      "Points": 0,
      "Wins": 0,
      "Losses": 0,
      "Draws": 0,
      "OMWP": 0.7143,
      "GWP": 0,
      "OGWP": 0.7143
    },
    {
      "Rank": 64,
      "Player": "IWillbreathe",
      "Points": 3,
      "Wins": 0,
      "Losses": 0,
      "Draws": 0,
      "OMWP": 0.3651,
      "GWP": 0.4286,
      "OGWP": 0.3889
    },
    {
      "Rank": 63,
      "Player": "ShadowTitan1",
      "Points": 3,
      "Wins": 0,
      "Losses": 0,
      "Draws": 0,
      "OMWP": 0.3651,
      "GWP": 0.5,
      "OGWP": 0.3704
    },
    {
      "Rank": 62,
      "Player": "SkolemChi",
      "Points": 3,
      "Wins": 0,
      "Losses": 0,
      "Draws": 0,
      "OMWP": 0.4181,
      "GWP": 0.23079999999999998,
      "OGWP": 0.4579
    },
    {
      "Rank": 61,
      "Player": "Skrocious",
      "Points": 3,
      "Wins": 0,
      "Losses": 0,
      "Draws": 0,
      "OMWP": 0.4476,
      "GWP": 0.25,
      "OGWP": 0.4857
    },
    {
      "Rank": 60,
      "Player": "mrtoolshed",
      "Points": 3,
      "Wins": 0,
      "Losses": 0,
      "Draws": 0,
      "OMWP": 0.4524,
      "GWP": 0.4286,
      "OGWP": 0.4167
    },
    {
      "Rank": 59,
      "Player": "aspiringspike",
      "Points": 3,
      "Wins": 0,
      "Losses": 0,
      "Draws": 0,
      "OMWP": 0.4683,
      "GWP": 0.2857,
      "OGWP": 0.4739
    },
    {
      "Rank": 58,
      "Player": "albertoSD",
      "Points": 3,
      "Wins": 0,
      "Losses": 0,
      "Draws": 0,
      "OMWP": 0.47619999999999996,
      "GWP": 0.2857,
      "OGWP": 0.4877
    },
    {
      "Rank": 57,
      "Player": "rastaf",
      "Points": 3,
      "Wins": 0,
      "Losses": 0,
      "Draws": 0,
      "OMWP": 0.5129,
      "GWP": 0.2778,
      "OGWP": 0.5123
    },
    {
      "Rank": 56,
      "Player": "Xenowan",
      "Points": 3,
      "Wins": 0,
      "Losses": 0,
      "Draws": 0,
      "OMWP": 0.5476,
      "GWP": 0.3,
      "OGWP": 0.5511
    },
    {
      "Rank": 55,
      "Player": "unworldlyorigin",
      "Points": 3,
      "Wins": 0,
      "Losses": 0,
      "Draws": 0,
      "OMWP": 0.5905,
      "GWP": 0.4,
      "OGWP": 0.4928
    },
    {
      "Rank": 54,
      "Player": "Ravenwings",
      "Points": 6,
      "Wins": 0,
      "Losses": 0,
      "Draws": 0,
      "OMWP": 0.4286,
      "GWP": 0.46149999999999997,
      "OGWP": 0.41759999999999997
    },
    {
      "Rank": 53,
      "Player": "Matts",
      "Points": 6,
      "Wins": 0,
      "Losses": 0,
      "Draws": 0,
      "OMWP": 0.434,
      "GWP": 0.3333,
      "OGWP": 0.45280000000000004
    },
    {
      "Rank": 52,
      "Player": "Anaxkoraz",
      "Points": 6,
      "Wins": 0,
      "Losses": 0,
      "Draws": 0,
      "OMWP": 0.449,
      "GWP": 0.29410000000000003,
      "OGWP": 0.4771
    },
    {
      "Rank": 51,
      "Player": "xRagedFurballx",
      "Points": 6,
      "Wins": 0,
      "Losses": 0,
      "Draws": 0,
      "OMWP": 0.4524,
      "GWP": 0.46149999999999997,
      "OGWP": 0.4269
    },
    {
      "Rank": 50,
      "Player": "Badcookie",
      "Points": 6,
      "Wins": 0,
      "Losses": 0,
      "Draws": 0,
      "OMWP": 0.5034000000000001,
      "GWP": 0.2667,
      "OGWP": 0.4888
    },
    {
      "Rank": 49,
      "Player": "Kotte89",
      "Points": 6,
      "Wins": 0,
      "Losses": 0,
      "Draws": 0,
      "OMWP": 0.5047999999999999,
      "GWP": 0.4167,
      "OGWP": 0.4818
    },
    {
      "Rank": 48,
      "Player": "Misplacedginger",
      "Points": 6,
      "Wins": 0,
      "Losses": 0,
      "Draws": 0,
      "OMWP": 0.5047999999999999,
      "GWP": 0.5,
      "OGWP": 0.4963
    },
    {
      "Rank": 47,
      "Player": "Young_Shaman",
      "Points": 6,
      "Wins": 0,
      "Losses": 0,
      "Draws": 0,
      "OMWP": 0.5214,
      "GWP": 0.4,
      "OGWP": 0.5284
    },
    {
      "Rank": 46,
      "Player": "bomberboss",
      "Points": 6,
      "Wins": 0,
      "Losses": 0,
      "Draws": 0,
      "OMWP": 0.5508,
      "GWP": 0.3333,
      "OGWP": 0.5382
    },
    {
      "Rank": 45,
      "Player": "Edel",
      "Points": 6,
      "Wins": 0,
      "Losses": 0,
      "Draws": 0,
      "OMWP": 0.5556,
      "GWP": 0.35710000000000003,
      "OGWP": 0.5423
    },
    {
      "Rank": 44,
      "Player": "parkss",
      "Points": 6,
      "Wins": 0,
      "Losses": 0,
      "Draws": 0,
      "OMWP": 0.5714,
      "GWP": 0.4286,
      "OGWP": 0.5416
    },
    {
      "Rank": 43,
      "Player": "Xerk",
      "Points": 6,
      "Wins": 0,
      "Losses": 0,
      "Draws": 0,
      "OMWP": 0.5771000000000001,
      "GWP": 0.4167,
      "OGWP": 0.515
    },
    {
      "Rank": 42,
      "Player": "tabunghasisi",
      "Points": 6,
      "Wins": 0,
      "Losses": 0,
      "Draws": 0,
      "OMWP": 0.5832999999999999,
      "GWP": 0.5,
      "OGWP": 0.5418
    },
    {
      "Rank": 41,
      "Player": "termidor",
      "Points": 6,
      "Wins": 0,
      "Losses": 0,
      "Draws": 0,
      "OMWP": 0.6905,
      "GWP": 0.44439999999999996,
      "OGWP": 0.6147
    },
    {
      "Rank": 40,
      "Player": "Javieloide",
      "Points": 9,
      "Wins": 0,
      "Losses": 0,
      "Draws": 0,
      "OMWP": 0.449,
      "GWP": 0.5,
      "OGWP": 0.442
    },
    {
      "Rank": 39,
      "Player": "andycsoto",
      "Points": 9,
      "Wins": 0,
      "Losses": 0,
      "Draws": 0,
      "OMWP": 0.4558,
      "GWP": 0.4706,
      "OGWP": 0.44310000000000005
    },
    {
      "Rank": 38,
      "Player": "doom580",
      "Points": 9,
      "Wins": 0,
      "Losses": 0,
      "Draws": 0,
      "OMWP": 0.4993,
      "GWP": 0.44439999999999996,
      "OGWP": 0.5249
    },
    {
      "Rank": 37,
      "Player": "Synaptic0n",
      "Points": 9,
      "Wins": 0,
      "Losses": 0,
      "Draws": 0,
      "OMWP": 0.5196999999999999,
      "GWP": 0.5,
      "OGWP": 0.5103
    },
    {
      "Rank": 36,
      "Player": "SilversRayleigh",
      "Points": 9,
      "Wins": 0,
      "Losses": 0,
      "Draws": 0,
      "OMWP": 0.5238,
      "GWP": 0.4706,
      "OGWP": 0.5136999999999999
    },
    {
      "Rank": 35,
      "Player": "Asa_Akira",
      "Points": 9,
      "Wins": 0,
      "Losses": 0,
      "Draws": 0,
      "OMWP": 0.5442,
      "GWP": 0.47369999999999995,
      "OGWP": 0.5468999999999999
    },
    {
      "Rank": 34,
      "Player": "karatedom",
      "Points": 9,
      "Wins": 0,
      "Losses": 0,
      "Draws": 0,
      "OMWP": 0.5467,
      "GWP": 0.46149999999999997,
      "OGWP": 0.5261
    },
    {
      "Rank": 33,
      "Player": "draco09",
      "Points": 9,
      "Wins": 0,
      "Losses": 0,
      "Draws": 0,
      "OMWP": 0.5794,
      "GWP": 0.5,
      "OGWP": 0.5285
    },
    {
      "Rank": 32,
      "Player": "Fatal_Vlad",
      "Points": 9,
      "Wins": 0,
      "Losses": 0,
      "Draws": 0,
      "OMWP": 0.5946,
      "GWP": 0.5,
      "OGWP": 0.546
    },
    {
      "Rank": 31,
      "Player": "XS3sh1r0X",
      "Points": 9,
      "Wins": 0,
      "Losses": 0,
      "Draws": 0,
      "OMWP": 0.615,
      "GWP": 0.375,
      "OGWP": 0.5847
    },
    {
      "Rank": 30,
      "Player": "noodle_boi",
      "Points": 12,
      "Wins": 0,
      "Losses": 0,
      "Draws": 0,
      "OMWP": 0.41840000000000005,
      "GWP": 0.55,
      "OGWP": 0.44020000000000004
    },
    {
      "Rank": 29,
      "Player": "Mistakenn",
      "Points": 12,
      "Wins": 0,
      "Losses": 0,
      "Draws": 0,
      "OMWP": 0.4204,
      "GWP": 0.5263,
      "OGWP": 0.4593
    },
    {
      "Rank": 28,
      "Player": "Doomenstein",
      "Points": 12,
      "Wins": 0,
      "Losses": 0,
      "Draws": 0,
      "OMWP": 0.4286,
      "GWP": 0.5333,
      "OGWP": 0.4379
    },
    {
      "Rank": 27,
      "Player": "cojase",
      "Points": 12,
      "Wins": 0,
      "Losses": 0,
      "Draws": 0,
      "OMWP": 0.43810000000000004,
      "GWP": 0.5882000000000001,
      "OGWP": 0.46149999999999997
    },
    {
      "Rank": 26,
      "Player": "DemianDesposito10",
      "Points": 12,
      "Wins": 0,
      "Losses": 0,
      "Draws": 0,
      "OMWP": 0.48229999999999995,
      "GWP": 0.5882000000000001,
      "OGWP": 0.4842
    },
    {
      "Rank": 25,
      "Player": "Deathmaxx",
      "Points": 12,
      "Wins": 0,
      "Losses": 0,
      "Draws": 0,
      "OMWP": 0.5034000000000001,
      "GWP": 0.55,
      "OGWP": 0.5052
    },
    {
      "Rank": 24,
      "Player": "Capitano_CL",
      "Points": 12,
      "Wins": 0,
      "Losses": 0,
      "Draws": 0,
      "OMWP": 0.5272,
      "GWP": 0.5,
      "OGWP": 0.505
    },
    {
      "Rank": 23,
      "Player": "_Tia93_",
      "Points": 12,
      "Wins": 0,
      "Losses": 0,
      "Draws": 0,
      "OMWP": 0.534,
      "GWP": 0.5882000000000001,
      "OGWP": 0.49579999999999996
    },
    {
      "Rank": 22,
      "Player": "PTarts2win",
      "Points": 12,
      "Wins": 0,
      "Losses": 0,
      "Draws": 0,
      "OMWP": 0.5537,
      "GWP": 0.5263,
      "OGWP": 0.5281
    },
    {
      "Rank": 21,
      "Player": "Moe12",
      "Points": 12,
      "Wins": 0,
      "Losses": 0,
      "Draws": 0,
      "OMWP": 0.5537,
      "GWP": 0.5333,
      "OGWP": 0.5101
    },
    {
      "Rank": 20,
      "Player": "Golgarburr",
      "Points": 12,
      "Wins": 0,
      "Losses": 0,
      "Draws": 0,
      "OMWP": 0.5578,
      "GWP": 0.5882000000000001,
      "OGWP": 0.5169
    },
    {
      "Rank": 19,
      "Player": "House565",
      "Points": 12,
      "Wins": 0,
      "Losses": 0,
      "Draws": 0,
      "OMWP": 0.568,
      "GWP": 0.5789,
      "OGWP": 0.5303
    },
    {
      "Rank": 18,
      "Player": "Patxi",
      "Points": 12,
      "Wins": 0,
      "Losses": 0,
      "Draws": 0,
      "OMWP": 0.6327,
      "GWP": 0.5789,
      "OGWP": 0.5907
    },
    {
      "Rank": 17,
      "Player": "Mega_Man",
      "Points": 12,
      "Wins": 0,
      "Losses": 0,
      "Draws": 0,
      "OMWP": 0.6367,
      "GWP": 0.6470999999999999,
      "OGWP": 0.5758
    },
    {
      "Rank": 16,
      "Player": "Pandatomik",
      "Points": 12,
      "Wins": 0,
      "Losses": 0,
      "Draws": 0,
      "OMWP": 0.6898000000000001,
      "GWP": 0.5556,
      "OGWP": 0.6075
    },
    {
      "Rank": 15,
      "Player": "NormanCar",
      "Points": 15,
      "Wins": 0,
      "Losses": 0,
      "Draws": 0,
      "OMWP": 0.4388,
      "GWP": 0.6470999999999999,
      "OGWP": 0.42340000000000005
    },
    {
      "Rank": 14,
      "Player": "YopopMTG",
      "Points": 15,
      "Wins": 0,
      "Losses": 0,
      "Draws": 0,
      "OMWP": 0.4694,
      "GWP": 0.7143,
      "OGWP": 0.46009999999999995
    },
    {
      "Rank": 13,
      "Player": "LuckyLuce",
      "Points": 15,
      "Wins": 0,
      "Losses": 0,
      "Draws": 0,
      "OMWP": 0.5129,
      "GWP": 0.6,
      "OGWP": 0.4953
    },
    {
      "Rank": 12,
      "Player": "manukoka",
      "Points": 15,
      "Wins": 0,
      "Losses": 0,
      "Draws": 0,
      "OMWP": 0.517,
      "GWP": 0.6,
      "OGWP": 0.5181
    },
    {
      "Rank": 11,
      "Player": "Meumeunome",
      "Points": 15,
      "Wins": 0,
      "Losses": 0,
      "Draws": 0,
      "OMWP": 0.5272,
      "GWP": 0.6470999999999999,
      "OGWP": 0.5214
    },
    {
      "Rank": 10,
      "Player": "MeninooNey",
      "Points": 15,
      "Wins": 0,
      "Losses": 0,
      "Draws": 0,
      "OMWP": 0.5675,
      "GWP": 0.5882000000000001,
      "OGWP": 0.5687
    },
    {
      "Rank": 9,
      "Player": "NathanOfTheGiltLeaf",
      "Points": 15,
      "Wins": 0,
      "Losses": 0,
      "Draws": 0,
      "OMWP": 0.5748,
      "GWP": 0.6111,
      "OGWP": 0.5273
    },
    {
      "Rank": 8,
      "Player": "henry_morehouse",
      "Points": 15,
      "Wins": 0,
      "Losses": 0,
      "Draws": 0,
      "OMWP": 0.5986,
      "GWP": 0.6470999999999999,
      "OGWP": 0.5961
    },
    {
      "Rank": 7,
      "Player": "RespectTheCat",
      "Points": 15,
      "Wins": 0,
      "Losses": 0,
      "Draws": 0,
      "OMWP": 0.6053999999999999,
      "GWP": 0.6875,
      "OGWP": 0.5438000000000001
    },
    {
      "Rank": 6,
      "Player": "Selfeisek",
      "Points": 15,
      "Wins": 0,
      "Losses": 0,
      "Draws": 0,
      "OMWP": 0.615,
      "GWP": 0.625,
      "OGWP": 0.5899
    },
    {
      "Rank": 5,
      "Player": "imthekiing",
      "Points": 18,
      "Wins": 0,
      "Losses": 0,
      "Draws": 0,
      "OMWP": 0.5442,
      "GWP": 0.65,
      "OGWP": 0.5252
    },
    {
      "Rank": 4,
      "Player": "Skpchino",
      "Points": 21,
      "Wins": 0,
      "Losses": 0,
      "Draws": 0,
      "OMWP": 0.551,
      "GWP": 0.7646999999999999,
      "OGWP": 0.5257000000000001
    },
    {
      "Rank": 3,
      "Player": "hugofreitas1",
      "Points": 21,
      "Wins": 0,
      "Losses": 0,
      "Draws": 0,
      "OMWP": 0.7347,
      "GWP": 0.6667000000000001,
      "OGWP": 0.6496
    },
    {
      "Rank": 2,
      "Player": "yriel",
      "Points": 24,
      "Wins": 0,
      "Losses": 0,
      "Draws": 0,
      "OMWP": 0.5196999999999999,
      "GWP": 0.7646999999999999,
      "OGWP": 0.48729999999999996
    },
    {
      "Rank": 1,
      "Player": "TheKG",
      "Points": 27,
      "Wins": 0,
      "Losses": 0,
      "Draws": 0,
      "OMWP": 0.5585,
      "GWP": 0.6667000000000001,
      "OGWP": 0.5104
    }
  ]
}