{
  "Tournament": {
    "Id": 12802795,
    "Date": "2025-07-11T14:00:00",
    "Name": "Pioneer Challenge 32",
    "Uri": null,
    "JsonFile": null,
    "ForceRedownload": false
  },
  "Decks": null,
  "Rounds": [
    {
      "RoundName": "Round 1",
      "Matches": [
        {
          "Player1": "sokos13",
          "Player2": "marolanzi",
          "Result": "2-0-0"
        },
        {
          "Player1": "AFX",
          "Player2": "DrPP",
          "Result": "2-0-0"
        },
        {
          "Player1": "Brunninho",
          "Player2": "Shulk",
          "Result": "2-0-0"
        },
        {
          "Player1": "kytk321",
          "Player2": "maytwer",
          "Result": "2-0-0"
        },
        {
          "Player1": "_Shatun_",
          "Player2": "_Falcon_",
          "Result": "2-0-0"
        },
        {
          "Player1": "O_danielakos",
          "Player2": "BERNASTORRES",
          "Result": "2-1-0"
        },
        {
          "Player1": "Ettore09",
          "Player2": "TadalaDe20",
          "Result": "2-0-0"
        },
        {
          "Player1": "GzusReturned",
          "Player2": "Asa_Akira",
          "Result": "0-2-0"
        },
        {
          "Player1": "monzatubarao",
          "Player2": "Egorable",
          "Result": "0-0-0"
        },
        {
          "Player1": "rushi_00",
          "Player2": "FlawlessVictory-",
          "Result": "2-0-0"
        },
        {
          "Player1": "mavzero87",
          "Player2": "deleon91",
          "Result": "2-0-0"
        },
        {
          "Player1": "MJ_23",
          "Player2": "VitorCarvalho01",
          "Result": "0-0-0"
        },
        {
          "Player1": "Tsubasa_Cat",
          "Player2": "boytriton",
          "Result": "0-2-0"
        },
        {
          "Player1": "Arkany1",
          "Player2": "PedraStone",
          "Result": "2-0-0"
        },
        {
          "Player1": "albertoSD",
          "Player2": "upumpa89",
          "Result": "0-2-0"
        },
        {
          "Player1": "_Batutinha_",
          "Player2": "LuffyDoChapeuDePalha",
          "Result": "2-0-0"
        },
        {
          "Player1": "amaransneak",
          "Player2": "koornfrost",
          "Result": "0-0-0"
        },
        {
          "Player1": "moon11",
          "Player2": "wkmidori",
          "Result": "2-0-0"
        },
        {
          "Player1": "kobayui",
          "Player2": "xRagedFurballx",
          "Result": "0-2-0"
        },
        {
          "Player1": "karatedom",
          "Player2": "Mateusf34",
          "Result": "0-2-0"
        },
        {
          "Player1": "Navas",
          "Player2": "DavidPierceUTA",
          "Result": "2-0-0"
        },
        {
          "Player1": "Venom1",
          "Player2": "magical-yo-kun",
          "Result": "2-0-0"
        }
      ]
    },
    {
      "RoundName": "Round 2",
      "Matches": [
        {
          "Player1": "DrPP",
          "Player2": "FlawlessVictory-",
          "Result": "0-2-0"
        },
        {
          "Player1": "maytwer",
          "Player2": "Shulk",
          "Result": "0-2-0"
        },
        {
          "Player1": "deleon91",
          "Player2": "DavidPierceUTA",
          "Result": "0-2-0"
        },
        {
          "Player1": "MJ_23",
          "Player2": "amaransneak",
          "Result": "0-2-0"
        },
        {
          "Player1": "sokos13",
          "Player2": "moon11",
          "Result": "2-0-0"
        },
        {
          "Player1": "_Batutinha_",
          "Player2": "rushi_00",
          "Result": "0-2-0"
        },
        {
          "Player1": "marolanzi",
          "Player2": "GzusReturned",
          "Result": "0-2-0"
        },
        {
          "Player1": "Tsubasa_Cat",
          "Player2": "Egorable",
          "Result": "2-0-0"
        },
        {
          "Player1": "Arkany1",
          "Player2": "monzatubarao",
          "Result": "2-0-0"
        },
        {
          "Player1": "Asa_Akira",
          "Player2": "VitorCarvalho01",
          "Result": "0-2-0"
        },
        {
          "Player1": "upumpa89",
          "Player2": "xRagedFurballx",
          "Result": "2-0-0"
        },
        {
          "Player1": "Brunninho",
          "Player2": "Mateusf34",
          "Result": "0-2-0"
        },
        {
          "Player1": "AFX",
          "Player2": "kobayui",
          "Result": "0-0-0"
        },
        {
          "Player1": "_Shatun_",
          "Player2": "SpockVidaLoka",
          "Result": "0-2-0"
        },
        {
          "Player1": "albertoSD",
          "Player2": "PedraStone",
          "Result": "0-2-0"
        },
        {
          "Player1": "magical-yo-kun",
          "Player2": "LuffyDoChapeuDePalha",
          "Result": "0-2-0"
        },
        {
          "Player1": "Venom1",
          "Player2": "Ettore09",
          "Result": "0-2-0"
        },
        {
          "Player1": "BERNASTORRES",
          "Player2": "wkmidori",
          "Result": "0-2-0"
        },
        {
          "Player1": "O_danielakos",
          "Player2": "boytriton",
          "Result": "2-0-0"
        },
        {
          "Player1": "karatedom",
          "Player2": "_Falcon_",
          "Result": "2-0-0"
        },
        {
          "Player1": "mavzero87",
          "Player2": "koornfrost",
          "Result": "0-0-0"
        },
        {
          "Player1": "Navas",
          "Player2": "kytk321",
          "Result": "0-2-0"
        }
      ]
    },
    {
      "RoundName": "Round 3",
      "Matches": [
        {
          "Player1": "MJ_23",
          "Player2": "maytwer",
          "Result": "0-0-0"
        },
        {
          "Player1": "sokos13",
          "Player2": "Arkany1",
          "Result": "0-2-0"
        },
        {
          "Player1": "moon11",
          "Player2": "koornfrost",
          "Result": "2-0-0"
        },
        {
          "Player1": "xRagedFurballx",
          "Player2": "boytriton",
          "Result": "2-0-0"
        },
        {
          "Player1": "rushi_00",
          "Player2": "kytk321",
          "Result": "2-0-0"
        },
        {
          "Player1": "marolanzi",
          "Player2": "_Falcon_",
          "Result": "2-0-0"
        },
        {
          "Player1": "monzatubarao",
          "Player2": "FlawlessVictory-",
          "Result": "0-2-0"
        },
        {
          "Player1": "mavzero87",
          "Player2": "O_danielakos",
          "Result": "0-2-0"
        },
        {
          "Player1": "_Shatun_",
          "Player2": "amaransneak",
          "Result": "0-2-0"
        },
        {
          "Player1": "kobayui",
          "Player2": "DavidPierceUTA",
          "Result": "2-0-0"
        },
        {
          "Player1": "PedraStone",
          "Player2": "GzusReturned",
          "Result": "0-2-0"
        },
        {
          "Player1": "LuffyDoChapeuDePalha",
          "Player2": "Asa_Akira",
          "Result": "0-2-0"
        },
        {
          "Player1": "Navas",
          "Player2": "karatedom",
          "Result": "2-0-0"
        },
        {
          "Player1": "BERNASTORRES",
          "Player2": "deleon91",
          "Result": "2-0-0"
        },
        {
          "Player1": "Tsubasa_Cat",
          "Player2": "TadalaDe20",
          "Result": "2-0-0"
        },
        {
          "Player1": "Ettore09",
          "Player2": "Brunninho",
          "Result": "0-2-0"
        },
        {
          "Player1": "Mateusf34",
          "Player2": "VitorCarvalho01",
          "Result": "2-0-0"
        },
        {
          "Player1": "_Batutinha_",
          "Player2": "Shulk",
          "Result": "2-0-0"
        },
        {
          "Player1": "DrPP",
          "Player2": "wkmidori",
          "Result": "2-0-0"
        },
        {
          "Player1": "upumpa89",
          "Player2": "SpockVidaLoka",
          "Result": "0-2-0"
        },
        {
          "Player1": "AFX",
          "Player2": "Venom1",
          "Result": "0-2-0"
        }
      ]
    },
    {
      "RoundName": "Round 4",
      "Matches": [
        {
          "Player1": "moon11",
          "Player2": "Tsubasa_Cat",
          "Result": "0-0-0"
        },
        {
          "Player1": "koornfrost",
          "Player2": "Egorable",
          "Result": "0-2-0"
        },
        {
          "Player1": "_Batutinha_",
          "Player2": "Arkany1",
          "Result": "0-0-0"
        },
        {
          "Player1": "marolanzi",
          "Player2": "Shulk",
          "Result": "2-0-0"
        },
        {
          "Player1": "BERNASTORRES",
          "Player2": "DavidPierceUTA",
          "Result": "0-2-0"
        },
        {
          "Player1": "upumpa89",
          "Player2": "Asa_Akira",
          "Result": "2-0-0"
        },
        {
          "Player1": "karatedom",
          "Player2": "TadalaDe20",
          "Result": "0-2-0"
        },
        {
          "Player1": "sokos13",
          "Player2": "kobayui",
          "Result": "2-0-0"
        },
        {
          "Player1": "monzatubarao",
          "Player2": "boytriton",
          "Result": "2-0-0"
        },
        {
          "Player1": "Brunninho",
          "Player2": "xRagedFurballx",
          "Result": "2-0-0"
        },
        {
          "Player1": "VitorCarvalho01",
          "Player2": "Venom1",
          "Result": "0-2-0"
        },
        {
          "Player1": "amaransneak",
          "Player2": "LuffyDoChapeuDePalha",
          "Result": "0-2-0"
        },
        {
          "Player1": "kytk321",
          "Player2": "FlawlessVictory-",
          "Result": "0-0-0"
        },
        {
          "Player1": "O_danielakos",
          "Player2": "Mateusf34",
          "Result": "2-0-0"
        },
        {
          "Player1": "AFX",
          "Player2": "deleon91",
          "Result": "2-0-0"
        },
        {
          "Player1": "_Shatun_",
          "Player2": "PedraStone",
          "Result": "0-2-0"
        },
        {
          "Player1": "rushi_00",
          "Player2": "SpockVidaLoka",
          "Result": "2-0-0"
        },
        {
          "Player1": "MJ_23",
          "Player2": "DrPP",
          "Result": "2-1-0"
        },
        {
          "Player1": "mavzero87",
          "Player2": "Ettore09",
          "Result": "2-0-0"
        },
        {
          "Player1": "Navas",
          "Player2": "GzusReturned",
          "Result": "2-0-0"
        }
      ]
    },
    {
      "RoundName": "Round 5",
      "Matches": [
        {
          "Player1": "LuffyDoChapeuDePalha",
          "Player2": "PedraStone",
          "Result": "2-0-0"
        },
        {
          "Player1": "_Shatun_",
          "Player2": "DrPP",
          "Result": "2-0-0"
        },
        {
          "Player1": "Tsubasa_Cat",
          "Player2": "DavidPierceUTA",
          "Result": "2-0-0"
        },
        {
          "Player1": "Mateusf34",
          "Player2": "GzusReturned",
          "Result": "2-0-0"
        },
        {
          "Player1": "Venom1",
          "Player2": "upumpa89",
          "Result": "0-2-0"
        },
        {
          "Player1": "sokos13",
          "Player2": "mavzero87",
          "Result": "0-2-0"
        },
        {
          "Player1": "maytwer",
          "Player2": "FlawlessVictory-",
          "Result": "2-0-0"
        },
        {
          "Player1": "BERNASTORRES",
          "Player2": "boytriton",
          "Result": "0-2-0"
        },
        {
          "Player1": "Brunninho",
          "Player2": "kytk321",
          "Result": "0-2-0"
        },
        {
          "Player1": "xRagedFurballx",
          "Player2": "VitorCarvalho01",
          "Result": "0-2-0"
        },
        {
          "Player1": "Navas",
          "Player2": "Arkany1",
          "Result": "0-2-0"
        },
        {
          "Player1": "MJ_23",
          "Player2": "marolanzi",
          "Result": "0-0-0"
        },
        {
          "Player1": "moon11",
          "Player2": "SpockVidaLoka",
          "Result": "2-0-0"
        },
        {
          "Player1": "_Batutinha_",
          "Player2": "Egorable",
          "Result": "2-0-0"
        },
        {
          "Player1": "monzatubarao",
          "Player2": "AFX",
          "Result": "2-0-0"
        },
        {
          "Player1": "amaransneak",
          "Player2": "Asa_Akira",
          "Result": "2-0-0"
        },
        {
          "Player1": "O_danielakos",
          "Player2": "rushi_00",
          "Result": "0-2-0"
        },
        {
          "Player1": "koornfrost",
          "Player2": "Shulk",
          "Result": "0-2-0"
        },
        {
          "Player1": "kobayui",
          "Player2": "TadalaDe20",
          "Result": "0-2-0"
        }
      ]
    },
    {
      "RoundName": "Round 6",
      "Matches": [
        {
          "Player1": "maytwer",
          "Player2": "GzusReturned",
          "Result": "2-0-0"
        },
        {
          "Player1": "Venom1",
          "Player2": "Tsubasa_Cat",
          "Result": "2-0-0"
        },
        {
          "Player1": "monzatubarao",
          "Player2": "DavidPierceUTA",
          "Result": "2-0-0"
        },
        {
          "Player1": "mavzero87",
          "Player2": "kytk321",
          "Result": "0-2-0"
        },
        {
          "Player1": "AFX",
          "Player2": "FlawlessVictory-",
          "Result": "2-0-0"
        },
        {
          "Player1": "deleon91",
          "Player2": "DrPP",
          "Result": "0-2-0"
        },
        {
          "Player1": "MJ_23",
          "Player2": "xRagedFurballx",
          "Result": "2-0-0"
        },
        {
          "Player1": "moon11",
          "Player2": "Mateusf34",
          "Result": "2-0-0"
        },
        {
          "Player1": "marolanzi",
          "Player2": "LuffyDoChapeuDePalha",
          "Result": "2-0-0"
        },
        {
          "Player1": "Navas",
          "Player2": "amaransneak",
          "Result": "0-2-0"
        },
        {
          "Player1": "_Batutinha_",
          "Player2": "VitorCarvalho01",
          "Result": "2-0-0"
        },
        {
          "Player1": "O_danielakos",
          "Player2": "upumpa89",
          "Result": "0-0-0"
        },
        {
          "Player1": "SpockVidaLoka",
          "Player2": "TadalaDe20",
          "Result": "2-0-0"
        },
        {
          "Player1": "rushi_00",
          "Player2": "Arkany1",
          "Result": "2-0-0"
        },
        {
          "Player1": "_Shatun_",
          "Player2": "Shulk",
          "Result": "0-2-0"
        },
        {
          "Player1": "sokos13",
          "Player2": "Brunninho",
          "Result": "0-2-0"
        },
        {
          "Player1": "boytriton",
          "Player2": "PedraStone",
          "Result": "0-2-0"
        },
        {
          "Player1": "Asa_Akira",
          "Player2": "Egorable",
          "Result": "0-2-0"
        }
      ]
    },
    {
      "RoundName": "Round 7",
      "Matches": [
        {
          "Player1": "_Batutinha_",
          "Player2": "Arkany1",
          "Result": "0-2-0"
        },
        {
          "Player1": "kytk321",
          "Player2": "SpockVidaLoka",
          "Result": "2-0-0"
        },
        {
          "Player1": "rushi_00",
          "Player2": "Mateusf34",
          "Result": "2-0-0"
        },
        {
          "Player1": "O_danielakos",
          "Player2": "moon11",
          "Result": "2-0-0"
        }
      ]
    },
    {
      "RoundName": "Round 8",
      "Matches": [
        {
          "Player1": "kytk321",
          "Player2": "Arkany1",
          "Result": "0-2-0"
        },
        {
          "Player1": "O_danielakos",
          "Player2": "rushi_00",
          "Result": "2-0-0"
        }
      ]
    },
    {
      "RoundName": "Round 9",
      "Matches": [
        {
          "Player1": "O_danielakos",
          "Player2": "Arkany1",
          "Result": "0-0-0"
        }
      ]
    }
  ],
  "Standings": [
    {
      "Rank": 45,
      "Player": "_Falcon_",
      "Points": 0,
      "Wins": 0,
      "Losses": 0,
      "Draws": 0,
      "OMWP": 0.44439999999999996,
      "GWP": 0.3333,
      "OGWP": 0.43439999999999995
    },
    {
      "Rank": 44,
      "Player": "albertoSD",
      "Points": 0,
      "Wins": 0,
      "Losses": 0,
      "Draws": 0,
      "OMWP": 0.5832999999999999,
      "GWP": 0,
      "OGWP": 0.5813
    },
    {
      "Rank": 43,
      "Player": "magical-yo-kun",
      "Points": 0,
      "Wins": 0,
      "Losses": 0,
      "Draws": 0,
      "OMWP": 0.5832999999999999,
      "GWP": 0.2,
      "OGWP": 0.519
    },
    {
      "Rank": 42,
      "Player": "deleon91",
      "Points": 3,
      "Wins": 0,
      "Losses": 0,
      "Draws": 0,
      "OMWP": 0.43329999999999996,
      "GWP": 0.2857,
      "OGWP": 0.44189999999999996
    },
    {
      "Rank": 41,
      "Player": "BERNASTORRES",
      "Points": 3,
      "Wins": 0,
      "Losses": 0,
      "Draws": 0,
      "OMWP": 0.43329999999999996,
      "GWP": 0.3077,
      "OGWP": 0.4568
    },
    {
      "Rank": 40,
      "Player": "karatedom",
      "Points": 3,
      "Wins": 0,
      "Losses": 0,
      "Draws": 0,
      "OMWP": 0.5,
      "GWP": 0.4167,
      "OGWP": 0.46549999999999997
    },
    {
      "Rank": 39,
      "Player": "wkmidori",
      "Points": 3,
      "Wins": 0,
      "Losses": 0,
      "Draws": 0,
      "OMWP": 0.5,
      "GWP": 0.4286,
      "OGWP": 0.4889
    },
    {
      "Rank": 38,
      "Player": "koornfrost",
      "Points": 3,
      "Wins": 0,
      "Losses": 0,
      "Draws": 0,
      "OMWP": 0.6333,
      "GWP": 0.2,
      "OGWP": 0.5811
    },
    {
      "Rank": 37,
      "Player": "DrPP",
      "Points": 6,
      "Wins": 0,
      "Losses": 0,
      "Draws": 0,
      "OMWP": 0.3889,
      "GWP": 0.4,
      "OGWP": 0.4276
    },
    {
      "Rank": 36,
      "Player": "kobayui",
      "Points": 6,
      "Wins": 0,
      "Losses": 0,
      "Draws": 0,
      "OMWP": 0.43329999999999996,
      "GWP": 0.5,
      "OGWP": 0.4434
    },
    {
      "Rank": 35,
      "Player": "DavidPierceUTA",
      "Points": 6,
      "Wins": 0,
      "Losses": 0,
      "Draws": 0,
      "OMWP": 0.4556,
      "GWP": 0.375,
      "OGWP": 0.4592
    },
    {
      "Rank": 34,
      "Player": "_Shatun_",
      "Points": 6,
      "Wins": 0,
      "Losses": 0,
      "Draws": 0,
      "OMWP": 0.5,
      "GWP": 0.35710000000000003,
      "OGWP": 0.5035000000000001
    },
    {
      "Rank": 33,
      "Player": "xRagedFurballx",
      "Points": 6,
      "Wins": 0,
      "Losses": 0,
      "Draws": 0,
      "OMWP": 0.5111,
      "GWP": 0.375,
      "OGWP": 0.5389
    },
    {
      "Rank": 32,
      "Player": "GzusReturned",
      "Points": 6,
      "Wins": 0,
      "Losses": 0,
      "Draws": 0,
      "OMWP": 0.5278,
      "GWP": 0.2857,
      "OGWP": 0.5062
    },
    {
      "Rank": 31,
      "Player": "Asa_Akira",
      "Points": 6,
      "Wins": 0,
      "Losses": 0,
      "Draws": 0,
      "OMWP": 0.5278,
      "GWP": 0.4286,
      "OGWP": 0.49520000000000003
    },
    {
      "Rank": 30,
      "Player": "boytriton",
      "Points": 6,
      "Wins": 0,
      "Losses": 0,
      "Draws": 0,
      "OMWP": 0.5278,
      "GWP": 0.5,
      "OGWP": 0.501
    },
    {
      "Rank": 29,
      "Player": "Ettore09",
      "Points": 6,
      "Wins": 0,
      "Losses": 0,
      "Draws": 0,
      "OMWP": 0.625,
      "GWP": 0.5556,
      "OGWP": 0.5406
    },
    {
      "Rank": 28,
      "Player": "FlawlessVictory-",
      "Points": 6,
      "Wins": 0,
      "Losses": 0,
      "Draws": 0,
      "OMWP": 0.6389,
      "GWP": 0.375,
      "OGWP": 0.6056
    },
    {
      "Rank": 27,
      "Player": "PedraStone",
      "Points": 9,
      "Wins": 0,
      "Losses": 0,
      "Draws": 0,
      "OMWP": 0.44439999999999996,
      "GWP": 0.5625,
      "OGWP": 0.4359
    },
    {
      "Rank": 26,
      "Player": "AFX",
      "Points": 9,
      "Wins": 0,
      "Losses": 0,
      "Draws": 0,
      "OMWP": 0.4556,
      "GWP": 0.5385,
      "OGWP": 0.46130000000000004
    },
    {
      "Rank": 25,
      "Player": "TadalaDe20",
      "Points": 9,
      "Wins": 0,
      "Losses": 0,
      "Draws": 0,
      "OMWP": 0.48,
      "GWP": 0.4286,
      "OGWP": 0.5175
    },
    {
      "Rank": 24,
      "Player": "maytwer",
      "Points": 9,
      "Wins": 0,
      "Losses": 0,
      "Draws": 0,
      "OMWP": 0.5,
      "GWP": 0.4167,
      "OGWP": 0.5227
    },
    {
      "Rank": 23,
      "Player": "Egorable",
      "Points": 9,
      "Wins": 0,
      "Losses": 0,
      "Draws": 0,
      "OMWP": 0.5,
      "GWP": 0.5,
      "OGWP": 0.5085000000000001
    },
    {
      "Rank": 22,
      "Player": "MJ_23",
      "Points": 9,
      "Wins": 0,
      "Losses": 0,
      "Draws": 0,
      "OMWP": 0.5,
      "GWP": 0.5333,
      "OGWP": 0.4654
    },
    {
      "Rank": 21,
      "Player": "LuffyDoChapeuDePalha",
      "Points": 9,
      "Wins": 0,
      "Losses": 0,
      "Draws": 0,
      "OMWP": 0.5278,
      "GWP": 0.4667,
      "OGWP": 0.5196000000000001
    },
    {
      "Rank": 20,
      "Player": "Tsubasa_Cat",
      "Points": 9,
      "Wins": 0,
      "Losses": 0,
      "Draws": 0,
      "OMWP": 0.5278,
      "GWP": 0.5,
      "OGWP": 0.5181
    },
    {
      "Rank": 19,
      "Player": "VitorCarvalho01",
      "Points": 9,
      "Wins": 0,
      "Losses": 0,
      "Draws": 0,
      "OMWP": 0.5278,
      "GWP": 0.5,
      "OGWP": 0.5334
    },
    {
      "Rank": 18,
      "Player": "Shulk",
      "Points": 9,
      "Wins": 0,
      "Losses": 0,
      "Draws": 0,
      "OMWP": 0.5278,
      "GWP": 0.5385,
      "OGWP": 0.48810000000000003
    },
    {
      "Rank": 17,
      "Player": "Navas",
      "Points": 9,
      "Wins": 0,
      "Losses": 0,
      "Draws": 0,
      "OMWP": 0.5556,
      "GWP": 0.5,
      "OGWP": 0.5257999999999999
    },
    {
      "Rank": 16,
      "Player": "sokos13",
      "Points": 9,
      "Wins": 0,
      "Losses": 0,
      "Draws": 0,
      "OMWP": 0.6778,
      "GWP": 0.5,
      "OGWP": 0.5917
    },
    {
      "Rank": 15,
      "Player": "amaransneak",
      "Points": 12,
      "Wins": 0,
      "Losses": 0,
      "Draws": 0,
      "OMWP": 0.4167,
      "GWP": 0.5714,
      "OGWP": 0.4365
    },
    {
      "Rank": 14,
      "Player": "marolanzi",
      "Points": 12,
      "Wins": 0,
      "Losses": 0,
      "Draws": 0,
      "OMWP": 0.44439999999999996,
      "GWP": 0.5294,
      "OGWP": 0.4509
    },
    {
      "Rank": 13,
      "Player": "monzatubarao",
      "Points": 12,
      "Wins": 0,
      "Losses": 0,
      "Draws": 0,
      "OMWP": 0.4722,
      "GWP": 0.5882000000000001,
      "OGWP": 0.48560000000000003
    },
    {
      "Rank": 12,
      "Player": "Venom1",
      "Points": 12,
      "Wins": 0,
      "Losses": 0,
      "Draws": 0,
      "OMWP": 0.5,
      "GWP": 0.5714,
      "OGWP": 0.5046
    },
    {
      "Rank": 11,
      "Player": "upumpa89",
      "Points": 12,
      "Wins": 0,
      "Losses": 0,
      "Draws": 0,
      "OMWP": 0.5278,
      "GWP": 0.6,
      "OGWP": 0.4951
    },
    {
      "Rank": 10,
      "Player": "mavzero87",
      "Points": 12,
      "Wins": 0,
      "Losses": 0,
      "Draws": 0,
      "OMWP": 0.5556,
      "GWP": 0.5625,
      "OGWP": 0.5338
    },
    {
      "Rank": 9,
      "Player": "Brunninho",
      "Points": 12,
      "Wins": 0,
      "Losses": 0,
      "Draws": 0,
      "OMWP": 0.5556,
      "GWP": 0.6,
      "OGWP": 0.5671
    },
    {
      "Rank": 8,
      "Player": "Mateusf34",
      "Points": 12,
      "Wins": 0,
      "Losses": 0,
      "Draws": 0,
      "OMWP": 0.5832999999999999,
      "GWP": 0.6,
      "OGWP": 0.5384
    },
    {
      "Rank": 7,
      "Player": "_Batutinha_",
      "Points": 12,
      "Wins": 0,
      "Losses": 0,
      "Draws": 0,
      "OMWP": 0.6389,
      "GWP": 0.6923,
      "OGWP": 0.5811999999999999
    },
    {
      "Rank": 6,
      "Player": "SpockVidaLoka",
      "Points": 12,
      "Wins": 0,
      "Losses": 0,
      "Draws": 0,
      "OMWP": 0.6667000000000001,
      "GWP": 0.6154,
      "OGWP": 0.5952000000000001
    },
    {
      "Rank": 5,
      "Player": "moon11",
      "Points": 15,
      "Wins": 0,
      "Losses": 0,
      "Draws": 0,
      "OMWP": 0.5,
      "GWP": 0.7333,
      "OGWP": 0.4962
    },
    {
      "Rank": 4,
      "Player": "kytk321",
      "Points": 18,
      "Wins": 0,
      "Losses": 0,
      "Draws": 0,
      "OMWP": 0.6111,
      "GWP": 0.8332999999999999,
      "OGWP": 0.5519
    },
    {
      "Rank": 3,
      "Player": "rushi_00",
      "Points": 21,
      "Wins": 0,
      "Losses": 0,
      "Draws": 0,
      "OMWP": 0.6944,
      "GWP": 0.8571,
      "OGWP": 0.6313
    },
    {
      "Rank": 2,
      "Player": "Arkany1",
      "Points": 21,
      "Wins": 0,
      "Losses": 0,
      "Draws": 0,
      "OMWP": 0.6389,
      "GWP": 0.625,
      "OGWP": 0.6167
    },
    {
      "Rank": 1,
      "Player": "O_danielakos",
      "Points": 24,
      "Wins": 0,
      "Losses": 0,
      "Draws": 0,
      "OMWP": 0.6111,
      "GWP": 0.6470999999999999,
      "OGWP": 0.5755
    }
  ]
}