{
  "Tournament": {
    "Id": 12802804,
    "Date": "2025-07-11T23:00:00",
    "Name": "Pioneer Challenge 32",
    "Uri": null,
    "JsonFile": null,
    "ForceRedownload": false
  },
  "Decks": null,
  "Rounds": [
    {
      "RoundName": "Round 1",
      "Matches": [
        {
          "Player1": "HoldTheElle",
          "Player2": "plaza23",
          "Result": "0-2-0"
        },
        {
          "Player1": "monzatubarao",
          "Player2": "hermanomlg",
          "Result": "0-2-0"
        },
        {
          "Player1": "albertoSD",
          "Player2": "_Siegfried",
          "Result": "0-2-0"
        },
        {
          "Player1": "felider",
          "Player2": "_J0SE_",
          "Result": "0-2-0"
        },
        {
          "Player1": "O_danielakos",
          "Player2": "LuffyDoChapeuDePalha",
          "Result": "0-2-0"
        },
        {
          "Player1": "blastoids",
          "Player2": "Asa_Akira",
          "Result": "0-2-0"
        },
        {
          "Player1": "Capitano_CL",
          "Player2": "MandrillMan",
          "Result": "2-0-0"
        },
        {
          "Player1": "Tunaktunak",
          "Player2": "SpockVidaLoka",
          "Result": "0-2-0"
        },
        {
          "Player1": "bid1992",
          "Player2": "VitorCarvalho01",
          "Result": "0-2-0"
        },
        {
          "Player1": "Skrocious",
          "Player2": "Shulk",
          "Result": "0-0-0"
        },
        {
          "Player1": "manjyui",
          "Player2": "PedraStone",
          "Result": "0-0-0"
        },
        {
          "Player1": "stalonge",
          "Player2": "Arkany1",
          "Result": "0-2-0"
        },
        {
          "Player1": "pat0presidente",
          "Player2": "Giox96",
          "Result": "0-2-0"
        },
        {
          "Player1": "_Batutinha_",
          "Player2": "haruhilmi24",
          "Result": "2-0-0"
        },
        {
          "Player1": "Mateusf34",
          "Player2": "jorgeelias",
          "Result": "0-0-0"
        },
        {
          "Player1": "Lennny",
          "Player2": "xfile",
          "Result": "2-0-0"
        },
        {
          "Player1": "Tsubasa_Cat",
          "Player2": "FlawlessVictory-",
          "Result": "2-0-0"
        },
        {
          "Player1": "Dark_Shine",
          "Player2": "Danielpena397",
          "Result": "2-0-0"
        },
        {
          "Player1": "death_grips",
          "Player2": "fazparte",
          "Result": "0-0-0"
        },
        {
          "Player1": "ConnorM426",
          "Player2": "karatedom",
          "Result": "0-2-0"
        },
        {
          "Player1": "moon11",
          "Player2": "GzusReturned",
          "Result": "2-0-0"
        }
      ]
    },
    {
      "RoundName": "Round 2",
      "Matches": [
        {
          "Player1": "plaza23",
          "Player2": "Asa_Akira",
          "Result": "0-2-0"
        },
        {
          "Player1": "blastoids",
          "Player2": "HoldTheElle",
          "Result": "0-2-0"
        },
        {
          "Player1": "karatedom",
          "Player2": "Arkany1",
          "Result": "0-2-0"
        },
        {
          "Player1": "xfile",
          "Player2": "death_grips",
          "Result": "0-2-0"
        },
        {
          "Player1": "Capitano_CL",
          "Player2": "LuffyDoChapeuDePalha",
          "Result": "2-0-0"
        },
        {
          "Player1": "stalonge",
          "Player2": "bid1992",
          "Result": "2-0-0"
        },
        {
          "Player1": "_Siegfried",
          "Player2": "VitorCarvalho01",
          "Result": "2-0-0"
        },
        {
          "Player1": "PedraStone",
          "Player2": "FlawlessVictory-",
          "Result": "2-0-0"
        },
        {
          "Player1": "moon11",
          "Player2": "manjyui",
          "Result": "2-0-0"
        },
        {
          "Player1": "jorgeelias",
          "Player2": "Messi_10",
          "Result": "0-2-0"
        },
        {
          "Player1": "fazparte",
          "Player2": "Dark_Shine",
          "Result": "2-0-0"
        },
        {
          "Player1": "_Batutinha_",
          "Player2": "Tsubasa_Cat",
          "Result": "2-0-0"
        },
        {
          "Player1": "O_danielakos",
          "Player2": "felider",
          "Result": "2-0-0"
        },
        {
          "Player1": "Tunaktunak",
          "Player2": "GzusReturned",
          "Result": "0-2-0"
        },
        {
          "Player1": "Mateusf34",
          "Player2": "Skrocious",
          "Result": "2-0-0"
        },
        {
          "Player1": "pat0presidente",
          "Player2": "haruhilmi24",
          "Result": "2-0-0"
        },
        {
          "Player1": "ConnorM426",
          "Player2": "monzatubarao",
          "Result": "2-0-0"
        },
        {
          "Player1": "Danielpena397",
          "Player2": "MandrillMan",
          "Result": "0-0-0"
        },
        {
          "Player1": "hermanomlg",
          "Player2": "_J0SE_",
          "Result": "2-0-0"
        },
        {
          "Player1": "SpockVidaLoka",
          "Player2": "Shulk",
          "Result": "2-0-0"
        },
        {
          "Player1": "Lennny",
          "Player2": "Giox96",
          "Result": "0-0-0"
        }
      ]
    },
    {
      "RoundName": "Round 3",
      "Matches": [
        {
          "Player1": "_J0SE_",
          "Player2": "VitorCarvalho01",
          "Result": "0-0-0"
        },
        {
          "Player1": "moon11",
          "Player2": "_Siegfried",
          "Result": "0-2-0"
        },
        {
          "Player1": "Tsubasa_Cat",
          "Player2": "PedraStone",
          "Result": "0-2-0"
        },
        {
          "Player1": "Giox96",
          "Player2": "Messi_10",
          "Result": "2-0-0"
        },
        {
          "Player1": "HoldTheElle",
          "Player2": "stalonge",
          "Result": "2-0-0"
        },
        {
          "Player1": "Tunaktunak",
          "Player2": "monzatubarao",
          "Result": "0-2-0"
        },
        {
          "Player1": "_Batutinha_",
          "Player2": "Capitano_CL",
          "Result": "0-2-0"
        },
        {
          "Player1": "karatedom",
          "Player2": "Mateusf34",
          "Result": "0-2-0"
        },
        {
          "Player1": "Danielpena397",
          "Player2": "plaza23",
          "Result": "2-0-0"
        },
        {
          "Player1": "manjyui",
          "Player2": "death_grips",
          "Result": "0-0-0"
        },
        {
          "Player1": "O_danielakos",
          "Player2": "Dark_Shine",
          "Result": "2-0-0"
        },
        {
          "Player1": "LuffyDoChapeuDePalha",
          "Player2": "Arkany1",
          "Result": "2-0-0"
        },
        {
          "Player1": "SpockVidaLoka",
          "Player2": "Asa_Akira",
          "Result": "2-0-0"
        },
        {
          "Player1": "hermanomlg",
          "Player2": "fazparte",
          "Result": "0-2-0"
        },
        {
          "Player1": "MandrillMan",
          "Player2": "bid1992",
          "Result": "2-0-0"
        },
        {
          "Player1": "Lennny",
          "Player2": "Shulk",
          "Result": "0-2-0"
        },
        {
          "Player1": "blastoids",
          "Player2": "haruhilmi24",
          "Result": "0-2-0"
        },
        {
          "Player1": "ConnorM426",
          "Player2": "jorgeelias",
          "Result": "2-0-0"
        },
        {
          "Player1": "pat0presidente",
          "Player2": "GzusReturned",
          "Result": "2-0-0"
        }
      ]
    },
    {
      "RoundName": "Round 4",
      "Matches": [
        {
          "Player1": "jorgeelias",
          "Player2": "GzusReturned",
          "Result": "2-0-0"
        },
        {
          "Player1": "Mateusf34",
          "Player2": "Giox96",
          "Result": "0-2-0"
        },
        {
          "Player1": "Messi_10",
          "Player2": "Asa_Akira",
          "Result": "2-0-0"
        },
        {
          "Player1": "MandrillMan",
          "Player2": "Dark_Shine",
          "Result": "2-0-0"
        },
        {
          "Player1": "VitorCarvalho01",
          "Player2": "monzatubarao",
          "Result": "2-0-0"
        },
        {
          "Player1": "Capitano_CL",
          "Player2": "fazparte",
          "Result": "0-0-0"
        },
        {
          "Player1": "pat0presidente",
          "Player2": "death_grips",
          "Result": "2-0-0"
        },
        {
          "Player1": "PedraStone",
          "Player2": "Shulk",
          "Result": "0-0-0"
        },
        {
          "Player1": "HoldTheElle",
          "Player2": "LuffyDoChapeuDePalha",
          "Result": "2-0-0"
        },
        {
          "Player1": "moon11",
          "Player2": "Danielpena397",
          "Result": "2-0-0"
        },
        {
          "Player1": "_Batutinha_",
          "Player2": "Arkany1",
          "Result": "0-2-0"
        },
        {
          "Player1": "stalonge",
          "Player2": "haruhilmi24",
          "Result": "0-0-0"
        },
        {
          "Player1": "SpockVidaLoka",
          "Player2": "_Siegfried",
          "Result": "2-0-0"
        },
        {
          "Player1": "manjyui",
          "Player2": "_J0SE_",
          "Result": "2-0-0"
        },
        {
          "Player1": "O_danielakos",
          "Player2": "ConnorM426",
          "Result": "2-0-0"
        }
      ]
    },
    {
      "RoundName": "Round 5",
      "Matches": [
        {
          "Player1": "Tunaktunak",
          "Player2": "stalonge",
          "Result": "2-0-0"
        },
        {
          "Player1": "pat0presidente",
          "Player2": "Arkany1",
          "Result": "2-0-0"
        },
        {
          "Player1": "PedraStone",
          "Player2": "_J0SE_",
          "Result": "2-0-0"
        },
        {
          "Player1": "Giox96",
          "Player2": "fazparte",
          "Result": "0-2-0"
        },
        {
          "Player1": "death_grips",
          "Player2": "Asa_Akira",
          "Result": "2-0-0"
        },
        {
          "Player1": "HoldTheElle",
          "Player2": "Messi_10",
          "Result": "0-2-0"
        },
        {
          "Player1": "manjyui",
          "Player2": "MandrillMan",
          "Result": "0-2-0"
        },
        {
          "Player1": "LuffyDoChapeuDePalha",
          "Player2": "haruhilmi24",
          "Result": "2-0-0"
        },
        {
          "Player1": "monzatubarao",
          "Player2": "Dark_Shine",
          "Result": "2-0-0"
        },
        {
          "Player1": "_Batutinha_",
          "Player2": "jorgeelias",
          "Result": "0-2-0"
        },
        {
          "Player1": "ConnorM426",
          "Player2": "Danielpena397",
          "Result": "2-0-0"
        },
        {
          "Player1": "VitorCarvalho01",
          "Player2": "Mateusf34",
          "Result": "0-2-0"
        },
        {
          "Player1": "moon11",
          "Player2": "Shulk",
          "Result": "2-0-0"
        },
        {
          "Player1": "O_danielakos",
          "Player2": "_Siegfried",
          "Result": "2-0-0"
        },
        {
          "Player1": "Capitano_CL",
          "Player2": "SpockVidaLoka",
          "Result": "2-0-0"
        }
      ]
    },
    {
      "RoundName": "Round 6",
      "Matches": [
        {
          "Player1": "manjyui",
          "Player2": "monzatubarao",
          "Result": "2-0-0"
        },
        {
          "Player1": "death_grips",
          "Player2": "GzusReturned",
          "Result": "2-0-0"
        },
        {
          "Player1": "Tunaktunak",
          "Player2": "haruhilmi24",
          "Result": "2-0-0"
        },
        {
          "Player1": "Arkany1",
          "Player2": "_Siegfried",
          "Result": "0-2-0"
        },
        {
          "Player1": "O_danielakos",
          "Player2": "fazparte",
          "Result": "2-0-0"
        },
        {
          "Player1": "Capitano_CL",
          "Player2": "Giox96",
          "Result": "2-0-0"
        },
        {
          "Player1": "LuffyDoChapeuDePalha",
          "Player2": "jorgeelias",
          "Result": "2-0-0"
        },
        {
          "Player1": "_J0SE_",
          "Player2": "Asa_Akira",
          "Result": "0-2-0"
        },
        {
          "Player1": "ConnorM426",
          "Player2": "Mateusf34",
          "Result": "0-2-0"
        },
        {
          "Player1": "_Batutinha_",
          "Player2": "VitorCarvalho01",
          "Result": "2-0-0"
        },
        {
          "Player1": "pat0presidente",
          "Player2": "moon11",
          "Result": "2-0-0"
        },
        {
          "Player1": "MandrillMan",
          "Player2": "Shulk",
          "Result": "0-2-0"
        },
        {
          "Player1": "HoldTheElle",
          "Player2": "PedraStone",
          "Result": "0-2-0"
        },
        {
          "Player1": "SpockVidaLoka",
          "Player2": "Messi_10",
          "Result": "0-2-0"
        }
      ]
    },
    {
      "RoundName": "Round 7",
      "Matches": [
        {
          "Player1": "LuffyDoChapeuDePalha",
          "Player2": "fazparte",
          "Result": "2-0-0"
        },
        {
          "Player1": "Capitano_CL",
          "Player2": "SpockVidaLoka",
          "Result": "2-0-0"
        },
        {
          "Player1": "pat0presidente",
          "Player2": "O_danielakos",
          "Result": "0-2-0"
        },
        {
          "Player1": "Giox96",
          "Player2": "Messi_10",
          "Result": "2-0-0"
        }
      ]
    },
    {
      "RoundName": "Round 8",
      "Matches": [
        {
          "Player1": "O_danielakos",
          "Player2": "LuffyDoChapeuDePalha",
          "Result": "0-2-0"
        },
        {
          "Player1": "Capitano_CL",
          "Player2": "Giox96",
          "Result": "2-0-0"
        }
      ]
    },
    {
      "RoundName": "Round 9",
      "Matches": [
        {
          "Player1": "Capitano_CL",
          "Player2": "LuffyDoChapeuDePalha",
          "Result": "2-0-0"
        }
      ]
    }
  ],
  "Standings": [
    {
      "Rank": 43,
      "Player": "bid1992",
      "Points": 0,
      "Wins": 0,
      "Losses": 0,
      "Draws": 0,
      "OMWP": 0.3889,
      "GWP": 0.1429,
      "OGWP": 0.4139
    },
    {
      "Rank": 42,
      "Player": "blastoids",
      "Points": 0,
      "Wins": 0,
      "Losses": 0,
      "Draws": 0,
      "OMWP": 0.44439999999999996,
      "GWP": 0.1429,
      "OGWP": 0.4205
    },
    {
      "Rank": 41,
      "Player": "xfile",
      "Points": 0,
      "Wins": 0,
      "Losses": 0,
      "Draws": 0,
      "OMWP": 0.5,
      "GWP": 0,
      "OGWP": 0.48810000000000003
    },
    {
      "Rank": 40,
      "Player": "FlawlessVictory-",
      "Points": 0,
      "Wins": 0,
      "Losses": 0,
      "Draws": 0,
      "OMWP": 0.5,
      "GWP": 0.2,
      "OGWP": 0.5089
    },
    {
      "Rank": 39,
      "Player": "felider",
      "Points": 0,
      "Wins": 0,
      "Losses": 0,
      "Draws": 0,
      "OMWP": 0.5832999999999999,
      "GWP": 0.2,
      "OGWP": 0.5452
    },
    {
      "Rank": 38,
      "Player": "Skrocious",
      "Points": 0,
      "Wins": 0,
      "Losses": 0,
      "Draws": 0,
      "OMWP": 0.6667000000000001,
      "GWP": 0.2,
      "OGWP": 0.6333
    },
    {
      "Rank": 37,
      "Player": "albertoSD",
      "Points": 0,
      "Wins": 0,
      "Losses": 0,
      "Draws": 0,
      "OMWP": 0.6667000000000001,
      "GWP": 0.3333,
      "OGWP": 0.5333
    },
    {
      "Rank": 36,
      "Player": "stalonge",
      "Points": 3,
      "Wins": 0,
      "Losses": 0,
      "Draws": 0,
      "OMWP": 0.43329999999999996,
      "GWP": 0.3846,
      "OGWP": 0.4167
    },
    {
      "Rank": 35,
      "Player": "plaza23",
      "Points": 3,
      "Wins": 0,
      "Losses": 0,
      "Draws": 0,
      "OMWP": 0.4667,
      "GWP": 0.4286,
      "OGWP": 0.45380000000000004
    },
    {
      "Rank": 34,
      "Player": "Tsubasa_Cat",
      "Points": 3,
      "Wins": 0,
      "Losses": 0,
      "Draws": 0,
      "OMWP": 0.5,
      "GWP": 0.375,
      "OGWP": 0.4921
    },
    {
      "Rank": 33,
      "Player": "karatedom",
      "Points": 3,
      "Wins": 0,
      "Losses": 0,
      "Draws": 0,
      "OMWP": 0.5556,
      "GWP": 0.2857,
      "OGWP": 0.5667
    },
    {
      "Rank": 32,
      "Player": "Lennny",
      "Points": 3,
      "Wins": 0,
      "Losses": 0,
      "Draws": 0,
      "OMWP": 0.5556,
      "GWP": 0.3333,
      "OGWP": 0.5254
    },
    {
      "Rank": 31,
      "Player": "Danielpena397",
      "Points": 6,
      "Wins": 0,
      "Losses": 0,
      "Draws": 0,
      "OMWP": 0.4667,
      "GWP": 0.5,
      "OGWP": 0.4771
    },
    {
      "Rank": 30,
      "Player": "VitorCarvalho01",
      "Points": 6,
      "Wins": 0,
      "Losses": 0,
      "Draws": 0,
      "OMWP": 0.4722,
      "GWP": 0.35710000000000003,
      "OGWP": 0.4625
    },
    {
      "Rank": 29,
      "Player": "monzatubarao",
      "Points": 6,
      "Wins": 0,
      "Losses": 0,
      "Draws": 0,
      "OMWP": 0.4722,
      "GWP": 0.3846,
      "OGWP": 0.46630000000000005
    },
    {
      "Rank": 28,
      "Player": "_J0SE_",
      "Points": 6,
      "Wins": 0,
      "Losses": 0,
      "Draws": 0,
      "OMWP": 0.5,
      "GWP": 0.35710000000000003,
      "OGWP": 0.4936
    },
    {
      "Rank": 27,
      "Player": "hermanomlg",
      "Points": 6,
      "Wins": 0,
      "Losses": 0,
      "Draws": 0,
      "OMWP": 0.5,
      "GWP": 0.6667000000000001,
      "OGWP": 0.5036999999999999
    },
    {
      "Rank": 26,
      "Player": "haruhilmi24",
      "Points": 6,
      "Wins": 0,
      "Losses": 0,
      "Draws": 0,
      "OMWP": 0.5278,
      "GWP": 0.4,
      "OGWP": 0.4988
    },
    {
      "Rank": 25,
      "Player": "Dark_Shine",
      "Points": 6,
      "Wins": 0,
      "Losses": 0,
      "Draws": 0,
      "OMWP": 0.58,
      "GWP": 0.35710000000000003,
      "OGWP": 0.5774
    },
    {
      "Rank": 24,
      "Player": "GzusReturned",
      "Points": 6,
      "Wins": 0,
      "Losses": 0,
      "Draws": 0,
      "OMWP": 0.6333,
      "GWP": 0.3846,
      "OGWP": 0.5863
    },
    {
      "Rank": 23,
      "Player": "Tunaktunak",
      "Points": 9,
      "Wins": 0,
      "Losses": 0,
      "Draws": 0,
      "OMWP": 0.4,
      "GWP": 0.4167,
      "OGWP": 0.4393
    },
    {
      "Rank": 22,
      "Player": "_Batutinha_",
      "Points": 9,
      "Wins": 0,
      "Losses": 0,
      "Draws": 0,
      "OMWP": 0.4722,
      "GWP": 0.5,
      "OGWP": 0.4715
    },
    {
      "Rank": 21,
      "Player": "MandrillMan",
      "Points": 9,
      "Wins": 0,
      "Losses": 0,
      "Draws": 0,
      "OMWP": 0.5111,
      "GWP": 0.5,
      "OGWP": 0.48590000000000005
    },
    {
      "Rank": 20,
      "Player": "ConnorM426",
      "Points": 9,
      "Wins": 0,
      "Losses": 0,
      "Draws": 0,
      "OMWP": 0.5111,
      "GWP": 0.5,
      "OGWP": 0.5261
    },
    {
      "Rank": 19,
      "Player": "HoldTheElle",
      "Points": 9,
      "Wins": 0,
      "Losses": 0,
      "Draws": 0,
      "OMWP": 0.5278,
      "GWP": 0.4,
      "OGWP": 0.5274
    },
    {
      "Rank": 18,
      "Player": "Asa_Akira",
      "Points": 9,
      "Wins": 0,
      "Losses": 0,
      "Draws": 0,
      "OMWP": 0.5278,
      "GWP": 0.46149999999999997,
      "OGWP": 0.5257999999999999
    },
    {
      "Rank": 17,
      "Player": "manjyui",
      "Points": 9,
      "Wins": 0,
      "Losses": 0,
      "Draws": 0,
      "OMWP": 0.5278,
      "GWP": 0.5,
      "OGWP": 0.5212
    },
    {
      "Rank": 16,
      "Player": "Arkany1",
      "Points": 9,
      "Wins": 0,
      "Losses": 0,
      "Draws": 0,
      "OMWP": 0.5556,
      "GWP": 0.5333,
      "OGWP": 0.5183
    },
    {
      "Rank": 15,
      "Player": "jorgeelias",
      "Points": 9,
      "Wins": 0,
      "Losses": 0,
      "Draws": 0,
      "OMWP": 0.5832999999999999,
      "GWP": 0.5385,
      "OGWP": 0.5710000000000001
    },
    {
      "Rank": 14,
      "Player": "PedraStone",
      "Points": 12,
      "Wins": 0,
      "Losses": 0,
      "Draws": 0,
      "OMWP": 0.44439999999999996,
      "GWP": 0.6429,
      "OGWP": 0.4276
    },
    {
      "Rank": 13,
      "Player": "Mateusf34",
      "Points": 12,
      "Wins": 0,
      "Losses": 0,
      "Draws": 0,
      "OMWP": 0.44439999999999996,
      "GWP": 0.6667000000000001,
      "OGWP": 0.4509
    },
    {
      "Rank": 12,
      "Player": "Shulk",
      "Points": 12,
      "Wins": 0,
      "Losses": 0,
      "Draws": 0,
      "OMWP": 0.5278,
      "GWP": 0.6,
      "OGWP": 0.5086999999999999
    },
    {
      "Rank": 11,
      "Player": "_Siegfried",
      "Points": 12,
      "Wins": 0,
      "Losses": 0,
      "Draws": 0,
      "OMWP": 0.5556,
      "GWP": 0.5333,
      "OGWP": 0.5333
    },
    {
      "Rank": 10,
      "Player": "death_grips",
      "Points": 12,
      "Wins": 0,
      "Losses": 0,
      "Draws": 0,
      "OMWP": 0.5556,
      "GWP": 0.6429,
      "OGWP": 0.5303
    },
    {
      "Rank": 9,
      "Player": "moon11",
      "Points": 12,
      "Wins": 0,
      "Losses": 0,
      "Draws": 0,
      "OMWP": 0.5667,
      "GWP": 0.6,
      "OGWP": 0.5418999999999999
    },
    {
      "Rank": 8,
      "Player": "SpockVidaLoka",
      "Points": 12,
      "Wins": 0,
      "Losses": 0,
      "Draws": 0,
      "OMWP": 0.6667000000000001,
      "GWP": 0.6429,
      "OGWP": 0.5644
    },
    {
      "Rank": 7,
      "Player": "pat0presidente",
      "Points": 15,
      "Wins": 0,
      "Losses": 0,
      "Draws": 0,
      "OMWP": 0.5278,
      "GWP": 0.7333,
      "OGWP": 0.5339
    },
    {
      "Rank": 6,
      "Player": "Messi_10",
      "Points": 15,
      "Wins": 0,
      "Losses": 0,
      "Draws": 0,
      "OMWP": 0.5667,
      "GWP": 0.75,
      "OGWP": 0.5371
    },
    {
      "Rank": 5,
      "Player": "fazparte",
      "Points": 15,
      "Wins": 0,
      "Losses": 0,
      "Draws": 0,
      "OMWP": 0.6667000000000001,
      "GWP": 0.7692,
      "OGWP": 0.6113000000000001
    },
    {
      "Rank": 4,
      "Player": "Giox96",
      "Points": 15,
      "Wins": 0,
      "Losses": 0,
      "Draws": 0,
      "OMWP": 0.7222,
      "GWP": 0.6429,
      "OGWP": 0.6463
    },
    {
      "Rank": 3,
      "Player": "O_danielakos",
      "Points": 18,
      "Wins": 0,
      "Losses": 0,
      "Draws": 0,
      "OMWP": 0.5556,
      "GWP": 0.7333,
      "OGWP": 0.5196999999999999
    },
    {
      "Rank": 2,
      "Player": "LuffyDoChapeuDePalha",
      "Points": 18,
      "Wins": 0,
      "Losses": 0,
      "Draws": 0,
      "OMWP": 0.5832999999999999,
      "GWP": 0.625,
      "OGWP": 0.5384
    },
    {
      "Rank": 1,
      "Player": "Capitano_CL",
      "Points": 24,
      "Wins": 0,
      "Losses": 0,
      "Draws": 0,
      "OMWP": 0.6389,
      "GWP": 0.625,
      "OGWP": 0.6133
    }
  ]
}