{
  "Tournament": {
    "Id": 12802761,
    "Date": "2025-07-11T16:05:00",
    "Name": "Standard RC Qualifier",
    "Uri": null,
    "JsonFile": null,
    "ForceRedownload": false
  },
  "Decks": null,
  "Rounds": [
    {
      "RoundName": "Round 1",
      "Matches": [
        {
          "Player1": "oosunq",
          "Player2": "pr0ugee",
          "Result": "0-2-0"
        },
        {
          "Player1": "Capitano_CL",
          "Player2": "alfonseelric",
          "Result": "2-0-0"
        },
        {
          "Player1": "karatedom",
          "Player2": "Marmotte_Lambda",
          "Result": "0-0-0"
        },
        {
          "Player1": "pokerswizard",
          "Player2": "Staroson",
          "Result": "0-0-0"
        },
        {
          "Player1": "pat0presidente",
          "Player2": "Ale_Mtg",
          "Result": "0-2-0"
        },
        {
          "Player1": "Mottaka",
          "Player2": "MTGHolic",
          "Result": "0-0-0"
        },
        {
          "Player1": "ncowden",
          "Player2": "wara",
          "Result": "0-2-0"
        },
        {
          "Player1": "Gobern",
          "Player2": "DskBayWolf",
          "Result": "0-0-0"
        },
        {
          "Player1": "Kaies",
          "Player2": "nekonekoneko",
          "Result": "0-2-0"
        },
        {
          "Player1": "Univerce",
          "Player2": "VitorCarvalho01",
          "Result": "2-0-0"
        },
        {
          "Player1": "Qaeron",
          "Player2": "TrueHero",
          "Result": "0-2-0"
        },
        {
          "Player1": "TheAdonis",
          "Player2": "Al1Baba",
          "Result": "0-0-0"
        },
        {
          "Player1": "Johnny_Hobbs",
          "Player2": "4UBro",
          "Result": "2-0-0"
        },
        {
          "Player1": "Fink64",
          "Player2": "ElGaiteiro",
          "Result": "2-0-0"
        },
        {
          "Player1": "hermanomlg",
          "Player2": "Bob49",
          "Result": "2-0-0"
        },
        {
          "Player1": "O_danielakos",
          "Player2": "Goomy_",
          "Result": "2-0-0"
        },
        {
          "Player1": "L1X0",
          "Player2": "TheSlickshotGang",
          "Result": "2-0-0"
        },
        {
          "Player1": "RubyXillia",
          "Player2": "Atagomax",
          "Result": "0-2-0"
        },
        {
          "Player1": "Lennny",
          "Player2": "Rosiedog88",
          "Result": "2-0-0"
        },
        {
          "Player1": "Xenowan",
          "Player2": "monzatubarao",
          "Result": "2-0-0"
        },
        {
          "Player1": "albertoSD",
          "Player2": "Dai66s",
          "Result": "0-0-0"
        },
        {
          "Player1": "SoulStrong",
          "Player2": "Doomenstein",
          "Result": "0-0-0"
        },
        {
          "Player1": "sandydogmtg",
          "Player2": "HouseOfManaMTG",
          "Result": "0-0-0"
        },
        {
          "Player1": "Skpchino",
          "Player2": "romerito1",
          "Result": "2-0-0"
        },
        {
          "Player1": "pepeteam",
          "Player2": "Thief_Of_Crowns",
          "Result": "2-0-0"
        },
        {
          "Player1": "Melicard",
          "Player2": "TrashBoat100",
          "Result": "2-0-0"
        },
        {
          "Player1": "Bugsy69",
          "Player2": "SGMY95",
          "Result": "0-2-0"
        },
        {
          "Player1": "ARunningHans",
          "Player2": "Danielpena397",
          "Result": "0-0-0"
        },
        {
          "Player1": "medvedev",
          "Player2": "xRagedFurballx",
          "Result": "2-0-0"
        },
        {
          "Player1": "PedraStone",
          "Player2": "takeInitiative",
          "Result": "0-0-0"
        },
        {
          "Player1": "Patxi",
          "Player2": "yukiro",
          "Result": "0-2-0"
        },
        {
          "Player1": "Dreddybajs",
          "Player2": "Clans1",
          "Result": "2-0-0"
        },
        {
          "Player1": "sebastianpozzo",
          "Player2": "KingHairy",
          "Result": "0-2-0"
        },
        {
          "Player1": "Xerk",
          "Player2": "Gornagal",
          "Result": "2-0-0"
        },
        {
          "Player1": "etoustar",
          "Player2": "_TOP_G",
          "Result": "0-2-0"
        },
        {
          "Player1": "rushi_00",
          "Player2": "Zony",
          "Result": "0-2-0"
        },
        {
          "Player1": "Hampuse1",
          "Player2": "RatherBplayingMTG",
          "Result": "0-0-0"
        },
        {
          "Player1": "M_LIT",
          "Player2": "Pururin",
          "Result": "2-0-0"
        },
        {
          "Player1": "oskiyaa",
          "Player2": "fazparte",
          "Result": "0-2-0"
        },
        {
          "Player1": "Folero",
          "Player2": "Gianhunter",
          "Result": "2-0-0"
        },
        {
          "Player1": "Pasdejambon",
          "Player2": "SolarPotato",
          "Result": "0-0-0"
        },
        {
          "Player1": "Sarlanga",
          "Player2": "Selfeisek",
          "Result": "0-2-0"
        },
        {
          "Player1": "gooplay1",
          "Player2": "ShadowTitan1",
          "Result": "0-0-0"
        },
        {
          "Player1": "ChillingLauge",
          "Player2": "BressD1",
          "Result": "2-0-0"
        },
        {
          "Player1": "Allegations",
          "Player2": "elBB",
          "Result": "0-0-0"
        },
        {
          "Player1": "NoneOfYourBusiness",
          "Player2": "416FrowningTable",
          "Result": "2-0-0"
        },
        {
          "Player1": "claudioh",
          "Player2": "Dr4ken",
          "Result": "0-0-0"
        },
        {
          "Player1": "kcomedina",
          "Player2": "Arkany1",
          "Result": "0-2-0"
        },
        {
          "Player1": "Sandile",
          "Player2": "KevinCon",
          "Result": "0-0-0"
        },
        {
          "Player1": "Bullwinkkle6705",
          "Player2": "Raegis",
          "Result": "0-0-0"
        },
        {
          "Player1": "burnet7",
          "Player2": "outZEROo",
          "Result": "0-0-0"
        },
        {
          "Player1": "Tsubasa_Cat",
          "Player2": "Shulk",
          "Result": "0-2-0"
        },
        {
          "Player1": "Kricha13",
          "Player2": "NigelGregory",
          "Result": "0-0-0"
        },
        {
          "Player1": "bernardocssa",
          "Player2": "Promilx",
          "Result": "0-2-0"
        },
        {
          "Player1": "quinniac",
          "Player2": "AgrusKos93",
          "Result": "0-2-0"
        },
        {
          "Player1": "McWinSauce",
          "Player2": "tchuco",
          "Result": "0-0-0"
        },
        {
          "Player1": "LucasG1ggs",
          "Player2": "LouisdeSentenac",
          "Result": "2-0-0"
        },
        {
          "Player1": "deleon91",
          "Player2": "mysteryman21",
          "Result": "0-2-0"
        },
        {
          "Player1": "OafMcNamara",
          "Player2": "happypster",
          "Result": "2-0-0"
        },
        {
          "Player1": "SoIMBAGallade",
          "Player2": "Tunaktunak",
          "Result": "0-2-0"
        },
        {
          "Player1": "azatoyellow",
          "Player2": "jjmtg25",
          "Result": "2-0-0"
        },
        {
          "Player1": "Bolarakis",
          "Player2": "_Falcon_",
          "Result": "0-2-0"
        },
        {
          "Player1": "Mikebrav",
          "Player2": "AFX",
          "Result": "2-0-0"
        },
        {
          "Player1": "Kraken__",
          "Player2": "ElCucuy",
          "Result": "0-2-0"
        },
        {
          "Player1": "manukoka",
          "Player2": "VenoW_art",
          "Result": "1-2-0"
        },
        {
          "Player1": "mortadela",
          "Player2": "reidq7",
          "Result": "2-0-0"
        },
        {
          "Player1": "AchiIIes",
          "Player2": "chanel-santini",
          "Result": "2-0-0"
        },
        {
          "Player1": "WingedHussar",
          "Player2": "TheDarkSkittle",
          "Result": "2-0-0"
        },
        {
          "Player1": "OneModel",
          "Player2": "fate_kuro",
          "Result": "0-2-0"
        },
        {
          "Player1": "CrazyMorango",
          "Player2": "Predrag133",
          "Result": "0-0-0"
        },
        {
          "Player1": "Sisyfos_happy",
          "Player2": "Snover",
          "Result": "2-0-0"
        },
        {
          "Player1": "Yumajpn",
          "Player2": "jakobpablo",
          "Result": "0-0-0"
        },
        {
          "Player1": "Bullet_Time",
          "Player2": "RezerDeDog",
          "Result": "0-2-0"
        },
        {
          "Player1": "_Batutinha_",
          "Player2": "Young_Shaman",
          "Result": "2-0-0"
        },
        {
          "Player1": "echecetmat35",
          "Player2": "DethFrmAbove",
          "Result": "0-2-0"
        },
        {
          "Player1": "rastaf",
          "Player2": "Mldyss",
          "Result": "2-0-0"
        },
        {
          "Player1": "kasa",
          "Player2": "komattaman",
          "Result": "2-0-0"
        },
        {
          "Player1": "moon11",
          "Player2": "HyPPeR",
          "Result": "0-2-0"
        },
        {
          "Player1": "LordEgg",
          "Player2": "GzusReturned",
          "Result": "2-0-0"
        },
        {
          "Player1": "_Shatun_",
          "Player2": "LuffyDoChapeuDePalha",
          "Result": "0-0-0"
        },
        {
          "Player1": "Terribad",
          "Player2": "Cachorrowo",
          "Result": "0-2-0"
        },
        {
          "Player1": "TheKG",
          "Player2": "EdgarB",
          "Result": "0-0-0"
        },
        {
          "Player1": "Varo",
          "Player2": "Capipf95",
          "Result": "2-0-0"
        },
        {
          "Player1": "katuo079595",
          "Player2": "_ZNT_",
          "Result": "0-2-0"
        }
      ]
    },
    {
      "RoundName": "Round 2",
      "Matches": [
        {
          "Player1": "Dai66s",
          "Player2": "HouseOfManaMTG",
          "Result": "0-0-0"
        },
        {
          "Player1": "hermanomlg",
          "Player2": "_ZNT_",
          "Result": "0-2-0"
        },
        {
          "Player1": "katuo079595",
          "Player2": "Thief_Of_Crowns",
          "Result": "2-0-0"
        },
        {
          "Player1": "fate_kuro",
          "Player2": "Shulk",
          "Result": "0-2-0"
        },
        {
          "Player1": "Patxi",
          "Player2": "ARunningHans",
          "Result": "2-0-0"
        },
        {
          "Player1": "manukoka",
          "Player2": "komattaman",
          "Result": "2-0-0"
        },
        {
          "Player1": "pepeteam",
          "Player2": "Danielpena397",
          "Result": "2-0-0"
        },
        {
          "Player1": "Mottaka",
          "Player2": "yukiro",
          "Result": "0-0-0"
        },
        {
          "Player1": "albertoSD",
          "Player2": "LordEgg",
          "Result": "0-2-0"
        },
        {
          "Player1": "Capipf95",
          "Player2": "DskBayWolf",
          "Result": "0-0-0"
        },
        {
          "Player1": "_Shatun_",
          "Player2": "Marmotte_Lambda",
          "Result": "0-2-0"
        },
        {
          "Player1": "tchuco",
          "Player2": "Doomenstein",
          "Result": "0-0-0"
        },
        {
          "Player1": "SoulStrong",
          "Player2": "Yumajpn",
          "Result": "0-2-0"
        },
        {
          "Player1": "sandydogmtg",
          "Player2": "AgrusKos93",
          "Result": "0-2-0"
        },
        {
          "Player1": "ChillingLauge",
          "Player2": "claudioh",
          "Result": "0-2-0"
        },
        {
          "Player1": "Bugsy69",
          "Player2": "Dr4ken",
          "Result": "0-0-0"
        },
        {
          "Player1": "Folero",
          "Player2": "Atagomax",
          "Result": "2-0-0"
        },
        {
          "Player1": "Skpchino",
          "Player2": "WingedHussar",
          "Result": "0-2-0"
        },
        {
          "Player1": "medvedev",
          "Player2": "NoneOfYourBusiness",
          "Result": "0-2-0"
        },
        {
          "Player1": "rastaf",
          "Player2": "TrueHero",
          "Result": "0-2-0"
        },
        {
          "Player1": "Mikebrav",
          "Player2": "karatedom",
          "Result": "2-0-0"
        },
        {
          "Player1": "Mldyss",
          "Player2": "LouisdeSentenac",
          "Result": "0-0-0"
        },
        {
          "Player1": "kasa",
          "Player2": "Zony",
          "Result": "0-2-0"
        },
        {
          "Player1": "Univerce",
          "Player2": "VenoW_art",
          "Result": "2-0-0"
        },
        {
          "Player1": "outZEROo",
          "Player2": "Raegis",
          "Result": "0-0-0"
        },
        {
          "Player1": "oskiyaa",
          "Player2": "GzusReturned",
          "Result": "2-0-0"
        },
        {
          "Player1": "Terribad",
          "Player2": "Kraken__",
          "Result": "0-0-0"
        },
        {
          "Player1": "Pasdejambon",
          "Player2": "Fink64",
          "Result": "0-2-0"
        },
        {
          "Player1": "LucasG1ggs",
          "Player2": "McWinSauce",
          "Result": "0-2-0"
        },
        {
          "Player1": "TrashBoat100",
          "Player2": "Predrag133",
          "Result": "0-0-0"
        },
        {
          "Player1": "Kaies",
          "Player2": "jjmtg25",
          "Result": "2-0-0"
        },
        {
          "Player1": "nekonekoneko",
          "Player2": "EdgarB",
          "Result": "2-1-0"
        },
        {
          "Player1": "sebastianpozzo",
          "Player2": "pat0presidente",
          "Result": "2-0-0"
        },
        {
          "Player1": "SGMY95",
          "Player2": "_TOP_G",
          "Result": "2-0-0"
        },
        {
          "Player1": "HyPPeR",
          "Player2": "Kricha13",
          "Result": "0-0-0"
        },
        {
          "Player1": "bernardocssa",
          "Player2": "monzatubarao",
          "Result": "0-2-0"
        },
        {
          "Player1": "romerito1",
          "Player2": "ElGaiteiro",
          "Result": "2-0-0"
        },
        {
          "Player1": "_Batutinha_",
          "Player2": "Selfeisek",
          "Result": "2-0-0"
        },
        {
          "Player1": "SoIMBAGallade",
          "Player2": "Hampuse1",
          "Result": "2-0-0"
        },
        {
          "Player1": "pokerswizard",
          "Player2": "Snover",
          "Result": "0-2-0"
        },
        {
          "Player1": "Bolarakis",
          "Player2": "OneModel",
          "Result": "0-2-0"
        },
        {
          "Player1": "TheKG",
          "Player2": "jakobpablo",
          "Result": "0-0-0"
        },
        {
          "Player1": "Gianhunter",
          "Player2": "TheSlickshotGang",
          "Result": "2-0-0"
        },
        {
          "Player1": "Xerk",
          "Player2": "elBB",
          "Result": "2-0-0"
        },
        {
          "Player1": "moon11",
          "Player2": "Al1Baba",
          "Result": "2-0-0"
        },
        {
          "Player1": "O_danielakos",
          "Player2": "Promilx",
          "Result": "0-2-0"
        },
        {
          "Player1": "L1X0",
          "Player2": "KingHairy",
          "Result": "0-2-0"
        },
        {
          "Player1": "M_LIT",
          "Player2": "mysteryman21",
          "Result": "0-2-0"
        },
        {
          "Player1": "happypster",
          "Player2": "Gornagal",
          "Result": "0-0-0"
        },
        {
          "Player1": "DethFrmAbove",
          "Player2": "wara",
          "Result": "0-2-0"
        },
        {
          "Player1": "Varo",
          "Player2": "burnet7",
          "Result": "2-0-0"
        },
        {
          "Player1": "Staroson",
          "Player2": "RezerDeDog",
          "Result": "0-2-0"
        },
        {
          "Player1": "echecetmat35",
          "Player2": "rushi_00",
          "Result": "0-2-0"
        },
        {
          "Player1": "Capitano_CL",
          "Player2": "PedraStone",
          "Result": "2-0-0"
        },
        {
          "Player1": "pr0ugee",
          "Player2": "RatherBplayingMTG",
          "Result": "2-0-0"
        },
        {
          "Player1": "Dreddybajs",
          "Player2": "KevinCon",
          "Result": "0-2-0"
        },
        {
          "Player1": "kcomedina",
          "Player2": "Qaeron",
          "Result": "2-0-0"
        },
        {
          "Player1": "Sandile",
          "Player2": "takeInitiative",
          "Result": "0-0-0"
        },
        {
          "Player1": "Gobern",
          "Player2": "_Falcon_",
          "Result": "0-2-0"
        },
        {
          "Player1": "Melicard",
          "Player2": "Sisyfos_happy",
          "Result": "2-0-0"
        },
        {
          "Player1": "TheAdonis",
          "Player2": "ElCucuy",
          "Result": "1-2-0"
        },
        {
          "Player1": "AchiIIes",
          "Player2": "gooplay1",
          "Result": "2-0-0"
        },
        {
          "Player1": "azatoyellow",
          "Player2": "Arkany1",
          "Result": "2-0-0"
        },
        {
          "Player1": "Lennny",
          "Player2": "CrazyMorango",
          "Result": "2-0-0"
        },
        {
          "Player1": "Tunaktunak",
          "Player2": "Xenowan",
          "Result": "2-0-0"
        },
        {
          "Player1": "Goomy_",
          "Player2": "alfonseelric",
          "Result": "0-2-0"
        },
        {
          "Player1": "416FrowningTable",
          "Player2": "TheDarkSkittle",
          "Result": "0-2-0"
        },
        {
          "Player1": "Bullet_Time",
          "Player2": "NigelGregory",
          "Result": "0-0-0"
        },
        {
          "Player1": "deleon91",
          "Player2": "etoustar",
          "Result": "0-0-0"
        },
        {
          "Player1": "LuffyDoChapeuDePalha",
          "Player2": "fazparte",
          "Result": "2-1-0"
        },
        {
          "Player1": "quinniac",
          "Player2": "xRagedFurballx",
          "Result": "2-0-0"
        },
        {
          "Player1": "chanel-santini",
          "Player2": "VitorCarvalho01",
          "Result": "0-2-0"
        },
        {
          "Player1": "Bullwinkkle6705",
          "Player2": "Ale_Mtg",
          "Result": "0-2-0"
        },
        {
          "Player1": "mortadela",
          "Player2": "Johnny_Hobbs",
          "Result": "2-0-0"
        },
        {
          "Player1": "OafMcNamara",
          "Player2": "Cachorrowo",
          "Result": "2-0-0"
        },
        {
          "Player1": "Clans1",
          "Player2": "4UBro",
          "Result": "2-0-0"
        },
        {
          "Player1": "BressD1",
          "Player2": "Pururin",
          "Result": "2-0-0"
        },
        {
          "Player1": "Sarlanga",
          "Player2": "Young_Shaman",
          "Result": "0-2-0"
        }
      ]
    },
    {
      "RoundName": "Round 3",
      "Matches": [
        {
          "Player1": "LuffyDoChapeuDePalha",
          "Player2": "pepeteam",
          "Result": "0-2-0"
        },
        {
          "Player1": "SoIMBAGallade",
          "Player2": "Danielpena397",
          "Result": "2-0-0"
        },
        {
          "Player1": "_ZNT_",
          "Player2": "Promilx",
          "Result": "0-2-0"
        },
        {
          "Player1": "LordEgg",
          "Player2": "Tunaktunak",
          "Result": "2-0-0"
        },
        {
          "Player1": "Bullwinkkle6705",
          "Player2": "LouisdeSentenac",
          "Result": "2-0-0"
        },
        {
          "Player1": "Bolarakis",
          "Player2": "4UBro",
          "Result": "0-2-0"
        },
        {
          "Player1": "Doomenstein",
          "Player2": "jjmtg25",
          "Result": "0-0-0"
        },
        {
          "Player1": "Hampuse1",
          "Player2": "echecetmat35",
          "Result": "0-2-0"
        },
        {
          "Player1": "LucasG1ggs",
          "Player2": "Skpchino",
          "Result": "0-2-0"
        },
        {
          "Player1": "kcomedina",
          "Player2": "takeInitiative",
          "Result": "2-0-0"
        },
        {
          "Player1": "Fink64",
          "Player2": "Zony",
          "Result": "2-0-0"
        },
        {
          "Player1": "TheKG",
          "Player2": "PedraStone",
          "Result": "0-2-0"
        },
        {
          "Player1": "SoulStrong",
          "Player2": "DethFrmAbove",
          "Result": "0-2-0"
        },
        {
          "Player1": "_TOP_G",
          "Player2": "EdgarB",
          "Result": "2-1-0"
        },
        {
          "Player1": "Xenowan",
          "Player2": "alfonseelric",
          "Result": "2-0-0"
        },
        {
          "Player1": "yukiro",
          "Player2": "monzatubarao",
          "Result": "0-0-0"
        },
        {
          "Player1": "Kaies",
          "Player2": "Terribad",
          "Result": "2-0-0"
        },
        {
          "Player1": "OneModel",
          "Player2": "BressD1",
          "Result": "1-2-0"
        },
        {
          "Player1": "rushi_00",
          "Player2": "outZEROo",
          "Result": "0-0-0"
        },
        {
          "Player1": "medvedev",
          "Player2": "oskiyaa",
          "Result": "0-2-0"
        },
        {
          "Player1": "Yumajpn",
          "Player2": "wara",
          "Result": "2-0-0"
        },
        {
          "Player1": "AchiIIes",
          "Player2": "TrueHero",
          "Result": "0-2-0"
        },
        {
          "Player1": "KevinCon",
          "Player2": "RezerDeDog",
          "Result": "2-0-0"
        },
        {
          "Player1": "gooplay1",
          "Player2": "Sisyfos_happy",
          "Result": "0-2-0"
        },
        {
          "Player1": "KingHairy",
          "Player2": "SGMY95",
          "Result": "2-0-0"
        },
        {
          "Player1": "Kraken__",
          "Player2": "Al1Baba",
          "Result": "0-0-0"
        },
        {
          "Player1": "Arkany1",
          "Player2": "CrazyMorango",
          "Result": "2-0-0"
        },
        {
          "Player1": "katuo079595",
          "Player2": "etoustar",
          "Result": "0-0-0"
        },
        {
          "Player1": "Patxi",
          "Player2": "fate_kuro",
          "Result": "2-0-0"
        },
        {
          "Player1": "HouseOfManaMTG",
          "Player2": "DskBayWolf",
          "Result": "0-0-0"
        },
        {
          "Player1": "_Shatun_",
          "Player2": "TrashBoat100",
          "Result": "0-0-0"
        },
        {
          "Player1": "Ale_Mtg",
          "Player2": "Univerce",
          "Result": "2-0-0"
        },
        {
          "Player1": "claudioh",
          "Player2": "pr0ugee",
          "Result": "2-0-0"
        },
        {
          "Player1": "Mottaka",
          "Player2": "ElCucuy",
          "Result": "0-2-0"
        },
        {
          "Player1": "_Batutinha_",
          "Player2": "Lennny",
          "Result": "2-0-0"
        },
        {
          "Player1": "rastaf",
          "Player2": "ChillingLauge",
          "Result": "0-2-0"
        },
        {
          "Player1": "Melicard",
          "Player2": "Shulk",
          "Result": "2-0-0"
        },
        {
          "Player1": "Folero",
          "Player2": "NoneOfYourBusiness",
          "Result": "2-0-0"
        },
        {
          "Player1": "Young_Shaman",
          "Player2": "Gianhunter",
          "Result": "2-0-0"
        },
        {
          "Player1": "Staroson",
          "Player2": "RatherBplayingMTG",
          "Result": "0-2-0"
        },
        {
          "Player1": "TheAdonis",
          "Player2": "TheDarkSkittle",
          "Result": "0-2-0"
        },
        {
          "Player1": "Pasdejambon",
          "Player2": "Marmotte_Lambda",
          "Result": "2-0-0"
        },
        {
          "Player1": "OafMcNamara",
          "Player2": "azatoyellow",
          "Result": "2-0-0"
        },
        {
          "Player1": "elBB",
          "Player2": "fazparte",
          "Result": "0-0-0"
        },
        {
          "Player1": "McWinSauce",
          "Player2": "AgrusKos93",
          "Result": "0-2-0"
        },
        {
          "Player1": "tchuco",
          "Player2": "quinniac",
          "Result": "0-0-0"
        },
        {
          "Player1": "Varo",
          "Player2": "_Falcon_",
          "Result": "0-2-0"
        },
        {
          "Player1": "moon11",
          "Player2": "Clans1",
          "Result": "0-2-0"
        },
        {
          "Player1": "mortadela",
          "Player2": "nekonekoneko",
          "Result": "0-2-0"
        },
        {
          "Player1": "Capitano_CL",
          "Player2": "Kricha13",
          "Result": "0-2-0"
        },
        {
          "Player1": "O_danielakos",
          "Player2": "Cachorrowo",
          "Result": "2-0-0"
        },
        {
          "Player1": "karatedom",
          "Player2": "romerito1",
          "Result": "0-2-0"
        },
        {
          "Player1": "Dreddybajs",
          "Player2": "Dr4ken",
          "Result": "2-0-0"
        },
        {
          "Player1": "L1X0",
          "Player2": "happypster",
          "Result": "2-0-0"
        },
        {
          "Player1": "Mikebrav",
          "Player2": "Xerk",
          "Result": "2-0-0"
        },
        {
          "Player1": "sebastianpozzo",
          "Player2": "Johnny_Hobbs",
          "Result": "2-0-0"
        },
        {
          "Player1": "Predrag133",
          "Player2": "VenoW_art",
          "Result": "2-0-0"
        },
        {
          "Player1": "Sarlanga",
          "Player2": "ARunningHans",
          "Result": "0-0-0"
        },
        {
          "Player1": "HyPPeR",
          "Player2": "Snover",
          "Result": "0-2-0"
        },
        {
          "Player1": "WingedHussar",
          "Player2": "mysteryman21",
          "Result": "0-2-0"
        },
        {
          "Player1": "manukoka",
          "Player2": "M_LIT",
          "Result": "0-2-0"
        },
        {
          "Player1": "albertoSD",
          "Player2": "burnet7",
          "Result": "2-0-0"
        },
        {
          "Player1": "sandydogmtg",
          "Player2": "Selfeisek",
          "Result": "0-2-0"
        },
        {
          "Player1": "ElGaiteiro",
          "Player2": "GzusReturned",
          "Result": "0-2-0"
        },
        {
          "Player1": "Gobern",
          "Player2": "hermanomlg",
          "Result": "0-0-0"
        },
        {
          "Player1": "VitorCarvalho01",
          "Player2": "Atagomax",
          "Result": "0-2-0"
        },
        {
          "Player1": "pat0presidente",
          "Player2": "deleon91",
          "Result": "2-0-0"
        },
        {
          "Player1": "kasa",
          "Player2": "NigelGregory",
          "Result": "2-0-0"
        },
        {
          "Player1": "Goomy_",
          "Player2": "chanel-santini",
          "Result": "0-0-0"
        },
        {
          "Player1": "Bullet_Time",
          "Player2": "TheSlickshotGang",
          "Result": "0-0-0"
        },
        {
          "Player1": "Qaeron",
          "Player2": "Capipf95",
          "Result": "2-0-0"
        }
      ]
    },
    {
      "RoundName": "Round 4",
      "Matches": [
        {
          "Player1": "SGMY95",
          "Player2": "Univerce",
          "Result": "2-0-0"
        },
        {
          "Player1": "Pasdejambon",
          "Player2": "elBB",
          "Result": "0-2-0"
        },
        {
          "Player1": "LordEgg",
          "Player2": "OafMcNamara",
          "Result": "0-2-0"
        },
        {
          "Player1": "Staroson",
          "Player2": "VitorCarvalho01",
          "Result": "0-0-0"
        },
        {
          "Player1": "wara",
          "Player2": "Zony",
          "Result": "2-0-0"
        },
        {
          "Player1": "Yumajpn",
          "Player2": "pepeteam",
          "Result": "2-0-0"
        },
        {
          "Player1": "Melicard",
          "Player2": "claudioh",
          "Result": "2-0-0"
        },
        {
          "Player1": "pat0presidente",
          "Player2": "HyPPeR",
          "Result": "2-0-0"
        },
        {
          "Player1": "_Shatun_",
          "Player2": "EdgarB",
          "Result": "0-0-0"
        },
        {
          "Player1": "Gianhunter",
          "Player2": "alfonseelric",
          "Result": "0-0-0"
        },
        {
          "Player1": "gooplay1",
          "Player2": "katuo079595",
          "Result": "0-2-0"
        },
        {
          "Player1": "Young_Shaman",
          "Player2": "romerito1",
          "Result": "2-0-0"
        },
        {
          "Player1": "_Falcon_",
          "Player2": "Promilx",
          "Result": "0-0-0"
        },
        {
          "Player1": "Sarlanga",
          "Player2": "ElGaiteiro",
          "Result": "0-0-0"
        },
        {
          "Player1": "LouisdeSentenac",
          "Player2": "Marmotte_Lambda",
          "Result": "0-0-0"
        },
        {
          "Player1": "quinniac",
          "Player2": "outZEROo",
          "Result": "2-0-0"
        },
        {
          "Player1": "sebastianpozzo",
          "Player2": "Kaies",
          "Result": "2-0-0"
        },
        {
          "Player1": "Xerk",
          "Player2": "azatoyellow",
          "Result": "0-2-0"
        },
        {
          "Player1": "rastaf",
          "Player2": "Terribad",
          "Result": "2-0-0"
        },
        {
          "Player1": "fazparte",
          "Player2": "Al1Baba",
          "Result": "2-1-0"
        },
        {
          "Player1": "M_LIT",
          "Player2": "Sisyfos_happy",
          "Result": "0-2-0"
        },
        {
          "Player1": "L1X0",
          "Player2": "Selfeisek",
          "Result": "0-2-0"
        },
        {
          "Player1": "mysteryman21",
          "Player2": "KevinCon",
          "Result": "2-0-0"
        },
        {
          "Player1": "medvedev",
          "Player2": "NigelGregory",
          "Result": "2-0-0"
        },
        {
          "Player1": "Mikebrav",
          "Player2": "Folero",
          "Result": "0-2-0"
        },
        {
          "Player1": "Capitano_CL",
          "Player2": "ChillingLauge",
          "Result": "0-2-0"
        },
        {
          "Player1": "SoIMBAGallade",
          "Player2": "LuffyDoChapeuDePalha",
          "Result": "0-0-0"
        },
        {
          "Player1": "AchiIIes",
          "Player2": "monzatubarao",
          "Result": "2-0-0"
        },
        {
          "Player1": "sandydogmtg",
          "Player2": "OneModel",
          "Result": "0-0-0"
        },
        {
          "Player1": "_Batutinha_",
          "Player2": "Fink64",
          "Result": "0-2-0"
        },
        {
          "Player1": "Johnny_Hobbs",
          "Player2": "GzusReturned",
          "Result": "0-2-0"
        },
        {
          "Player1": "nekonekoneko",
          "Player2": "Ale_Mtg",
          "Result": "0-2-0"
        },
        {
          "Player1": "echecetmat35",
          "Player2": "Qaeron",
          "Result": "2-0-0"
        },
        {
          "Player1": "BressD1",
          "Player2": "RezerDeDog",
          "Result": "0-2-0"
        },
        {
          "Player1": "TheSlickshotGang",
          "Player2": "jjmtg25",
          "Result": "0-0-0"
        },
        {
          "Player1": "albertoSD",
          "Player2": "Bullwinkkle6705",
          "Result": "2-0-0"
        },
        {
          "Player1": "Arkany1",
          "Player2": "RatherBplayingMTG",
          "Result": "0-2-0"
        },
        {
          "Player1": "O_danielakos",
          "Player2": "TrueHero",
          "Result": "2-0-0"
        },
        {
          "Player1": "mortadela",
          "Player2": "hermanomlg",
          "Result": "2-0-0"
        },
        {
          "Player1": "Dreddybajs",
          "Player2": "Lennny",
          "Result": "0-2-0"
        },
        {
          "Player1": "TheAdonis",
          "Player2": "CrazyMorango",
          "Result": "2-0-0"
        },
        {
          "Player1": "LucasG1ggs",
          "Player2": "Kraken__",
          "Result": "2-0-0"
        },
        {
          "Player1": "NoneOfYourBusiness",
          "Player2": "PedraStone",
          "Result": "2-0-0"
        },
        {
          "Player1": "kcomedina",
          "Player2": "WingedHussar",
          "Result": "0-2-0"
        },
        {
          "Player1": "McWinSauce",
          "Player2": "Tunaktunak",
          "Result": "2-0-0"
        },
        {
          "Player1": "_ZNT_",
          "Player2": "Predrag133",
          "Result": "2-0-0"
        },
        {
          "Player1": "Atagomax",
          "Player2": "Shulk",
          "Result": "2-0-0"
        },
        {
          "Player1": "Clans1",
          "Player2": "Snover",
          "Result": "2-0-0"
        },
        {
          "Player1": "tchuco",
          "Player2": "4UBro",
          "Result": "0-2-0"
        },
        {
          "Player1": "Bullet_Time",
          "Player2": "Doomenstein",
          "Result": "0-0-0"
        },
        {
          "Player1": "kasa",
          "Player2": "DskBayWolf",
          "Result": "0-0-0"
        },
        {
          "Player1": "ARunningHans",
          "Player2": "chanel-santini",
          "Result": "0-2-0"
        },
        {
          "Player1": "Varo",
          "Player2": "pr0ugee",
          "Result": "2-0-0"
        },
        {
          "Player1": "KingHairy",
          "Player2": "ElCucuy",
          "Result": "0-2-0"
        },
        {
          "Player1": "Kricha13",
          "Player2": "AgrusKos93",
          "Result": "2-0-0"
        },
        {
          "Player1": "SoulStrong",
          "Player2": "moon11",
          "Result": "0-2-0"
        },
        {
          "Player1": "DethFrmAbove",
          "Player2": "TheDarkSkittle",
          "Result": "2-0-0"
        },
        {
          "Player1": "Patxi",
          "Player2": "_TOP_G",
          "Result": "2-0-0"
        },
        {
          "Player1": "oskiyaa",
          "Player2": "Xenowan",
          "Result": "2-0-0"
        },
        {
          "Player1": "manukoka",
          "Player2": "Cachorrowo",
          "Result": "0-2-0"
        },
        {
          "Player1": "Skpchino",
          "Player2": "Mottaka",
          "Result": "2-0-0"
        }
      ]
    },
    {
      "RoundName": "Round 5",
      "Matches": [
        {
          "Player1": "Mottaka",
          "Player2": "Bullwinkkle6705",
          "Result": "0-2-0"
        },
        {
          "Player1": "BressD1",
          "Player2": "hermanomlg",
          "Result": "2-0-0"
        },
        {
          "Player1": "Folero",
          "Player2": "Melicard",
          "Result": "2-0-0"
        },
        {
          "Player1": "pepeteam",
          "Player2": "wara",
          "Result": "0-2-0"
        },
        {
          "Player1": "kcomedina",
          "Player2": "M_LIT",
          "Result": "0-2-0"
        },
        {
          "Player1": "pat0presidente",
          "Player2": "TheSlickshotGang",
          "Result": "0-0-0"
        },
        {
          "Player1": "quinniac",
          "Player2": "elBB",
          "Result": "2-0-0"
        },
        {
          "Player1": "Varo",
          "Player2": "kasa",
          "Result": "0-2-0"
        },
        {
          "Player1": "_Shatun_",
          "Player2": "monzatubarao",
          "Result": "0-2-0"
        },
        {
          "Player1": "nekonekoneko",
          "Player2": "_ZNT_",
          "Result": "0-0-0"
        },
        {
          "Player1": "Cachorrowo",
          "Player2": "chanel-santini",
          "Result": "0-2-0"
        },
        {
          "Player1": "McWinSauce",
          "Player2": "albertoSD",
          "Result": "0-2-0"
        },
        {
          "Player1": "Predrag133",
          "Player2": "Shulk",
          "Result": "0-2-0"
        },
        {
          "Player1": "Mikebrav",
          "Player2": "DethFrmAbove",
          "Result": "2-0-0"
        },
        {
          "Player1": "Skpchino",
          "Player2": "Lennny",
          "Result": "2-0-0"
        },
        {
          "Player1": "_Batutinha_",
          "Player2": "oskiyaa",
          "Result": "2-0-0"
        },
        {
          "Player1": "KevinCon",
          "Player2": "RatherBplayingMTG",
          "Result": "2-0-0"
        },
        {
          "Player1": "gooplay1",
          "Player2": "LouisdeSentenac",
          "Result": "0-2-0"
        },
        {
          "Player1": "OafMcNamara",
          "Player2": "Kricha13",
          "Result": "0-2-0"
        },
        {
          "Player1": "TrueHero",
          "Player2": "Selfeisek",
          "Result": "0-2-0"
        },
        {
          "Player1": "Patxi",
          "Player2": "Sisyfos_happy",
          "Result": "2-0-0"
        },
        {
          "Player1": "Ale_Mtg",
          "Player2": "ElCucuy",
          "Result": "2-0-0"
        },
        {
          "Player1": "AchiIIes",
          "Player2": "azatoyellow",
          "Result": "2-1-0"
        },
        {
          "Player1": "OneModel",
          "Player2": "pr0ugee",
          "Result": "0-2-0"
        },
        {
          "Player1": "LordEgg",
          "Player2": "O_danielakos",
          "Result": "0-0-0"
        },
        {
          "Player1": "SoIMBAGallade",
          "Player2": "NoneOfYourBusiness",
          "Result": "0-2-0"
        },
        {
          "Player1": "L1X0",
          "Player2": "4UBro",
          "Result": "2-0-0"
        },
        {
          "Player1": "TheAdonis",
          "Player2": "Gianhunter",
          "Result": "2-0-0"
        },
        {
          "Player1": "Xenowan",
          "Player2": "VitorCarvalho01",
          "Result": "0-2-0"
        },
        {
          "Player1": "manukoka",
          "Player2": "HyPPeR",
          "Result": "2-0-0"
        },
        {
          "Player1": "sebastianpozzo",
          "Player2": "AgrusKos93",
          "Result": "2-0-0"
        },
        {
          "Player1": "Qaeron",
          "Player2": "ElGaiteiro",
          "Result": "2-0-0"
        },
        {
          "Player1": "Doomenstein",
          "Player2": "alfonseelric",
          "Result": "0-2-0"
        },
        {
          "Player1": "mysteryman21",
          "Player2": "Promilx",
          "Result": "2-0-0"
        },
        {
          "Player1": "outZEROo",
          "Player2": "PedraStone",
          "Result": "0-2-0"
        },
        {
          "Player1": "RezerDeDog",
          "Player2": "Young_Shaman",
          "Result": "2-0-0"
        },
        {
          "Player1": "Kaies",
          "Player2": "Snover",
          "Result": "0-2-0"
        },
        {
          "Player1": "rastaf",
          "Player2": "Univerce",
          "Result": "2-0-0"
        },
        {
          "Player1": "Clans1",
          "Player2": "Atagomax",
          "Result": "0-2-0"
        },
        {
          "Player1": "mortadela",
          "Player2": "_Falcon_",
          "Result": "2-0-0"
        },
        {
          "Player1": "romerito1",
          "Player2": "Arkany1",
          "Result": "2-0-0"
        },
        {
          "Player1": "Xerk",
          "Player2": "Tunaktunak",
          "Result": "2-0-0"
        },
        {
          "Player1": "Yumajpn",
          "Player2": "Fink64",
          "Result": "2-0-0"
        },
        {
          "Player1": "NigelGregory",
          "Player2": "jjmtg25",
          "Result": "0-0-0"
        },
        {
          "Player1": "fazparte",
          "Player2": "GzusReturned",
          "Result": "0-2-0"
        },
        {
          "Player1": "katuo079595",
          "Player2": "KingHairy",
          "Result": "0-2-0"
        },
        {
          "Player1": "Capitano_CL",
          "Player2": "Dreddybajs",
          "Result": "0-2-0"
        },
        {
          "Player1": "moon11",
          "Player2": "Marmotte_Lambda",
          "Result": "2-0-0"
        },
        {
          "Player1": "ChillingLauge",
          "Player2": "WingedHussar",
          "Result": "2-0-0"
        },
        {
          "Player1": "medvedev",
          "Player2": "LucasG1ggs",
          "Result": "0-2-0"
        },
        {
          "Player1": "claudioh",
          "Player2": "SGMY95",
          "Result": "0-2-0"
        },
        {
          "Player1": "echecetmat35",
          "Player2": "Zony",
          "Result": "0-2-0"
        },
        {
          "Player1": "LuffyDoChapeuDePalha",
          "Player2": "TheDarkSkittle",
          "Result": "0-2-0"
        }
      ]
    },
    {
      "RoundName": "Round 6",
      "Matches": [
        {
          "Player1": "AgrusKos93",
          "Player2": "PedraStone",
          "Result": "2-0-0"
        },
        {
          "Player1": "L1X0",
          "Player2": "elBB",
          "Result": "0-2-0"
        },
        {
          "Player1": "pat0presidente",
          "Player2": "nekonekoneko",
          "Result": "0-0-0"
        },
        {
          "Player1": "McWinSauce",
          "Player2": "Bullwinkkle6705",
          "Result": "2-0-0"
        },
        {
          "Player1": "Skpchino",
          "Player2": "wara",
          "Result": "0-2-0"
        },
        {
          "Player1": "Lennny",
          "Player2": "chanel-santini",
          "Result": "2-0-0"
        },
        {
          "Player1": "M_LIT",
          "Player2": "BressD1",
          "Result": "2-0-0"
        },
        {
          "Player1": "_Shatun_",
          "Player2": "Cachorrowo",
          "Result": "0-2-0"
        },
        {
          "Player1": "Marmotte_Lambda",
          "Player2": "alfonseelric",
          "Result": "0-2-0"
        },
        {
          "Player1": "albertoSD",
          "Player2": "KingHairy",
          "Result": "0-2-0"
        },
        {
          "Player1": "Patxi",
          "Player2": "Promilx",
          "Result": "2-0-0"
        },
        {
          "Player1": "Folero",
          "Player2": "Fink64",
          "Result": "2-0-0"
        },
        {
          "Player1": "romerito1",
          "Player2": "TheDarkSkittle",
          "Result": "0-2-0"
        },
        {
          "Player1": "Mikebrav",
          "Player2": "Atagomax",
          "Result": "2-0-0"
        },
        {
          "Player1": "_ZNT_",
          "Player2": "KevinCon",
          "Result": "2-0-0"
        },
        {
          "Player1": "SoIMBAGallade",
          "Player2": "RatherBplayingMTG",
          "Result": "0-2-0"
        },
        {
          "Player1": "OafMcNamara",
          "Player2": "Melicard",
          "Result": "2-0-0"
        },
        {
          "Player1": "Clans1",
          "Player2": "claudioh",
          "Result": "0-2-0"
        },
        {
          "Player1": "mortadela",
          "Player2": "quinniac",
          "Result": "0-2-0"
        },
        {
          "Player1": "OneModel",
          "Player2": "4UBro",
          "Result": "2-0-0"
        },
        {
          "Player1": "O_danielakos",
          "Player2": "Young_Shaman",
          "Result": "2-0-0"
        },
        {
          "Player1": "echecetmat35",
          "Player2": "kcomedina",
          "Result": "0-2-0"
        },
        {
          "Player1": "Varo",
          "Player2": "Xerk",
          "Result": "2-0-0"
        },
        {
          "Player1": "LuffyDoChapeuDePalha",
          "Player2": "LouisdeSentenac",
          "Result": "2-0-0"
        },
        {
          "Player1": "moon11",
          "Player2": "WingedHussar",
          "Result": "0-2-0"
        },
        {
          "Player1": "LucasG1ggs",
          "Player2": "pepeteam",
          "Result": "0-2-0"
        },
        {
          "Player1": "kasa",
          "Player2": "RezerDeDog",
          "Result": "2-0-0"
        },
        {
          "Player1": "NoneOfYourBusiness",
          "Player2": "SGMY95",
          "Result": "0-2-0"
        },
        {
          "Player1": "rastaf",
          "Player2": "Dreddybajs",
          "Result": "2-0-0"
        },
        {
          "Player1": "manukoka",
          "Player2": "Tunaktunak",
          "Result": "1-2-0"
        },
        {
          "Player1": "Capitano_CL",
          "Player2": "Gianhunter",
          "Result": "2-0-0"
        },
        {
          "Player1": "Selfeisek",
          "Player2": "_Falcon_",
          "Result": "0-2-0"
        },
        {
          "Player1": "oskiyaa",
          "Player2": "Zony",
          "Result": "0-2-0"
        },
        {
          "Player1": "AchiIIes",
          "Player2": "LordEgg",
          "Result": "2-0-0"
        },
        {
          "Player1": "Mottaka",
          "Player2": "Doomenstein",
          "Result": "0-2-0"
        },
        {
          "Player1": "pr0ugee",
          "Player2": "Snover",
          "Result": "2-0-0"
        },
        {
          "Player1": "sebastianpozzo",
          "Player2": "ElCucuy",
          "Result": "0-2-0"
        },
        {
          "Player1": "katuo079595",
          "Player2": "Shulk",
          "Result": "0-2-0"
        },
        {
          "Player1": "Ale_Mtg",
          "Player2": "mysteryman21",
          "Result": "2-0-0"
        },
        {
          "Player1": "Yumajpn",
          "Player2": "Kricha13",
          "Result": "2-0-0"
        },
        {
          "Player1": "GzusReturned",
          "Player2": "monzatubarao",
          "Result": "2-0-0"
        },
        {
          "Player1": "fazparte",
          "Player2": "jjmtg25",
          "Result": "0-0-0"
        },
        {
          "Player1": "Bullet_Time",
          "Player2": "gooplay1",
          "Result": "0-2-0"
        },
        {
          "Player1": "_Batutinha_",
          "Player2": "ChillingLauge",
          "Result": "0-0-0"
        },
        {
          "Player1": "TrueHero",
          "Player2": "Sisyfos_happy",
          "Result": "0-2-0"
        },
        {
          "Player1": "VitorCarvalho01",
          "Player2": "TheAdonis",
          "Result": "0-2-0"
        },
        {
          "Player1": "medvedev",
          "Player2": "Qaeron",
          "Result": "0-2-0"
        }
      ]
    },
    {
      "RoundName": "Round 7",
      "Matches": [
        {
          "Player1": "jjmtg25",
          "Player2": "4UBro",
          "Result": "0-2-0"
        },
        {
          "Player1": "Clans1",
          "Player2": "Bullwinkkle6705",
          "Result": "0-2-0"
        },
        {
          "Player1": "Capitano_CL",
          "Player2": "OneModel",
          "Result": "2-0-0"
        },
        {
          "Player1": "BressD1",
          "Player2": "Snover",
          "Result": "0-0-0"
        },
        {
          "Player1": "Selfeisek",
          "Player2": "KevinCon",
          "Result": "2-0-0"
        },
        {
          "Player1": "mortadela",
          "Player2": "WingedHussar",
          "Result": "2-0-0"
        },
        {
          "Player1": "oskiyaa",
          "Player2": "Qaeron",
          "Result": "2-0-0"
        },
        {
          "Player1": "Shulk",
          "Player2": "Skpchino",
          "Result": "2-0-0"
        },
        {
          "Player1": "M_LIT",
          "Player2": "claudioh",
          "Result": "2-0-0"
        },
        {
          "Player1": "L1X0",
          "Player2": "LuffyDoChapeuDePalha",
          "Result": "2-0-0"
        },
        {
          "Player1": "Doomenstein",
          "Player2": "PedraStone",
          "Result": "0-2-0"
        },
        {
          "Player1": "wara",
          "Player2": "ElCucuy",
          "Result": "2-0-0"
        },
        {
          "Player1": "albertoSD",
          "Player2": "Zony",
          "Result": "0-2-0"
        },
        {
          "Player1": "AchiIIes",
          "Player2": "Patxi",
          "Result": "0-2-0"
        },
        {
          "Player1": "kcomedina",
          "Player2": "LucasG1ggs",
          "Result": "2-0-0"
        },
        {
          "Player1": "Varo",
          "Player2": "O_danielakos",
          "Result": "0-2-0"
        },
        {
          "Player1": "Kricha13",
          "Player2": "KingHairy",
          "Result": "0-2-0"
        },
        {
          "Player1": "_ZNT_",
          "Player2": "mysteryman21",
          "Result": "2-0-0"
        },
        {
          "Player1": "TheDarkSkittle",
          "Player2": "Fink64",
          "Result": "0-2-0"
        },
        {
          "Player1": "moon11",
          "Player2": "alfonseelric",
          "Result": "2-0-0"
        },
        {
          "Player1": "SoIMBAGallade",
          "Player2": "Cachorrowo",
          "Result": "0-0-0"
        },
        {
          "Player1": "fazparte",
          "Player2": "VitorCarvalho01",
          "Result": "2-0-0"
        },
        {
          "Player1": "Yumajpn",
          "Player2": "Ale_Mtg",
          "Result": "0-2-0"
        },
        {
          "Player1": "NoneOfYourBusiness",
          "Player2": "Promilx",
          "Result": "0-2-0"
        },
        {
          "Player1": "rastaf",
          "Player2": "RezerDeDog",
          "Result": "0-2-0"
        },
        {
          "Player1": "medvedev",
          "Player2": "_Shatun_",
          "Result": "2-0-0"
        },
        {
          "Player1": "Mikebrav",
          "Player2": "McWinSauce",
          "Result": "2-0-0"
        },
        {
          "Player1": "pepeteam",
          "Player2": "_Falcon_",
          "Result": "0-0-0"
        },
        {
          "Player1": "chanel-santini",
          "Player2": "pat0presidente",
          "Result": "0-2-0"
        },
        {
          "Player1": "TrueHero",
          "Player2": "monzatubarao",
          "Result": "2-0-0"
        },
        {
          "Player1": "Folero",
          "Player2": "SGMY95",
          "Result": "2-0-0"
        },
        {
          "Player1": "_Batutinha_",
          "Player2": "kasa",
          "Result": "0-2-0"
        },
        {
          "Player1": "echecetmat35",
          "Player2": "Marmotte_Lambda",
          "Result": "0-2-0"
        },
        {
          "Player1": "ChillingLauge",
          "Player2": "GzusReturned",
          "Result": "0-2-0"
        },
        {
          "Player1": "Lennny",
          "Player2": "Melicard",
          "Result": "2-0-0"
        },
        {
          "Player1": "Tunaktunak",
          "Player2": "romerito1",
          "Result": "2-0-0"
        },
        {
          "Player1": "Sisyfos_happy",
          "Player2": "RatherBplayingMTG",
          "Result": "2-0-0"
        },
        {
          "Player1": "sebastianpozzo",
          "Player2": "elBB",
          "Result": "0-2-0"
        },
        {
          "Player1": "pr0ugee",
          "Player2": "Atagomax",
          "Result": "0-2-0"
        },
        {
          "Player1": "TheAdonis",
          "Player2": "AgrusKos93",
          "Result": "0-2-0"
        },
        {
          "Player1": "OafMcNamara",
          "Player2": "quinniac",
          "Result": "2-0-0"
        }
      ]
    },
    {
      "RoundName": "Round 8",
      "Matches": [
        {
          "Player1": "kcomedina",
          "Player2": "ChillingLauge",
          "Result": "2-0-0"
        },
        {
          "Player1": "pepeteam",
          "Player2": "Shulk",
          "Result": "2-0-0"
        },
        {
          "Player1": "medvedev",
          "Player2": "monzatubarao",
          "Result": "2-0-0"
        },
        {
          "Player1": "Folero",
          "Player2": "Ale_Mtg",
          "Result": "2-0-0"
        },
        {
          "Player1": "_Batutinha_",
          "Player2": "GzusReturned",
          "Result": "2-0-0"
        },
        {
          "Player1": "Mikebrav",
          "Player2": "KingHairy",
          "Result": "0-2-0"
        },
        {
          "Player1": "kasa",
          "Player2": "Yumajpn",
          "Result": "0-0-0"
        },
        {
          "Player1": "L1X0",
          "Player2": "WingedHussar",
          "Result": "2-0-0"
        },
        {
          "Player1": "fazparte",
          "Player2": "RatherBplayingMTG",
          "Result": "0-2-0"
        },
        {
          "Player1": "TheAdonis",
          "Player2": "TrueHero",
          "Result": "2-0-0"
        },
        {
          "Player1": "mysteryman21",
          "Player2": "elBB",
          "Result": "2-0-0"
        },
        {
          "Player1": "Bullwinkkle6705",
          "Player2": "TheDarkSkittle",
          "Result": "2-0-0"
        },
        {
          "Player1": "OafMcNamara",
          "Player2": "_ZNT_",
          "Result": "2-0-0"
        },
        {
          "Player1": "KevinCon",
          "Player2": "PedraStone",
          "Result": "2-0-0"
        },
        {
          "Player1": "Patxi",
          "Player2": "wara",
          "Result": "2-0-0"
        },
        {
          "Player1": "SGMY95",
          "Player2": "Fink64",
          "Result": "0-2-0"
        },
        {
          "Player1": "rastaf",
          "Player2": "_Falcon_",
          "Result": "2-0-0"
        },
        {
          "Player1": "mortadela",
          "Player2": "Kricha13",
          "Result": "2-0-0"
        },
        {
          "Player1": "BressD1",
          "Player2": "romerito1",
          "Result": "0-2-0"
        },
        {
          "Player1": "M_LIT",
          "Player2": "Atagomax",
          "Result": "0-2-0"
        },
        {
          "Player1": "Capitano_CL",
          "Player2": "claudioh",
          "Result": "0-2-0"
        },
        {
          "Player1": "Varo",
          "Player2": "Snover",
          "Result": "2-0-0"
        },
        {
          "Player1": "oskiyaa",
          "Player2": "Tunaktunak",
          "Result": "0-2-0"
        },
        {
          "Player1": "Zony",
          "Player2": "RezerDeDog",
          "Result": "0-2-0"
        },
        {
          "Player1": "Selfeisek",
          "Player2": "AgrusKos93",
          "Result": "0-2-0"
        },
        {
          "Player1": "McWinSauce",
          "Player2": "Cachorrowo",
          "Result": "0-2-0"
        },
        {
          "Player1": "moon11",
          "Player2": "NoneOfYourBusiness",
          "Result": "2-0-0"
        },
        {
          "Player1": "pat0presidente",
          "Player2": "Skpchino",
          "Result": "0-0-0"
        },
        {
          "Player1": "sebastianpozzo",
          "Player2": "pr0ugee",
          "Result": "2-0-0"
        },
        {
          "Player1": "Lennny",
          "Player2": "Sisyfos_happy",
          "Result": "2-0-0"
        },
        {
          "Player1": "LucasG1ggs",
          "Player2": "Clans1",
          "Result": "0-2-0"
        },
        {
          "Player1": "4UBro",
          "Player2": "alfonseelric",
          "Result": "0-2-0"
        },
        {
          "Player1": "quinniac",
          "Player2": "Promilx",
          "Result": "2-0-0"
        },
        {
          "Player1": "chanel-santini",
          "Player2": "Marmotte_Lambda",
          "Result": "2-0-0"
        },
        {
          "Player1": "AchiIIes",
          "Player2": "O_danielakos",
          "Result": "2-0-0"
        },
        {
          "Player1": "Melicard",
          "Player2": "ElCucuy",
          "Result": "0-2-0"
        }
      ]
    },
    {
      "RoundName": "Round 9",
      "Matches": [
        {
          "Player1": "Patxi",
          "Player2": "KingHairy",
          "Result": "2-0-0"
        },
        {
          "Player1": "Yumajpn",
          "Player2": "Ale_Mtg",
          "Result": "0-2-0"
        },
        {
          "Player1": "OafMcNamara",
          "Player2": "kasa",
          "Result": "2-0-0"
        },
        {
          "Player1": "Folero",
          "Player2": "wara",
          "Result": "2-0-0"
        }
      ]
    },
    {
      "RoundName": "Round 10",
      "Matches": [
        {
          "Player1": "OafMcNamara",
          "Player2": "Folero",
          "Result": "0-2-0"
        },
        {
          "Player1": "Patxi",
          "Player2": "Ale_Mtg",
          "Result": "2-0-0"
        }
      ]
    },
    {
      "RoundName": "Round 11",
      "Matches": [
        {
          "Player1": "Patxi",
          "Player2": "Folero",
          "Result": "2-0-0"
        }
      ]
    }
  ],
  "Standings": [
    {
      "Rank": 168,
      "Player": "MTGHolic",
      "Points": 0,
      "Wins": 0,
      "Losses": 0,
      "Draws": 0,
      "OMWP": 0.3333,
      "GWP": 0,
      "OGWP": 0.4706
    },
    {
      "Rank": 167,
      "Player": "ShadowTitan1",
      "Points": 0,
      "Wins": 0,
      "Losses": 0,
      "Draws": 0,
      "OMWP": 0.3333,
      "GWP": 0.3333,
      "OGWP": 0.3333
    },
    {
      "Rank": 166,
      "Player": "Bob49",
      "Points": 0,
      "Wins": 0,
      "Losses": 0,
      "Draws": 0,
      "OMWP": 0.4,
      "GWP": 0,
      "OGWP": 0.4167
    },
    {
      "Rank": 165,
      "Player": "TrashBoat100",
      "Points": 0,
      "Wins": 0,
      "Losses": 0,
      "Draws": 0,
      "OMWP": 0.4111,
      "GWP": 0.1429,
      "OGWP": 0.4343
    },
    {
      "Rank": 164,
      "Player": "pokerswizard",
      "Points": 0,
      "Wins": 0,
      "Losses": 0,
      "Draws": 0,
      "OMWP": 0.4167,
      "GWP": 0,
      "OGWP": 0.4167
    },
    {
      "Rank": 163,
      "Player": "Gornagal",
      "Points": 0,
      "Wins": 0,
      "Losses": 0,
      "Draws": 0,
      "OMWP": 0.4167,
      "GWP": 0.2,
      "OGWP": 0.4375
    },
    {
      "Rank": 162,
      "Player": "Bolarakis",
      "Points": 0,
      "Wins": 0,
      "Losses": 0,
      "Draws": 0,
      "OMWP": 0.43450000000000005,
      "GWP": 0.1429,
      "OGWP": 0.5088
    },
    {
      "Rank": 161,
      "Player": "Kraken__",
      "Points": 0,
      "Wins": 0,
      "Losses": 0,
      "Draws": 0,
      "OMWP": 0.44789999999999996,
      "GWP": 0.2,
      "OGWP": 0.4498
    },
    {
      "Rank": 160,
      "Player": "Sarlanga",
      "Points": 0,
      "Wins": 0,
      "Losses": 0,
      "Draws": 0,
      "OMWP": 0.44789999999999996,
      "GWP": 0.2,
      "OGWP": 0.4535
    },
    {
      "Rank": 159,
      "Player": "Dai66s",
      "Points": 0,
      "Wins": 0,
      "Losses": 0,
      "Draws": 0,
      "OMWP": 0.4524,
      "GWP": 0.2,
      "OGWP": 0.4286
    },
    {
      "Rank": 158,
      "Player": "Hampuse1",
      "Points": 0,
      "Wins": 0,
      "Losses": 0,
      "Draws": 0,
      "OMWP": 0.4623,
      "GWP": 0.1429,
      "OGWP": 0.4902
    },
    {
      "Rank": 157,
      "Player": "Bugsy69",
      "Points": 0,
      "Wins": 0,
      "Losses": 0,
      "Draws": 0,
      "OMWP": 0.4792,
      "GWP": 0.2,
      "OGWP": 0.4667
    },
    {
      "Rank": 156,
      "Player": "Sandile",
      "Points": 0,
      "Wins": 0,
      "Losses": 0,
      "Draws": 0,
      "OMWP": 0.4792,
      "GWP": 0.2,
      "OGWP": 0.5097
    },
    {
      "Rank": 155,
      "Player": "Mldyss",
      "Points": 0,
      "Wins": 0,
      "Losses": 0,
      "Draws": 0,
      "OMWP": 0.4792,
      "GWP": 0.3333,
      "OGWP": 0.4915
    },
    {
      "Rank": 154,
      "Player": "SolarPotato",
      "Points": 0,
      "Wins": 0,
      "Losses": 0,
      "Draws": 0,
      "OMWP": 0.5,
      "GWP": 0,
      "OGWP": 0.5
    },
    {
      "Rank": 153,
      "Player": "Pururin",
      "Points": 0,
      "Wins": 0,
      "Losses": 0,
      "Draws": 0,
      "OMWP": 0.5,
      "GWP": 0.2,
      "OGWP": 0.47950000000000004
    },
    {
      "Rank": 152,
      "Player": "bernardocssa",
      "Points": 0,
      "Wins": 0,
      "Losses": 0,
      "Draws": 0,
      "OMWP": 0.5,
      "GWP": 0.2,
      "OGWP": 0.4885
    },
    {
      "Rank": 151,
      "Player": "416FrowningTable",
      "Points": 0,
      "Wins": 0,
      "Losses": 0,
      "Draws": 0,
      "OMWP": 0.5,
      "GWP": 0.2,
      "OGWP": 0.5132
    },
    {
      "Rank": 150,
      "Player": "oosunq",
      "Points": 0,
      "Wins": 0,
      "Losses": 0,
      "Draws": 0,
      "OMWP": 0.5,
      "GWP": 0.3333,
      "OGWP": 0.5
    },
    {
      "Rank": 149,
      "Player": "Raegis",
      "Points": 0,
      "Wins": 0,
      "Losses": 0,
      "Draws": 0,
      "OMWP": 0.5125,
      "GWP": 0.3333,
      "OGWP": 0.5
    },
    {
      "Rank": 148,
      "Player": "Capipf95",
      "Points": 0,
      "Wins": 0,
      "Losses": 0,
      "Draws": 0,
      "OMWP": 0.5179,
      "GWP": 0.3333,
      "OGWP": 0.5424
    },
    {
      "Rank": 147,
      "Player": "jakobpablo",
      "Points": 0,
      "Wins": 0,
      "Losses": 0,
      "Draws": 0,
      "OMWP": 0.5417000000000001,
      "GWP": 0,
      "OGWP": 0.5921
    },
    {
      "Rank": 146,
      "Player": "Goomy_",
      "Points": 0,
      "Wins": 0,
      "Losses": 0,
      "Draws": 0,
      "OMWP": 0.5417000000000001,
      "GWP": 0.25,
      "OGWP": 0.5342
    },
    {
      "Rank": 145,
      "Player": "deleon91",
      "Points": 0,
      "Wins": 0,
      "Losses": 0,
      "Draws": 0,
      "OMWP": 0.5694,
      "GWP": 0.3333,
      "OGWP": 0.526
    },
    {
      "Rank": 144,
      "Player": "komattaman",
      "Points": 0,
      "Wins": 0,
      "Losses": 0,
      "Draws": 0,
      "OMWP": 0.6042000000000001,
      "GWP": 0.2,
      "OGWP": 0.5742
    },
    {
      "Rank": 143,
      "Player": "xRagedFurballx",
      "Points": 0,
      "Wins": 0,
      "Losses": 0,
      "Draws": 0,
      "OMWP": 0.625,
      "GWP": 0,
      "OGWP": 0.55
    },
    {
      "Rank": 142,
      "Player": "Thief_Of_Crowns",
      "Points": 0,
      "Wins": 0,
      "Losses": 0,
      "Draws": 0,
      "OMWP": 0.625,
      "GWP": 0.2,
      "OGWP": 0.5595
    },
    {
      "Rank": 141,
      "Player": "Allegations",
      "Points": 0,
      "Wins": 0,
      "Losses": 0,
      "Draws": 0,
      "OMWP": 0.625,
      "GWP": 0.3333,
      "OGWP": 0.5789
    },
    {
      "Rank": 140,
      "Player": "Tsubasa_Cat",
      "Points": 0,
      "Wins": 0,
      "Losses": 0,
      "Draws": 0,
      "OMWP": 0.625,
      "GWP": 0.3333,
      "OGWP": 0.6
    },
    {
      "Rank": 139,
      "Player": "Rosiedog88",
      "Points": 0,
      "Wins": 0,
      "Losses": 0,
      "Draws": 0,
      "OMWP": 0.75,
      "GWP": 0,
      "OGWP": 0.6364
    },
    {
      "Rank": 138,
      "Player": "RubyXillia",
      "Points": 0,
      "Wins": 0,
      "Losses": 0,
      "Draws": 0,
      "OMWP": 0.75,
      "GWP": 0,
      "OGWP": 0.6667000000000001
    },
    {
      "Rank": 137,
      "Player": "AFX",
      "Points": 0,
      "Wins": 0,
      "Losses": 0,
      "Draws": 0,
      "OMWP": 0.75,
      "GWP": 0.3333,
      "OGWP": 0.5909
    },
    {
      "Rank": 136,
      "Player": "ncowden",
      "Points": 0,
      "Wins": 0,
      "Losses": 0,
      "Draws": 0,
      "OMWP": 0.75,
      "GWP": 0.3333,
      "OGWP": 0.619
    },
    {
      "Rank": 135,
      "Player": "reidq7",
      "Points": 0,
      "Wins": 0,
      "Losses": 0,
      "Draws": 0,
      "OMWP": 0.75,
      "GWP": 0.3333,
      "OGWP": 0.6364
    },
    {
      "Rank": 134,
      "Player": "VenoW_art",
      "Points": 3,
      "Wins": 0,
      "Losses": 0,
      "Draws": 0,
      "OMWP": 0.3778,
      "GWP": 0.375,
      "OGWP": 0.4278
    },
    {
      "Rank": 133,
      "Player": "HouseOfManaMTG",
      "Points": 3,
      "Wins": 0,
      "Losses": 0,
      "Draws": 0,
      "OMWP": 0.3889,
      "GWP": 0.3333,
      "OGWP": 0.40399999999999997
    },
    {
      "Rank": 132,
      "Player": "TheKG",
      "Points": 3,
      "Wins": 0,
      "Losses": 0,
      "Draws": 0,
      "OMWP": 0.3889,
      "GWP": 0.5,
      "OGWP": 0.38380000000000003
    },
    {
      "Rank": 131,
      "Player": "Bullet_Time",
      "Points": 3,
      "Wins": 0,
      "Losses": 0,
      "Draws": 0,
      "OMWP": 0.43,
      "GWP": 0.23079999999999998,
      "OGWP": 0.4336
    },
    {
      "Rank": 130,
      "Player": "etoustar",
      "Points": 3,
      "Wins": 0,
      "Losses": 0,
      "Draws": 0,
      "OMWP": 0.44439999999999996,
      "GWP": 0.375,
      "OGWP": 0.4111
    },
    {
      "Rank": 129,
      "Player": "rushi_00",
      "Points": 3,
      "Wins": 0,
      "Losses": 0,
      "Draws": 0,
      "OMWP": 0.45280000000000004,
      "GWP": 0.44439999999999996,
      "OGWP": 0.4429
    },
    {
      "Rank": 128,
      "Player": "EdgarB",
      "Points": 3,
      "Wins": 0,
      "Losses": 0,
      "Draws": 0,
      "OMWP": 0.4583,
      "GWP": 0.3636,
      "OGWP": 0.44659999999999994
    },
    {
      "Rank": 127,
      "Player": "Gobern",
      "Points": 3,
      "Wins": 0,
      "Losses": 0,
      "Draws": 0,
      "OMWP": 0.4667,
      "GWP": 0.375,
      "OGWP": 0.5136999999999999
    },
    {
      "Rank": 126,
      "Player": "Dr4ken",
      "Points": 3,
      "Wins": 0,
      "Losses": 0,
      "Draws": 0,
      "OMWP": 0.4861,
      "GWP": 0.3333,
      "OGWP": 0.49689999999999995
    },
    {
      "Rank": 125,
      "Player": "takeInitiative",
      "Points": 3,
      "Wins": 0,
      "Losses": 0,
      "Draws": 0,
      "OMWP": 0.4861,
      "GWP": 0.4286,
      "OGWP": 0.4732
    },
    {
      "Rank": 124,
      "Player": "tchuco",
      "Points": 3,
      "Wins": 0,
      "Losses": 0,
      "Draws": 0,
      "OMWP": 0.48960000000000004,
      "GWP": 0.22219999999999998,
      "OGWP": 0.5053
    },
    {
      "Rank": 123,
      "Player": "Terribad",
      "Points": 3,
      "Wins": 0,
      "Losses": 0,
      "Draws": 0,
      "OMWP": 0.49579999999999996,
      "GWP": 0.3636,
      "OGWP": 0.47729999999999995
    },
    {
      "Rank": 122,
      "Player": "Danielpena397",
      "Points": 3,
      "Wins": 0,
      "Losses": 0,
      "Draws": 0,
      "OMWP": 0.504,
      "GWP": 0.375,
      "OGWP": 0.5146999999999999
    },
    {
      "Rank": 121,
      "Player": "ARunningHans",
      "Points": 3,
      "Wins": 0,
      "Losses": 0,
      "Draws": 0,
      "OMWP": 0.5104,
      "GWP": 0.4545,
      "OGWP": 0.4711
    },
    {
      "Rank": 120,
      "Player": "Al1Baba",
      "Points": 3,
      "Wins": 0,
      "Losses": 0,
      "Draws": 0,
      "OMWP": 0.5207999999999999,
      "GWP": 0.4167,
      "OGWP": 0.4656
    },
    {
      "Rank": 119,
      "Player": "ElGaiteiro",
      "Points": 3,
      "Wins": 0,
      "Losses": 0,
      "Draws": 0,
      "OMWP": 0.5274,
      "GWP": 0.25,
      "OGWP": 0.5022
    },
    {
      "Rank": 118,
      "Player": "yukiro",
      "Points": 3,
      "Wins": 0,
      "Losses": 0,
      "Draws": 0,
      "OMWP": 0.5278,
      "GWP": 0.4286,
      "OGWP": 0.5275
    },
    {
      "Rank": 117,
      "Player": "burnet7",
      "Points": 3,
      "Wins": 0,
      "Losses": 0,
      "Draws": 0,
      "OMWP": 0.5321,
      "GWP": 0.4286,
      "OGWP": 0.5212
    },
    {
      "Rank": 116,
      "Player": "NigelGregory",
      "Points": 3,
      "Wins": 0,
      "Losses": 0,
      "Draws": 0,
      "OMWP": 0.5333,
      "GWP": 0.3846,
      "OGWP": 0.491
    },
    {
      "Rank": 115,
      "Player": "sandydogmtg",
      "Points": 3,
      "Wins": 0,
      "Losses": 0,
      "Draws": 0,
      "OMWP": 0.5342,
      "GWP": 0.3333,
      "OGWP": 0.5132
    },
    {
      "Rank": 114,
      "Player": "HyPPeR",
      "Points": 3,
      "Wins": 0,
      "Losses": 0,
      "Draws": 0,
      "OMWP": 0.5417000000000001,
      "GWP": 0.25,
      "OGWP": 0.5377000000000001
    },
    {
      "Rank": 113,
      "Player": "karatedom",
      "Points": 3,
      "Wins": 0,
      "Losses": 0,
      "Draws": 0,
      "OMWP": 0.5417000000000001,
      "GWP": 0.5,
      "OGWP": 0.4864
    },
    {
      "Rank": 112,
      "Player": "CrazyMorango",
      "Points": 3,
      "Wins": 0,
      "Losses": 0,
      "Draws": 0,
      "OMWP": 0.5438000000000001,
      "GWP": 0.4,
      "OGWP": 0.49950000000000006
    },
    {
      "Rank": 111,
      "Player": "Staroson",
      "Points": 3,
      "Wins": 0,
      "Losses": 0,
      "Draws": 0,
      "OMWP": 0.5521,
      "GWP": 0.25,
      "OGWP": 0.5316
    },
    {
      "Rank": 110,
      "Player": "SoulStrong",
      "Points": 3,
      "Wins": 0,
      "Losses": 0,
      "Draws": 0,
      "OMWP": 0.5771000000000001,
      "GWP": 0.3,
      "OGWP": 0.5629
    },
    {
      "Rank": 109,
      "Player": "Johnny_Hobbs",
      "Points": 3,
      "Wins": 0,
      "Losses": 0,
      "Draws": 0,
      "OMWP": 0.5938,
      "GWP": 0.25,
      "OGWP": 0.5543
    },
    {
      "Rank": 108,
      "Player": "happypster",
      "Points": 3,
      "Wins": 0,
      "Losses": 0,
      "Draws": 0,
      "OMWP": 0.6111,
      "GWP": 0.375,
      "OGWP": 0.5234000000000001
    },
    {
      "Rank": 107,
      "Player": "fate_kuro",
      "Points": 3,
      "Wins": 0,
      "Losses": 0,
      "Draws": 0,
      "OMWP": 0.6429,
      "GWP": 0.2857,
      "OGWP": 0.6088
    },
    {
      "Rank": 106,
      "Player": "Doomenstein",
      "Points": 6,
      "Wins": 0,
      "Losses": 0,
      "Draws": 0,
      "OMWP": 0.381,
      "GWP": 0.45,
      "OGWP": 0.4028
    },
    {
      "Rank": 105,
      "Player": "LouisdeSentenac",
      "Points": 6,
      "Wins": 0,
      "Losses": 0,
      "Draws": 0,
      "OMWP": 0.4117,
      "GWP": 0.4375,
      "OGWP": 0.4178
    },
    {
      "Rank": 104,
      "Player": "jjmtg25",
      "Points": 6,
      "Wins": 0,
      "Losses": 0,
      "Draws": 0,
      "OMWP": 0.4202,
      "GWP": 0.36840000000000006,
      "OGWP": 0.4249
    },
    {
      "Rank": 103,
      "Player": "_Shatun_",
      "Points": 6,
      "Wins": 0,
      "Losses": 0,
      "Draws": 0,
      "OMWP": 0.4243,
      "GWP": 0.3529,
      "OGWP": 0.44909999999999994
    },
    {
      "Rank": 102,
      "Player": "TheSlickshotGang",
      "Points": 6,
      "Wins": 0,
      "Losses": 0,
      "Draws": 0,
      "OMWP": 0.45,
      "GWP": 0.3333,
      "OGWP": 0.4404
    },
    {
      "Rank": 101,
      "Player": "outZEROo",
      "Points": 6,
      "Wins": 0,
      "Losses": 0,
      "Draws": 0,
      "OMWP": 0.45,
      "GWP": 0.4286,
      "OGWP": 0.4522
    },
    {
      "Rank": 100,
      "Player": "DskBayWolf",
      "Points": 6,
      "Wins": 0,
      "Losses": 0,
      "Draws": 0,
      "OMWP": 0.46869999999999995,
      "GWP": 0.5455,
      "OGWP": 0.43090000000000006
    },
    {
      "Rank": 99,
      "Player": "echecetmat35",
      "Points": 6,
      "Wins": 0,
      "Losses": 0,
      "Draws": 0,
      "OMWP": 0.4743,
      "GWP": 0.4,
      "OGWP": 0.46950000000000003
    },
    {
      "Rank": 98,
      "Player": "Predrag133",
      "Points": 6,
      "Wins": 0,
      "Losses": 0,
      "Draws": 0,
      "OMWP": 0.475,
      "GWP": 0.4,
      "OGWP": 0.489
    },
    {
      "Rank": 97,
      "Player": "gooplay1",
      "Points": 6,
      "Wins": 0,
      "Losses": 0,
      "Draws": 0,
      "OMWP": 0.4792,
      "GWP": 0.3333,
      "OGWP": 0.4658
    },
    {
      "Rank": 96,
      "Player": "manukoka",
      "Points": 6,
      "Wins": 0,
      "Losses": 0,
      "Draws": 0,
      "OMWP": 0.4792,
      "GWP": 0.4667,
      "OGWP": 0.4764
    },
    {
      "Rank": 95,
      "Player": "Mottaka",
      "Points": 6,
      "Wins": 0,
      "Losses": 0,
      "Draws": 0,
      "OMWP": 0.4792,
      "GWP": 0.4706,
      "OGWP": 0.47979999999999995
    },
    {
      "Rank": 94,
      "Player": "Kaies",
      "Points": 6,
      "Wins": 0,
      "Losses": 0,
      "Draws": 0,
      "OMWP": 0.4917,
      "GWP": 0.3636,
      "OGWP": 0.46740000000000004
    },
    {
      "Rank": 93,
      "Player": "Xenowan",
      "Points": 6,
      "Wins": 0,
      "Losses": 0,
      "Draws": 0,
      "OMWP": 0.5,
      "GWP": 0.3846,
      "OGWP": 0.5181
    },
    {
      "Rank": 92,
      "Player": "hermanomlg",
      "Points": 6,
      "Wins": 0,
      "Losses": 0,
      "Draws": 0,
      "OMWP": 0.5083,
      "GWP": 0.4167,
      "OGWP": 0.49810000000000004
    },
    {
      "Rank": 91,
      "Player": "Pasdejambon",
      "Points": 6,
      "Wins": 0,
      "Losses": 0,
      "Draws": 0,
      "OMWP": 0.5207999999999999,
      "GWP": 0.5,
      "OGWP": 0.47490000000000004
    },
    {
      "Rank": 90,
      "Player": "Arkany1",
      "Points": 6,
      "Wins": 0,
      "Losses": 0,
      "Draws": 0,
      "OMWP": 0.5367000000000001,
      "GWP": 0.46149999999999997,
      "OGWP": 0.5406
    },
    {
      "Rank": 89,
      "Player": "_TOP_G",
      "Points": 6,
      "Wins": 0,
      "Losses": 0,
      "Draws": 0,
      "OMWP": 0.5417000000000001,
      "GWP": 0.4,
      "OGWP": 0.5097
    },
    {
      "Rank": 88,
      "Player": "Gianhunter",
      "Points": 6,
      "Wins": 0,
      "Losses": 0,
      "Draws": 0,
      "OMWP": 0.5875,
      "GWP": 0.4286,
      "OGWP": 0.5185
    },
    {
      "Rank": 87,
      "Player": "Univerce",
      "Points": 6,
      "Wins": 0,
      "Losses": 0,
      "Draws": 0,
      "OMWP": 0.5917,
      "GWP": 0.4167,
      "OGWP": 0.5760000000000001
    },
    {
      "Rank": 86,
      "Player": "OneModel",
      "Points": 9,
      "Wins": 0,
      "Losses": 0,
      "Draws": 0,
      "OMWP": 0.39289999999999997,
      "GWP": 0.5263,
      "OGWP": 0.4077
    },
    {
      "Rank": 85,
      "Player": "4UBro",
      "Points": 9,
      "Wins": 0,
      "Losses": 0,
      "Draws": 0,
      "OMWP": 0.42340000000000005,
      "GWP": 0.4211,
      "OGWP": 0.4214
    },
    {
      "Rank": 84,
      "Player": "Marmotte_Lambda",
      "Points": 9,
      "Wins": 0,
      "Losses": 0,
      "Draws": 0,
      "OMWP": 0.43229999999999996,
      "GWP": 0.36840000000000006,
      "OGWP": 0.4715
    },
    {
      "Rank": 83,
      "Player": "Qaeron",
      "Points": 9,
      "Wins": 0,
      "Losses": 0,
      "Draws": 0,
      "OMWP": 0.4464,
      "GWP": 0.4706,
      "OGWP": 0.4573
    },
    {
      "Rank": 82,
      "Player": "monzatubarao",
      "Points": 9,
      "Wins": 0,
      "Losses": 0,
      "Draws": 0,
      "OMWP": 0.4719,
      "GWP": 0.4118,
      "OGWP": 0.4568
    },
    {
      "Rank": 81,
      "Player": "SoIMBAGallade",
      "Points": 9,
      "Wins": 0,
      "Losses": 0,
      "Draws": 0,
      "OMWP": 0.49570000000000003,
      "GWP": 0.4706,
      "OGWP": 0.5107
    },
    {
      "Rank": 80,
      "Player": "LuffyDoChapeuDePalha",
      "Points": 9,
      "Wins": 0,
      "Losses": 0,
      "Draws": 0,
      "OMWP": 0.49570000000000003,
      "GWP": 0.5,
      "OGWP": 0.47950000000000004
    },
    {
      "Rank": 79,
      "Player": "BressD1",
      "Points": 9,
      "Wins": 0,
      "Losses": 0,
      "Draws": 0,
      "OMWP": 0.5046,
      "GWP": 0.40909999999999996,
      "OGWP": 0.4991
    },
    {
      "Rank": 78,
      "Player": "LucasG1ggs",
      "Points": 9,
      "Wins": 0,
      "Losses": 0,
      "Draws": 0,
      "OMWP": 0.5052,
      "GWP": 0.4,
      "OGWP": 0.4997
    },
    {
      "Rank": 77,
      "Player": "DethFrmAbove",
      "Points": 9,
      "Wins": 0,
      "Losses": 0,
      "Draws": 0,
      "OMWP": 0.5333,
      "GWP": 0.5385,
      "OGWP": 0.4939
    },
    {
      "Rank": 76,
      "Player": "katuo079595",
      "Points": 9,
      "Wins": 0,
      "Losses": 0,
      "Draws": 0,
      "OMWP": 0.5417000000000001,
      "GWP": 0.5,
      "OGWP": 0.5214
    },
    {
      "Rank": 75,
      "Player": "Young_Shaman",
      "Points": 9,
      "Wins": 0,
      "Losses": 0,
      "Draws": 0,
      "OMWP": 0.5486,
      "GWP": 0.5,
      "OGWP": 0.5297999999999999
    },
    {
      "Rank": 74,
      "Player": "Dreddybajs",
      "Points": 9,
      "Wins": 0,
      "Losses": 0,
      "Draws": 0,
      "OMWP": 0.5556,
      "GWP": 0.5385,
      "OGWP": 0.5133
    },
    {
      "Rank": 73,
      "Player": "azatoyellow",
      "Points": 9,
      "Wins": 0,
      "Losses": 0,
      "Draws": 0,
      "OMWP": 0.5717,
      "GWP": 0.5714,
      "OGWP": 0.5315
    },
    {
      "Rank": 72,
      "Player": "Xerk",
      "Points": 9,
      "Wins": 0,
      "Losses": 0,
      "Draws": 0,
      "OMWP": 0.5931000000000001,
      "GWP": 0.5,
      "OGWP": 0.5476
    },
    {
      "Rank": 71,
      "Player": "medvedev",
      "Points": 12,
      "Wins": 0,
      "Losses": 0,
      "Draws": 0,
      "OMWP": 0.3973,
      "GWP": 0.5,
      "OGWP": 0.4224
    },
    {
      "Rank": 70,
      "Player": "alfonseelric",
      "Points": 12,
      "Wins": 0,
      "Losses": 0,
      "Draws": 0,
      "OMWP": 0.4094,
      "GWP": 0.5263,
      "OGWP": 0.4361
    },
    {
      "Rank": 69,
      "Player": "romerito1",
      "Points": 12,
      "Wins": 0,
      "Losses": 0,
      "Draws": 0,
      "OMWP": 0.4458,
      "GWP": 0.5,
      "OGWP": 0.4758
    },
    {
      "Rank": 68,
      "Player": "Snover",
      "Points": 12,
      "Wins": 0,
      "Losses": 0,
      "Draws": 0,
      "OMWP": 0.46149999999999997,
      "GWP": 0.5,
      "OGWP": 0.4501
    },
    {
      "Rank": 67,
      "Player": "PedraStone",
      "Points": 12,
      "Wins": 0,
      "Losses": 0,
      "Draws": 0,
      "OMWP": 0.4719,
      "GWP": 0.4545,
      "OGWP": 0.5111
    },
    {
      "Rank": 66,
      "Player": "fazparte",
      "Points": 12,
      "Wins": 0,
      "Losses": 0,
      "Draws": 0,
      "OMWP": 0.4963,
      "GWP": 0.45,
      "OGWP": 0.5131
    },
    {
      "Rank": 65,
      "Player": "VitorCarvalho01",
      "Points": 12,
      "Wins": 0,
      "Losses": 0,
      "Draws": 0,
      "OMWP": 0.5012,
      "GWP": 0.5263,
      "OGWP": 0.4611
    },
    {
      "Rank": 64,
      "Player": "Capitano_CL",
      "Points": 12,
      "Wins": 0,
      "Losses": 0,
      "Draws": 0,
      "OMWP": 0.5015,
      "GWP": 0.5238,
      "OGWP": 0.5206000000000001
    },
    {
      "Rank": 63,
      "Player": "chanel-santini",
      "Points": 12,
      "Wins": 0,
      "Losses": 0,
      "Draws": 0,
      "OMWP": 0.5365,
      "GWP": 0.47619999999999996,
      "OGWP": 0.5185
    },
    {
      "Rank": 62,
      "Player": "TheDarkSkittle",
      "Points": 12,
      "Wins": 0,
      "Losses": 0,
      "Draws": 0,
      "OMWP": 0.5452,
      "GWP": 0.5263,
      "OGWP": 0.514
    },
    {
      "Rank": 61,
      "Player": "Clans1",
      "Points": 12,
      "Wins": 0,
      "Losses": 0,
      "Draws": 0,
      "OMWP": 0.5468999999999999,
      "GWP": 0.45,
      "OGWP": 0.537
    },
    {
      "Rank": 60,
      "Player": "oskiyaa",
      "Points": 12,
      "Wins": 0,
      "Losses": 0,
      "Draws": 0,
      "OMWP": 0.5567,
      "GWP": 0.5263,
      "OGWP": 0.5179
    },
    {
      "Rank": 59,
      "Player": "Skpchino",
      "Points": 12,
      "Wins": 0,
      "Losses": 0,
      "Draws": 0,
      "OMWP": 0.5573,
      "GWP": 0.47619999999999996,
      "OGWP": 0.5434
    },
    {
      "Rank": 58,
      "Player": "pr0ugee",
      "Points": 12,
      "Wins": 0,
      "Losses": 0,
      "Draws": 0,
      "OMWP": 0.564,
      "GWP": 0.5,
      "OGWP": 0.5535
    },
    {
      "Rank": 57,
      "Player": "albertoSD",
      "Points": 12,
      "Wins": 0,
      "Losses": 0,
      "Draws": 0,
      "OMWP": 0.5655,
      "GWP": 0.5238,
      "OGWP": 0.5395
    },
    {
      "Rank": 56,
      "Player": "ChillingLauge",
      "Points": 12,
      "Wins": 0,
      "Losses": 0,
      "Draws": 0,
      "OMWP": 0.5781000000000001,
      "GWP": 0.5,
      "OGWP": 0.5647
    },
    {
      "Rank": 55,
      "Player": "NoneOfYourBusiness",
      "Points": 12,
      "Wins": 0,
      "Losses": 0,
      "Draws": 0,
      "OMWP": 0.5796,
      "GWP": 0.5,
      "OGWP": 0.5287
    },
    {
      "Rank": 54,
      "Player": "McWinSauce",
      "Points": 12,
      "Wins": 0,
      "Losses": 0,
      "Draws": 0,
      "OMWP": 0.5818,
      "GWP": 0.55,
      "OGWP": 0.5440999999999999
    },
    {
      "Rank": 53,
      "Player": "_Falcon_",
      "Points": 12,
      "Wins": 0,
      "Losses": 0,
      "Draws": 0,
      "OMWP": 0.5832999999999999,
      "GWP": 0.5789,
      "OGWP": 0.5265
    },
    {
      "Rank": 52,
      "Player": "TrueHero",
      "Points": 12,
      "Wins": 0,
      "Losses": 0,
      "Draws": 0,
      "OMWP": 0.5848,
      "GWP": 0.47619999999999996,
      "OGWP": 0.5306000000000001
    },
    {
      "Rank": 51,
      "Player": "WingedHussar",
      "Points": 12,
      "Wins": 0,
      "Losses": 0,
      "Draws": 0,
      "OMWP": 0.6093999999999999,
      "GWP": 0.55,
      "OGWP": 0.5600999999999999
    },
    {
      "Rank": 50,
      "Player": "nekonekoneko",
      "Points": 12,
      "Wins": 0,
      "Losses": 0,
      "Draws": 0,
      "OMWP": 0.6222,
      "GWP": 0.5333,
      "OGWP": 0.5842
    },
    {
      "Rank": 49,
      "Player": "LordEgg",
      "Points": 12,
      "Wins": 0,
      "Losses": 0,
      "Draws": 0,
      "OMWP": 0.6786,
      "GWP": 0.6429,
      "OGWP": 0.6065999999999999
    },
    {
      "Rank": 48,
      "Player": "Melicard",
      "Points": 12,
      "Wins": 0,
      "Losses": 0,
      "Draws": 0,
      "OMWP": 0.6979000000000001,
      "GWP": 0.55,
      "OGWP": 0.609
    },
    {
      "Rank": 47,
      "Player": "moon11",
      "Points": 15,
      "Wins": 0,
      "Losses": 0,
      "Draws": 0,
      "OMWP": 0.4219,
      "GWP": 0.5789,
      "OGWP": 0.43479999999999996
    },
    {
      "Rank": 46,
      "Player": "kcomedina",
      "Points": 15,
      "Wins": 0,
      "Losses": 0,
      "Draws": 0,
      "OMWP": 0.43689999999999996,
      "GWP": 0.6315999999999999,
      "OGWP": 0.47009999999999996
    },
    {
      "Rank": 45,
      "Player": "RatherBplayingMTG",
      "Points": 15,
      "Wins": 0,
      "Losses": 0,
      "Draws": 0,
      "OMWP": 0.4682,
      "GWP": 0.6,
      "OGWP": 0.4675
    },
    {
      "Rank": 44,
      "Player": "rastaf",
      "Points": 15,
      "Wins": 0,
      "Losses": 0,
      "Draws": 0,
      "OMWP": 0.4771,
      "GWP": 0.5455,
      "OGWP": 0.4842
    },
    {
      "Rank": 43,
      "Player": "Tunaktunak",
      "Points": 15,
      "Wins": 0,
      "Losses": 0,
      "Draws": 0,
      "OMWP": 0.47859999999999997,
      "GWP": 0.6,
      "OGWP": 0.5051
    },
    {
      "Rank": 42,
      "Player": "Cachorrowo",
      "Points": 15,
      "Wins": 0,
      "Losses": 0,
      "Draws": 0,
      "OMWP": 0.4911,
      "GWP": 0.6667000000000001,
      "OGWP": 0.5021
    },
    {
      "Rank": 41,
      "Player": "Bullwinkkle6705",
      "Points": 15,
      "Wins": 0,
      "Losses": 0,
      "Draws": 0,
      "OMWP": 0.49329999999999996,
      "GWP": 0.5714,
      "OGWP": 0.5156000000000001
    },
    {
      "Rank": 40,
      "Player": "GzusReturned",
      "Points": 15,
      "Wins": 0,
      "Losses": 0,
      "Draws": 0,
      "OMWP": 0.49479999999999996,
      "GWP": 0.5882000000000001,
      "OGWP": 0.48100000000000004
    },
    {
      "Rank": 39,
      "Player": "TheAdonis",
      "Points": 15,
      "Wins": 0,
      "Losses": 0,
      "Draws": 0,
      "OMWP": 0.5,
      "GWP": 0.5,
      "OGWP": 0.5075
    },
    {
      "Rank": 38,
      "Player": "Shulk",
      "Points": 15,
      "Wins": 0,
      "Losses": 0,
      "Draws": 0,
      "OMWP": 0.5083,
      "GWP": 0.6,
      "OGWP": 0.48479999999999995
    },
    {
      "Rank": 37,
      "Player": "claudioh",
      "Points": 15,
      "Wins": 0,
      "Losses": 0,
      "Draws": 0,
      "OMWP": 0.5104,
      "GWP": 0.619,
      "OGWP": 0.5009
    },
    {
      "Rank": 36,
      "Player": "L1X0",
      "Points": 15,
      "Wins": 0,
      "Losses": 0,
      "Draws": 0,
      "OMWP": 0.5202,
      "GWP": 0.5,
      "OGWP": 0.5043
    },
    {
      "Rank": 35,
      "Player": "Varo",
      "Points": 15,
      "Wins": 0,
      "Losses": 0,
      "Draws": 0,
      "OMWP": 0.5207999999999999,
      "GWP": 0.6111,
      "OGWP": 0.5153
    },
    {
      "Rank": 34,
      "Player": "pat0presidente",
      "Points": 15,
      "Wins": 0,
      "Losses": 0,
      "Draws": 0,
      "OMWP": 0.5292,
      "GWP": 0.5714,
      "OGWP": 0.4863
    },
    {
      "Rank": 33,
      "Player": "Selfeisek",
      "Points": 15,
      "Wins": 0,
      "Losses": 0,
      "Draws": 0,
      "OMWP": 0.5521,
      "GWP": 0.5263,
      "OGWP": 0.5162
    },
    {
      "Rank": 32,
      "Player": "M_LIT",
      "Points": 15,
      "Wins": 0,
      "Losses": 0,
      "Draws": 0,
      "OMWP": 0.5521,
      "GWP": 0.55,
      "OGWP": 0.5447
    },
    {
      "Rank": 31,
      "Player": "elBB",
      "Points": 15,
      "Wins": 0,
      "Losses": 0,
      "Draws": 0,
      "OMWP": 0.5729,
      "GWP": 0.5789,
      "OGWP": 0.5108
    },
    {
      "Rank": 30,
      "Player": "O_danielakos",
      "Points": 15,
      "Wins": 0,
      "Losses": 0,
      "Draws": 0,
      "OMWP": 0.5781000000000001,
      "GWP": 0.6,
      "OGWP": 0.5483
    },
    {
      "Rank": 29,
      "Player": "Sisyfos_happy",
      "Points": 15,
      "Wins": 0,
      "Losses": 0,
      "Draws": 0,
      "OMWP": 0.5885,
      "GWP": 0.6,
      "OGWP": 0.5432
    },
    {
      "Rank": 28,
      "Player": "KevinCon",
      "Points": 15,
      "Wins": 0,
      "Losses": 0,
      "Draws": 0,
      "OMWP": 0.6042000000000001,
      "GWP": 0.5909,
      "OGWP": 0.561
    },
    {
      "Rank": 27,
      "Player": "sebastianpozzo",
      "Points": 15,
      "Wins": 0,
      "Losses": 0,
      "Draws": 0,
      "OMWP": 0.6073,
      "GWP": 0.5714,
      "OGWP": 0.5478999999999999
    },
    {
      "Rank": 26,
      "Player": "Zony",
      "Points": 15,
      "Wins": 0,
      "Losses": 0,
      "Draws": 0,
      "OMWP": 0.6079,
      "GWP": 0.5,
      "OGWP": 0.5600999999999999
    },
    {
      "Rank": 25,
      "Player": "SGMY95",
      "Points": 15,
      "Wins": 0,
      "Losses": 0,
      "Draws": 0,
      "OMWP": 0.6229,
      "GWP": 0.6,
      "OGWP": 0.5457
    },
    {
      "Rank": 24,
      "Player": "Promilx",
      "Points": 15,
      "Wins": 0,
      "Losses": 0,
      "Draws": 0,
      "OMWP": 0.6354,
      "GWP": 0.5652,
      "OGWP": 0.5851
    },
    {
      "Rank": 23,
      "Player": "Kricha13",
      "Points": 15,
      "Wins": 0,
      "Losses": 0,
      "Draws": 0,
      "OMWP": 0.6457999999999999,
      "GWP": 0.5714,
      "OGWP": 0.5895
    },
    {
      "Rank": 22,
      "Player": "Lennny",
      "Points": 18,
      "Wins": 0,
      "Losses": 0,
      "Draws": 0,
      "OMWP": 0.5052,
      "GWP": 0.6364,
      "OGWP": 0.503
    },
    {
      "Rank": 21,
      "Player": "pepeteam",
      "Points": 18,
      "Wins": 0,
      "Losses": 0,
      "Draws": 0,
      "OMWP": 0.5119,
      "GWP": 0.619,
      "OGWP": 0.5113
    },
    {
      "Rank": 20,
      "Player": "mortadela",
      "Points": 18,
      "Wins": 0,
      "Losses": 0,
      "Draws": 0,
      "OMWP": 0.5135000000000001,
      "GWP": 0.6364,
      "OGWP": 0.48960000000000004
    },
    {
      "Rank": 19,
      "Player": "RezerDeDog",
      "Points": 18,
      "Wins": 0,
      "Losses": 0,
      "Draws": 0,
      "OMWP": 0.5365,
      "GWP": 0.6667000000000001,
      "OGWP": 0.4867
    },
    {
      "Rank": 18,
      "Player": "AchiIIes",
      "Points": 18,
      "Wins": 0,
      "Losses": 0,
      "Draws": 0,
      "OMWP": 0.5594,
      "GWP": 0.5909,
      "OGWP": 0.5265
    },
    {
      "Rank": 17,
      "Player": "AgrusKos93",
      "Points": 18,
      "Wins": 0,
      "Losses": 0,
      "Draws": 0,
      "OMWP": 0.5729,
      "GWP": 0.6667000000000001,
      "OGWP": 0.5134000000000001
    },
    {
      "Rank": 16,
      "Player": "quinniac",
      "Points": 18,
      "Wins": 0,
      "Losses": 0,
      "Draws": 0,
      "OMWP": 0.5865,
      "GWP": 0.6,
      "OGWP": 0.5349
    },
    {
      "Rank": 15,
      "Player": "Atagomax",
      "Points": 18,
      "Wins": 0,
      "Losses": 0,
      "Draws": 0,
      "OMWP": 0.6042000000000001,
      "GWP": 0.6667000000000001,
      "OGWP": 0.5347
    },
    {
      "Rank": 14,
      "Player": "_ZNT_",
      "Points": 18,
      "Wins": 0,
      "Losses": 0,
      "Draws": 0,
      "OMWP": 0.6052000000000001,
      "GWP": 0.7368000000000001,
      "OGWP": 0.5468
    },
    {
      "Rank": 13,
      "Player": "Mikebrav",
      "Points": 18,
      "Wins": 0,
      "Losses": 0,
      "Draws": 0,
      "OMWP": 0.6114999999999999,
      "GWP": 0.5909,
      "OGWP": 0.5707
    },
    {
      "Rank": 12,
      "Player": "ElCucuy",
      "Points": 18,
      "Wins": 0,
      "Losses": 0,
      "Draws": 0,
      "OMWP": 0.6146,
      "GWP": 0.619,
      "OGWP": 0.5785
    },
    {
      "Rank": 11,
      "Player": "mysteryman21",
      "Points": 18,
      "Wins": 0,
      "Losses": 0,
      "Draws": 0,
      "OMWP": 0.6198,
      "GWP": 0.6315999999999999,
      "OGWP": 0.5922999999999999
    },
    {
      "Rank": 10,
      "Player": "Fink64",
      "Points": 18,
      "Wins": 0,
      "Losses": 0,
      "Draws": 0,
      "OMWP": 0.6354,
      "GWP": 0.619,
      "OGWP": 0.5650999999999999
    },
    {
      "Rank": 9,
      "Player": "_Batutinha_",
      "Points": 18,
      "Wins": 0,
      "Losses": 0,
      "Draws": 0,
      "OMWP": 0.6406000000000001,
      "GWP": 0.65,
      "OGWP": 0.5722999999999999
    },
    {
      "Rank": 8,
      "Player": "wara",
      "Points": 18,
      "Wins": 0,
      "Losses": 0,
      "Draws": 0,
      "OMWP": 0.6479,
      "GWP": 0.619,
      "OGWP": 0.5588000000000001
    },
    {
      "Rank": 7,
      "Player": "Yumajpn",
      "Points": 18,
      "Wins": 0,
      "Losses": 0,
      "Draws": 0,
      "OMWP": 0.6615000000000001,
      "GWP": 0.6842,
      "OGWP": 0.5763
    },
    {
      "Rank": 6,
      "Player": "kasa",
      "Points": 21,
      "Wins": 0,
      "Losses": 0,
      "Draws": 0,
      "OMWP": 0.5832999999999999,
      "GWP": 0.6818000000000001,
      "OGWP": 0.5468999999999999
    },
    {
      "Rank": 5,
      "Player": "KingHairy",
      "Points": 21,
      "Wins": 0,
      "Losses": 0,
      "Draws": 0,
      "OMWP": 0.6339,
      "GWP": 0.75,
      "OGWP": 0.5596
    },
    {
      "Rank": 4,
      "Player": "OafMcNamara",
      "Points": 24,
      "Wins": 0,
      "Losses": 0,
      "Draws": 0,
      "OMWP": 0.6062,
      "GWP": 0.7368000000000001,
      "OGWP": 0.5893
    },
    {
      "Rank": 3,
      "Player": "Ale_Mtg",
      "Points": 24,
      "Wins": 0,
      "Losses": 0,
      "Draws": 0,
      "OMWP": 0.6958,
      "GWP": 0.8332999999999999,
      "OGWP": 0.5943999999999999
    },
    {
      "Rank": 2,
      "Player": "Folero",
      "Points": 30,
      "Wins": 0,
      "Losses": 0,
      "Draws": 0,
      "OMWP": 0.6354,
      "GWP": 0.7273000000000001,
      "OGWP": 0.5986
    },
    {
      "Rank": 1,
      "Player": "Patxi",
      "Points": 30,
      "Wins": 0,
      "Losses": 0,
      "Draws": 0,
      "OMWP": 0.5312,
      "GWP": 0.7,
      "OGWP": 0.499
    }
  ]
}