{
  "Tournament": {
    "Id": 12804892,
    "Date": "2025-07-26T18:00:00",
    "Name": "Duel Commander Trial 16",
    "Uri": null,
    "JsonFile": null,
    "ForceRedownload": false
  },
  "Decks": null,
  "Rounds": [
    {
      "RoundName": "Round 1",
      "Matches": [
        {
          "Player1": "rinazina",
          "Player2": "sebastianpozzo",
          "Result": "0-2-0"
        },
        {
          "Player1": "BERNASTORRES",
          "Player2": "DuduDeNunu",
          "Result": "0-2-0"
        },
        {
          "Player1": "Jositoshekel",
          "Player2": "Diesell1",
          "Result": "2-0-0"
        },
        {
          "Player1": "duke12",
          "Player2": "taku123",
          "Result": "2-0-0"
        },
        {
          "Player1": "Dudarudi",
          "Player2": "Daddykarn",
          "Result": "2-0-0"
        },
        {
          "Player1": "simmsey",
          "Player2": "yriel",
          "Result": "0-2-0"
        },
        {
          "Player1": "Jose Guillermo",
          "Player2": "Lord_Beerus",
          "Result": "0-2-0"
        },
        {
          "Player1": "levunga21",
          "Player2": "xfile",
          "Result": "0-2-0"
        },
        {
          "Player1": "samsherman",
          "Player2": "msskinbolic",
          "Result": "2-0-0"
        },
        {
          "Player1": "JapaneseFisherman",
          "Player2": "JuanmaAT",
          "Result": "2-0-0"
        }
      ]
    },
    {
      "RoundName": "Round 2",
      "Matches": [
        {
          "Player1": "Jositoshekel",
          "Player2": "sebastianpozzo",
          "Result": "0-2-0"
        },
        {
          "Player1": "msskinbolic",
          "Player2": "Diesell1",
          "Result": "0-0-0"
        },
        {
          "Player1": "samsherman",
          "Player2": "yriel",
          "Result": "2-0-0"
        },
        {
          "Player1": "rinazina",
          "Player2": "Jose Guillermo",
          "Result": "0-2-0"
        },
        {
          "Player1": "levunga21",
          "Player2": "JuanmaAT",
          "Result": "0-2-0"
        },
        {
          "Player1": "Daddykarn",
          "Player2": "BERNASTORRES",
          "Result": "0-2-0"
        },
        {
          "Player1": "xfile",
          "Player2": "Dudarudi",
          "Result": "2-0-0"
        },
        {
          "Player1": "Lord_Beerus",
          "Player2": "DuduDeNunu",
          "Result": "0-2-0"
        },
        {
          "Player1": "simmsey",
          "Player2": "taku123",
          "Result": "2-0-0"
        },
        {
          "Player1": "duke12",
          "Player2": "JapaneseFisherman",
          "Result": "2-0-0"
        }
      ]
    },
    {
      "RoundName": "Round 3",
      "Matches": [
        {
          "Player1": "samsherman",
          "Player2": "xfile",
          "Result": "0-0-0"
        },
        {
          "Player1": "rinazina",
          "Player2": "levunga21",
          "Result": "0-2-0"
        },
        {
          "Player1": "duke12",
          "Player2": "DuduDeNunu",
          "Result": "0-0-0"
        },
        {
          "Player1": "BERNASTORRES",
          "Player2": "Diesell1",
          "Result": "2-0-0"
        },
        {
          "Player1": "yriel",
          "Player2": "JuanmaAT",
          "Result": "2-0-0"
        },
        {
          "Player1": "sebastianpozzo",
          "Player2": "Dudarudi",
          "Result": "2-0-0"
        },
        {
          "Player1": "JapaneseFisherman",
          "Player2": "simmsey",
          "Result": "2-0-0"
        },
        {
          "Player1": "Lord_Beerus",
          "Player2": "Jositoshekel",
          "Result": "0-2-0"
        },
        {
          "Player1": "Jose Guillermo",
          "Player2": "msskinbolic",
          "Result": "2-0-0"
        },
        {
          "Player1": "taku123",
          "Player2": "Daddykarn",
          "Result": "0-2-0"
        }
      ]
    },
    {
      "RoundName": "Round 4",
      "Matches": [
        {
          "Player1": "JuanmaAT",
          "Player2": "Daddykarn",
          "Result": "0-2-0"
        },
        {
          "Player1": "Jose Guillermo",
          "Player2": "JapaneseFisherman",
          "Result": "0-2-0"
        },
        {
          "Player1": "xfile",
          "Player2": "DuduDeNunu",
          "Result": "2-0-0"
        },
        {
          "Player1": "Lord_Beerus",
          "Player2": "Dudarudi",
          "Result": "2-0-0"
        },
        {
          "Player1": "simmsey",
          "Player2": "levunga21",
          "Result": "0-2-0"
        },
        {
          "Player1": "duke12",
          "Player2": "yriel",
          "Result": "2-0-0"
        },
        {
          "Player1": "samsherman",
          "Player2": "sebastianpozzo",
          "Result": "2-0-0"
        },
        {
          "Player1": "Jositoshekel",
          "Player2": "BERNASTORRES",
          "Result": "0-2-0"
        }
      ]
    },
    {
      "RoundName": "Round 5",
      "Matches": [
        {
          "Player1": "Jose Guillermo",
          "Player2": "levunga21",
          "Result": "0-2-0"
        },
        {
          "Player1": "duke12",
          "Player2": "samsherman",
          "Result": "0-2-0"
        },
        {
          "Player1": "msskinbolic",
          "Player2": "Lord_Beerus",
          "Result": "2-0-0"
        },
        {
          "Player1": "Jositoshekel",
          "Player2": "yriel",
          "Result": "0-2-0"
        },
        {
          "Player1": "JapaneseFisherman",
          "Player2": "BERNASTORRES",
          "Result": "0-2-0"
        },
        {
          "Player1": "Daddykarn",
          "Player2": "DuduDeNunu",
          "Result": "0-2-0"
        },
        {
          "Player1": "simmsey",
          "Player2": "JuanmaAT",
          "Result": "0-2-0"
        },
        {
          "Player1": "sebastianpozzo",
          "Player2": "xfile",
          "Result": "0-2-0"
        }
      ]
    },
    {
      "RoundName": "Round 6",
      "Matches": [
        {
          "Player1": "xfile",
          "Player2": "yriel",
          "Result": "2-0-0"
        },
        {
          "Player1": "sebastianpozzo",
          "Player2": "DuduDeNunu",
          "Result": "2-0-0"
        },
        {
          "Player1": "duke12",
          "Player2": "BERNASTORRES",
          "Result": "2-0-0"
        },
        {
          "Player1": "samsherman",
          "Player2": "msskinbolic",
          "Result": "2-0-0"
        }
      ]
    },
    {
      "RoundName": "Round 7",
      "Matches": [
        {
          "Player1": "sebastianpozzo",
          "Player2": "xfile",
          "Result": "0-2-0"
        },
        {
          "Player1": "duke12",
          "Player2": "samsherman",
          "Result": "0-2-0"
        }
      ]
    },
    {
      "RoundName": "Round 8",
      "Matches": [
        {
          "Player1": "samsherman",
          "Player2": "xfile",
          "Result": "0-2-0"
        }
      ]
    }
  ],
  "Standings": [
    {
      "Rank": 20,
      "Player": "taku123",
      "Points": 0,
      "Wins": 0,
      "Losses": 0,
      "Draws": 0,
      "OMWP": 0.44439999999999996,
      "GWP": 0.25,
      "OGWP": 0.4829
    },
    {
      "Rank": 19,
      "Player": "rinazina",
      "Points": 0,
      "Wins": 0,
      "Losses": 0,
      "Draws": 0,
      "OMWP": 0.5333,
      "GWP": 0.25,
      "OGWP": 0.4905
    },
    {
      "Rank": 18,
      "Player": "Diesell1",
      "Points": 0,
      "Wins": 0,
      "Losses": 0,
      "Draws": 0,
      "OMWP": 0.6,
      "GWP": 0.25,
      "OGWP": 0.5479999999999999
    },
    {
      "Rank": 17,
      "Player": "simmsey",
      "Points": 3,
      "Wins": 0,
      "Losses": 0,
      "Draws": 0,
      "OMWP": 0.5067,
      "GWP": 0.25,
      "OGWP": 0.4976
    },
    {
      "Rank": 16,
      "Player": "Jose Guillermo",
      "Points": 6,
      "Wins": 0,
      "Losses": 0,
      "Draws": 0,
      "OMWP": 0.5067,
      "GWP": 0.4,
      "OGWP": 0.5085000000000001
    },
    {
      "Rank": 15,
      "Player": "JuanmaAT",
      "Points": 6,
      "Wins": 0,
      "Losses": 0,
      "Draws": 0,
      "OMWP": 0.5067,
      "GWP": 0.4167,
      "OGWP": 0.5143
    },
    {
      "Rank": 14,
      "Player": "Lord_Beerus",
      "Points": 6,
      "Wins": 0,
      "Losses": 0,
      "Draws": 0,
      "OMWP": 0.52,
      "GWP": 0.4545,
      "OGWP": 0.5042
    },
    {
      "Rank": 13,
      "Player": "Jositoshekel",
      "Points": 6,
      "Wins": 0,
      "Losses": 0,
      "Draws": 0,
      "OMWP": 0.5467,
      "GWP": 0.4286,
      "OGWP": 0.49729999999999996
    },
    {
      "Rank": 12,
      "Player": "Daddykarn",
      "Points": 6,
      "Wins": 0,
      "Losses": 0,
      "Draws": 0,
      "OMWP": 0.5467,
      "GWP": 0.5,
      "OGWP": 0.4915
    },
    {
      "Rank": 11,
      "Player": "Dudarudi",
      "Points": 6,
      "Wins": 0,
      "Losses": 0,
      "Draws": 0,
      "OMWP": 0.55,
      "GWP": 0.4,
      "OGWP": 0.5175
    },
    {
      "Rank": 10,
      "Player": "levunga21",
      "Points": 9,
      "Wins": 0,
      "Losses": 0,
      "Draws": 0,
      "OMWP": 0.4533,
      "GWP": 0.5714,
      "OGWP": 0.41969999999999996
    },
    {
      "Rank": 9,
      "Player": "JapaneseFisherman",
      "Points": 9,
      "Wins": 0,
      "Losses": 0,
      "Draws": 0,
      "OMWP": 0.5067,
      "GWP": 0.5832999999999999,
      "OGWP": 0.47619999999999996
    },
    {
      "Rank": 8,
      "Player": "msskinbolic",
      "Points": 9,
      "Wins": 0,
      "Losses": 0,
      "Draws": 0,
      "OMWP": 0.5333,
      "GWP": 0.6,
      "OGWP": 0.4893
    },
    {
      "Rank": 7,
      "Player": "yriel",
      "Points": 9,
      "Wins": 0,
      "Losses": 0,
      "Draws": 0,
      "OMWP": 0.5467,
      "GWP": 0.5832999999999999,
      "OGWP": 0.5126
    },
    {
      "Rank": 6,
      "Player": "BERNASTORRES",
      "Points": 12,
      "Wins": 0,
      "Losses": 0,
      "Draws": 0,
      "OMWP": 0.5067,
      "GWP": 0.6154,
      "OGWP": 0.5075
    },
    {
      "Rank": 5,
      "Player": "DuduDeNunu",
      "Points": 12,
      "Wins": 0,
      "Losses": 0,
      "Draws": 0,
      "OMWP": 0.6,
      "GWP": 0.6923,
      "OGWP": 0.5600999999999999
    },
    {
      "Rank": 4,
      "Player": "sebastianpozzo",
      "Points": 12,
      "Wins": 0,
      "Losses": 0,
      "Draws": 0,
      "OMWP": 0.5867,
      "GWP": 0.5,
      "OGWP": 0.5093
    },
    {
      "Rank": 3,
      "Player": "duke12",
      "Points": 12,
      "Wins": 0,
      "Losses": 0,
      "Draws": 0,
      "OMWP": 0.6667000000000001,
      "GWP": 0.6154,
      "OGWP": 0.5922999999999999
    },
    {
      "Rank": 2,
      "Player": "samsherman",
      "Points": 21,
      "Wins": 0,
      "Losses": 0,
      "Draws": 0,
      "OMWP": 0.64,
      "GWP": 0.7692,
      "OGWP": 0.5828
    },
    {
      "Rank": 1,
      "Player": "xfile",
      "Points": 21,
      "Wins": 0,
      "Losses": 0,
      "Draws": 0,
      "OMWP": 0.68,
      "GWP": 0.6154,
      "OGWP": 0.5866
    }
  ]
}