{
  "Tournament": {
    "Id": 12804883,
    "Date": "2025-07-26T02:00:00",
    "Name": "Legacy Challenge 32",
    "Uri": null,
    "JsonFile": null,
    "ForceRedownload": false
  },
  "Decks": null,
  "Rounds": [
    {
      "RoundName": "Round 1",
      "Matches": [
        {
          "Player1": "Eureka22422",
          "Player2": "WingedHussar",
          "Result": "0-2-0"
        },
        {
          "Player1": "habsburger",
          "Player2": "choutin",
          "Result": "0-2-0"
        },
        {
          "Player1": "mikus1217",
          "Player2": "Sol-e22558",
          "Result": "0-0-0"
        },
        {
          "Player1": "Geodude_Jared",
          "Player2": "KhanWick",
          "Result": "0-2-0"
        },
        {
          "Player1": "medvedev",
          "Player2": "ecobaronen",
          "Result": "0-2-0"
        },
        {
          "Player1": "xfile",
          "Player2": "rootpon",
          "Result": "2-0-0"
        },
        {
          "Player1": "Jealous_Angel",
          "Player2": "Matiuzzzo",
          "Result": "0-2-0"
        },
        {
          "Player1": "Raydan",
          "Player2": "wizardpasta",
          "Result": "0-0-0"
        },
        {
          "Player1": "slaxx",
          "Player2": "gusti99",
          "Result": "2-0-0"
        },
        {
          "Player1": "boryas",
          "Player2": "monzatubarao",
          "Result": "0-2-0"
        },
        {
          "Player1": "Thebigempty92",
          "Player2": "Joyfulwaffle",
          "Result": "0-2-0"
        },
        {
          "Player1": "albertoSD",
          "Player2": "igknighted08",
          "Result": "2-0-0"
        },
        {
          "Player1": "karatedom",
          "Player2": "Rinzler_92",
          "Result": "2-0-0"
        },
        {
          "Player1": "PunishingWaterfalls",
          "Player2": "Just_Roll",
          "Result": "2-0-0"
        },
        {
          "Player1": "Roodslay",
          "Player2": "Munchlax446",
          "Result": "2-0-0"
        },
        {
          "Player1": "yoshiwata",
          "Player2": "Srogers90",
          "Result": "0-2-0"
        },
        {
          "Player1": "Capitano_CL",
          "Player2": "YES_i_accept_SPLIT_",
          "Result": "2-0-0"
        },
        {
          "Player1": "ziggy_stardust",
          "Player2": "RPSbonjwa",
          "Result": "0-2-0"
        },
        {
          "Player1": "elpariah",
          "Player2": "wcl",
          "Result": "0-2-0"
        },
        {
          "Player1": "_INF_",
          "Player2": "Neopolis",
          "Result": "0-2-0"
        },
        {
          "Player1": "Selfeisek",
          "Player2": "TheGrimLavamancer",
          "Result": "2-0-0"
        },
        {
          "Player1": "Mogged",
          "Player2": "nekoyama2",
          "Result": "2-0-0"
        },
        {
          "Player1": "jibeta",
          "Player2": "ReformedPaolo",
          "Result": "0-2-0"
        }
      ]
    },
    {
      "RoundName": "Round 2",
      "Matches": [
        {
          "Player1": "_INF_",
          "Player2": "nekoyama2",
          "Result": "0-2-0"
        },
        {
          "Player1": "karatedom",
          "Player2": "Suzukiii",
          "Result": "2-0-0"
        },
        {
          "Player1": "xfile",
          "Player2": "Neopolis",
          "Result": "0-2-0"
        },
        {
          "Player1": "medvedev",
          "Player2": "YES_i_accept_SPLIT_",
          "Result": "2-0-0"
        },
        {
          "Player1": "Thebigempty92",
          "Player2": "Geodude_Jared",
          "Result": "2-0-0"
        },
        {
          "Player1": "Roodslay",
          "Player2": "KhanWick",
          "Result": "2-0-0"
        },
        {
          "Player1": "slaxx",
          "Player2": "RPSbonjwa",
          "Result": "2-0-0"
        },
        {
          "Player1": "WingedHussar",
          "Player2": "Selfeisek",
          "Result": "0-2-0"
        },
        {
          "Player1": "TheGrimLavamancer",
          "Player2": "rootpon",
          "Result": "2-0-0"
        },
        {
          "Player1": "Sol-e22558",
          "Player2": "Jealous_Angel",
          "Result": "2-0-0"
        },
        {
          "Player1": "Capitano_CL",
          "Player2": "mikus1217",
          "Result": "0-2-0"
        },
        {
          "Player1": "Just_Roll",
          "Player2": "Rinzler_92",
          "Result": "0-0-0"
        },
        {
          "Player1": "elpariah",
          "Player2": "wizardpasta",
          "Result": "2-0-0"
        },
        {
          "Player1": "Srogers90",
          "Player2": "monzatubarao",
          "Result": "2-0-0"
        },
        {
          "Player1": "habsburger",
          "Player2": "gusti99",
          "Result": "0-2-0"
        },
        {
          "Player1": "PunishingWaterfalls",
          "Player2": "Joyfulwaffle",
          "Result": "0-2-0"
        },
        {
          "Player1": "ziggy_stardust",
          "Player2": "jibeta",
          "Result": "1-2-0"
        },
        {
          "Player1": "Mogged",
          "Player2": "wcl",
          "Result": "2-0-0"
        },
        {
          "Player1": "ecobaronen",
          "Player2": "Raydan",
          "Result": "2-0-0"
        },
        {
          "Player1": "albertoSD",
          "Player2": "choutin",
          "Result": "0-2-0"
        },
        {
          "Player1": "ReformedPaolo",
          "Player2": "Matiuzzzo",
          "Result": "0-0-0"
        },
        {
          "Player1": "boryas",
          "Player2": "igknighted08",
          "Result": "0-2-0"
        },
        {
          "Player1": "yoshiwata",
          "Player2": "Munchlax446",
          "Result": "2-0-0"
        }
      ]
    },
    {
      "RoundName": "Round 3",
      "Matches": [
        {
          "Player1": "slaxx",
          "Player2": "Joyfulwaffle",
          "Result": "0-2-0"
        },
        {
          "Player1": "Mogged",
          "Player2": "Selfeisek",
          "Result": "0-2-0"
        },
        {
          "Player1": "habsburger",
          "Player2": "YES_i_accept_SPLIT_",
          "Result": "0-2-0"
        },
        {
          "Player1": "boryas",
          "Player2": "Rinzler_92",
          "Result": "2-0-0"
        },
        {
          "Player1": "PunishingWaterfalls",
          "Player2": "xfile",
          "Result": "0-2-0"
        },
        {
          "Player1": "medvedev",
          "Player2": "gusti99",
          "Result": "0-2-0"
        },
        {
          "Player1": "ReformedPaolo",
          "Player2": "choutin",
          "Result": "0-2-0"
        },
        {
          "Player1": "Raydan",
          "Player2": "Sol-e22558",
          "Result": "0-0-0"
        },
        {
          "Player1": "TheGrimLavamancer",
          "Player2": "RPSbonjwa",
          "Result": "2-0-0"
        },
        {
          "Player1": "Capitano_CL",
          "Player2": "Matiuzzzo",
          "Result": "2-0-0"
        },
        {
          "Player1": "Eureka22422",
          "Player2": "Thebigempty92",
          "Result": "2-0-0"
        },
        {
          "Player1": "wcl",
          "Player2": "jibeta",
          "Result": "0-2-0"
        },
        {
          "Player1": "albertoSD",
          "Player2": "monzatubarao",
          "Result": "0-2-0"
        },
        {
          "Player1": "elpariah",
          "Player2": "WingedHussar",
          "Result": "0-2-0"
        },
        {
          "Player1": "mikus1217",
          "Player2": "Neopolis",
          "Result": "0-2-0"
        },
        {
          "Player1": "yoshiwata",
          "Player2": "Just_Roll",
          "Result": "0-2-0"
        },
        {
          "Player1": "Srogers90",
          "Player2": "karatedom",
          "Result": "0-2-0"
        },
        {
          "Player1": "Suzukiii",
          "Player2": "KhanWick",
          "Result": "0-2-0"
        },
        {
          "Player1": "ziggy_stardust",
          "Player2": "Jealous_Angel",
          "Result": "2-0-0"
        },
        {
          "Player1": "ecobaronen",
          "Player2": "Roodslay",
          "Result": "2-0-0"
        },
        {
          "Player1": "igknighted08",
          "Player2": "nekoyama2",
          "Result": "0-2-0"
        }
      ]
    },
    {
      "RoundName": "Round 4",
      "Matches": [
        {
          "Player1": "Rinzler_92",
          "Player2": "Jealous_Angel",
          "Result": "2-0-0"
        },
        {
          "Player1": "Mogged",
          "Player2": "KhanWick",
          "Result": "2-0-0"
        },
        {
          "Player1": "elpariah",
          "Player2": "Sol-e22558",
          "Result": "0-2-0"
        },
        {
          "Player1": "ziggy_stardust",
          "Player2": "boryas",
          "Result": "0-2-0"
        },
        {
          "Player1": "yoshiwata",
          "Player2": "Matiuzzzo",
          "Result": "2-0-0"
        },
        {
          "Player1": "Suzukiii",
          "Player2": "Munchlax446",
          "Result": "0-2-0"
        },
        {
          "Player1": "albertoSD",
          "Player2": "YES_i_accept_SPLIT_",
          "Result": "2-0-0"
        },
        {
          "Player1": "igknighted08",
          "Player2": "wcl",
          "Result": "2-0-0"
        },
        {
          "Player1": "karatedom",
          "Player2": "Joyfulwaffle",
          "Result": "0-2-0"
        },
        {
          "Player1": "Neopolis",
          "Player2": "choutin",
          "Result": "0-2-0"
        },
        {
          "Player1": "medvedev",
          "Player2": "PunishingWaterfalls",
          "Result": "0-2-0"
        },
        {
          "Player1": "slaxx",
          "Player2": "monzatubarao",
          "Result": "2-0-0"
        },
        {
          "Player1": "mikus1217",
          "Player2": "Just_Roll",
          "Result": "0-2-0"
        },
        {
          "Player1": "ecobaronen",
          "Player2": "Selfeisek",
          "Result": "0-2-0"
        },
        {
          "Player1": "Raydan",
          "Player2": "TheGrimLavamancer",
          "Result": "0-2-0"
        },
        {
          "Player1": "Srogers90",
          "Player2": "Roodslay",
          "Result": "1-2-0"
        },
        {
          "Player1": "jibeta",
          "Player2": "gusti99",
          "Result": "2-0-0"
        },
        {
          "Player1": "Capitano_CL",
          "Player2": "xfile",
          "Result": "0-0-0"
        },
        {
          "Player1": "Eureka22422",
          "Player2": "ReformedPaolo",
          "Result": "2-0-0"
        },
        {
          "Player1": "WingedHussar",
          "Player2": "nekoyama2",
          "Result": "2-0-0"
        },
        {
          "Player1": "Thebigempty92",
          "Player2": "RPSbonjwa",
          "Result": "0-2-0"
        }
      ]
    },
    {
      "RoundName": "Round 5",
      "Matches": [
        {
          "Player1": "medvedev",
          "Player2": "wcl",
          "Result": "0-2-0"
        },
        {
          "Player1": "albertoSD",
          "Player2": "boryas",
          "Result": "2-0-0"
        },
        {
          "Player1": "PunishingWaterfalls",
          "Player2": "Raydan",
          "Result": "1-2-0"
        },
        {
          "Player1": "ecobaronen",
          "Player2": "WingedHussar",
          "Result": "0-0-0"
        },
        {
          "Player1": "Selfeisek",
          "Player2": "Neopolis",
          "Result": "2-0-0"
        },
        {
          "Player1": "Mogged",
          "Player2": "xfile",
          "Result": "0-2-0"
        },
        {
          "Player1": "jibeta",
          "Player2": "karatedom",
          "Result": "0-2-0"
        },
        {
          "Player1": "yoshiwata",
          "Player2": "Sol-e22558",
          "Result": "2-0-0"
        },
        {
          "Player1": "KhanWick",
          "Player2": "gusti99",
          "Result": "0-2-0"
        },
        {
          "Player1": "Munchlax446",
          "Player2": "monzatubarao",
          "Result": "0-2-0"
        },
        {
          "Player1": "Eureka22422",
          "Player2": "Just_Roll",
          "Result": "0-2-0"
        },
        {
          "Player1": "ziggy_stardust",
          "Player2": "Rinzler_92",
          "Result": "0-2-0"
        },
        {
          "Player1": "Roodslay",
          "Player2": "TheGrimLavamancer",
          "Result": "2-0-0"
        },
        {
          "Player1": "slaxx",
          "Player2": "ReformedPaolo",
          "Result": "2-0-0"
        },
        {
          "Player1": "Srogers90",
          "Player2": "RPSbonjwa",
          "Result": "0-2-0"
        },
        {
          "Player1": "choutin",
          "Player2": "Joyfulwaffle",
          "Result": "2-0-0"
        },
        {
          "Player1": "mikus1217",
          "Player2": "igknighted08",
          "Result": "2-0-0"
        },
        {
          "Player1": "Capitano_CL",
          "Player2": "nekoyama2",
          "Result": "2-0-0"
        },
        {
          "Player1": "Thebigempty92",
          "Player2": "YES_i_accept_SPLIT_",
          "Result": "0-2-0"
        },
        {
          "Player1": "elpariah",
          "Player2": "Jealous_Angel",
          "Result": "0-2-0"
        }
      ]
    },
    {
      "RoundName": "Round 6",
      "Matches": [
        {
          "Player1": "yoshiwata",
          "Player2": "gusti99",
          "Result": "0-2-0"
        },
        {
          "Player1": "Srogers90",
          "Player2": "nekoyama2",
          "Result": "0-2-0"
        },
        {
          "Player1": "Neopolis",
          "Player2": "monzatubarao",
          "Result": "2-0-0"
        },
        {
          "Player1": "ecobaronen",
          "Player2": "Eureka22422",
          "Result": "2-0-0"
        },
        {
          "Player1": "Just_Roll",
          "Player2": "Roodslay",
          "Result": "2-0-0"
        },
        {
          "Player1": "Capitano_CL",
          "Player2": "TheGrimLavamancer",
          "Result": "0-2-0"
        },
        {
          "Player1": "albertoSD",
          "Player2": "karatedom",
          "Result": "0-2-0"
        },
        {
          "Player1": "boryas",
          "Player2": "Jealous_Angel",
          "Result": "2-0-0"
        },
        {
          "Player1": "jibeta",
          "Player2": "Raydan",
          "Result": "0-2-0"
        },
        {
          "Player1": "YES_i_accept_SPLIT_",
          "Player2": "wcl",
          "Result": "0-2-0"
        },
        {
          "Player1": "xfile",
          "Player2": "Joyfulwaffle",
          "Result": "0-2-0"
        },
        {
          "Player1": "Selfeisek",
          "Player2": "choutin",
          "Result": "2-0-0"
        },
        {
          "Player1": "Rinzler_92",
          "Player2": "igknighted08",
          "Result": "0-2-0"
        },
        {
          "Player1": "ziggy_stardust",
          "Player2": "Thebigempty92",
          "Result": "2-0-0"
        },
        {
          "Player1": "mikus1217",
          "Player2": "RPSbonjwa",
          "Result": "0-2-0"
        },
        {
          "Player1": "slaxx",
          "Player2": "WingedHussar",
          "Result": "2-0-0"
        },
        {
          "Player1": "Mogged",
          "Player2": "Munchlax446",
          "Result": "0-2-0"
        }
      ]
    },
    {
      "RoundName": "Round 7",
      "Matches": [
        {
          "Player1": "Neopolis",
          "Player2": "Joyfulwaffle",
          "Result": "0-2-0"
        },
        {
          "Player1": "slaxx",
          "Player2": "Just_Roll",
          "Result": "2-0-0"
        },
        {
          "Player1": "karatedom",
          "Player2": "choutin",
          "Result": "2-0-0"
        },
        {
          "Player1": "ecobaronen",
          "Player2": "Selfeisek",
          "Result": "0-0-0"
        }
      ]
    },
    {
      "RoundName": "Round 8",
      "Matches": [
        {
          "Player1": "karatedom",
          "Player2": "Joyfulwaffle",
          "Result": "2-0-0"
        },
        {
          "Player1": "Selfeisek",
          "Player2": "slaxx",
          "Result": "2-0-0"
        }
      ]
    },
    {
      "RoundName": "Round 9",
      "Matches": [
        {
          "Player1": "Selfeisek",
          "Player2": "karatedom",
          "Result": "0-2-0"
        }
      ]
    }
  ],
  "Standings": [
    {
      "Rank": 47,
      "Player": "Geodude_Jared",
      "Points": 0,
      "Wins": 0,
      "Losses": 0,
      "Draws": 0,
      "OMWP": 0.3667,
      "GWP": 0,
      "OGWP": 0.375
    },
    {
      "Rank": 46,
      "Player": "wizardpasta",
      "Points": 0,
      "Wins": 0,
      "Losses": 0,
      "Draws": 0,
      "OMWP": 0.5,
      "GWP": 0.3333,
      "OGWP": 0.4314
    },
    {
      "Rank": 45,
      "Player": "_INF_",
      "Points": 0,
      "Wins": 0,
      "Losses": 0,
      "Draws": 0,
      "OMWP": 0.5832999999999999,
      "GWP": 0,
      "OGWP": 0.5714
    },
    {
      "Rank": 44,
      "Player": "habsburger",
      "Points": 0,
      "Wins": 0,
      "Losses": 0,
      "Draws": 0,
      "OMWP": 0.6111,
      "GWP": 0.1429,
      "OGWP": 0.5623
    },
    {
      "Rank": 43,
      "Player": "rootpon",
      "Points": 0,
      "Wins": 0,
      "Losses": 0,
      "Draws": 0,
      "OMWP": 0.6667000000000001,
      "GWP": 0,
      "OGWP": 0.6291
    },
    {
      "Rank": 42,
      "Player": "Jealous_Angel",
      "Points": 3,
      "Wins": 0,
      "Losses": 0,
      "Draws": 0,
      "OMWP": 0.3722,
      "GWP": 0.23079999999999998,
      "OGWP": 0.4338
    },
    {
      "Rank": 41,
      "Player": "Matiuzzzo",
      "Points": 3,
      "Wins": 0,
      "Losses": 0,
      "Draws": 0,
      "OMWP": 0.43329999999999996,
      "GWP": 0.4,
      "OGWP": 0.3814
    },
    {
      "Rank": 40,
      "Player": "elpariah",
      "Points": 3,
      "Wins": 0,
      "Losses": 0,
      "Draws": 0,
      "OMWP": 0.44670000000000004,
      "GWP": 0.3077,
      "OGWP": 0.466
    },
    {
      "Rank": 39,
      "Player": "Thebigempty92",
      "Points": 3,
      "Wins": 0,
      "Losses": 0,
      "Draws": 0,
      "OMWP": 0.5,
      "GWP": 0.2857,
      "OGWP": 0.4658
    },
    {
      "Rank": 38,
      "Player": "medvedev",
      "Points": 3,
      "Wins": 0,
      "Losses": 0,
      "Draws": 0,
      "OMWP": 0.5133,
      "GWP": 0.2727,
      "OGWP": 0.5153
    },
    {
      "Rank": 37,
      "Player": "Suzukiii",
      "Points": 3,
      "Wins": 0,
      "Losses": 0,
      "Draws": 0,
      "OMWP": 0.5778,
      "GWP": 0.4,
      "OGWP": 0.5546
    },
    {
      "Rank": 36,
      "Player": "YES_i_accept_SPLIT_",
      "Points": 6,
      "Wins": 0,
      "Losses": 0,
      "Draws": 0,
      "OMWP": 0.4167,
      "GWP": 0.35710000000000003,
      "OGWP": 0.40490000000000004
    },
    {
      "Rank": 35,
      "Player": "ziggy_stardust",
      "Points": 6,
      "Wins": 0,
      "Losses": 0,
      "Draws": 0,
      "OMWP": 0.44439999999999996,
      "GWP": 0.375,
      "OGWP": 0.4475
    },
    {
      "Rank": 34,
      "Player": "Sol-e22558",
      "Points": 6,
      "Wins": 0,
      "Losses": 0,
      "Draws": 0,
      "OMWP": 0.4667,
      "GWP": 0.5385,
      "OGWP": 0.4249
    },
    {
      "Rank": 33,
      "Player": "KhanWick",
      "Points": 6,
      "Wins": 0,
      "Losses": 0,
      "Draws": 0,
      "OMWP": 0.5,
      "GWP": 0.4167,
      "OGWP": 0.505
    },
    {
      "Rank": 32,
      "Player": "Rinzler_92",
      "Points": 6,
      "Wins": 0,
      "Losses": 0,
      "Draws": 0,
      "OMWP": 0.5556,
      "GWP": 0.3846,
      "OGWP": 0.5585
    },
    {
      "Rank": 31,
      "Player": "ReformedPaolo",
      "Points": 6,
      "Wins": 0,
      "Losses": 0,
      "Draws": 0,
      "OMWP": 0.6,
      "GWP": 0.3636,
      "OGWP": 0.5604
    },
    {
      "Rank": 30,
      "Player": "Srogers90",
      "Points": 6,
      "Wins": 0,
      "Losses": 0,
      "Draws": 0,
      "OMWP": 0.6111,
      "GWP": 0.4375,
      "OGWP": 0.5699000000000001
    },
    {
      "Rank": 29,
      "Player": "PunishingWaterfalls",
      "Points": 6,
      "Wins": 0,
      "Losses": 0,
      "Draws": 0,
      "OMWP": 0.6667000000000001,
      "GWP": 0.4167,
      "OGWP": 0.5916
    },
    {
      "Rank": 28,
      "Player": "wcl",
      "Points": 9,
      "Wins": 0,
      "Losses": 0,
      "Draws": 0,
      "OMWP": 0.4167,
      "GWP": 0.5625,
      "OGWP": 0.42619999999999997
    },
    {
      "Rank": 27,
      "Player": "boryas",
      "Points": 9,
      "Wins": 0,
      "Losses": 0,
      "Draws": 0,
      "OMWP": 0.4167,
      "GWP": 0.5714,
      "OGWP": 0.4266
    },
    {
      "Rank": 26,
      "Player": "nekoyama2",
      "Points": 9,
      "Wins": 0,
      "Losses": 0,
      "Draws": 0,
      "OMWP": 0.4722,
      "GWP": 0.5,
      "OGWP": 0.4611
    },
    {
      "Rank": 25,
      "Player": "igknighted08",
      "Points": 9,
      "Wins": 0,
      "Losses": 0,
      "Draws": 0,
      "OMWP": 0.4722,
      "GWP": 0.5,
      "OGWP": 0.4975
    },
    {
      "Rank": 24,
      "Player": "Capitano_CL",
      "Points": 9,
      "Wins": 0,
      "Losses": 0,
      "Draws": 0,
      "OMWP": 0.5,
      "GWP": 0.4,
      "OGWP": 0.5025999999999999
    },
    {
      "Rank": 23,
      "Player": "Munchlax446",
      "Points": 9,
      "Wins": 0,
      "Losses": 0,
      "Draws": 0,
      "OMWP": 0.5,
      "GWP": 0.46149999999999997,
      "OGWP": 0.501
    },
    {
      "Rank": 22,
      "Player": "yoshiwata",
      "Points": 9,
      "Wins": 0,
      "Losses": 0,
      "Draws": 0,
      "OMWP": 0.5111,
      "GWP": 0.4286,
      "OGWP": 0.5398
    },
    {
      "Rank": 21,
      "Player": "monzatubarao",
      "Points": 9,
      "Wins": 0,
      "Losses": 0,
      "Draws": 0,
      "OMWP": 0.5556,
      "GWP": 0.5,
      "OGWP": 0.5446
    },
    {
      "Rank": 20,
      "Player": "jibeta",
      "Points": 9,
      "Wins": 0,
      "Losses": 0,
      "Draws": 0,
      "OMWP": 0.5667,
      "GWP": 0.5,
      "OGWP": 0.5386
    },
    {
      "Rank": 19,
      "Player": "Eureka22422",
      "Points": 9,
      "Wins": 0,
      "Losses": 0,
      "Draws": 0,
      "OMWP": 0.58,
      "GWP": 0.5,
      "OGWP": 0.534
    },
    {
      "Rank": 18,
      "Player": "albertoSD",
      "Points": 9,
      "Wins": 0,
      "Losses": 0,
      "Draws": 0,
      "OMWP": 0.5832999999999999,
      "GWP": 0.4667,
      "OGWP": 0.5714
    },
    {
      "Rank": 17,
      "Player": "mikus1217",
      "Points": 9,
      "Wins": 0,
      "Losses": 0,
      "Draws": 0,
      "OMWP": 0.5943999999999999,
      "GWP": 0.5,
      "OGWP": 0.5716
    },
    {
      "Rank": 16,
      "Player": "Mogged",
      "Points": 9,
      "Wins": 0,
      "Losses": 0,
      "Draws": 0,
      "OMWP": 0.5943999999999999,
      "GWP": 0.5333,
      "OGWP": 0.5735
    },
    {
      "Rank": 15,
      "Player": "gusti99",
      "Points": 12,
      "Wins": 0,
      "Losses": 0,
      "Draws": 0,
      "OMWP": 0.4833,
      "GWP": 0.6154,
      "OGWP": 0.4499
    },
    {
      "Rank": 14,
      "Player": "Raydan",
      "Points": 12,
      "Wins": 0,
      "Losses": 0,
      "Draws": 0,
      "OMWP": 0.49439999999999995,
      "GWP": 0.5294,
      "OGWP": 0.5047999999999999
    },
    {
      "Rank": 13,
      "Player": "RPSbonjwa",
      "Points": 12,
      "Wins": 0,
      "Losses": 0,
      "Draws": 0,
      "OMWP": 0.5,
      "GWP": 0.5625,
      "OGWP": 0.4915
    },
    {
      "Rank": 12,
      "Player": "xfile",
      "Points": 12,
      "Wins": 0,
      "Losses": 0,
      "Draws": 0,
      "OMWP": 0.5389,
      "GWP": 0.6429,
      "OGWP": 0.4988
    },
    {
      "Rank": 11,
      "Player": "Roodslay",
      "Points": 12,
      "Wins": 0,
      "Losses": 0,
      "Draws": 0,
      "OMWP": 0.5667,
      "GWP": 0.6429,
      "OGWP": 0.557
    },
    {
      "Rank": 10,
      "Player": "WingedHussar",
      "Points": 12,
      "Wins": 0,
      "Losses": 0,
      "Draws": 0,
      "OMWP": 0.6389,
      "GWP": 0.5625,
      "OGWP": 0.5838
    },
    {
      "Rank": 9,
      "Player": "TheGrimLavamancer",
      "Points": 12,
      "Wins": 0,
      "Losses": 0,
      "Draws": 0,
      "OMWP": 0.6389,
      "GWP": 0.6154,
      "OGWP": 0.5542
    },
    {
      "Rank": 8,
      "Player": "ecobaronen",
      "Points": 12,
      "Wins": 0,
      "Losses": 0,
      "Draws": 0,
      "OMWP": 0.6389,
      "GWP": 0.625,
      "OGWP": 0.5709000000000001
    },
    {
      "Rank": 7,
      "Player": "Neopolis",
      "Points": 12,
      "Wins": 0,
      "Losses": 0,
      "Draws": 0,
      "OMWP": 0.6389,
      "GWP": 0.6429,
      "OGWP": 0.5913
    },
    {
      "Rank": 6,
      "Player": "Just_Roll",
      "Points": 15,
      "Wins": 0,
      "Losses": 0,
      "Draws": 0,
      "OMWP": 0.4833,
      "GWP": 0.7857,
      "OGWP": 0.4788
    },
    {
      "Rank": 5,
      "Player": "choutin",
      "Points": 15,
      "Wins": 0,
      "Losses": 0,
      "Draws": 0,
      "OMWP": 0.6222,
      "GWP": 0.7143,
      "OGWP": 0.5550999999999999
    },
    {
      "Rank": 4,
      "Player": "slaxx",
      "Points": 18,
      "Wins": 0,
      "Losses": 0,
      "Draws": 0,
      "OMWP": 0.6222,
      "GWP": 0.6875,
      "OGWP": 0.5451
    },
    {
      "Rank": 3,
      "Player": "Joyfulwaffle",
      "Points": 18,
      "Wins": 0,
      "Losses": 0,
      "Draws": 0,
      "OMWP": 0.65,
      "GWP": 0.6667000000000001,
      "OGWP": 0.5967
    },
    {
      "Rank": 2,
      "Player": "Selfeisek",
      "Points": 24,
      "Wins": 0,
      "Losses": 0,
      "Draws": 0,
      "OMWP": 0.6667000000000001,
      "GWP": 0.8571,
      "OGWP": 0.6156
    },
    {
      "Rank": 1,
      "Player": "karatedom",
      "Points": 24,
      "Wins": 0,
      "Losses": 0,
      "Draws": 0,
      "OMWP": 0.4722,
      "GWP": 0.7857,
      "OGWP": 0.47590000000000005
    }
  ]
}