{
  "Tournament": {
    "Id": 12804884,
    "Date": "2025-07-26T03:00:00",
    "Name": "Modern Challenge 32",
    "Uri": null,
    "JsonFile": null,
    "ForceRedownload": false
  },
  "Decks": null,
  "Rounds": [
    {
      "RoundName": "Round 1",
      "Matches": [
        {
          "Player1": "Micro",
          "Player2": "unworldlyorigin",
          "Result": "0-2-0"
        },
        {
          "Player1": "nahuel10",
          "Player2": "MisterTwin",
          "Result": "2-0-0"
        },
        {
          "Player1": "Mogged",
          "Player2": "bobpattersonjr",
          "Result": "2-0-0"
        },
        {
          "Player1": "Nocturne_",
          "Player2": "TheNectar",
          "Result": "2-0-0"
        },
        {
          "Player1": "Hiro_Hsiang",
          "Player2": "jakobpablo",
          "Result": "2-0-0"
        },
        {
          "Player1": "triosk",
          "Player2": "hauterho",
          "Result": "2-0-0"
        },
        {
          "Player1": "Venom1",
          "Player2": "jvidarte",
          "Result": "0-2-0"
        },
        {
          "Player1": "kcomedina",
          "Player2": "YungDingo",
          "Result": "0-2-0"
        },
        {
          "Player1": "sixmp",
          "Player2": "Cipher10597",
          "Result": "2-0-0"
        },
        {
          "Player1": "jdempewolf",
          "Player2": "Linden_43",
          "Result": "0-2-0"
        },
        {
          "Player1": "goron27",
          "Player2": "UnbanOko",
          "Result": "2-0-0"
        },
        {
          "Player1": "DragonFodder",
          "Player2": "connormc02",
          "Result": "0-2-0"
        },
        {
          "Player1": "HoldTheElle",
          "Player2": "keezles",
          "Result": "0-2-0"
        },
        {
          "Player1": "Mattyguy13",
          "Player2": "-Nausea-",
          "Result": "2-0-0"
        },
        {
          "Player1": "DemianDesposito10",
          "Player2": "McFishy",
          "Result": "1-2-0"
        },
        {
          "Player1": "MikeEgan",
          "Player2": "NotCorazon",
          "Result": "0-2-0"
        },
        {
          "Player1": "Doc_B",
          "Player2": "SupremePete56",
          "Result": "0-0-0"
        },
        {
          "Player1": "Junkmener",
          "Player2": "NathanOfTheGiltLeaf",
          "Result": "0-2-0"
        },
        {
          "Player1": "Dazai",
          "Player2": "gazmon48",
          "Result": "0-2-0"
        },
        {
          "Player1": "TryParse",
          "Player2": "Azja",
          "Result": "0-0-0"
        },
        {
          "Player1": "SoggiestCheerio",
          "Player2": "storti",
          "Result": "2-0-0"
        },
        {
          "Player1": "Raydan",
          "Player2": "xfile",
          "Result": "0-2-0"
        },
        {
          "Player1": "Golgarburr",
          "Player2": "E90_DeliveryBoy",
          "Result": "2-0-0"
        },
        {
          "Player1": "NAKISHIMA",
          "Player2": "HouseOfManaMTG",
          "Result": "1-2-0"
        },
        {
          "Player1": "ShadowTitan1",
          "Player2": "Kyoto_Maschi",
          "Result": "0-2-0"
        },
        {
          "Player1": "azax",
          "Player2": "brainysackgaming1",
          "Result": "2-0-0"
        },
        {
          "Player1": "CORESET_OMEGALUL",
          "Player2": "EvolveMTG",
          "Result": "0-2-0"
        },
        {
          "Player1": "Mega_Man",
          "Player2": "felider",
          "Result": "0-0-0"
        },
        {
          "Player1": "LucasG1ggs",
          "Player2": "marito9911",
          "Result": "0-2-0"
        },
        {
          "Player1": "blackdecks99",
          "Player2": "justAlice",
          "Result": "0-2-0"
        },
        {
          "Player1": "Misplacedginger",
          "Player2": "Ailien02",
          "Result": "0-2-0"
        }
      ]
    },
    {
      "RoundName": "Round 2",
      "Matches": [
        {
          "Player1": "justAlice",
          "Player2": "YungDingo",
          "Result": "0-2-0"
        },
        {
          "Player1": "Raydan",
          "Player2": "Junkmener",
          "Result": "0-2-0"
        },
        {
          "Player1": "DemianDesposito10",
          "Player2": "brainysackgaming1",
          "Result": "0-2-0"
        },
        {
          "Player1": "marito9911",
          "Player2": "EvolveMTG",
          "Result": "0-2-0"
        },
        {
          "Player1": "DragonFodder",
          "Player2": "storti",
          "Result": "0-2-0"
        },
        {
          "Player1": "E90_DeliveryBoy",
          "Player2": "MisterTwin",
          "Result": "0-2-0"
        },
        {
          "Player1": "kcomedina",
          "Player2": "ShadowTitan1",
          "Result": "0-2-0"
        },
        {
          "Player1": "NotCorazon",
          "Player2": "keezles",
          "Result": "2-0-0"
        },
        {
          "Player1": "LucasG1ggs",
          "Player2": "MikeEgan",
          "Result": "0-2-0"
        },
        {
          "Player1": "Misplacedginger",
          "Player2": "hauterho",
          "Result": "0-2-0"
        },
        {
          "Player1": "Micro",
          "Player2": "bobpattersonjr",
          "Result": "0-2-0"
        },
        {
          "Player1": "NAKISHIMA",
          "Player2": "Doc_B",
          "Result": "2-0-0"
        },
        {
          "Player1": "blackdecks99",
          "Player2": "jakobpablo",
          "Result": "0-2-0"
        },
        {
          "Player1": "Mega_Man",
          "Player2": "Venom1",
          "Result": "2-0-0"
        },
        {
          "Player1": "NathanOfTheGiltLeaf",
          "Player2": "SupremePete56",
          "Result": "2-0-0"
        },
        {
          "Player1": "nahuel10",
          "Player2": "Ailien02",
          "Result": "2-0-0"
        },
        {
          "Player1": "Mogged",
          "Player2": "gazmon48",
          "Result": "2-0-0"
        },
        {
          "Player1": "TryParse",
          "Player2": "Kyoto_Maschi",
          "Result": "0-2-0"
        },
        {
          "Player1": "sixmp",
          "Player2": "unworldlyorigin",
          "Result": "2-0-0"
        },
        {
          "Player1": "goron27",
          "Player2": "McFishy",
          "Result": "0-2-0"
        },
        {
          "Player1": "triosk",
          "Player2": "xfile",
          "Result": "2-0-0"
        },
        {
          "Player1": "-Nausea-",
          "Player2": "TheNectar",
          "Result": "0-2-0"
        },
        {
          "Player1": "Golgarburr",
          "Player2": "Hiro_Hsiang",
          "Result": "2-0-0"
        },
        {
          "Player1": "Nocturne_",
          "Player2": "HouseOfManaMTG",
          "Result": "0-2-0"
        },
        {
          "Player1": "Dazai",
          "Player2": "CORESET_OMEGALUL",
          "Result": "0-2-0"
        },
        {
          "Player1": "felider",
          "Player2": "jvidarte",
          "Result": "2-0-0"
        },
        {
          "Player1": "SoggiestCheerio",
          "Player2": "Azja",
          "Result": "0-2-0"
        },
        {
          "Player1": "jdempewolf",
          "Player2": "Cipher10597",
          "Result": "0-2-0"
        },
        {
          "Player1": "connormc02",
          "Player2": "azax",
          "Result": "0-2-0"
        },
        {
          "Player1": "HoldTheElle",
          "Player2": "UnbanOko",
          "Result": "2-0-0"
        },
        {
          "Player1": "Mattyguy13",
          "Player2": "Linden_43",
          "Result": "0-2-0"
        }
      ]
    },
    {
      "RoundName": "Round 3",
      "Matches": [
        {
          "Player1": "xfile",
          "Player2": "SoggiestCheerio",
          "Result": "0-2-0"
        },
        {
          "Player1": "Dazai",
          "Player2": "E90_DeliveryBoy",
          "Result": "0-2-0"
        },
        {
          "Player1": "HouseOfManaMTG",
          "Player2": "Azja",
          "Result": "2-0-0"
        },
        {
          "Player1": "hauterho",
          "Player2": "SupremePete56",
          "Result": "2-0-0"
        },
        {
          "Player1": "Hiro_Hsiang",
          "Player2": "TheNectar",
          "Result": "2-0-0"
        },
        {
          "Player1": "storti",
          "Player2": "keezles",
          "Result": "0-2-0"
        },
        {
          "Player1": "Mattyguy13",
          "Player2": "Junkmener",
          "Result": "0-2-0"
        },
        {
          "Player1": "triosk",
          "Player2": "Kyoto_Maschi",
          "Result": "2-0-0"
        },
        {
          "Player1": "Mogged",
          "Player2": "Linden_43",
          "Result": "2-0-0"
        },
        {
          "Player1": "marito9911",
          "Player2": "MisterTwin",
          "Result": "0-2-0"
        },
        {
          "Player1": "Nocturne_",
          "Player2": "Ailien02",
          "Result": "2-0-0"
        },
        {
          "Player1": "Mega_Man",
          "Player2": "goron27",
          "Result": "0-2-0"
        },
        {
          "Player1": "YungDingo",
          "Player2": "NathanOfTheGiltLeaf",
          "Result": "0-2-0"
        },
        {
          "Player1": "MikeEgan",
          "Player2": "unworldlyorigin",
          "Result": "2-0-0"
        },
        {
          "Player1": "sixmp",
          "Player2": "McFishy",
          "Result": "2-0-0"
        },
        {
          "Player1": "gazmon48",
          "Player2": "Cipher10597",
          "Result": "2-0-0"
        },
        {
          "Player1": "jdempewolf",
          "Player2": "DragonFodder",
          "Result": "0-2-0"
        },
        {
          "Player1": "ShadowTitan1",
          "Player2": "justAlice",
          "Result": "2-0-0"
        },
        {
          "Player1": "felider",
          "Player2": "EvolveMTG",
          "Result": "0-2-0"
        },
        {
          "Player1": "Golgarburr",
          "Player2": "nahuel10",
          "Result": "2-0-0"
        },
        {
          "Player1": "kcomedina",
          "Player2": "Doc_B",
          "Result": "2-0-0"
        },
        {
          "Player1": "bobpattersonjr",
          "Player2": "brainysackgaming1",
          "Result": "2-0-0"
        },
        {
          "Player1": "HoldTheElle",
          "Player2": "NAKISHIMA",
          "Result": "0-2-0"
        },
        {
          "Player1": "TryParse",
          "Player2": "DemianDesposito10",
          "Result": "2-0-0"
        },
        {
          "Player1": "NotCorazon",
          "Player2": "azax",
          "Result": "0-2-0"
        },
        {
          "Player1": "connormc02",
          "Player2": "jvidarte",
          "Result": "2-0-0"
        },
        {
          "Player1": "CORESET_OMEGALUL",
          "Player2": "jakobpablo",
          "Result": "0-2-0"
        }
      ]
    },
    {
      "RoundName": "Round 4",
      "Matches": [
        {
          "Player1": "kcomedina",
          "Player2": "justAlice",
          "Result": "0-2-0"
        },
        {
          "Player1": "NAKISHIMA",
          "Player2": "E90_DeliveryBoy",
          "Result": "0-2-0"
        },
        {
          "Player1": "brainysackgaming1",
          "Player2": "Cipher10597",
          "Result": "2-0-0"
        },
        {
          "Player1": "CORESET_OMEGALUL",
          "Player2": "storti",
          "Result": "0-2-0"
        },
        {
          "Player1": "MikeEgan",
          "Player2": "SoggiestCheerio",
          "Result": "0-2-0"
        },
        {
          "Player1": "connormc02",
          "Player2": "felider",
          "Result": "0-2-0"
        },
        {
          "Player1": "Mega_Man",
          "Player2": "SupremePete56",
          "Result": "0-2-0"
        },
        {
          "Player1": "azax",
          "Player2": "HouseOfManaMTG",
          "Result": "2-0-0"
        },
        {
          "Player1": "DragonFodder",
          "Player2": "LucasG1ggs",
          "Result": "2-0-0"
        },
        {
          "Player1": "ShadowTitan1",
          "Player2": "keezles",
          "Result": "2-0-0"
        },
        {
          "Player1": "marito9911",
          "Player2": "TryParse",
          "Result": "0-2-0"
        },
        {
          "Player1": "Nocturne_",
          "Player2": "hauterho",
          "Result": "0-2-0"
        },
        {
          "Player1": "jakobpablo",
          "Player2": "Linden_43",
          "Result": "0-2-0"
        },
        {
          "Player1": "Golgarburr",
          "Player2": "EvolveMTG",
          "Result": "0-0-0"
        },
        {
          "Player1": "Azja",
          "Player2": "YungDingo",
          "Result": "0-2-0"
        },
        {
          "Player1": "bobpattersonjr",
          "Player2": "Hiro_Hsiang",
          "Result": "0-2-0"
        },
        {
          "Player1": "NotCorazon",
          "Player2": "McFishy",
          "Result": "0-0-0"
        },
        {
          "Player1": "Mogged",
          "Player2": "NathanOfTheGiltLeaf",
          "Result": "0-2-0"
        },
        {
          "Player1": "triosk",
          "Player2": "sixmp",
          "Result": "2-0-0"
        },
        {
          "Player1": "gazmon48",
          "Player2": "Kyoto_Maschi",
          "Result": "2-0-0"
        },
        {
          "Player1": "xfile",
          "Player2": "jvidarte",
          "Result": "0-2-0"
        },
        {
          "Player1": "nahuel10",
          "Player2": "goron27",
          "Result": "0-2-0"
        },
        {
          "Player1": "Junkmener",
          "Player2": "MisterTwin",
          "Result": "0-2-0"
        }
      ]
    },
    {
      "RoundName": "Round 5",
      "Matches": [
        {
          "Player1": "nahuel10",
          "Player2": "bobpattersonjr",
          "Result": "2-0-0"
        },
        {
          "Player1": "SoggiestCheerio",
          "Player2": "TryParse",
          "Result": "2-0-0"
        },
        {
          "Player1": "hauterho",
          "Player2": "YungDingo",
          "Result": "0-2-0"
        },
        {
          "Player1": "justAlice",
          "Player2": "Azja",
          "Result": "0-2-0"
        },
        {
          "Player1": "E90_DeliveryBoy",
          "Player2": "brainysackgaming1",
          "Result": "2-0-0"
        },
        {
          "Player1": "Nocturne_",
          "Player2": "connormc02",
          "Result": "0-2-0"
        },
        {
          "Player1": "jvidarte",
          "Player2": "storti",
          "Result": "0-2-0"
        },
        {
          "Player1": "Mogged",
          "Player2": "goron27",
          "Result": "0-2-0"
        },
        {
          "Player1": "EvolveMTG",
          "Player2": "MisterTwin",
          "Result": "2-0-0"
        },
        {
          "Player1": "ShadowTitan1",
          "Player2": "HouseOfManaMTG",
          "Result": "2-0-0"
        },
        {
          "Player1": "kcomedina",
          "Player2": "CORESET_OMEGALUL",
          "Result": "0-2-0"
        },
        {
          "Player1": "NAKISHIMA",
          "Player2": "Junkmener",
          "Result": "2-0-0"
        },
        {
          "Player1": "triosk",
          "Player2": "azax",
          "Result": "0-0-0"
        },
        {
          "Player1": "Dazai",
          "Player2": "marito9911",
          "Result": "0-2-0"
        },
        {
          "Player1": "NotCorazon",
          "Player2": "SupremePete56",
          "Result": "0-2-0"
        },
        {
          "Player1": "MikeEgan",
          "Player2": "keezles",
          "Result": "2-0-0"
        },
        {
          "Player1": "gazmon48",
          "Player2": "felider",
          "Result": "2-0-0"
        },
        {
          "Player1": "Golgarburr",
          "Player2": "NathanOfTheGiltLeaf",
          "Result": "0-2-0"
        },
        {
          "Player1": "jakobpablo",
          "Player2": "Kyoto_Maschi",
          "Result": "2-0-0"
        },
        {
          "Player1": "Hiro_Hsiang",
          "Player2": "McFishy",
          "Result": "2-0-0"
        },
        {
          "Player1": "DragonFodder",
          "Player2": "Mega_Man",
          "Result": "0-2-0"
        },
        {
          "Player1": "sixmp",
          "Player2": "Linden_43",
          "Result": "2-0-0"
        }
      ]
    },
    {
      "RoundName": "Round 6",
      "Matches": [
        {
          "Player1": "Nocturne_",
          "Player2": "marito9911",
          "Result": "0-2-0"
        },
        {
          "Player1": "azax",
          "Player2": "YungDingo",
          "Result": "2-0-0"
        },
        {
          "Player1": "hauterho",
          "Player2": "NAKISHIMA",
          "Result": "0-2-0"
        },
        {
          "Player1": "gazmon48",
          "Player2": "ShadowTitan1",
          "Result": "0-2-0"
        },
        {
          "Player1": "SupremePete56",
          "Player2": "storti",
          "Result": "2-0-0"
        },
        {
          "Player1": "MikeEgan",
          "Player2": "nahuel10",
          "Result": "2-0-0"
        },
        {
          "Player1": "DragonFodder",
          "Player2": "Kyoto_Maschi",
          "Result": "2-0-0"
        },
        {
          "Player1": "EvolveMTG",
          "Player2": "goron27",
          "Result": "0-2-0"
        },
        {
          "Player1": "Dazai",
          "Player2": "TryParse",
          "Result": "2-0-0"
        },
        {
          "Player1": "jakobpablo",
          "Player2": "MisterTwin",
          "Result": "0-2-0"
        },
        {
          "Player1": "Azja",
          "Player2": "E90_DeliveryBoy",
          "Result": "0-2-0"
        },
        {
          "Player1": "connormc02",
          "Player2": "Linden_43",
          "Result": "2-0-0"
        },
        {
          "Player1": "Golgarburr",
          "Player2": "SoggiestCheerio",
          "Result": "2-0-0"
        },
        {
          "Player1": "Mega_Man",
          "Player2": "jvidarte",
          "Result": "0-2-0"
        },
        {
          "Player1": "triosk",
          "Player2": "NathanOfTheGiltLeaf",
          "Result": "0-2-0"
        },
        {
          "Player1": "Hiro_Hsiang",
          "Player2": "sixmp",
          "Result": "0-0-0"
        },
        {
          "Player1": "felider",
          "Player2": "McFishy",
          "Result": "0-0-0"
        },
        {
          "Player1": "Mogged",
          "Player2": "HouseOfManaMTG",
          "Result": "0-2-0"
        },
        {
          "Player1": "Junkmener",
          "Player2": "justAlice",
          "Result": "0-2-0"
        },
        {
          "Player1": "CORESET_OMEGALUL",
          "Player2": "brainysackgaming1",
          "Result": "0-2-0"
        }
      ]
    },
    {
      "RoundName": "Round 7",
      "Matches": [
        {
          "Player1": "Golgarburr",
          "Player2": "ShadowTitan1",
          "Result": "2-0-0"
        },
        {
          "Player1": "azax",
          "Player2": "goron27",
          "Result": "2-0-0"
        },
        {
          "Player1": "triosk",
          "Player2": "Hiro_Hsiang",
          "Result": "0-2-0"
        },
        {
          "Player1": "HouseOfManaMTG",
          "Player2": "NathanOfTheGiltLeaf",
          "Result": "2-0-0"
        }
      ]
    },
    {
      "RoundName": "Round 8",
      "Matches": [
        {
          "Player1": "Golgarburr",
          "Player2": "azax",
          "Result": "2-0-0"
        },
        {
          "Player1": "HouseOfManaMTG",
          "Player2": "Hiro_Hsiang",
          "Result": "2-0-0"
        }
      ]
    },
    {
      "RoundName": "Round 9",
      "Matches": [
        {
          "Player1": "Golgarburr",
          "Player2": "HouseOfManaMTG",
          "Result": "0-2-0"
        }
      ]
    }
  ],
  "Standings": [
    {
      "Rank": 62,
      "Player": "Raydan",
      "Points": 0,
      "Wins": 0,
      "Losses": 0,
      "Draws": 0,
      "OMWP": 0.3333,
      "GWP": 0,
      "OGWP": 0.3452
    },
    {
      "Rank": 61,
      "Player": "-Nausea-",
      "Points": 0,
      "Wins": 0,
      "Losses": 0,
      "Draws": 0,
      "OMWP": 0.3333,
      "GWP": 0.2,
      "OGWP": 0.4018
    },
    {
      "Rank": 60,
      "Player": "Micro",
      "Points": 0,
      "Wins": 0,
      "Losses": 0,
      "Draws": 0,
      "OMWP": 0.3667,
      "GWP": 0.2,
      "OGWP": 0.3958
    },
    {
      "Rank": 59,
      "Player": "Misplacedginger",
      "Points": 0,
      "Wins": 0,
      "Losses": 0,
      "Draws": 0,
      "OMWP": 0.4167,
      "GWP": 0,
      "OGWP": 0.4451
    },
    {
      "Rank": 58,
      "Player": "Venom1",
      "Points": 0,
      "Wins": 0,
      "Losses": 0,
      "Draws": 0,
      "OMWP": 0.4167,
      "GWP": 0,
      "OGWP": 0.4736
    },
    {
      "Rank": 57,
      "Player": "jdempewolf",
      "Points": 0,
      "Wins": 0,
      "Losses": 0,
      "Draws": 0,
      "OMWP": 0.44439999999999996,
      "GWP": 0.25,
      "OGWP": 0.44439999999999996
    },
    {
      "Rank": 56,
      "Player": "blackdecks99",
      "Points": 0,
      "Wins": 0,
      "Losses": 0,
      "Draws": 0,
      "OMWP": 0.5,
      "GWP": 0,
      "OGWP": 0.5357
    },
    {
      "Rank": 55,
      "Player": "DemianDesposito10",
      "Points": 0,
      "Wins": 0,
      "Losses": 0,
      "Draws": 0,
      "OMWP": 0.5,
      "GWP": 0.25,
      "OGWP": 0.5183
    },
    {
      "Rank": 54,
      "Player": "Doc_B",
      "Points": 0,
      "Wins": 0,
      "Losses": 0,
      "Draws": 0,
      "OMWP": 0.5556,
      "GWP": 0,
      "OGWP": 0.5562
    },
    {
      "Rank": 53,
      "Player": "UnbanOko",
      "Points": 0,
      "Wins": 0,
      "Losses": 0,
      "Draws": 0,
      "OMWP": 0.5832999999999999,
      "GWP": 0,
      "OGWP": 0.6429
    },
    {
      "Rank": 52,
      "Player": "Ailien02",
      "Points": 3,
      "Wins": 0,
      "Losses": 0,
      "Draws": 0,
      "OMWP": 0.3889,
      "GWP": 0.4286,
      "OGWP": 0.3987
    },
    {
      "Rank": 51,
      "Player": "Mattyguy13",
      "Points": 3,
      "Wins": 0,
      "Losses": 0,
      "Draws": 0,
      "OMWP": 0.3889,
      "GWP": 0.4286,
      "OGWP": 0.4079
    },
    {
      "Rank": 50,
      "Player": "HoldTheElle",
      "Points": 3,
      "Wins": 0,
      "Losses": 0,
      "Draws": 0,
      "OMWP": 0.4667,
      "GWP": 0.5,
      "OGWP": 0.4792
    },
    {
      "Rank": 49,
      "Player": "TheNectar",
      "Points": 3,
      "Wins": 0,
      "Losses": 0,
      "Draws": 0,
      "OMWP": 0.5,
      "GWP": 0.375,
      "OGWP": 0.4514
    },
    {
      "Rank": 48,
      "Player": "kcomedina",
      "Points": 3,
      "Wins": 0,
      "Losses": 0,
      "Draws": 0,
      "OMWP": 0.5333,
      "GWP": 0.3333,
      "OGWP": 0.5276
    },
    {
      "Rank": 47,
      "Player": "Cipher10597",
      "Points": 3,
      "Wins": 0,
      "Losses": 0,
      "Draws": 0,
      "OMWP": 0.5417000000000001,
      "GWP": 0.22219999999999998,
      "OGWP": 0.5179
    },
    {
      "Rank": 46,
      "Player": "LucasG1ggs",
      "Points": 3,
      "Wins": 0,
      "Losses": 0,
      "Draws": 0,
      "OMWP": 0.5556,
      "GWP": 0.3333,
      "OGWP": 0.5225
    },
    {
      "Rank": 45,
      "Player": "unworldlyorigin",
      "Points": 3,
      "Wins": 0,
      "Losses": 0,
      "Draws": 0,
      "OMWP": 0.5556,
      "GWP": 0.375,
      "OGWP": 0.5207999999999999
    },
    {
      "Rank": 44,
      "Player": "xfile",
      "Points": 3,
      "Wins": 0,
      "Losses": 0,
      "Draws": 0,
      "OMWP": 0.5832999999999999,
      "GWP": 0.3333,
      "OGWP": 0.5478999999999999
    },
    {
      "Rank": 43,
      "Player": "TryParse",
      "Points": 6,
      "Wins": 0,
      "Losses": 0,
      "Draws": 0,
      "OMWP": 0.44439999999999996,
      "GWP": 0.4667,
      "OGWP": 0.446
    },
    {
      "Rank": 42,
      "Player": "CORESET_OMEGALUL",
      "Points": 6,
      "Wins": 0,
      "Losses": 0,
      "Draws": 0,
      "OMWP": 0.4722,
      "GWP": 0.4375,
      "OGWP": 0.4556
    },
    {
      "Rank": 41,
      "Player": "Dazai",
      "Points": 6,
      "Wins": 0,
      "Losses": 0,
      "Draws": 0,
      "OMWP": 0.5,
      "GWP": 0.25,
      "OGWP": 0.5314
    },
    {
      "Rank": 40,
      "Player": "Nocturne_",
      "Points": 6,
      "Wins": 0,
      "Losses": 0,
      "Draws": 0,
      "OMWP": 0.5,
      "GWP": 0.3333,
      "OGWP": 0.4985
    },
    {
      "Rank": 39,
      "Player": "bobpattersonjr",
      "Points": 6,
      "Wins": 0,
      "Losses": 0,
      "Draws": 0,
      "OMWP": 0.5333,
      "GWP": 0.4167,
      "OGWP": 0.51
    },
    {
      "Rank": 38,
      "Player": "keezles",
      "Points": 6,
      "Wins": 0,
      "Losses": 0,
      "Draws": 0,
      "OMWP": 0.5467,
      "GWP": 0.46149999999999997,
      "OGWP": 0.5357999999999999
    },
    {
      "Rank": 37,
      "Player": "Mega_Man",
      "Points": 6,
      "Wins": 0,
      "Losses": 0,
      "Draws": 0,
      "OMWP": 0.5556,
      "GWP": 0.3846,
      "OGWP": 0.5568
    },
    {
      "Rank": 36,
      "Player": "Junkmener",
      "Points": 6,
      "Wins": 0,
      "Losses": 0,
      "Draws": 0,
      "OMWP": 0.5832999999999999,
      "GWP": 0.35710000000000003,
      "OGWP": 0.5408
    },
    {
      "Rank": 35,
      "Player": "Kyoto_Maschi",
      "Points": 6,
      "Wins": 0,
      "Losses": 0,
      "Draws": 0,
      "OMWP": 0.6111,
      "GWP": 0.375,
      "OGWP": 0.5786
    },
    {
      "Rank": 34,
      "Player": "NotCorazon",
      "Points": 6,
      "Wins": 0,
      "Losses": 0,
      "Draws": 0,
      "OMWP": 0.6467,
      "GWP": 0.4167,
      "OGWP": 0.6076
    },
    {
      "Rank": 33,
      "Player": "DragonFodder",
      "Points": 9,
      "Wins": 0,
      "Losses": 0,
      "Draws": 0,
      "OMWP": 0.4167,
      "GWP": 0.4667,
      "OGWP": 0.4092
    },
    {
      "Rank": 32,
      "Player": "marito9911",
      "Points": 9,
      "Wins": 0,
      "Losses": 0,
      "Draws": 0,
      "OMWP": 0.44439999999999996,
      "GWP": 0.5385,
      "OGWP": 0.4382
    },
    {
      "Rank": 31,
      "Player": "jvidarte",
      "Points": 9,
      "Wins": 0,
      "Losses": 0,
      "Draws": 0,
      "OMWP": 0.44439999999999996,
      "GWP": 0.5625,
      "OGWP": 0.4301
    },
    {
      "Rank": 30,
      "Player": "brainysackgaming1",
      "Points": 9,
      "Wins": 0,
      "Losses": 0,
      "Draws": 0,
      "OMWP": 0.4833,
      "GWP": 0.5,
      "OGWP": 0.4828
    },
    {
      "Rank": 29,
      "Player": "jakobpablo",
      "Points": 9,
      "Wins": 0,
      "Losses": 0,
      "Draws": 0,
      "OMWP": 0.5,
      "GWP": 0.5,
      "OGWP": 0.4882
    },
    {
      "Rank": 28,
      "Player": "Linden_43",
      "Points": 9,
      "Wins": 0,
      "Losses": 0,
      "Draws": 0,
      "OMWP": 0.5,
      "GWP": 0.5333,
      "OGWP": 0.4985
    },
    {
      "Rank": 27,
      "Player": "justAlice",
      "Points": 9,
      "Wins": 0,
      "Losses": 0,
      "Draws": 0,
      "OMWP": 0.5,
      "GWP": 0.5714,
      "OGWP": 0.4755
    },
    {
      "Rank": 26,
      "Player": "storti",
      "Points": 9,
      "Wins": 0,
      "Losses": 0,
      "Draws": 0,
      "OMWP": 0.5111,
      "GWP": 0.4667,
      "OGWP": 0.5305
    },
    {
      "Rank": 25,
      "Player": "hauterho",
      "Points": 9,
      "Wins": 0,
      "Losses": 0,
      "Draws": 0,
      "OMWP": 0.5832999999999999,
      "GWP": 0.46149999999999997,
      "OGWP": 0.5496
    },
    {
      "Rank": 24,
      "Player": "felider",
      "Points": 9,
      "Wins": 0,
      "Losses": 0,
      "Draws": 0,
      "OMWP": 0.5832999999999999,
      "GWP": 0.5,
      "OGWP": 0.5449
    },
    {
      "Rank": 23,
      "Player": "Azja",
      "Points": 9,
      "Wins": 0,
      "Losses": 0,
      "Draws": 0,
      "OMWP": 0.5832999999999999,
      "GWP": 0.5333,
      "OGWP": 0.5718
    },
    {
      "Rank": 22,
      "Player": "nahuel10",
      "Points": 9,
      "Wins": 0,
      "Losses": 0,
      "Draws": 0,
      "OMWP": 0.6222,
      "GWP": 0.5294,
      "OGWP": 0.5672
    },
    {
      "Rank": 21,
      "Player": "Mogged",
      "Points": 9,
      "Wins": 0,
      "Losses": 0,
      "Draws": 0,
      "OMWP": 0.6778,
      "GWP": 0.5,
      "OGWP": 0.6063000000000001
    },
    {
      "Rank": 20,
      "Player": "MikeEgan",
      "Points": 12,
      "Wins": 0,
      "Losses": 0,
      "Draws": 0,
      "OMWP": 0.4389,
      "GWP": 0.5625,
      "OGWP": 0.4464
    },
    {
      "Rank": 19,
      "Player": "gazmon48",
      "Points": 12,
      "Wins": 0,
      "Losses": 0,
      "Draws": 0,
      "OMWP": 0.4722,
      "GWP": 0.5714,
      "OGWP": 0.4625
    },
    {
      "Rank": 18,
      "Player": "NAKISHIMA",
      "Points": 12,
      "Wins": 0,
      "Losses": 0,
      "Draws": 0,
      "OMWP": 0.4722,
      "GWP": 0.6429,
      "OGWP": 0.4866
    },
    {
      "Rank": 17,
      "Player": "SupremePete56",
      "Points": 12,
      "Wins": 0,
      "Losses": 0,
      "Draws": 0,
      "OMWP": 0.5111,
      "GWP": 0.6923,
      "OGWP": 0.46149999999999997
    },
    {
      "Rank": 16,
      "Player": "SoggiestCheerio",
      "Points": 12,
      "Wins": 0,
      "Losses": 0,
      "Draws": 0,
      "OMWP": 0.5278,
      "GWP": 0.5625,
      "OGWP": 0.5015999999999999
    },
    {
      "Rank": 15,
      "Player": "connormc02",
      "Points": 12,
      "Wins": 0,
      "Losses": 0,
      "Draws": 0,
      "OMWP": 0.5278,
      "GWP": 0.5625,
      "OGWP": 0.5215
    },
    {
      "Rank": 14,
      "Player": "MisterTwin",
      "Points": 12,
      "Wins": 0,
      "Losses": 0,
      "Draws": 0,
      "OMWP": 0.5278,
      "GWP": 0.5625,
      "OGWP": 0.528
    },
    {
      "Rank": 13,
      "Player": "E90_DeliveryBoy",
      "Points": 12,
      "Wins": 0,
      "Losses": 0,
      "Draws": 0,
      "OMWP": 0.5832999999999999,
      "GWP": 0.6429,
      "OGWP": 0.5365
    },
    {
      "Rank": 12,
      "Player": "sixmp",
      "Points": 12,
      "Wins": 0,
      "Losses": 0,
      "Draws": 0,
      "OMWP": 0.5832999999999999,
      "GWP": 0.6667000000000001,
      "OGWP": 0.5418
    },
    {
      "Rank": 11,
      "Player": "McFishy",
      "Points": 12,
      "Wins": 0,
      "Losses": 0,
      "Draws": 0,
      "OMWP": 0.5943999999999999,
      "GWP": 0.5882000000000001,
      "OGWP": 0.565
    },
    {
      "Rank": 10,
      "Player": "YungDingo",
      "Points": 12,
      "Wins": 0,
      "Losses": 0,
      "Draws": 0,
      "OMWP": 0.6111,
      "GWP": 0.5625,
      "OGWP": 0.5565
    },
    {
      "Rank": 9,
      "Player": "EvolveMTG",
      "Points": 12,
      "Wins": 0,
      "Losses": 0,
      "Draws": 0,
      "OMWP": 0.6111,
      "GWP": 0.6,
      "OGWP": 0.5785
    },
    {
      "Rank": 8,
      "Player": "ShadowTitan1",
      "Points": 15,
      "Wins": 0,
      "Losses": 0,
      "Draws": 0,
      "OMWP": 0.4833,
      "GWP": 0.7333,
      "OGWP": 0.48960000000000004
    },
    {
      "Rank": 7,
      "Player": "goron27",
      "Points": 15,
      "Wins": 0,
      "Losses": 0,
      "Draws": 0,
      "OMWP": 0.5,
      "GWP": 0.7857,
      "OGWP": 0.4893
    },
    {
      "Rank": 6,
      "Player": "triosk",
      "Points": 15,
      "Wins": 0,
      "Losses": 0,
      "Draws": 0,
      "OMWP": 0.6111,
      "GWP": 0.7333,
      "OGWP": 0.546
    },
    {
      "Rank": 5,
      "Player": "NathanOfTheGiltLeaf",
      "Points": 18,
      "Wins": 0,
      "Losses": 0,
      "Draws": 0,
      "OMWP": 0.6389,
      "GWP": 0.7059000000000001,
      "OGWP": 0.5821000000000001
    },
    {
      "Rank": 4,
      "Player": "Hiro_Hsiang",
      "Points": 18,
      "Wins": 0,
      "Losses": 0,
      "Draws": 0,
      "OMWP": 0.5667,
      "GWP": 0.6875,
      "OGWP": 0.5323
    },
    {
      "Rank": 3,
      "Player": "azax",
      "Points": 18,
      "Wins": 0,
      "Losses": 0,
      "Draws": 0,
      "OMWP": 0.6222,
      "GWP": 0.7333,
      "OGWP": 0.5667
    },
    {
      "Rank": 2,
      "Player": "Golgarburr",
      "Points": 21,
      "Wins": 0,
      "Losses": 0,
      "Draws": 0,
      "OMWP": 0.7222,
      "GWP": 0.6470999999999999,
      "OGWP": 0.6214
    },
    {
      "Rank": 1,
      "Player": "HouseOfManaMTG",
      "Points": 21,
      "Wins": 0,
      "Losses": 0,
      "Draws": 0,
      "OMWP": 0.6111,
      "GWP": 0.625,
      "OGWP": 0.5794
    }
  ]
}