{
  "Tournament": {
    "Id": 12804886,
    "Date": "2025-07-26T08:00:00",
    "Name": "Modern Challenge 32",
    "Uri": null,
    "JsonFile": null,
    "ForceRedownload": false
  },
  "Decks": null,
  "Rounds": [
    {
      "RoundName": "Round 1",
      "Matches": [
        {
          "Player1": "JAJC",
          "Player2": "Chloe_Knight",
          "Result": "0-2-0"
        },
        {
          "Player1": "benbot9003",
          "Player2": "Preparation",
          "Result": "2-0-0"
        },
        {
          "Player1": "Haiwa",
          "Player2": "gxglckw",
          "Result": "2-0-0"
        },
        {
          "Player1": "ShadowTitan1",
          "Player2": "Cachorrowo",
          "Result": "2-0-0"
        },
        {
          "Player1": "Venom1",
          "Player2": "Gxs3v3n",
          "Result": "0-2-0"
        },
        {
          "Player1": "oosunq",
          "Player2": "CerealEd",
          "Result": "0-2-0"
        },
        {
          "Player1": "Dazai",
          "Player2": "_Joseba_",
          "Result": "2-0-0"
        },
        {
          "Player1": "Selfeisek",
          "Player2": "Uzbek",
          "Result": "0-2-0"
        },
        {
          "Player1": "silvanelf7",
          "Player2": "wkmidori",
          "Result": "0-2-0"
        },
        {
          "Player1": "gazmon48",
          "Player2": "Nanovo",
          "Result": "2-0-0"
        },
        {
          "Player1": "TSPJendrek",
          "Player2": "nahuel10",
          "Result": "0-2-0"
        },
        {
          "Player1": "musasabi",
          "Player2": "soggymeatball",
          "Result": "0-2-0"
        },
        {
          "Player1": "Raydan",
          "Player2": "Game_Night",
          "Result": "0-2-0"
        },
        {
          "Player1": "RespectTheCat",
          "Player2": "Traumatismes",
          "Result": "2-0-0"
        },
        {
          "Player1": "Boucha",
          "Player2": "TheKG",
          "Result": "2-0-0"
        },
        {
          "Player1": "perchero",
          "Player2": "manohito",
          "Result": "0-2-0"
        },
        {
          "Player1": "HelpfulHobo",
          "Player2": "Junkmener",
          "Result": "0-2-0"
        },
        {
          "Player1": "CORESET_OMEGALUL",
          "Player2": "thicket_basilisk24",
          "Result": "0-2-0"
        },
        {
          "Player1": "sokos13",
          "Player2": "Taddy_99",
          "Result": "2-0-0"
        },
        {
          "Player1": "JCspider",
          "Player2": "habieh",
          "Result": "2-0-0"
        },
        {
          "Player1": "plato1011",
          "Player2": "Juintatz",
          "Result": "2-0-0"
        }
      ]
    },
    {
      "RoundName": "Round 2",
      "Matches": [
        {
          "Player1": "benbot9003",
          "Player2": "ShadowTitan1",
          "Result": "2-0-0"
        },
        {
          "Player1": "Boucha",
          "Player2": "jvidarte",
          "Result": "0-2-0"
        },
        {
          "Player1": "Game_Night",
          "Player2": "plato1011",
          "Result": "2-0-0"
        },
        {
          "Player1": "RespectTheCat",
          "Player2": "manohito",
          "Result": "0-2-0"
        },
        {
          "Player1": "silvanelf7",
          "Player2": "perchero",
          "Result": "0-2-0"
        },
        {
          "Player1": "Raydan",
          "Player2": "Traumatismes",
          "Result": "0-2-0"
        },
        {
          "Player1": "TheKG",
          "Player2": "gxglckw",
          "Result": "0-0-0"
        },
        {
          "Player1": "Selfeisek",
          "Player2": "habieh",
          "Result": "2-0-0"
        },
        {
          "Player1": "gazmon48",
          "Player2": "wkmidori",
          "Result": "0-2-0"
        },
        {
          "Player1": "sokos13",
          "Player2": "Haiwa",
          "Result": "2-0-0"
        },
        {
          "Player1": "soggymeatball",
          "Player2": "Gxs3v3n",
          "Result": "2-0-0"
        },
        {
          "Player1": "_Joseba_",
          "Player2": "Juintatz",
          "Result": "2-0-0"
        },
        {
          "Player1": "nahuel10",
          "Player2": "Chloe_Knight",
          "Result": "0-2-0"
        },
        {
          "Player1": "Dazai",
          "Player2": "thicket_basilisk24",
          "Result": "2-0-0"
        },
        {
          "Player1": "Venom1",
          "Player2": "musasabi",
          "Result": "1-2-0"
        },
        {
          "Player1": "CORESET_OMEGALUL",
          "Player2": "Cachorrowo",
          "Result": "0-2-0"
        },
        {
          "Player1": "Junkmener",
          "Player2": "Uzbek",
          "Result": "2-0-0"
        },
        {
          "Player1": "TSPJendrek",
          "Player2": "JAJC",
          "Result": "2-0-0"
        },
        {
          "Player1": "JCspider",
          "Player2": "CerealEd",
          "Result": "0-2-0"
        },
        {
          "Player1": "HelpfulHobo",
          "Player2": "Preparation",
          "Result": "0-2-0"
        },
        {
          "Player1": "oosunq",
          "Player2": "Taddy_99",
          "Result": "0-2-0"
        }
      ]
    },
    {
      "RoundName": "Round 3",
      "Matches": [
        {
          "Player1": "gazmon48",
          "Player2": "Uzbek",
          "Result": "2-0-0"
        },
        {
          "Player1": "musasabi",
          "Player2": "silvanelf7",
          "Result": "0-2-0"
        },
        {
          "Player1": "Cachorrowo",
          "Player2": "gxglckw",
          "Result": "0-2-0"
        },
        {
          "Player1": "perchero",
          "Player2": "plato1011",
          "Result": "2-0-0"
        },
        {
          "Player1": "benbot9003",
          "Player2": "manohito",
          "Result": "2-0-0"
        },
        {
          "Player1": "sokos13",
          "Player2": "Nanovo",
          "Result": "2-0-0"
        },
        {
          "Player1": "JCspider",
          "Player2": "Preparation",
          "Result": "0-2-0"
        },
        {
          "Player1": "Selfeisek",
          "Player2": "Taddy_99",
          "Result": "0-2-0"
        },
        {
          "Player1": "soggymeatball",
          "Player2": "Junkmener",
          "Result": "0-2-0"
        },
        {
          "Player1": "Gxs3v3n",
          "Player2": "Traumatismes",
          "Result": "0-2-0"
        },
        {
          "Player1": "Boucha",
          "Player2": "nahuel10",
          "Result": "0-2-0"
        },
        {
          "Player1": "TSPJendrek",
          "Player2": "thicket_basilisk24",
          "Result": "2-0-0"
        },
        {
          "Player1": "Haiwa",
          "Player2": "_Joseba_",
          "Result": "0-2-0"
        },
        {
          "Player1": "CORESET_OMEGALUL",
          "Player2": "habieh",
          "Result": "2-0-0"
        },
        {
          "Player1": "jvidarte",
          "Player2": "Chloe_Knight",
          "Result": "2-0-0"
        },
        {
          "Player1": "Venom1",
          "Player2": "JAJC",
          "Result": "2-0-0"
        },
        {
          "Player1": "ShadowTitan1",
          "Player2": "RespectTheCat",
          "Result": "0-2-0"
        },
        {
          "Player1": "Game_Night",
          "Player2": "wkmidori",
          "Result": "0-2-0"
        },
        {
          "Player1": "Dazai",
          "Player2": "CerealEd",
          "Result": "0-0-0"
        }
      ]
    },
    {
      "RoundName": "Round 4",
      "Matches": [
        {
          "Player1": "_Joseba_",
          "Player2": "RespectTheCat",
          "Result": "0-2-0"
        },
        {
          "Player1": "JCspider",
          "Player2": "silvanelf7",
          "Result": "0-2-0"
        },
        {
          "Player1": "Haiwa",
          "Player2": "Juintatz",
          "Result": "0-0-0"
        },
        {
          "Player1": "sokos13",
          "Player2": "benbot9003",
          "Result": "0-2-0"
        },
        {
          "Player1": "gazmon48",
          "Player2": "Chloe_Knight",
          "Result": "2-0-0"
        },
        {
          "Player1": "Dazai",
          "Player2": "Junkmener",
          "Result": "2-0-0"
        },
        {
          "Player1": "wkmidori",
          "Player2": "jvidarte",
          "Result": "2-0-0"
        },
        {
          "Player1": "musasabi",
          "Player2": "CORESET_OMEGALUL",
          "Result": "2-0-0"
        },
        {
          "Player1": "Selfeisek",
          "Player2": "gxglckw",
          "Result": "0-2-0"
        },
        {
          "Player1": "Taddy_99",
          "Player2": "manohito",
          "Result": "2-0-0"
        },
        {
          "Player1": "Game_Night",
          "Player2": "CerealEd",
          "Result": "0-2-0"
        },
        {
          "Player1": "TSPJendrek",
          "Player2": "perchero",
          "Result": "2-0-0"
        },
        {
          "Player1": "Venom1",
          "Player2": "thicket_basilisk24",
          "Result": "2-0-0"
        },
        {
          "Player1": "Cachorrowo",
          "Player2": "Nanovo",
          "Result": "0-2-0"
        },
        {
          "Player1": "soggymeatball",
          "Player2": "Preparation",
          "Result": "0-2-0"
        },
        {
          "Player1": "Boucha",
          "Player2": "Gxs3v3n",
          "Result": "2-0-0"
        },
        {
          "Player1": "plato1011",
          "Player2": "Uzbek",
          "Result": "2-0-0"
        },
        {
          "Player1": "nahuel10",
          "Player2": "Traumatismes",
          "Result": "0-2-0"
        }
      ]
    },
    {
      "RoundName": "Round 5",
      "Matches": [
        {
          "Player1": "Traumatismes",
          "Player2": "CerealEd",
          "Result": "0-2-0"
        },
        {
          "Player1": "sokos13",
          "Player2": "gazmon48",
          "Result": "0-2-0"
        },
        {
          "Player1": "TSPJendrek",
          "Player2": "gxglckw",
          "Result": "0-2-0"
        },
        {
          "Player1": "Boucha",
          "Player2": "manohito",
          "Result": "0-2-0"
        },
        {
          "Player1": "Selfeisek",
          "Player2": "CORESET_OMEGALUL",
          "Result": "0-2-0"
        },
        {
          "Player1": "Dazai",
          "Player2": "wkmidori",
          "Result": "0-2-0"
        },
        {
          "Player1": "nahuel10",
          "Player2": "plato1011",
          "Result": "2-0-0"
        },
        {
          "Player1": "benbot9003",
          "Player2": "Junkmener",
          "Result": "0-2-0"
        },
        {
          "Player1": "Cachorrowo",
          "Player2": "JAJC",
          "Result": "0-2-0"
        },
        {
          "Player1": "_Joseba_",
          "Player2": "silvanelf7",
          "Result": "2-0-0"
        },
        {
          "Player1": "RespectTheCat",
          "Player2": "Preparation",
          "Result": "2-0-0"
        },
        {
          "Player1": "soggymeatball",
          "Player2": "Nanovo",
          "Result": "0-2-0"
        },
        {
          "Player1": "Venom1",
          "Player2": "perchero",
          "Result": "2-0-0"
        },
        {
          "Player1": "musasabi",
          "Player2": "Chloe_Knight",
          "Result": "2-0-0"
        },
        {
          "Player1": "Juintatz",
          "Player2": "Uzbek",
          "Result": "0-2-0"
        },
        {
          "Player1": "jvidarte",
          "Player2": "Taddy_99",
          "Result": "0-2-0"
        },
        {
          "Player1": "Gxs3v3n",
          "Player2": "thicket_basilisk24",
          "Result": "0-2-0"
        }
      ]
    },
    {
      "RoundName": "Round 6",
      "Matches": [
        {
          "Player1": "TSPJendrek",
          "Player2": "jvidarte",
          "Result": "0-2-0"
        },
        {
          "Player1": "Traumatismes",
          "Player2": "Nanovo",
          "Result": "0-2-0"
        },
        {
          "Player1": "manohito",
          "Player2": "Preparation",
          "Result": "2-0-0"
        },
        {
          "Player1": "Junkmener",
          "Player2": "Taddy_99",
          "Result": "2-0-0"
        },
        {
          "Player1": "Venom1",
          "Player2": "gazmon48",
          "Result": "0-2-0"
        },
        {
          "Player1": "benbot9003",
          "Player2": "wkmidori",
          "Result": "0-2-0"
        },
        {
          "Player1": "plato1011",
          "Player2": "thicket_basilisk24",
          "Result": "2-0-0"
        },
        {
          "Player1": "Dazai",
          "Player2": "gxglckw",
          "Result": "0-2-0"
        },
        {
          "Player1": "soggymeatball",
          "Player2": "CORESET_OMEGALUL",
          "Result": "2-0-0"
        },
        {
          "Player1": "JAJC",
          "Player2": "Juintatz",
          "Result": "0-2-0"
        },
        {
          "Player1": "perchero",
          "Player2": "Chloe_Knight",
          "Result": "0-2-0"
        },
        {
          "Player1": "nahuel10",
          "Player2": "_Joseba_",
          "Result": "2-0-0"
        },
        {
          "Player1": "sokos13",
          "Player2": "musasabi",
          "Result": "2-0-0"
        },
        {
          "Player1": "silvanelf7",
          "Player2": "Uzbek",
          "Result": "0-2-0"
        },
        {
          "Player1": "RespectTheCat",
          "Player2": "CerealEd",
          "Result": "0-2-0"
        }
      ]
    },
    {
      "RoundName": "Round 7",
      "Matches": [
        {
          "Player1": "Dazai",
          "Player2": "Junkmener",
          "Result": "2-0-0"
        },
        {
          "Player1": "gazmon48",
          "Player2": "benbot9003",
          "Result": "2-0-0"
        },
        {
          "Player1": "jvidarte",
          "Player2": "wkmidori",
          "Result": "0-2-0"
        },
        {
          "Player1": "gxglckw",
          "Player2": "CerealEd",
          "Result": "0-0-0"
        }
      ]
    },
    {
      "RoundName": "Round 8",
      "Matches": [
        {
          "Player1": "Dazai",
          "Player2": "gazmon48",
          "Result": "0-2-0"
        },
        {
          "Player1": "wkmidori",
          "Player2": "CerealEd",
          "Result": "0-2-0"
        }
      ]
    },
    {
      "RoundName": "Round 9",
      "Matches": [
        {
          "Player1": "gazmon48",
          "Player2": "CerealEd",
          "Result": "0-2-0"
        }
      ]
    }
  ],
  "Standings": [
    {
      "Rank": 43,
      "Player": "habieh",
      "Points": 0,
      "Wins": 0,
      "Losses": 0,
      "Draws": 0,
      "OMWP": 0.3333,
      "GWP": 0.25,
      "OGWP": 0.376
    },
    {
      "Rank": 42,
      "Player": "Raydan",
      "Points": 0,
      "Wins": 0,
      "Losses": 0,
      "Draws": 0,
      "OMWP": 0.5,
      "GWP": 0.2,
      "OGWP": 0.4606
    },
    {
      "Rank": 41,
      "Player": "TheKG",
      "Points": 0,
      "Wins": 0,
      "Losses": 0,
      "Draws": 0,
      "OMWP": 0.6167,
      "GWP": 0,
      "OGWP": 0.6503
    },
    {
      "Rank": 40,
      "Player": "HelpfulHobo",
      "Points": 0,
      "Wins": 0,
      "Losses": 0,
      "Draws": 0,
      "OMWP": 0.6667000000000001,
      "GWP": 0.3333,
      "OGWP": 0.6238
    },
    {
      "Rank": 39,
      "Player": "oosunq",
      "Points": 0,
      "Wins": 0,
      "Losses": 0,
      "Draws": 0,
      "OMWP": 0.75,
      "GWP": 0.3333,
      "OGWP": 0.6146
    },
    {
      "Rank": 38,
      "Player": "Gxs3v3n",
      "Points": 3,
      "Wins": 0,
      "Losses": 0,
      "Draws": 0,
      "OMWP": 0.44670000000000004,
      "GWP": 0.3333,
      "OGWP": 0.4594
    },
    {
      "Rank": 37,
      "Player": "JCspider",
      "Points": 3,
      "Wins": 0,
      "Losses": 0,
      "Draws": 0,
      "OMWP": 0.5,
      "GWP": 0.3333,
      "OGWP": 0.4833
    },
    {
      "Rank": 36,
      "Player": "Cachorrowo",
      "Points": 3,
      "Wins": 0,
      "Losses": 0,
      "Draws": 0,
      "OMWP": 0.5,
      "GWP": 0.35710000000000003,
      "OGWP": 0.5127
    },
    {
      "Rank": 35,
      "Player": "ShadowTitan1",
      "Points": 3,
      "Wins": 0,
      "Losses": 0,
      "Draws": 0,
      "OMWP": 0.5556,
      "GWP": 0.375,
      "OGWP": 0.5056
    },
    {
      "Rank": 34,
      "Player": "Haiwa",
      "Points": 3,
      "Wins": 0,
      "Losses": 0,
      "Draws": 0,
      "OMWP": 0.625,
      "GWP": 0.3,
      "OGWP": 0.6252
    },
    {
      "Rank": 33,
      "Player": "CORESET_OMEGALUL",
      "Points": 6,
      "Wins": 0,
      "Losses": 0,
      "Draws": 0,
      "OMWP": 0.3889,
      "GWP": 0.4375,
      "OGWP": 0.3975
    },
    {
      "Rank": 32,
      "Player": "JAJC",
      "Points": 6,
      "Wins": 0,
      "Losses": 0,
      "Draws": 0,
      "OMWP": 0.4667,
      "GWP": 0.25,
      "OGWP": 0.47
    },
    {
      "Rank": 31,
      "Player": "thicket_basilisk24",
      "Points": 6,
      "Wins": 0,
      "Losses": 0,
      "Draws": 0,
      "OMWP": 0.4722,
      "GWP": 0.4,
      "OGWP": 0.5024000000000001
    },
    {
      "Rank": 30,
      "Player": "perchero",
      "Points": 6,
      "Wins": 0,
      "Losses": 0,
      "Draws": 0,
      "OMWP": 0.5,
      "GWP": 0.375,
      "OGWP": 0.5121
    },
    {
      "Rank": 29,
      "Player": "silvanelf7",
      "Points": 6,
      "Wins": 0,
      "Losses": 0,
      "Draws": 0,
      "OMWP": 0.5278,
      "GWP": 0.4,
      "OGWP": 0.5046
    },
    {
      "Rank": 28,
      "Player": "Selfeisek",
      "Points": 6,
      "Wins": 0,
      "Losses": 0,
      "Draws": 0,
      "OMWP": 0.5333,
      "GWP": 0.35710000000000003,
      "OGWP": 0.5216
    },
    {
      "Rank": 27,
      "Player": "Boucha",
      "Points": 6,
      "Wins": 0,
      "Losses": 0,
      "Draws": 0,
      "OMWP": 0.5333,
      "GWP": 0.4545,
      "OGWP": 0.48829999999999996
    },
    {
      "Rank": 26,
      "Player": "Game_Night",
      "Points": 6,
      "Wins": 0,
      "Losses": 0,
      "Draws": 0,
      "OMWP": 0.6667000000000001,
      "GWP": 0.4545,
      "OGWP": 0.6049
    },
    {
      "Rank": 25,
      "Player": "Juintatz",
      "Points": 9,
      "Wins": 0,
      "Losses": 0,
      "Draws": 0,
      "OMWP": 0.43329999999999996,
      "GWP": 0.4545,
      "OGWP": 0.4382
    },
    {
      "Rank": 24,
      "Player": "Venom1",
      "Points": 9,
      "Wins": 0,
      "Losses": 0,
      "Draws": 0,
      "OMWP": 0.44439999999999996,
      "GWP": 0.5385,
      "OGWP": 0.44270000000000004
    },
    {
      "Rank": 23,
      "Player": "musasabi",
      "Points": 9,
      "Wins": 0,
      "Losses": 0,
      "Draws": 0,
      "OMWP": 0.4722,
      "GWP": 0.5,
      "OGWP": 0.49670000000000003
    },
    {
      "Rank": 22,
      "Player": "plato1011",
      "Points": 9,
      "Wins": 0,
      "Losses": 0,
      "Draws": 0,
      "OMWP": 0.4722,
      "GWP": 0.5625,
      "OGWP": 0.4501
    },
    {
      "Rank": 21,
      "Player": "soggymeatball",
      "Points": 9,
      "Wins": 0,
      "Losses": 0,
      "Draws": 0,
      "OMWP": 0.5278,
      "GWP": 0.4375,
      "OGWP": 0.515
    },
    {
      "Rank": 20,
      "Player": "TSPJendrek",
      "Points": 9,
      "Wins": 0,
      "Losses": 0,
      "Draws": 0,
      "OMWP": 0.5278,
      "GWP": 0.5,
      "OGWP": 0.5264
    },
    {
      "Rank": 19,
      "Player": "Preparation",
      "Points": 9,
      "Wins": 0,
      "Losses": 0,
      "Draws": 0,
      "OMWP": 0.5278,
      "GWP": 0.5333,
      "OGWP": 0.4725
    },
    {
      "Rank": 18,
      "Player": "_Joseba_",
      "Points": 9,
      "Wins": 0,
      "Losses": 0,
      "Draws": 0,
      "OMWP": 0.5278,
      "GWP": 0.5333,
      "OGWP": 0.5012
    },
    {
      "Rank": 17,
      "Player": "Uzbek",
      "Points": 9,
      "Wins": 0,
      "Losses": 0,
      "Draws": 0,
      "OMWP": 0.5556,
      "GWP": 0.4286,
      "OGWP": 0.5338
    },
    {
      "Rank": 16,
      "Player": "Chloe_Knight",
      "Points": 9,
      "Wins": 0,
      "Losses": 0,
      "Draws": 0,
      "OMWP": 0.5556,
      "GWP": 0.5,
      "OGWP": 0.521
    },
    {
      "Rank": 15,
      "Player": "Traumatismes",
      "Points": 9,
      "Wins": 0,
      "Losses": 0,
      "Draws": 0,
      "OMWP": 0.5832999999999999,
      "GWP": 0.4667,
      "OGWP": 0.5135000000000001
    },
    {
      "Rank": 14,
      "Player": "nahuel10",
      "Points": 12,
      "Wins": 0,
      "Losses": 0,
      "Draws": 0,
      "OMWP": 0.4833,
      "GWP": 0.5882000000000001,
      "OGWP": 0.5028
    },
    {
      "Rank": 13,
      "Player": "manohito",
      "Points": 12,
      "Wins": 0,
      "Losses": 0,
      "Draws": 0,
      "OMWP": 0.5389,
      "GWP": 0.5714,
      "OGWP": 0.5142
    },
    {
      "Rank": 12,
      "Player": "RespectTheCat",
      "Points": 12,
      "Wins": 0,
      "Losses": 0,
      "Draws": 0,
      "OMWP": 0.5556,
      "GWP": 0.5882000000000001,
      "OGWP": 0.5244
    },
    {
      "Rank": 11,
      "Player": "Nanovo",
      "Points": 12,
      "Wins": 0,
      "Losses": 0,
      "Draws": 0,
      "OMWP": 0.5667,
      "GWP": 0.5714,
      "OGWP": 0.5285
    },
    {
      "Rank": 10,
      "Player": "Taddy_99",
      "Points": 12,
      "Wins": 0,
      "Losses": 0,
      "Draws": 0,
      "OMWP": 0.5832999999999999,
      "GWP": 0.5625,
      "OGWP": 0.5429999999999999
    },
    {
      "Rank": 9,
      "Player": "sokos13",
      "Points": 12,
      "Wins": 0,
      "Losses": 0,
      "Draws": 0,
      "OMWP": 0.6111,
      "GWP": 0.6667000000000001,
      "OGWP": 0.5422
    },
    {
      "Rank": 8,
      "Player": "jvidarte",
      "Points": 12,
      "Wins": 0,
      "Losses": 0,
      "Draws": 0,
      "OMWP": 0.6133,
      "GWP": 0.6154,
      "OGWP": 0.5748
    },
    {
      "Rank": 7,
      "Player": "benbot9003",
      "Points": 12,
      "Wins": 0,
      "Losses": 0,
      "Draws": 0,
      "OMWP": 0.6667000000000001,
      "GWP": 0.5714,
      "OGWP": 0.6196
    },
    {
      "Rank": 6,
      "Player": "gxglckw",
      "Points": 15,
      "Wins": 0,
      "Losses": 0,
      "Draws": 0,
      "OMWP": 0.4167,
      "GWP": 0.8462000000000001,
      "OGWP": 0.42060000000000003
    },
    {
      "Rank": 5,
      "Player": "Junkmener",
      "Points": 15,
      "Wins": 0,
      "Losses": 0,
      "Draws": 0,
      "OMWP": 0.5556,
      "GWP": 0.7143,
      "OGWP": 0.496
    },
    {
      "Rank": 4,
      "Player": "Dazai",
      "Points": 15,
      "Wins": 0,
      "Losses": 0,
      "Draws": 0,
      "OMWP": 0.7222,
      "GWP": 0.6429,
      "OGWP": 0.6696
    },
    {
      "Rank": 3,
      "Player": "wkmidori",
      "Points": 21,
      "Wins": 0,
      "Losses": 0,
      "Draws": 0,
      "OMWP": 0.6111,
      "GWP": 0.8571,
      "OGWP": 0.5664
    },
    {
      "Rank": 2,
      "Player": "gazmon48",
      "Points": 21,
      "Wins": 0,
      "Losses": 0,
      "Draws": 0,
      "OMWP": 0.6389,
      "GWP": 0.7143,
      "OGWP": 0.5937
    },
    {
      "Rank": 1,
      "Player": "CerealEd",
      "Points": 24,
      "Wins": 0,
      "Losses": 0,
      "Draws": 0,
      "OMWP": 0.5,
      "GWP": 0.6667000000000001,
      "OGWP": 0.4698
    }
  ]
}