{
  "Tournament": {
    "Id": 12804895,
    "Date": "2025-07-26T23:00:00",
    "Name": "Pioneer Challenge 32",
    "Uri": null,
    "JsonFile": null,
    "ForceRedownload": false
  },
  "Decks": null,
  "Rounds": [
    {
      "RoundName": "Round 1",
      "Matches": [
        {
          "Player1": "Nammersquats",
          "Player2": "wombo_combo",
          "Result": "2-0-0"
        },
        {
          "Player1": "sandoiche",
          "Player2": "kaikas",
          "Result": "2-0-0"
        },
        {
          "Player1": "_Davimorais",
          "Player2": "gazmon48",
          "Result": "0-2-0"
        },
        {
          "Player1": "xfile",
          "Player2": "haruhilmi24",
          "Result": "2-0-0"
        },
        {
          "Player1": "levunga21",
          "Player2": "capellomauro",
          "Result": "0-2-0"
        },
        {
          "Player1": "Mateusf34",
          "Player2": "PNascimento",
          "Result": "2-0-0"
        },
        {
          "Player1": "pepeteam",
          "Player2": "BeeJayHype",
          "Result": "2-0-0"
        },
        {
          "Player1": "monzatubarao",
          "Player2": "fives",
          "Result": "2-0-0"
        },
        {
          "Player1": "albertoSD",
          "Player2": "O_danielakos",
          "Result": "0-2-0"
        },
        {
          "Player1": "DrPP",
          "Player2": "groot02",
          "Result": "2-0-0"
        },
        {
          "Player1": "Nunoboo",
          "Player2": "TamakiSunEater",
          "Result": "2-0-0"
        },
        {
          "Player1": "24shadow24",
          "Player2": "Chichotek",
          "Result": "0-2-0"
        },
        {
          "Player1": "Arkany1",
          "Player2": "Caders21",
          "Result": "2-0-0"
        },
        {
          "Player1": "_Falcon_",
          "Player2": "ZendicardGames",
          "Result": "2-0-0"
        },
        {
          "Player1": "OafMcNamara",
          "Player2": "VitorCarvalho01",
          "Result": "0-2-0"
        },
        {
          "Player1": "nahuel10",
          "Player2": "4UBro",
          "Result": "0-2-0"
        },
        {
          "Player1": "rhmaha",
          "Player2": "Magicofplayer1",
          "Result": "2-0-0"
        },
        {
          "Player1": "fingers1991",
          "Player2": "MdvWin",
          "Result": "0-2-0"
        },
        {
          "Player1": "therock988",
          "Player2": "ViniBuzo",
          "Result": "2-0-0"
        },
        {
          "Player1": "karatedom",
          "Player2": "LuffyDoChapeuDePalha",
          "Result": "2-0-0"
        },
        {
          "Player1": "AnotherStep",
          "Player2": "eggybenny",
          "Result": "0-2-0"
        },
        {
          "Player1": "Tunaktunak",
          "Player2": "sapro31",
          "Result": "2-0-0"
        },
        {
          "Player1": "Hamuda",
          "Player2": "ICT95",
          "Result": "2-0-0"
        },
        {
          "Player1": "MJ_23",
          "Player2": "Univerce",
          "Result": "0-2-0"
        }
      ]
    },
    {
      "RoundName": "Round 2",
      "Matches": [
        {
          "Player1": "Chichotek",
          "Player2": "Univerce",
          "Result": "0-2-0"
        },
        {
          "Player1": "Tunaktunak",
          "Player2": "_Falcon_",
          "Result": "2-0-0"
        },
        {
          "Player1": "capellomauro",
          "Player2": "MdvWin",
          "Result": "2-0-0"
        },
        {
          "Player1": "nahuel10",
          "Player2": "kaikas",
          "Result": "2-0-0"
        },
        {
          "Player1": "Mateusf34",
          "Player2": "Arkany1",
          "Result": "0-2-0"
        },
        {
          "Player1": "karatedom",
          "Player2": "eggybenny",
          "Result": "2-0-0"
        },
        {
          "Player1": "OafMcNamara",
          "Player2": "wombo_combo",
          "Result": "0-2-0"
        },
        {
          "Player1": "gazmon48",
          "Player2": "DrPP",
          "Result": "0-2-0"
        },
        {
          "Player1": "xfile",
          "Player2": "Nunoboo",
          "Result": "2-0-0"
        },
        {
          "Player1": "fingers1991",
          "Player2": "LuffyDoChapeuDePalha",
          "Result": "0-2-0"
        },
        {
          "Player1": "fives",
          "Player2": "Magicofplayer1",
          "Result": "0-2-0"
        },
        {
          "Player1": "levunga21",
          "Player2": "TamakiSunEater",
          "Result": "2-0-0"
        },
        {
          "Player1": "Nammersquats",
          "Player2": "monzatubarao",
          "Result": "0-2-0"
        },
        {
          "Player1": "therock988",
          "Player2": "pepeteam",
          "Result": "0-2-0"
        },
        {
          "Player1": "AnotherStep",
          "Player2": "haruhilmi24",
          "Result": "0-2-0"
        },
        {
          "Player1": "Hamuda",
          "Player2": "VitorCarvalho01",
          "Result": "0-2-0"
        },
        {
          "Player1": "ICT95",
          "Player2": "ViniBuzo",
          "Result": "0-2-0"
        },
        {
          "Player1": "24shadow24",
          "Player2": "ZendicardGames",
          "Result": "0-2-0"
        },
        {
          "Player1": "sandoiche",
          "Player2": "4UBro",
          "Result": "0-2-0"
        },
        {
          "Player1": "rhmaha",
          "Player2": "O_danielakos",
          "Result": "0-0-0"
        },
        {
          "Player1": "_Davimorais",
          "Player2": "PNascimento",
          "Result": "2-0-0"
        },
        {
          "Player1": "MJ_23",
          "Player2": "groot02",
          "Result": "2-0-0"
        },
        {
          "Player1": "sapro31",
          "Player2": "BeeJayHype",
          "Result": "2-0-0"
        }
      ]
    },
    {
      "RoundName": "Round 3",
      "Matches": [
        {
          "Player1": "_Davimorais",
          "Player2": "MdvWin",
          "Result": "2-0-0"
        },
        {
          "Player1": "Mateusf34",
          "Player2": "Nunoboo",
          "Result": "0-2-0"
        },
        {
          "Player1": "gazmon48",
          "Player2": "sapro31",
          "Result": "2-0-0"
        },
        {
          "Player1": "Tunaktunak",
          "Player2": "DrPP",
          "Result": "0-0-0"
        },
        {
          "Player1": "fingers1991",
          "Player2": "haruhilmi24",
          "Result": "0-2-0"
        },
        {
          "Player1": "karatedom",
          "Player2": "VitorCarvalho01",
          "Result": "2-0-0"
        },
        {
          "Player1": "fives",
          "Player2": "PNascimento",
          "Result": "0-2-0"
        },
        {
          "Player1": "wombo_combo",
          "Player2": "ViniBuzo",
          "Result": "2-0-0"
        },
        {
          "Player1": "BeeJayHype",
          "Player2": "groot02",
          "Result": "0-2-0"
        },
        {
          "Player1": "rhmaha",
          "Player2": "capellomauro",
          "Result": "0-2-0"
        },
        {
          "Player1": "AnotherStep",
          "Player2": "24shadow24",
          "Result": "0-2-0"
        },
        {
          "Player1": "eggybenny",
          "Player2": "Hamuda",
          "Result": "0-2-0"
        },
        {
          "Player1": "MJ_23",
          "Player2": "Chichotek",
          "Result": "0-2-0"
        },
        {
          "Player1": "ICT95",
          "Player2": "TamakiSunEater",
          "Result": "0-2-0"
        },
        {
          "Player1": "levunga21",
          "Player2": "_Falcon_",
          "Result": "2-0-0"
        },
        {
          "Player1": "Nammersquats",
          "Player2": "ZendicardGames",
          "Result": "0-2-0"
        },
        {
          "Player1": "O_danielakos",
          "Player2": "LuffyDoChapeuDePalha",
          "Result": "2-0-0"
        },
        {
          "Player1": "xfile",
          "Player2": "Arkany1",
          "Result": "2-0-0"
        },
        {
          "Player1": "monzatubarao",
          "Player2": "4UBro",
          "Result": "2-0-0"
        },
        {
          "Player1": "sandoiche",
          "Player2": "nahuel10",
          "Result": "0-2-0"
        },
        {
          "Player1": "pepeteam",
          "Player2": "Univerce",
          "Result": "0-2-0"
        },
        {
          "Player1": "therock988",
          "Player2": "Magicofplayer1",
          "Result": "0-2-0"
        }
      ]
    },
    {
      "RoundName": "Round 4",
      "Matches": [
        {
          "Player1": "Univerce",
          "Player2": "monzatubarao",
          "Result": "0-2-0"
        },
        {
          "Player1": "Chichotek",
          "Player2": "Nunoboo",
          "Result": "2-0-0"
        },
        {
          "Player1": "MJ_23",
          "Player2": "PNascimento",
          "Result": "0-2-0"
        },
        {
          "Player1": "levunga21",
          "Player2": "Magicofplayer1",
          "Result": "0-0-0"
        },
        {
          "Player1": "O_danielakos",
          "Player2": "gazmon48",
          "Result": "2-0-0"
        },
        {
          "Player1": "rhmaha",
          "Player2": "pepeteam",
          "Result": "0-2-0"
        },
        {
          "Player1": "nahuel10",
          "Player2": "ZendicardGames",
          "Result": "2-0-0"
        },
        {
          "Player1": "therock988",
          "Player2": "sandoiche",
          "Result": "0-2-0"
        },
        {
          "Player1": "wombo_combo",
          "Player2": "Hamuda",
          "Result": "0-2-0"
        },
        {
          "Player1": "24shadow24",
          "Player2": "MdvWin",
          "Result": "0-2-0"
        },
        {
          "Player1": "Mateusf34",
          "Player2": "ViniBuzo",
          "Result": "2-0-0"
        },
        {
          "Player1": "karatedom",
          "Player2": "xfile",
          "Result": "0-2-0"
        },
        {
          "Player1": "sapro31",
          "Player2": "TamakiSunEater",
          "Result": "0-2-0"
        },
        {
          "Player1": "fingers1991",
          "Player2": "fives",
          "Result": "2-0-0"
        },
        {
          "Player1": "_Davimorais",
          "Player2": "4UBro",
          "Result": "2-0-0"
        },
        {
          "Player1": "haruhilmi24",
          "Player2": "VitorCarvalho01",
          "Result": "0-2-0"
        },
        {
          "Player1": "LuffyDoChapeuDePalha",
          "Player2": "_Falcon_",
          "Result": "0-2-0"
        },
        {
          "Player1": "eggybenny",
          "Player2": "groot02",
          "Result": "2-0-0"
        },
        {
          "Player1": "Tunaktunak",
          "Player2": "Arkany1",
          "Result": "0-2-0"
        },
        {
          "Player1": "capellomauro",
          "Player2": "DrPP",
          "Result": "1-2-0"
        }
      ]
    },
    {
      "RoundName": "Round 5",
      "Matches": [
        {
          "Player1": "fingers1991",
          "Player2": "therock988",
          "Result": "0-2-0"
        },
        {
          "Player1": "Magicofplayer1",
          "Player2": "ZendicardGames",
          "Result": "2-0-0"
        },
        {
          "Player1": "Chichotek",
          "Player2": "Arkany1",
          "Result": "2-0-0"
        },
        {
          "Player1": "_Davimorais",
          "Player2": "xfile",
          "Result": "2-0-0"
        },
        {
          "Player1": "rhmaha",
          "Player2": "gazmon48",
          "Result": "0-2-0"
        },
        {
          "Player1": "sandoiche",
          "Player2": "_Falcon_",
          "Result": "0-0-0"
        },
        {
          "Player1": "MdvWin",
          "Player2": "PNascimento",
          "Result": "0-2-0"
        },
        {
          "Player1": "karatedom",
          "Player2": "nahuel10",
          "Result": "0-2-0"
        },
        {
          "Player1": "levunga21",
          "Player2": "wombo_combo",
          "Result": "2-0-0"
        },
        {
          "Player1": "haruhilmi24",
          "Player2": "eggybenny",
          "Result": "2-0-0"
        },
        {
          "Player1": "pepeteam",
          "Player2": "capellomauro",
          "Result": "2-0-0"
        },
        {
          "Player1": "Univerce",
          "Player2": "VitorCarvalho01",
          "Result": "2-0-0"
        },
        {
          "Player1": "AnotherStep",
          "Player2": "ViniBuzo",
          "Result": "0-2-0"
        },
        {
          "Player1": "Tunaktunak",
          "Player2": "Mateusf34",
          "Result": "2-0-0"
        },
        {
          "Player1": "DrPP",
          "Player2": "monzatubarao",
          "Result": "0-2-0"
        },
        {
          "Player1": "24shadow24",
          "Player2": "TamakiSunEater",
          "Result": "0-2-0"
        },
        {
          "Player1": "O_danielakos",
          "Player2": "Hamuda",
          "Result": "0-2-0"
        },
        {
          "Player1": "Nunoboo",
          "Player2": "4UBro",
          "Result": "2-0-0"
        },
        {
          "Player1": "fives",
          "Player2": "LuffyDoChapeuDePalha",
          "Result": "0-2-0"
        }
      ]
    },
    {
      "RoundName": "Round 6",
      "Matches": [
        {
          "Player1": "rhmaha",
          "Player2": "ViniBuzo",
          "Result": "0-2-0"
        },
        {
          "Player1": "capellomauro",
          "Player2": "VitorCarvalho01",
          "Result": "2-0-0"
        },
        {
          "Player1": "_Davimorais",
          "Player2": "DrPP",
          "Result": "0-2-0"
        },
        {
          "Player1": "gazmon48",
          "Player2": "_Falcon_",
          "Result": "2-0-0"
        },
        {
          "Player1": "levunga21",
          "Player2": "karatedom",
          "Result": "0-2-0"
        },
        {
          "Player1": "Mateusf34",
          "Player2": "ZendicardGames",
          "Result": "2-0-0"
        },
        {
          "Player1": "LuffyDoChapeuDePalha",
          "Player2": "eggybenny",
          "Result": "2-0-0"
        },
        {
          "Player1": "Chichotek",
          "Player2": "Hamuda",
          "Result": "0-2-0"
        },
        {
          "Player1": "O_danielakos",
          "Player2": "4UBro",
          "Result": "2-0-0"
        },
        {
          "Player1": "Tunaktunak",
          "Player2": "TamakiSunEater",
          "Result": "2-0-0"
        },
        {
          "Player1": "sandoiche",
          "Player2": "MdvWin",
          "Result": "0-2-0"
        },
        {
          "Player1": "Nunoboo",
          "Player2": "Arkany1",
          "Result": "0-2-0"
        },
        {
          "Player1": "pepeteam",
          "Player2": "monzatubarao",
          "Result": "0-2-0"
        },
        {
          "Player1": "haruhilmi24",
          "Player2": "PNascimento",
          "Result": "2-0-0"
        },
        {
          "Player1": "therock988",
          "Player2": "wombo_combo",
          "Result": "0-2-0"
        },
        {
          "Player1": "Magicofplayer1",
          "Player2": "Univerce",
          "Result": "2-0-0"
        },
        {
          "Player1": "nahuel10",
          "Player2": "xfile",
          "Result": "2-0-0"
        },
        {
          "Player1": "fives",
          "Player2": "24shadow24",
          "Result": "0-2-0"
        }
      ]
    },
    {
      "RoundName": "Round 7",
      "Matches": [
        {
          "Player1": "_Davimorais",
          "Player2": "monzatubarao",
          "Result": "0-2-0"
        },
        {
          "Player1": "nahuel10",
          "Player2": "Magicofplayer1",
          "Result": "0-2-0"
        },
        {
          "Player1": "xfile",
          "Player2": "DrPP",
          "Result": "0-2-0"
        },
        {
          "Player1": "Hamuda",
          "Player2": "Univerce",
          "Result": "2-0-0"
        }
      ]
    },
    {
      "RoundName": "Round 8",
      "Matches": [
        {
          "Player1": "Magicofplayer1",
          "Player2": "monzatubarao",
          "Result": "0-2-0"
        },
        {
          "Player1": "DrPP",
          "Player2": "Hamuda",
          "Result": "0-2-0"
        }
      ]
    },
    {
      "RoundName": "Round 9",
      "Matches": [
        {
          "Player1": "Hamuda",
          "Player2": "monzatubarao",
          "Result": "0-2-0"
        }
      ]
    }
  ],
  "Standings": [
    {
      "Rank": 48,
      "Player": "BeeJayHype",
      "Points": 0,
      "Wins": 0,
      "Losses": 0,
      "Draws": 0,
      "OMWP": 0.44439999999999996,
      "GWP": 0.25,
      "OGWP": 0.43229999999999996
    },
    {
      "Rank": 47,
      "Player": "OafMcNamara",
      "Points": 0,
      "Wins": 0,
      "Losses": 0,
      "Draws": 0,
      "OMWP": 0.5,
      "GWP": 0,
      "OGWP": 0.5647
    },
    {
      "Rank": 46,
      "Player": "kaikas",
      "Points": 0,
      "Wins": 0,
      "Losses": 0,
      "Draws": 0,
      "OMWP": 0.5832999999999999,
      "GWP": 0,
      "OGWP": 0.6
    },
    {
      "Rank": 45,
      "Player": "fives",
      "Points": 0,
      "Wins": 0,
      "Losses": 0,
      "Draws": 0,
      "OMWP": 0.5832999999999999,
      "GWP": 0.2,
      "OGWP": 0.5507
    },
    {
      "Rank": 44,
      "Player": "ICT95",
      "Points": 0,
      "Wins": 0,
      "Losses": 0,
      "Draws": 0,
      "OMWP": 0.6111,
      "GWP": 0,
      "OGWP": 0.5667
    },
    {
      "Rank": 43,
      "Player": "Caders21",
      "Points": 0,
      "Wins": 0,
      "Losses": 0,
      "Draws": 0,
      "OMWP": 0.6667000000000001,
      "GWP": 0,
      "OGWP": 0.5625
    },
    {
      "Rank": 42,
      "Player": "albertoSD",
      "Points": 0,
      "Wins": 0,
      "Losses": 0,
      "Draws": 0,
      "OMWP": 0.6667000000000001,
      "GWP": 0,
      "OGWP": 0.6
    },
    {
      "Rank": 41,
      "Player": "AnotherStep",
      "Points": 3,
      "Wins": 0,
      "Losses": 0,
      "Draws": 0,
      "OMWP": 0.4583,
      "GWP": 0.2,
      "OGWP": 0.47259999999999996
    },
    {
      "Rank": 40,
      "Player": "groot02",
      "Points": 3,
      "Wins": 0,
      "Losses": 0,
      "Draws": 0,
      "OMWP": 0.4583,
      "GWP": 0.4,
      "OGWP": 0.43329999999999996
    },
    {
      "Rank": 39,
      "Player": "fingers1991",
      "Points": 3,
      "Wins": 0,
      "Losses": 0,
      "Draws": 0,
      "OMWP": 0.4667,
      "GWP": 0.35710000000000003,
      "OGWP": 0.46
    },
    {
      "Rank": 38,
      "Player": "MJ_23",
      "Points": 3,
      "Wins": 0,
      "Losses": 0,
      "Draws": 0,
      "OMWP": 0.5417000000000001,
      "GWP": 0.3333,
      "OGWP": 0.5481
    },
    {
      "Rank": 37,
      "Player": "sapro31",
      "Points": 3,
      "Wins": 0,
      "Losses": 0,
      "Draws": 0,
      "OMWP": 0.5417000000000001,
      "GWP": 0.3636,
      "OGWP": 0.5146000000000001
    },
    {
      "Rank": 36,
      "Player": "Nammersquats",
      "Points": 3,
      "Wins": 0,
      "Losses": 0,
      "Draws": 0,
      "OMWP": 0.6111,
      "GWP": 0.44439999999999996,
      "OGWP": 0.63
    },
    {
      "Rank": 35,
      "Player": "24shadow24",
      "Points": 6,
      "Wins": 0,
      "Losses": 0,
      "Draws": 0,
      "OMWP": 0.44439999999999996,
      "GWP": 0.35710000000000003,
      "OGWP": 0.46049999999999996
    },
    {
      "Rank": 34,
      "Player": "sandoiche",
      "Points": 6,
      "Wins": 0,
      "Losses": 0,
      "Draws": 0,
      "OMWP": 0.4722,
      "GWP": 0.4667,
      "OGWP": 0.4611
    },
    {
      "Rank": 33,
      "Player": "therock988",
      "Points": 6,
      "Wins": 0,
      "Losses": 0,
      "Draws": 0,
      "OMWP": 0.5278,
      "GWP": 0.4,
      "OGWP": 0.5144
    },
    {
      "Rank": 32,
      "Player": "eggybenny",
      "Points": 6,
      "Wins": 0,
      "Losses": 0,
      "Draws": 0,
      "OMWP": 0.5556,
      "GWP": 0.4,
      "OGWP": 0.5207999999999999
    },
    {
      "Rank": 31,
      "Player": "ZendicardGames",
      "Points": 6,
      "Wins": 0,
      "Losses": 0,
      "Draws": 0,
      "OMWP": 0.5556,
      "GWP": 0.4375,
      "OGWP": 0.5336
    },
    {
      "Rank": 30,
      "Player": "4UBro",
      "Points": 6,
      "Wins": 0,
      "Losses": 0,
      "Draws": 0,
      "OMWP": 0.6667000000000001,
      "GWP": 0.2857,
      "OGWP": 0.6562
    },
    {
      "Rank": 29,
      "Player": "rhmaha",
      "Points": 6,
      "Wins": 0,
      "Losses": 0,
      "Draws": 0,
      "OMWP": 0.6667000000000001,
      "GWP": 0.4,
      "OGWP": 0.5911
    },
    {
      "Rank": 28,
      "Player": "ViniBuzo",
      "Points": 9,
      "Wins": 0,
      "Losses": 0,
      "Draws": 0,
      "OMWP": 0.3889,
      "GWP": 0.5333,
      "OGWP": 0.41600000000000004
    },
    {
      "Rank": 27,
      "Player": "TamakiSunEater",
      "Points": 9,
      "Wins": 0,
      "Losses": 0,
      "Draws": 0,
      "OMWP": 0.44439999999999996,
      "GWP": 0.5,
      "OGWP": 0.44380000000000003
    },
    {
      "Rank": 26,
      "Player": "MdvWin",
      "Points": 9,
      "Wins": 0,
      "Losses": 0,
      "Draws": 0,
      "OMWP": 0.4722,
      "GWP": 0.4667,
      "OGWP": 0.4853
    },
    {
      "Rank": 25,
      "Player": "LuffyDoChapeuDePalha",
      "Points": 9,
      "Wins": 0,
      "Losses": 0,
      "Draws": 0,
      "OMWP": 0.4722,
      "GWP": 0.5,
      "OGWP": 0.4692
    },
    {
      "Rank": 24,
      "Player": "wombo_combo",
      "Points": 9,
      "Wins": 0,
      "Losses": 0,
      "Draws": 0,
      "OMWP": 0.4722,
      "GWP": 0.5294,
      "OGWP": 0.4692
    },
    {
      "Rank": 23,
      "Player": "PNascimento",
      "Points": 9,
      "Wins": 0,
      "Losses": 0,
      "Draws": 0,
      "OMWP": 0.5,
      "GWP": 0.5,
      "OGWP": 0.4794
    },
    {
      "Rank": 22,
      "Player": "_Falcon_",
      "Points": 9,
      "Wins": 0,
      "Losses": 0,
      "Draws": 0,
      "OMWP": 0.5,
      "GWP": 0.5,
      "OGWP": 0.5111
    },
    {
      "Rank": 21,
      "Player": "Mateusf34",
      "Points": 9,
      "Wins": 0,
      "Losses": 0,
      "Draws": 0,
      "OMWP": 0.5278,
      "GWP": 0.5,
      "OGWP": 0.5341
    },
    {
      "Rank": 20,
      "Player": "Nunoboo",
      "Points": 9,
      "Wins": 0,
      "Losses": 0,
      "Draws": 0,
      "OMWP": 0.5556,
      "GWP": 0.5714,
      "OGWP": 0.5196000000000001
    },
    {
      "Rank": 19,
      "Player": "levunga21",
      "Points": 9,
      "Wins": 0,
      "Losses": 0,
      "Draws": 0,
      "OMWP": 0.6111,
      "GWP": 0.4375,
      "OGWP": 0.5682
    },
    {
      "Rank": 18,
      "Player": "VitorCarvalho01",
      "Points": 9,
      "Wins": 0,
      "Losses": 0,
      "Draws": 0,
      "OMWP": 0.6389,
      "GWP": 0.6,
      "OGWP": 0.5689
    },
    {
      "Rank": 17,
      "Player": "haruhilmi24",
      "Points": 12,
      "Wins": 0,
      "Losses": 0,
      "Draws": 0,
      "OMWP": 0.44439999999999996,
      "GWP": 0.6,
      "OGWP": 0.4533
    },
    {
      "Rank": 16,
      "Player": "O_danielakos",
      "Points": 12,
      "Wins": 0,
      "Losses": 0,
      "Draws": 0,
      "OMWP": 0.5,
      "GWP": 0.6,
      "OGWP": 0.4764
    },
    {
      "Rank": 15,
      "Player": "pepeteam",
      "Points": 12,
      "Wins": 0,
      "Losses": 0,
      "Draws": 0,
      "OMWP": 0.5556,
      "GWP": 0.5333,
      "OGWP": 0.5408
    },
    {
      "Rank": 14,
      "Player": "Arkany1",
      "Points": 12,
      "Wins": 0,
      "Losses": 0,
      "Draws": 0,
      "OMWP": 0.5556,
      "GWP": 0.5625,
      "OGWP": 0.5377000000000001
    },
    {
      "Rank": 13,
      "Player": "capellomauro",
      "Points": 12,
      "Wins": 0,
      "Losses": 0,
      "Draws": 0,
      "OMWP": 0.5556,
      "GWP": 0.5882000000000001,
      "OGWP": 0.5174
    },
    {
      "Rank": 12,
      "Player": "Tunaktunak",
      "Points": 12,
      "Wins": 0,
      "Losses": 0,
      "Draws": 0,
      "OMWP": 0.5556,
      "GWP": 0.6,
      "OGWP": 0.5155
    },
    {
      "Rank": 11,
      "Player": "gazmon48",
      "Points": 12,
      "Wins": 0,
      "Losses": 0,
      "Draws": 0,
      "OMWP": 0.5556,
      "GWP": 0.625,
      "OGWP": 0.5289
    },
    {
      "Rank": 10,
      "Player": "karatedom",
      "Points": 12,
      "Wins": 0,
      "Losses": 0,
      "Draws": 0,
      "OMWP": 0.5556,
      "GWP": 0.625,
      "OGWP": 0.5334
    },
    {
      "Rank": 9,
      "Player": "Chichotek",
      "Points": 12,
      "Wins": 0,
      "Losses": 0,
      "Draws": 0,
      "OMWP": 0.5556,
      "GWP": 0.6923,
      "OGWP": 0.5152
    },
    {
      "Rank": 8,
      "Player": "_Davimorais",
      "Points": 12,
      "Wins": 0,
      "Losses": 0,
      "Draws": 0,
      "OMWP": 0.5832999999999999,
      "GWP": 0.6429,
      "OGWP": 0.5202
    },
    {
      "Rank": 7,
      "Player": "xfile",
      "Points": 12,
      "Wins": 0,
      "Losses": 0,
      "Draws": 0,
      "OMWP": 0.6667000000000001,
      "GWP": 0.5294,
      "OGWP": 0.6225
    },
    {
      "Rank": 6,
      "Player": "Univerce",
      "Points": 12,
      "Wins": 0,
      "Losses": 0,
      "Draws": 0,
      "OMWP": 0.6667000000000001,
      "GWP": 0.6,
      "OGWP": 0.6248
    },
    {
      "Rank": 5,
      "Player": "nahuel10",
      "Points": 15,
      "Wins": 0,
      "Losses": 0,
      "Draws": 0,
      "OMWP": 0.44439999999999996,
      "GWP": 0.7333,
      "OGWP": 0.4542
    },
    {
      "Rank": 4,
      "Player": "Magicofplayer1",
      "Points": 18,
      "Wins": 0,
      "Losses": 0,
      "Draws": 0,
      "OMWP": 0.4167,
      "GWP": 0.6667000000000001,
      "OGWP": 0.4347
    },
    {
      "Rank": 3,
      "Player": "DrPP",
      "Points": 18,
      "Wins": 0,
      "Losses": 0,
      "Draws": 0,
      "OMWP": 0.6667000000000001,
      "GWP": 0.6667000000000001,
      "OGWP": 0.6299
    },
    {
      "Rank": 2,
      "Player": "Hamuda",
      "Points": 21,
      "Wins": 0,
      "Losses": 0,
      "Draws": 0,
      "OMWP": 0.5,
      "GWP": 0.6667000000000001,
      "OGWP": 0.5257999999999999
    },
    {
      "Rank": 1,
      "Player": "monzatubarao",
      "Points": 27,
      "Wins": 0,
      "Losses": 0,
      "Draws": 0,
      "OMWP": 0.5278,
      "GWP": 0.9231,
      "OGWP": 0.4852
    }
  ]
}