{
  "Tournament": {
    "Id": 12804885,
    "Date": "2025-07-26T04:00:00",
    "Name": "Standard Challenge 32",
    "Uri": null,
    "JsonFile": null,
    "ForceRedownload": false
  },
  "Decks": null,
  "Rounds": [
    {
      "RoundName": "Round 1",
      "Matches": [
        {
          "Player1": "sandoiche",
          "Player2": "Strongmind",
          "Result": "0-2-0"
        },
        {
          "Player1": "ZendicardGames",
          "Player2": "BirdFlew",
          "Result": "2-0-0"
        },
        {
          "Player1": "Schiaveto",
          "Player2": "Azja",
          "Result": "0-2-0"
        },
        {
          "Player1": "omair00",
          "Player2": "Venom1",
          "Result": "0-2-0"
        },
        {
          "Player1": "Gatatouille",
          "Player2": "Denisevich",
          "Result": "0-2-0"
        },
        {
          "Player1": "Shadowz2005",
          "Player2": "wcl",
          "Result": "2-0-0"
        },
        {
          "Player1": "MTGHolic",
          "Player2": "alfonseelric",
          "Result": "2-0-0"
        },
        {
          "Player1": "fireshoes",
          "Player2": "Predrag133",
          "Result": "0-2-0"
        },
        {
          "Player1": "Capriccioso",
          "Player2": "fazparte",
          "Result": "2-0-0"
        },
        {
          "Player1": "Porkylorky518",
          "Player2": "Inferno18",
          "Result": "2-0-0"
        },
        {
          "Player1": "sandydogmtg",
          "Player2": "MtGdAd2014",
          "Result": "0-2-0"
        },
        {
          "Player1": "sultai4lyfe",
          "Player2": "steelleaf51",
          "Result": "2-0-0"
        },
        {
          "Player1": "peter780108",
          "Player2": "jakobpablo",
          "Result": "2-0-0"
        },
        {
          "Player1": "hauterho",
          "Player2": "Selfeisek",
          "Result": "0-2-0"
        },
        {
          "Player1": "LucasG1ggs",
          "Player2": "albertoSD",
          "Result": "2-0-0"
        },
        {
          "Player1": "Boydjw2",
          "Player2": "3draw_TANO",
          "Result": "0-0-0"
        },
        {
          "Player1": "Tunaktunak",
          "Player2": "TamakiSunEater",
          "Result": "2-0-0"
        }
      ]
    },
    {
      "RoundName": "Round 2",
      "Matches": [
        {
          "Player1": "sandoiche",
          "Player2": "fireshoes",
          "Result": "2-0-0"
        },
        {
          "Player1": "Venom1",
          "Player2": "Azja",
          "Result": "2-0-0"
        },
        {
          "Player1": "Porkylorky518",
          "Player2": "lilianna1989",
          "Result": "2-0-0"
        },
        {
          "Player1": "Capriccioso",
          "Player2": "LucasG1ggs",
          "Result": "2-0-0"
        },
        {
          "Player1": "ZendicardGames",
          "Player2": "MtGdAd2014",
          "Result": "2-0-0"
        },
        {
          "Player1": "Shadowz2005",
          "Player2": "Denisevich",
          "Result": "2-0-0"
        },
        {
          "Player1": "hauterho",
          "Player2": "TamakiSunEater",
          "Result": "0-2-0"
        },
        {
          "Player1": "MTGHolic",
          "Player2": "Predrag133",
          "Result": "0-2-0"
        },
        {
          "Player1": "sandydogmtg",
          "Player2": "Schiaveto",
          "Result": "2-0-0"
        },
        {
          "Player1": "albertoSD",
          "Player2": "3draw_TANO",
          "Result": "0-2-0"
        },
        {
          "Player1": "omair00",
          "Player2": "jakobpablo",
          "Result": "2-0-0"
        },
        {
          "Player1": "sultai4lyfe",
          "Player2": "peter780108",
          "Result": "2-0-0"
        },
        {
          "Player1": "Tunaktunak",
          "Player2": "Strongmind",
          "Result": "2-0-0"
        },
        {
          "Player1": "BirdFlew",
          "Player2": "alfonseelric",
          "Result": "2-0-0"
        },
        {
          "Player1": "Inferno18",
          "Player2": "wcl",
          "Result": "2-0-0"
        },
        {
          "Player1": "Boydjw2",
          "Player2": "Selfeisek",
          "Result": "2-0-0"
        }
      ]
    },
    {
      "RoundName": "Round 3",
      "Matches": [
        {
          "Player1": "Azja",
          "Player2": "BirdFlew",
          "Result": "2-0-0"
        },
        {
          "Player1": "peter780108",
          "Player2": "MtGdAd2014",
          "Result": "2-0-0"
        },
        {
          "Player1": "Schiaveto",
          "Player2": "alfonseelric",
          "Result": "0-2-0"
        },
        {
          "Player1": "TamakiSunEater",
          "Player2": "lilianna1989",
          "Result": "0-2-0"
        },
        {
          "Player1": "fireshoes",
          "Player2": "wcl",
          "Result": "0-2-0"
        },
        {
          "Player1": "Tunaktunak",
          "Player2": "Gatatouille",
          "Result": "2-0-0"
        },
        {
          "Player1": "sandydogmtg",
          "Player2": "LucasG1ggs",
          "Result": "0-2-0"
        },
        {
          "Player1": "sandoiche",
          "Player2": "omair00",
          "Result": "0-2-0"
        },
        {
          "Player1": "MTGHolic",
          "Player2": "Strongmind",
          "Result": "2-0-0"
        },
        {
          "Player1": "sultai4lyfe",
          "Player2": "ZendicardGames",
          "Result": "0-2-0"
        },
        {
          "Player1": "Inferno18",
          "Player2": "3draw_TANO",
          "Result": "0-2-0"
        },
        {
          "Player1": "Venom1",
          "Player2": "Shadowz2005",
          "Result": "2-0-0"
        },
        {
          "Player1": "Boydjw2",
          "Player2": "Porkylorky518",
          "Result": "0-2-0"
        },
        {
          "Player1": "albertoSD",
          "Player2": "hauterho",
          "Result": "0-0-0"
        },
        {
          "Player1": "Selfeisek",
          "Player2": "Denisevich",
          "Result": "2-0-0"
        },
        {
          "Player1": "Capriccioso",
          "Player2": "Predrag133",
          "Result": "0-2-0"
        }
      ]
    },
    {
      "RoundName": "Round 4",
      "Matches": [
        {
          "Player1": "sultai4lyfe",
          "Player2": "3draw_TANO",
          "Result": "2-0-0"
        },
        {
          "Player1": "peter780108",
          "Player2": "Selfeisek",
          "Result": "2-0-0"
        },
        {
          "Player1": "fireshoes",
          "Player2": "Schiaveto",
          "Result": "0-2-0"
        },
        {
          "Player1": "Gatatouille",
          "Player2": "TamakiSunEater",
          "Result": "1-2-0"
        },
        {
          "Player1": "LucasG1ggs",
          "Player2": "MTGHolic",
          "Result": "0-2-0"
        },
        {
          "Player1": "Porkylorky518",
          "Player2": "Tunaktunak",
          "Result": "2-0-0"
        },
        {
          "Player1": "sandydogmtg",
          "Player2": "Capriccioso",
          "Result": "2-0-0"
        },
        {
          "Player1": "sandoiche",
          "Player2": "wcl",
          "Result": "0-2-0"
        },
        {
          "Player1": "Azja",
          "Player2": "lilianna1989",
          "Result": "2-0-0"
        },
        {
          "Player1": "Shadowz2005",
          "Player2": "ZendicardGames",
          "Result": "2-0-0"
        },
        {
          "Player1": "Boydjw2",
          "Player2": "omair00",
          "Result": "2-0-0"
        },
        {
          "Player1": "Denisevich",
          "Player2": "alfonseelric",
          "Result": "0-2-0"
        },
        {
          "Player1": "hauterho",
          "Player2": "BirdFlew",
          "Result": "2-0-0"
        },
        {
          "Player1": "Venom1",
          "Player2": "Predrag133",
          "Result": "0-2-0"
        },
        {
          "Player1": "Inferno18",
          "Player2": "Strongmind",
          "Result": "0-2-0"
        }
      ]
    },
    {
      "RoundName": "Round 5",
      "Matches": [
        {
          "Player1": "LucasG1ggs",
          "Player2": "lilianna1989",
          "Result": "0-2-0"
        },
        {
          "Player1": "sandydogmtg",
          "Player2": "Azja",
          "Result": "0-2-0"
        },
        {
          "Player1": "Shadowz2005",
          "Player2": "sultai4lyfe",
          "Result": "0-2-0"
        },
        {
          "Player1": "TamakiSunEater",
          "Player2": "3draw_TANO",
          "Result": "0-2-0"
        },
        {
          "Player1": "omair00",
          "Player2": "hauterho",
          "Result": "0-2-0"
        },
        {
          "Player1": "Schiaveto",
          "Player2": "Selfeisek",
          "Result": "0-2-0"
        },
        {
          "Player1": "Strongmind",
          "Player2": "alfonseelric",
          "Result": "0-2-0"
        },
        {
          "Player1": "Tunaktunak",
          "Player2": "ZendicardGames",
          "Result": "0-2-0"
        },
        {
          "Player1": "peter780108",
          "Player2": "MTGHolic",
          "Result": "0-2-0"
        },
        {
          "Player1": "Porkylorky518",
          "Player2": "Predrag133",
          "Result": "0-2-0"
        },
        {
          "Player1": "Boydjw2",
          "Player2": "Venom1",
          "Result": "0-2-0"
        },
        {
          "Player1": "albertoSD",
          "Player2": "Inferno18",
          "Result": "0-2-0"
        },
        {
          "Player1": "Capriccioso",
          "Player2": "wcl",
          "Result": "2-0-0"
        }
      ]
    },
    {
      "RoundName": "Round 6",
      "Matches": [
        {
          "Player1": "sultai4lyfe",
          "Player2": "Azja",
          "Result": "0-2-0"
        },
        {
          "Player1": "ZendicardGames",
          "Player2": "Predrag133",
          "Result": "2-0-0"
        },
        {
          "Player1": "Capriccioso",
          "Player2": "alfonseelric",
          "Result": "0-2-0"
        },
        {
          "Player1": "Tunaktunak",
          "Player2": "MTGHolic",
          "Result": "0-0-0"
        },
        {
          "Player1": "3draw_TANO",
          "Player2": "sandydogmtg",
          "Result": "2-0-0"
        },
        {
          "Player1": "peter780108",
          "Player2": "Shadowz2005",
          "Result": "0-0-0"
        },
        {
          "Player1": "TamakiSunEater",
          "Player2": "wcl",
          "Result": "2-0-0"
        },
        {
          "Player1": "Strongmind",
          "Player2": "LucasG1ggs",
          "Result": "2-0-0"
        },
        {
          "Player1": "Boydjw2",
          "Player2": "hauterho",
          "Result": "2-0-0"
        },
        {
          "Player1": "Selfeisek",
          "Player2": "lilianna1989",
          "Result": "0-2-0"
        },
        {
          "Player1": "Porkylorky518",
          "Player2": "Venom1",
          "Result": "2-0-0"
        }
      ]
    },
    {
      "RoundName": "Round 7",
      "Matches": [
        {
          "Player1": "Venom1",
          "Player2": "MTGHolic",
          "Result": "2-0-0"
        },
        {
          "Player1": "Azja",
          "Player2": "ZendicardGames",
          "Result": "0-2-0"
        },
        {
          "Player1": "lilianna1989",
          "Player2": "Predrag133",
          "Result": "2-0-0"
        },
        {
          "Player1": "Porkylorky518",
          "Player2": "sultai4lyfe",
          "Result": "0-2-0"
        }
      ]
    },
    {
      "RoundName": "Round 8",
      "Matches": [
        {
          "Player1": "ZendicardGames",
          "Player2": "lilianna1989",
          "Result": "0-2-0"
        },
        {
          "Player1": "Venom1",
          "Player2": "sultai4lyfe",
          "Result": "2-0-0"
        }
      ]
    },
    {
      "RoundName": "Round 9",
      "Matches": [
        {
          "Player1": "Venom1",
          "Player2": "lilianna1989",
          "Result": "2-0-0"
        }
      ]
    }
  ],
  "Standings": [
    {
      "Rank": 35,
      "Player": "fazparte",
      "Points": 0,
      "Wins": 0,
      "Losses": 0,
      "Draws": 0,
      "OMWP": 0.5,
      "GWP": 0,
      "OGWP": 0.5625
    },
    {
      "Rank": 34,
      "Player": "jakobpablo",
      "Points": 0,
      "Wins": 0,
      "Losses": 0,
      "Draws": 0,
      "OMWP": 0.5333,
      "GWP": 0.2,
      "OGWP": 0.5476
    },
    {
      "Rank": 33,
      "Player": "steelleaf51",
      "Points": 0,
      "Wins": 0,
      "Losses": 0,
      "Draws": 0,
      "OMWP": 0.6667000000000001,
      "GWP": 0.3333,
      "OGWP": 0.5714
    },
    {
      "Rank": 32,
      "Player": "sandoiche",
      "Points": 3,
      "Wins": 0,
      "Losses": 0,
      "Draws": 0,
      "OMWP": 0.3917,
      "GWP": 0.3,
      "OGWP": 0.4143
    },
    {
      "Rank": 31,
      "Player": "Gatatouille",
      "Points": 3,
      "Wins": 0,
      "Losses": 0,
      "Draws": 0,
      "OMWP": 0.44439999999999996,
      "GWP": 0.25,
      "OGWP": 0.4556
    },
    {
      "Rank": 30,
      "Player": "fireshoes",
      "Points": 3,
      "Wins": 0,
      "Losses": 0,
      "Draws": 0,
      "OMWP": 0.4583,
      "GWP": 0.2,
      "OGWP": 0.4524
    },
    {
      "Rank": 29,
      "Player": "Denisevich",
      "Points": 3,
      "Wins": 0,
      "Losses": 0,
      "Draws": 0,
      "OMWP": 0.5,
      "GWP": 0.25,
      "OGWP": 0.48009999999999997
    },
    {
      "Rank": 28,
      "Player": "albertoSD",
      "Points": 3,
      "Wins": 0,
      "Losses": 0,
      "Draws": 0,
      "OMWP": 0.5,
      "GWP": 0.2727,
      "OGWP": 0.5128
    },
    {
      "Rank": 27,
      "Player": "Schiaveto",
      "Points": 3,
      "Wins": 0,
      "Losses": 0,
      "Draws": 0,
      "OMWP": 0.5333,
      "GWP": 0.2727,
      "OGWP": 0.5287
    },
    {
      "Rank": 26,
      "Player": "MtGdAd2014",
      "Points": 3,
      "Wins": 0,
      "Losses": 0,
      "Draws": 0,
      "OMWP": 0.6111,
      "GWP": 0.2857,
      "OGWP": 0.63
    },
    {
      "Rank": 25,
      "Player": "BirdFlew",
      "Points": 3,
      "Wins": 0,
      "Losses": 0,
      "Draws": 0,
      "OMWP": 0.7082999999999999,
      "GWP": 0.3,
      "OGWP": 0.6646
    },
    {
      "Rank": 24,
      "Player": "wcl",
      "Points": 6,
      "Wins": 0,
      "Losses": 0,
      "Draws": 0,
      "OMWP": 0.44439999999999996,
      "GWP": 0.4286,
      "OGWP": 0.44299999999999995
    },
    {
      "Rank": 23,
      "Player": "omair00",
      "Points": 6,
      "Wins": 0,
      "Losses": 0,
      "Draws": 0,
      "OMWP": 0.5,
      "GWP": 0.4286,
      "OGWP": 0.47450000000000003
    },
    {
      "Rank": 22,
      "Player": "sandydogmtg",
      "Points": 6,
      "Wins": 0,
      "Losses": 0,
      "Draws": 0,
      "OMWP": 0.5,
      "GWP": 0.4375,
      "OGWP": 0.4936
    },
    {
      "Rank": 21,
      "Player": "LucasG1ggs",
      "Points": 6,
      "Wins": 0,
      "Losses": 0,
      "Draws": 0,
      "OMWP": 0.5278,
      "GWP": 0.375,
      "OGWP": 0.5153
    },
    {
      "Rank": 20,
      "Player": "hauterho",
      "Points": 9,
      "Wins": 0,
      "Losses": 0,
      "Draws": 0,
      "OMWP": 0.4556,
      "GWP": 0.5333,
      "OGWP": 0.44299999999999995
    },
    {
      "Rank": 19,
      "Player": "Capriccioso",
      "Points": 9,
      "Wins": 0,
      "Losses": 0,
      "Draws": 0,
      "OMWP": 0.4722,
      "GWP": 0.5625,
      "OGWP": 0.48560000000000003
    },
    {
      "Rank": 18,
      "Player": "TamakiSunEater",
      "Points": 9,
      "Wins": 0,
      "Losses": 0,
      "Draws": 0,
      "OMWP": 0.5,
      "GWP": 0.5,
      "OGWP": 0.523
    },
    {
      "Rank": 17,
      "Player": "Strongmind",
      "Points": 9,
      "Wins": 0,
      "Losses": 0,
      "Draws": 0,
      "OMWP": 0.5278,
      "GWP": 0.4667,
      "OGWP": 0.4986
    },
    {
      "Rank": 16,
      "Player": "Selfeisek",
      "Points": 9,
      "Wins": 0,
      "Losses": 0,
      "Draws": 0,
      "OMWP": 0.5278,
      "GWP": 0.5333,
      "OGWP": 0.5105
    },
    {
      "Rank": 15,
      "Player": "Inferno18",
      "Points": 9,
      "Wins": 0,
      "Losses": 0,
      "Draws": 0,
      "OMWP": 0.5333,
      "GWP": 0.5,
      "OGWP": 0.5118
    },
    {
      "Rank": 14,
      "Player": "Shadowz2005",
      "Points": 9,
      "Wins": 0,
      "Losses": 0,
      "Draws": 0,
      "OMWP": 0.5832999999999999,
      "GWP": 0.4286,
      "OGWP": 0.5714
    },
    {
      "Rank": 13,
      "Player": "Tunaktunak",
      "Points": 9,
      "Wins": 0,
      "Losses": 0,
      "Draws": 0,
      "OMWP": 0.6389,
      "GWP": 0.5333,
      "OGWP": 0.5664
    },
    {
      "Rank": 12,
      "Player": "alfonseelric",
      "Points": 12,
      "Wins": 0,
      "Losses": 0,
      "Draws": 0,
      "OMWP": 0.4722,
      "GWP": 0.625,
      "OGWP": 0.4424
    },
    {
      "Rank": 11,
      "Player": "3draw_TANO",
      "Points": 12,
      "Wins": 0,
      "Losses": 0,
      "Draws": 0,
      "OMWP": 0.5,
      "GWP": 0.6429,
      "OGWP": 0.47859999999999997
    },
    {
      "Rank": 10,
      "Player": "peter780108",
      "Points": 12,
      "Wins": 0,
      "Losses": 0,
      "Draws": 0,
      "OMWP": 0.5278,
      "GWP": 0.6667000000000001,
      "OGWP": 0.4708
    },
    {
      "Rank": 9,
      "Player": "Boydjw2",
      "Points": 12,
      "Wins": 0,
      "Losses": 0,
      "Draws": 0,
      "OMWP": 0.5943999999999999,
      "GWP": 0.5294,
      "OGWP": 0.5781000000000001
    },
    {
      "Rank": 8,
      "Player": "Azja",
      "Points": 15,
      "Wins": 0,
      "Losses": 0,
      "Draws": 0,
      "OMWP": 0.5,
      "GWP": 0.7143,
      "OGWP": 0.4975
    },
    {
      "Rank": 7,
      "Player": "MTGHolic",
      "Points": 15,
      "Wins": 0,
      "Losses": 0,
      "Draws": 0,
      "OMWP": 0.5832999999999999,
      "GWP": 0.625,
      "OGWP": 0.5635
    },
    {
      "Rank": 6,
      "Player": "Porkylorky518",
      "Points": 15,
      "Wins": 0,
      "Losses": 0,
      "Draws": 0,
      "OMWP": 0.6389,
      "GWP": 0.6875,
      "OGWP": 0.5978
    },
    {
      "Rank": 5,
      "Player": "Predrag133",
      "Points": 15,
      "Wins": 0,
      "Losses": 0,
      "Draws": 0,
      "OMWP": 0.6667000000000001,
      "GWP": 0.7143,
      "OGWP": 0.6062
    },
    {
      "Rank": 4,
      "Player": "sultai4lyfe",
      "Points": 15,
      "Wins": 0,
      "Losses": 0,
      "Draws": 0,
      "OMWP": 0.6389,
      "GWP": 0.5714,
      "OGWP": 0.5952000000000001
    },
    {
      "Rank": 3,
      "Player": "ZendicardGames",
      "Points": 18,
      "Wins": 0,
      "Losses": 0,
      "Draws": 0,
      "OMWP": 0.5278,
      "GWP": 0.7857,
      "OGWP": 0.4857
    },
    {
      "Rank": 2,
      "Player": "lilianna1989",
      "Points": 18,
      "Wins": 0,
      "Losses": 0,
      "Draws": 0,
      "OMWP": 0.6,
      "GWP": 0.6667000000000001,
      "OGWP": 0.562
    },
    {
      "Rank": 1,
      "Player": "Venom1",
      "Points": 21,
      "Wins": 0,
      "Losses": 0,
      "Draws": 0,
      "OMWP": 0.6778,
      "GWP": 0.6429,
      "OGWP": 0.5838
    }
  ]
}