{
  "Tournament": {
    "Id": 12804890,
    "Date": "2025-07-26T15:00:00",
    "Name": "Standard Challenge 32",
    "Uri": null,
    "JsonFile": null,
    "ForceRedownload": false
  },
  "Decks": null,
  "Rounds": [
    {
      "RoundName": "Round 1",
      "Matches": [
        {
          "Player1": "roter_Erzengel",
          "Player2": "LouisdeSentenac",
          "Result": "2-0-0"
        },
        {
          "Player1": "Terminus0",
          "Player2": "lilianna1989",
          "Result": "0-2-0"
        },
        {
          "Player1": "Mogged",
          "Player2": "_ZNT_",
          "Result": "2-0-0"
        },
        {
          "Player1": "Raptor_Nachos",
          "Player2": "Univerce",
          "Result": "0-2-0"
        },
        {
          "Player1": "MdvWin",
          "Player2": "Atagomax",
          "Result": "2-0-0"
        },
        {
          "Player1": "levunga21",
          "Player2": "Predrag133",
          "Result": "2-0-0"
        },
        {
          "Player1": "Cordingley23",
          "Player2": "JulioP1985",
          "Result": "0-2-0"
        },
        {
          "Player1": "Lollopollo2001",
          "Player2": "itsbarlo",
          "Result": "2-0-0"
        },
        {
          "Player1": "O_danielakos",
          "Player2": "kasa",
          "Result": "0-2-0"
        },
        {
          "Player1": "Dreddybajs",
          "Player2": "Ale_Mtg",
          "Result": "0-2-0"
        },
        {
          "Player1": "unagieel",
          "Player2": "BERNASTORRES",
          "Result": "2-0-0"
        },
        {
          "Player1": "Lennny",
          "Player2": "amaransneak",
          "Result": "2-0-0"
        },
        {
          "Player1": "fives",
          "Player2": "VitorCarvalho01",
          "Result": "0-2-0"
        },
        {
          "Player1": "MTGHolic",
          "Player2": "Tosco1992",
          "Result": "2-0-0"
        },
        {
          "Player1": "AlpInco",
          "Player2": "xfile",
          "Result": "2-0-0"
        },
        {
          "Player1": "MJ_23",
          "Player2": "almostomniscient",
          "Result": "2-0-0"
        },
        {
          "Player1": "rushi_00",
          "Player2": "eresopacaso",
          "Result": "2-0-0"
        },
        {
          "Player1": "Tunaktunak",
          "Player2": "bless_von",
          "Result": "2-1-0"
        },
        {
          "Player1": "LucasG1ggs",
          "Player2": "AgrusKos93",
          "Result": "0-2-0"
        },
        {
          "Player1": "NickBolas90",
          "Player2": "Denisevich",
          "Result": "2-0-0"
        },
        {
          "Player1": "andoru011120",
          "Player2": "wcl",
          "Result": "2-0-0"
        },
        {
          "Player1": "albertoSD",
          "Player2": "steelleaf51",
          "Result": "0-0-0"
        },
        {
          "Player1": "kaffeekaethe",
          "Player2": "Plaing1",
          "Result": "2-0-0"
        },
        {
          "Player1": "Wizard_2002",
          "Player2": "sapro31",
          "Result": "0-2-0"
        },
        {
          "Player1": "John1111",
          "Player2": "EiJunCHN",
          "Result": "2-0-0"
        },
        {
          "Player1": "Venom1",
          "Player2": "Junkmener",
          "Result": "0-2-0"
        }
      ]
    },
    {
      "RoundName": "Round 2",
      "Matches": [
        {
          "Player1": "bless_von",
          "Player2": "Predrag133",
          "Result": "2-0-0"
        },
        {
          "Player1": "albertoSD",
          "Player2": "AlpInco",
          "Result": "2-0-0"
        },
        {
          "Player1": "MagicalSnap",
          "Player2": "sapro31",
          "Result": "0-2-0"
        },
        {
          "Player1": "fives",
          "Player2": "Plaing1",
          "Result": "2-0-0"
        },
        {
          "Player1": "wcl",
          "Player2": "Tosco1992",
          "Result": "2-0-0"
        },
        {
          "Player1": "levunga21",
          "Player2": "Junkmener",
          "Result": "0-2-0"
        },
        {
          "Player1": "Dreddybajs",
          "Player2": "EiJunCHN",
          "Result": "0-2-0"
        },
        {
          "Player1": "LucasG1ggs",
          "Player2": "Cordingley23",
          "Result": "2-0-0"
        },
        {
          "Player1": "JulioP1985",
          "Player2": "Denisevich",
          "Result": "0-2-0"
        },
        {
          "Player1": "unagieel",
          "Player2": "AgrusKos93",
          "Result": "0-2-0"
        },
        {
          "Player1": "Univerce",
          "Player2": "VitorCarvalho01",
          "Result": "2-0-0"
        },
        {
          "Player1": "Mogged",
          "Player2": "Tunaktunak",
          "Result": "2-1-0"
        },
        {
          "Player1": "Raptor_Nachos",
          "Player2": "_ZNT_",
          "Result": "0-2-0"
        },
        {
          "Player1": "MJ_23",
          "Player2": "kaffeekaethe",
          "Result": "0-2-0"
        },
        {
          "Player1": "O_danielakos",
          "Player2": "almostomniscient",
          "Result": "0-2-0"
        },
        {
          "Player1": "kasa",
          "Player2": "NickBolas90",
          "Result": "2-0-0"
        },
        {
          "Player1": "andoru011120",
          "Player2": "MdvWin",
          "Result": "0-2-0"
        },
        {
          "Player1": "xfile",
          "Player2": "itsbarlo",
          "Result": "2-0-0"
        },
        {
          "Player1": "Lollopollo2001",
          "Player2": "lilianna1989",
          "Result": "2-0-0"
        },
        {
          "Player1": "eresopacaso",
          "Player2": "Atagomax",
          "Result": "0-2-0"
        },
        {
          "Player1": "John1111",
          "Player2": "Ale_Mtg",
          "Result": "0-2-0"
        },
        {
          "Player1": "BERNASTORRES",
          "Player2": "Venom1",
          "Result": "0-2-0"
        },
        {
          "Player1": "Lennny",
          "Player2": "rushi_00",
          "Result": "0-2-0"
        },
        {
          "Player1": "Terminus0",
          "Player2": "LouisdeSentenac",
          "Result": "2-0-0"
        },
        {
          "Player1": "roter_Erzengel",
          "Player2": "MTGHolic",
          "Result": "0-2-0"
        }
      ]
    },
    {
      "RoundName": "Round 3",
      "Matches": [
        {
          "Player1": "levunga21",
          "Player2": "Ale_Mtg",
          "Result": "0-2-0"
        },
        {
          "Player1": "Mogged",
          "Player2": "kaffeekaethe",
          "Result": "2-0-0"
        },
        {
          "Player1": "rushi_00",
          "Player2": "sapro31",
          "Result": "0-2-0"
        },
        {
          "Player1": "Venom1",
          "Player2": "andoru011120",
          "Result": "2-0-0"
        },
        {
          "Player1": "bless_von",
          "Player2": "EiJunCHN",
          "Result": "0-2-0"
        },
        {
          "Player1": "fives",
          "Player2": "lilianna1989",
          "Result": "0-0-0"
        },
        {
          "Player1": "Raptor_Nachos",
          "Player2": "Plaing1",
          "Result": "2-0-0"
        },
        {
          "Player1": "LucasG1ggs",
          "Player2": "Tunaktunak",
          "Result": "0-0-0"
        },
        {
          "Player1": "NickBolas90",
          "Player2": "Atagomax",
          "Result": "2-0-0"
        },
        {
          "Player1": "BERNASTORRES",
          "Player2": "Cordingley23",
          "Result": "2-0-0"
        },
        {
          "Player1": "Lennny",
          "Player2": "Denisevich",
          "Result": "0-2-0"
        },
        {
          "Player1": "roter_Erzengel",
          "Player2": "MJ_23",
          "Result": "0-2-0"
        },
        {
          "Player1": "_ZNT_",
          "Player2": "almostomniscient",
          "Result": "2-0-0"
        },
        {
          "Player1": "albertoSD",
          "Player2": "Junkmener",
          "Result": "0-2-0"
        },
        {
          "Player1": "JulioP1985",
          "Player2": "wcl",
          "Result": "0-2-0"
        },
        {
          "Player1": "MagicalSnap",
          "Player2": "Terminus0",
          "Result": "0-2-0"
        },
        {
          "Player1": "LouisdeSentenac",
          "Player2": "eresopacaso",
          "Result": "2-0-0"
        },
        {
          "Player1": "Predrag133",
          "Player2": "Tosco1992",
          "Result": "2-0-0"
        },
        {
          "Player1": "John1111",
          "Player2": "VitorCarvalho01",
          "Result": "2-0-0"
        },
        {
          "Player1": "AlpInco",
          "Player2": "steelleaf51",
          "Result": "2-0-0"
        },
        {
          "Player1": "Lollopollo2001",
          "Player2": "MdvWin",
          "Result": "2-0-0"
        },
        {
          "Player1": "AgrusKos93",
          "Player2": "MTGHolic",
          "Result": "2-0-0"
        },
        {
          "Player1": "unagieel",
          "Player2": "xfile",
          "Result": "0-2-0"
        },
        {
          "Player1": "kasa",
          "Player2": "Univerce",
          "Result": "0-2-0"
        }
      ]
    },
    {
      "RoundName": "Round 4",
      "Matches": [
        {
          "Player1": "bless_von",
          "Player2": "almostomniscient",
          "Result": "0-2-0"
        },
        {
          "Player1": "AgrusKos93",
          "Player2": "NickBolas90",
          "Result": "2-0-0"
        },
        {
          "Player1": "JulioP1985",
          "Player2": "Atagomax",
          "Result": "0-2-0"
        },
        {
          "Player1": "BERNASTORRES",
          "Player2": "Raptor_Nachos",
          "Result": "0-0-0"
        },
        {
          "Player1": "andoru011120",
          "Player2": "LouisdeSentenac",
          "Result": "2-0-0"
        },
        {
          "Player1": "kasa",
          "Player2": "rushi_00",
          "Result": "2-0-0"
        },
        {
          "Player1": "Terminus0",
          "Player2": "Denisevich",
          "Result": "2-0-0"
        },
        {
          "Player1": "Dreddybajs",
          "Player2": "lilianna1989",
          "Result": "0-0-0"
        },
        {
          "Player1": "MagicalSnap",
          "Player2": "Lennny",
          "Result": "2-0-0"
        },
        {
          "Player1": "EiJunCHN",
          "Player2": "wcl",
          "Result": "0-0-0"
        },
        {
          "Player1": "steelleaf51",
          "Player2": "Tosco1992",
          "Result": "0-0-0"
        },
        {
          "Player1": "Mogged",
          "Player2": "Ale_Mtg",
          "Result": "0-2-0"
        },
        {
          "Player1": "LucasG1ggs",
          "Player2": "kaffeekaethe",
          "Result": "2-0-0"
        },
        {
          "Player1": "fives",
          "Player2": "MTGHolic",
          "Result": "2-0-0"
        },
        {
          "Player1": "Predrag133",
          "Player2": "VitorCarvalho01",
          "Result": "2-0-0"
        },
        {
          "Player1": "sapro31",
          "Player2": "Univerce",
          "Result": "0-2-0"
        },
        {
          "Player1": "_ZNT_",
          "Player2": "MdvWin",
          "Result": "0-0-0"
        },
        {
          "Player1": "AlpInco",
          "Player2": "John1111",
          "Result": "2-0-0"
        },
        {
          "Player1": "Junkmener",
          "Player2": "Lollopollo2001",
          "Result": "2-0-0"
        },
        {
          "Player1": "Venom1",
          "Player2": "xfile",
          "Result": "2-0-0"
        },
        {
          "Player1": "MJ_23",
          "Player2": "albertoSD",
          "Result": "0-2-0"
        },
        {
          "Player1": "levunga21",
          "Player2": "Tunaktunak",
          "Result": "0-2-0"
        }
      ]
    },
    {
      "RoundName": "Round 5",
      "Matches": [
        {
          "Player1": "Lollopollo2001",
          "Player2": "EiJunCHN",
          "Result": "2-0-0"
        },
        {
          "Player1": "Raptor_Nachos",
          "Player2": "LouisdeSentenac",
          "Result": "2-0-0"
        },
        {
          "Player1": "Ale_Mtg",
          "Player2": "AgrusKos93",
          "Result": "2-0-0"
        },
        {
          "Player1": "_ZNT_",
          "Player2": "sapro31",
          "Result": "0-2-0"
        },
        {
          "Player1": "Tunaktunak",
          "Player2": "MTGHolic",
          "Result": "0-2-0"
        },
        {
          "Player1": "AlpInco",
          "Player2": "LucasG1ggs",
          "Result": "0-2-0"
        },
        {
          "Player1": "MdvWin",
          "Player2": "MJ_23",
          "Result": "0-2-0"
        },
        {
          "Player1": "Mogged",
          "Player2": "fives",
          "Result": "2-0-0"
        },
        {
          "Player1": "albertoSD",
          "Player2": "Venom1",
          "Result": "0-0-0"
        },
        {
          "Player1": "lilianna1989",
          "Player2": "Plaing1",
          "Result": "2-0-0"
        },
        {
          "Player1": "Junkmener",
          "Player2": "Univerce",
          "Result": "0-2-0"
        },
        {
          "Player1": "almostomniscient",
          "Player2": "John1111",
          "Result": "0-2-0"
        },
        {
          "Player1": "BERNASTORRES",
          "Player2": "kaffeekaethe",
          "Result": "0-0-0"
        },
        {
          "Player1": "rushi_00",
          "Player2": "andoru011120",
          "Result": "2-0-0"
        },
        {
          "Player1": "Dreddybajs",
          "Player2": "MagicalSnap",
          "Result": "0-2-0"
        },
        {
          "Player1": "VitorCarvalho01",
          "Player2": "Tosco1992",
          "Result": "2-0-0"
        },
        {
          "Player1": "wcl",
          "Player2": "Atagomax",
          "Result": "0-2-0"
        },
        {
          "Player1": "kasa",
          "Player2": "Terminus0",
          "Result": "0-2-0"
        },
        {
          "Player1": "xfile",
          "Player2": "NickBolas90",
          "Result": "2-0-0"
        },
        {
          "Player1": "Predrag133",
          "Player2": "Denisevich",
          "Result": "2-0-0"
        }
      ]
    },
    {
      "RoundName": "Round 6",
      "Matches": [
        {
          "Player1": "Junkmener",
          "Player2": "AgrusKos93",
          "Result": "0-2-0"
        },
        {
          "Player1": "rushi_00",
          "Player2": "John1111",
          "Result": "0-2-0"
        },
        {
          "Player1": "BERNASTORRES",
          "Player2": "NickBolas90",
          "Result": "2-0-0"
        },
        {
          "Player1": "albertoSD",
          "Player2": "Mogged",
          "Result": "2-0-0"
        },
        {
          "Player1": "Raptor_Nachos",
          "Player2": "Tunaktunak",
          "Result": "2-0-0"
        },
        {
          "Player1": "Ale_Mtg",
          "Player2": "Univerce",
          "Result": "2-0-0"
        },
        {
          "Player1": "fives",
          "Player2": "EiJunCHN",
          "Result": "0-2-0"
        },
        {
          "Player1": "Venom1",
          "Player2": "AlpInco",
          "Result": "2-0-0"
        },
        {
          "Player1": "Denisevich",
          "Player2": "Tosco1992",
          "Result": "0-2-0"
        },
        {
          "Player1": "VitorCarvalho01",
          "Player2": "Atagomax",
          "Result": "2-0-0"
        },
        {
          "Player1": "MdvWin",
          "Player2": "almostomniscient",
          "Result": "0-2-0"
        },
        {
          "Player1": "kasa",
          "Player2": "xfile",
          "Result": "2-0-0"
        },
        {
          "Player1": "kaffeekaethe",
          "Player2": "Predrag133",
          "Result": "2-0-0"
        },
        {
          "Player1": "LucasG1ggs",
          "Player2": "sapro31",
          "Result": "2-0-0"
        },
        {
          "Player1": "Terminus0",
          "Player2": "Lollopollo2001",
          "Result": "2-0-0"
        },
        {
          "Player1": "MagicalSnap",
          "Player2": "_ZNT_",
          "Result": "0-2-0"
        },
        {
          "Player1": "andoru011120",
          "Player2": "lilianna1989",
          "Result": "0-2-0"
        },
        {
          "Player1": "MJ_23",
          "Player2": "MTGHolic",
          "Result": "2-0-0"
        },
        {
          "Player1": "Dreddybajs",
          "Player2": "wcl",
          "Result": "0-2-0"
        },
        {
          "Player1": "LouisdeSentenac",
          "Player2": "Plaing1",
          "Result": "0-2-0"
        }
      ]
    },
    {
      "RoundName": "Round 7",
      "Matches": [
        {
          "Player1": "Terminus0",
          "Player2": "AgrusKos93",
          "Result": "2-0-0"
        },
        {
          "Player1": "Junkmener",
          "Player2": "Univerce",
          "Result": "2-0-0"
        },
        {
          "Player1": "Mogged",
          "Player2": "Ale_Mtg",
          "Result": "0-2-0"
        },
        {
          "Player1": "LucasG1ggs",
          "Player2": "albertoSD",
          "Result": "2-0-0"
        }
      ]
    },
    {
      "RoundName": "Round 8",
      "Matches": [
        {
          "Player1": "Terminus0",
          "Player2": "Junkmener",
          "Result": "2-0-0"
        },
        {
          "Player1": "LucasG1ggs",
          "Player2": "Ale_Mtg",
          "Result": "2-0-0"
        }
      ]
    },
    {
      "RoundName": "Round 9",
      "Matches": [
        {
          "Player1": "LucasG1ggs",
          "Player2": "Terminus0",
          "Result": "2-0-0"
        }
      ]
    }
  ],
  "Standings": [
    {
      "Rank": 53,
      "Player": "amaransneak",
      "Points": 0,
      "Wins": 0,
      "Losses": 0,
      "Draws": 0,
      "OMWP": 0.3333,
      "GWP": 0,
      "OGWP": 0.4
    },
    {
      "Rank": 52,
      "Player": "eresopacaso",
      "Points": 0,
      "Wins": 0,
      "Losses": 0,
      "Draws": 0,
      "OMWP": 0.44439999999999996,
      "GWP": 0.25,
      "OGWP": 0.4728
    },
    {
      "Rank": 51,
      "Player": "Cordingley23",
      "Points": 0,
      "Wins": 0,
      "Losses": 0,
      "Draws": 0,
      "OMWP": 0.5556,
      "GWP": 0.1429,
      "OGWP": 0.5287
    },
    {
      "Rank": 50,
      "Player": "itsbarlo",
      "Points": 0,
      "Wins": 0,
      "Losses": 0,
      "Draws": 0,
      "OMWP": 0.5832999999999999,
      "GWP": 0,
      "OGWP": 0.619
    },
    {
      "Rank": 49,
      "Player": "O_danielakos",
      "Points": 0,
      "Wins": 0,
      "Losses": 0,
      "Draws": 0,
      "OMWP": 0.5832999999999999,
      "GWP": 0.2,
      "OGWP": 0.5167
    },
    {
      "Rank": 48,
      "Player": "Wizard_2002",
      "Points": 0,
      "Wins": 0,
      "Losses": 0,
      "Draws": 0,
      "OMWP": 0.6667000000000001,
      "GWP": 0.3333,
      "OGWP": 0.6
    },
    {
      "Rank": 47,
      "Player": "JulioP1985",
      "Points": 3,
      "Wins": 0,
      "Losses": 0,
      "Draws": 0,
      "OMWP": 0.4167,
      "GWP": 0.3333,
      "OGWP": 0.4407
    },
    {
      "Rank": 46,
      "Player": "Lennny",
      "Points": 3,
      "Wins": 0,
      "Losses": 0,
      "Draws": 0,
      "OMWP": 0.4167,
      "GWP": 0.4,
      "OGWP": 0.43329999999999996
    },
    {
      "Rank": 45,
      "Player": "LouisdeSentenac",
      "Points": 3,
      "Wins": 0,
      "Losses": 0,
      "Draws": 0,
      "OMWP": 0.44439999999999996,
      "GWP": 0.3889,
      "OGWP": 0.42969999999999997
    },
    {
      "Rank": 44,
      "Player": "roter_Erzengel",
      "Points": 3,
      "Wins": 0,
      "Losses": 0,
      "Draws": 0,
      "OMWP": 0.5,
      "GWP": 0.2857,
      "OGWP": 0.4963
    },
    {
      "Rank": 43,
      "Player": "bless_von",
      "Points": 3,
      "Wins": 0,
      "Losses": 0,
      "Draws": 0,
      "OMWP": 0.5,
      "GWP": 0.3,
      "OGWP": 0.4854
    },
    {
      "Rank": 42,
      "Player": "steelleaf51",
      "Points": 3,
      "Wins": 0,
      "Losses": 0,
      "Draws": 0,
      "OMWP": 0.5556,
      "GWP": 0.25,
      "OGWP": 0.5595
    },
    {
      "Rank": 41,
      "Player": "unagieel",
      "Points": 3,
      "Wins": 0,
      "Losses": 0,
      "Draws": 0,
      "OMWP": 0.6111,
      "GWP": 0.4286,
      "OGWP": 0.6144
    },
    {
      "Rank": 40,
      "Player": "levunga21",
      "Points": 3,
      "Wins": 0,
      "Losses": 0,
      "Draws": 0,
      "OMWP": 0.625,
      "GWP": 0.3333,
      "OGWP": 0.5893
    },
    {
      "Rank": 39,
      "Player": "Denisevich",
      "Points": 6,
      "Wins": 0,
      "Losses": 0,
      "Draws": 0,
      "OMWP": 0.44439999999999996,
      "GWP": 0.4,
      "OGWP": 0.4511
    },
    {
      "Rank": 38,
      "Player": "Tosco1992",
      "Points": 6,
      "Wins": 0,
      "Losses": 0,
      "Draws": 0,
      "OMWP": 0.44439999999999996,
      "GWP": 0.4286,
      "OGWP": 0.4556
    },
    {
      "Rank": 37,
      "Player": "andoru011120",
      "Points": 6,
      "Wins": 0,
      "Losses": 0,
      "Draws": 0,
      "OMWP": 0.4722,
      "GWP": 0.4,
      "OGWP": 0.46549999999999997
    },
    {
      "Rank": 36,
      "Player": "Plaing1",
      "Points": 6,
      "Wins": 0,
      "Losses": 0,
      "Draws": 0,
      "OMWP": 0.5,
      "GWP": 0.35710000000000003,
      "OGWP": 0.4921
    },
    {
      "Rank": 35,
      "Player": "Tunaktunak",
      "Points": 6,
      "Wins": 0,
      "Losses": 0,
      "Draws": 0,
      "OMWP": 0.5278,
      "GWP": 0.375,
      "OGWP": 0.4802
    },
    {
      "Rank": 34,
      "Player": "NickBolas90",
      "Points": 6,
      "Wins": 0,
      "Losses": 0,
      "Draws": 0,
      "OMWP": 0.5556,
      "GWP": 0.35710000000000003,
      "OGWP": 0.5454
    },
    {
      "Rank": 33,
      "Player": "MdvWin",
      "Points": 6,
      "Wins": 0,
      "Losses": 0,
      "Draws": 0,
      "OMWP": 0.5556,
      "GWP": 0.4375,
      "OGWP": 0.5549000000000001
    },
    {
      "Rank": 32,
      "Player": "Dreddybajs",
      "Points": 6,
      "Wins": 0,
      "Losses": 0,
      "Draws": 0,
      "OMWP": 0.6333,
      "GWP": 0.3846,
      "OGWP": 0.5714
    },
    {
      "Rank": 31,
      "Player": "Atagomax",
      "Points": 9,
      "Wins": 0,
      "Losses": 0,
      "Draws": 0,
      "OMWP": 0.3889,
      "GWP": 0.5294,
      "OGWP": 0.4102
    },
    {
      "Rank": 30,
      "Player": "Predrag133",
      "Points": 9,
      "Wins": 0,
      "Losses": 0,
      "Draws": 0,
      "OMWP": 0.4167,
      "GWP": 0.5,
      "OGWP": 0.4325
    },
    {
      "Rank": 29,
      "Player": "wcl",
      "Points": 9,
      "Wins": 0,
      "Losses": 0,
      "Draws": 0,
      "OMWP": 0.4167,
      "GWP": 0.5,
      "OGWP": 0.4349
    },
    {
      "Rank": 28,
      "Player": "BERNASTORRES",
      "Points": 9,
      "Wins": 0,
      "Losses": 0,
      "Draws": 0,
      "OMWP": 0.4722,
      "GWP": 0.5385,
      "OGWP": 0.4476
    },
    {
      "Rank": 27,
      "Player": "xfile",
      "Points": 9,
      "Wins": 0,
      "Losses": 0,
      "Draws": 0,
      "OMWP": 0.4722,
      "GWP": 0.5714,
      "OGWP": 0.44689999999999996
    },
    {
      "Rank": 26,
      "Player": "Raptor_Nachos",
      "Points": 9,
      "Wins": 0,
      "Losses": 0,
      "Draws": 0,
      "OMWP": 0.5,
      "GWP": 0.4667,
      "OGWP": 0.4877
    },
    {
      "Rank": 25,
      "Player": "lilianna1989",
      "Points": 9,
      "Wins": 0,
      "Losses": 0,
      "Draws": 0,
      "OMWP": 0.5,
      "GWP": 0.4667,
      "OGWP": 0.5057
    },
    {
      "Rank": 24,
      "Player": "rushi_00",
      "Points": 9,
      "Wins": 0,
      "Losses": 0,
      "Draws": 0,
      "OMWP": 0.5,
      "GWP": 0.5,
      "OGWP": 0.4722
    },
    {
      "Rank": 23,
      "Player": "MTGHolic",
      "Points": 9,
      "Wins": 0,
      "Losses": 0,
      "Draws": 0,
      "OMWP": 0.5,
      "GWP": 0.5,
      "OGWP": 0.5014
    },
    {
      "Rank": 22,
      "Player": "almostomniscient",
      "Points": 9,
      "Wins": 0,
      "Losses": 0,
      "Draws": 0,
      "OMWP": 0.5,
      "GWP": 0.5333,
      "OGWP": 0.484
    },
    {
      "Rank": 21,
      "Player": "fives",
      "Points": 9,
      "Wins": 0,
      "Losses": 0,
      "Draws": 0,
      "OMWP": 0.5278,
      "GWP": 0.5385,
      "OGWP": 0.4817
    },
    {
      "Rank": 20,
      "Player": "VitorCarvalho01",
      "Points": 9,
      "Wins": 0,
      "Losses": 0,
      "Draws": 0,
      "OMWP": 0.5556,
      "GWP": 0.5,
      "OGWP": 0.5439
    },
    {
      "Rank": 19,
      "Player": "MagicalSnap",
      "Points": 9,
      "Wins": 0,
      "Losses": 0,
      "Draws": 0,
      "OMWP": 0.5667,
      "GWP": 0.5,
      "OGWP": 0.5344
    },
    {
      "Rank": 18,
      "Player": "AlpInco",
      "Points": 9,
      "Wins": 0,
      "Losses": 0,
      "Draws": 0,
      "OMWP": 0.6389,
      "GWP": 0.5625,
      "OGWP": 0.5678
    },
    {
      "Rank": 17,
      "Player": "EiJunCHN",
      "Points": 12,
      "Wins": 0,
      "Losses": 0,
      "Draws": 0,
      "OMWP": 0.5,
      "GWP": 0.5333,
      "OGWP": 0.5038
    },
    {
      "Rank": 16,
      "Player": "_ZNT_",
      "Points": 12,
      "Wins": 0,
      "Losses": 0,
      "Draws": 0,
      "OMWP": 0.5278,
      "GWP": 0.6,
      "OGWP": 0.5118
    },
    {
      "Rank": 15,
      "Player": "MJ_23",
      "Points": 12,
      "Wins": 0,
      "Losses": 0,
      "Draws": 0,
      "OMWP": 0.5278,
      "GWP": 0.6,
      "OGWP": 0.5153
    },
    {
      "Rank": 14,
      "Player": "kasa",
      "Points": 12,
      "Wins": 0,
      "Losses": 0,
      "Draws": 0,
      "OMWP": 0.5556,
      "GWP": 0.5,
      "OGWP": 0.5193
    },
    {
      "Rank": 13,
      "Player": "Venom1",
      "Points": 12,
      "Wins": 0,
      "Losses": 0,
      "Draws": 0,
      "OMWP": 0.5556,
      "GWP": 0.5,
      "OGWP": 0.5640999999999999
    },
    {
      "Rank": 12,
      "Player": "Lollopollo2001",
      "Points": 12,
      "Wins": 0,
      "Losses": 0,
      "Draws": 0,
      "OMWP": 0.5556,
      "GWP": 0.6667000000000001,
      "OGWP": 0.5139
    },
    {
      "Rank": 11,
      "Player": "kaffeekaethe",
      "Points": 12,
      "Wins": 0,
      "Losses": 0,
      "Draws": 0,
      "OMWP": 0.5832999999999999,
      "GWP": 0.6,
      "OGWP": 0.5405
    },
    {
      "Rank": 10,
      "Player": "sapro31",
      "Points": 12,
      "Wins": 0,
      "Losses": 0,
      "Draws": 0,
      "OMWP": 0.6111,
      "GWP": 0.6,
      "OGWP": 0.5524
    },
    {
      "Rank": 9,
      "Player": "John1111",
      "Points": 12,
      "Wins": 0,
      "Losses": 0,
      "Draws": 0,
      "OMWP": 0.6111,
      "GWP": 0.6,
      "OGWP": 0.5811
    },
    {
      "Rank": 8,
      "Player": "Mogged",
      "Points": 12,
      "Wins": 0,
      "Losses": 0,
      "Draws": 0,
      "OMWP": 0.6667000000000001,
      "GWP": 0.5333,
      "OGWP": 0.6097
    },
    {
      "Rank": 7,
      "Player": "albertoSD",
      "Points": 15,
      "Wins": 0,
      "Losses": 0,
      "Draws": 0,
      "OMWP": 0.5832999999999999,
      "GWP": 0.6875,
      "OGWP": 0.5257000000000001
    },
    {
      "Rank": 6,
      "Player": "AgrusKos93",
      "Points": 15,
      "Wins": 0,
      "Losses": 0,
      "Draws": 0,
      "OMWP": 0.6111,
      "GWP": 0.7333,
      "OGWP": 0.5804
    },
    {
      "Rank": 5,
      "Player": "Univerce",
      "Points": 15,
      "Wins": 0,
      "Losses": 0,
      "Draws": 0,
      "OMWP": 0.6667000000000001,
      "GWP": 0.6667000000000001,
      "OGWP": 0.5915
    },
    {
      "Rank": 4,
      "Player": "Junkmener",
      "Points": 15,
      "Wins": 0,
      "Losses": 0,
      "Draws": 0,
      "OMWP": 0.6944,
      "GWP": 0.625,
      "OGWP": 0.5979
    },
    {
      "Rank": 3,
      "Player": "Ale_Mtg",
      "Points": 21,
      "Wins": 0,
      "Losses": 0,
      "Draws": 0,
      "OMWP": 0.6111,
      "GWP": 0.8571,
      "OGWP": 0.5418999999999999
    },
    {
      "Rank": 2,
      "Player": "Terminus0",
      "Points": 21,
      "Wins": 0,
      "Losses": 0,
      "Draws": 0,
      "OMWP": 0.5,
      "GWP": 0.6875,
      "OGWP": 0.48700000000000004
    },
    {
      "Rank": 1,
      "Player": "LucasG1ggs",
      "Points": 24,
      "Wins": 0,
      "Losses": 0,
      "Draws": 0,
      "OMWP": 0.5556,
      "GWP": 0.7143,
      "OGWP": 0.534
    }
  ]
}