{
  "Tournament": {
    "Id": 12804881,
    "Date": "2025-07-26T00:00:00",
    "Name": "Vintage Challenge 32",
    "Uri": null,
    "JsonFile": null,
    "ForceRedownload": false
  },
  "Decks": null,
  "Rounds": [
    {
      "RoundName": "Round 1",
      "Matches": [
        {
          "Player1": "IamActuallyLvL1",
          "Player2": "416FrowningTable",
          "Result": "0-2-0"
        },
        {
          "Player1": "kokoko098",
          "Player2": "frostyyy_",
          "Result": "2-0-0"
        },
        {
          "Player1": "hermanomlg",
          "Player2": "LasVegasChaos",
          "Result": "0-2-0"
        },
        {
          "Player1": "cantillon",
          "Player2": "choutin",
          "Result": "2-0-0"
        },
        {
          "Player1": "BiggestBird",
          "Player2": "almana3",
          "Result": "0-2-0"
        },
        {
          "Player1": "xDingusKhan",
          "Player2": "IpseVenenaBibas",
          "Result": "2-0-0"
        },
        {
          "Player1": "Redhotphil87",
          "Player2": "luvadepedreiro",
          "Result": "1-2-0"
        },
        {
          "Player1": "LucasG1ggs",
          "Player2": "sixmp",
          "Result": "0-2-0"
        },
        {
          "Player1": "medvedev",
          "Player2": "adm29",
          "Result": "2-0-0"
        },
        {
          "Player1": "WLS",
          "Player2": "bless_von",
          "Result": "0-2-0"
        },
        {
          "Player1": "Mogged",
          "Player2": "albertoSD",
          "Result": "2-0-0"
        },
        {
          "Player1": "i_b_TRUE",
          "Player2": "Tsubasa_Cat",
          "Result": "0-2-0"
        },
        {
          "Player1": "desolutionist",
          "Player2": "BERNASTORRES",
          "Result": "0-2-0"
        },
        {
          "Player1": "jagers_master",
          "Player2": "Dark_Shine",
          "Result": "0-2-0"
        },
        {
          "Player1": "crK",
          "Player2": "DethFrmAbove",
          "Result": "0-2-0"
        },
        {
          "Player1": "blackdecks99",
          "Player2": "YES_i_accept_SPLIT_",
          "Result": "2-0-0"
        },
        {
          "Player1": "Boin",
          "Player2": "ARunningHans",
          "Result": "0-2-0"
        },
        {
          "Player1": "2plus2isfive",
          "Player2": "WadeB",
          "Result": "2-0-0"
        },
        {
          "Player1": "s063",
          "Player2": "O_danielakos",
          "Result": "0-2-0"
        },
        {
          "Player1": "LukesMTG",
          "Player2": "_bwonsamdi_",
          "Result": "0-2-0"
        },
        {
          "Player1": "Montolio",
          "Player2": "Murkyblack11",
          "Result": "2-0-0"
        }
      ]
    },
    {
      "RoundName": "Round 2",
      "Matches": [
        {
          "Player1": "Montolio",
          "Player2": "O_danielakos",
          "Result": "2-0-0"
        },
        {
          "Player1": "WLS",
          "Player2": "IamActuallyLvL1",
          "Result": "0-2-0"
        },
        {
          "Player1": "BiggestBird",
          "Player2": "hermanomlg",
          "Result": "1-2-0"
        },
        {
          "Player1": "BERNASTORRES",
          "Player2": "ARunningHans",
          "Result": "2-0-0"
        },
        {
          "Player1": "Redhotphil87",
          "Player2": "WadeB",
          "Result": "0-2-0"
        },
        {
          "Player1": "416FrowningTable",
          "Player2": "DethFrmAbove",
          "Result": "0-2-0"
        },
        {
          "Player1": "LucasG1ggs",
          "Player2": "adm29",
          "Result": "0-2-0"
        },
        {
          "Player1": "blackdecks99",
          "Player2": "2plus2isfive",
          "Result": "0-2-0"
        },
        {
          "Player1": "Murkyblack11",
          "Player2": "crK",
          "Result": "0-2-0"
        },
        {
          "Player1": "medvedev",
          "Player2": "sixmp",
          "Result": "0-2-0"
        },
        {
          "Player1": "Tsubasa_Cat",
          "Player2": "luvadepedreiro",
          "Result": "0-2-0"
        },
        {
          "Player1": "s063",
          "Player2": "YES_i_accept_SPLIT_",
          "Result": "2-0-0"
        },
        {
          "Player1": "desolutionist",
          "Player2": "choutin",
          "Result": "0-2-0"
        },
        {
          "Player1": "almana3",
          "Player2": "_bwonsamdi_",
          "Result": "2-0-0"
        },
        {
          "Player1": "Boin",
          "Player2": "jagers_master",
          "Result": "2-0-0"
        },
        {
          "Player1": "i_b_TRUE",
          "Player2": "xDingusKhan",
          "Result": "0-2-0"
        },
        {
          "Player1": "kokoko098",
          "Player2": "bless_von",
          "Result": "0-2-0"
        },
        {
          "Player1": "Mogged",
          "Player2": "Dark_Shine",
          "Result": "2-0-0"
        },
        {
          "Player1": "LukesMTG",
          "Player2": "IpseVenenaBibas",
          "Result": "0-0-0"
        },
        {
          "Player1": "cantillon",
          "Player2": "LasVegasChaos",
          "Result": "0-2-0"
        },
        {
          "Player1": "albertoSD",
          "Player2": "frostyyy_",
          "Result": "2-0-0"
        }
      ]
    },
    {
      "RoundName": "Round 3",
      "Matches": [
        {
          "Player1": "_bwonsamdi_",
          "Player2": "choutin",
          "Result": "2-0-0"
        },
        {
          "Player1": "WLS",
          "Player2": "jagers_master",
          "Result": "2-0-0"
        },
        {
          "Player1": "crK",
          "Player2": "BERNASTORRES",
          "Result": "2-0-0"
        },
        {
          "Player1": "xDingusKhan",
          "Player2": "DethFrmAbove",
          "Result": "2-0-0"
        },
        {
          "Player1": "Boin",
          "Player2": "416FrowningTable",
          "Result": "2-0-0"
        },
        {
          "Player1": "Redhotphil87",
          "Player2": "LukesMTG",
          "Result": "0-2-0"
        },
        {
          "Player1": "IamActuallyLvL1",
          "Player2": "ARunningHans",
          "Result": "0-2-0"
        },
        {
          "Player1": "blackdecks99",
          "Player2": "WadeB",
          "Result": "0-2-0"
        },
        {
          "Player1": "LucasG1ggs",
          "Player2": "IpseVenenaBibas",
          "Result": "0-2-0"
        },
        {
          "Player1": "Tsubasa_Cat",
          "Player2": "Dark_Shine",
          "Result": "0-2-0"
        },
        {
          "Player1": "Mogged",
          "Player2": "2plus2isfive",
          "Result": "0-2-0"
        },
        {
          "Player1": "Montolio",
          "Player2": "almana3",
          "Result": "0-2-0"
        },
        {
          "Player1": "desolutionist",
          "Player2": "YES_i_accept_SPLIT_",
          "Result": "2-0-0"
        },
        {
          "Player1": "albertoSD",
          "Player2": "O_danielakos",
          "Result": "0-2-0"
        },
        {
          "Player1": "kokoko098",
          "Player2": "hermanomlg",
          "Result": "1-2-0"
        },
        {
          "Player1": "adm29",
          "Player2": "cantillon",
          "Result": "2-0-0"
        },
        {
          "Player1": "medvedev",
          "Player2": "s063",
          "Result": "2-0-0"
        },
        {
          "Player1": "bless_von",
          "Player2": "luvadepedreiro",
          "Result": "2-0-0"
        },
        {
          "Player1": "sixmp",
          "Player2": "LasVegasChaos",
          "Result": "2-0-0"
        }
      ]
    },
    {
      "RoundName": "Round 4",
      "Matches": [
        {
          "Player1": "hermanomlg",
          "Player2": "_bwonsamdi_",
          "Result": "2-0-0"
        },
        {
          "Player1": "s063",
          "Player2": "BiggestBird",
          "Result": "2-0-0"
        },
        {
          "Player1": "kokoko098",
          "Player2": "choutin",
          "Result": "0-2-0"
        },
        {
          "Player1": "cantillon",
          "Player2": "Tsubasa_Cat",
          "Result": "2-0-0"
        },
        {
          "Player1": "adm29",
          "Player2": "crK",
          "Result": "2-1-0"
        },
        {
          "Player1": "desolutionist",
          "Player2": "IamActuallyLvL1",
          "Result": "0-0-0"
        },
        {
          "Player1": "Boin",
          "Player2": "luvadepedreiro",
          "Result": "0-2-0"
        },
        {
          "Player1": "O_danielakos",
          "Player2": "BERNASTORRES",
          "Result": "0-2-0"
        },
        {
          "Player1": "xDingusKhan",
          "Player2": "sixmp",
          "Result": "2-0-0"
        },
        {
          "Player1": "2plus2isfive",
          "Player2": "almana3",
          "Result": "2-0-0"
        },
        {
          "Player1": "416FrowningTable",
          "Player2": "YES_i_accept_SPLIT_",
          "Result": "0-2-0"
        },
        {
          "Player1": "medvedev",
          "Player2": "ARunningHans",
          "Result": "2-0-0"
        },
        {
          "Player1": "WLS",
          "Player2": "IpseVenenaBibas",
          "Result": "0-0-0"
        },
        {
          "Player1": "WadeB",
          "Player2": "Dark_Shine",
          "Result": "2-0-0"
        },
        {
          "Player1": "Mogged",
          "Player2": "DethFrmAbove",
          "Result": "1-2-0"
        },
        {
          "Player1": "Montolio",
          "Player2": "LasVegasChaos",
          "Result": "0-2-0"
        },
        {
          "Player1": "LukesMTG",
          "Player2": "bless_von",
          "Result": "0-2-0"
        }
      ]
    },
    {
      "RoundName": "Round 5",
      "Matches": [
        {
          "Player1": "xDingusKhan",
          "Player2": "2plus2isfive",
          "Result": "0-0-0"
        },
        {
          "Player1": "BERNASTORRES",
          "Player2": "almana3",
          "Result": "0-2-0"
        },
        {
          "Player1": "IamActuallyLvL1",
          "Player2": "sixmp",
          "Result": "0-2-0"
        },
        {
          "Player1": "desolutionist",
          "Player2": "WLS",
          "Result": "0-2-0"
        },
        {
          "Player1": "DethFrmAbove",
          "Player2": "LasVegasChaos",
          "Result": "0-2-0"
        },
        {
          "Player1": "O_danielakos",
          "Player2": "cantillon",
          "Result": "0-2-0"
        },
        {
          "Player1": "Montolio",
          "Player2": "_bwonsamdi_",
          "Result": "2-0-0"
        },
        {
          "Player1": "medvedev",
          "Player2": "luvadepedreiro",
          "Result": "0-0-0"
        },
        {
          "Player1": "kokoko098",
          "Player2": "BiggestBird",
          "Result": "0-2-0"
        },
        {
          "Player1": "crK",
          "Player2": "ARunningHans",
          "Result": "2-0-0"
        },
        {
          "Player1": "hermanomlg",
          "Player2": "bless_von",
          "Result": "2-0-0"
        },
        {
          "Player1": "adm29",
          "Player2": "WadeB",
          "Result": "0-2-0"
        },
        {
          "Player1": "LukesMTG",
          "Player2": "YES_i_accept_SPLIT_",
          "Result": "2-0-0"
        },
        {
          "Player1": "Mogged",
          "Player2": "IpseVenenaBibas",
          "Result": "0-2-0"
        },
        {
          "Player1": "Boin",
          "Player2": "s063",
          "Result": "2-0-0"
        },
        {
          "Player1": "choutin",
          "Player2": "Dark_Shine",
          "Result": "0-2-0"
        }
      ]
    },
    {
      "RoundName": "Round 6",
      "Matches": [
        {
          "Player1": "BiggestBird",
          "Player2": "416FrowningTable",
          "Result": "2-0-0"
        },
        {
          "Player1": "WadeB",
          "Player2": "LasVegasChaos",
          "Result": "0-2-0"
        },
        {
          "Player1": "Montolio",
          "Player2": "adm29",
          "Result": "2-0-0"
        },
        {
          "Player1": "IamActuallyLvL1",
          "Player2": "_bwonsamdi_",
          "Result": "2-0-0"
        },
        {
          "Player1": "LukesMTG",
          "Player2": "luvadepedreiro",
          "Result": "0-2-0"
        },
        {
          "Player1": "desolutionist",
          "Player2": "kokoko098",
          "Result": "0-2-0"
        },
        {
          "Player1": "medvedev",
          "Player2": "almana3",
          "Result": "0-0-0"
        },
        {
          "Player1": "bless_von",
          "Player2": "2plus2isfive",
          "Result": "2-0-0"
        },
        {
          "Player1": "WLS",
          "Player2": "ARunningHans",
          "Result": "2-0-0"
        },
        {
          "Player1": "Boin",
          "Player2": "Dark_Shine",
          "Result": "0-2-0"
        },
        {
          "Player1": "choutin",
          "Player2": "YES_i_accept_SPLIT_",
          "Result": "0-2-0"
        },
        {
          "Player1": "Mogged",
          "Player2": "s063",
          "Result": "0-2-0"
        },
        {
          "Player1": "DethFrmAbove",
          "Player2": "IpseVenenaBibas",
          "Result": "0-2-0"
        },
        {
          "Player1": "hermanomlg",
          "Player2": "sixmp",
          "Result": "2-0-0"
        },
        {
          "Player1": "BERNASTORRES",
          "Player2": "cantillon",
          "Result": "0-0-0"
        },
        {
          "Player1": "crK",
          "Player2": "xDingusKhan",
          "Result": "2-0-0"
        }
      ]
    },
    {
      "RoundName": "Round 7",
      "Matches": [
        {
          "Player1": "bless_von",
          "Player2": "almana3",
          "Result": "2-0-0"
        },
        {
          "Player1": "hermanomlg",
          "Player2": "sixmp",
          "Result": "0-2-0"
        },
        {
          "Player1": "xDingusKhan",
          "Player2": "LasVegasChaos",
          "Result": "0-2-0"
        },
        {
          "Player1": "medvedev",
          "Player2": "2plus2isfive",
          "Result": "0-2-0"
        }
      ]
    },
    {
      "RoundName": "Round 8",
      "Matches": [
        {
          "Player1": "2plus2isfive",
          "Player2": "LasVegasChaos",
          "Result": "2-1-0"
        },
        {
          "Player1": "bless_von",
          "Player2": "sixmp",
          "Result": "0-0-0"
        }
      ]
    },
    {
      "RoundName": "Round 9",
      "Matches": [
        {
          "Player1": "bless_von",
          "Player2": "2plus2isfive",
          "Result": "0-2-0"
        }
      ]
    }
  ],
  "Standings": [
    {
      "Rank": 42,
      "Player": "frostyyy_",
      "Points": 0,
      "Wins": 0,
      "Losses": 0,
      "Draws": 0,
      "OMWP": 0.3333,
      "GWP": 0.2,
      "OGWP": 0.4018
    },
    {
      "Rank": 41,
      "Player": "i_b_TRUE",
      "Points": 0,
      "Wins": 0,
      "Losses": 0,
      "Draws": 0,
      "OMWP": 0.5,
      "GWP": 0,
      "OGWP": 0.4813
    },
    {
      "Rank": 40,
      "Player": "jagers_master",
      "Points": 0,
      "Wins": 0,
      "Losses": 0,
      "Draws": 0,
      "OMWP": 0.5556,
      "GWP": 0,
      "OGWP": 0.5892000000000001
    },
    {
      "Rank": 39,
      "Player": "Redhotphil87",
      "Points": 0,
      "Wins": 0,
      "Losses": 0,
      "Draws": 0,
      "OMWP": 0.6111,
      "GWP": 0.25,
      "OGWP": 0.5489999999999999
    },
    {
      "Rank": 38,
      "Player": "LucasG1ggs",
      "Points": 0,
      "Wins": 0,
      "Losses": 0,
      "Draws": 0,
      "OMWP": 0.6111,
      "GWP": 0.25,
      "OGWP": 0.5770000000000001
    },
    {
      "Rank": 37,
      "Player": "Murkyblack11",
      "Points": 0,
      "Wins": 0,
      "Losses": 0,
      "Draws": 0,
      "OMWP": 0.6667000000000001,
      "GWP": 0.3333,
      "OGWP": 0.6
    },
    {
      "Rank": 36,
      "Player": "albertoSD",
      "Points": 3,
      "Wins": 0,
      "Losses": 0,
      "Draws": 0,
      "OMWP": 0.3556,
      "GWP": 0.4286,
      "OGWP": 0.42590000000000006
    },
    {
      "Rank": 35,
      "Player": "desolutionist",
      "Points": 3,
      "Wins": 0,
      "Losses": 0,
      "Draws": 0,
      "OMWP": 0.4167,
      "GWP": 0.3333,
      "OGWP": 0.4251
    },
    {
      "Rank": 34,
      "Player": "Tsubasa_Cat",
      "Points": 3,
      "Wins": 0,
      "Losses": 0,
      "Draws": 0,
      "OMWP": 0.5832999999999999,
      "GWP": 0.4,
      "OGWP": 0.5431
    },
    {
      "Rank": 33,
      "Player": "blackdecks99",
      "Points": 3,
      "Wins": 0,
      "Losses": 0,
      "Draws": 0,
      "OMWP": 0.6111,
      "GWP": 0.5,
      "OGWP": 0.5433
    },
    {
      "Rank": 32,
      "Player": "YES_i_accept_SPLIT_",
      "Points": 6,
      "Wins": 0,
      "Losses": 0,
      "Draws": 0,
      "OMWP": 0.3889,
      "GWP": 0.375,
      "OGWP": 0.4301
    },
    {
      "Rank": 31,
      "Player": "choutin",
      "Points": 6,
      "Wins": 0,
      "Losses": 0,
      "Draws": 0,
      "OMWP": 0.44439999999999996,
      "GWP": 0.3333,
      "OGWP": 0.4583
    },
    {
      "Rank": 30,
      "Player": "416FrowningTable",
      "Points": 6,
      "Wins": 0,
      "Losses": 0,
      "Draws": 0,
      "OMWP": 0.4667,
      "GWP": 0.3846,
      "OGWP": 0.4875
    },
    {
      "Rank": 29,
      "Player": "kokoko098",
      "Points": 6,
      "Wins": 0,
      "Losses": 0,
      "Draws": 0,
      "OMWP": 0.5278,
      "GWP": 0.375,
      "OGWP": 0.4955
    },
    {
      "Rank": 28,
      "Player": "O_danielakos",
      "Points": 6,
      "Wins": 0,
      "Losses": 0,
      "Draws": 0,
      "OMWP": 0.5333,
      "GWP": 0.5,
      "OGWP": 0.52
    },
    {
      "Rank": 27,
      "Player": "ARunningHans",
      "Points": 6,
      "Wins": 0,
      "Losses": 0,
      "Draws": 0,
      "OMWP": 0.5832999999999999,
      "GWP": 0.3077,
      "OGWP": 0.5494
    },
    {
      "Rank": 26,
      "Player": "_bwonsamdi_",
      "Points": 6,
      "Wins": 0,
      "Losses": 0,
      "Draws": 0,
      "OMWP": 0.5832999999999999,
      "GWP": 0.35710000000000003,
      "OGWP": 0.5368999999999999
    },
    {
      "Rank": 25,
      "Player": "Mogged",
      "Points": 6,
      "Wins": 0,
      "Losses": 0,
      "Draws": 0,
      "OMWP": 0.5832999999999999,
      "GWP": 0.44439999999999996,
      "OGWP": 0.5584
    },
    {
      "Rank": 24,
      "Player": "IamActuallyLvL1",
      "Points": 9,
      "Wins": 0,
      "Losses": 0,
      "Draws": 0,
      "OMWP": 0.4167,
      "GWP": 0.5,
      "OGWP": 0.4316
    },
    {
      "Rank": 23,
      "Player": "Boin",
      "Points": 9,
      "Wins": 0,
      "Losses": 0,
      "Draws": 0,
      "OMWP": 0.4722,
      "GWP": 0.5625,
      "OGWP": 0.4579
    },
    {
      "Rank": 22,
      "Player": "s063",
      "Points": 9,
      "Wins": 0,
      "Losses": 0,
      "Draws": 0,
      "OMWP": 0.4833,
      "GWP": 0.5,
      "OGWP": 0.5081
    },
    {
      "Rank": 21,
      "Player": "WLS",
      "Points": 9,
      "Wins": 0,
      "Losses": 0,
      "Draws": 0,
      "OMWP": 0.5,
      "GWP": 0.5385,
      "OGWP": 0.479
    },
    {
      "Rank": 20,
      "Player": "BERNASTORRES",
      "Points": 9,
      "Wins": 0,
      "Losses": 0,
      "Draws": 0,
      "OMWP": 0.5111,
      "GWP": 0.4286,
      "OGWP": 0.4968
    },
    {
      "Rank": 19,
      "Player": "LukesMTG",
      "Points": 9,
      "Wins": 0,
      "Losses": 0,
      "Draws": 0,
      "OMWP": 0.5278,
      "GWP": 0.5294,
      "OGWP": 0.49479999999999996
    },
    {
      "Rank": 18,
      "Player": "BiggestBird",
      "Points": 9,
      "Wins": 0,
      "Losses": 0,
      "Draws": 0,
      "OMWP": 0.5333,
      "GWP": 0.5,
      "OGWP": 0.5036999999999999
    },
    {
      "Rank": 17,
      "Player": "DethFrmAbove",
      "Points": 9,
      "Wins": 0,
      "Losses": 0,
      "Draws": 0,
      "OMWP": 0.5832999999999999,
      "GWP": 0.5,
      "OGWP": 0.5341
    },
    {
      "Rank": 16,
      "Player": "adm29",
      "Points": 9,
      "Wins": 0,
      "Losses": 0,
      "Draws": 0,
      "OMWP": 0.6389,
      "GWP": 0.5,
      "OGWP": 0.5718
    },
    {
      "Rank": 15,
      "Player": "Dark_Shine",
      "Points": 12,
      "Wins": 0,
      "Losses": 0,
      "Draws": 0,
      "OMWP": 0.4167,
      "GWP": 0.6667000000000001,
      "OGWP": 0.4436
    },
    {
      "Rank": 14,
      "Player": "IpseVenenaBibas",
      "Points": 12,
      "Wins": 0,
      "Losses": 0,
      "Draws": 0,
      "OMWP": 0.4722,
      "GWP": 0.5882000000000001,
      "OGWP": 0.48469999999999996
    },
    {
      "Rank": 13,
      "Player": "crK",
      "Points": 12,
      "Wins": 0,
      "Losses": 0,
      "Draws": 0,
      "OMWP": 0.4722,
      "GWP": 0.6,
      "OGWP": 0.44299999999999995
    },
    {
      "Rank": 12,
      "Player": "cantillon",
      "Points": 12,
      "Wins": 0,
      "Losses": 0,
      "Draws": 0,
      "OMWP": 0.4833,
      "GWP": 0.6429,
      "OGWP": 0.4645
    },
    {
      "Rank": 11,
      "Player": "Montolio",
      "Points": 12,
      "Wins": 0,
      "Losses": 0,
      "Draws": 0,
      "OMWP": 0.5111,
      "GWP": 0.6,
      "OGWP": 0.48119999999999996
    },
    {
      "Rank": 10,
      "Player": "luvadepedreiro",
      "Points": 12,
      "Wins": 0,
      "Losses": 0,
      "Draws": 0,
      "OMWP": 0.5556,
      "GWP": 0.5294,
      "OGWP": 0.5463
    },
    {
      "Rank": 9,
      "Player": "WadeB",
      "Points": 12,
      "Wins": 0,
      "Losses": 0,
      "Draws": 0,
      "OMWP": 0.5832999999999999,
      "GWP": 0.5882000000000001,
      "OGWP": 0.5486
    },
    {
      "Rank": 8,
      "Player": "xDingusKhan",
      "Points": 12,
      "Wins": 0,
      "Losses": 0,
      "Draws": 0,
      "OMWP": 0.6111,
      "GWP": 0.5625,
      "OGWP": 0.5552
    },
    {
      "Rank": 7,
      "Player": "almana3",
      "Points": 12,
      "Wins": 0,
      "Losses": 0,
      "Draws": 0,
      "OMWP": 0.6111,
      "GWP": 0.5714,
      "OGWP": 0.5365
    },
    {
      "Rank": 6,
      "Player": "medvedev",
      "Points": 15,
      "Wins": 0,
      "Losses": 0,
      "Draws": 0,
      "OMWP": 0.5556,
      "GWP": 0.6667000000000001,
      "OGWP": 0.5128
    },
    {
      "Rank": 5,
      "Player": "hermanomlg",
      "Points": 15,
      "Wins": 0,
      "Losses": 0,
      "Draws": 0,
      "OMWP": 0.5832999999999999,
      "GWP": 0.6875,
      "OGWP": 0.5476
    },
    {
      "Rank": 4,
      "Player": "sixmp",
      "Points": 15,
      "Wins": 0,
      "Losses": 0,
      "Draws": 0,
      "OMWP": 0.6667000000000001,
      "GWP": 0.6429,
      "OGWP": 0.5625
    },
    {
      "Rank": 3,
      "Player": "LasVegasChaos",
      "Points": 18,
      "Wins": 0,
      "Losses": 0,
      "Draws": 0,
      "OMWP": 0.6667000000000001,
      "GWP": 0.625,
      "OGWP": 0.6102000000000001
    },
    {
      "Rank": 2,
      "Player": "bless_von",
      "Points": 21,
      "Wins": 0,
      "Losses": 0,
      "Draws": 0,
      "OMWP": 0.6111,
      "GWP": 0.7857,
      "OGWP": 0.5544
    },
    {
      "Rank": 1,
      "Player": "2plus2isfive",
      "Points": 24,
      "Wins": 0,
      "Losses": 0,
      "Draws": 0,
      "OMWP": 0.5832999999999999,
      "GWP": 0.6667000000000001,
      "OGWP": 0.5754
    }
  ]
}