{
  "Tournament": {
    "Id": 12801690,
    "Date": "2025-07-08T01:00:00",
    "Name": "Pioneer Challenge 32",
    "Uri": null,
    "JsonFile": null,
    "ForceRedownload": false
  },
  "Decks": null,
  "Rounds": [
    {
      "RoundName": "Round 1",
      "Matches": [
        {
          "Player1": "Theagent002",
          "Player2": "wcl",
          "Result": "2-1-0"
        },
        {
          "Player1": "Bezerra_da_Silva",
          "Player2": "groot02",
          "Result": "2-0-0"
        },
        {
          "Player1": "Cabezadebolo",
          "Player2": "choccy_milk",
          "Result": "0-2-0"
        },
        {
          "Player1": "LucasG1ggs",
          "Player2": "SuperCow12653",
          "Result": "2-0-0"
        },
        {
          "Player1": "_Batutinha_",
          "Player2": "Alico",
          "Result": "0-2-0"
        },
        {
          "Player1": "tchuco",
          "Player2": "deleon91",
          "Result": "0-2-0"
        },
        {
          "Player1": "kaikas",
          "Player2": "EdwardKenway",
          "Result": "0-2-0"
        },
        {
          "Player1": "hermanomlg",
          "Player2": "DarkBone",
          "Result": "0-2-0"
        },
        {
          "Player1": "Hernan72",
          "Player2": "xfile",
          "Result": "0-2-0"
        },
        {
          "Player1": "Andy_Over",
          "Player2": "_Siegfried",
          "Result": "0-2-0"
        },
        {
          "Player1": "novaschin22",
          "Player2": "Shulk",
          "Result": "0-2-0"
        },
        {
          "Player1": "Danielpena397",
          "Player2": "ElCucuy",
          "Result": "0-2-0"
        },
        {
          "Player1": "O_danielakos",
          "Player2": "Edraros3",
          "Result": "0-0-0"
        },
        {
          "Player1": "LuffyDoChapeuDePalha",
          "Player2": "PNascimento",
          "Result": "2-0-0"
        },
        {
          "Player1": "sandydogmtg",
          "Player2": "Nyataro",
          "Result": "0-2-0"
        },
        {
          "Player1": "xRagedFurballx",
          "Player2": "GzusReturned",
          "Result": "0-2-0"
        },
        {
          "Player1": "pokerswizard",
          "Player2": "Snover",
          "Result": "0-2-0"
        },
        {
          "Player1": "musasabi",
          "Player2": "_Chamytinho_",
          "Result": "0-2-0"
        },
        {
          "Player1": "Shadowz2005",
          "Player2": "Shuichi_Saito",
          "Result": "0-0-0"
        },
        {
          "Player1": "Capitano_CL",
          "Player2": "MatadorTCG2",
          "Result": "2-0-0"
        },
        {
          "Player1": "416FrowningTable",
          "Player2": "Wishful14",
          "Result": "2-0-0"
        },
        {
          "Player1": "ConnorM426",
          "Player2": "nahuel10",
          "Result": "2-0-0"
        },
        {
          "Player1": "moon11",
          "Player2": "chamaopai",
          "Result": "2-0-0"
        },
        {
          "Player1": "Venom1",
          "Player2": "VitorCarvalho01",
          "Result": "2-0-0"
        },
        {
          "Player1": "pat0presidente",
          "Player2": "EVhuner",
          "Result": "0-2-0"
        },
        {
          "Player1": "PedraStone",
          "Player2": "lpltraytonenjoyer",
          "Result": "2-0-0"
        },
        {
          "Player1": "Arianne",
          "Player2": "4UBro",
          "Result": "2-0-0"
        },
        {
          "Player1": "qbeczkowo",
          "Player2": "2345678",
          "Result": "0-2-0"
        }
      ]
    },
    {
      "RoundName": "Round 2",
      "Matches": [
        {
          "Player1": "Hernan72",
          "Player2": "lpltraytonenjoyer",
          "Result": "0-2-0"
        },
        {
          "Player1": "nahuel10",
          "Player2": "groot02",
          "Result": "0-2-0"
        },
        {
          "Player1": "Alico",
          "Player2": "Shuichi_Saito",
          "Result": "2-0-0"
        },
        {
          "Player1": "Shadowz2005",
          "Player2": "EdwardKenway",
          "Result": "2-0-0"
        },
        {
          "Player1": "Venom1",
          "Player2": "416FrowningTable",
          "Result": "2-0-0"
        },
        {
          "Player1": "pat0presidente",
          "Player2": "novaschin22",
          "Result": "2-0-0"
        },
        {
          "Player1": "O_danielakos",
          "Player2": "2345678",
          "Result": "2-0-0"
        },
        {
          "Player1": "wcl",
          "Player2": "VitorCarvalho01",
          "Result": "2-0-0"
        },
        {
          "Player1": "kaikas",
          "Player2": "MatadorTCG2",
          "Result": "2-0-0"
        },
        {
          "Player1": "pokerswizard",
          "Player2": "SuperCow12653",
          "Result": "2-0-0"
        },
        {
          "Player1": "Theagent002",
          "Player2": "Snover",
          "Result": "0-2-0"
        },
        {
          "Player1": "LucasG1ggs",
          "Player2": "Shulk",
          "Result": "0-2-0"
        },
        {
          "Player1": "deleon91",
          "Player2": "_Siegfried",
          "Result": "0-2-0"
        },
        {
          "Player1": "Ale_Mtg",
          "Player2": "ElCucuy",
          "Result": "0-2-0"
        },
        {
          "Player1": "choccy_milk",
          "Player2": "GzusReturned",
          "Result": "0-2-0"
        },
        {
          "Player1": "LuffyDoChapeuDePalha",
          "Player2": "xfile",
          "Result": "2-0-0"
        },
        {
          "Player1": "Nyataro",
          "Player2": "_Chamytinho_",
          "Result": "2-0-0"
        },
        {
          "Player1": "ConnorM426",
          "Player2": "moon11",
          "Result": "2-0-0"
        },
        {
          "Player1": "Capitano_CL",
          "Player2": "DarkBone",
          "Result": "2-0-0"
        },
        {
          "Player1": "Arianne",
          "Player2": "PedraStone",
          "Result": "2-0-0"
        },
        {
          "Player1": "Bezerra_da_Silva",
          "Player2": "EVhuner",
          "Result": "2-0-0"
        },
        {
          "Player1": "musasabi",
          "Player2": "4UBro",
          "Result": "0-2-0"
        },
        {
          "Player1": "hermanomlg",
          "Player2": "chamaopai",
          "Result": "0-0-0"
        },
        {
          "Player1": "_Batutinha_",
          "Player2": "PNascimento",
          "Result": "0-2-0"
        },
        {
          "Player1": "sandydogmtg",
          "Player2": "Danielpena397",
          "Result": "2-0-0"
        },
        {
          "Player1": "Andy_Over",
          "Player2": "Cabezadebolo",
          "Result": "2-0-0"
        },
        {
          "Player1": "tchuco",
          "Player2": "xRagedFurballx",
          "Result": "0-2-0"
        },
        {
          "Player1": "Wishful14",
          "Player2": "Edraros3",
          "Result": "0-2-0"
        }
      ]
    },
    {
      "RoundName": "Round 3",
      "Matches": [
        {
          "Player1": "musasabi",
          "Player2": "Danielpena397",
          "Result": "0-2-0"
        },
        {
          "Player1": "LucasG1ggs",
          "Player2": "4UBro",
          "Result": "2-0-0"
        },
        {
          "Player1": "deleon91",
          "Player2": "kaikas",
          "Result": "2-0-0"
        },
        {
          "Player1": "_Siegfried",
          "Player2": "Nyataro",
          "Result": "0-2-0"
        },
        {
          "Player1": "Shadowz2005",
          "Player2": "PedraStone",
          "Result": "0-2-0"
        },
        {
          "Player1": "Shulk",
          "Player2": "Bezerra_da_Silva",
          "Result": "2-0-0"
        },
        {
          "Player1": "VitorCarvalho01",
          "Player2": "chamaopai",
          "Result": "0-2-0"
        },
        {
          "Player1": "novaschin22",
          "Player2": "MatadorTCG2",
          "Result": "0-2-0"
        },
        {
          "Player1": "DarkBone",
          "Player2": "_Chamytinho_",
          "Result": "0-2-0"
        },
        {
          "Player1": "Capitano_CL",
          "Player2": "ElCucuy",
          "Result": "0-2-0"
        },
        {
          "Player1": "_Batutinha_",
          "Player2": "Shuichi_Saito",
          "Result": "2-0-0"
        },
        {
          "Player1": "416FrowningTable",
          "Player2": "groot02",
          "Result": "2-0-0"
        },
        {
          "Player1": "moon11",
          "Player2": "lpltraytonenjoyer",
          "Result": "0-2-0"
        },
        {
          "Player1": "pokerswizard",
          "Player2": "PNascimento",
          "Result": "0-0-0"
        },
        {
          "Player1": "hermanomlg",
          "Player2": "choccy_milk",
          "Result": "0-2-0"
        },
        {
          "Player1": "O_danielakos",
          "Player2": "ConnorM426",
          "Result": "2-0-0"
        },
        {
          "Player1": "sandydogmtg",
          "Player2": "Edraros3",
          "Result": "2-0-0"
        },
        {
          "Player1": "Hernan72",
          "Player2": "tchuco",
          "Result": "0-2-0"
        },
        {
          "Player1": "xRagedFurballx",
          "Player2": "EdwardKenway",
          "Result": "0-2-0"
        },
        {
          "Player1": "Theagent002",
          "Player2": "EVhuner",
          "Result": "2-0-0"
        },
        {
          "Player1": "Alico",
          "Player2": "GzusReturned",
          "Result": "0-2-0"
        },
        {
          "Player1": "Arianne",
          "Player2": "LuffyDoChapeuDePalha",
          "Result": "0-2-0"
        },
        {
          "Player1": "2345678",
          "Player2": "wcl",
          "Result": "2-0-0"
        },
        {
          "Player1": "Andy_Over",
          "Player2": "Ale_Mtg",
          "Result": "0-2-0"
        },
        {
          "Player1": "Venom1",
          "Player2": "Snover",
          "Result": "2-0-0"
        },
        {
          "Player1": "pat0presidente",
          "Player2": "xfile",
          "Result": "2-0-0"
        }
      ]
    },
    {
      "RoundName": "Round 4",
      "Matches": [
        {
          "Player1": "O_danielakos",
          "Player2": "Venom1",
          "Result": "0-2-0"
        },
        {
          "Player1": "novaschin22",
          "Player2": "VitorCarvalho01",
          "Result": "2-0-0"
        },
        {
          "Player1": "pokerswizard",
          "Player2": "_Batutinha_",
          "Result": "2-0-0"
        },
        {
          "Player1": "_Siegfried",
          "Player2": "EdwardKenway",
          "Result": "0-2-0"
        },
        {
          "Player1": "DarkBone",
          "Player2": "2345678",
          "Result": "0-2-0"
        },
        {
          "Player1": "LucasG1ggs",
          "Player2": "deleon91",
          "Result": "2-0-0"
        },
        {
          "Player1": "moon11",
          "Player2": "Danielpena397",
          "Result": "2-0-0"
        },
        {
          "Player1": "pat0presidente",
          "Player2": "PedraStone",
          "Result": "0-2-0"
        },
        {
          "Player1": "MatadorTCG2",
          "Player2": "chamaopai",
          "Result": "0-2-0"
        },
        {
          "Player1": "Arianne",
          "Player2": "choccy_milk",
          "Result": "2-0-0"
        },
        {
          "Player1": "Alico",
          "Player2": "Snover",
          "Result": "1-2-0"
        },
        {
          "Player1": "Theagent002",
          "Player2": "416FrowningTable",
          "Result": "0-2-0"
        },
        {
          "Player1": "GzusReturned",
          "Player2": "Shulk",
          "Result": "0-2-0"
        },
        {
          "Player1": "_Chamytinho_",
          "Player2": "PNascimento",
          "Result": "0-2-0"
        },
        {
          "Player1": "ConnorM426",
          "Player2": "Ale_Mtg",
          "Result": "0-2-0"
        },
        {
          "Player1": "xfile",
          "Player2": "xRagedFurballx",
          "Result": "0-0-0"
        },
        {
          "Player1": "Nyataro",
          "Player2": "ElCucuy",
          "Result": "2-0-0"
        },
        {
          "Player1": "sandydogmtg",
          "Player2": "Capitano_CL",
          "Result": "0-2-0"
        },
        {
          "Player1": "Edraros3",
          "Player2": "groot02",
          "Result": "0-2-0"
        },
        {
          "Player1": "Andy_Over",
          "Player2": "wcl",
          "Result": "0-2-0"
        },
        {
          "Player1": "Hernan72",
          "Player2": "Shuichi_Saito",
          "Result": "0-2-0"
        },
        {
          "Player1": "LuffyDoChapeuDePalha",
          "Player2": "Shadowz2005",
          "Result": "0-2-0"
        },
        {
          "Player1": "tchuco",
          "Player2": "4UBro",
          "Result": "2-0-0"
        },
        {
          "Player1": "lpltraytonenjoyer",
          "Player2": "Bezerra_da_Silva",
          "Result": "0-2-0"
        }
      ]
    },
    {
      "RoundName": "Round 5",
      "Matches": [
        {
          "Player1": "tchuco",
          "Player2": "_Chamytinho_",
          "Result": "2-0-0"
        },
        {
          "Player1": "ConnorM426",
          "Player2": "Bezerra_da_Silva",
          "Result": "0-2-0"
        },
        {
          "Player1": "deleon91",
          "Player2": "xRagedFurballx",
          "Result": "2-0-0"
        },
        {
          "Player1": "_Siegfried",
          "Player2": "lpltraytonenjoyer",
          "Result": "2-0-0"
        },
        {
          "Player1": "2345678",
          "Player2": "Snover",
          "Result": "2-0-0"
        },
        {
          "Player1": "DarkBone",
          "Player2": "MatadorTCG2",
          "Result": "2-0-0"
        },
        {
          "Player1": "LucasG1ggs",
          "Player2": "GzusReturned",
          "Result": "0-2-0"
        },
        {
          "Player1": "pokerswizard",
          "Player2": "wcl",
          "Result": "0-2-0"
        },
        {
          "Player1": "pat0presidente",
          "Player2": "Andy_Over",
          "Result": "2-0-0"
        },
        {
          "Player1": "ElCucuy",
          "Player2": "Shulk",
          "Result": "2-0-0"
        },
        {
          "Player1": "Alico",
          "Player2": "Theagent002",
          "Result": "0-2-0"
        },
        {
          "Player1": "LuffyDoChapeuDePalha",
          "Player2": "Ale_Mtg",
          "Result": "0-2-0"
        },
        {
          "Player1": "moon11",
          "Player2": "choccy_milk",
          "Result": "2-0-0"
        },
        {
          "Player1": "O_danielakos",
          "Player2": "416FrowningTable",
          "Result": "0-2-0"
        },
        {
          "Player1": "VitorCarvalho01",
          "Player2": "Shuichi_Saito",
          "Result": "0-2-0"
        },
        {
          "Player1": "Arianne",
          "Player2": "Shadowz2005",
          "Result": "2-1-0"
        },
        {
          "Player1": "Venom1",
          "Player2": "Nyataro",
          "Result": "1-2-0"
        },
        {
          "Player1": "Capitano_CL",
          "Player2": "EdwardKenway",
          "Result": "2-0-0"
        },
        {
          "Player1": "PNascimento",
          "Player2": "PedraStone",
          "Result": "0-2-0"
        },
        {
          "Player1": "_Batutinha_",
          "Player2": "novaschin22",
          "Result": "0-2-0"
        },
        {
          "Player1": "sandydogmtg",
          "Player2": "chamaopai",
          "Result": "2-0-0"
        }
      ]
    },
    {
      "RoundName": "Round 6",
      "Matches": [
        {
          "Player1": "LucasG1ggs",
          "Player2": "Snover",
          "Result": "2-0-0"
        },
        {
          "Player1": "O_danielakos",
          "Player2": "EdwardKenway",
          "Result": "2-0-0"
        },
        {
          "Player1": "Venom1",
          "Player2": "2345678",
          "Result": "0-0-0"
        },
        {
          "Player1": "Nyataro",
          "Player2": "Shulk",
          "Result": "0-2-0"
        },
        {
          "Player1": "MatadorTCG2",
          "Player2": "lpltraytonenjoyer",
          "Result": "2-1-0"
        },
        {
          "Player1": "deleon91",
          "Player2": "Shadowz2005",
          "Result": "2-0-0"
        },
        {
          "Player1": "moon11",
          "Player2": "PNascimento",
          "Result": "0-2-0"
        },
        {
          "Player1": "416FrowningTable",
          "Player2": "ElCucuy",
          "Result": "0-2-0"
        },
        {
          "Player1": "tchuco",
          "Player2": "wcl",
          "Result": "2-0-0"
        },
        {
          "Player1": "ConnorM426",
          "Player2": "_Chamytinho_",
          "Result": "0-2-0"
        },
        {
          "Player1": "pokerswizard",
          "Player2": "pat0presidente",
          "Result": "2-0-0"
        },
        {
          "Player1": "GzusReturned",
          "Player2": "PedraStone",
          "Result": "1-2-0"
        },
        {
          "Player1": "Alico",
          "Player2": "novaschin22",
          "Result": "0-2-0"
        },
        {
          "Player1": "Capitano_CL",
          "Player2": "Bezerra_da_Silva",
          "Result": "2-0-0"
        },
        {
          "Player1": "DarkBone",
          "Player2": "Shuichi_Saito",
          "Result": "0-2-0"
        },
        {
          "Player1": "Arianne",
          "Player2": "Ale_Mtg",
          "Result": "0-2-0"
        },
        {
          "Player1": "sandydogmtg",
          "Player2": "_Siegfried",
          "Result": "0-2-0"
        },
        {
          "Player1": "xRagedFurballx",
          "Player2": "chamaopai",
          "Result": "2-0-0"
        },
        {
          "Player1": "Theagent002",
          "Player2": "LuffyDoChapeuDePalha",
          "Result": "2-0-0"
        }
      ]
    },
    {
      "RoundName": "Round 7",
      "Matches": [
        {
          "Player1": "Ale_Mtg",
          "Player2": "PedraStone",
          "Result": "0-2-0"
        },
        {
          "Player1": "Capitano_CL",
          "Player2": "Nyataro",
          "Result": "0-2-0"
        },
        {
          "Player1": "Venom1",
          "Player2": "ElCucuy",
          "Result": "0-2-0"
        },
        {
          "Player1": "Shulk",
          "Player2": "2345678",
          "Result": "0-2-0"
        }
      ]
    },
    {
      "RoundName": "Round 8",
      "Matches": [
        {
          "Player1": "PedraStone",
          "Player2": "ElCucuy",
          "Result": "2-0-0"
        },
        {
          "Player1": "Nyataro",
          "Player2": "2345678",
          "Result": "0-0-0"
        }
      ]
    },
    {
      "RoundName": "Round 9",
      "Matches": [
        {
          "Player1": "2345678",
          "Player2": "PedraStone",
          "Result": "0-2-0"
        }
      ]
    }
  ],
  "Standings": [
    {
      "Rank": 57,
      "Player": "Cabezadebolo",
      "Points": 0,
      "Wins": 0,
      "Losses": 0,
      "Draws": 0,
      "OMWP": 0.3667,
      "GWP": 0.3333,
      "OGWP": 0.38689999999999997
    },
    {
      "Rank": 56,
      "Player": "musasabi",
      "Points": 0,
      "Wins": 0,
      "Losses": 0,
      "Draws": 0,
      "OMWP": 0.3889,
      "GWP": 0.25,
      "OGWP": 0.4379
    },
    {
      "Rank": 55,
      "Player": "nahuel10",
      "Points": 0,
      "Wins": 0,
      "Losses": 0,
      "Draws": 0,
      "OMWP": 0.4167,
      "GWP": 0.2,
      "OGWP": 0.5353
    },
    {
      "Rank": 54,
      "Player": "Hernan72",
      "Points": 0,
      "Wins": 0,
      "Losses": 0,
      "Draws": 0,
      "OMWP": 0.4583,
      "GWP": 0.2727,
      "OGWP": 0.4446
    },
    {
      "Rank": 53,
      "Player": "VitorCarvalho01",
      "Points": 0,
      "Wins": 0,
      "Losses": 0,
      "Draws": 0,
      "OMWP": 0.5,
      "GWP": 0,
      "OGWP": 0.5309
    },
    {
      "Rank": 52,
      "Player": "Wishful14",
      "Points": 0,
      "Wins": 0,
      "Losses": 0,
      "Draws": 0,
      "OMWP": 0.5,
      "GWP": 0.2,
      "OGWP": 0.4667
    },
    {
      "Rank": 51,
      "Player": "SuperCow12653",
      "Points": 0,
      "Wins": 0,
      "Losses": 0,
      "Draws": 0,
      "OMWP": 0.5832999999999999,
      "GWP": 0.3333,
      "OGWP": 0.519
    },
    {
      "Rank": 50,
      "Player": "qbeczkowo",
      "Points": 0,
      "Wins": 0,
      "Losses": 0,
      "Draws": 0,
      "OMWP": 0.8332999999999999,
      "GWP": 0.3333,
      "OGWP": 0.625
    },
    {
      "Rank": 49,
      "Player": "hermanomlg",
      "Points": 3,
      "Wins": 0,
      "Losses": 0,
      "Draws": 0,
      "OMWP": 0.3556,
      "GWP": 0.2857,
      "OGWP": 0.4008
    },
    {
      "Rank": 48,
      "Player": "xfile",
      "Points": 3,
      "Wins": 0,
      "Losses": 0,
      "Draws": 0,
      "OMWP": 0.4583,
      "GWP": 0.25,
      "OGWP": 0.4833
    },
    {
      "Rank": 47,
      "Player": "Edraros3",
      "Points": 3,
      "Wins": 0,
      "Losses": 0,
      "Draws": 0,
      "OMWP": 0.5,
      "GWP": 0.22219999999999998,
      "OGWP": 0.5179
    },
    {
      "Rank": 46,
      "Player": "_Batutinha_",
      "Points": 3,
      "Wins": 0,
      "Losses": 0,
      "Draws": 0,
      "OMWP": 0.5,
      "GWP": 0.2727,
      "OGWP": 0.5236999999999999
    },
    {
      "Rank": 45,
      "Player": "kaikas",
      "Points": 3,
      "Wins": 0,
      "Losses": 0,
      "Draws": 0,
      "OMWP": 0.5,
      "GWP": 0.2857,
      "OGWP": 0.515
    },
    {
      "Rank": 44,
      "Player": "Danielpena397",
      "Points": 3,
      "Wins": 0,
      "Losses": 0,
      "Draws": 0,
      "OMWP": 0.5417000000000001,
      "GWP": 0.3636,
      "OGWP": 0.4744
    },
    {
      "Rank": 43,
      "Player": "4UBro",
      "Points": 3,
      "Wins": 0,
      "Losses": 0,
      "Draws": 0,
      "OMWP": 0.5832999999999999,
      "GWP": 0.4167,
      "OGWP": 0.5095000000000001
    },
    {
      "Rank": 42,
      "Player": "EVhuner",
      "Points": 3,
      "Wins": 0,
      "Losses": 0,
      "Draws": 0,
      "OMWP": 0.6111,
      "GWP": 0.375,
      "OGWP": 0.5306000000000001
    },
    {
      "Rank": 41,
      "Player": "chamaopai",
      "Points": 6,
      "Wins": 0,
      "Losses": 0,
      "Draws": 0,
      "OMWP": 0.4167,
      "GWP": 0.4286,
      "OGWP": 0.4424
    },
    {
      "Rank": 40,
      "Player": "MatadorTCG2",
      "Points": 6,
      "Wins": 0,
      "Losses": 0,
      "Draws": 0,
      "OMWP": 0.44439999999999996,
      "GWP": 0.4118,
      "OGWP": 0.465
    },
    {
      "Rank": 39,
      "Player": "choccy_milk",
      "Points": 6,
      "Wins": 0,
      "Losses": 0,
      "Draws": 0,
      "OMWP": 0.5,
      "GWP": 0.4167,
      "OGWP": 0.4608
    },
    {
      "Rank": 38,
      "Player": "groot02",
      "Points": 6,
      "Wins": 0,
      "Losses": 0,
      "Draws": 0,
      "OMWP": 0.5,
      "GWP": 0.6,
      "OGWP": 0.449
    },
    {
      "Rank": 37,
      "Player": "Alico",
      "Points": 6,
      "Wins": 0,
      "Losses": 0,
      "Draws": 0,
      "OMWP": 0.5278,
      "GWP": 0.4375,
      "OGWP": 0.5168
    },
    {
      "Rank": 36,
      "Player": "DarkBone",
      "Points": 6,
      "Wins": 0,
      "Losses": 0,
      "Draws": 0,
      "OMWP": 0.5556,
      "GWP": 0.35710000000000003,
      "OGWP": 0.5152
    },
    {
      "Rank": 35,
      "Player": "lpltraytonenjoyer",
      "Points": 6,
      "Wins": 0,
      "Losses": 0,
      "Draws": 0,
      "OMWP": 0.5556,
      "GWP": 0.4118,
      "OGWP": 0.5024000000000001
    },
    {
      "Rank": 34,
      "Player": "Andy_Over",
      "Points": 6,
      "Wins": 0,
      "Losses": 0,
      "Draws": 0,
      "OMWP": 0.5667,
      "GWP": 0.35710000000000003,
      "OGWP": 0.5331
    },
    {
      "Rank": 33,
      "Player": "ConnorM426",
      "Points": 6,
      "Wins": 0,
      "Losses": 0,
      "Draws": 0,
      "OMWP": 0.5832999999999999,
      "GWP": 0.4706,
      "OGWP": 0.5338
    },
    {
      "Rank": 32,
      "Player": "Shuichi_Saito",
      "Points": 9,
      "Wins": 0,
      "Losses": 0,
      "Draws": 0,
      "OMWP": 0.3611,
      "GWP": 0.5,
      "OGWP": 0.3775
    },
    {
      "Rank": 31,
      "Player": "moon11",
      "Points": 9,
      "Wins": 0,
      "Losses": 0,
      "Draws": 0,
      "OMWP": 0.4,
      "GWP": 0.4375,
      "OGWP": 0.4557
    },
    {
      "Rank": 30,
      "Player": "novaschin22",
      "Points": 9,
      "Wins": 0,
      "Losses": 0,
      "Draws": 0,
      "OMWP": 0.44439999999999996,
      "GWP": 0.5714,
      "OGWP": 0.47700000000000004
    },
    {
      "Rank": 29,
      "Player": "pokerswizard",
      "Points": 9,
      "Wins": 0,
      "Losses": 0,
      "Draws": 0,
      "OMWP": 0.4722,
      "GWP": 0.4667,
      "OGWP": 0.47869999999999996
    },
    {
      "Rank": 28,
      "Player": "pat0presidente",
      "Points": 9,
      "Wins": 0,
      "Losses": 0,
      "Draws": 0,
      "OMWP": 0.4722,
      "GWP": 0.5,
      "OGWP": 0.4788
    },
    {
      "Rank": 27,
      "Player": "_Chamytinho_",
      "Points": 9,
      "Wins": 0,
      "Losses": 0,
      "Draws": 0,
      "OMWP": 0.5278,
      "GWP": 0.5333,
      "OGWP": 0.5085999999999999
    },
    {
      "Rank": 26,
      "Player": "xRagedFurballx",
      "Points": 9,
      "Wins": 0,
      "Losses": 0,
      "Draws": 0,
      "OMWP": 0.5278,
      "GWP": 0.6,
      "OGWP": 0.5047999999999999
    },
    {
      "Rank": 25,
      "Player": "wcl",
      "Points": 9,
      "Wins": 0,
      "Losses": 0,
      "Draws": 0,
      "OMWP": 0.5556,
      "GWP": 0.5294,
      "OGWP": 0.4797
    },
    {
      "Rank": 24,
      "Player": "sandydogmtg",
      "Points": 9,
      "Wins": 0,
      "Losses": 0,
      "Draws": 0,
      "OMWP": 0.5556,
      "GWP": 0.5385,
      "OGWP": 0.5101
    },
    {
      "Rank": 23,
      "Player": "EdwardKenway",
      "Points": 9,
      "Wins": 0,
      "Losses": 0,
      "Draws": 0,
      "OMWP": 0.5832999999999999,
      "GWP": 0.5333,
      "OGWP": 0.5375
    },
    {
      "Rank": 22,
      "Player": "Shadowz2005",
      "Points": 9,
      "Wins": 0,
      "Losses": 0,
      "Draws": 0,
      "OMWP": 0.6111,
      "GWP": 0.4706,
      "OGWP": 0.5838
    },
    {
      "Rank": 21,
      "Player": "LuffyDoChapeuDePalha",
      "Points": 9,
      "Wins": 0,
      "Losses": 0,
      "Draws": 0,
      "OMWP": 0.6111,
      "GWP": 0.5,
      "OGWP": 0.5631
    },
    {
      "Rank": 20,
      "Player": "Snover",
      "Points": 9,
      "Wins": 0,
      "Losses": 0,
      "Draws": 0,
      "OMWP": 0.6111,
      "GWP": 0.5333,
      "OGWP": 0.5479999999999999
    },
    {
      "Rank": 19,
      "Player": "tchuco",
      "Points": 12,
      "Wins": 0,
      "Losses": 0,
      "Draws": 0,
      "OMWP": 0.4722,
      "GWP": 0.5333,
      "OGWP": 0.5021
    },
    {
      "Rank": 18,
      "Player": "Theagent002",
      "Points": 12,
      "Wins": 0,
      "Losses": 0,
      "Draws": 0,
      "OMWP": 0.4722,
      "GWP": 0.5625,
      "OGWP": 0.4959
    },
    {
      "Rank": 17,
      "Player": "Bezerra_da_Silva",
      "Points": 12,
      "Wins": 0,
      "Losses": 0,
      "Draws": 0,
      "OMWP": 0.5278,
      "GWP": 0.5294,
      "OGWP": 0.5652
    },
    {
      "Rank": 16,
      "Player": "_Siegfried",
      "Points": 12,
      "Wins": 0,
      "Losses": 0,
      "Draws": 0,
      "OMWP": 0.5278,
      "GWP": 0.5333,
      "OGWP": 0.5257999999999999
    },
    {
      "Rank": 15,
      "Player": "PNascimento",
      "Points": 12,
      "Wins": 0,
      "Losses": 0,
      "Draws": 0,
      "OMWP": 0.5278,
      "GWP": 0.6429,
      "OGWP": 0.5067
    },
    {
      "Rank": 14,
      "Player": "LucasG1ggs",
      "Points": 12,
      "Wins": 0,
      "Losses": 0,
      "Draws": 0,
      "OMWP": 0.5556,
      "GWP": 0.5714,
      "OGWP": 0.5549000000000001
    },
    {
      "Rank": 13,
      "Player": "deleon91",
      "Points": 12,
      "Wins": 0,
      "Losses": 0,
      "Draws": 0,
      "OMWP": 0.5556,
      "GWP": 0.6,
      "OGWP": 0.507
    },
    {
      "Rank": 12,
      "Player": "O_danielakos",
      "Points": 12,
      "Wins": 0,
      "Losses": 0,
      "Draws": 0,
      "OMWP": 0.5556,
      "GWP": 0.6,
      "OGWP": 0.5312
    },
    {
      "Rank": 11,
      "Player": "Arianne",
      "Points": 12,
      "Wins": 0,
      "Losses": 0,
      "Draws": 0,
      "OMWP": 0.5667,
      "GWP": 0.6,
      "OGWP": 0.5571
    },
    {
      "Rank": 10,
      "Player": "GzusReturned",
      "Points": 12,
      "Wins": 0,
      "Losses": 0,
      "Draws": 0,
      "OMWP": 0.5943999999999999,
      "GWP": 0.6,
      "OGWP": 0.6068
    },
    {
      "Rank": 9,
      "Player": "416FrowningTable",
      "Points": 12,
      "Wins": 0,
      "Losses": 0,
      "Draws": 0,
      "OMWP": 0.6111,
      "GWP": 0.6,
      "OGWP": 0.5515
    },
    {
      "Rank": 8,
      "Player": "Venom1",
      "Points": 12,
      "Wins": 0,
      "Losses": 0,
      "Draws": 0,
      "OMWP": 0.6389,
      "GWP": 0.625,
      "OGWP": 0.5677
    },
    {
      "Rank": 7,
      "Player": "Capitano_CL",
      "Points": 15,
      "Wins": 0,
      "Losses": 0,
      "Draws": 0,
      "OMWP": 0.5278,
      "GWP": 0.6875,
      "OGWP": 0.49310000000000004
    },
    {
      "Rank": 6,
      "Player": "Ale_Mtg",
      "Points": 15,
      "Wins": 0,
      "Losses": 0,
      "Draws": 0,
      "OMWP": 0.5333,
      "GWP": 0.7692,
      "OGWP": 0.5032
    },
    {
      "Rank": 5,
      "Player": "Shulk",
      "Points": 15,
      "Wins": 0,
      "Losses": 0,
      "Draws": 0,
      "OMWP": 0.6944,
      "GWP": 0.8462000000000001,
      "OGWP": 0.5958
    },
    {
      "Rank": 4,
      "Player": "Nyataro",
      "Points": 18,
      "Wins": 0,
      "Losses": 0,
      "Draws": 0,
      "OMWP": 0.6667000000000001,
      "GWP": 0.7143,
      "OGWP": 0.6108
    },
    {
      "Rank": 3,
      "Player": "ElCucuy",
      "Points": 18,
      "Wins": 0,
      "Losses": 0,
      "Draws": 0,
      "OMWP": 0.7222,
      "GWP": 0.5882000000000001,
      "OGWP": 0.6635
    },
    {
      "Rank": 2,
      "Player": "2345678",
      "Points": 21,
      "Wins": 0,
      "Losses": 0,
      "Draws": 0,
      "OMWP": 0.5,
      "GWP": 0.625,
      "OGWP": 0.4964
    },
    {
      "Rank": 1,
      "Player": "PedraStone",
      "Points": 24,
      "Wins": 0,
      "Losses": 0,
      "Draws": 0,
      "OMWP": 0.5556,
      "GWP": 0.7692,
      "OGWP": 0.5375
    }
  ]
}