{
  "Tournament": {
    "Id": 12804861,
    "Date": "2025-07-24T18:00:00",
    "Name": "Duel Commander Trial 16",
    "Uri": null,
    "JsonFile": null,
    "ForceRedownload": false
  },
  "Decks": null,
  "Rounds": [
    {
      "RoundName": "Round 1",
      "Matches": [
        {
          "Player1": "Notoriouss",
          "Player2": "DuduDeNunu",
          "Result": "0-2-0"
        },
        {
          "Player1": "Dreddybajs",
          "Player2": "TVAmaral",
          "Result": "0-2-0"
        },
        {
          "Player1": "bernardocssa",
          "Player2": "GuiBonella",
          "Result": "2-0-0"
        },
        {
          "Player1": "albertoSD",
          "Player2": "kasa",
          "Result": "0-2-0"
        },
        {
          "Player1": "rinazina",
          "Player2": "yriel",
          "Result": "0-2-0"
        },
        {
          "Player1": "XS3sh1r0X",
          "Player2": "Belacoros",
          "Result": "2-0-0"
        },
        {
          "Player1": "JapaneseFisherman",
          "Player2": "Selfeisek",
          "Result": "2-0-0"
        },
        {
          "Player1": "Neptune17",
          "Player2": "Univerce",
          "Result": "2-0-0"
        },
        {
          "Player1": "sebastianpozzo",
          "Player2": "taku123",
          "Result": "2-0-0"
        },
        {
          "Player1": "dolly_d84",
          "Player2": "Beicodegeia",
          "Result": "2-0-0"
        },
        {
          "Player1": "ZacharyHaleComstock",
          "Player2": "NickNorman",
          "Result": "2-0-0"
        }
      ]
    },
    {
      "RoundName": "Round 2",
      "Matches": [
        {
          "Player1": "taku123",
          "Player2": "Beicodegeia",
          "Result": "2-0-0"
        },
        {
          "Player1": "TVAmaral",
          "Player2": "Belacoros",
          "Result": "2-0-0"
        },
        {
          "Player1": "DuduDeNunu",
          "Player2": "kasa",
          "Result": "2-0-0"
        },
        {
          "Player1": "JapaneseFisherman",
          "Player2": "Neptune17",
          "Result": "2-0-0"
        },
        {
          "Player1": "rinazina",
          "Player2": "Notoriouss",
          "Result": "0-2-0"
        },
        {
          "Player1": "XS3sh1r0X",
          "Player2": "ZacharyHaleComstock",
          "Result": "0-2-0"
        },
        {
          "Player1": "bernardocssa",
          "Player2": "yriel",
          "Result": "2-0-0"
        },
        {
          "Player1": "albertoSD",
          "Player2": "GuiBonella",
          "Result": "0-2-0"
        },
        {
          "Player1": "Selfeisek",
          "Player2": "Univerce",
          "Result": "0-2-0"
        },
        {
          "Player1": "Dreddybajs",
          "Player2": "NickNorman",
          "Result": "0-2-0"
        },
        {
          "Player1": "sebastianpozzo",
          "Player2": "dolly_d84",
          "Result": "0-2-0"
        }
      ]
    },
    {
      "RoundName": "Round 3",
      "Matches": [
        {
          "Player1": "ZacharyHaleComstock",
          "Player2": "DuduDeNunu",
          "Result": "2-0-0"
        },
        {
          "Player1": "sebastianpozzo",
          "Player2": "kasa",
          "Result": "0-2-0"
        },
        {
          "Player1": "XS3sh1r0X",
          "Player2": "Univerce",
          "Result": "0-2-0"
        },
        {
          "Player1": "dolly_d84",
          "Player2": "bernardocssa",
          "Result": "0-2-0"
        },
        {
          "Player1": "JapaneseFisherman",
          "Player2": "TVAmaral",
          "Result": "2-0-0"
        },
        {
          "Player1": "taku123",
          "Player2": "Notoriouss",
          "Result": "0-2-0"
        },
        {
          "Player1": "Beicodegeia",
          "Player2": "Belacoros",
          "Result": "0-2-0"
        },
        {
          "Player1": "Dreddybajs",
          "Player2": "Selfeisek",
          "Result": "2-0-0"
        },
        {
          "Player1": "NickNorman",
          "Player2": "Neptune17",
          "Result": "0-2-0"
        },
        {
          "Player1": "GuiBonella",
          "Player2": "yriel",
          "Result": "0-2-0"
        }
      ]
    },
    {
      "RoundName": "Round 4",
      "Matches": [
        {
          "Player1": "Neptune17",
          "Player2": "TVAmaral",
          "Result": "0-2-0"
        },
        {
          "Player1": "JapaneseFisherman",
          "Player2": "ZacharyHaleComstock",
          "Result": "0-2-0"
        },
        {
          "Player1": "Dreddybajs",
          "Player2": "taku123",
          "Result": "0-2-0"
        },
        {
          "Player1": "bernardocssa",
          "Player2": "kasa",
          "Result": "0-2-0"
        },
        {
          "Player1": "sebastianpozzo",
          "Player2": "Belacoros",
          "Result": "0-2-0"
        },
        {
          "Player1": "XS3sh1r0X",
          "Player2": "GuiBonella",
          "Result": "0-2-0"
        },
        {
          "Player1": "Univerce",
          "Player2": "Notoriouss",
          "Result": "0-0-0"
        },
        {
          "Player1": "dolly_d84",
          "Player2": "yriel",
          "Result": "0-2-0"
        },
        {
          "Player1": "NickNorman",
          "Player2": "DuduDeNunu",
          "Result": "2-0-0"
        }
      ]
    },
    {
      "RoundName": "Round 5",
      "Matches": [
        {
          "Player1": "XS3sh1r0X",
          "Player2": "Selfeisek",
          "Result": "0-0-0"
        },
        {
          "Player1": "dolly_d84",
          "Player2": "Neptune17",
          "Result": "0-2-0"
        },
        {
          "Player1": "Univerce",
          "Player2": "TVAmaral",
          "Result": "0-2-0"
        },
        {
          "Player1": "GuiBonella",
          "Player2": "taku123",
          "Result": "2-0-0"
        },
        {
          "Player1": "kasa",
          "Player2": "Notoriouss",
          "Result": "0-2-0"
        },
        {
          "Player1": "sebastianpozzo",
          "Player2": "DuduDeNunu",
          "Result": "2-0-0"
        },
        {
          "Player1": "JapaneseFisherman",
          "Player2": "bernardocssa",
          "Result": "2-0-0"
        },
        {
          "Player1": "ZacharyHaleComstock",
          "Player2": "yriel",
          "Result": "0-2-0"
        },
        {
          "Player1": "NickNorman",
          "Player2": "Belacoros",
          "Result": "0-2-0"
        }
      ]
    },
    {
      "RoundName": "Round 6",
      "Matches": [
        {
          "Player1": "ZacharyHaleComstock",
          "Player2": "Notoriouss",
          "Result": "2-0-0"
        },
        {
          "Player1": "Neptune17",
          "Player2": "TVAmaral",
          "Result": "0-2-0"
        },
        {
          "Player1": "JapaneseFisherman",
          "Player2": "kasa",
          "Result": "2-0-0"
        },
        {
          "Player1": "bernardocssa",
          "Player2": "yriel",
          "Result": "0-2-0"
        }
      ]
    },
    {
      "RoundName": "Round 7",
      "Matches": [
        {
          "Player1": "JapaneseFisherman",
          "Player2": "ZacharyHaleComstock",
          "Result": "2-0-0"
        },
        {
          "Player1": "yriel",
          "Player2": "TVAmaral",
          "Result": "2-0-0"
        }
      ]
    },
    {
      "RoundName": "Round 8",
      "Matches": [
        {
          "Player1": "JapaneseFisherman",
          "Player2": "yriel",
          "Result": "0-2-0"
        }
      ]
    }
  ],
  "Standings": [
    {
      "Rank": 22,
      "Player": "Beicodegeia",
      "Points": 0,
      "Wins": 0,
      "Losses": 0,
      "Draws": 0,
      "OMWP": 0.4667,
      "GWP": 0.3333,
      "OGWP": 0.5146999999999999
    },
    {
      "Rank": 21,
      "Player": "albertoSD",
      "Points": 0,
      "Wins": 0,
      "Losses": 0,
      "Draws": 0,
      "OMWP": 0.6,
      "GWP": 0.2,
      "OGWP": 0.5832999999999999
    },
    {
      "Rank": 20,
      "Player": "rinazina",
      "Points": 0,
      "Wins": 0,
      "Losses": 0,
      "Draws": 0,
      "OMWP": 0.8,
      "GWP": 0.2,
      "OGWP": 0.6676000000000001
    },
    {
      "Rank": 19,
      "Player": "Dreddybajs",
      "Points": 3,
      "Wins": 0,
      "Losses": 0,
      "Draws": 0,
      "OMWP": 0.5,
      "GWP": 0.25,
      "OGWP": 0.5135000000000001
    },
    {
      "Rank": 18,
      "Player": "XS3sh1r0X",
      "Points": 3,
      "Wins": 0,
      "Losses": 0,
      "Draws": 0,
      "OMWP": 0.56,
      "GWP": 0.25,
      "OGWP": 0.5388000000000001
    },
    {
      "Rank": 17,
      "Player": "Selfeisek",
      "Points": 6,
      "Wins": 0,
      "Losses": 0,
      "Draws": 0,
      "OMWP": 0.4667,
      "GWP": 0.4,
      "OGWP": 0.43450000000000005
    },
    {
      "Rank": 16,
      "Player": "sebastianpozzo",
      "Points": 6,
      "Wins": 0,
      "Losses": 0,
      "Draws": 0,
      "OMWP": 0.48,
      "GWP": 0.3846,
      "OGWP": 0.5112
    },
    {
      "Rank": 15,
      "Player": "taku123",
      "Points": 6,
      "Wins": 0,
      "Losses": 0,
      "Draws": 0,
      "OMWP": 0.49329999999999996,
      "GWP": 0.5,
      "OGWP": 0.45549999999999996
    },
    {
      "Rank": 14,
      "Player": "dolly_d84",
      "Points": 6,
      "Wins": 0,
      "Losses": 0,
      "Draws": 0,
      "OMWP": 0.5467,
      "GWP": 0.4286,
      "OGWP": 0.5064
    },
    {
      "Rank": 13,
      "Player": "NickNorman",
      "Points": 6,
      "Wins": 0,
      "Losses": 0,
      "Draws": 0,
      "OMWP": 0.5467,
      "GWP": 0.46149999999999997,
      "OGWP": 0.5255
    },
    {
      "Rank": 12,
      "Player": "Univerce",
      "Points": 6,
      "Wins": 0,
      "Losses": 0,
      "Draws": 0,
      "OMWP": 0.5867,
      "GWP": 0.4286,
      "OGWP": 0.5304
    },
    {
      "Rank": 11,
      "Player": "DuduDeNunu",
      "Points": 6,
      "Wins": 0,
      "Losses": 0,
      "Draws": 0,
      "OMWP": 0.6,
      "GWP": 0.4286,
      "OGWP": 0.5478000000000001
    },
    {
      "Rank": 10,
      "Player": "Belacoros",
      "Points": 9,
      "Wins": 0,
      "Losses": 0,
      "Draws": 0,
      "OMWP": 0.4533,
      "GWP": 0.6154,
      "OGWP": 0.441
    },
    {
      "Rank": 9,
      "Player": "GuiBonella",
      "Points": 9,
      "Wins": 0,
      "Losses": 0,
      "Draws": 0,
      "OMWP": 0.49329999999999996,
      "GWP": 0.5832999999999999,
      "OGWP": 0.47950000000000004
    },
    {
      "Rank": 8,
      "Player": "kasa",
      "Points": 9,
      "Wins": 0,
      "Losses": 0,
      "Draws": 0,
      "OMWP": 0.5067,
      "GWP": 0.5832999999999999,
      "OGWP": 0.4656
    },
    {
      "Rank": 7,
      "Player": "Neptune17",
      "Points": 9,
      "Wins": 0,
      "Losses": 0,
      "Draws": 0,
      "OMWP": 0.56,
      "GWP": 0.5832999999999999,
      "OGWP": 0.5307999999999999
    },
    {
      "Rank": 6,
      "Player": "bernardocssa",
      "Points": 9,
      "Wins": 0,
      "Losses": 0,
      "Draws": 0,
      "OMWP": 0.64,
      "GWP": 0.5385,
      "OGWP": 0.5861
    },
    {
      "Rank": 5,
      "Player": "Notoriouss",
      "Points": 12,
      "Wins": 0,
      "Losses": 0,
      "Draws": 0,
      "OMWP": 0.4267,
      "GWP": 0.6429,
      "OGWP": 0.4548
    },
    {
      "Rank": 4,
      "Player": "ZacharyHaleComstock",
      "Points": 15,
      "Wins": 0,
      "Losses": 0,
      "Draws": 0,
      "OMWP": 0.5467,
      "GWP": 0.6667000000000001,
      "OGWP": 0.5117
    },
    {
      "Rank": 3,
      "Player": "TVAmaral",
      "Points": 15,
      "Wins": 0,
      "Losses": 0,
      "Draws": 0,
      "OMWP": 0.5467,
      "GWP": 0.6923,
      "OGWP": 0.5207
    },
    {
      "Rank": 2,
      "Player": "JapaneseFisherman",
      "Points": 18,
      "Wins": 0,
      "Losses": 0,
      "Draws": 0,
      "OMWP": 0.64,
      "GWP": 0.6429,
      "OGWP": 0.5761999999999999
    },
    {
      "Rank": 1,
      "Player": "yriel",
      "Points": 21,
      "Wins": 0,
      "Losses": 0,
      "Draws": 0,
      "OMWP": 0.5467,
      "GWP": 0.6923,
      "OGWP": 0.5101
    }
  ]
}