{
  "Tournament": {
    "Id": 12804858,
    "Date": "2025-07-24T15:00:00",
    "Name": "Modern Challenge 64",
    "Uri": null,
    "JsonFile": null,
    "ForceRedownload": false
  },
  "Decks": null,
  "Rounds": [
    {
      "RoundName": "Round 1",
      "Matches": [
        {
          "Player1": "Capitano_CL",
          "Player2": "Rashek",
          "Result": "0-0-0"
        },
        {
          "Player1": "Alakai",
          "Player2": "SN0RX",
          "Result": "0-2-0"
        },
        {
          "Player1": "DylanGregory",
          "Player2": "wzanotti",
          "Result": "0-2-0"
        },
        {
          "Player1": "gpowerone",
          "Player2": "Traumatismes",
          "Result": "2-0-0"
        },
        {
          "Player1": "TheManLand",
          "Player2": "_Falcon_",
          "Result": "2-0-0"
        },
        {
          "Player1": "O_danielakos",
          "Player2": "Walri",
          "Result": "2-0-0"
        },
        {
          "Player1": "PabloFigueroa",
          "Player2": "jvidarte",
          "Result": "2-0-0"
        },
        {
          "Player1": "justAlice",
          "Player2": "draco09",
          "Result": "2-0-0"
        },
        {
          "Player1": "jbl2311",
          "Player2": "E90_DeliveryBoy",
          "Result": "2-0-0"
        },
        {
          "Player1": "Takayama",
          "Player2": "NashEquilibrium1950",
          "Result": "0-2-0"
        },
        {
          "Player1": "Sarlanga",
          "Player2": "kanister",
          "Result": "0-2-0"
        },
        {
          "Player1": "Franticore",
          "Player2": "NickBolas90",
          "Result": "0-0-0"
        },
        {
          "Player1": "OkoDio",
          "Player2": "pizzangry",
          "Result": "2-0-0"
        },
        {
          "Player1": "salad",
          "Player2": "TSPJendrek",
          "Result": "0-2-0"
        },
        {
          "Player1": "roter_Erzengel",
          "Player2": "ejk",
          "Result": "2-0-0"
        },
        {
          "Player1": "simmons3333",
          "Player2": "_IlNano_",
          "Result": "2-0-0"
        },
        {
          "Player1": "DrPP",
          "Player2": "chamaopai",
          "Result": "2-0-0"
        },
        {
          "Player1": "Deathmaxx",
          "Player2": "fudgems",
          "Result": "2-0-0"
        },
        {
          "Player1": "Lollopollo2001",
          "Player2": "klien7",
          "Result": "0-2-0"
        },
        {
          "Player1": "vegasonee",
          "Player2": "Ale_Mtg",
          "Result": "0-0-0"
        },
        {
          "Player1": "_Tia93_",
          "Player2": "EL_Zanetti",
          "Result": "0-2-0"
        },
        {
          "Player1": "hugofreitas1",
          "Player2": "Mistakenn",
          "Result": "0-2-0"
        },
        {
          "Player1": "Omegauo",
          "Player2": "levunga21",
          "Result": "2-0-0"
        },
        {
          "Player1": "gooplay1",
          "Player2": "Univerce",
          "Result": "0-2-0"
        },
        {
          "Player1": "WanderingOnes",
          "Player2": "twangygnome",
          "Result": "2-0-0"
        },
        {
          "Player1": "LordEgg",
          "Player2": "maytwer",
          "Result": "2-0-0"
        },
        {
          "Player1": "sebastianpozzo",
          "Player2": "Sven745",
          "Result": "2-0-0"
        },
        {
          "Player1": "Misplacedginger",
          "Player2": "PTarts2win",
          "Result": "2-0-0"
        },
        {
          "Player1": "Mogged",
          "Player2": "reidq7",
          "Result": "2-0-0"
        },
        {
          "Player1": "ShadowTitan1",
          "Player2": "BurnMann",
          "Result": "0-2-0"
        },
        {
          "Player1": "malattia96",
          "Player2": "unworldlyorigin",
          "Result": "2-0-0"
        },
        {
          "Player1": "yriel",
          "Player2": "Delta_Sanku",
          "Result": "2-0-0"
        },
        {
          "Player1": "MJ_23",
          "Player2": "VictorEsquici",
          "Result": "0-2-0"
        },
        {
          "Player1": "Lobanovski",
          "Player2": "AgentLion09",
          "Result": "2-0-0"
        },
        {
          "Player1": "Nuserdog",
          "Player2": "alessandro81",
          "Result": "0-2-0"
        },
        {
          "Player1": "amin0e",
          "Player2": "groot02",
          "Result": "0-2-0"
        },
        {
          "Player1": "rastaf",
          "Player2": "mikeleee",
          "Result": "0-2-0"
        },
        {
          "Player1": "DiamondCommando",
          "Player2": "NormanCar",
          "Result": "0-2-0"
        },
        {
          "Player1": "MTGHolic",
          "Player2": "jackie42005",
          "Result": "2-0-0"
        },
        {
          "Player1": "McWinSauce",
          "Player2": "Promilx",
          "Result": "2-0-0"
        },
        {
          "Player1": "Erik157751",
          "Player2": "Sherlock-95",
          "Result": "0-2-0"
        },
        {
          "Player1": "medvedev",
          "Player2": "elBB",
          "Result": "2-0-0"
        },
        {
          "Player1": "marcofabrizi",
          "Player2": "Linden_43",
          "Result": "2-0-0"
        },
        {
          "Player1": "sokos13",
          "Player2": "oosunq",
          "Result": "2-0-0"
        },
        {
          "Player1": "ShowTime_",
          "Player2": "baksakal",
          "Result": "2-0-0"
        },
        {
          "Player1": "Aardos",
          "Player2": "bless_von",
          "Result": "2-0-0"
        }
      ]
    },
    {
      "RoundName": "Round 2",
      "Matches": [
        {
          "Player1": "E90_DeliveryBoy",
          "Player2": "Takayama",
          "Result": "2-0-0"
        },
        {
          "Player1": "maytwer",
          "Player2": "Erik157751",
          "Result": "0-2-0"
        },
        {
          "Player1": "PTarts2win",
          "Player2": "ShadowTitan1",
          "Result": "2-0-0"
        },
        {
          "Player1": "LordEgg",
          "Player2": "Mistakenn",
          "Result": "2-0-0"
        },
        {
          "Player1": "Alakai",
          "Player2": "twangygnome",
          "Result": "2-0-0"
        },
        {
          "Player1": "vegasonee",
          "Player2": "SN0RX",
          "Result": "1-2-0"
        },
        {
          "Player1": "oosunq",
          "Player2": "Traumatismes",
          "Result": "0-2-0"
        },
        {
          "Player1": "Aardos",
          "Player2": "malattia96",
          "Result": "0-2-0"
        },
        {
          "Player1": "Capitano_CL",
          "Player2": "alessandro81",
          "Result": "0-2-0"
        },
        {
          "Player1": "sebastianpozzo",
          "Player2": "TheManLand",
          "Result": "2-0-0"
        },
        {
          "Player1": "marcofabrizi",
          "Player2": "VictorEsquici",
          "Result": "2-0-0"
        },
        {
          "Player1": "MTGHolic",
          "Player2": "wzanotti",
          "Result": "0-2-0"
        },
        {
          "Player1": "Sarlanga",
          "Player2": "Delta_Sanku",
          "Result": "2-0-0"
        },
        {
          "Player1": "Lollopollo2001",
          "Player2": "reidq7",
          "Result": "2-0-0"
        },
        {
          "Player1": "Misplacedginger",
          "Player2": "Univerce",
          "Result": "2-0-0"
        },
        {
          "Player1": "ShowTime_",
          "Player2": "OkoDio",
          "Result": "2-0-0"
        },
        {
          "Player1": "levunga21",
          "Player2": "salad",
          "Result": "0-2-0"
        },
        {
          "Player1": "sokos13",
          "Player2": "mikeleee",
          "Result": "0-0-0"
        },
        {
          "Player1": "simmons3333",
          "Player2": "PabloFigueroa",
          "Result": "0-2-0"
        },
        {
          "Player1": "NickBolas90",
          "Player2": "chamaopai",
          "Result": "0-2-0"
        },
        {
          "Player1": "klien7",
          "Player2": "Sherlock-95",
          "Result": "2-0-0"
        },
        {
          "Player1": "MJ_23",
          "Player2": "AgentLion09",
          "Result": "2-0-0"
        },
        {
          "Player1": "yriel",
          "Player2": "groot02",
          "Result": "0-2-0"
        },
        {
          "Player1": "Linden_43",
          "Player2": "amin0e",
          "Result": "2-0-0"
        },
        {
          "Player1": "Ale_Mtg",
          "Player2": "Promilx",
          "Result": "2-0-0"
        },
        {
          "Player1": "BurnMann",
          "Player2": "NashEquilibrium1950",
          "Result": "0-2-0"
        },
        {
          "Player1": "_IlNano_",
          "Player2": "jackie42005",
          "Result": "2-0-0"
        },
        {
          "Player1": "Mogged",
          "Player2": "Deathmaxx",
          "Result": "2-0-0"
        },
        {
          "Player1": "jvidarte",
          "Player2": "Walri",
          "Result": "2-0-0"
        },
        {
          "Player1": "McWinSauce",
          "Player2": "EL_Zanetti",
          "Result": "2-0-0"
        },
        {
          "Player1": "Lobanovski",
          "Player2": "NormanCar",
          "Result": "0-0-0"
        },
        {
          "Player1": "gpowerone",
          "Player2": "DrPP",
          "Result": "2-1-0"
        },
        {
          "Player1": "ejk",
          "Player2": "DiamondCommando",
          "Result": "0-2-0"
        },
        {
          "Player1": "hugofreitas1",
          "Player2": "Sven745",
          "Result": "0-2-0"
        },
        {
          "Player1": "TSPJendrek",
          "Player2": "justAlice",
          "Result": "2-0-0"
        },
        {
          "Player1": "_Tia93_",
          "Player2": "unworldlyorigin",
          "Result": "2-0-0"
        },
        {
          "Player1": "bless_von",
          "Player2": "pizzangry",
          "Result": "2-0-0"
        },
        {
          "Player1": "gooplay1",
          "Player2": "fudgems",
          "Result": "0-2-0"
        },
        {
          "Player1": "Omegauo",
          "Player2": "WanderingOnes",
          "Result": "2-0-0"
        },
        {
          "Player1": "O_danielakos",
          "Player2": "kanister",
          "Result": "2-0-0"
        },
        {
          "Player1": "DylanGregory",
          "Player2": "draco09",
          "Result": "2-0-0"
        },
        {
          "Player1": "_Falcon_",
          "Player2": "Rashek",
          "Result": "0-2-0"
        },
        {
          "Player1": "roter_Erzengel",
          "Player2": "medvedev",
          "Result": "0-2-0"
        },
        {
          "Player1": "Franticore",
          "Player2": "jbl2311",
          "Result": "0-2-0"
        },
        {
          "Player1": "rastaf",
          "Player2": "elBB",
          "Result": "0-0-0"
        }
      ]
    },
    {
      "RoundName": "Round 3",
      "Matches": [
        {
          "Player1": "bless_von",
          "Player2": "yriel",
          "Result": "0-2-0"
        },
        {
          "Player1": "Lollopollo2001",
          "Player2": "Sherlock-95",
          "Result": "2-0-0"
        },
        {
          "Player1": "ejk",
          "Player2": "elBB",
          "Result": "0-2-0"
        },
        {
          "Player1": "Mistakenn",
          "Player2": "jvidarte",
          "Result": "0-2-0"
        },
        {
          "Player1": "Erik157751",
          "Player2": "mikeleee",
          "Result": "2-0-0"
        },
        {
          "Player1": "groot02",
          "Player2": "NormanCar",
          "Result": "2-0-0"
        },
        {
          "Player1": "Mogged",
          "Player2": "klien7",
          "Result": "2-0-0"
        },
        {
          "Player1": "hugofreitas1",
          "Player2": "jackie42005",
          "Result": "2-0-0"
        },
        {
          "Player1": "Alakai",
          "Player2": "Franticore",
          "Result": "2-0-0"
        },
        {
          "Player1": "sebastianpozzo",
          "Player2": "O_danielakos",
          "Result": "2-0-0"
        },
        {
          "Player1": "MJ_23",
          "Player2": "PTarts2win",
          "Result": "0-2-0"
        },
        {
          "Player1": "LordEgg",
          "Player2": "TSPJendrek",
          "Result": "0-2-0"
        },
        {
          "Player1": "Misplacedginger",
          "Player2": "marcofabrizi",
          "Result": "0-2-0"
        },
        {
          "Player1": "TheManLand",
          "Player2": "NashEquilibrium1950",
          "Result": "2-0-0"
        },
        {
          "Player1": "DrPP",
          "Player2": "DiamondCommando",
          "Result": "0-0-0"
        },
        {
          "Player1": "Aardos",
          "Player2": "Univerce",
          "Result": "2-0-0"
        },
        {
          "Player1": "kanister",
          "Player2": "OkoDio",
          "Result": "2-0-0"
        },
        {
          "Player1": "gpowerone",
          "Player2": "alessandro81",
          "Result": "2-0-0"
        },
        {
          "Player1": "Omegauo",
          "Player2": "PabloFigueroa",
          "Result": "2-0-0"
        },
        {
          "Player1": "rastaf",
          "Player2": "BurnMann",
          "Result": "0-2-0"
        },
        {
          "Player1": "VictorEsquici",
          "Player2": "chamaopai",
          "Result": "2-0-0"
        },
        {
          "Player1": "Lobanovski",
          "Player2": "Sven745",
          "Result": "2-0-0"
        },
        {
          "Player1": "MTGHolic",
          "Player2": "E90_DeliveryBoy",
          "Result": "0-2-0"
        },
        {
          "Player1": "medvedev",
          "Player2": "jbl2311",
          "Result": "0-2-0"
        },
        {
          "Player1": "Sarlanga",
          "Player2": "Nuserdog",
          "Result": "0-2-0"
        },
        {
          "Player1": "vegasonee",
          "Player2": "Rashek",
          "Result": "2-0-0"
        },
        {
          "Player1": "gooplay1",
          "Player2": "justAlice",
          "Result": "0-2-0"
        },
        {
          "Player1": "Capitano_CL",
          "Player2": "Deathmaxx",
          "Result": "2-0-0"
        },
        {
          "Player1": "_Falcon_",
          "Player2": "AgentLion09",
          "Result": "0-2-0"
        },
        {
          "Player1": "_Tia93_",
          "Player2": "fudgems",
          "Result": "2-0-0"
        },
        {
          "Player1": "_IlNano_",
          "Player2": "EL_Zanetti",
          "Result": "0-2-0"
        },
        {
          "Player1": "roter_Erzengel",
          "Player2": "DylanGregory",
          "Result": "0-2-0"
        },
        {
          "Player1": "Delta_Sanku",
          "Player2": "draco09",
          "Result": "0-2-0"
        },
        {
          "Player1": "simmons3333",
          "Player2": "salad",
          "Result": "0-2-0"
        },
        {
          "Player1": "McWinSauce",
          "Player2": "wzanotti",
          "Result": "2-0-0"
        },
        {
          "Player1": "sokos13",
          "Player2": "ShowTime_",
          "Result": "1-2-0"
        },
        {
          "Player1": "WanderingOnes",
          "Player2": "Linden_43",
          "Result": "0-2-0"
        },
        {
          "Player1": "SN0RX",
          "Player2": "malattia96",
          "Result": "0-2-0"
        },
        {
          "Player1": "Ale_Mtg",
          "Player2": "Traumatismes",
          "Result": "2-0-0"
        }
      ]
    },
    {
      "RoundName": "Round 4",
      "Matches": [
        {
          "Player1": "Rashek",
          "Player2": "chamaopai",
          "Result": "0-0-0"
        },
        {
          "Player1": "alessandro81",
          "Player2": "NormanCar",
          "Result": "2-0-0"
        },
        {
          "Player1": "MJ_23",
          "Player2": "Deathmaxx",
          "Result": "2-0-0"
        },
        {
          "Player1": "wzanotti",
          "Player2": "groot02",
          "Result": "0-2-0"
        },
        {
          "Player1": "DiamondCommando",
          "Player2": "Delta_Sanku",
          "Result": "2-0-0"
        },
        {
          "Player1": "Mogged",
          "Player2": "malattia96",
          "Result": "0-2-0"
        },
        {
          "Player1": "WanderingOnes",
          "Player2": "Franticore",
          "Result": "0-2-0"
        },
        {
          "Player1": "_Tia93_",
          "Player2": "jvidarte",
          "Result": "2-0-0"
        },
        {
          "Player1": "salad",
          "Player2": "NashEquilibrium1950",
          "Result": "0-0-0"
        },
        {
          "Player1": "Traumatismes",
          "Player2": "elBB",
          "Result": "0-2-0"
        },
        {
          "Player1": "klien7",
          "Player2": "VictorEsquici",
          "Result": "2-0-0"
        },
        {
          "Player1": "TheManLand",
          "Player2": "Lobanovski",
          "Result": "0-2-0"
        },
        {
          "Player1": "Alakai",
          "Player2": "justAlice",
          "Result": "2-0-0"
        },
        {
          "Player1": "sokos13",
          "Player2": "SN0RX",
          "Result": "2-0-0"
        },
        {
          "Player1": "McWinSauce",
          "Player2": "ShowTime_",
          "Result": "0-2-0"
        },
        {
          "Player1": "Aardos",
          "Player2": "PTarts2win",
          "Result": "2-0-0"
        },
        {
          "Player1": "OkoDio",
          "Player2": "Linden_43",
          "Result": "0-0-0"
        },
        {
          "Player1": "Omegauo",
          "Player2": "gpowerone",
          "Result": "2-0-0"
        },
        {
          "Player1": "kanister",
          "Player2": "BurnMann",
          "Result": "0-2-0"
        },
        {
          "Player1": "Ale_Mtg",
          "Player2": "Nuserdog",
          "Result": "2-0-0"
        },
        {
          "Player1": "sebastianpozzo",
          "Player2": "marcofabrizi",
          "Result": "0-2-0"
        },
        {
          "Player1": "Lollopollo2001",
          "Player2": "DrPP",
          "Result": "2-0-0"
        },
        {
          "Player1": "simmons3333",
          "Player2": "Sherlock-95",
          "Result": "2-0-0"
        },
        {
          "Player1": "medvedev",
          "Player2": "EL_Zanetti",
          "Result": "0-2-0"
        },
        {
          "Player1": "Mistakenn",
          "Player2": "mikeleee",
          "Result": "0-2-0"
        },
        {
          "Player1": "draco09",
          "Player2": "Takayama",
          "Result": "0-2-0"
        },
        {
          "Player1": "O_danielakos",
          "Player2": "yriel",
          "Result": "2-0-0"
        },
        {
          "Player1": "ejk",
          "Player2": "jackie42005",
          "Result": "2-0-0"
        },
        {
          "Player1": "TSPJendrek",
          "Player2": "jbl2311",
          "Result": "1-2-0"
        },
        {
          "Player1": "Misplacedginger",
          "Player2": "vegasonee",
          "Result": "0-2-0"
        },
        {
          "Player1": "rastaf",
          "Player2": "AgentLion09",
          "Result": "2-0-0"
        },
        {
          "Player1": "LordEgg",
          "Player2": "E90_DeliveryBoy",
          "Result": "2-0-0"
        },
        {
          "Player1": "DylanGregory",
          "Player2": "Erik157751",
          "Result": "0-2-0"
        },
        {
          "Player1": "Sarlanga",
          "Player2": "hugofreitas1",
          "Result": "2-0-0"
        },
        {
          "Player1": "PabloFigueroa",
          "Player2": "Capitano_CL",
          "Result": "2-0-0"
        }
      ]
    },
    {
      "RoundName": "Round 5",
      "Matches": [
        {
          "Player1": "Linden_43",
          "Player2": "alessandro81",
          "Result": "2-0-0"
        },
        {
          "Player1": "marcofabrizi",
          "Player2": "malattia96",
          "Result": "2-0-0"
        },
        {
          "Player1": "yriel",
          "Player2": "Nuserdog",
          "Result": "0-2-0"
        },
        {
          "Player1": "McWinSauce",
          "Player2": "vegasonee",
          "Result": "0-2-0"
        },
        {
          "Player1": "MJ_23",
          "Player2": "justAlice",
          "Result": "0-2-0"
        },
        {
          "Player1": "TheManLand",
          "Player2": "Rashek",
          "Result": "2-0-0"
        },
        {
          "Player1": "jbl2311",
          "Player2": "groot02",
          "Result": "2-0-0"
        },
        {
          "Player1": "Lollopollo2001",
          "Player2": "Erik157751",
          "Result": "0-2-0"
        },
        {
          "Player1": "Aardos",
          "Player2": "EL_Zanetti",
          "Result": "2-0-0"
        },
        {
          "Player1": "simmons3333",
          "Player2": "E90_DeliveryBoy",
          "Result": "0-2-0"
        },
        {
          "Player1": "LordEgg",
          "Player2": "Ale_Mtg",
          "Result": "2-0-0"
        },
        {
          "Player1": "OkoDio",
          "Player2": "chamaopai",
          "Result": "2-0-0"
        },
        {
          "Player1": "ejk",
          "Player2": "hugofreitas1",
          "Result": "0-2-0"
        },
        {
          "Player1": "rastaf",
          "Player2": "DrPP",
          "Result": "2-0-0"
        },
        {
          "Player1": "salad",
          "Player2": "DylanGregory",
          "Result": "0-2-0"
        },
        {
          "Player1": "Alakai",
          "Player2": "Mogged",
          "Result": "2-0-0"
        },
        {
          "Player1": "Capitano_CL",
          "Player2": "mikeleee",
          "Result": "0-2-0"
        },
        {
          "Player1": "VictorEsquici",
          "Player2": "Takayama",
          "Result": "0-2-0"
        },
        {
          "Player1": "Misplacedginger",
          "Player2": "jvidarte",
          "Result": "0-2-0"
        },
        {
          "Player1": "Traumatismes",
          "Player2": "AgentLion09",
          "Result": "2-0-0"
        },
        {
          "Player1": "PTarts2win",
          "Player2": "NormanCar",
          "Result": "0-2-0"
        },
        {
          "Player1": "gpowerone",
          "Player2": "NashEquilibrium1950",
          "Result": "2-1-0"
        },
        {
          "Player1": "sokos13",
          "Player2": "medvedev",
          "Result": "2-0-0"
        },
        {
          "Player1": "PabloFigueroa",
          "Player2": "O_danielakos",
          "Result": "2-0-0"
        },
        {
          "Player1": "Franticore",
          "Player2": "elBB",
          "Result": "0-2-0"
        },
        {
          "Player1": "SN0RX",
          "Player2": "wzanotti",
          "Result": "2-0-0"
        },
        {
          "Player1": "Sarlanga",
          "Player2": "DiamondCommando",
          "Result": "2-0-0"
        },
        {
          "Player1": "sebastianpozzo",
          "Player2": "klien7",
          "Result": "2-0-0"
        },
        {
          "Player1": "TSPJendrek",
          "Player2": "BurnMann",
          "Result": "0-2-0"
        },
        {
          "Player1": "Omegauo",
          "Player2": "ShowTime_",
          "Result": "2-0-0"
        },
        {
          "Player1": "_Tia93_",
          "Player2": "Lobanovski",
          "Result": "2-0-0"
        }
      ]
    },
    {
      "RoundName": "Round 6",
      "Matches": [
        {
          "Player1": "sebastianpozzo",
          "Player2": "_Tia93_",
          "Result": "0-2-0"
        },
        {
          "Player1": "McWinSauce",
          "Player2": "Nuserdog",
          "Result": "2-0-0"
        },
        {
          "Player1": "medvedev",
          "Player2": "DiamondCommando",
          "Result": "2-0-0"
        },
        {
          "Player1": "Delta_Sanku",
          "Player2": "AgentLion09",
          "Result": "2-0-0"
        },
        {
          "Player1": "Franticore",
          "Player2": "chamaopai",
          "Result": "2-0-0"
        },
        {
          "Player1": "O_danielakos",
          "Player2": "mikeleee",
          "Result": "2-0-0"
        },
        {
          "Player1": "EL_Zanetti",
          "Player2": "NashEquilibrium1950",
          "Result": "0-2-0"
        },
        {
          "Player1": "Alakai",
          "Player2": "Aardos",
          "Result": "0-2-0"
        },
        {
          "Player1": "PabloFigueroa",
          "Player2": "ShowTime_",
          "Result": "0-2-0"
        },
        {
          "Player1": "rastaf",
          "Player2": "NormanCar",
          "Result": "2-0-0"
        },
        {
          "Player1": "jvidarte",
          "Player2": "alessandro81",
          "Result": "0-0-0"
        },
        {
          "Player1": "Omegauo",
          "Player2": "jbl2311",
          "Result": "0-0-0"
        },
        {
          "Player1": "vegasonee",
          "Player2": "groot02",
          "Result": "0-2-0"
        },
        {
          "Player1": "simmons3333",
          "Player2": "OkoDio",
          "Result": "0-0-0"
        },
        {
          "Player1": "hugofreitas1",
          "Player2": "yriel",
          "Result": "2-1-0"
        },
        {
          "Player1": "sokos13",
          "Player2": "Linden_43",
          "Result": "0-2-0"
        },
        {
          "Player1": "TheManLand",
          "Player2": "DylanGregory",
          "Result": "0-2-0"
        },
        {
          "Player1": "DrPP",
          "Player2": "Rashek",
          "Result": "0-0-0"
        },
        {
          "Player1": "BurnMann",
          "Player2": "malattia96",
          "Result": "2-0-0"
        },
        {
          "Player1": "TSPJendrek",
          "Player2": "Takayama",
          "Result": "0-2-0"
        },
        {
          "Player1": "justAlice",
          "Player2": "Lobanovski",
          "Result": "0-2-0"
        },
        {
          "Player1": "Mogged",
          "Player2": "Ale_Mtg",
          "Result": "2-0-0"
        },
        {
          "Player1": "LordEgg",
          "Player2": "marcofabrizi",
          "Result": "0-0-0"
        },
        {
          "Player1": "Sarlanga",
          "Player2": "Lollopollo2001",
          "Result": "0-0-0"
        },
        {
          "Player1": "Traumatismes",
          "Player2": "VictorEsquici",
          "Result": "0-2-0"
        },
        {
          "Player1": "klien7",
          "Player2": "E90_DeliveryBoy",
          "Result": "2-0-0"
        },
        {
          "Player1": "gpowerone",
          "Player2": "Erik157751",
          "Result": "2-0-0"
        },
        {
          "Player1": "SN0RX",
          "Player2": "elBB",
          "Result": "0-2-0"
        },
        {
          "Player1": "PTarts2win",
          "Player2": "wzanotti",
          "Result": "0-2-0"
        }
      ]
    },
    {
      "RoundName": "Round 7",
      "Matches": [
        {
          "Player1": "Franticore",
          "Player2": "EL_Zanetti",
          "Result": "0-2-0"
        },
        {
          "Player1": "DiamondCommando",
          "Player2": "Traumatismes",
          "Result": "2-0-0"
        },
        {
          "Player1": "TSPJendrek",
          "Player2": "Ale_Mtg",
          "Result": "2-0-0"
        },
        {
          "Player1": "medvedev",
          "Player2": "Nuserdog",
          "Result": "0-2-0"
        },
        {
          "Player1": "gpowerone",
          "Player2": "_Tia93_",
          "Result": "0-2-0"
        },
        {
          "Player1": "Erik157751",
          "Player2": "elBB",
          "Result": "2-0-0"
        },
        {
          "Player1": "rastaf",
          "Player2": "Lobanovski",
          "Result": "0-0-0"
        },
        {
          "Player1": "Sarlanga",
          "Player2": "ejk",
          "Result": "0-2-0"
        },
        {
          "Player1": "TheManLand",
          "Player2": "SN0RX",
          "Result": "2-0-0"
        },
        {
          "Player1": "Alakai",
          "Player2": "McWinSauce",
          "Result": "0-2-0"
        },
        {
          "Player1": "Omegauo",
          "Player2": "groot02",
          "Result": "0-2-0"
        },
        {
          "Player1": "marcofabrizi",
          "Player2": "jbl2311",
          "Result": "0-2-0"
        },
        {
          "Player1": "Aardos",
          "Player2": "BurnMann",
          "Result": "2-0-0"
        },
        {
          "Player1": "PabloFigueroa",
          "Player2": "Takayama",
          "Result": "0-2-0"
        },
        {
          "Player1": "vegasonee",
          "Player2": "NashEquilibrium1950",
          "Result": "0-0-0"
        },
        {
          "Player1": "E90_DeliveryBoy",
          "Player2": "alessandro81",
          "Result": "2-0-0"
        },
        {
          "Player1": "mikeleee",
          "Player2": "wzanotti",
          "Result": "2-0-0"
        },
        {
          "Player1": "justAlice",
          "Player2": "OkoDio",
          "Result": "0-2-0"
        },
        {
          "Player1": "Lollopollo2001",
          "Player2": "jvidarte",
          "Result": "2-0-0"
        },
        {
          "Player1": "LordEgg",
          "Player2": "klien7",
          "Result": "2-0-0"
        },
        {
          "Player1": "Rashek",
          "Player2": "Delta_Sanku",
          "Result": "2-0-0"
        },
        {
          "Player1": "DrPP",
          "Player2": "NormanCar",
          "Result": "0-2-0"
        },
        {
          "Player1": "ShowTime_",
          "Player2": "Linden_43",
          "Result": "0-2-0"
        },
        {
          "Player1": "DylanGregory",
          "Player2": "malattia96",
          "Result": "0-2-0"
        },
        {
          "Player1": "hugofreitas1",
          "Player2": "VictorEsquici",
          "Result": "2-0-0"
        },
        {
          "Player1": "O_danielakos",
          "Player2": "Mogged",
          "Result": "2-0-0"
        },
        {
          "Player1": "sebastianpozzo",
          "Player2": "sokos13",
          "Result": "0-2-0"
        }
      ]
    },
    {
      "RoundName": "Round 8",
      "Matches": [
        {
          "Player1": "Aardos",
          "Player2": "Linden_43",
          "Result": "0-2-0"
        },
        {
          "Player1": "_Tia93_",
          "Player2": "groot02",
          "Result": "0-2-0"
        },
        {
          "Player1": "Omegauo",
          "Player2": "marcofabrizi",
          "Result": "0-2-0"
        },
        {
          "Player1": "ShowTime_",
          "Player2": "jbl2311",
          "Result": "0-0-0"
        }
      ]
    },
    {
      "RoundName": "Round 9",
      "Matches": [
        {
          "Player1": "marcofabrizi",
          "Player2": "Linden_43",
          "Result": "2-0-0"
        },
        {
          "Player1": "ShowTime_",
          "Player2": "groot02",
          "Result": "2-0-0"
        }
      ]
    },
    {
      "RoundName": "Round 10",
      "Matches": [
        {
          "Player1": "ShowTime_",
          "Player2": "marcofabrizi",
          "Result": "2-0-0"
        }
      ]
    }
  ],
  "Standings": [
    {
      "Rank": 92,
      "Player": "gooplay1",
      "Points": 0,
      "Wins": 0,
      "Losses": 0,
      "Draws": 0,
      "OMWP": 0.3651,
      "GWP": 0.25,
      "OGWP": 0.4357
    },
    {
      "Rank": 91,
      "Player": "NickBolas90",
      "Points": 0,
      "Wins": 0,
      "Losses": 0,
      "Draws": 0,
      "OMWP": 0.381,
      "GWP": 0.2,
      "OGWP": 0.3765
    },
    {
      "Rank": 90,
      "Player": "jackie42005",
      "Points": 0,
      "Wins": 0,
      "Losses": 0,
      "Draws": 0,
      "OMWP": 0.4167,
      "GWP": 0.2727,
      "OGWP": 0.43439999999999995
    },
    {
      "Rank": 89,
      "Player": "_Falcon_",
      "Points": 0,
      "Wins": 0,
      "Losses": 0,
      "Draws": 0,
      "OMWP": 0.44439999999999996,
      "GWP": 0.1429,
      "OGWP": 0.44439999999999996
    },
    {
      "Rank": 88,
      "Player": "twangygnome",
      "Points": 0,
      "Wins": 0,
      "Losses": 0,
      "Draws": 0,
      "OMWP": 0.4524,
      "GWP": 0.2,
      "OGWP": 0.4608
    },
    {
      "Rank": 87,
      "Player": "pizzangry",
      "Points": 0,
      "Wins": 0,
      "Losses": 0,
      "Draws": 0,
      "OMWP": 0.4524,
      "GWP": 0.2,
      "OGWP": 0.4643
    },
    {
      "Rank": 86,
      "Player": "ShadowTitan1",
      "Points": 0,
      "Wins": 0,
      "Losses": 0,
      "Draws": 0,
      "OMWP": 0.5238,
      "GWP": 0.2,
      "OGWP": 0.5333
    },
    {
      "Rank": 85,
      "Player": "oosunq",
      "Points": 0,
      "Wins": 0,
      "Losses": 0,
      "Draws": 0,
      "OMWP": 0.5238,
      "GWP": 0.3333,
      "OGWP": 0.4561
    },
    {
      "Rank": 84,
      "Player": "levunga21",
      "Points": 0,
      "Wins": 0,
      "Losses": 0,
      "Draws": 0,
      "OMWP": 0.5571,
      "GWP": 0.3333,
      "OGWP": 0.49229999999999996
    },
    {
      "Rank": 83,
      "Player": "Promilx",
      "Points": 0,
      "Wins": 0,
      "Losses": 0,
      "Draws": 0,
      "OMWP": 0.5714,
      "GWP": 0.2,
      "OGWP": 0.5247999999999999
    },
    {
      "Rank": 82,
      "Player": "Walri",
      "Points": 0,
      "Wins": 0,
      "Losses": 0,
      "Draws": 0,
      "OMWP": 0.6429,
      "GWP": 0.2,
      "OGWP": 0.5440999999999999
    },
    {
      "Rank": 81,
      "Player": "reidq7",
      "Points": 0,
      "Wins": 0,
      "Losses": 0,
      "Draws": 0,
      "OMWP": 0.6429,
      "GWP": 0.2,
      "OGWP": 0.5868
    },
    {
      "Rank": 80,
      "Player": "baksakal",
      "Points": 0,
      "Wins": 0,
      "Losses": 0,
      "Draws": 0,
      "OMWP": 0.7143,
      "GWP": 0,
      "OGWP": 0.6667000000000001
    },
    {
      "Rank": 79,
      "Player": "maytwer",
      "Points": 0,
      "Wins": 0,
      "Losses": 0,
      "Draws": 0,
      "OMWP": 0.7143,
      "GWP": 0.2,
      "OGWP": 0.6627
    },
    {
      "Rank": 78,
      "Player": "unworldlyorigin",
      "Points": 0,
      "Wins": 0,
      "Losses": 0,
      "Draws": 0,
      "OMWP": 0.7857,
      "GWP": 0.3333,
      "OGWP": 0.6579
    },
    {
      "Rank": 77,
      "Player": "amin0e",
      "Points": 0,
      "Wins": 0,
      "Losses": 0,
      "Draws": 0,
      "OMWP": 0.8571,
      "GWP": 0.2,
      "OGWP": 0.7361
    },
    {
      "Rank": 76,
      "Player": "_IlNano_",
      "Points": 3,
      "Wins": 0,
      "Losses": 0,
      "Draws": 0,
      "OMWP": 0.4127,
      "GWP": 0.375,
      "OGWP": 0.4296
    },
    {
      "Rank": 75,
      "Player": "Deathmaxx",
      "Points": 3,
      "Wins": 0,
      "Losses": 0,
      "Draws": 0,
      "OMWP": 0.42619999999999997,
      "GWP": 0.3636,
      "OGWP": 0.4729
    },
    {
      "Rank": 74,
      "Player": "chamaopai",
      "Points": 3,
      "Wins": 0,
      "Losses": 0,
      "Draws": 0,
      "OMWP": 0.4365,
      "GWP": 0.3529,
      "OGWP": 0.43700000000000006
    },
    {
      "Rank": 73,
      "Player": "MTGHolic",
      "Points": 3,
      "Wins": 0,
      "Losses": 0,
      "Draws": 0,
      "OMWP": 0.44439999999999996,
      "GWP": 0.2857,
      "OGWP": 0.4426
    },
    {
      "Rank": 72,
      "Player": "roter_Erzengel",
      "Points": 3,
      "Wins": 0,
      "Losses": 0,
      "Draws": 0,
      "OMWP": 0.47619999999999996,
      "GWP": 0.2857,
      "OGWP": 0.5206000000000001
    },
    {
      "Rank": 71,
      "Player": "bless_von",
      "Points": 3,
      "Wins": 0,
      "Losses": 0,
      "Draws": 0,
      "OMWP": 0.5079,
      "GWP": 0.4286,
      "OGWP": 0.49439999999999995
    },
    {
      "Rank": 70,
      "Player": "fudgems",
      "Points": 3,
      "Wins": 0,
      "Losses": 0,
      "Draws": 0,
      "OMWP": 0.5079,
      "GWP": 0.44439999999999996,
      "OGWP": 0.4604
    },
    {
      "Rank": 69,
      "Player": "draco09",
      "Points": 3,
      "Wins": 0,
      "Losses": 0,
      "Draws": 0,
      "OMWP": 0.5119,
      "GWP": 0.4,
      "OGWP": 0.5155
    },
    {
      "Rank": 68,
      "Player": "Univerce",
      "Points": 3,
      "Wins": 0,
      "Losses": 0,
      "Draws": 0,
      "OMWP": 0.5302,
      "GWP": 0.2857,
      "OGWP": 0.515
    },
    {
      "Rank": 67,
      "Player": "Sven745",
      "Points": 3,
      "Wins": 0,
      "Losses": 0,
      "Draws": 0,
      "OMWP": 0.5714,
      "GWP": 0.4286,
      "OGWP": 0.5459
    },
    {
      "Rank": 66,
      "Player": "WanderingOnes",
      "Points": 3,
      "Wins": 0,
      "Losses": 0,
      "Draws": 0,
      "OMWP": 0.5832999999999999,
      "GWP": 0.22219999999999998,
      "OGWP": 0.5207999999999999
    },
    {
      "Rank": 65,
      "Player": "Sherlock-95",
      "Points": 3,
      "Wins": 0,
      "Losses": 0,
      "Draws": 0,
      "OMWP": 0.5832999999999999,
      "GWP": 0.4,
      "OGWP": 0.5629
    },
    {
      "Rank": 64,
      "Player": "Mistakenn",
      "Points": 3,
      "Wins": 0,
      "Losses": 0,
      "Draws": 0,
      "OMWP": 0.6071,
      "GWP": 0.4,
      "OGWP": 0.5417000000000001
    },
    {
      "Rank": 63,
      "Player": "MJ_23",
      "Points": 6,
      "Wins": 0,
      "Losses": 0,
      "Draws": 0,
      "OMWP": 0.3714,
      "GWP": 0.3846,
      "OGWP": 0.4275
    },
    {
      "Rank": 62,
      "Player": "Delta_Sanku",
      "Points": 6,
      "Wins": 0,
      "Losses": 0,
      "Draws": 0,
      "OMWP": 0.381,
      "GWP": 0.3125,
      "OGWP": 0.4192
    },
    {
      "Rank": 61,
      "Player": "AgentLion09",
      "Points": 6,
      "Wins": 0,
      "Losses": 0,
      "Draws": 0,
      "OMWP": 0.4476,
      "GWP": 0.3125,
      "OGWP": 0.4301
    },
    {
      "Rank": 60,
      "Player": "Traumatismes",
      "Points": 6,
      "Wins": 0,
      "Losses": 0,
      "Draws": 0,
      "OMWP": 0.46259999999999996,
      "GWP": 0.2667,
      "OGWP": 0.4603
    },
    {
      "Rank": 59,
      "Player": "simmons3333",
      "Points": 6,
      "Wins": 0,
      "Losses": 0,
      "Draws": 0,
      "OMWP": 0.4635,
      "GWP": 0.4,
      "OGWP": 0.46090000000000003
    },
    {
      "Rank": 58,
      "Player": "Capitano_CL",
      "Points": 6,
      "Wins": 0,
      "Losses": 0,
      "Draws": 0,
      "OMWP": 0.4667,
      "GWP": 0.5,
      "OGWP": 0.4832
    },
    {
      "Rank": 57,
      "Player": "PTarts2win",
      "Points": 6,
      "Wins": 0,
      "Losses": 0,
      "Draws": 0,
      "OMWP": 0.4984,
      "GWP": 0.4667,
      "OGWP": 0.479
    },
    {
      "Rank": 56,
      "Player": "salad",
      "Points": 6,
      "Wins": 0,
      "Losses": 0,
      "Draws": 0,
      "OMWP": 0.5047999999999999,
      "GWP": 0.3846,
      "OGWP": 0.5065
    },
    {
      "Rank": 55,
      "Player": "Misplacedginger",
      "Points": 6,
      "Wins": 0,
      "Losses": 0,
      "Draws": 0,
      "OMWP": 0.5333,
      "GWP": 0.46149999999999997,
      "OGWP": 0.4863
    },
    {
      "Rank": 54,
      "Player": "yriel",
      "Points": 6,
      "Wins": 0,
      "Losses": 0,
      "Draws": 0,
      "OMWP": 0.5635,
      "GWP": 0.4,
      "OGWP": 0.5262
    },
    {
      "Rank": 53,
      "Player": "kanister",
      "Points": 6,
      "Wins": 0,
      "Losses": 0,
      "Draws": 0,
      "OMWP": 0.6071,
      "GWP": 0.5,
      "OGWP": 0.5314
    },
    {
      "Rank": 52,
      "Player": "DiamondCommando",
      "Points": 9,
      "Wins": 0,
      "Losses": 0,
      "Draws": 0,
      "OMWP": 0.4218,
      "GWP": 0.47369999999999995,
      "OGWP": 0.4359
    },
    {
      "Rank": 51,
      "Player": "Rashek",
      "Points": 9,
      "Wins": 0,
      "Losses": 0,
      "Draws": 0,
      "OMWP": 0.42450000000000004,
      "GWP": 0.4706,
      "OGWP": 0.4318
    },
    {
      "Rank": 50,
      "Player": "ejk",
      "Points": 9,
      "Wins": 0,
      "Losses": 0,
      "Draws": 0,
      "OMWP": 0.44439999999999996,
      "GWP": 0.5,
      "OGWP": 0.44380000000000003
    },
    {
      "Rank": 49,
      "Player": "justAlice",
      "Points": 9,
      "Wins": 0,
      "Losses": 0,
      "Draws": 0,
      "OMWP": 0.4789,
      "GWP": 0.5294,
      "OGWP": 0.4781
    },
    {
      "Rank": 48,
      "Player": "Sarlanga",
      "Points": 9,
      "Wins": 0,
      "Losses": 0,
      "Draws": 0,
      "OMWP": 0.5068,
      "GWP": 0.4375,
      "OGWP": 0.5004
    },
    {
      "Rank": 47,
      "Player": "Ale_Mtg",
      "Points": 9,
      "Wins": 0,
      "Losses": 0,
      "Draws": 0,
      "OMWP": 0.5238,
      "GWP": 0.4706,
      "OGWP": 0.501
    },
    {
      "Rank": 46,
      "Player": "Franticore",
      "Points": 9,
      "Wins": 0,
      "Losses": 0,
      "Draws": 0,
      "OMWP": 0.5306000000000001,
      "GWP": 0.4,
      "OGWP": 0.49950000000000006
    },
    {
      "Rank": 45,
      "Player": "VictorEsquici",
      "Points": 9,
      "Wins": 0,
      "Losses": 0,
      "Draws": 0,
      "OMWP": 0.5401,
      "GWP": 0.44439999999999996,
      "OGWP": 0.4813
    },
    {
      "Rank": 44,
      "Player": "wzanotti",
      "Points": 9,
      "Wins": 0,
      "Losses": 0,
      "Draws": 0,
      "OMWP": 0.5442,
      "GWP": 0.44439999999999996,
      "OGWP": 0.5182
    },
    {
      "Rank": 43,
      "Player": "DrPP",
      "Points": 9,
      "Wins": 0,
      "Losses": 0,
      "Draws": 0,
      "OMWP": 0.5578,
      "GWP": 0.47369999999999995,
      "OGWP": 0.5266
    },
    {
      "Rank": 42,
      "Player": "SN0RX",
      "Points": 9,
      "Wins": 0,
      "Losses": 0,
      "Draws": 0,
      "OMWP": 0.5918,
      "GWP": 0.4118,
      "OGWP": 0.5468999999999999
    },
    {
      "Rank": 41,
      "Player": "medvedev",
      "Points": 9,
      "Wins": 0,
      "Losses": 0,
      "Draws": 0,
      "OMWP": 0.5986,
      "GWP": 0.47369999999999995,
      "OGWP": 0.5472
    },
    {
      "Rank": 40,
      "Player": "alessandro81",
      "Points": 9,
      "Wins": 0,
      "Losses": 0,
      "Draws": 0,
      "OMWP": 0.6082,
      "GWP": 0.5,
      "OGWP": 0.5667
    },
    {
      "Rank": 39,
      "Player": "hugofreitas1",
      "Points": 12,
      "Wins": 0,
      "Losses": 0,
      "Draws": 0,
      "OMWP": 0.3741,
      "GWP": 0.5294,
      "OGWP": 0.4205
    },
    {
      "Rank": 38,
      "Player": "Nuserdog",
      "Points": 12,
      "Wins": 0,
      "Losses": 0,
      "Draws": 0,
      "OMWP": 0.4603,
      "GWP": 0.5556,
      "OGWP": 0.4768
    },
    {
      "Rank": 37,
      "Player": "elBB",
      "Points": 12,
      "Wins": 0,
      "Losses": 0,
      "Draws": 0,
      "OMWP": 0.4966,
      "GWP": 0.5556,
      "OGWP": 0.5
    },
    {
      "Rank": 36,
      "Player": "DylanGregory",
      "Points": 12,
      "Wins": 0,
      "Losses": 0,
      "Draws": 0,
      "OMWP": 0.4993,
      "GWP": 0.5882000000000001,
      "OGWP": 0.4911
    },
    {
      "Rank": 35,
      "Player": "OkoDio",
      "Points": 12,
      "Wins": 0,
      "Losses": 0,
      "Draws": 0,
      "OMWP": 0.5,
      "GWP": 0.5,
      "OGWP": 0.5046
    },
    {
      "Rank": 34,
      "Player": "TheManLand",
      "Points": 12,
      "Wins": 0,
      "Losses": 0,
      "Draws": 0,
      "OMWP": 0.517,
      "GWP": 0.5294,
      "OGWP": 0.5018
    },
    {
      "Rank": 33,
      "Player": "jvidarte",
      "Points": 12,
      "Wins": 0,
      "Losses": 0,
      "Draws": 0,
      "OMWP": 0.5196999999999999,
      "GWP": 0.5,
      "OGWP": 0.5065
    },
    {
      "Rank": 32,
      "Player": "Mogged",
      "Points": 12,
      "Wins": 0,
      "Losses": 0,
      "Draws": 0,
      "OMWP": 0.5238,
      "GWP": 0.5625,
      "OGWP": 0.5003
    },
    {
      "Rank": 31,
      "Player": "NormanCar",
      "Points": 12,
      "Wins": 0,
      "Losses": 0,
      "Draws": 0,
      "OMWP": 0.5374,
      "GWP": 0.5,
      "OGWP": 0.5475
    },
    {
      "Rank": 30,
      "Player": "Alakai",
      "Points": 12,
      "Wins": 0,
      "Losses": 0,
      "Draws": 0,
      "OMWP": 0.5374,
      "GWP": 0.5882000000000001,
      "OGWP": 0.5094
    },
    {
      "Rank": 29,
      "Player": "Lobanovski",
      "Points": 12,
      "Wins": 0,
      "Losses": 0,
      "Draws": 0,
      "OMWP": 0.5442,
      "GWP": 0.5294,
      "OGWP": 0.5245000000000001
    },
    {
      "Rank": 28,
      "Player": "klien7",
      "Points": 12,
      "Wins": 0,
      "Losses": 0,
      "Draws": 0,
      "OMWP": 0.5578,
      "GWP": 0.5263,
      "OGWP": 0.5368999999999999
    },
    {
      "Rank": 27,
      "Player": "vegasonee",
      "Points": 12,
      "Wins": 0,
      "Losses": 0,
      "Draws": 0,
      "OMWP": 0.5672999999999999,
      "GWP": 0.5,
      "OGWP": 0.5307999999999999
    },
    {
      "Rank": 26,
      "Player": "mikeleee",
      "Points": 12,
      "Wins": 0,
      "Losses": 0,
      "Draws": 0,
      "OMWP": 0.5740999999999999,
      "GWP": 0.5263,
      "OGWP": 0.5561
    },
    {
      "Rank": 25,
      "Player": "E90_DeliveryBoy",
      "Points": 12,
      "Wins": 0,
      "Losses": 0,
      "Draws": 0,
      "OMWP": 0.585,
      "GWP": 0.55,
      "OGWP": 0.5371
    },
    {
      "Rank": 24,
      "Player": "PabloFigueroa",
      "Points": 12,
      "Wins": 0,
      "Losses": 0,
      "Draws": 0,
      "OMWP": 0.5946,
      "GWP": 0.5556,
      "OGWP": 0.5523
    },
    {
      "Rank": 23,
      "Player": "EL_Zanetti",
      "Points": 12,
      "Wins": 0,
      "Losses": 0,
      "Draws": 0,
      "OMWP": 0.619,
      "GWP": 0.5556,
      "OGWP": 0.5517
    },
    {
      "Rank": 22,
      "Player": "TSPJendrek",
      "Points": 12,
      "Wins": 0,
      "Losses": 0,
      "Draws": 0,
      "OMWP": 0.6286,
      "GWP": 0.6111,
      "OGWP": 0.5692
    },
    {
      "Rank": 21,
      "Player": "sebastianpozzo",
      "Points": 12,
      "Wins": 0,
      "Losses": 0,
      "Draws": 0,
      "OMWP": 0.6598999999999999,
      "GWP": 0.5789,
      "OGWP": 0.5668
    },
    {
      "Rank": 20,
      "Player": "Lollopollo2001",
      "Points": 15,
      "Wins": 0,
      "Losses": 0,
      "Draws": 0,
      "OMWP": 0.483,
      "GWP": 0.6111,
      "OGWP": 0.4836
    },
    {
      "Rank": 19,
      "Player": "O_danielakos",
      "Points": 15,
      "Wins": 0,
      "Losses": 0,
      "Draws": 0,
      "OMWP": 0.4932,
      "GWP": 0.5882000000000001,
      "OGWP": 0.4938
    },
    {
      "Rank": 18,
      "Player": "LordEgg",
      "Points": 15,
      "Wins": 0,
      "Losses": 0,
      "Draws": 0,
      "OMWP": 0.5238,
      "GWP": 0.6111,
      "OGWP": 0.5033
    },
    {
      "Rank": 17,
      "Player": "Takayama",
      "Points": 15,
      "Wins": 0,
      "Losses": 0,
      "Draws": 0,
      "OMWP": 0.5317000000000001,
      "GWP": 0.6111,
      "OGWP": 0.5268999999999999
    },
    {
      "Rank": 16,
      "Player": "McWinSauce",
      "Points": 15,
      "Wins": 0,
      "Losses": 0,
      "Draws": 0,
      "OMWP": 0.5374,
      "GWP": 0.5789,
      "OGWP": 0.5205
    },
    {
      "Rank": 15,
      "Player": "rastaf",
      "Points": 15,
      "Wins": 0,
      "Losses": 0,
      "Draws": 0,
      "OMWP": 0.5374,
      "GWP": 0.6667000000000001,
      "OGWP": 0.5025999999999999
    },
    {
      "Rank": 14,
      "Player": "Erik157751",
      "Points": 15,
      "Wins": 0,
      "Losses": 0,
      "Draws": 0,
      "OMWP": 0.5442,
      "GWP": 0.7143,
      "OGWP": 0.518
    },
    {
      "Rank": 13,
      "Player": "sokos13",
      "Points": 15,
      "Wins": 0,
      "Losses": 0,
      "Draws": 0,
      "OMWP": 0.5578,
      "GWP": 0.5789,
      "OGWP": 0.5344
    },
    {
      "Rank": 12,
      "Player": "gpowerone",
      "Points": 15,
      "Wins": 0,
      "Losses": 0,
      "Draws": 0,
      "OMWP": 0.5986,
      "GWP": 0.6111,
      "OGWP": 0.5579
    },
    {
      "Rank": 11,
      "Player": "NashEquilibrium1950",
      "Points": 15,
      "Wins": 0,
      "Losses": 0,
      "Draws": 0,
      "OMWP": 0.6082,
      "GWP": 0.6,
      "OGWP": 0.5417000000000001
    },
    {
      "Rank": 10,
      "Player": "malattia96",
      "Points": 15,
      "Wins": 0,
      "Losses": 0,
      "Draws": 0,
      "OMWP": 0.619,
      "GWP": 0.6315999999999999,
      "OGWP": 0.5539000000000001
    },
    {
      "Rank": 9,
      "Player": "BurnMann",
      "Points": 15,
      "Wins": 0,
      "Losses": 0,
      "Draws": 0,
      "OMWP": 0.6293,
      "GWP": 0.6,
      "OGWP": 0.5847
    },
    {
      "Rank": 8,
      "Player": "Omegauo",
      "Points": 15,
      "Wins": 0,
      "Losses": 0,
      "Draws": 0,
      "OMWP": 0.6463,
      "GWP": 0.6,
      "OGWP": 0.5714
    },
    {
      "Rank": 7,
      "Player": "Aardos",
      "Points": 18,
      "Wins": 0,
      "Losses": 0,
      "Draws": 0,
      "OMWP": 0.5102,
      "GWP": 0.75,
      "OGWP": 0.5147999999999999
    },
    {
      "Rank": 6,
      "Player": "_Tia93_",
      "Points": 18,
      "Wins": 0,
      "Losses": 0,
      "Draws": 0,
      "OMWP": 0.5238,
      "GWP": 0.6842,
      "OGWP": 0.5075
    },
    {
      "Rank": 5,
      "Player": "jbl2311",
      "Points": 21,
      "Wins": 0,
      "Losses": 0,
      "Draws": 0,
      "OMWP": 0.6327,
      "GWP": 0.7778,
      "OGWP": 0.5698
    },
    {
      "Rank": 4,
      "Player": "groot02",
      "Points": 21,
      "Wins": 0,
      "Losses": 0,
      "Draws": 0,
      "OMWP": 0.5646,
      "GWP": 0.7222,
      "OGWP": 0.5079
    },
    {
      "Rank": 3,
      "Player": "Linden_43",
      "Points": 21,
      "Wins": 0,
      "Losses": 0,
      "Draws": 0,
      "OMWP": 0.5646,
      "GWP": 0.75,
      "OGWP": 0.5063
    },
    {
      "Rank": 2,
      "Player": "marcofabrizi",
      "Points": 24,
      "Wins": 0,
      "Losses": 0,
      "Draws": 0,
      "OMWP": 0.6694,
      "GWP": 0.6315999999999999,
      "OGWP": 0.6079
    },
    {
      "Rank": 1,
      "Player": "ShowTime_",
      "Points": 24,
      "Wins": 0,
      "Losses": 0,
      "Draws": 0,
      "OMWP": 0.6395000000000001,
      "GWP": 0.6667000000000001,
      "OGWP": 0.5567
    }
  ]
}