{
  "Tournament": {
    "Id": 12804865,
    "Date": "2025-07-24T23:00:00",
    "Name": "Pioneer Challenge 32",
    "Uri": null,
    "JsonFile": null,
    "ForceRedownload": false
  },
  "Decks": null,
  "Rounds": [
    {
      "RoundName": "Round 1",
      "Matches": [
        {
          "Player1": "Brunninho",
          "Player2": "VitorCarvalho01",
          "Result": "0-2-0"
        },
        {
          "Player1": "Univerce",
          "Player2": "Strongmind",
          "Result": "0-2-0"
        },
        {
          "Player1": "hugofreitas1",
          "Player2": "LucasG1ggs",
          "Result": "0-0-0"
        },
        {
          "Player1": "_Davimorais",
          "Player2": "claudioh",
          "Result": "2-0-0"
        },
        {
          "Player1": "WadeB",
          "Player2": "4UBro",
          "Result": "2-0-0"
        },
        {
          "Player1": "tchuco",
          "Player2": "choccy_milk",
          "Result": "2-0-0"
        },
        {
          "Player1": "Chichotek",
          "Player2": "novaschin22",
          "Result": "2-0-0"
        },
        {
          "Player1": "moon11",
          "Player2": "_Shikamaru_",
          "Result": "2-0-0"
        },
        {
          "Player1": "capellomauro",
          "Player2": "weebeysfish",
          "Result": "0-0-0"
        },
        {
          "Player1": "Beicodegeia",
          "Player2": "viashinoperuano",
          "Result": "0-0-0"
        },
        {
          "Player1": "LuffyDoChapeuDePalha",
          "Player2": "duduzin",
          "Result": "0-2-0"
        },
        {
          "Player1": "Capitano_CL",
          "Player2": "ZendicardGames",
          "Result": "2-0-0"
        },
        {
          "Player1": "O_danielakos",
          "Player2": "karatedom",
          "Result": "0-2-0"
        },
        {
          "Player1": "Arkany1",
          "Player2": "PNascimento",
          "Result": "0-2-0"
        },
        {
          "Player1": "albertoSD",
          "Player2": "AnotherStep",
          "Result": "0-2-0"
        },
        {
          "Player1": "deleon91",
          "Player2": "wcl",
          "Result": "2-0-0"
        },
        {
          "Player1": "sandoiche",
          "Player2": "Mochabeezy",
          "Result": "2-0-0"
        },
        {
          "Player1": "JulioP1985",
          "Player2": "Viatt",
          "Result": "0-0-0"
        },
        {
          "Player1": "CrusherBotBG",
          "Player2": "luvadepedreiro",
          "Result": "0-2-0"
        },
        {
          "Player1": "slaxx",
          "Player2": "Ale_Mtg",
          "Result": "0-2-0"
        },
        {
          "Player1": "Venom1",
          "Player2": "TadalaDe20",
          "Result": "2-0-0"
        },
        {
          "Player1": "kytk321",
          "Player2": "sapro31",
          "Result": "0-2-0"
        },
        {
          "Player1": "cool95",
          "Player2": "Mateusf34",
          "Result": "0-2-0"
        },
        {
          "Player1": "xRagedFurballx",
          "Player2": "kaikas",
          "Result": "2-0-0"
        },
        {
          "Player1": "_Falcon_",
          "Player2": "CrazyMorango",
          "Result": "0-2-0"
        },
        {
          "Player1": "fives",
          "Player2": "bid1992",
          "Result": "1-2-0"
        },
        {
          "Player1": "MJ_23",
          "Player2": "hermanomlg",
          "Result": "0-2-0"
        }
      ]
    },
    {
      "RoundName": "Round 2",
      "Matches": [
        {
          "Player1": "LucasG1ggs",
          "Player2": "MJ_23",
          "Result": "2-0-0"
        },
        {
          "Player1": "Ale_Mtg",
          "Player2": "weebeysfish",
          "Result": "2-0-0"
        },
        {
          "Player1": "O_danielakos",
          "Player2": "ZendicardGames",
          "Result": "0-2-0"
        },
        {
          "Player1": "claudioh",
          "Player2": "novaschin22",
          "Result": "0-2-0"
        },
        {
          "Player1": "_Davimorais",
          "Player2": "duduzin",
          "Result": "2-0-0"
        },
        {
          "Player1": "Chichotek",
          "Player2": "PNascimento",
          "Result": "0-2-0"
        },
        {
          "Player1": "LuffyDoChapeuDePalha",
          "Player2": "_Falcon_",
          "Result": "0-2-0"
        },
        {
          "Player1": "sandoiche",
          "Player2": "Viatt",
          "Result": "0-2-0"
        },
        {
          "Player1": "Capitano_CL",
          "Player2": "CrazyMorango",
          "Result": "2-0-0"
        },
        {
          "Player1": "choccy_milk",
          "Player2": "4UBro",
          "Result": "0-2-0"
        },
        {
          "Player1": "Brunninho",
          "Player2": "kaikas",
          "Result": "2-0-0"
        },
        {
          "Player1": "VitorCarvalho01",
          "Player2": "Strongmind",
          "Result": "2-0-0"
        },
        {
          "Player1": "fives",
          "Player2": "TadalaDe20",
          "Result": "0-0-0"
        },
        {
          "Player1": "sapro31",
          "Player2": "luvadepedreiro",
          "Result": "2-0-0"
        },
        {
          "Player1": "karatedom",
          "Player2": "viashinoperuano",
          "Result": "2-0-0"
        },
        {
          "Player1": "kytk321",
          "Player2": "CrusherBotBG",
          "Result": "0-2-0"
        },
        {
          "Player1": "Mateusf34",
          "Player2": "WadeB",
          "Result": "0-2-0"
        },
        {
          "Player1": "cool95",
          "Player2": "Arkany1",
          "Result": "0-2-0"
        },
        {
          "Player1": "Beicodegeia",
          "Player2": "wcl",
          "Result": "0-2-0"
        },
        {
          "Player1": "Mochabeezy",
          "Player2": "_Shikamaru_",
          "Result": "2-0-0"
        },
        {
          "Player1": "AnotherStep",
          "Player2": "moon11",
          "Result": "2-0-0"
        },
        {
          "Player1": "hermanomlg",
          "Player2": "hugofreitas1",
          "Result": "0-2-0"
        },
        {
          "Player1": "capellomauro",
          "Player2": "Univerce",
          "Result": "2-0-0"
        },
        {
          "Player1": "Venom1",
          "Player2": "deleon91",
          "Result": "2-0-0"
        },
        {
          "Player1": "slaxx",
          "Player2": "JulioP1985",
          "Result": "2-0-0"
        },
        {
          "Player1": "tchuco",
          "Player2": "valentinaaaa",
          "Result": "0-0-0"
        },
        {
          "Player1": "xRagedFurballx",
          "Player2": "bid1992",
          "Result": "2-0-0"
        }
      ]
    },
    {
      "RoundName": "Round 3",
      "Matches": [
        {
          "Player1": "claudioh",
          "Player2": "deleon91",
          "Result": "0-2-0"
        },
        {
          "Player1": "moon11",
          "Player2": "Mochabeezy",
          "Result": "0-2-0"
        },
        {
          "Player1": "slaxx",
          "Player2": "hermanomlg",
          "Result": "2-0-0"
        },
        {
          "Player1": "Capitano_CL",
          "Player2": "tchuco",
          "Result": "0-0-0"
        },
        {
          "Player1": "MJ_23",
          "Player2": "TadalaDe20",
          "Result": "2-0-0"
        },
        {
          "Player1": "Chichotek",
          "Player2": "_Falcon_",
          "Result": "2-0-0"
        },
        {
          "Player1": "capellomauro",
          "Player2": "Strongmind",
          "Result": "2-0-0"
        },
        {
          "Player1": "Brunninho",
          "Player2": "duduzin",
          "Result": "2-0-0"
        },
        {
          "Player1": "LucasG1ggs",
          "Player2": "valentinaaaa",
          "Result": "0-2-0"
        },
        {
          "Player1": "karatedom",
          "Player2": "xRagedFurballx",
          "Result": "2-0-0"
        },
        {
          "Player1": "AnotherStep",
          "Player2": "sapro31",
          "Result": "0-0-0"
        },
        {
          "Player1": "Venom1",
          "Player2": "_Davimorais",
          "Result": "0-2-0"
        },
        {
          "Player1": "sandoiche",
          "Player2": "Arkany1",
          "Result": "0-2-0"
        },
        {
          "Player1": "Beicodegeia",
          "Player2": "_Shikamaru_",
          "Result": "0-2-0"
        },
        {
          "Player1": "Viatt",
          "Player2": "PNascimento",
          "Result": "0-2-0"
        },
        {
          "Player1": "WadeB",
          "Player2": "VitorCarvalho01",
          "Result": "0-2-0"
        },
        {
          "Player1": "viashinoperuano",
          "Player2": "CrazyMorango",
          "Result": "2-0-0"
        },
        {
          "Player1": "CrusherBotBG",
          "Player2": "bid1992",
          "Result": "2-0-0"
        },
        {
          "Player1": "ZendicardGames",
          "Player2": "luvadepedreiro",
          "Result": "0-2-0"
        },
        {
          "Player1": "wcl",
          "Player2": "4UBro",
          "Result": "2-0-0"
        },
        {
          "Player1": "fives",
          "Player2": "novaschin22",
          "Result": "0-2-0"
        },
        {
          "Player1": "LuffyDoChapeuDePalha",
          "Player2": "Univerce",
          "Result": "0-2-0"
        },
        {
          "Player1": "hugofreitas1",
          "Player2": "Ale_Mtg",
          "Result": "2-0-0"
        },
        {
          "Player1": "Mateusf34",
          "Player2": "weebeysfish",
          "Result": "2-0-0"
        }
      ]
    },
    {
      "RoundName": "Round 4",
      "Matches": [
        {
          "Player1": "Chichotek",
          "Player2": "luvadepedreiro",
          "Result": "0-2-0"
        },
        {
          "Player1": "moon11",
          "Player2": "CrazyMorango",
          "Result": "0-2-0"
        },
        {
          "Player1": "LuffyDoChapeuDePalha",
          "Player2": "ZendicardGames",
          "Result": "0-2-0"
        },
        {
          "Player1": "sandoiche",
          "Player2": "MJ_23",
          "Result": "0-2-0"
        },
        {
          "Player1": "Mateusf34",
          "Player2": "sapro31",
          "Result": "2-0-0"
        },
        {
          "Player1": "tchuco",
          "Player2": "WadeB",
          "Result": "0-2-0"
        },
        {
          "Player1": "deleon91",
          "Player2": "CrusherBotBG",
          "Result": "0-2-0"
        },
        {
          "Player1": "duduzin",
          "Player2": "4UBro",
          "Result": "0-0-0"
        },
        {
          "Player1": "LucasG1ggs",
          "Player2": "fives",
          "Result": "2-0-0"
        },
        {
          "Player1": "Mochabeezy",
          "Player2": "Ale_Mtg",
          "Result": "2-0-0"
        },
        {
          "Player1": "Venom1",
          "Player2": "novaschin22",
          "Result": "0-2-0"
        },
        {
          "Player1": "slaxx",
          "Player2": "Viatt",
          "Result": "0-2-0"
        },
        {
          "Player1": "_Falcon_",
          "Player2": "_Shikamaru_",
          "Result": "2-0-0"
        },
        {
          "Player1": "Brunninho",
          "Player2": "wcl",
          "Result": "0-0-0"
        },
        {
          "Player1": "capellomauro",
          "Player2": "viashinoperuano",
          "Result": "2-0-0"
        },
        {
          "Player1": "hugofreitas1",
          "Player2": "_Davimorais",
          "Result": "0-0-0"
        },
        {
          "Player1": "karatedom",
          "Player2": "VitorCarvalho01",
          "Result": "2-0-0"
        },
        {
          "Player1": "kytk321",
          "Player2": "bid1992",
          "Result": "0-2-0"
        },
        {
          "Player1": "AnotherStep",
          "Player2": "PNascimento",
          "Result": "1-2-0"
        },
        {
          "Player1": "Capitano_CL",
          "Player2": "Arkany1",
          "Result": "0-2-0"
        },
        {
          "Player1": "hermanomlg",
          "Player2": "Univerce",
          "Result": "2-0-0"
        },
        {
          "Player1": "xRagedFurballx",
          "Player2": "valentinaaaa",
          "Result": "2-0-0"
        },
        {
          "Player1": "weebeysfish",
          "Player2": "Strongmind",
          "Result": "0-2-0"
        }
      ]
    },
    {
      "RoundName": "Round 5",
      "Matches": [
        {
          "Player1": "Capitano_CL",
          "Player2": "capellomauro",
          "Result": "2-0-0"
        },
        {
          "Player1": "hermanomlg",
          "Player2": "Chichotek",
          "Result": "2-0-0"
        },
        {
          "Player1": "karatedom",
          "Player2": "PNascimento",
          "Result": "0-2-0"
        },
        {
          "Player1": "AnotherStep",
          "Player2": "Mochabeezy",
          "Result": "2-0-0"
        },
        {
          "Player1": "fives",
          "Player2": "_Shikamaru_",
          "Result": "2-0-0"
        },
        {
          "Player1": "Brunninho",
          "Player2": "Ale_Mtg",
          "Result": "0-2-0"
        },
        {
          "Player1": "sandoiche",
          "Player2": "weebeysfish",
          "Result": "2-0-0"
        },
        {
          "Player1": "luvadepedreiro",
          "Player2": "VitorCarvalho01",
          "Result": "2-0-0"
        },
        {
          "Player1": "_Falcon_",
          "Player2": "valentinaaaa",
          "Result": "0-2-0"
        },
        {
          "Player1": "LucasG1ggs",
          "Player2": "viashinoperuano",
          "Result": "2-0-0"
        },
        {
          "Player1": "Arkany1",
          "Player2": "Viatt",
          "Result": "1-2-0"
        },
        {
          "Player1": "tchuco",
          "Player2": "sapro31",
          "Result": "2-0-0"
        },
        {
          "Player1": "MJ_23",
          "Player2": "CrazyMorango",
          "Result": "0-0-0"
        },
        {
          "Player1": "WadeB",
          "Player2": "novaschin22",
          "Result": "0-0-0"
        },
        {
          "Player1": "deleon91",
          "Player2": "bid1992",
          "Result": "0-2-0"
        },
        {
          "Player1": "slaxx",
          "Player2": "duduzin",
          "Result": "2-0-0"
        },
        {
          "Player1": "_Davimorais",
          "Player2": "CrusherBotBG",
          "Result": "0-2-0"
        },
        {
          "Player1": "ZendicardGames",
          "Player2": "4UBro",
          "Result": "2-0-0"
        },
        {
          "Player1": "Venom1",
          "Player2": "Strongmind",
          "Result": "0-2-0"
        },
        {
          "Player1": "xRagedFurballx",
          "Player2": "wcl",
          "Result": "0-2-0"
        },
        {
          "Player1": "hugofreitas1",
          "Player2": "Mateusf34",
          "Result": "2-0-0"
        }
      ]
    },
    {
      "RoundName": "Round 6",
      "Matches": [
        {
          "Player1": "hugofreitas1",
          "Player2": "PNascimento",
          "Result": "2-0-0"
        },
        {
          "Player1": "_Davimorais",
          "Player2": "Ale_Mtg",
          "Result": "2-0-0"
        },
        {
          "Player1": "capellomauro",
          "Player2": "Arkany1",
          "Result": "0-2-0"
        },
        {
          "Player1": "Capitano_CL",
          "Player2": "luvadepedreiro",
          "Result": "2-0-0"
        },
        {
          "Player1": "Mochabeezy",
          "Player2": "Mateusf34",
          "Result": "0-2-0"
        },
        {
          "Player1": "karatedom",
          "Player2": "CrusherBotBG",
          "Result": "2-0-0"
        },
        {
          "Player1": "fives",
          "Player2": "viashinoperuano",
          "Result": "2-0-0"
        },
        {
          "Player1": "AnotherStep",
          "Player2": "wcl",
          "Result": "2-0-0"
        },
        {
          "Player1": "novaschin22",
          "Player2": "Viatt",
          "Result": "2-0-0"
        },
        {
          "Player1": "deleon91",
          "Player2": "Brunninho",
          "Result": "0-2-0"
        },
        {
          "Player1": "LuffyDoChapeuDePalha",
          "Player2": "4UBro",
          "Result": "2-0-0"
        },
        {
          "Player1": "sandoiche",
          "Player2": "Venom1",
          "Result": "0-2-0"
        },
        {
          "Player1": "duduzin",
          "Player2": "_Shikamaru_",
          "Result": "2-0-0"
        },
        {
          "Player1": "_Falcon_",
          "Player2": "sapro31",
          "Result": "0-2-0"
        },
        {
          "Player1": "LucasG1ggs",
          "Player2": "WadeB",
          "Result": "2-0-0"
        },
        {
          "Player1": "ZendicardGames",
          "Player2": "CrazyMorango",
          "Result": "0-2-0"
        },
        {
          "Player1": "tchuco",
          "Player2": "VitorCarvalho01",
          "Result": "0-2-0"
        },
        {
          "Player1": "bid1992",
          "Player2": "Strongmind",
          "Result": "0-2-0"
        },
        {
          "Player1": "hermanomlg",
          "Player2": "xRagedFurballx",
          "Result": "2-0-0"
        },
        {
          "Player1": "slaxx",
          "Player2": "valentinaaaa",
          "Result": "2-0-0"
        }
      ]
    },
    {
      "RoundName": "Round 7",
      "Matches": [
        {
          "Player1": "AnotherStep",
          "Player2": "karatedom",
          "Result": "0-2-0"
        },
        {
          "Player1": "Capitano_CL",
          "Player2": "novaschin22",
          "Result": "0-2-0"
        },
        {
          "Player1": "VitorCarvalho01",
          "Player2": "PNascimento",
          "Result": "0-2-0"
        },
        {
          "Player1": "hugofreitas1",
          "Player2": "Viatt",
          "Result": "0-2-0"
        }
      ]
    },
    {
      "RoundName": "Round 8",
      "Matches": [
        {
          "Player1": "karatedom",
          "Player2": "Viatt",
          "Result": "0-2-0"
        },
        {
          "Player1": "novaschin22",
          "Player2": "PNascimento",
          "Result": "0-2-0"
        }
      ]
    },
    {
      "RoundName": "Round 9",
      "Matches": [
        {
          "Player1": "Viatt",
          "Player2": "PNascimento",
          "Result": "0-2-0"
        }
      ]
    }
  ],
  "Standings": [
    {
      "Rank": 55,
      "Player": "choccy_milk",
      "Points": 0,
      "Wins": 0,
      "Losses": 0,
      "Draws": 0,
      "OMWP": 0.4167,
      "GWP": 0.2,
      "OGWP": 0.4451
    },
    {
      "Rank": 54,
      "Player": "Beicodegeia",
      "Points": 0,
      "Wins": 0,
      "Losses": 0,
      "Draws": 0,
      "OMWP": 0.44439999999999996,
      "GWP": 0.25,
      "OGWP": 0.4603
    },
    {
      "Rank": 53,
      "Player": "TadalaDe20",
      "Points": 0,
      "Wins": 0,
      "Losses": 0,
      "Draws": 0,
      "OMWP": 0.4667,
      "GWP": 0.1429,
      "OGWP": 0.5
    },
    {
      "Rank": 52,
      "Player": "kaikas",
      "Points": 0,
      "Wins": 0,
      "Losses": 0,
      "Draws": 0,
      "OMWP": 0.5,
      "GWP": 0,
      "OGWP": 0.5165
    },
    {
      "Rank": 51,
      "Player": "claudioh",
      "Points": 0,
      "Wins": 0,
      "Losses": 0,
      "Draws": 0,
      "OMWP": 0.6111,
      "GWP": 0.25,
      "OGWP": 0.5635
    },
    {
      "Rank": 50,
      "Player": "JulioP1985",
      "Points": 0,
      "Wins": 0,
      "Losses": 0,
      "Draws": 0,
      "OMWP": 0.6667000000000001,
      "GWP": 0,
      "OGWP": 0.6333
    },
    {
      "Rank": 49,
      "Player": "cool95",
      "Points": 0,
      "Wins": 0,
      "Losses": 0,
      "Draws": 0,
      "OMWP": 0.6667000000000001,
      "GWP": 0.2,
      "OGWP": 0.6333
    },
    {
      "Rank": 48,
      "Player": "O_danielakos",
      "Points": 0,
      "Wins": 0,
      "Losses": 0,
      "Draws": 0,
      "OMWP": 0.6667000000000001,
      "GWP": 0.3333,
      "OGWP": 0.5569
    },
    {
      "Rank": 47,
      "Player": "albertoSD",
      "Points": 0,
      "Wins": 0,
      "Losses": 0,
      "Draws": 0,
      "OMWP": 0.8332999999999999,
      "GWP": 0.3333,
      "OGWP": 0.6111
    },
    {
      "Rank": 46,
      "Player": "_Shikamaru_",
      "Points": 3,
      "Wins": 0,
      "Losses": 0,
      "Draws": 0,
      "OMWP": 0.3889,
      "GWP": 0.2667,
      "OGWP": 0.40509999999999996
    },
    {
      "Rank": 45,
      "Player": "weebeysfish",
      "Points": 3,
      "Wins": 0,
      "Losses": 0,
      "Draws": 0,
      "OMWP": 0.5333,
      "GWP": 0.2727,
      "OGWP": 0.5487
    },
    {
      "Rank": 44,
      "Player": "Univerce",
      "Points": 3,
      "Wins": 0,
      "Losses": 0,
      "Draws": 0,
      "OMWP": 0.5417000000000001,
      "GWP": 0.3636,
      "OGWP": 0.5219
    },
    {
      "Rank": 43,
      "Player": "kytk321",
      "Points": 3,
      "Wins": 0,
      "Losses": 0,
      "Draws": 0,
      "OMWP": 0.5556,
      "GWP": 0.25,
      "OGWP": 0.5379
    },
    {
      "Rank": 42,
      "Player": "moon11",
      "Points": 3,
      "Wins": 0,
      "Losses": 0,
      "Draws": 0,
      "OMWP": 0.5832999999999999,
      "GWP": 0.3636,
      "OGWP": 0.5082
    },
    {
      "Rank": 41,
      "Player": "LuffyDoChapeuDePalha",
      "Points": 6,
      "Wins": 0,
      "Losses": 0,
      "Draws": 0,
      "OMWP": 0.3667,
      "GWP": 0.4286,
      "OGWP": 0.39840000000000003
    },
    {
      "Rank": 40,
      "Player": "4UBro",
      "Points": 6,
      "Wins": 0,
      "Losses": 0,
      "Draws": 0,
      "OMWP": 0.44439999999999996,
      "GWP": 0.4286,
      "OGWP": 0.4571
    },
    {
      "Rank": 39,
      "Player": "_Falcon_",
      "Points": 6,
      "Wins": 0,
      "Losses": 0,
      "Draws": 0,
      "OMWP": 0.4556,
      "GWP": 0.4,
      "OGWP": 0.4611
    },
    {
      "Rank": 38,
      "Player": "duduzin",
      "Points": 6,
      "Wins": 0,
      "Losses": 0,
      "Draws": 0,
      "OMWP": 0.4722,
      "GWP": 0.3333,
      "OGWP": 0.4864
    },
    {
      "Rank": 37,
      "Player": "sandoiche",
      "Points": 6,
      "Wins": 0,
      "Losses": 0,
      "Draws": 0,
      "OMWP": 0.5111,
      "GWP": 0.3846,
      "OGWP": 0.5056
    },
    {
      "Rank": 36,
      "Player": "deleon91",
      "Points": 6,
      "Wins": 0,
      "Losses": 0,
      "Draws": 0,
      "OMWP": 0.5278,
      "GWP": 0.35710000000000003,
      "OGWP": 0.5149
    },
    {
      "Rank": 35,
      "Player": "MJ_23",
      "Points": 6,
      "Wins": 0,
      "Losses": 0,
      "Draws": 0,
      "OMWP": 0.5333,
      "GWP": 0.5,
      "OGWP": 0.4843
    },
    {
      "Rank": 34,
      "Player": "viashinoperuano",
      "Points": 6,
      "Wins": 0,
      "Losses": 0,
      "Draws": 0,
      "OMWP": 0.5832999999999999,
      "GWP": 0.3333,
      "OGWP": 0.5251
    },
    {
      "Rank": 33,
      "Player": "Chichotek",
      "Points": 6,
      "Wins": 0,
      "Losses": 0,
      "Draws": 0,
      "OMWP": 0.6667000000000001,
      "GWP": 0.4286,
      "OGWP": 0.5886
    },
    {
      "Rank": 32,
      "Player": "Brunninho",
      "Points": 9,
      "Wins": 0,
      "Losses": 0,
      "Draws": 0,
      "OMWP": 0.4722,
      "GWP": 0.46149999999999997,
      "OGWP": 0.4976
    },
    {
      "Rank": 31,
      "Player": "bid1992",
      "Points": 9,
      "Wins": 0,
      "Losses": 0,
      "Draws": 0,
      "OMWP": 0.5,
      "GWP": 0.4375,
      "OGWP": 0.5162
    },
    {
      "Rank": 30,
      "Player": "fives",
      "Points": 9,
      "Wins": 0,
      "Losses": 0,
      "Draws": 0,
      "OMWP": 0.5,
      "GWP": 0.5,
      "OGWP": 0.4644
    },
    {
      "Rank": 29,
      "Player": "Mochabeezy",
      "Points": 9,
      "Wins": 0,
      "Losses": 0,
      "Draws": 0,
      "OMWP": 0.5,
      "GWP": 0.5,
      "OGWP": 0.48210000000000003
    },
    {
      "Rank": 28,
      "Player": "capellomauro",
      "Points": 9,
      "Wins": 0,
      "Losses": 0,
      "Draws": 0,
      "OMWP": 0.5278,
      "GWP": 0.4667,
      "OGWP": 0.5017
    },
    {
      "Rank": 27,
      "Player": "ZendicardGames",
      "Points": 9,
      "Wins": 0,
      "Losses": 0,
      "Draws": 0,
      "OMWP": 0.5278,
      "GWP": 0.4667,
      "OGWP": 0.5182
    },
    {
      "Rank": 26,
      "Player": "Venom1",
      "Points": 9,
      "Wins": 0,
      "Losses": 0,
      "Draws": 0,
      "OMWP": 0.5278,
      "GWP": 0.5,
      "OGWP": 0.5168
    },
    {
      "Rank": 25,
      "Player": "valentinaaaa",
      "Points": 9,
      "Wins": 0,
      "Losses": 0,
      "Draws": 0,
      "OMWP": 0.5333,
      "GWP": 0.4545,
      "OGWP": 0.5429999999999999
    },
    {
      "Rank": 24,
      "Player": "tchuco",
      "Points": 9,
      "Wins": 0,
      "Losses": 0,
      "Draws": 0,
      "OMWP": 0.5556,
      "GWP": 0.46149999999999997,
      "OGWP": 0.5316
    },
    {
      "Rank": 23,
      "Player": "sapro31",
      "Points": 9,
      "Wins": 0,
      "Losses": 0,
      "Draws": 0,
      "OMWP": 0.5556,
      "GWP": 0.5333,
      "OGWP": 0.5193
    },
    {
      "Rank": 22,
      "Player": "xRagedFurballx",
      "Points": 9,
      "Wins": 0,
      "Losses": 0,
      "Draws": 0,
      "OMWP": 0.5832999999999999,
      "GWP": 0.5714,
      "OGWP": 0.5145000000000001
    },
    {
      "Rank": 21,
      "Player": "WadeB",
      "Points": 9,
      "Wins": 0,
      "Losses": 0,
      "Draws": 0,
      "OMWP": 0.6111,
      "GWP": 0.4667,
      "OGWP": 0.6033
    },
    {
      "Rank": 20,
      "Player": "Ale_Mtg",
      "Points": 9,
      "Wins": 0,
      "Losses": 0,
      "Draws": 0,
      "OMWP": 0.6111,
      "GWP": 0.5333,
      "OGWP": 0.5603
    },
    {
      "Rank": 19,
      "Player": "CrazyMorango",
      "Points": 12,
      "Wins": 0,
      "Losses": 0,
      "Draws": 0,
      "OMWP": 0.4556,
      "GWP": 0.5882000000000001,
      "OGWP": 0.4585
    },
    {
      "Rank": 18,
      "Player": "Strongmind",
      "Points": 12,
      "Wins": 0,
      "Losses": 0,
      "Draws": 0,
      "OMWP": 0.4722,
      "GWP": 0.6923,
      "OGWP": 0.4692
    },
    {
      "Rank": 17,
      "Player": "wcl",
      "Points": 12,
      "Wins": 0,
      "Losses": 0,
      "Draws": 0,
      "OMWP": 0.4722,
      "GWP": 0.7143,
      "OGWP": 0.46049999999999996
    },
    {
      "Rank": 16,
      "Player": "slaxx",
      "Points": 12,
      "Wins": 0,
      "Losses": 0,
      "Draws": 0,
      "OMWP": 0.5,
      "GWP": 0.6667000000000001,
      "OGWP": 0.45909999999999995
    },
    {
      "Rank": 15,
      "Player": "Mateusf34",
      "Points": 12,
      "Wins": 0,
      "Losses": 0,
      "Draws": 0,
      "OMWP": 0.5278,
      "GWP": 0.6667000000000001,
      "OGWP": 0.49439999999999995
    },
    {
      "Rank": 14,
      "Player": "LucasG1ggs",
      "Points": 12,
      "Wins": 0,
      "Losses": 0,
      "Draws": 0,
      "OMWP": 0.5389,
      "GWP": 0.6154,
      "OGWP": 0.5091
    },
    {
      "Rank": 13,
      "Player": "hermanomlg",
      "Points": 12,
      "Wins": 0,
      "Losses": 0,
      "Draws": 0,
      "OMWP": 0.55,
      "GWP": 0.5,
      "OGWP": 0.5550999999999999
    },
    {
      "Rank": 12,
      "Player": "_Davimorais",
      "Points": 12,
      "Wins": 0,
      "Losses": 0,
      "Draws": 0,
      "OMWP": 0.5556,
      "GWP": 0.6,
      "OGWP": 0.5238
    },
    {
      "Rank": 11,
      "Player": "CrusherBotBG",
      "Points": 12,
      "Wins": 0,
      "Losses": 0,
      "Draws": 0,
      "OMWP": 0.5556,
      "GWP": 0.6429,
      "OGWP": 0.503
    },
    {
      "Rank": 10,
      "Player": "Arkany1",
      "Points": 12,
      "Wins": 0,
      "Losses": 0,
      "Draws": 0,
      "OMWP": 0.5832999999999999,
      "GWP": 0.6,
      "OGWP": 0.5231
    },
    {
      "Rank": 9,
      "Player": "luvadepedreiro",
      "Points": 12,
      "Wins": 0,
      "Losses": 0,
      "Draws": 0,
      "OMWP": 0.5943999999999999,
      "GWP": 0.6429,
      "OGWP": 0.5789
    },
    {
      "Rank": 8,
      "Player": "VitorCarvalho01",
      "Points": 12,
      "Wins": 0,
      "Losses": 0,
      "Draws": 0,
      "OMWP": 0.6111,
      "GWP": 0.7143,
      "OGWP": 0.562
    },
    {
      "Rank": 7,
      "Player": "AnotherStep",
      "Points": 15,
      "Wins": 0,
      "Losses": 0,
      "Draws": 0,
      "OMWP": 0.5278,
      "GWP": 0.6111,
      "OGWP": 0.5185
    },
    {
      "Rank": 6,
      "Player": "Capitano_CL",
      "Points": 15,
      "Wins": 0,
      "Losses": 0,
      "Draws": 0,
      "OMWP": 0.5832999999999999,
      "GWP": 0.6875,
      "OGWP": 0.5377000000000001
    },
    {
      "Rank": 5,
      "Player": "hugofreitas1",
      "Points": 18,
      "Wins": 0,
      "Losses": 0,
      "Draws": 0,
      "OMWP": 0.6667000000000001,
      "GWP": 0.8,
      "OGWP": 0.597
    },
    {
      "Rank": 4,
      "Player": "novaschin22",
      "Points": 18,
      "Wins": 0,
      "Losses": 0,
      "Draws": 0,
      "OMWP": 0.4833,
      "GWP": 0.7333,
      "OGWP": 0.4714
    },
    {
      "Rank": 3,
      "Player": "karatedom",
      "Points": 18,
      "Wins": 0,
      "Losses": 0,
      "Draws": 0,
      "OMWP": 0.5556,
      "GWP": 0.6470999999999999,
      "OGWP": 0.5437
    },
    {
      "Rank": 2,
      "Player": "Viatt",
      "Points": 18,
      "Wins": 0,
      "Losses": 0,
      "Draws": 0,
      "OMWP": 0.6111,
      "GWP": 0.6,
      "OGWP": 0.5640999999999999
    },
    {
      "Rank": 1,
      "Player": "PNascimento",
      "Points": 24,
      "Wins": 0,
      "Losses": 0,
      "Draws": 0,
      "OMWP": 0.7333,
      "GWP": 0.6667000000000001,
      "OGWP": 0.6145
    }
  ]
}