{
  "Tournament": {
    "Id": 12804860,
    "Date": "2025-07-24T17:00:00",
    "Name": "Vintage Challenge 32",
    "Uri": null,
    "JsonFile": null,
    "ForceRedownload": false
  },
  "Decks": null,
  "Rounds": [
    {
      "RoundName": "Round 1",
      "Matches": [
        {
          "Player1": "ReprintDarkRitual",
          "Player2": "Bawer",
          "Result": "0-2-0"
        },
        {
          "Player1": "TheManLand",
          "Player2": "Andy_Over",
          "Result": "2-0-0"
        },
        {
          "Player1": "LucasG1ggs",
          "Player2": "ARunningHans",
          "Result": "2-0-0"
        },
        {
          "Player1": "jewdan",
          "Player2": "MyPotatoes",
          "Result": "2-0-0"
        },
        {
          "Player1": "Tsubasa_Cat",
          "Player2": "Erik157751",
          "Result": "0-2-0"
        },
        {
          "Player1": "musasabi",
          "Player2": "RPSbonjwa",
          "Result": "2-0-0"
        },
        {
          "Player1": "medvedev",
          "Player2": "Scooby_Snacks",
          "Result": "2-0-0"
        },
        {
          "Player1": "mortr3d",
          "Player2": "frostyyy_",
          "Result": "2-0-0"
        },
        {
          "Player1": "molimomaro",
          "Player2": "hermanomlg",
          "Result": "0-0-0"
        },
        {
          "Player1": "O_danielakos",
          "Player2": "Illao1",
          "Result": "2-0-0"
        },
        {
          "Player1": "albertoSD",
          "Player2": "RespectTheCat",
          "Result": "0-2-0"
        },
        {
          "Player1": "_Shatun_",
          "Player2": "pepeteam",
          "Result": "2-0-0"
        },
        {
          "Player1": "littledarwin",
          "Player2": "-CAPS-",
          "Result": "2-0-0"
        },
        {
          "Player1": "einbrick1",
          "Player2": "wongdeck",
          "Result": "0-2-0"
        },
        {
          "Player1": "416FrowningTable",
          "Player2": "MarcoIa",
          "Result": "2-0-0"
        },
        {
          "Player1": "leandru",
          "Player2": "WingedHussar",
          "Result": "0-2-0"
        },
        {
          "Player1": "Xenowan",
          "Player2": "T1_Tinker",
          "Result": "0-2-0"
        },
        {
          "Player1": "pirol94",
          "Player2": "SilversRayleigh",
          "Result": "2-0-0"
        },
        {
          "Player1": "BERNASTORRES",
          "Player2": "DEJAIR_LAMARCA",
          "Result": "2-0-0"
        },
        {
          "Player1": "Alico",
          "Player2": "Univerce",
          "Result": "2-0-0"
        },
        {
          "Player1": "oosunq",
          "Player2": "-Vidar-",
          "Result": "2-0-0"
        },
        {
          "Player1": "Capitano_CL",
          "Player2": "John1111",
          "Result": "0-2-0"
        },
        {
          "Player1": "IpseVenenaBibas",
          "Player2": "Magic_Dads71522",
          "Result": "2-0-0"
        },
        {
          "Player1": "jez_organix",
          "Player2": "Zony",
          "Result": "0-2-0"
        },
        {
          "Player1": "luvadepedreiro",
          "Player2": "NathanOfTheGiltLeaf",
          "Result": "2-0-0"
        }
      ]
    },
    {
      "RoundName": "Round 2",
      "Matches": [
        {
          "Player1": "Andy_Over",
          "Player2": "pepeteam",
          "Result": "2-1-0"
        },
        {
          "Player1": "IpseVenenaBibas",
          "Player2": "Bawer",
          "Result": "0-2-0"
        },
        {
          "Player1": "Capitano_CL",
          "Player2": "einbrick1",
          "Result": "0-2-0"
        },
        {
          "Player1": "leandru",
          "Player2": "Xenowan",
          "Result": "0-2-0"
        },
        {
          "Player1": "ReprintDarkRitual",
          "Player2": "NathanOfTheGiltLeaf",
          "Result": "0-2-0"
        },
        {
          "Player1": "mortr3d",
          "Player2": "416FrowningTable",
          "Result": "2-0-0"
        },
        {
          "Player1": "medvedev",
          "Player2": "WingedHussar",
          "Result": "2-0-0"
        },
        {
          "Player1": "_Shatun_",
          "Player2": "musasabi",
          "Result": "2-0-0"
        },
        {
          "Player1": "molimomaro",
          "Player2": "Magic_Dads71522",
          "Result": "0-2-0"
        },
        {
          "Player1": "-Vidar-",
          "Player2": "MarcoIa",
          "Result": "0-2-0"
        },
        {
          "Player1": "jez_organix",
          "Player2": "RPSbonjwa",
          "Result": "2-0-0"
        },
        {
          "Player1": "littledarwin",
          "Player2": "Erik157751",
          "Result": "0-2-0"
        },
        {
          "Player1": "LucasG1ggs",
          "Player2": "Alico",
          "Result": "0-2-0"
        },
        {
          "Player1": "oosunq",
          "Player2": "DEJAIR_LAMARCA",
          "Result": "0-2-0"
        },
        {
          "Player1": "Tsubasa_Cat",
          "Player2": "Illao1",
          "Result": "0-0-0"
        },
        {
          "Player1": "O_danielakos",
          "Player2": "hermanomlg",
          "Result": "0-2-0"
        },
        {
          "Player1": "ARunningHans",
          "Player2": "-CAPS-",
          "Result": "2-0-0"
        },
        {
          "Player1": "SilversRayleigh",
          "Player2": "Univerce",
          "Result": "2-0-0"
        },
        {
          "Player1": "jewdan",
          "Player2": "pirol94",
          "Result": "2-0-0"
        },
        {
          "Player1": "wongdeck",
          "Player2": "John1111",
          "Result": "2-0-0"
        },
        {
          "Player1": "albertoSD",
          "Player2": "frostyyy_",
          "Result": "0-2-0"
        },
        {
          "Player1": "BERNASTORRES",
          "Player2": "Zony",
          "Result": "2-0-0"
        },
        {
          "Player1": "TheManLand",
          "Player2": "luvadepedreiro",
          "Result": "2-0-0"
        },
        {
          "Player1": "RespectTheCat",
          "Player2": "T1_Tinker",
          "Result": "0-2-0"
        }
      ]
    },
    {
      "RoundName": "Round 3",
      "Matches": [
        {
          "Player1": "BERNASTORRES",
          "Player2": "Erik157751",
          "Result": "2-0-0"
        },
        {
          "Player1": "John1111",
          "Player2": "MarcoIa",
          "Result": "2-0-0"
        },
        {
          "Player1": "WingedHussar",
          "Player2": "Andy_Over",
          "Result": "2-0-0"
        },
        {
          "Player1": "medvedev",
          "Player2": "wongdeck",
          "Result": "0-2-0"
        },
        {
          "Player1": "-Vidar-",
          "Player2": "RPSbonjwa",
          "Result": "0-2-0"
        },
        {
          "Player1": "RespectTheCat",
          "Player2": "IpseVenenaBibas",
          "Result": "0-0-0"
        },
        {
          "Player1": "jewdan",
          "Player2": "Bawer",
          "Result": "2-0-0"
        },
        {
          "Player1": "leandru",
          "Player2": "Illao1",
          "Result": "0-2-0"
        },
        {
          "Player1": "oosunq",
          "Player2": "NathanOfTheGiltLeaf",
          "Result": "0-2-0"
        },
        {
          "Player1": "ARunningHans",
          "Player2": "SilversRayleigh",
          "Result": "2-0-0"
        },
        {
          "Player1": "Magic_Dads71522",
          "Player2": "Scooby_Snacks",
          "Result": "0-2-0"
        },
        {
          "Player1": "TheManLand",
          "Player2": "hermanomlg",
          "Result": "2-0-0"
        },
        {
          "Player1": "luvadepedreiro",
          "Player2": "DEJAIR_LAMARCA",
          "Result": "2-0-0"
        },
        {
          "Player1": "littledarwin",
          "Player2": "LucasG1ggs",
          "Result": "2-0-0"
        },
        {
          "Player1": "jez_organix",
          "Player2": "Tsubasa_Cat",
          "Result": "2-0-0"
        },
        {
          "Player1": "mortr3d",
          "Player2": "_Shatun_",
          "Result": "2-0-0"
        },
        {
          "Player1": "musasabi",
          "Player2": "pirol94",
          "Result": "2-0-0"
        },
        {
          "Player1": "Capitano_CL",
          "Player2": "Univerce",
          "Result": "0-2-0"
        },
        {
          "Player1": "Xenowan",
          "Player2": "frostyyy_",
          "Result": "2-0-0"
        },
        {
          "Player1": "Alico",
          "Player2": "T1_Tinker",
          "Result": "0-2-0"
        },
        {
          "Player1": "O_danielakos",
          "Player2": "einbrick1",
          "Result": "2-0-0"
        },
        {
          "Player1": "416FrowningTable",
          "Player2": "Zony",
          "Result": "0-2-0"
        }
      ]
    },
    {
      "RoundName": "Round 4",
      "Matches": [
        {
          "Player1": "Andy_Over",
          "Player2": "ARunningHans",
          "Result": "2-0-0"
        },
        {
          "Player1": "medvedev",
          "Player2": "Bawer",
          "Result": "2-0-0"
        },
        {
          "Player1": "TheManLand",
          "Player2": "jewdan",
          "Result": "2-0-0"
        },
        {
          "Player1": "einbrick1",
          "Player2": "MarcoIa",
          "Result": "0-2-0"
        },
        {
          "Player1": "littledarwin",
          "Player2": "O_danielakos",
          "Result": "2-0-0"
        },
        {
          "Player1": "Tsubasa_Cat",
          "Player2": "IpseVenenaBibas",
          "Result": "2-0-0"
        },
        {
          "Player1": "416FrowningTable",
          "Player2": "Univerce",
          "Result": "2-0-0"
        },
        {
          "Player1": "BERNASTORRES",
          "Player2": "wongdeck",
          "Result": "2-0-0"
        },
        {
          "Player1": "Alico",
          "Player2": "Zony",
          "Result": "0-2-0"
        },
        {
          "Player1": "John1111",
          "Player2": "RespectTheCat",
          "Result": "0-2-0"
        },
        {
          "Player1": "jez_organix",
          "Player2": "WingedHussar",
          "Result": "0-2-0"
        },
        {
          "Player1": "Erik157751",
          "Player2": "Scooby_Snacks",
          "Result": "2-0-0"
        },
        {
          "Player1": "oosunq",
          "Player2": "SilversRayleigh",
          "Result": "0-2-0"
        },
        {
          "Player1": "mortr3d",
          "Player2": "T1_Tinker",
          "Result": "2-0-0"
        },
        {
          "Player1": "musasabi",
          "Player2": "luvadepedreiro",
          "Result": "0-2-0"
        },
        {
          "Player1": "LucasG1ggs",
          "Player2": "DEJAIR_LAMARCA",
          "Result": "2-0-0"
        },
        {
          "Player1": "_Shatun_",
          "Player2": "Xenowan",
          "Result": "0-2-0"
        },
        {
          "Player1": "-Vidar-",
          "Player2": "Magic_Dads71522",
          "Result": "2-0-0"
        },
        {
          "Player1": "hermanomlg",
          "Player2": "NathanOfTheGiltLeaf",
          "Result": "0-2-0"
        },
        {
          "Player1": "RPSbonjwa",
          "Player2": "Illao1",
          "Result": "0-2-0"
        }
      ]
    },
    {
      "RoundName": "Round 5",
      "Matches": [
        {
          "Player1": "LucasG1ggs",
          "Player2": "jez_organix",
          "Result": "0-2-0"
        },
        {
          "Player1": "littledarwin",
          "Player2": "T1_Tinker",
          "Result": "2-0-0"
        },
        {
          "Player1": "mortr3d",
          "Player2": "BERNASTORRES",
          "Result": "0-2-0"
        },
        {
          "Player1": "O_danielakos",
          "Player2": "Alico",
          "Result": "0-2-0"
        },
        {
          "Player1": "Tsubasa_Cat",
          "Player2": "416FrowningTable",
          "Result": "0-0-0"
        },
        {
          "Player1": "WingedHussar",
          "Player2": "Zony",
          "Result": "0-2-0"
        },
        {
          "Player1": "musasabi",
          "Player2": "hermanomlg",
          "Result": "0-2-0"
        },
        {
          "Player1": "medvedev",
          "Player2": "luvadepedreiro",
          "Result": "0-2-0"
        },
        {
          "Player1": "_Shatun_",
          "Player2": "wongdeck",
          "Result": "2-0-0"
        },
        {
          "Player1": "-Vidar-",
          "Player2": "DEJAIR_LAMARCA",
          "Result": "0-2-0"
        },
        {
          "Player1": "Illao1",
          "Player2": "Andy_Over",
          "Result": "0-2-0"
        },
        {
          "Player1": "TheManLand",
          "Player2": "Erik157751",
          "Result": "0-2-0"
        },
        {
          "Player1": "John1111",
          "Player2": "Bawer",
          "Result": "2-0-0"
        },
        {
          "Player1": "IpseVenenaBibas",
          "Player2": "RPSbonjwa",
          "Result": "0-2-0"
        },
        {
          "Player1": "Xenowan",
          "Player2": "RespectTheCat",
          "Result": "2-0-0"
        },
        {
          "Player1": "SilversRayleigh",
          "Player2": "Scooby_Snacks",
          "Result": "2-0-0"
        },
        {
          "Player1": "jewdan",
          "Player2": "NathanOfTheGiltLeaf",
          "Result": "0-2-0"
        },
        {
          "Player1": "ARunningHans",
          "Player2": "MarcoIa",
          "Result": "0-2-0"
        },
        {
          "Player1": "Univerce",
          "Player2": "Magic_Dads71522",
          "Result": "2-0-0"
        }
      ]
    },
    {
      "RoundName": "Round 6",
      "Matches": [
        {
          "Player1": "WingedHussar",
          "Player2": "MarcoIa",
          "Result": "2-1-0"
        },
        {
          "Player1": "O_danielakos",
          "Player2": "-Vidar-",
          "Result": "0-2-0"
        },
        {
          "Player1": "John1111",
          "Player2": "SilversRayleigh",
          "Result": "2-0-0"
        },
        {
          "Player1": "Univerce",
          "Player2": "Illao1",
          "Result": "0-2-0"
        },
        {
          "Player1": "Andy_Over",
          "Player2": "Alico",
          "Result": "0-0-0"
        },
        {
          "Player1": "LucasG1ggs",
          "Player2": "Bawer",
          "Result": "2-0-0"
        },
        {
          "Player1": "musasabi",
          "Player2": "Tsubasa_Cat",
          "Result": "0-2-0"
        },
        {
          "Player1": "hermanomlg",
          "Player2": "jewdan",
          "Result": "0-2-0"
        },
        {
          "Player1": "BERNASTORRES",
          "Player2": "Xenowan",
          "Result": "2-0-0"
        },
        {
          "Player1": "RPSbonjwa",
          "Player2": "Scooby_Snacks",
          "Result": "2-0-0"
        },
        {
          "Player1": "jez_organix",
          "Player2": "wongdeck",
          "Result": "0-2-0"
        },
        {
          "Player1": "416FrowningTable",
          "Player2": "RespectTheCat",
          "Result": "0-2-0"
        },
        {
          "Player1": "littledarwin",
          "Player2": "luvadepedreiro",
          "Result": "2-0-0"
        },
        {
          "Player1": "ARunningHans",
          "Player2": "DEJAIR_LAMARCA",
          "Result": "0-0-0"
        },
        {
          "Player1": "medvedev",
          "Player2": "T1_Tinker",
          "Result": "0-2-0"
        },
        {
          "Player1": "TheManLand",
          "Player2": "Zony",
          "Result": "2-0-0"
        },
        {
          "Player1": "mortr3d",
          "Player2": "NathanOfTheGiltLeaf",
          "Result": "0-2-0"
        },
        {
          "Player1": "_Shatun_",
          "Player2": "Erik157751",
          "Result": "2-0-0"
        }
      ]
    },
    {
      "RoundName": "Round 7",
      "Matches": [
        {
          "Player1": "Erik157751",
          "Player2": "NathanOfTheGiltLeaf",
          "Result": "0-2-0"
        },
        {
          "Player1": "TheManLand",
          "Player2": "T1_Tinker",
          "Result": "2-0-0"
        },
        {
          "Player1": "mortr3d",
          "Player2": "BERNASTORRES",
          "Result": "0-2-0"
        },
        {
          "Player1": "littledarwin",
          "Player2": "Zony",
          "Result": "2-0-0"
        }
      ]
    },
    {
      "RoundName": "Round 8",
      "Matches": [
        {
          "Player1": "BERNASTORRES",
          "Player2": "NathanOfTheGiltLeaf",
          "Result": "0-2-0"
        },
        {
          "Player1": "littledarwin",
          "Player2": "TheManLand",
          "Result": "0-2-0"
        }
      ]
    },
    {
      "RoundName": "Round 9",
      "Matches": [
        {
          "Player1": "TheManLand",
          "Player2": "NathanOfTheGiltLeaf",
          "Result": "0-2-0"
        }
      ]
    }
  ],
  "Standings": [
    {
      "Rank": 50,
      "Player": "molimomaro",
      "Points": 0,
      "Wins": 0,
      "Losses": 0,
      "Draws": 0,
      "OMWP": 0.4167,
      "GWP": 0,
      "OGWP": 0.45899999999999996
    },
    {
      "Rank": 49,
      "Player": "Capitano_CL",
      "Points": 0,
      "Wins": 0,
      "Losses": 0,
      "Draws": 0,
      "OMWP": 0.44439999999999996,
      "GWP": 0.25,
      "OGWP": 0.4974
    },
    {
      "Rank": 48,
      "Player": "albertoSD",
      "Points": 0,
      "Wins": 0,
      "Losses": 0,
      "Draws": 0,
      "OMWP": 0.5,
      "GWP": 0.2,
      "OGWP": 0.5089
    },
    {
      "Rank": 47,
      "Player": "ReprintDarkRitual",
      "Points": 0,
      "Wins": 0,
      "Losses": 0,
      "Draws": 0,
      "OMWP": 0.5832999999999999,
      "GWP": 0.2,
      "OGWP": 0.5625
    },
    {
      "Rank": 46,
      "Player": "pepeteam",
      "Points": 0,
      "Wins": 0,
      "Losses": 0,
      "Draws": 0,
      "OMWP": 0.5832999999999999,
      "GWP": 0.3333,
      "OGWP": 0.5313
    },
    {
      "Rank": 45,
      "Player": "leandru",
      "Points": 0,
      "Wins": 0,
      "Losses": 0,
      "Draws": 0,
      "OMWP": 0.6111,
      "GWP": 0.1429,
      "OGWP": 0.5465
    },
    {
      "Rank": 44,
      "Player": "-CAPS-",
      "Points": 0,
      "Wins": 0,
      "Losses": 0,
      "Draws": 0,
      "OMWP": 0.6667000000000001,
      "GWP": 0,
      "OGWP": 0.6731
    },
    {
      "Rank": 43,
      "Player": "MyPotatoes",
      "Points": 0,
      "Wins": 0,
      "Losses": 0,
      "Draws": 0,
      "OMWP": 0.6667000000000001,
      "GWP": 0.3333,
      "OGWP": 0.5294
    },
    {
      "Rank": 42,
      "Player": "einbrick1",
      "Points": 3,
      "Wins": 0,
      "Losses": 0,
      "Draws": 0,
      "OMWP": 0.4583,
      "GWP": 0.22219999999999998,
      "OGWP": 0.4583
    },
    {
      "Rank": 41,
      "Player": "IpseVenenaBibas",
      "Points": 3,
      "Wins": 0,
      "Losses": 0,
      "Draws": 0,
      "OMWP": 0.4667,
      "GWP": 0.2727,
      "OGWP": 0.4653
    },
    {
      "Rank": 40,
      "Player": "oosunq",
      "Points": 3,
      "Wins": 0,
      "Losses": 0,
      "Draws": 0,
      "OMWP": 0.5,
      "GWP": 0.3636,
      "OGWP": 0.4979
    },
    {
      "Rank": 39,
      "Player": "pirol94",
      "Points": 3,
      "Wins": 0,
      "Losses": 0,
      "Draws": 0,
      "OMWP": 0.5,
      "GWP": 0.4286,
      "OGWP": 0.4987
    },
    {
      "Rank": 38,
      "Player": "frostyyy_",
      "Points": 3,
      "Wins": 0,
      "Losses": 0,
      "Draws": 0,
      "OMWP": 0.5556,
      "GWP": 0.375,
      "OGWP": 0.5123
    },
    {
      "Rank": 37,
      "Player": "Magic_Dads71522",
      "Points": 6,
      "Wins": 0,
      "Losses": 0,
      "Draws": 0,
      "OMWP": 0.3333,
      "GWP": 0.3846,
      "OGWP": 0.3954
    },
    {
      "Rank": 36,
      "Player": "-Vidar-",
      "Points": 6,
      "Wins": 0,
      "Losses": 0,
      "Draws": 0,
      "OMWP": 0.3889,
      "GWP": 0.4375,
      "OGWP": 0.40549999999999997
    },
    {
      "Rank": 35,
      "Player": "Univerce",
      "Points": 6,
      "Wins": 0,
      "Losses": 0,
      "Draws": 0,
      "OMWP": 0.4722,
      "GWP": 0.44439999999999996,
      "OGWP": 0.44659999999999994
    },
    {
      "Rank": 34,
      "Player": "Scooby_Snacks",
      "Points": 6,
      "Wins": 0,
      "Losses": 0,
      "Draws": 0,
      "OMWP": 0.5,
      "GWP": 0.4286,
      "OGWP": 0.461
    },
    {
      "Rank": 33,
      "Player": "Bawer",
      "Points": 6,
      "Wins": 0,
      "Losses": 0,
      "Draws": 0,
      "OMWP": 0.5,
      "GWP": 0.4375,
      "OGWP": 0.46130000000000004
    },
    {
      "Rank": 32,
      "Player": "O_danielakos",
      "Points": 6,
      "Wins": 0,
      "Losses": 0,
      "Draws": 0,
      "OMWP": 0.5278,
      "GWP": 0.3846,
      "OGWP": 0.5242
    },
    {
      "Rank": 31,
      "Player": "musasabi",
      "Points": 6,
      "Wins": 0,
      "Losses": 0,
      "Draws": 0,
      "OMWP": 0.5278,
      "GWP": 0.5,
      "OGWP": 0.49770000000000003
    },
    {
      "Rank": 30,
      "Player": "DEJAIR_LAMARCA",
      "Points": 6,
      "Wins": 0,
      "Losses": 0,
      "Draws": 0,
      "OMWP": 0.5556,
      "GWP": 0.4,
      "OGWP": 0.5216
    },
    {
      "Rank": 29,
      "Player": "RPSbonjwa",
      "Points": 9,
      "Wins": 0,
      "Losses": 0,
      "Draws": 0,
      "OMWP": 0.3889,
      "GWP": 0.4,
      "OGWP": 0.45539999999999997
    },
    {
      "Rank": 28,
      "Player": "Illao1",
      "Points": 9,
      "Wins": 0,
      "Losses": 0,
      "Draws": 0,
      "OMWP": 0.4167,
      "GWP": 0.46149999999999997,
      "OGWP": 0.4207
    },
    {
      "Rank": 27,
      "Player": "SilversRayleigh",
      "Points": 9,
      "Wins": 0,
      "Losses": 0,
      "Draws": 0,
      "OMWP": 0.4167,
      "GWP": 0.4667,
      "OGWP": 0.4799
    },
    {
      "Rank": 26,
      "Player": "ARunningHans",
      "Points": 9,
      "Wins": 0,
      "Losses": 0,
      "Draws": 0,
      "OMWP": 0.44439999999999996,
      "GWP": 0.5,
      "OGWP": 0.43810000000000004
    },
    {
      "Rank": 25,
      "Player": "Tsubasa_Cat",
      "Points": 9,
      "Wins": 0,
      "Losses": 0,
      "Draws": 0,
      "OMWP": 0.4722,
      "GWP": 0.46149999999999997,
      "OGWP": 0.4986
    },
    {
      "Rank": 24,
      "Player": "MarcoIa",
      "Points": 9,
      "Wins": 0,
      "Losses": 0,
      "Draws": 0,
      "OMWP": 0.5,
      "GWP": 0.5,
      "OGWP": 0.5079
    },
    {
      "Rank": 23,
      "Player": "LucasG1ggs",
      "Points": 9,
      "Wins": 0,
      "Losses": 0,
      "Draws": 0,
      "OMWP": 0.5278,
      "GWP": 0.4286,
      "OGWP": 0.5481
    },
    {
      "Rank": 22,
      "Player": "medvedev",
      "Points": 9,
      "Wins": 0,
      "Losses": 0,
      "Draws": 0,
      "OMWP": 0.5556,
      "GWP": 0.4286,
      "OGWP": 0.5478000000000001
    },
    {
      "Rank": 21,
      "Player": "416FrowningTable",
      "Points": 9,
      "Wins": 0,
      "Losses": 0,
      "Draws": 0,
      "OMWP": 0.5556,
      "GWP": 0.5,
      "OGWP": 0.5376
    },
    {
      "Rank": 20,
      "Player": "hermanomlg",
      "Points": 9,
      "Wins": 0,
      "Losses": 0,
      "Draws": 0,
      "OMWP": 0.5556,
      "GWP": 0.5333,
      "OGWP": 0.5136999999999999
    },
    {
      "Rank": 19,
      "Player": "Andy_Over",
      "Points": 9,
      "Wins": 0,
      "Losses": 0,
      "Draws": 0,
      "OMWP": 0.5832999999999999,
      "GWP": 0.5,
      "OGWP": 0.5063
    },
    {
      "Rank": 18,
      "Player": "jez_organix",
      "Points": 9,
      "Wins": 0,
      "Losses": 0,
      "Draws": 0,
      "OMWP": 0.5832999999999999,
      "GWP": 0.5714,
      "OGWP": 0.5094
    },
    {
      "Rank": 17,
      "Player": "Alico",
      "Points": 12,
      "Wins": 0,
      "Losses": 0,
      "Draws": 0,
      "OMWP": 0.5,
      "GWP": 0.5333,
      "OGWP": 0.49810000000000004
    },
    {
      "Rank": 16,
      "Player": "WingedHussar",
      "Points": 12,
      "Wins": 0,
      "Losses": 0,
      "Draws": 0,
      "OMWP": 0.5,
      "GWP": 0.5625,
      "OGWP": 0.4869
    },
    {
      "Rank": 15,
      "Player": "John1111",
      "Points": 12,
      "Wins": 0,
      "Losses": 0,
      "Draws": 0,
      "OMWP": 0.5,
      "GWP": 0.7143,
      "OGWP": 0.4993
    },
    {
      "Rank": 14,
      "Player": "jewdan",
      "Points": 12,
      "Wins": 0,
      "Losses": 0,
      "Draws": 0,
      "OMWP": 0.5278,
      "GWP": 0.5294,
      "OGWP": 0.5112
    },
    {
      "Rank": 13,
      "Player": "RespectTheCat",
      "Points": 12,
      "Wins": 0,
      "Losses": 0,
      "Draws": 0,
      "OMWP": 0.5278,
      "GWP": 0.6429,
      "OGWP": 0.5232
    },
    {
      "Rank": 12,
      "Player": "_Shatun_",
      "Points": 12,
      "Wins": 0,
      "Losses": 0,
      "Draws": 0,
      "OMWP": 0.5556,
      "GWP": 0.5625,
      "OGWP": 0.5462
    },
    {
      "Rank": 11,
      "Player": "luvadepedreiro",
      "Points": 12,
      "Wins": 0,
      "Losses": 0,
      "Draws": 0,
      "OMWP": 0.6111,
      "GWP": 0.6,
      "OGWP": 0.5849
    },
    {
      "Rank": 10,
      "Player": "Xenowan",
      "Points": 12,
      "Wins": 0,
      "Losses": 0,
      "Draws": 0,
      "OMWP": 0.6111,
      "GWP": 0.6154,
      "OGWP": 0.5594
    },
    {
      "Rank": 9,
      "Player": "wongdeck",
      "Points": 12,
      "Wins": 0,
      "Losses": 0,
      "Draws": 0,
      "OMWP": 0.6111,
      "GWP": 0.6154,
      "OGWP": 0.5684
    },
    {
      "Rank": 8,
      "Player": "mortr3d",
      "Points": 12,
      "Wins": 0,
      "Losses": 0,
      "Draws": 0,
      "OMWP": 0.6667000000000001,
      "GWP": 0.5882000000000001,
      "OGWP": 0.5946
    },
    {
      "Rank": 7,
      "Player": "T1_Tinker",
      "Points": 12,
      "Wins": 0,
      "Losses": 0,
      "Draws": 0,
      "OMWP": 0.6667000000000001,
      "GWP": 0.6429,
      "OGWP": 0.6091
    },
    {
      "Rank": 6,
      "Player": "Zony",
      "Points": 12,
      "Wins": 0,
      "Losses": 0,
      "Draws": 0,
      "OMWP": 0.6944,
      "GWP": 0.5882000000000001,
      "OGWP": 0.6024
    },
    {
      "Rank": 5,
      "Player": "Erik157751",
      "Points": 12,
      "Wins": 0,
      "Losses": 0,
      "Draws": 0,
      "OMWP": 0.6944,
      "GWP": 0.625,
      "OGWP": 0.6243
    },
    {
      "Rank": 4,
      "Player": "littledarwin",
      "Points": 18,
      "Wins": 0,
      "Losses": 0,
      "Draws": 0,
      "OMWP": 0.5278,
      "GWP": 0.8462000000000001,
      "OGWP": 0.5024000000000001
    },
    {
      "Rank": 3,
      "Player": "BERNASTORRES",
      "Points": 21,
      "Wins": 0,
      "Losses": 0,
      "Draws": 0,
      "OMWP": 0.6111,
      "GWP": 0.8,
      "OGWP": 0.5720000000000001
    },
    {
      "Rank": 2,
      "Player": "TheManLand",
      "Points": 21,
      "Wins": 0,
      "Losses": 0,
      "Draws": 0,
      "OMWP": 0.6111,
      "GWP": 0.6470999999999999,
      "OGWP": 0.5627
    },
    {
      "Rank": 1,
      "Player": "NathanOfTheGiltLeaf",
      "Points": 24,
      "Wins": 0,
      "Losses": 0,
      "Draws": 0,
      "OMWP": 0.5278,
      "GWP": 0.6875,
      "OGWP": 0.4913
    }
  ]
}