{
  "Tournament": {
    "Id": 12803732,
    "Date": "2025-07-22T22:00:00",
    "Name": "Modern Challenge 32",
    "Uri": null,
    "JsonFile": null,
    "ForceRedownload": false
  },
  "Decks": null,
  "Rounds": [
    {
      "RoundName": "Round 1",
      "Matches": [
        {
          "Player1": "LukeBrandes",
          "Player2": "Scooby_Snacks",
          "Result": "2-0-0"
        },
        {
          "Player1": "blackdecks99",
          "Player2": "_EchoDrift",
          "Result": "2-0-0"
        },
        {
          "Player1": "HelpfulHobo",
          "Player2": "ValaKing",
          "Result": "2-0-0"
        },
        {
          "Player1": "Staroson",
          "Player2": "tipsyGnostalgic",
          "Result": "0-0-0"
        },
        {
          "Player1": "xfile",
          "Player2": "Flamie_Oliver",
          "Result": "2-0-0"
        },
        {
          "Player1": "derlumberzack",
          "Player2": "EL_Zanetti",
          "Result": "0-2-0"
        },
        {
          "Player1": "Dr4ken",
          "Player2": "No_e_that_knows",
          "Result": "2-0-0"
        },
        {
          "Player1": "Carroz",
          "Player2": "Moe12",
          "Result": "0-0-0"
        },
        {
          "Player1": "Walri",
          "Player2": "Kyoto_Maschi",
          "Result": "2-0-0"
        },
        {
          "Player1": "parkss",
          "Player2": "KadettiKersantti",
          "Result": "0-2-0"
        },
        {
          "Player1": "cool95",
          "Player2": "HideOnShish",
          "Result": "0-2-0"
        },
        {
          "Player1": "HoldTheElle",
          "Player2": "NamelessDream3r",
          "Result": "2-0-0"
        },
        {
          "Player1": "Zompatanfo",
          "Player2": "reidq7",
          "Result": "2-0-0"
        },
        {
          "Player1": "Misplacedginger",
          "Player2": "AeonLock",
          "Result": "2-0-0"
        },
        {
          "Player1": "Jedgi",
          "Player2": "Lau7y",
          "Result": "2-0-0"
        },
        {
          "Player1": "acjestes",
          "Player2": "azax",
          "Result": "0-2-0"
        },
        {
          "Player1": "VictorEsquici",
          "Player2": "zRnkd",
          "Result": "0-2-0"
        },
        {
          "Player1": "Capitano_CL",
          "Player2": "CMack_",
          "Result": "2-0-0"
        },
        {
          "Player1": "Giox96",
          "Player2": "akthomas1124",
          "Result": "0-2-0"
        },
        {
          "Player1": "Raydan",
          "Player2": "bomberboss",
          "Result": "0-2-0"
        },
        {
          "Player1": "haileysworld",
          "Player2": "karatedom",
          "Result": "0-2-0"
        },
        {
          "Player1": "MJ_23",
          "Player2": "NathanOfTheGiltLeaf",
          "Result": "2-0-0"
        },
        {
          "Player1": "rastaf",
          "Player2": "MisterTwin",
          "Result": "2-0-0"
        },
        {
          "Player1": "Rashek",
          "Player2": "Lightspirit",
          "Result": "2-0-0"
        },
        {
          "Player1": "jvidarte",
          "Player2": "DemonicTutors",
          "Result": "2-0-0"
        },
        {
          "Player1": "Sarlanga",
          "Player2": "ShadowTitan1",
          "Result": "0-2-0"
        },
        {
          "Player1": "klien7",
          "Player2": "TripleQ",
          "Result": "2-0-0"
        },
        {
          "Player1": "MeninooNey",
          "Player2": "ResponsiblyStupid",
          "Result": "2-0-0"
        },
        {
          "Player1": "Micro",
          "Player2": "DobleP",
          "Result": "2-0-0"
        },
        {
          "Player1": "Alico",
          "Player2": "cntrlfreak_ttv",
          "Result": "2-0-0"
        },
        {
          "Player1": "jackie42005",
          "Player2": "Drank_Swallalahr",
          "Result": "2-0-0"
        },
        {
          "Player1": "WingedHussar",
          "Player2": "SuperCow12653",
          "Result": "0-2-0"
        },
        {
          "Player1": "jewdan",
          "Player2": "fudgems",
          "Result": "0-2-0"
        },
        {
          "Player1": "Xenowan",
          "Player2": "unworldlyorigin",
          "Result": "2-0-0"
        },
        {
          "Player1": "ManUFan",
          "Player2": "O_danielakos",
          "Result": "2-0-0"
        },
        {
          "Player1": "SHUANEEHOG",
          "Player2": "Univerce",
          "Result": "2-0-0"
        }
      ]
    },
    {
      "RoundName": "Round 2",
      "Matches": [
        {
          "Player1": "HelpfulHobo",
          "Player2": "azax",
          "Result": "0-2-0"
        },
        {
          "Player1": "WingedHussar",
          "Player2": "CMack_",
          "Result": "0-2-0"
        },
        {
          "Player1": "bomberboss",
          "Player2": "Xenowan",
          "Result": "1-2-0"
        },
        {
          "Player1": "Alico",
          "Player2": "MeninooNey",
          "Result": "2-0-0"
        },
        {
          "Player1": "Raydan",
          "Player2": "cntrlfreak_ttv",
          "Result": "0-2-0"
        },
        {
          "Player1": "Sarlanga",
          "Player2": "DemonicTutors",
          "Result": "2-0-0"
        },
        {
          "Player1": "Misplacedginger",
          "Player2": "karatedom",
          "Result": "2-0-0"
        },
        {
          "Player1": "jewdan",
          "Player2": "Drank_Swallalahr",
          "Result": "0-2-0"
        },
        {
          "Player1": "Rashek",
          "Player2": "LukeBrandes",
          "Result": "0-2-0"
        },
        {
          "Player1": "haileysworld",
          "Player2": "Lightspirit",
          "Result": "0-0-0"
        },
        {
          "Player1": "Kyoto_Maschi",
          "Player2": "Moe12",
          "Result": "0-2-0"
        },
        {
          "Player1": "No_e_that_knows",
          "Player2": "AeonLock",
          "Result": "2-0-0"
        },
        {
          "Player1": "DobleP",
          "Player2": "tipsyGnostalgic",
          "Result": "2-0-0"
        },
        {
          "Player1": "Jedgi",
          "Player2": "SHUANEEHOG",
          "Result": "2-0-0"
        },
        {
          "Player1": "klien7",
          "Player2": "fudgems",
          "Result": "0-2-0"
        },
        {
          "Player1": "TripleQ",
          "Player2": "NathanOfTheGiltLeaf",
          "Result": "2-0-0"
        },
        {
          "Player1": "NamelessDream3r",
          "Player2": "VictorEsquici",
          "Result": "0-2-0"
        },
        {
          "Player1": "Staroson",
          "Player2": "Lau7y",
          "Result": "0-0-0"
        },
        {
          "Player1": "Carroz",
          "Player2": "HideOnShish",
          "Result": "2-0-0"
        },
        {
          "Player1": "Micro",
          "Player2": "Walri",
          "Result": "0-2-0"
        },
        {
          "Player1": "derlumberzack",
          "Player2": "unworldlyorigin",
          "Result": "0-2-0"
        },
        {
          "Player1": "rastaf",
          "Player2": "SuperCow12653",
          "Result": "2-0-0"
        },
        {
          "Player1": "jvidarte",
          "Player2": "Dr4ken",
          "Result": "0-2-0"
        },
        {
          "Player1": "O_danielakos",
          "Player2": "reidq7",
          "Result": "0-2-0"
        },
        {
          "Player1": "Giox96",
          "Player2": "_EchoDrift",
          "Result": "2-0-0"
        },
        {
          "Player1": "ValaKing",
          "Player2": "MisterTwin",
          "Result": "0-0-0"
        },
        {
          "Player1": "acjestes",
          "Player2": "ResponsiblyStupid",
          "Result": "0-2-0"
        },
        {
          "Player1": "parkss",
          "Player2": "Univerce",
          "Result": "2-0-0"
        },
        {
          "Player1": "ManUFan",
          "Player2": "zRnkd",
          "Result": "2-1-0"
        },
        {
          "Player1": "Capitano_CL",
          "Player2": "HoldTheElle",
          "Result": "1-2-0"
        },
        {
          "Player1": "blackdecks99",
          "Player2": "akthomas1124",
          "Result": "2-1-0"
        },
        {
          "Player1": "cool95",
          "Player2": "Flamie_Oliver",
          "Result": "0-2-0"
        },
        {
          "Player1": "jackie42005",
          "Player2": "EL_Zanetti",
          "Result": "2-0-0"
        },
        {
          "Player1": "Zompatanfo",
          "Player2": "KadettiKersantti",
          "Result": "0-2-0"
        },
        {
          "Player1": "MJ_23",
          "Player2": "xfile",
          "Result": "0-2-0"
        },
        {
          "Player1": "ShadowTitan1",
          "Player2": "Ale_Mtg",
          "Result": "0-2-0"
        }
      ]
    },
    {
      "RoundName": "Round 3",
      "Matches": [
        {
          "Player1": "NamelessDream3r",
          "Player2": "DemonicTutors",
          "Result": "2-0-0"
        },
        {
          "Player1": "Sarlanga",
          "Player2": "Moe12",
          "Result": "0-0-0"
        },
        {
          "Player1": "MeninooNey",
          "Player2": "Lau7y",
          "Result": "0-2-0"
        },
        {
          "Player1": "blackdecks99",
          "Player2": "LukeBrandes",
          "Result": "2-0-0"
        },
        {
          "Player1": "klien7",
          "Player2": "cntrlfreak_ttv",
          "Result": "0-2-0"
        },
        {
          "Player1": "zRnkd",
          "Player2": "akthomas1124",
          "Result": "2-0-0"
        },
        {
          "Player1": "Misplacedginger",
          "Player2": "Dr4ken",
          "Result": "2-0-0"
        },
        {
          "Player1": "SuperCow12653",
          "Player2": "ResponsiblyStupid",
          "Result": "0-2-0"
        },
        {
          "Player1": "Jedgi",
          "Player2": "Walri",
          "Result": "0-0-0"
        },
        {
          "Player1": "Flamie_Oliver",
          "Player2": "No_e_that_knows",
          "Result": "0-2-0"
        },
        {
          "Player1": "Rashek",
          "Player2": "TripleQ",
          "Result": "2-0-0"
        },
        {
          "Player1": "jackie42005",
          "Player2": "KadettiKersantti",
          "Result": "2-0-0"
        },
        {
          "Player1": "VictorEsquici",
          "Player2": "Drank_Swallalahr",
          "Result": "2-1-0"
        },
        {
          "Player1": "Ale_Mtg",
          "Player2": "HoldTheElle",
          "Result": "0-2-0"
        },
        {
          "Player1": "bomberboss",
          "Player2": "EL_Zanetti",
          "Result": "0-2-0"
        },
        {
          "Player1": "Micro",
          "Player2": "ShadowTitan1",
          "Result": "0-2-0"
        },
        {
          "Player1": "CMack_",
          "Player2": "Zompatanfo",
          "Result": "0-2-0"
        },
        {
          "Player1": "SHUANEEHOG",
          "Player2": "Giox96",
          "Result": "0-2-0"
        },
        {
          "Player1": "karatedom",
          "Player2": "HelpfulHobo",
          "Result": "0-2-0"
        },
        {
          "Player1": "derlumberzack",
          "Player2": "ValaKing",
          "Result": "0-2-0"
        },
        {
          "Player1": "MJ_23",
          "Player2": "jvidarte",
          "Result": "0-0-0"
        },
        {
          "Player1": "rastaf",
          "Player2": "Alico",
          "Result": "2-0-0"
        },
        {
          "Player1": "cool95",
          "Player2": "tipsyGnostalgic",
          "Result": "0-2-0"
        },
        {
          "Player1": "Capitano_CL",
          "Player2": "unworldlyorigin",
          "Result": "2-0-0"
        },
        {
          "Player1": "parkss",
          "Player2": "Lightspirit",
          "Result": "0-2-0"
        },
        {
          "Player1": "reidq7",
          "Player2": "MisterTwin",
          "Result": "0-2-0"
        },
        {
          "Player1": "Staroson",
          "Player2": "Scooby_Snacks",
          "Result": "2-0-0"
        },
        {
          "Player1": "Carroz",
          "Player2": "fudgems",
          "Result": "2-0-0"
        },
        {
          "Player1": "xfile",
          "Player2": "Xenowan",
          "Result": "2-0-0"
        },
        {
          "Player1": "ManUFan",
          "Player2": "azax",
          "Result": "0-0-0"
        },
        {
          "Player1": "DobleP",
          "Player2": "HideOnShish",
          "Result": "2-0-0"
        },
        {
          "Player1": "acjestes",
          "Player2": "AeonLock",
          "Result": "2-0-0"
        }
      ]
    },
    {
      "RoundName": "Round 4",
      "Matches": [
        {
          "Player1": "TripleQ",
          "Player2": "No_e_that_knows",
          "Result": "0-2-0"
        },
        {
          "Player1": "blackdecks99",
          "Player2": "jackie42005",
          "Result": "0-2-0"
        },
        {
          "Player1": "rastaf",
          "Player2": "azax",
          "Result": "0-2-0"
        },
        {
          "Player1": "Giox96",
          "Player2": "Dr4ken",
          "Result": "1-2-0"
        },
        {
          "Player1": "ShadowTitan1",
          "Player2": "LukeBrandes",
          "Result": "2-0-0"
        },
        {
          "Player1": "Carroz",
          "Player2": "cntrlfreak_ttv",
          "Result": "0-2-0"
        },
        {
          "Player1": "Ale_Mtg",
          "Player2": "ResponsiblyStupid",
          "Result": "0-2-0"
        },
        {
          "Player1": "DobleP",
          "Player2": "Moe12",
          "Result": "2-0-0"
        },
        {
          "Player1": "NamelessDream3r",
          "Player2": "HideOnShish",
          "Result": "0-2-0"
        },
        {
          "Player1": "Scooby_Snacks",
          "Player2": "akthomas1124",
          "Result": "0-0-0"
        },
        {
          "Player1": "MJ_23",
          "Player2": "SHUANEEHOG",
          "Result": "2-0-0"
        },
        {
          "Player1": "Capitano_CL",
          "Player2": "MisterTwin",
          "Result": "0-2-0"
        },
        {
          "Player1": "jvidarte",
          "Player2": "Zompatanfo",
          "Result": "0-0-0"
        },
        {
          "Player1": "Misplacedginger",
          "Player2": "Jedgi",
          "Result": "0-2-0"
        },
        {
          "Player1": "VictorEsquici",
          "Player2": "Lightspirit",
          "Result": "0-0-0"
        },
        {
          "Player1": "HoldTheElle",
          "Player2": "xfile",
          "Result": "0-2-0"
        },
        {
          "Player1": "Alico",
          "Player2": "Rashek",
          "Result": "0-2-0"
        },
        {
          "Player1": "ManUFan",
          "Player2": "Staroson",
          "Result": "2-0-0"
        },
        {
          "Player1": "bomberboss",
          "Player2": "Sarlanga",
          "Result": "2-0-0"
        },
        {
          "Player1": "klien7",
          "Player2": "tipsyGnostalgic",
          "Result": "2-0-0"
        },
        {
          "Player1": "Micro",
          "Player2": "ValaKing",
          "Result": "0-2-0"
        },
        {
          "Player1": "acjestes",
          "Player2": "Flamie_Oliver",
          "Result": "2-0-0"
        },
        {
          "Player1": "DemonicTutors",
          "Player2": "AeonLock",
          "Result": "0-2-0"
        },
        {
          "Player1": "Xenowan",
          "Player2": "EL_Zanetti",
          "Result": "0-2-0"
        },
        {
          "Player1": "HelpfulHobo",
          "Player2": "zRnkd",
          "Result": "0-2-0"
        },
        {
          "Player1": "Walri",
          "Player2": "KadettiKersantti",
          "Result": "2-0-0"
        },
        {
          "Player1": "Lau7y",
          "Player2": "fudgems",
          "Result": "0-2-0"
        }
      ]
    },
    {
      "RoundName": "Round 5",
      "Matches": [
        {
          "Player1": "Flamie_Oliver",
          "Player2": "tipsyGnostalgic",
          "Result": "2-0-0"
        },
        {
          "Player1": "ManUFan",
          "Player2": "jvidarte",
          "Result": "0-2-0"
        },
        {
          "Player1": "azax",
          "Player2": "jackie42005",
          "Result": "0-2-0"
        },
        {
          "Player1": "MJ_23",
          "Player2": "Zompatanfo",
          "Result": "0-2-0"
        },
        {
          "Player1": "Rashek",
          "Player2": "cntrlfreak_ttv",
          "Result": "2-0-0"
        },
        {
          "Player1": "Capitano_CL",
          "Player2": "Staroson",
          "Result": "2-0-0"
        },
        {
          "Player1": "Jedgi",
          "Player2": "xfile",
          "Result": "0-2-0"
        },
        {
          "Player1": "acjestes",
          "Player2": "bomberboss",
          "Result": "2-0-0"
        },
        {
          "Player1": "Carroz",
          "Player2": "Walri",
          "Result": "0-2-0"
        },
        {
          "Player1": "HoldTheElle",
          "Player2": "Dr4ken",
          "Result": "2-0-0"
        },
        {
          "Player1": "Xenowan",
          "Player2": "Giox96",
          "Result": "0-2-0"
        },
        {
          "Player1": "blackdecks99",
          "Player2": "DobleP",
          "Result": "2-0-0"
        },
        {
          "Player1": "klien7",
          "Player2": "ValaKing",
          "Result": "0-2-0"
        },
        {
          "Player1": "VictorEsquici",
          "Player2": "ResponsiblyStupid",
          "Result": "2-0-0"
        },
        {
          "Player1": "rastaf",
          "Player2": "EL_Zanetti",
          "Result": "2-0-0"
        },
        {
          "Player1": "TripleQ",
          "Player2": "HideOnShish",
          "Result": "2-0-0"
        },
        {
          "Player1": "Misplacedginger",
          "Player2": "MisterTwin",
          "Result": "2-0-0"
        },
        {
          "Player1": "Moe12",
          "Player2": "Lau7y",
          "Result": "2-0-0"
        },
        {
          "Player1": "Alico",
          "Player2": "Lightspirit",
          "Result": "2-0-0"
        },
        {
          "Player1": "ShadowTitan1",
          "Player2": "zRnkd",
          "Result": "0-2-0"
        },
        {
          "Player1": "No_e_that_knows",
          "Player2": "fudgems",
          "Result": "2-0-0"
        },
        {
          "Player1": "SHUANEEHOG",
          "Player2": "AeonLock",
          "Result": "2-0-0"
        },
        {
          "Player1": "Ale_Mtg",
          "Player2": "akthomas1124",
          "Result": "2-0-0"
        }
      ]
    },
    {
      "RoundName": "Round 6",
      "Matches": [
        {
          "Player1": "xfile",
          "Player2": "jackie42005",
          "Result": "2-0-0"
        },
        {
          "Player1": "klien7",
          "Player2": "Flamie_Oliver",
          "Result": "2-0-0"
        },
        {
          "Player1": "Sarlanga",
          "Player2": "ManUFan",
          "Result": "0-2-0"
        },
        {
          "Player1": "acjestes",
          "Player2": "Dr4ken",
          "Result": "0-2-0"
        },
        {
          "Player1": "No_e_that_knows",
          "Player2": "VictorEsquici",
          "Result": "0-2-0"
        },
        {
          "Player1": "Carroz",
          "Player2": "Zompatanfo",
          "Result": "2-0-0"
        },
        {
          "Player1": "SHUANEEHOG",
          "Player2": "Staroson",
          "Result": "0-2-0"
        },
        {
          "Player1": "Misplacedginger",
          "Player2": "HoldTheElle",
          "Result": "0-2-0"
        },
        {
          "Player1": "cntrlfreak_ttv",
          "Player2": "Moe12",
          "Result": "2-0-0"
        },
        {
          "Player1": "Ale_Mtg",
          "Player2": "EL_Zanetti",
          "Result": "2-0-0"
        },
        {
          "Player1": "azax",
          "Player2": "Walri",
          "Result": "2-0-0"
        },
        {
          "Player1": "MJ_23",
          "Player2": "TripleQ",
          "Result": "0-2-0"
        },
        {
          "Player1": "Capitano_CL",
          "Player2": "ValaKing",
          "Result": "0-2-0"
        },
        {
          "Player1": "ShadowTitan1",
          "Player2": "MisterTwin",
          "Result": "2-0-0"
        },
        {
          "Player1": "Giox96",
          "Player2": "ResponsiblyStupid",
          "Result": "0-0-0"
        },
        {
          "Player1": "HideOnShish",
          "Player2": "AeonLock",
          "Result": "2-0-0"
        },
        {
          "Player1": "Alico",
          "Player2": "fudgems",
          "Result": "2-0-0"
        },
        {
          "Player1": "jvidarte",
          "Player2": "Rashek",
          "Result": "2-0-0"
        },
        {
          "Player1": "rastaf",
          "Player2": "blackdecks99",
          "Result": "2-0-0"
        },
        {
          "Player1": "Jedgi",
          "Player2": "zRnkd",
          "Result": "0-2-0"
        }
      ]
    },
    {
      "RoundName": "Round 7",
      "Matches": [
        {
          "Player1": "klien7",
          "Player2": "HideOnShish",
          "Result": "2-0-0"
        },
        {
          "Player1": "HoldTheElle",
          "Player2": "jvidarte",
          "Result": "2-1-0"
        },
        {
          "Player1": "Staroson",
          "Player2": "Moe12",
          "Result": "0-2-0"
        },
        {
          "Player1": "Capitano_CL",
          "Player2": "Giox96",
          "Result": "0-2-0"
        },
        {
          "Player1": "cntrlfreak_ttv",
          "Player2": "MisterTwin",
          "Result": "0-0-0"
        },
        {
          "Player1": "azax",
          "Player2": "VictorEsquici",
          "Result": "2-0-0"
        },
        {
          "Player1": "Rashek",
          "Player2": "Walri",
          "Result": "0-2-0"
        },
        {
          "Player1": "xfile",
          "Player2": "zRnkd",
          "Result": "0-2-0"
        },
        {
          "Player1": "rastaf",
          "Player2": "jackie42005",
          "Result": "0-2-0"
        },
        {
          "Player1": "Alico",
          "Player2": "Dr4ken",
          "Result": "2-0-0"
        },
        {
          "Player1": "Jedgi",
          "Player2": "ResponsiblyStupid",
          "Result": "0-2-0"
        },
        {
          "Player1": "ManUFan",
          "Player2": "ShadowTitan1",
          "Result": "0-0-0"
        },
        {
          "Player1": "blackdecks99",
          "Player2": "Ale_Mtg",
          "Result": "0-2-0"
        },
        {
          "Player1": "acjestes",
          "Player2": "SHUANEEHOG",
          "Result": "0-0-0"
        },
        {
          "Player1": "Flamie_Oliver",
          "Player2": "AeonLock",
          "Result": "0-2-0"
        },
        {
          "Player1": "TripleQ",
          "Player2": "EL_Zanetti",
          "Result": "2-0-0"
        },
        {
          "Player1": "Misplacedginger",
          "Player2": "No_e_that_knows",
          "Result": "0-0-0"
        },
        {
          "Player1": "Carroz",
          "Player2": "ValaKing",
          "Result": "2-0-0"
        }
      ]
    },
    {
      "RoundName": "Round 8",
      "Matches": [
        {
          "Player1": "xfile",
          "Player2": "jackie42005",
          "Result": "2-0-0"
        },
        {
          "Player1": "HoldTheElle",
          "Player2": "Ale_Mtg",
          "Result": "0-2-0"
        },
        {
          "Player1": "rastaf",
          "Player2": "zRnkd",
          "Result": "2-0-0"
        },
        {
          "Player1": "ManUFan",
          "Player2": "azax",
          "Result": "0-0-0"
        }
      ]
    },
    {
      "RoundName": "Round 9",
      "Matches": [
        {
          "Player1": "rastaf",
          "Player2": "Ale_Mtg",
          "Result": "2-0-0"
        },
        {
          "Player1": "azax",
          "Player2": "xfile",
          "Result": "0-2-0"
        }
      ]
    },
    {
      "RoundName": "Round 10",
      "Matches": [
        {
          "Player1": "rastaf",
          "Player2": "xfile",
          "Result": "0-2-0"
        }
      ]
    }
  ],
  "Standings": [
    {
      "Rank": 73,
      "Player": "Univerce",
      "Points": 0,
      "Wins": 0,
      "Losses": 0,
      "Draws": 0,
      "OMWP": 0.3333,
      "GWP": 0.2,
      "OGWP": 0.4393
    },
    {
      "Rank": 72,
      "Player": "WingedHussar",
      "Points": 0,
      "Wins": 0,
      "Losses": 0,
      "Draws": 0,
      "OMWP": 0.3333,
      "GWP": 0.3333,
      "OGWP": 0.44439999999999996
    },
    {
      "Rank": 71,
      "Player": "cool95",
      "Points": 0,
      "Wins": 0,
      "Losses": 0,
      "Draws": 0,
      "OMWP": 0.3651,
      "GWP": 0,
      "OGWP": 0.3889
    },
    {
      "Rank": 70,
      "Player": "haileysworld",
      "Points": 0,
      "Wins": 0,
      "Losses": 0,
      "Draws": 0,
      "OMWP": 0.3667,
      "GWP": 0,
      "OGWP": 0.4451
    },
    {
      "Rank": 69,
      "Player": "jewdan",
      "Points": 0,
      "Wins": 0,
      "Losses": 0,
      "Draws": 0,
      "OMWP": 0.4167,
      "GWP": 0.2,
      "OGWP": 0.4496
    },
    {
      "Rank": 68,
      "Player": "DemonicTutors",
      "Points": 0,
      "Wins": 0,
      "Losses": 0,
      "Draws": 0,
      "OMWP": 0.4286,
      "GWP": 0.11109999999999999,
      "OGWP": 0.435
    },
    {
      "Rank": 67,
      "Player": "derlumberzack",
      "Points": 0,
      "Wins": 0,
      "Losses": 0,
      "Draws": 0,
      "OMWP": 0.44439999999999996,
      "GWP": 0.1429,
      "OGWP": 0.47619999999999996
    },
    {
      "Rank": 66,
      "Player": "NathanOfTheGiltLeaf",
      "Points": 0,
      "Wins": 0,
      "Losses": 0,
      "Draws": 0,
      "OMWP": 0.4524,
      "GWP": 0.2,
      "OGWP": 0.44439999999999996
    },
    {
      "Rank": 65,
      "Player": "O_danielakos",
      "Points": 0,
      "Wins": 0,
      "Losses": 0,
      "Draws": 0,
      "OMWP": 0.5238,
      "GWP": 0.2,
      "OGWP": 0.4792
    },
    {
      "Rank": 64,
      "Player": "Raydan",
      "Points": 0,
      "Wins": 0,
      "Losses": 0,
      "Draws": 0,
      "OMWP": 0.5571,
      "GWP": 0,
      "OGWP": 0.5249
    },
    {
      "Rank": 63,
      "Player": "_EchoDrift",
      "Points": 0,
      "Wins": 0,
      "Losses": 0,
      "Draws": 0,
      "OMWP": 0.5714,
      "GWP": 0.2,
      "OGWP": 0.5526
    },
    {
      "Rank": 62,
      "Player": "Kyoto_Maschi",
      "Points": 0,
      "Wins": 0,
      "Losses": 0,
      "Draws": 0,
      "OMWP": 0.6429,
      "GWP": 0.2,
      "OGWP": 0.556
    },
    {
      "Rank": 61,
      "Player": "unworldlyorigin",
      "Points": 3,
      "Wins": 0,
      "Losses": 0,
      "Draws": 0,
      "OMWP": 0.3873,
      "GWP": 0.4286,
      "OGWP": 0.4
    },
    {
      "Rank": 60,
      "Player": "parkss",
      "Points": 3,
      "Wins": 0,
      "Losses": 0,
      "Draws": 0,
      "OMWP": 0.4111,
      "GWP": 0.4286,
      "OGWP": 0.4468
    },
    {
      "Rank": 59,
      "Player": "reidq7",
      "Points": 3,
      "Wins": 0,
      "Losses": 0,
      "Draws": 0,
      "OMWP": 0.42060000000000003,
      "GWP": 0.3333,
      "OGWP": 0.44439999999999996
    },
    {
      "Rank": 58,
      "Player": "CMack_",
      "Points": 3,
      "Wins": 0,
      "Losses": 0,
      "Draws": 0,
      "OMWP": 0.42060000000000003,
      "GWP": 0.44439999999999996,
      "OGWP": 0.4376
    },
    {
      "Rank": 57,
      "Player": "Scooby_Snacks",
      "Points": 3,
      "Wins": 0,
      "Losses": 0,
      "Draws": 0,
      "OMWP": 0.4429,
      "GWP": 0.1429,
      "OGWP": 0.4722
    },
    {
      "Rank": 56,
      "Player": "tipsyGnostalgic",
      "Points": 3,
      "Wins": 0,
      "Losses": 0,
      "Draws": 0,
      "OMWP": 0.4533,
      "GWP": 0.2727,
      "OGWP": 0.4675
    },
    {
      "Rank": 55,
      "Player": "karatedom",
      "Points": 3,
      "Wins": 0,
      "Losses": 0,
      "Draws": 0,
      "OMWP": 0.5159,
      "GWP": 0.4286,
      "OGWP": 0.48829999999999996
    },
    {
      "Rank": 54,
      "Player": "NamelessDream3r",
      "Points": 3,
      "Wins": 0,
      "Losses": 0,
      "Draws": 0,
      "OMWP": 0.5832999999999999,
      "GWP": 0.3,
      "OGWP": 0.519
    },
    {
      "Rank": 53,
      "Player": "SuperCow12653",
      "Points": 3,
      "Wins": 0,
      "Losses": 0,
      "Draws": 0,
      "OMWP": 0.5872999999999999,
      "GWP": 0.44439999999999996,
      "OGWP": 0.5041
    },
    {
      "Rank": 52,
      "Player": "MeninooNey",
      "Points": 3,
      "Wins": 0,
      "Losses": 0,
      "Draws": 0,
      "OMWP": 0.6095,
      "GWP": 0.2857,
      "OGWP": 0.5913
    },
    {
      "Rank": 51,
      "Player": "Micro",
      "Points": 3,
      "Wins": 0,
      "Losses": 0,
      "Draws": 0,
      "OMWP": 0.6143,
      "GWP": 0.4167,
      "OGWP": 0.5592
    },
    {
      "Rank": 50,
      "Player": "Drank_Swallalahr",
      "Points": 3,
      "Wins": 0,
      "Losses": 0,
      "Draws": 0,
      "OMWP": 0.6349,
      "GWP": 0.4286,
      "OGWP": 0.5556
    },
    {
      "Rank": 49,
      "Player": "bomberboss",
      "Points": 6,
      "Wins": 0,
      "Losses": 0,
      "Draws": 0,
      "OMWP": 0.4133,
      "GWP": 0.46149999999999997,
      "OGWP": 0.43689999999999996
    },
    {
      "Rank": 48,
      "Player": "SHUANEEHOG",
      "Points": 6,
      "Wins": 0,
      "Losses": 0,
      "Draws": 0,
      "OMWP": 0.449,
      "GWP": 0.45,
      "OGWP": 0.4571
    },
    {
      "Rank": 47,
      "Player": "AeonLock",
      "Points": 6,
      "Wins": 0,
      "Losses": 0,
      "Draws": 0,
      "OMWP": 0.4694,
      "GWP": 0.375,
      "OGWP": 0.4754
    },
    {
      "Rank": 46,
      "Player": "Lau7y",
      "Points": 6,
      "Wins": 0,
      "Losses": 0,
      "Draws": 0,
      "OMWP": 0.48100000000000004,
      "GWP": 0.46149999999999997,
      "OGWP": 0.4714
    },
    {
      "Rank": 45,
      "Player": "Flamie_Oliver",
      "Points": 6,
      "Wins": 0,
      "Losses": 0,
      "Draws": 0,
      "OMWP": 0.5102,
      "GWP": 0.3125,
      "OGWP": 0.4832
    },
    {
      "Rank": 44,
      "Player": "LukeBrandes",
      "Points": 6,
      "Wins": 0,
      "Losses": 0,
      "Draws": 0,
      "OMWP": 0.5119,
      "GWP": 0.5,
      "OGWP": 0.4953
    },
    {
      "Rank": 43,
      "Player": "Sarlanga",
      "Points": 6,
      "Wins": 0,
      "Losses": 0,
      "Draws": 0,
      "OMWP": 0.5181,
      "GWP": 0.3846,
      "OGWP": 0.4954
    },
    {
      "Rank": 42,
      "Player": "Xenowan",
      "Points": 6,
      "Wins": 0,
      "Losses": 0,
      "Draws": 0,
      "OMWP": 0.5181,
      "GWP": 0.4167,
      "OGWP": 0.535
    },
    {
      "Rank": 41,
      "Player": "Lightspirit",
      "Points": 6,
      "Wins": 0,
      "Losses": 0,
      "Draws": 0,
      "OMWP": 0.5333,
      "GWP": 0.46149999999999997,
      "OGWP": 0.5389
    },
    {
      "Rank": 40,
      "Player": "MJ_23",
      "Points": 6,
      "Wins": 0,
      "Losses": 0,
      "Draws": 0,
      "OMWP": 0.5516,
      "GWP": 0.3333,
      "OGWP": 0.5368999999999999
    },
    {
      "Rank": 39,
      "Player": "KadettiKersantti",
      "Points": 6,
      "Wins": 0,
      "Losses": 0,
      "Draws": 0,
      "OMWP": 0.6012,
      "GWP": 0.5455,
      "OGWP": 0.5671
    },
    {
      "Rank": 38,
      "Player": "akthomas1124",
      "Points": 6,
      "Wins": 0,
      "Losses": 0,
      "Draws": 0,
      "OMWP": 0.6095,
      "GWP": 0.4167,
      "OGWP": 0.5986
    },
    {
      "Rank": 37,
      "Player": "HelpfulHobo",
      "Points": 6,
      "Wins": 0,
      "Losses": 0,
      "Draws": 0,
      "OMWP": 0.6548,
      "GWP": 0.5,
      "OGWP": 0.6253
    },
    {
      "Rank": 36,
      "Player": "Staroson",
      "Points": 9,
      "Wins": 0,
      "Losses": 0,
      "Draws": 0,
      "OMWP": 0.4449,
      "GWP": 0.5,
      "OGWP": 0.4539
    },
    {
      "Rank": 35,
      "Player": "DobleP",
      "Points": 9,
      "Wins": 0,
      "Losses": 0,
      "Draws": 0,
      "OMWP": 0.4476,
      "GWP": 0.6154,
      "OGWP": 0.46
    },
    {
      "Rank": 34,
      "Player": "Zompatanfo",
      "Points": 9,
      "Wins": 0,
      "Losses": 0,
      "Draws": 0,
      "OMWP": 0.48810000000000003,
      "GWP": 0.5294,
      "OGWP": 0.4756
    },
    {
      "Rank": 33,
      "Player": "HideOnShish",
      "Points": 9,
      "Wins": 0,
      "Losses": 0,
      "Draws": 0,
      "OMWP": 0.4939,
      "GWP": 0.5,
      "OGWP": 0.474
    },
    {
      "Rank": 32,
      "Player": "Capitano_CL",
      "Points": 9,
      "Wins": 0,
      "Losses": 0,
      "Draws": 0,
      "OMWP": 0.5034000000000001,
      "GWP": 0.45,
      "OGWP": 0.5077
    },
    {
      "Rank": 31,
      "Player": "fudgems",
      "Points": 9,
      "Wins": 0,
      "Losses": 0,
      "Draws": 0,
      "OMWP": 0.5508,
      "GWP": 0.4706,
      "OGWP": 0.5272
    },
    {
      "Rank": 30,
      "Player": "EL_Zanetti",
      "Points": 9,
      "Wins": 0,
      "Losses": 0,
      "Draws": 0,
      "OMWP": 0.5700999999999999,
      "GWP": 0.5,
      "OGWP": 0.5395
    },
    {
      "Rank": 29,
      "Player": "MisterTwin",
      "Points": 9,
      "Wins": 0,
      "Losses": 0,
      "Draws": 0,
      "OMWP": 0.5782,
      "GWP": 0.4706,
      "OGWP": 0.5195000000000001
    },
    {
      "Rank": 28,
      "Player": "Giox96",
      "Points": 12,
      "Wins": 0,
      "Losses": 0,
      "Draws": 0,
      "OMWP": 0.45439999999999997,
      "GWP": 0.5789,
      "OGWP": 0.4536
    },
    {
      "Rank": 27,
      "Player": "TripleQ",
      "Points": 12,
      "Wins": 0,
      "Losses": 0,
      "Draws": 0,
      "OMWP": 0.46259999999999996,
      "GWP": 0.5556,
      "OGWP": 0.4771
    },
    {
      "Rank": 26,
      "Player": "ValaKing",
      "Points": 12,
      "Wins": 0,
      "Losses": 0,
      "Draws": 0,
      "OMWP": 0.4728,
      "GWP": 0.5,
      "OGWP": 0.46799999999999997
    },
    {
      "Rank": 25,
      "Player": "klien7",
      "Points": 12,
      "Wins": 0,
      "Losses": 0,
      "Draws": 0,
      "OMWP": 0.4932,
      "GWP": 0.5556,
      "OGWP": 0.46869999999999995
    },
    {
      "Rank": 24,
      "Player": "Moe12",
      "Points": 12,
      "Wins": 0,
      "Losses": 0,
      "Draws": 0,
      "OMWP": 0.5034000000000001,
      "GWP": 0.5238,
      "OGWP": 0.4904
    },
    {
      "Rank": 23,
      "Player": "acjestes",
      "Points": 12,
      "Wins": 0,
      "Losses": 0,
      "Draws": 0,
      "OMWP": 0.5061,
      "GWP": 0.55,
      "OGWP": 0.49060000000000004
    },
    {
      "Rank": 22,
      "Player": "No_e_that_knows",
      "Points": 12,
      "Wins": 0,
      "Losses": 0,
      "Draws": 0,
      "OMWP": 0.534,
      "GWP": 0.5294,
      "OGWP": 0.5009
    },
    {
      "Rank": 21,
      "Player": "ShadowTitan1",
      "Points": 12,
      "Wins": 0,
      "Losses": 0,
      "Draws": 0,
      "OMWP": 0.5544,
      "GWP": 0.5333,
      "OGWP": 0.5644
    },
    {
      "Rank": 20,
      "Player": "blackdecks99",
      "Points": 12,
      "Wins": 0,
      "Losses": 0,
      "Draws": 0,
      "OMWP": 0.5884,
      "GWP": 0.5263,
      "OGWP": 0.5536
    },
    {
      "Rank": 19,
      "Player": "Rashek",
      "Points": 12,
      "Wins": 0,
      "Losses": 0,
      "Draws": 0,
      "OMWP": 0.6184000000000001,
      "GWP": 0.5882000000000001,
      "OGWP": 0.5820000000000001
    },
    {
      "Rank": 18,
      "Player": "Jedgi",
      "Points": 12,
      "Wins": 0,
      "Losses": 0,
      "Draws": 0,
      "OMWP": 0.6557999999999999,
      "GWP": 0.5294,
      "OGWP": 0.6118
    },
    {
      "Rank": 17,
      "Player": "Dr4ken",
      "Points": 12,
      "Wins": 0,
      "Losses": 0,
      "Draws": 0,
      "OMWP": 0.6735,
      "GWP": 0.5294,
      "OGWP": 0.6146
    },
    {
      "Rank": 16,
      "Player": "Misplacedginger",
      "Points": 15,
      "Wins": 0,
      "Losses": 0,
      "Draws": 0,
      "OMWP": 0.5238,
      "GWP": 0.6315999999999999,
      "OGWP": 0.4991
    },
    {
      "Rank": 15,
      "Player": "Alico",
      "Points": 15,
      "Wins": 0,
      "Losses": 0,
      "Draws": 0,
      "OMWP": 0.5435,
      "GWP": 0.7333,
      "OGWP": 0.5102
    },
    {
      "Rank": 14,
      "Player": "ResponsiblyStupid",
      "Points": 15,
      "Wins": 0,
      "Losses": 0,
      "Draws": 0,
      "OMWP": 0.5442,
      "GWP": 0.5789,
      "OGWP": 0.5335
    },
    {
      "Rank": 13,
      "Player": "Walri",
      "Points": 15,
      "Wins": 0,
      "Losses": 0,
      "Draws": 0,
      "OMWP": 0.5544,
      "GWP": 0.5882000000000001,
      "OGWP": 0.5241
    },
    {
      "Rank": 12,
      "Player": "jvidarte",
      "Points": 15,
      "Wins": 0,
      "Losses": 0,
      "Draws": 0,
      "OMWP": 0.5544,
      "GWP": 0.6470999999999999,
      "OGWP": 0.51
    },
    {
      "Rank": 11,
      "Player": "cntrlfreak_ttv",
      "Points": 15,
      "Wins": 0,
      "Losses": 0,
      "Draws": 0,
      "OMWP": 0.5578,
      "GWP": 0.5882000000000001,
      "OGWP": 0.5364
    },
    {
      "Rank": 10,
      "Player": "Carroz",
      "Points": 15,
      "Wins": 0,
      "Losses": 0,
      "Draws": 0,
      "OMWP": 0.5714,
      "GWP": 0.55,
      "OGWP": 0.5286
    },
    {
      "Rank": 9,
      "Player": "VictorEsquici",
      "Points": 15,
      "Wins": 0,
      "Losses": 0,
      "Draws": 0,
      "OMWP": 0.581,
      "GWP": 0.6111,
      "OGWP": 0.5578
    },
    {
      "Rank": 8,
      "Player": "ManUFan",
      "Points": 15,
      "Wins": 0,
      "Losses": 0,
      "Draws": 0,
      "OMWP": 0.585,
      "GWP": 0.625,
      "OGWP": 0.5672999999999999
    },
    {
      "Rank": 7,
      "Player": "jackie42005",
      "Points": 18,
      "Wins": 0,
      "Losses": 0,
      "Draws": 0,
      "OMWP": 0.6088,
      "GWP": 0.7222,
      "OGWP": 0.5732
    },
    {
      "Rank": 6,
      "Player": "zRnkd",
      "Points": 18,
      "Wins": 0,
      "Losses": 0,
      "Draws": 0,
      "OMWP": 0.6184000000000001,
      "GWP": 0.8667,
      "OGWP": 0.5602
    },
    {
      "Rank": 5,
      "Player": "HoldTheElle",
      "Points": 18,
      "Wins": 0,
      "Losses": 0,
      "Draws": 0,
      "OMWP": 0.619,
      "GWP": 0.6315999999999999,
      "OGWP": 0.5693
    },
    {
      "Rank": 4,
      "Player": "Ale_Mtg",
      "Points": 18,
      "Wins": 0,
      "Losses": 0,
      "Draws": 0,
      "OMWP": 0.5905,
      "GWP": 0.6875,
      "OGWP": 0.5311
    },
    {
      "Rank": 3,
      "Player": "azax",
      "Points": 21,
      "Wins": 0,
      "Losses": 0,
      "Draws": 0,
      "OMWP": 0.6837000000000001,
      "GWP": 0.7059000000000001,
      "OGWP": 0.5995
    },
    {
      "Rank": 2,
      "Player": "rastaf",
      "Points": 21,
      "Wins": 0,
      "Losses": 0,
      "Draws": 0,
      "OMWP": 0.5986,
      "GWP": 0.6,
      "OGWP": 0.5861
    },
    {
      "Rank": 1,
      "Player": "xfile",
      "Points": 27,
      "Wins": 0,
      "Losses": 0,
      "Draws": 0,
      "OMWP": 0.6014,
      "GWP": 0.7059000000000001,
      "OGWP": 0.5476
    }
  ]
}