{
  "Tournament": {
    "Id": 12803725,
    "Date": "2025-07-22T01:00:00",
    "Name": "Pioneer Challenge 32",
    "Uri": null,
    "JsonFile": null,
    "ForceRedownload": false
  },
  "Decks": null,
  "Rounds": [
    {
      "RoundName": "Round 1",
      "Matches": [
        {
          "Player1": "Ivan_Draw_Go",
          "Player2": "izzy-wilde",
          "Result": "2-0-0"
        },
        {
          "Player1": "bless_von",
          "Player2": "wcl",
          "Result": "0-2-0"
        },
        {
          "Player1": "Mathilde8",
          "Player2": "4UBro",
          "Result": "2-0-0"
        },
        {
          "Player1": "sandydogmtg",
          "Player2": "Raydan",
          "Result": "0-2-0"
        },
        {
          "Player1": "Scooby_Snacks",
          "Player2": "DavidPierceUTA",
          "Result": "2-0-0"
        },
        {
          "Player1": "tchuco",
          "Player2": "fazparte",
          "Result": "2-0-0"
        },
        {
          "Player1": "deleon91",
          "Player2": "xfile",
          "Result": "2-0-0"
        },
        {
          "Player1": "MR_Thompson",
          "Player2": "alfonseelric",
          "Result": "2-0-0"
        },
        {
          "Player1": "CuteChandra19",
          "Player2": "PedraStone",
          "Result": "0-2-0"
        },
        {
          "Player1": "Shadowz2005",
          "Player2": "Free_tix",
          "Result": "0-2-0"
        },
        {
          "Player1": "Beicodegeia",
          "Player2": "Ale_Mtg",
          "Result": "0-0-0"
        },
        {
          "Player1": "Capitano_CL",
          "Player2": "Kaziku",
          "Result": "0-2-0"
        },
        {
          "Player1": "O_danielakos",
          "Player2": "FlawlessVictory-",
          "Result": "0-2-0"
        },
        {
          "Player1": "musasabi",
          "Player2": "Snover",
          "Result": "2-0-0"
        },
        {
          "Player1": "termidor",
          "Player2": "Harvey_Specter",
          "Result": "0-2-0"
        },
        {
          "Player1": "ConnorM426",
          "Player2": "ATmagic",
          "Result": "2-0-0"
        },
        {
          "Player1": "capellomauro",
          "Player2": "Artemis2021",
          "Result": "2-0-0"
        },
        {
          "Player1": "pokerswizard",
          "Player2": "MJ_23",
          "Result": "0-2-0"
        },
        {
          "Player1": "Alico",
          "Player2": "_Shikamaru_",
          "Result": "0-2-0"
        },
        {
          "Player1": "kaikas",
          "Player2": "jackie42005",
          "Result": "0-0-0"
        },
        {
          "Player1": "hugofreitas1",
          "Player2": "Rumlumluml",
          "Result": "0-2-0"
        },
        {
          "Player1": "taldoitalo",
          "Player2": "FUXIN",
          "Result": "0-2-0"
        },
        {
          "Player1": "xRagedFurballx",
          "Player2": "VitorCarvalho01",
          "Result": "0-2-0"
        },
        {
          "Player1": "Lord_Beerus",
          "Player2": "KingCapivara",
          "Result": "2-0-0"
        },
        {
          "Player1": "andersoneclair",
          "Player2": "AnotherStep",
          "Result": "0-2-0"
        },
        {
          "Player1": "LuffyDoChapeuDePalha",
          "Player2": "J0hnWick",
          "Result": "2-0-0"
        },
        {
          "Player1": "luvadepedreiro",
          "Player2": "GL4You",
          "Result": "2-0-0"
        },
        {
          "Player1": "Hamuda",
          "Player2": "PNascimento",
          "Result": "2-0-0"
        },
        {
          "Player1": "nahuel10",
          "Player2": "hermanomlg",
          "Result": "2-0-0"
        }
      ]
    },
    {
      "RoundName": "Round 2",
      "Matches": [
        {
          "Player1": "Ivan_Draw_Go",
          "Player2": "luvadepedreiro",
          "Result": "2-0-0"
        },
        {
          "Player1": "Lord_Beerus",
          "Player2": "FUXIN",
          "Result": "0-2-0"
        },
        {
          "Player1": "Artemis2021",
          "Player2": "Snover",
          "Result": "0-2-0"
        },
        {
          "Player1": "termidor",
          "Player2": "4UBro",
          "Result": "0-2-0"
        },
        {
          "Player1": "pokerswizard",
          "Player2": "CuteChandra19",
          "Result": "0-2-0"
        },
        {
          "Player1": "MR_Thompson",
          "Player2": "wcl",
          "Result": "0-2-0"
        },
        {
          "Player1": "xRagedFurballx",
          "Player2": "FlawlessVictory-",
          "Result": "0-2-0"
        },
        {
          "Player1": "J0hnWick",
          "Player2": "GL4You",
          "Result": "2-0-0"
        },
        {
          "Player1": "nahuel10",
          "Player2": "Mathilde8",
          "Result": "2-0-0"
        },
        {
          "Player1": "musasabi",
          "Player2": "tchuco",
          "Result": "0-2-0"
        },
        {
          "Player1": "KingCapivara",
          "Player2": "ATmagic",
          "Result": "2-0-0"
        },
        {
          "Player1": "Raydan",
          "Player2": "Kaziku",
          "Result": "2-0-0"
        },
        {
          "Player1": "izzy-wilde",
          "Player2": "alfonseelric",
          "Result": "0-2-0"
        },
        {
          "Player1": "hugofreitas1",
          "Player2": "bless_von",
          "Result": "2-0-0"
        },
        {
          "Player1": "Capitano_CL",
          "Player2": "PNascimento",
          "Result": "2-0-0"
        },
        {
          "Player1": "Beicodegeia",
          "Player2": "capellomauro",
          "Result": "0-2-0"
        },
        {
          "Player1": "xfile",
          "Player2": "taldoitalo",
          "Result": "2-0-0"
        },
        {
          "Player1": "andersoneclair",
          "Player2": "fazparte",
          "Result": "0-2-0"
        },
        {
          "Player1": "Shadowz2005",
          "Player2": "DavidPierceUTA",
          "Result": "2-0-0"
        },
        {
          "Player1": "O_danielakos",
          "Player2": "Ale_Mtg",
          "Result": "2-0-0"
        },
        {
          "Player1": "LuffyDoChapeuDePalha",
          "Player2": "Hamuda",
          "Result": "2-0-0"
        },
        {
          "Player1": "PedraStone",
          "Player2": "Harvey_Specter",
          "Result": "2-0-0"
        },
        {
          "Player1": "ConnorM426",
          "Player2": "Free_tix",
          "Result": "2-0-0"
        },
        {
          "Player1": "sandydogmtg",
          "Player2": "kaikas",
          "Result": "0-2-0"
        },
        {
          "Player1": "MJ_23",
          "Player2": "Rumlumluml",
          "Result": "0-2-0"
        },
        {
          "Player1": "deleon91",
          "Player2": "jackie42005",
          "Result": "2-0-0"
        },
        {
          "Player1": "AnotherStep",
          "Player2": "Scooby_Snacks",
          "Result": "0-2-0"
        },
        {
          "Player1": "VitorCarvalho01",
          "Player2": "_Shikamaru_",
          "Result": "2-0-0"
        },
        {
          "Player1": "hermanomlg",
          "Player2": "Alico",
          "Result": "0-0-0"
        }
      ]
    },
    {
      "RoundName": "Round 3",
      "Matches": [
        {
          "Player1": "termidor",
          "Player2": "taldoitalo",
          "Result": "2-0-0"
        },
        {
          "Player1": "ConnorM426",
          "Player2": "capellomauro",
          "Result": "0-2-0"
        },
        {
          "Player1": "Artemis2021",
          "Player2": "ATmagic",
          "Result": "0-2-0"
        },
        {
          "Player1": "MR_Thompson",
          "Player2": "kaikas",
          "Result": "0-0-0"
        },
        {
          "Player1": "O_danielakos",
          "Player2": "Snover",
          "Result": "0-2-0"
        },
        {
          "Player1": "deleon91",
          "Player2": "Scooby_Snacks",
          "Result": "2-0-0"
        },
        {
          "Player1": "xfile",
          "Player2": "alfonseelric",
          "Result": "2-0-0"
        },
        {
          "Player1": "pokerswizard",
          "Player2": "xRagedFurballx",
          "Result": "0-2-0"
        },
        {
          "Player1": "Rumlumluml",
          "Player2": "Mathilde8",
          "Result": "2-0-0"
        },
        {
          "Player1": "GL4You",
          "Player2": "izzy-wilde",
          "Result": "0-2-0"
        },
        {
          "Player1": "Lord_Beerus",
          "Player2": "Free_tix",
          "Result": "2-0-0"
        },
        {
          "Player1": "LuffyDoChapeuDePalha",
          "Player2": "Ivan_Draw_Go",
          "Result": "2-0-0"
        },
        {
          "Player1": "hugofreitas1",
          "Player2": "jackie42005",
          "Result": "2-0-0"
        },
        {
          "Player1": "Alico",
          "Player2": "fazparte",
          "Result": "0-2-0"
        },
        {
          "Player1": "MJ_23",
          "Player2": "KingCapivara",
          "Result": "0-0-0"
        },
        {
          "Player1": "Hamuda",
          "Player2": "J0hnWick",
          "Result": "2-0-0"
        },
        {
          "Player1": "musasabi",
          "Player2": "DavidPierceUTA",
          "Result": "0-2-0"
        },
        {
          "Player1": "Raydan",
          "Player2": "tchuco",
          "Result": "0-2-0"
        },
        {
          "Player1": "Capitano_CL",
          "Player2": "_Shikamaru_",
          "Result": "0-2-0"
        },
        {
          "Player1": "andersoneclair",
          "Player2": "PNascimento",
          "Result": "0-2-0"
        },
        {
          "Player1": "FUXIN",
          "Player2": "VitorCarvalho01",
          "Result": "0-2-0"
        },
        {
          "Player1": "Kaziku",
          "Player2": "CuteChandra19",
          "Result": "0-2-0"
        },
        {
          "Player1": "nahuel10",
          "Player2": "PedraStone",
          "Result": "0-2-0"
        },
        {
          "Player1": "wcl",
          "Player2": "FlawlessVictory-",
          "Result": "2-0-0"
        },
        {
          "Player1": "Beicodegeia",
          "Player2": "Harvey_Specter",
          "Result": "0-2-0"
        },
        {
          "Player1": "AnotherStep",
          "Player2": "luvadepedreiro",
          "Result": "2-0-0"
        },
        {
          "Player1": "Shadowz2005",
          "Player2": "4UBro",
          "Result": "0-2-0"
        }
      ]
    },
    {
      "RoundName": "Round 4",
      "Matches": [
        {
          "Player1": "MR_Thompson",
          "Player2": "DavidPierceUTA",
          "Result": "2-0-0"
        },
        {
          "Player1": "Ivan_Draw_Go",
          "Player2": "FlawlessVictory-",
          "Result": "2-0-0"
        },
        {
          "Player1": "xRagedFurballx",
          "Player2": "J0hnWick",
          "Result": "2-0-0"
        },
        {
          "Player1": "pokerswizard",
          "Player2": "Beicodegeia",
          "Result": "2-0-0"
        },
        {
          "Player1": "FUXIN",
          "Player2": "fazparte",
          "Result": "2-0-0"
        },
        {
          "Player1": "nahuel10",
          "Player2": "Snover",
          "Result": "2-0-0"
        },
        {
          "Player1": "deleon91",
          "Player2": "wcl",
          "Result": "0-2-0"
        },
        {
          "Player1": "O_danielakos",
          "Player2": "alfonseelric",
          "Result": "0-2-0"
        },
        {
          "Player1": "jackie42005",
          "Player2": "izzy-wilde",
          "Result": "2-0-0"
        },
        {
          "Player1": "ConnorM426",
          "Player2": "Hamuda",
          "Result": "0-2-0"
        },
        {
          "Player1": "tchuco",
          "Player2": "PedraStone",
          "Result": "0-0-0"
        },
        {
          "Player1": "termidor",
          "Player2": "KingCapivara",
          "Result": "0-2-0"
        },
        {
          "Player1": "Raydan",
          "Player2": "Lord_Beerus",
          "Result": "2-0-0"
        },
        {
          "Player1": "kaikas",
          "Player2": "Scooby_Snacks",
          "Result": "2-0-0"
        },
        {
          "Player1": "musasabi",
          "Player2": "ATmagic",
          "Result": "0-2-0"
        },
        {
          "Player1": "Rumlumluml",
          "Player2": "VitorCarvalho01",
          "Result": "0-2-0"
        },
        {
          "Player1": "Capitano_CL",
          "Player2": "Alico",
          "Result": "0-2-0"
        },
        {
          "Player1": "AnotherStep",
          "Player2": "4UBro",
          "Result": "2-0-0"
        },
        {
          "Player1": "Free_tix",
          "Player2": "PNascimento",
          "Result": "2-0-0"
        },
        {
          "Player1": "Artemis2021",
          "Player2": "GL4You",
          "Result": "2-0-0"
        },
        {
          "Player1": "hugofreitas1",
          "Player2": "_Shikamaru_",
          "Result": "2-0-0"
        },
        {
          "Player1": "MJ_23",
          "Player2": "Harvey_Specter",
          "Result": "0-2-0"
        },
        {
          "Player1": "luvadepedreiro",
          "Player2": "Mathilde8",
          "Result": "2-0-0"
        },
        {
          "Player1": "xfile",
          "Player2": "CuteChandra19",
          "Result": "0-2-0"
        },
        {
          "Player1": "LuffyDoChapeuDePalha",
          "Player2": "capellomauro",
          "Result": "0-2-0"
        }
      ]
    },
    {
      "RoundName": "Round 5",
      "Matches": [
        {
          "Player1": "Hamuda",
          "Player2": "kaikas",
          "Result": "2-0-0"
        },
        {
          "Player1": "ConnorM426",
          "Player2": "alfonseelric",
          "Result": "0-2-0"
        },
        {
          "Player1": "tchuco",
          "Player2": "FUXIN",
          "Result": "0-0-0"
        },
        {
          "Player1": "izzy-wilde",
          "Player2": "ATmagic",
          "Result": "2-0-0"
        },
        {
          "Player1": "nahuel10",
          "Player2": "Ivan_Draw_Go",
          "Result": "2-0-0"
        },
        {
          "Player1": "Raydan",
          "Player2": "hugofreitas1",
          "Result": "2-0-0"
        },
        {
          "Player1": "LuffyDoChapeuDePalha",
          "Player2": "Rumlumluml",
          "Result": "2-0-0"
        },
        {
          "Player1": "Beicodegeia",
          "Player2": "DavidPierceUTA",
          "Result": "2-0-0"
        },
        {
          "Player1": "Free_tix",
          "Player2": "FlawlessVictory-",
          "Result": "0-2-0"
        },
        {
          "Player1": "MJ_23",
          "Player2": "xfile",
          "Result": "2-0-0"
        },
        {
          "Player1": "musasabi",
          "Player2": "J0hnWick",
          "Result": "2-0-0"
        },
        {
          "Player1": "capellomauro",
          "Player2": "PedraStone",
          "Result": "2-0-0"
        },
        {
          "Player1": "Artemis2021",
          "Player2": "Mathilde8",
          "Result": "2-0-0"
        },
        {
          "Player1": "luvadepedreiro",
          "Player2": "Snover",
          "Result": "0-2-0"
        },
        {
          "Player1": "jackie42005",
          "Player2": "4UBro",
          "Result": "0-2-0"
        },
        {
          "Player1": "wcl",
          "Player2": "VitorCarvalho01",
          "Result": "2-0-0"
        },
        {
          "Player1": "KingCapivara",
          "Player2": "xRagedFurballx",
          "Result": "2-0-0"
        },
        {
          "Player1": "Alico",
          "Player2": "Scooby_Snacks",
          "Result": "0-2-0"
        },
        {
          "Player1": "Lord_Beerus",
          "Player2": "_Shikamaru_",
          "Result": "0-2-0"
        },
        {
          "Player1": "CuteChandra19",
          "Player2": "Harvey_Specter",
          "Result": "0-2-0"
        },
        {
          "Player1": "MR_Thompson",
          "Player2": "fazparte",
          "Result": "2-0-0"
        },
        {
          "Player1": "AnotherStep",
          "Player2": "deleon91",
          "Result": "0-2-0"
        },
        {
          "Player1": "pokerswizard",
          "Player2": "PNascimento",
          "Result": "2-0-0"
        }
      ]
    },
    {
      "RoundName": "Round 6",
      "Matches": [
        {
          "Player1": "Lord_Beerus",
          "Player2": "J0hnWick",
          "Result": "0-2-0"
        },
        {
          "Player1": "nahuel10",
          "Player2": "Hamuda",
          "Result": "2-0-0"
        },
        {
          "Player1": "MR_Thompson",
          "Player2": "Snover",
          "Result": "2-0-0"
        },
        {
          "Player1": "tchuco",
          "Player2": "FlawlessVictory-",
          "Result": "2-0-0"
        },
        {
          "Player1": "KingCapivara",
          "Player2": "Ivan_Draw_Go",
          "Result": "2-0-0"
        },
        {
          "Player1": "Harvey_Specter",
          "Player2": "VitorCarvalho01",
          "Result": "2-0-0"
        },
        {
          "Player1": "luvadepedreiro",
          "Player2": "ATmagic",
          "Result": "2-0-0"
        },
        {
          "Player1": "capellomauro",
          "Player2": "wcl",
          "Result": "2-0-0"
        },
        {
          "Player1": "musasabi",
          "Player2": "Beicodegeia",
          "Result": "2-0-0"
        },
        {
          "Player1": "hugofreitas1",
          "Player2": "kaikas",
          "Result": "2-0-0"
        },
        {
          "Player1": "CuteChandra19",
          "Player2": "4UBro",
          "Result": "0-2-0"
        },
        {
          "Player1": "Raydan",
          "Player2": "Rumlumluml",
          "Result": "0-2-0"
        },
        {
          "Player1": "deleon91",
          "Player2": "PedraStone",
          "Result": "2-0-0"
        },
        {
          "Player1": "Scooby_Snacks",
          "Player2": "alfonseelric",
          "Result": "2-0-0"
        },
        {
          "Player1": "LuffyDoChapeuDePalha",
          "Player2": "FUXIN",
          "Result": "0-2-0"
        },
        {
          "Player1": "xfile",
          "Player2": "Free_tix",
          "Result": "2-0-0"
        },
        {
          "Player1": "AnotherStep",
          "Player2": "_Shikamaru_",
          "Result": "0-2-0"
        },
        {
          "Player1": "Artemis2021",
          "Player2": "izzy-wilde",
          "Result": "2-0-0"
        },
        {
          "Player1": "pokerswizard",
          "Player2": "GL4You",
          "Result": "0-2-0"
        },
        {
          "Player1": "jackie42005",
          "Player2": "fazparte",
          "Result": "2-0-0"
        }
      ]
    },
    {
      "RoundName": "Round 7",
      "Matches": [
        {
          "Player1": "deleon91",
          "Player2": "FUXIN",
          "Result": "2-0-0"
        },
        {
          "Player1": "capellomauro",
          "Player2": "VitorCarvalho01",
          "Result": "0-2-0"
        },
        {
          "Player1": "nahuel10",
          "Player2": "Harvey_Specter",
          "Result": "2-0-0"
        },
        {
          "Player1": "PedraStone",
          "Player2": "wcl",
          "Result": "0-2-0"
        }
      ]
    },
    {
      "RoundName": "Round 8",
      "Matches": [
        {
          "Player1": "nahuel10",
          "Player2": "VitorCarvalho01",
          "Result": "2-0-0"
        },
        {
          "Player1": "deleon91",
          "Player2": "wcl",
          "Result": "0-0-0"
        }
      ]
    },
    {
      "RoundName": "Round 9",
      "Matches": [
        {
          "Player1": "nahuel10",
          "Player2": "wcl",
          "Result": "2-0-0"
        }
      ]
    }
  ],
  "Standings": [
    {
      "Rank": 58,
      "Player": "Ale_Mtg",
      "Points": 0,
      "Wins": 0,
      "Losses": 0,
      "Draws": 0,
      "OMWP": 0.3333,
      "GWP": 0.3333,
      "OGWP": 0.3542
    },
    {
      "Rank": 57,
      "Player": "andersoneclair",
      "Points": 0,
      "Wins": 0,
      "Losses": 0,
      "Draws": 0,
      "OMWP": 0.3889,
      "GWP": 0.25,
      "OGWP": 0.4334
    },
    {
      "Rank": 56,
      "Player": "taldoitalo",
      "Points": 0,
      "Wins": 0,
      "Losses": 0,
      "Draws": 0,
      "OMWP": 0.5556,
      "GWP": 0.25,
      "OGWP": 0.5222
    },
    {
      "Rank": 55,
      "Player": "sandydogmtg",
      "Points": 0,
      "Wins": 0,
      "Losses": 0,
      "Draws": 0,
      "OMWP": 0.5832999999999999,
      "GWP": 0.2,
      "OGWP": 0.5462
    },
    {
      "Rank": 54,
      "Player": "hermanomlg",
      "Points": 0,
      "Wins": 0,
      "Losses": 0,
      "Draws": 0,
      "OMWP": 0.6167,
      "GWP": 0.2,
      "OGWP": 0.6
    },
    {
      "Rank": 53,
      "Player": "bless_von",
      "Points": 0,
      "Wins": 0,
      "Losses": 0,
      "Draws": 0,
      "OMWP": 0.75,
      "GWP": 0.2,
      "OGWP": 0.6899
    },
    {
      "Rank": 52,
      "Player": "PNascimento",
      "Points": 3,
      "Wins": 0,
      "Losses": 0,
      "Draws": 0,
      "OMWP": 0.4,
      "GWP": 0.3333,
      "OGWP": 0.4363
    },
    {
      "Rank": 51,
      "Player": "Capitano_CL",
      "Points": 3,
      "Wins": 0,
      "Losses": 0,
      "Draws": 0,
      "OMWP": 0.43329999999999996,
      "GWP": 0.3636,
      "OGWP": 0.4079
    },
    {
      "Rank": 50,
      "Player": "Shadowz2005",
      "Points": 3,
      "Wins": 0,
      "Losses": 0,
      "Draws": 0,
      "OMWP": 0.44439999999999996,
      "GWP": 0.375,
      "OGWP": 0.4361
    },
    {
      "Rank": 49,
      "Player": "O_danielakos",
      "Points": 3,
      "Wins": 0,
      "Losses": 0,
      "Draws": 0,
      "OMWP": 0.4583,
      "GWP": 0.3636,
      "OGWP": 0.4583
    },
    {
      "Rank": 48,
      "Player": "DavidPierceUTA",
      "Points": 3,
      "Wins": 0,
      "Losses": 0,
      "Draws": 0,
      "OMWP": 0.5,
      "GWP": 0.3077,
      "OGWP": 0.4832
    },
    {
      "Rank": 47,
      "Player": "Kaziku",
      "Points": 3,
      "Wins": 0,
      "Losses": 0,
      "Draws": 0,
      "OMWP": 0.5,
      "GWP": 0.375,
      "OGWP": 0.5075
    },
    {
      "Rank": 46,
      "Player": "termidor",
      "Points": 3,
      "Wins": 0,
      "Losses": 0,
      "Draws": 0,
      "OMWP": 0.625,
      "GWP": 0.4,
      "OGWP": 0.55
    },
    {
      "Rank": 45,
      "Player": "Mathilde8",
      "Points": 3,
      "Wins": 0,
      "Losses": 0,
      "Draws": 0,
      "OMWP": 0.6333,
      "GWP": 0.3,
      "OGWP": 0.5725
    },
    {
      "Rank": 44,
      "Player": "GL4You",
      "Points": 6,
      "Wins": 0,
      "Losses": 0,
      "Draws": 0,
      "OMWP": 0.4,
      "GWP": 0.3077,
      "OGWP": 0.42950000000000005
    },
    {
      "Rank": 43,
      "Player": "Free_tix",
      "Points": 6,
      "Wins": 0,
      "Losses": 0,
      "Draws": 0,
      "OMWP": 0.4,
      "GWP": 0.3846,
      "OGWP": 0.4299
    },
    {
      "Rank": 42,
      "Player": "pokerswizard",
      "Points": 6,
      "Wins": 0,
      "Losses": 0,
      "Draws": 0,
      "OMWP": 0.4167,
      "GWP": 0.4667,
      "OGWP": 0.39289999999999997
    },
    {
      "Rank": 41,
      "Player": "izzy-wilde",
      "Points": 6,
      "Wins": 0,
      "Losses": 0,
      "Draws": 0,
      "OMWP": 0.44439999999999996,
      "GWP": 0.35710000000000003,
      "OGWP": 0.4562
    },
    {
      "Rank": 40,
      "Player": "Alico",
      "Points": 6,
      "Wins": 0,
      "Losses": 0,
      "Draws": 0,
      "OMWP": 0.4667,
      "GWP": 0.46149999999999997,
      "OGWP": 0.424
    },
    {
      "Rank": 39,
      "Player": "J0hnWick",
      "Points": 6,
      "Wins": 0,
      "Losses": 0,
      "Draws": 0,
      "OMWP": 0.4833,
      "GWP": 0.35710000000000003,
      "OGWP": 0.4803
    },
    {
      "Rank": 38,
      "Player": "ATmagic",
      "Points": 6,
      "Wins": 0,
      "Losses": 0,
      "Draws": 0,
      "OMWP": 0.4833,
      "GWP": 0.4706,
      "OGWP": 0.4858
    },
    {
      "Rank": 37,
      "Player": "xRagedFurballx",
      "Points": 6,
      "Wins": 0,
      "Losses": 0,
      "Draws": 0,
      "OMWP": 0.5,
      "GWP": 0.3333,
      "OGWP": 0.5276
    },
    {
      "Rank": 36,
      "Player": "Beicodegeia",
      "Points": 6,
      "Wins": 0,
      "Losses": 0,
      "Draws": 0,
      "OMWP": 0.5556,
      "GWP": 0.3636,
      "OGWP": 0.5421
    },
    {
      "Rank": 35,
      "Player": "fazparte",
      "Points": 6,
      "Wins": 0,
      "Losses": 0,
      "Draws": 0,
      "OMWP": 0.5667,
      "GWP": 0.4375,
      "OGWP": 0.5341
    },
    {
      "Rank": 34,
      "Player": "ConnorM426",
      "Points": 6,
      "Wins": 0,
      "Losses": 0,
      "Draws": 0,
      "OMWP": 0.5667,
      "GWP": 0.46149999999999997,
      "OGWP": 0.5756
    },
    {
      "Rank": 33,
      "Player": "Lord_Beerus",
      "Points": 6,
      "Wins": 0,
      "Losses": 0,
      "Draws": 0,
      "OMWP": 0.5832999999999999,
      "GWP": 0.4,
      "OGWP": 0.5318999999999999
    },
    {
      "Rank": 32,
      "Player": "luvadepedreiro",
      "Points": 9,
      "Wins": 0,
      "Losses": 0,
      "Draws": 0,
      "OMWP": 0.4167,
      "GWP": 0.5,
      "OGWP": 0.45
    },
    {
      "Rank": 31,
      "Player": "musasabi",
      "Points": 9,
      "Wins": 0,
      "Losses": 0,
      "Draws": 0,
      "OMWP": 0.4167,
      "GWP": 0.5294,
      "OGWP": 0.44
    },
    {
      "Rank": 30,
      "Player": "Artemis2021",
      "Points": 9,
      "Wins": 0,
      "Losses": 0,
      "Draws": 0,
      "OMWP": 0.4722,
      "GWP": 0.4667,
      "OGWP": 0.4918
    },
    {
      "Rank": 29,
      "Player": "alfonseelric",
      "Points": 9,
      "Wins": 0,
      "Losses": 0,
      "Draws": 0,
      "OMWP": 0.4833,
      "GWP": 0.4667,
      "OGWP": 0.4714
    },
    {
      "Rank": 28,
      "Player": "FlawlessVictory-",
      "Points": 9,
      "Wins": 0,
      "Losses": 0,
      "Draws": 0,
      "OMWP": 0.5111,
      "GWP": 0.5,
      "OGWP": 0.4793
    },
    {
      "Rank": 27,
      "Player": "xfile",
      "Points": 9,
      "Wins": 0,
      "Losses": 0,
      "Draws": 0,
      "OMWP": 0.5167,
      "GWP": 0.5294,
      "OGWP": 0.4736
    },
    {
      "Rank": 26,
      "Player": "CuteChandra19",
      "Points": 9,
      "Wins": 0,
      "Losses": 0,
      "Draws": 0,
      "OMWP": 0.5556,
      "GWP": 0.4667,
      "OGWP": 0.5314
    },
    {
      "Rank": 25,
      "Player": "jackie42005",
      "Points": 9,
      "Wins": 0,
      "Losses": 0,
      "Draws": 0,
      "OMWP": 0.5556,
      "GWP": 0.5,
      "OGWP": 0.5256000000000001
    },
    {
      "Rank": 24,
      "Player": "Snover",
      "Points": 9,
      "Wins": 0,
      "Losses": 0,
      "Draws": 0,
      "OMWP": 0.5556,
      "GWP": 0.5333,
      "OGWP": 0.5363
    },
    {
      "Rank": 23,
      "Player": "kaikas",
      "Points": 9,
      "Wins": 0,
      "Losses": 0,
      "Draws": 0,
      "OMWP": 0.5832999999999999,
      "GWP": 0.4,
      "OGWP": 0.5538000000000001
    },
    {
      "Rank": 22,
      "Player": "Ivan_Draw_Go",
      "Points": 9,
      "Wins": 0,
      "Losses": 0,
      "Draws": 0,
      "OMWP": 0.5832999999999999,
      "GWP": 0.5,
      "OGWP": 0.5556
    },
    {
      "Rank": 21,
      "Player": "MJ_23",
      "Points": 9,
      "Wins": 0,
      "Losses": 0,
      "Draws": 0,
      "OMWP": 0.6,
      "GWP": 0.5333,
      "OGWP": 0.5577000000000001
    },
    {
      "Rank": 20,
      "Player": "AnotherStep",
      "Points": 9,
      "Wins": 0,
      "Losses": 0,
      "Draws": 0,
      "OMWP": 0.6111,
      "GWP": 0.5294,
      "OGWP": 0.5216
    },
    {
      "Rank": 19,
      "Player": "4UBro",
      "Points": 12,
      "Wins": 0,
      "Losses": 0,
      "Draws": 0,
      "OMWP": 0.4167,
      "GWP": 0.6,
      "OGWP": 0.4362
    },
    {
      "Rank": 18,
      "Player": "KingCapivara",
      "Points": 12,
      "Wins": 0,
      "Losses": 0,
      "Draws": 0,
      "OMWP": 0.4267,
      "GWP": 0.6,
      "OGWP": 0.43670000000000003
    },
    {
      "Rank": 17,
      "Player": "_Shikamaru_",
      "Points": 12,
      "Wins": 0,
      "Losses": 0,
      "Draws": 0,
      "OMWP": 0.4833,
      "GWP": 0.5,
      "OGWP": 0.5268999999999999
    },
    {
      "Rank": 16,
      "Player": "MR_Thompson",
      "Points": 12,
      "Wins": 0,
      "Losses": 0,
      "Draws": 0,
      "OMWP": 0.5,
      "GWP": 0.6154,
      "OGWP": 0.4764
    },
    {
      "Rank": 15,
      "Player": "Raydan",
      "Points": 12,
      "Wins": 0,
      "Losses": 0,
      "Draws": 0,
      "OMWP": 0.5,
      "GWP": 0.6923,
      "OGWP": 0.4919
    },
    {
      "Rank": 14,
      "Player": "Scooby_Snacks",
      "Points": 12,
      "Wins": 0,
      "Losses": 0,
      "Draws": 0,
      "OMWP": 0.5111,
      "GWP": 0.5294,
      "OGWP": 0.4763
    },
    {
      "Rank": 13,
      "Player": "Hamuda",
      "Points": 12,
      "Wins": 0,
      "Losses": 0,
      "Draws": 0,
      "OMWP": 0.5111,
      "GWP": 0.6429,
      "OGWP": 0.488
    },
    {
      "Rank": 12,
      "Player": "hugofreitas1",
      "Points": 12,
      "Wins": 0,
      "Losses": 0,
      "Draws": 0,
      "OMWP": 0.5467,
      "GWP": 0.6923,
      "OGWP": 0.498
    },
    {
      "Rank": 11,
      "Player": "tchuco",
      "Points": 12,
      "Wins": 0,
      "Losses": 0,
      "Draws": 0,
      "OMWP": 0.5832999999999999,
      "GWP": 0.5882000000000001,
      "OGWP": 0.5647
    },
    {
      "Rank": 10,
      "Player": "Rumlumluml",
      "Points": 12,
      "Wins": 0,
      "Losses": 0,
      "Draws": 0,
      "OMWP": 0.6,
      "GWP": 0.5625,
      "OGWP": 0.6097
    },
    {
      "Rank": 9,
      "Player": "LuffyDoChapeuDePalha",
      "Points": 12,
      "Wins": 0,
      "Losses": 0,
      "Draws": 0,
      "OMWP": 0.6667000000000001,
      "GWP": 0.6429,
      "OGWP": 0.6087
    },
    {
      "Rank": 8,
      "Player": "PedraStone",
      "Points": 12,
      "Wins": 0,
      "Losses": 0,
      "Draws": 0,
      "OMWP": 0.7778,
      "GWP": 0.5625,
      "OGWP": 0.6740999999999999
    },
    {
      "Rank": 7,
      "Player": "FUXIN",
      "Points": 15,
      "Wins": 0,
      "Losses": 0,
      "Draws": 0,
      "OMWP": 0.5067,
      "GWP": 0.6667000000000001,
      "OGWP": 0.5202
    },
    {
      "Rank": 6,
      "Player": "Harvey_Specter",
      "Points": 15,
      "Wins": 0,
      "Losses": 0,
      "Draws": 0,
      "OMWP": 0.5167,
      "GWP": 0.6667000000000001,
      "OGWP": 0.5057
    },
    {
      "Rank": 5,
      "Player": "capellomauro",
      "Points": 18,
      "Wins": 0,
      "Losses": 0,
      "Draws": 0,
      "OMWP": 0.56,
      "GWP": 0.9231,
      "OGWP": 0.5297
    },
    {
      "Rank": 4,
      "Player": "VitorCarvalho01",
      "Points": 15,
      "Wins": 0,
      "Losses": 0,
      "Draws": 0,
      "OMWP": 0.7056,
      "GWP": 0.7143,
      "OGWP": 0.5694
    },
    {
      "Rank": 3,
      "Player": "deleon91",
      "Points": 18,
      "Wins": 0,
      "Losses": 0,
      "Draws": 0,
      "OMWP": 0.6111,
      "GWP": 0.6667000000000001,
      "OGWP": 0.5589999999999999
    },
    {
      "Rank": 2,
      "Player": "wcl",
      "Points": 21,
      "Wins": 0,
      "Losses": 0,
      "Draws": 0,
      "OMWP": 0.6667000000000001,
      "GWP": 0.6875,
      "OGWP": 0.6271
    },
    {
      "Rank": 1,
      "Player": "nahuel10",
      "Points": 24,
      "Wins": 0,
      "Losses": 0,
      "Draws": 0,
      "OMWP": 0.5,
      "GWP": 0.7333,
      "OGWP": 0.4842
    }
  ]
}