{
  "Tournament": {
    "Id": 12803731,
    "Date": "2025-07-22T19:00:00",
    "Name": "Standard Challenge 64",
    "Uri": null,
    "JsonFile": null,
    "ForceRedownload": false
  },
  "Decks": null,
  "Rounds": [
    {
      "RoundName": "Round 1",
      "Matches": [
        {
          "Player1": "Nammersquats",
          "Player2": "Raydan",
          "Result": "0-2-0"
        },
        {
          "Player1": "lampalot",
          "Player2": "jackie42005",
          "Result": "2-0-0"
        },
        {
          "Player1": "SoulStrong",
          "Player2": "koorn",
          "Result": "2-0-0"
        },
        {
          "Player1": "MJ_23",
          "Player2": "justAlice",
          "Result": "0-2-0"
        },
        {
          "Player1": "littledarwin",
          "Player2": "echecetmat35",
          "Result": "2-0-0"
        },
        {
          "Player1": "burnet7",
          "Player2": "PeterThere",
          "Result": "0-2-0"
        },
        {
          "Player1": "Kampo",
          "Player2": "ElCucuy",
          "Result": "0-2-0"
        },
        {
          "Player1": "mikeleee",
          "Player2": "ZendicardGames",
          "Result": "0-2-0"
        },
        {
          "Player1": "_Falcon_",
          "Player2": "Bawer",
          "Result": "2-0-0"
        },
        {
          "Player1": "_Davimorais",
          "Player2": "leandru",
          "Result": "2-0-0"
        },
        {
          "Player1": "Sapoa",
          "Player2": "Univerce",
          "Result": "0-2-0"
        },
        {
          "Player1": "Goomy_",
          "Player2": "Tosco1992",
          "Result": "0-2-0"
        },
        {
          "Player1": "fireshoes",
          "Player2": "Strongmind",
          "Result": "0-2-0"
        },
        {
          "Player1": "xfile",
          "Player2": "KadettiKersantti",
          "Result": "2-0-0"
        },
        {
          "Player1": "masatyyn",
          "Player2": "Grogore",
          "Result": "2-0-0"
        },
        {
          "Player1": "AJV20",
          "Player2": "Salty_Orange",
          "Result": "2-0-0"
        },
        {
          "Player1": "Cachorrowo",
          "Player2": "KingBeav999",
          "Result": "2-0-0"
        },
        {
          "Player1": "pokerswizard",
          "Player2": "Willthepill",
          "Result": "2-0-0"
        },
        {
          "Player1": "Armek",
          "Player2": "BoJyB",
          "Result": "2-0-0"
        },
        {
          "Player1": "ShadowTitan1",
          "Player2": "VitorCarvalho01",
          "Result": "0-2-0"
        },
        {
          "Player1": "totemsilence",
          "Player2": "aplapp",
          "Result": "2-0-0"
        },
        {
          "Player1": "KingHairy",
          "Player2": "Illao1",
          "Result": "0-2-0"
        },
        {
          "Player1": "j_money10",
          "Player2": "DskBayWolf",
          "Result": "2-0-0"
        },
        {
          "Player1": "John1111",
          "Player2": "CutySark",
          "Result": "2-0-0"
        },
        {
          "Player1": "Dreddybajs",
          "Player2": "TheManLand",
          "Result": "2-0-0"
        },
        {
          "Player1": "Capitano_CL",
          "Player2": "bernardocssa",
          "Result": "2-0-0"
        },
        {
          "Player1": "sapro31",
          "Player2": "RezerDeDog",
          "Result": "2-0-0"
        },
        {
          "Player1": "peter780108",
          "Player2": "brainstormlocked",
          "Result": "0-2-0"
        },
        {
          "Player1": "Shadowz2005",
          "Player2": "luvadepedreiro",
          "Result": "2-0-0"
        },
        {
          "Player1": "Based",
          "Player2": "deleon91",
          "Result": "2-0-0"
        },
        {
          "Player1": "nathansteuer",
          "Player2": "EdgarB",
          "Result": "2-0-0"
        },
        {
          "Player1": "kaikas",
          "Player2": "DavidPierceUTA",
          "Result": "0-2-0"
        },
        {
          "Player1": "Promilx",
          "Player2": "fazparte",
          "Result": "2-0-0"
        },
        {
          "Player1": "StickyWicket",
          "Player2": "Faria_Limer",
          "Result": "2-0-0"
        },
        {
          "Player1": "O_danielakos",
          "Player2": "Ale_Mtg",
          "Result": "2-0-0"
        }
      ]
    },
    {
      "RoundName": "Round 2",
      "Matches": [
        {
          "Player1": "peter780108",
          "Player2": "ShadowTitan1",
          "Result": "2-0-0"
        },
        {
          "Player1": "Promilx",
          "Player2": "Univerce",
          "Result": "0-2-0"
        },
        {
          "Player1": "j_money10",
          "Player2": "xfile",
          "Result": "0-2-0"
        },
        {
          "Player1": "Nammersquats",
          "Player2": "burnet7",
          "Result": "0-2-0"
        },
        {
          "Player1": "fireshoes",
          "Player2": "KadettiKersantti",
          "Result": "2-0-0"
        },
        {
          "Player1": "deleon91",
          "Player2": "EdgarB",
          "Result": "2-0-0"
        },
        {
          "Player1": "jackie42005",
          "Player2": "DskBayWolf",
          "Result": "0-2-0"
        },
        {
          "Player1": "pokerswizard",
          "Player2": "Based",
          "Result": "2-0-0"
        },
        {
          "Player1": "leandru",
          "Player2": "Faria_Limer",
          "Result": "2-0-0"
        },
        {
          "Player1": "novaschin22",
          "Player2": "Strongmind",
          "Result": "2-0-0"
        },
        {
          "Player1": "Ale_Mtg",
          "Player2": "CutySark",
          "Result": "2-0-0"
        },
        {
          "Player1": "koorn",
          "Player2": "Grogore",
          "Result": "2-0-0"
        },
        {
          "Player1": "masatyyn",
          "Player2": "O_danielakos",
          "Result": "0-2-0"
        },
        {
          "Player1": "Capitano_CL",
          "Player2": "Tosco1992",
          "Result": "0-2-0"
        },
        {
          "Player1": "littledarwin",
          "Player2": "Raydan",
          "Result": "0-2-0"
        },
        {
          "Player1": "StickyWicket",
          "Player2": "_Davimorais",
          "Result": "0-2-0"
        },
        {
          "Player1": "justAlice",
          "Player2": "VitorCarvalho01",
          "Result": "0-2-0"
        },
        {
          "Player1": "totemsilence",
          "Player2": "Illao1",
          "Result": "2-0-0"
        },
        {
          "Player1": "bernardocssa",
          "Player2": "Bawer",
          "Result": "2-0-0"
        },
        {
          "Player1": "_Falcon_",
          "Player2": "ElCucuy",
          "Result": "0-2-0"
        },
        {
          "Player1": "echecetmat35",
          "Player2": "BoJyB",
          "Result": "2-0-0"
        },
        {
          "Player1": "nathansteuer",
          "Player2": "sapro31",
          "Result": "0-2-0"
        },
        {
          "Player1": "MJ_23",
          "Player2": "Salty_Orange",
          "Result": "0-2-0"
        },
        {
          "Player1": "Willthepill",
          "Player2": "Kampo",
          "Result": "2-0-0"
        },
        {
          "Player1": "Cachorrowo",
          "Player2": "DavidPierceUTA",
          "Result": "2-0-0"
        },
        {
          "Player1": "kaikas",
          "Player2": "KingBeav999",
          "Result": "2-0-0"
        },
        {
          "Player1": "fazparte",
          "Player2": "RezerDeDog",
          "Result": "2-0-0"
        },
        {
          "Player1": "Armek",
          "Player2": "brainstormlocked",
          "Result": "0-2-0"
        },
        {
          "Player1": "TheManLand",
          "Player2": "Goomy_",
          "Result": "2-0-0"
        },
        {
          "Player1": "AJV20",
          "Player2": "ZendicardGames",
          "Result": "0-2-0"
        },
        {
          "Player1": "Sapoa",
          "Player2": "luvadepedreiro",
          "Result": "0-2-0"
        },
        {
          "Player1": "lampalot",
          "Player2": "John1111",
          "Result": "0-2-0"
        },
        {
          "Player1": "mikeleee",
          "Player2": "aplapp",
          "Result": "0-2-0"
        },
        {
          "Player1": "Shadowz2005",
          "Player2": "PeterThere",
          "Result": "0-2-0"
        },
        {
          "Player1": "Dreddybajs",
          "Player2": "SoulStrong",
          "Result": "0-2-0"
        }
      ]
    },
    {
      "RoundName": "Round 3",
      "Matches": [
        {
          "Player1": "Capitano_CL",
          "Player2": "fireshoes",
          "Result": "2-0-0"
        },
        {
          "Player1": "koorn",
          "Player2": "Promilx",
          "Result": "0-2-0"
        },
        {
          "Player1": "EdgarB",
          "Player2": "Goomy_",
          "Result": "2-0-0"
        },
        {
          "Player1": "j_money10",
          "Player2": "Armek",
          "Result": "2-0-0"
        },
        {
          "Player1": "peter780108",
          "Player2": "luvadepedreiro",
          "Result": "0-2-0"
        },
        {
          "Player1": "Salty_Orange",
          "Player2": "Illao1",
          "Result": "2-0-0"
        },
        {
          "Player1": "xfile",
          "Player2": "Tosco1992",
          "Result": "0-2-0"
        },
        {
          "Player1": "Cachorrowo",
          "Player2": "Univerce",
          "Result": "0-2-0"
        },
        {
          "Player1": "masatyyn",
          "Player2": "StickyWicket",
          "Result": "2-0-0"
        },
        {
          "Player1": "_Davimorais",
          "Player2": "ElCucuy",
          "Result": "0-2-0"
        },
        {
          "Player1": "brainstormlocked",
          "Player2": "VitorCarvalho01",
          "Result": "0-2-0"
        },
        {
          "Player1": "Dreddybajs",
          "Player2": "Strongmind",
          "Result": "0-2-0"
        },
        {
          "Player1": "burnet7",
          "Player2": "fazparte",
          "Result": "0-2-0"
        },
        {
          "Player1": "echecetmat35",
          "Player2": "Ale_Mtg",
          "Result": "0-2-0"
        },
        {
          "Player1": "Shadowz2005",
          "Player2": "aplapp",
          "Result": "2-0-0"
        },
        {
          "Player1": "totemsilence",
          "Player2": "John1111",
          "Result": "0-2-0"
        },
        {
          "Player1": "pokerswizard",
          "Player2": "Raydan",
          "Result": "0-2-0"
        },
        {
          "Player1": "justAlice",
          "Player2": "_Falcon_",
          "Result": "2-0-0"
        },
        {
          "Player1": "lampalot",
          "Player2": "Bawer",
          "Result": "2-0-0"
        },
        {
          "Player1": "SoulStrong",
          "Player2": "sapro31",
          "Result": "2-0-0"
        },
        {
          "Player1": "Willthepill",
          "Player2": "nathansteuer",
          "Result": "2-0-0"
        },
        {
          "Player1": "ZendicardGames",
          "Player2": "novaschin22",
          "Result": "0-0-0"
        },
        {
          "Player1": "O_danielakos",
          "Player2": "PeterThere",
          "Result": "2-0-0"
        },
        {
          "Player1": "AJV20",
          "Player2": "TheManLand",
          "Result": "0-0-0"
        },
        {
          "Player1": "deleon91",
          "Player2": "DavidPierceUTA",
          "Result": "0-2-0"
        },
        {
          "Player1": "Sapoa",
          "Player2": "BoJyB",
          "Result": "0-2-0"
        },
        {
          "Player1": "Based",
          "Player2": "DskBayWolf",
          "Result": "0-2-0"
        },
        {
          "Player1": "littledarwin",
          "Player2": "bernardocssa",
          "Result": "2-0-0"
        },
        {
          "Player1": "jackie42005",
          "Player2": "Faria_Limer",
          "Result": "0-2-0"
        },
        {
          "Player1": "leandru",
          "Player2": "kaikas",
          "Result": "0-0-0"
        }
      ]
    },
    {
      "RoundName": "Round 4",
      "Matches": [
        {
          "Player1": "Sapoa",
          "Player2": "Goomy_",
          "Result": "0-0-0"
        },
        {
          "Player1": "O_danielakos",
          "Player2": "Cachorrowo",
          "Result": "2-0-0"
        },
        {
          "Player1": "Univerce",
          "Player2": "ElCucuy",
          "Result": "0-2-0"
        },
        {
          "Player1": "lampalot",
          "Player2": "AJV20",
          "Result": "0-2-0"
        },
        {
          "Player1": "j_money10",
          "Player2": "Willthepill",
          "Result": "0-2-0"
        },
        {
          "Player1": "VitorCarvalho01",
          "Player2": "Tosco1992",
          "Result": "2-0-0"
        },
        {
          "Player1": "sapro31",
          "Player2": "fazparte",
          "Result": "2-0-0"
        },
        {
          "Player1": "_Davimorais",
          "Player2": "DavidPierceUTA",
          "Result": "2-0-0"
        },
        {
          "Player1": "echecetmat35",
          "Player2": "Illao1",
          "Result": "0-2-0"
        },
        {
          "Player1": "peter780108",
          "Player2": "EdgarB",
          "Result": "0-2-0"
        },
        {
          "Player1": "fireshoes",
          "Player2": "burnet7",
          "Result": "0-2-0"
        },
        {
          "Player1": "bernardocssa",
          "Player2": "Armek",
          "Result": "2-0-0"
        },
        {
          "Player1": "totemsilence",
          "Player2": "Strongmind",
          "Result": "0-2-0"
        },
        {
          "Player1": "deleon91",
          "Player2": "kaikas",
          "Result": "2-0-0"
        },
        {
          "Player1": "SoulStrong",
          "Player2": "Raydan",
          "Result": "2-0-0"
        },
        {
          "Player1": "Capitano_CL",
          "Player2": "xfile",
          "Result": "0-2-0"
        },
        {
          "Player1": "StickyWicket",
          "Player2": "BoJyB",
          "Result": "2-0-0"
        },
        {
          "Player1": "koorn",
          "Player2": "Faria_Limer",
          "Result": "0-2-0"
        },
        {
          "Player1": "masatyyn",
          "Player2": "Promilx",
          "Result": "0-2-0"
        },
        {
          "Player1": "leandru",
          "Player2": "Shadowz2005",
          "Result": "2-0-0"
        },
        {
          "Player1": "brainstormlocked",
          "Player2": "DskBayWolf",
          "Result": "2-0-0"
        },
        {
          "Player1": "Salty_Orange",
          "Player2": "luvadepedreiro",
          "Result": "0-2-0"
        },
        {
          "Player1": "John1111",
          "Player2": "novaschin22",
          "Result": "2-0-0"
        },
        {
          "Player1": "Ale_Mtg",
          "Player2": "PeterThere",
          "Result": "2-0-0"
        },
        {
          "Player1": "Based",
          "Player2": "_Falcon_",
          "Result": "2-0-0"
        },
        {
          "Player1": "littledarwin",
          "Player2": "ZendicardGames",
          "Result": "2-0-0"
        },
        {
          "Player1": "jackie42005",
          "Player2": "Bawer",
          "Result": "0-2-0"
        },
        {
          "Player1": "pokerswizard",
          "Player2": "justAlice",
          "Result": "2-0-0"
        }
      ]
    },
    {
      "RoundName": "Round 5",
      "Matches": [
        {
          "Player1": "littledarwin",
          "Player2": "_Davimorais",
          "Result": "2-0-0"
        },
        {
          "Player1": "Raydan",
          "Player2": "VitorCarvalho01",
          "Result": "2-0-0"
        },
        {
          "Player1": "DskBayWolf",
          "Player2": "Illao1",
          "Result": "2-0-0"
        },
        {
          "Player1": "masatyyn",
          "Player2": "fazparte",
          "Result": "0-2-0"
        },
        {
          "Player1": "xfile",
          "Player2": "Promilx",
          "Result": "0-2-0"
        },
        {
          "Player1": "novaschin22",
          "Player2": "brainstormlocked",
          "Result": "0-2-0"
        },
        {
          "Player1": "Capitano_CL",
          "Player2": "PeterThere",
          "Result": "2-0-0"
        },
        {
          "Player1": "Willthepill",
          "Player2": "luvadepedreiro",
          "Result": "2-0-0"
        },
        {
          "Player1": "totemsilence",
          "Player2": "Shadowz2005",
          "Result": "0-2-0"
        },
        {
          "Player1": "EdgarB",
          "Player2": "DavidPierceUTA",
          "Result": "0-2-0"
        },
        {
          "Player1": "deleon91",
          "Player2": "Faria_Limer",
          "Result": "0-2-0"
        },
        {
          "Player1": "Based",
          "Player2": "Cachorrowo",
          "Result": "2-0-0"
        },
        {
          "Player1": "bernardocssa",
          "Player2": "StickyWicket",
          "Result": "0-2-0"
        },
        {
          "Player1": "j_money10",
          "Player2": "ZendicardGames",
          "Result": "0-2-0"
        },
        {
          "Player1": "leandru",
          "Player2": "Strongmind",
          "Result": "2-0-0"
        },
        {
          "Player1": "Sapoa",
          "Player2": "jackie42005",
          "Result": "0-2-0"
        },
        {
          "Player1": "O_danielakos",
          "Player2": "SoulStrong",
          "Result": "0-0-0"
        },
        {
          "Player1": "pokerswizard",
          "Player2": "Univerce",
          "Result": "2-0-0"
        },
        {
          "Player1": "Salty_Orange",
          "Player2": "justAlice",
          "Result": "2-0-0"
        },
        {
          "Player1": "John1111",
          "Player2": "ElCucuy",
          "Result": "2-0-0"
        },
        {
          "Player1": "Ale_Mtg",
          "Player2": "sapro31",
          "Result": "0-2-0"
        },
        {
          "Player1": "burnet7",
          "Player2": "lampalot",
          "Result": "2-0-0"
        },
        {
          "Player1": "echecetmat35",
          "Player2": "_Falcon_",
          "Result": "0-2-0"
        },
        {
          "Player1": "AJV20",
          "Player2": "Tosco1992",
          "Result": "0-2-0"
        },
        {
          "Player1": "koorn",
          "Player2": "BoJyB",
          "Result": "2-0-0"
        }
      ]
    },
    {
      "RoundName": "Round 6",
      "Matches": [
        {
          "Player1": "Ale_Mtg",
          "Player2": "ZendicardGames",
          "Result": "0-2-0"
        },
        {
          "Player1": "koorn",
          "Player2": "Cachorrowo",
          "Result": "0-2-0"
        },
        {
          "Player1": "Promilx",
          "Player2": "VitorCarvalho01",
          "Result": "0-2-0"
        },
        {
          "Player1": "Salty_Orange",
          "Player2": "novaschin22",
          "Result": "0-2-0"
        },
        {
          "Player1": "xfile",
          "Player2": "Faria_Limer",
          "Result": "0-2-0"
        },
        {
          "Player1": "SoulStrong",
          "Player2": "John1111",
          "Result": "2-0-0"
        },
        {
          "Player1": "j_money10",
          "Player2": "Univerce",
          "Result": "0-2-0"
        },
        {
          "Player1": "deleon91",
          "Player2": "_Falcon_",
          "Result": "2-0-0"
        },
        {
          "Player1": "_Davimorais",
          "Player2": "fazparte",
          "Result": "2-0-0"
        },
        {
          "Player1": "bernardocssa",
          "Player2": "justAlice",
          "Result": "2-0-0"
        },
        {
          "Player1": "AJV20",
          "Player2": "DavidPierceUTA",
          "Result": "0-2-0"
        },
        {
          "Player1": "echecetmat35",
          "Player2": "Sapoa",
          "Result": "0-2-0"
        },
        {
          "Player1": "leandru",
          "Player2": "ElCucuy",
          "Result": "0-2-0"
        },
        {
          "Player1": "luvadepedreiro",
          "Player2": "Strongmind",
          "Result": "0-2-0"
        },
        {
          "Player1": "burnet7",
          "Player2": "DskBayWolf",
          "Result": "2-0-0"
        },
        {
          "Player1": "O_danielakos",
          "Player2": "Raydan",
          "Result": "0-2-0"
        },
        {
          "Player1": "Based",
          "Player2": "Shadowz2005",
          "Result": "0-2-0"
        },
        {
          "Player1": "littledarwin",
          "Player2": "pokerswizard",
          "Result": "2-0-0"
        },
        {
          "Player1": "sapro31",
          "Player2": "Tosco1992",
          "Result": "2-0-0"
        },
        {
          "Player1": "masatyyn",
          "Player2": "PeterThere",
          "Result": "2-0-0"
        },
        {
          "Player1": "Capitano_CL",
          "Player2": "StickyWicket",
          "Result": "0-2-0"
        },
        {
          "Player1": "Willthepill",
          "Player2": "brainstormlocked",
          "Result": "0-2-0"
        }
      ]
    },
    {
      "RoundName": "Round 7",
      "Matches": [
        {
          "Player1": "SoulStrong",
          "Player2": "brainstormlocked",
          "Result": "0-2-0"
        },
        {
          "Player1": "_Davimorais",
          "Player2": "Tosco1992",
          "Result": "0-2-0"
        },
        {
          "Player1": "AJV20",
          "Player2": "DskBayWolf",
          "Result": "2-0-0"
        },
        {
          "Player1": "O_danielakos",
          "Player2": "Univerce",
          "Result": "2-0-0"
        },
        {
          "Player1": "littledarwin",
          "Player2": "VitorCarvalho01",
          "Result": "0-2-0"
        },
        {
          "Player1": "Willthepill",
          "Player2": "burnet7",
          "Result": "0-2-0"
        },
        {
          "Player1": "pokerswizard",
          "Player2": "Shadowz2005",
          "Result": "2-0-0"
        },
        {
          "Player1": "Raydan",
          "Player2": "ElCucuy",
          "Result": "2-0-0"
        },
        {
          "Player1": "Sapoa",
          "Player2": "koorn",
          "Result": "0-0-0"
        },
        {
          "Player1": "Promilx",
          "Player2": "Strongmind",
          "Result": "2-0-0"
        },
        {
          "Player1": "masatyyn",
          "Player2": "luvadepedreiro",
          "Result": "0-2-0"
        },
        {
          "Player1": "fazparte",
          "Player2": "deleon91",
          "Result": "0-2-0"
        },
        {
          "Player1": "bernardocssa",
          "Player2": "BoJyB",
          "Result": "2-0-0"
        },
        {
          "Player1": "Ale_Mtg",
          "Player2": "Based",
          "Result": "2-0-0"
        },
        {
          "Player1": "ZendicardGames",
          "Player2": "Faria_Limer",
          "Result": "2-0-0"
        },
        {
          "Player1": "StickyWicket",
          "Player2": "leandru",
          "Result": "0-0-0"
        },
        {
          "Player1": "justAlice",
          "Player2": "PeterThere",
          "Result": "2-0-0"
        },
        {
          "Player1": "John1111",
          "Player2": "sapro31",
          "Result": "2-0-0"
        },
        {
          "Player1": "Salty_Orange",
          "Player2": "xfile",
          "Result": "2-0-0"
        },
        {
          "Player1": "novaschin22",
          "Player2": "DavidPierceUTA",
          "Result": "2-0-0"
        },
        {
          "Player1": "Capitano_CL",
          "Player2": "Cachorrowo",
          "Result": "2-0-0"
        }
      ]
    },
    {
      "RoundName": "Round 8",
      "Matches": [
        {
          "Player1": "novaschin22",
          "Player2": "VitorCarvalho01",
          "Result": "0-2-0"
        },
        {
          "Player1": "pokerswizard",
          "Player2": "Raydan",
          "Result": "0-2-0"
        },
        {
          "Player1": "John1111",
          "Player2": "brainstormlocked",
          "Result": "2-0-0"
        },
        {
          "Player1": "littledarwin",
          "Player2": "SoulStrong",
          "Result": "0-2-0"
        }
      ]
    },
    {
      "RoundName": "Round 9",
      "Matches": [
        {
          "Player1": "SoulStrong",
          "Player2": "VitorCarvalho01",
          "Result": "2-0-0"
        },
        {
          "Player1": "Raydan",
          "Player2": "John1111",
          "Result": "2-0-0"
        }
      ]
    },
    {
      "RoundName": "Round 10",
      "Matches": [
        {
          "Player1": "SoulStrong",
          "Player2": "Raydan",
          "Result": "2-0-0"
        }
      ]
    }
  ],
  "Standings": [
    {
      "Rank": 71,
      "Player": "KadettiKersantti",
      "Points": 0,
      "Wins": 0,
      "Losses": 0,
      "Draws": 0,
      "OMWP": 0.381,
      "GWP": 0.2,
      "OGWP": 0.40590000000000004
    },
    {
      "Rank": 70,
      "Player": "KingBeav999",
      "Points": 0,
      "Wins": 0,
      "Losses": 0,
      "Draws": 0,
      "OMWP": 0.381,
      "GWP": 0.2,
      "OGWP": 0.446
    },
    {
      "Rank": 69,
      "Player": "KingHairy",
      "Points": 0,
      "Wins": 0,
      "Losses": 0,
      "Draws": 0,
      "OMWP": 0.4,
      "GWP": 0.3333,
      "OGWP": 0.4167
    },
    {
      "Rank": 68,
      "Player": "Grogore",
      "Points": 0,
      "Wins": 0,
      "Losses": 0,
      "Draws": 0,
      "OMWP": 0.4286,
      "GWP": 0.2,
      "OGWP": 0.42460000000000003
    },
    {
      "Rank": 67,
      "Player": "MJ_23",
      "Points": 0,
      "Wins": 0,
      "Losses": 0,
      "Draws": 0,
      "OMWP": 0.5,
      "GWP": 0.3333,
      "OGWP": 0.4985
    },
    {
      "Rank": 66,
      "Player": "mikeleee",
      "Points": 0,
      "Wins": 0,
      "Losses": 0,
      "Draws": 0,
      "OMWP": 0.5238,
      "GWP": 0.2,
      "OGWP": 0.5197999999999999
    },
    {
      "Rank": 65,
      "Player": "RezerDeDog",
      "Points": 0,
      "Wins": 0,
      "Losses": 0,
      "Draws": 0,
      "OMWP": 0.5714,
      "GWP": 0.2,
      "OGWP": 0.5604
    },
    {
      "Rank": 64,
      "Player": "ShadowTitan1",
      "Points": 0,
      "Wins": 0,
      "Losses": 0,
      "Draws": 0,
      "OMWP": 0.5952000000000001,
      "GWP": 0,
      "OGWP": 0.6
    },
    {
      "Rank": 63,
      "Player": "Kampo",
      "Points": 0,
      "Wins": 0,
      "Losses": 0,
      "Draws": 0,
      "OMWP": 0.6429,
      "GWP": 0.2,
      "OGWP": 0.6188
    },
    {
      "Rank": 62,
      "Player": "CutySark",
      "Points": 0,
      "Wins": 0,
      "Losses": 0,
      "Draws": 0,
      "OMWP": 0.7143,
      "GWP": 0,
      "OGWP": 0.6389
    },
    {
      "Rank": 61,
      "Player": "Nammersquats",
      "Points": 0,
      "Wins": 0,
      "Losses": 0,
      "Draws": 0,
      "OMWP": 0.7857,
      "GWP": 0.2,
      "OGWP": 0.7190000000000001
    },
    {
      "Rank": 60,
      "Player": "Bawer",
      "Points": 3,
      "Wins": 0,
      "Losses": 0,
      "Draws": 0,
      "OMWP": 0.40950000000000003,
      "GWP": 0.3636,
      "OGWP": 0.4192
    },
    {
      "Rank": 59,
      "Player": "TheManLand",
      "Points": 3,
      "Wins": 0,
      "Losses": 0,
      "Draws": 0,
      "OMWP": 0.4127,
      "GWP": 0.5,
      "OGWP": 0.45530000000000004
    },
    {
      "Rank": 58,
      "Player": "jackie42005",
      "Points": 3,
      "Wins": 0,
      "Losses": 0,
      "Draws": 0,
      "OMWP": 0.4133,
      "GWP": 0.3333,
      "OGWP": 0.4178
    },
    {
      "Rank": 57,
      "Player": "Sapoa",
      "Points": 3,
      "Wins": 0,
      "Losses": 0,
      "Draws": 0,
      "OMWP": 0.415,
      "GWP": 0.25,
      "OGWP": 0.4143
    },
    {
      "Rank": 56,
      "Player": "aplapp",
      "Points": 3,
      "Wins": 0,
      "Losses": 0,
      "Draws": 0,
      "OMWP": 0.4349,
      "GWP": 0.4286,
      "OGWP": 0.4524
    },
    {
      "Rank": 55,
      "Player": "Goomy_",
      "Points": 3,
      "Wins": 0,
      "Losses": 0,
      "Draws": 0,
      "OMWP": 0.44520000000000004,
      "GWP": 0.3,
      "OGWP": 0.4792
    },
    {
      "Rank": 54,
      "Player": "echecetmat35",
      "Points": 3,
      "Wins": 0,
      "Losses": 0,
      "Draws": 0,
      "OMWP": 0.4476,
      "GWP": 0.2667,
      "OGWP": 0.4329
    },
    {
      "Rank": 53,
      "Player": "kaikas",
      "Points": 3,
      "Wins": 0,
      "Losses": 0,
      "Draws": 0,
      "OMWP": 0.5119,
      "GWP": 0.4545,
      "OGWP": 0.47229999999999994
    },
    {
      "Rank": 52,
      "Player": "Armek",
      "Points": 3,
      "Wins": 0,
      "Losses": 0,
      "Draws": 0,
      "OMWP": 0.5238,
      "GWP": 0.4,
      "OGWP": 0.5097
    },
    {
      "Rank": 51,
      "Player": "peter780108",
      "Points": 3,
      "Wins": 0,
      "Losses": 0,
      "Draws": 0,
      "OMWP": 0.5405,
      "GWP": 0.4,
      "OGWP": 0.5074000000000001
    },
    {
      "Rank": 50,
      "Player": "fireshoes",
      "Points": 3,
      "Wins": 0,
      "Losses": 0,
      "Draws": 0,
      "OMWP": 0.5476,
      "GWP": 0.4,
      "OGWP": 0.5213
    },
    {
      "Rank": 49,
      "Player": "nathansteuer",
      "Points": 3,
      "Wins": 0,
      "Losses": 0,
      "Draws": 0,
      "OMWP": 0.5619,
      "GWP": 0.375,
      "OGWP": 0.5379
    },
    {
      "Rank": 48,
      "Player": "Dreddybajs",
      "Points": 3,
      "Wins": 0,
      "Losses": 0,
      "Draws": 0,
      "OMWP": 0.5872999999999999,
      "GWP": 0.44439999999999996,
      "OGWP": 0.5871
    },
    {
      "Rank": 47,
      "Player": "Illao1",
      "Points": 6,
      "Wins": 0,
      "Losses": 0,
      "Draws": 0,
      "OMWP": 0.4133,
      "GWP": 0.4167,
      "OGWP": 0.4261
    },
    {
      "Rank": 46,
      "Player": "EdgarB",
      "Points": 6,
      "Wins": 0,
      "Losses": 0,
      "Draws": 0,
      "OMWP": 0.4286,
      "GWP": 0.4167,
      "OGWP": 0.4275
    },
    {
      "Rank": 45,
      "Player": "BoJyB",
      "Points": 6,
      "Wins": 0,
      "Losses": 0,
      "Draws": 0,
      "OMWP": 0.4524,
      "GWP": 0.3125,
      "OGWP": 0.435
    },
    {
      "Rank": 44,
      "Player": "_Falcon_",
      "Points": 6,
      "Wins": 0,
      "Losses": 0,
      "Draws": 0,
      "OMWP": 0.4683,
      "GWP": 0.3333,
      "OGWP": 0.4851
    },
    {
      "Rank": 43,
      "Player": "j_money10",
      "Points": 6,
      "Wins": 0,
      "Losses": 0,
      "Draws": 0,
      "OMWP": 0.5079,
      "GWP": 0.4,
      "OGWP": 0.5017
    },
    {
      "Rank": 42,
      "Player": "totemsilence",
      "Points": 6,
      "Wins": 0,
      "Losses": 0,
      "Draws": 0,
      "OMWP": 0.5467,
      "GWP": 0.5,
      "OGWP": 0.5294
    },
    {
      "Rank": 41,
      "Player": "lampalot",
      "Points": 6,
      "Wins": 0,
      "Losses": 0,
      "Draws": 0,
      "OMWP": 0.5619,
      "GWP": 0.4545,
      "OGWP": 0.5158
    },
    {
      "Rank": 40,
      "Player": "PeterThere",
      "Points": 6,
      "Wins": 0,
      "Losses": 0,
      "Draws": 0,
      "OMWP": 0.5714,
      "GWP": 0.3333,
      "OGWP": 0.5352
    },
    {
      "Rank": 39,
      "Player": "koorn",
      "Points": 9,
      "Wins": 0,
      "Losses": 0,
      "Draws": 0,
      "OMWP": 0.5102,
      "GWP": 0.4375,
      "OGWP": 0.47009999999999996
    },
    {
      "Rank": 38,
      "Player": "Cachorrowo",
      "Points": 9,
      "Wins": 0,
      "Losses": 0,
      "Draws": 0,
      "OMWP": 0.517,
      "GWP": 0.4375,
      "OGWP": 0.5158
    },
    {
      "Rank": 37,
      "Player": "Based",
      "Points": 9,
      "Wins": 0,
      "Losses": 0,
      "Draws": 0,
      "OMWP": 0.517,
      "GWP": 0.5263,
      "OGWP": 0.47759999999999997
    },
    {
      "Rank": 36,
      "Player": "DskBayWolf",
      "Points": 9,
      "Wins": 0,
      "Losses": 0,
      "Draws": 0,
      "OMWP": 0.5196999999999999,
      "GWP": 0.4375,
      "OGWP": 0.5123
    },
    {
      "Rank": 35,
      "Player": "justAlice",
      "Points": 9,
      "Wins": 0,
      "Losses": 0,
      "Draws": 0,
      "OMWP": 0.5306000000000001,
      "GWP": 0.4706,
      "OGWP": 0.4869
    },
    {
      "Rank": 34,
      "Player": "masatyyn",
      "Points": 9,
      "Wins": 0,
      "Losses": 0,
      "Draws": 0,
      "OMWP": 0.5442,
      "GWP": 0.4118,
      "OGWP": 0.4936
    },
    {
      "Rank": 33,
      "Player": "xfile",
      "Points": 9,
      "Wins": 0,
      "Losses": 0,
      "Draws": 0,
      "OMWP": 0.5442,
      "GWP": 0.4118,
      "OGWP": 0.5283
    },
    {
      "Rank": 32,
      "Player": "fazparte",
      "Points": 9,
      "Wins": 0,
      "Losses": 0,
      "Draws": 0,
      "OMWP": 0.5782,
      "GWP": 0.47369999999999995,
      "OGWP": 0.5247999999999999
    },
    {
      "Rank": 31,
      "Player": "deleon91",
      "Points": 12,
      "Wins": 0,
      "Losses": 0,
      "Draws": 0,
      "OMWP": 0.43810000000000004,
      "GWP": 0.5294,
      "OGWP": 0.4578
    },
    {
      "Rank": 30,
      "Player": "Shadowz2005",
      "Points": 12,
      "Wins": 0,
      "Losses": 0,
      "Draws": 0,
      "OMWP": 0.4789,
      "GWP": 0.5238,
      "OGWP": 0.4815
    },
    {
      "Rank": 29,
      "Player": "luvadepedreiro",
      "Points": 12,
      "Wins": 0,
      "Losses": 0,
      "Draws": 0,
      "OMWP": 0.483,
      "GWP": 0.5294,
      "OGWP": 0.4715
    },
    {
      "Rank": 28,
      "Player": "bernardocssa",
      "Points": 12,
      "Wins": 0,
      "Losses": 0,
      "Draws": 0,
      "OMWP": 0.48979999999999996,
      "GWP": 0.5556,
      "OGWP": 0.48109999999999997
    },
    {
      "Rank": 27,
      "Player": "Salty_Orange",
      "Points": 12,
      "Wins": 0,
      "Losses": 0,
      "Draws": 0,
      "OMWP": 0.4925,
      "GWP": 0.5263,
      "OGWP": 0.48469999999999996
    },
    {
      "Rank": 26,
      "Player": "Capitano_CL",
      "Points": 12,
      "Wins": 0,
      "Losses": 0,
      "Draws": 0,
      "OMWP": 0.5034000000000001,
      "GWP": 0.625,
      "OGWP": 0.4793
    },
    {
      "Rank": 25,
      "Player": "Ale_Mtg",
      "Points": 12,
      "Wins": 0,
      "Losses": 0,
      "Draws": 0,
      "OMWP": 0.5102,
      "GWP": 0.5556,
      "OGWP": 0.4818
    },
    {
      "Rank": 24,
      "Player": "DavidPierceUTA",
      "Points": 12,
      "Wins": 0,
      "Losses": 0,
      "Draws": 0,
      "OMWP": 0.5129,
      "GWP": 0.5,
      "OGWP": 0.5146000000000001
    },
    {
      "Rank": 23,
      "Player": "Strongmind",
      "Points": 12,
      "Wins": 0,
      "Losses": 0,
      "Draws": 0,
      "OMWP": 0.5196999999999999,
      "GWP": 0.5556,
      "OGWP": 0.5272
    },
    {
      "Rank": 22,
      "Player": "AJV20",
      "Points": 12,
      "Wins": 0,
      "Losses": 0,
      "Draws": 0,
      "OMWP": 0.5333,
      "GWP": 0.5882000000000001,
      "OGWP": 0.528
    },
    {
      "Rank": 21,
      "Player": "Faria_Limer",
      "Points": 12,
      "Wins": 0,
      "Losses": 0,
      "Draws": 0,
      "OMWP": 0.5374,
      "GWP": 0.5,
      "OGWP": 0.48560000000000003
    },
    {
      "Rank": 20,
      "Player": "Willthepill",
      "Points": 12,
      "Wins": 0,
      "Losses": 0,
      "Draws": 0,
      "OMWP": 0.551,
      "GWP": 0.55,
      "OGWP": 0.4979
    },
    {
      "Rank": 19,
      "Player": "Univerce",
      "Points": 12,
      "Wins": 0,
      "Losses": 0,
      "Draws": 0,
      "OMWP": 0.5646,
      "GWP": 0.6,
      "OGWP": 0.5171
    },
    {
      "Rank": 18,
      "Player": "leandru",
      "Points": 12,
      "Wins": 0,
      "Losses": 0,
      "Draws": 0,
      "OMWP": 0.5782,
      "GWP": 0.5263,
      "OGWP": 0.5435
    },
    {
      "Rank": 17,
      "Player": "_Davimorais",
      "Points": 12,
      "Wins": 0,
      "Losses": 0,
      "Draws": 0,
      "OMWP": 0.6327,
      "GWP": 0.5333,
      "OGWP": 0.5756
    },
    {
      "Rank": 16,
      "Player": "burnet7",
      "Points": 15,
      "Wins": 0,
      "Losses": 0,
      "Draws": 0,
      "OMWP": 0.40409999999999996,
      "GWP": 0.5714,
      "OGWP": 0.4261
    },
    {
      "Rank": 15,
      "Player": "StickyWicket",
      "Points": 15,
      "Wins": 0,
      "Losses": 0,
      "Draws": 0,
      "OMWP": 0.517,
      "GWP": 0.55,
      "OGWP": 0.4979
    },
    {
      "Rank": 14,
      "Player": "Promilx",
      "Points": 15,
      "Wins": 0,
      "Losses": 0,
      "Draws": 0,
      "OMWP": 0.5306000000000001,
      "GWP": 0.6470999999999999,
      "OGWP": 0.5272
    },
    {
      "Rank": 13,
      "Player": "ZendicardGames",
      "Points": 15,
      "Wins": 0,
      "Losses": 0,
      "Draws": 0,
      "OMWP": 0.5442,
      "GWP": 0.6111,
      "OGWP": 0.5207
    },
    {
      "Rank": 12,
      "Player": "O_danielakos",
      "Points": 15,
      "Wins": 0,
      "Losses": 0,
      "Draws": 0,
      "OMWP": 0.5782,
      "GWP": 0.5882000000000001,
      "OGWP": 0.5587
    },
    {
      "Rank": 11,
      "Player": "Tosco1992",
      "Points": 15,
      "Wins": 0,
      "Losses": 0,
      "Draws": 0,
      "OMWP": 0.5782,
      "GWP": 0.6667000000000001,
      "OGWP": 0.5627
    },
    {
      "Rank": 10,
      "Player": "sapro31",
      "Points": 15,
      "Wins": 0,
      "Losses": 0,
      "Draws": 0,
      "OMWP": 0.585,
      "GWP": 0.6470999999999999,
      "OGWP": 0.5475
    },
    {
      "Rank": 9,
      "Player": "ElCucuy",
      "Points": 15,
      "Wins": 0,
      "Losses": 0,
      "Draws": 0,
      "OMWP": 0.585,
      "GWP": 0.6875,
      "OGWP": 0.5593
    },
    {
      "Rank": 8,
      "Player": "pokerswizard",
      "Points": 15,
      "Wins": 0,
      "Losses": 0,
      "Draws": 0,
      "OMWP": 0.5918,
      "GWP": 0.5263,
      "OGWP": 0.5946
    },
    {
      "Rank": 7,
      "Player": "littledarwin",
      "Points": 15,
      "Wins": 0,
      "Losses": 0,
      "Draws": 0,
      "OMWP": 0.6598999999999999,
      "GWP": 0.625,
      "OGWP": 0.6038
    },
    {
      "Rank": 6,
      "Player": "novaschin22",
      "Points": 15,
      "Wins": 0,
      "Losses": 0,
      "Draws": 0,
      "OMWP": 0.6905,
      "GWP": 0.6429,
      "OGWP": 0.6109
    },
    {
      "Rank": 5,
      "Player": "brainstormlocked",
      "Points": 18,
      "Wins": 0,
      "Losses": 0,
      "Draws": 0,
      "OMWP": 0.585,
      "GWP": 0.75,
      "OGWP": 0.5623
    },
    {
      "Rank": 4,
      "Player": "John1111",
      "Points": 21,
      "Wins": 0,
      "Losses": 0,
      "Draws": 0,
      "OMWP": 0.5905,
      "GWP": 0.7222,
      "OGWP": 0.5672999999999999
    },
    {
      "Rank": 3,
      "Player": "VitorCarvalho01",
      "Points": 21,
      "Wins": 0,
      "Losses": 0,
      "Draws": 0,
      "OMWP": 0.6598999999999999,
      "GWP": 0.8,
      "OGWP": 0.6228
    },
    {
      "Rank": 2,
      "Player": "Raydan",
      "Points": 24,
      "Wins": 0,
      "Losses": 0,
      "Draws": 0,
      "OMWP": 0.7006999999999999,
      "GWP": 0.8667,
      "OGWP": 0.6095
    },
    {
      "Rank": 1,
      "Player": "SoulStrong",
      "Points": 27,
      "Wins": 0,
      "Losses": 0,
      "Draws": 0,
      "OMWP": 0.6803,
      "GWP": 0.7059000000000001,
      "OGWP": 0.6365999999999999
    }
  ]
}