{
  "Tournament": {
    "Id": 12801699,
    "Date": "2025-07-09T00:00:00",
    "Name": "Duel Commander Trial 16",
    "Uri": null,
    "JsonFile": null,
    "ForceRedownload": false
  },
  "Decks": null,
  "Rounds": [
    {
      "RoundName": "Round 1",
      "Matches": [
        {
          "Player1": "Brivenix",
          "Player2": "glyra",
          "Result": "2-0-0"
        },
        {
          "Player1": "pokerswizard",
          "Player2": "Beicodegeia",
          "Result": "0-2-0"
        },
        {
          "Player1": "Malvescastro",
          "Player2": "boytriton",
          "Result": "2-0-0"
        },
        {
          "Player1": "i_b_TRUE",
          "Player2": "e0068",
          "Result": "0-2-0"
        },
        {
          "Player1": "Tunaktunak",
          "Player2": "DarkBone",
          "Result": "0-2-0"
        },
        {
          "Player1": "kasa",
          "Player2": "MatheusPonciano",
          "Result": "0-2-0"
        },
        {
          "Player1": "Selfeisek",
          "Player2": "CrazyMorango",
          "Result": "2-0-0"
        },
        {
          "Player1": "duke12",
          "Player2": "xfile",
          "Result": "0-2-0"
        }
      ]
    },
    {
      "RoundName": "Round 2",
      "Matches": [
        {
          "Player1": "xfile",
          "Player2": "e0068",
          "Result": "0-2-0"
        },
        {
          "Player1": "Beicodegeia",
          "Player2": "DarkBone",
          "Result": "0-2-0"
        },
        {
          "Player1": "Brivenix",
          "Player2": "Selfeisek",
          "Result": "0-2-0"
        },
        {
          "Player1": "MatheusPonciano",
          "Player2": "Malvescastro",
          "Result": "0-2-0"
        },
        {
          "Player1": "glyra",
          "Player2": "CrazyMorango",
          "Result": "2-0-0"
        },
        {
          "Player1": "i_b_TRUE",
          "Player2": "kasa",
          "Result": "0-0-0"
        },
        {
          "Player1": "pokerswizard",
          "Player2": "Tunaktunak",
          "Result": "0-2-0"
        }
      ]
    },
    {
      "RoundName": "Round 3",
      "Matches": [
        {
          "Player1": "pokerswizard",
          "Player2": "kasa",
          "Result": "0-2-0"
        },
        {
          "Player1": "Tunaktunak",
          "Player2": "MatheusPonciano",
          "Result": "2-0-0"
        },
        {
          "Player1": "Malvescastro",
          "Player2": "e0068",
          "Result": "0-2-0"
        },
        {
          "Player1": "xfile",
          "Player2": "glyra",
          "Result": "0-2-0"
        },
        {
          "Player1": "Beicodegeia",
          "Player2": "Brivenix",
          "Result": "0-2-0"
        },
        {
          "Player1": "Selfeisek",
          "Player2": "DarkBone",
          "Result": "2-0-0"
        },
        {
          "Player1": "duke12",
          "Player2": "i_b_TRUE",
          "Result": "2-0-0"
        }
      ]
    },
    {
      "RoundName": "Round 4",
      "Matches": [
        {
          "Player1": "Tunaktunak",
          "Player2": "glyra",
          "Result": "2-0-0"
        },
        {
          "Player1": "Selfeisek",
          "Player2": "e0068",
          "Result": "2-0-0"
        },
        {
          "Player1": "Brivenix",
          "Player2": "DarkBone",
          "Result": "0-2-0"
        },
        {
          "Player1": "i_b_TRUE",
          "Player2": "xfile",
          "Result": "2-0-0"
        },
        {
          "Player1": "MatheusPonciano",
          "Player2": "Beicodegeia",
          "Result": "2-0-0"
        },
        {
          "Player1": "duke12",
          "Player2": "Malvescastro",
          "Result": "2-0-0"
        }
      ]
    },
    {
      "RoundName": "Round 5",
      "Matches": [
        {
          "Player1": "Tunaktunak",
          "Player2": "duke12",
          "Result": "0-2-0"
        },
        {
          "Player1": "Selfeisek",
          "Player2": "Malvescastro",
          "Result": "1-2-0"
        },
        {
          "Player1": "Brivenix",
          "Player2": "e0068",
          "Result": "0-2-0"
        },
        {
          "Player1": "i_b_TRUE",
          "Player2": "DarkBone",
          "Result": "0-2-0"
        }
      ]
    },
    {
      "RoundName": "Round 6",
      "Matches": [
        {
          "Player1": "DarkBone",
          "Player2": "e0068",
          "Result": "2-0-0"
        },
        {
          "Player1": "duke12",
          "Player2": "Malvescastro",
          "Result": "2-0-0"
        }
      ]
    },
    {
      "RoundName": "Round 7",
      "Matches": [
        {
          "Player1": "duke12",
          "Player2": "DarkBone",
          "Result": "2-0-0"
        }
      ]
    }
  ],
  "Standings": [
    {
      "Rank": 16,
      "Player": "boytriton",
      "Points": 0,
      "Wins": 0,
      "Losses": 0,
      "Draws": 0,
      "OMWP": 0.5,
      "GWP": 0,
      "OGWP": 0.44439999999999996
    },
    {
      "Rank": 15,
      "Player": "pokerswizard",
      "Points": 0,
      "Wins": 0,
      "Losses": 0,
      "Draws": 0,
      "OMWP": 0.5278,
      "GWP": 0,
      "OGWP": 0.5185
    },
    {
      "Rank": 14,
      "Player": "CrazyMorango",
      "Points": 0,
      "Wins": 0,
      "Losses": 0,
      "Draws": 0,
      "OMWP": 0.75,
      "GWP": 0,
      "OGWP": 0.7726999999999999
    },
    {
      "Rank": 13,
      "Player": "Beicodegeia",
      "Points": 3,
      "Wins": 0,
      "Losses": 0,
      "Draws": 0,
      "OMWP": 0.5207999999999999,
      "GWP": 0.4,
      "OGWP": 0.4864
    },
    {
      "Rank": 12,
      "Player": "xfile",
      "Points": 3,
      "Wins": 0,
      "Losses": 0,
      "Draws": 0,
      "OMWP": 0.625,
      "GWP": 0.4,
      "OGWP": 0.5952000000000001
    },
    {
      "Rank": 11,
      "Player": "kasa",
      "Points": 6,
      "Wins": 0,
      "Losses": 0,
      "Draws": 0,
      "OMWP": 0.44439999999999996,
      "GWP": 0.5556,
      "OGWP": 0.44439999999999996
    },
    {
      "Rank": 10,
      "Player": "glyra",
      "Points": 6,
      "Wins": 0,
      "Losses": 0,
      "Draws": 0,
      "OMWP": 0.4792,
      "GWP": 0.5455,
      "OGWP": 0.43329999999999996
    },
    {
      "Rank": 9,
      "Player": "MatheusPonciano",
      "Points": 6,
      "Wins": 0,
      "Losses": 0,
      "Draws": 0,
      "OMWP": 0.5207999999999999,
      "GWP": 0.5455,
      "OGWP": 0.5
    },
    {
      "Rank": 8,
      "Player": "i_b_TRUE",
      "Points": 6,
      "Wins": 0,
      "Losses": 0,
      "Draws": 0,
      "OMWP": 0.5832999999999999,
      "GWP": 0.4545,
      "OGWP": 0.5841
    },
    {
      "Rank": 7,
      "Player": "Brivenix",
      "Points": 6,
      "Wins": 0,
      "Losses": 0,
      "Draws": 0,
      "OMWP": 0.6457999999999999,
      "GWP": 0.4,
      "OGWP": 0.653
    },
    {
      "Rank": 6,
      "Player": "Tunaktunak",
      "Points": 9,
      "Wins": 0,
      "Losses": 0,
      "Draws": 0,
      "OMWP": 0.5207999999999999,
      "GWP": 0.6,
      "OGWP": 0.5227
    },
    {
      "Rank": 5,
      "Player": "Selfeisek",
      "Points": 12,
      "Wins": 0,
      "Losses": 0,
      "Draws": 0,
      "OMWP": 0.5832999999999999,
      "GWP": 1,
      "OGWP": 0.5167
    },
    {
      "Rank": 4,
      "Player": "Malvescastro",
      "Points": 9,
      "Wins": 0,
      "Losses": 0,
      "Draws": 0,
      "OMWP": 0.5832999999999999,
      "GWP": 0.44439999999999996,
      "OGWP": 0.5649000000000001
    },
    {
      "Rank": 3,
      "Player": "e0068",
      "Points": 12,
      "Wins": 0,
      "Losses": 0,
      "Draws": 0,
      "OMWP": 0.5832999999999999,
      "GWP": 0.6667000000000001,
      "OGWP": 0.5747
    },
    {
      "Rank": 2,
      "Player": "DarkBone",
      "Points": 15,
      "Wins": 0,
      "Losses": 0,
      "Draws": 0,
      "OMWP": 0.6457999999999999,
      "GWP": 0.6667000000000001,
      "OGWP": 0.6
    },
    {
      "Rank": 1,
      "Player": "duke12",
      "Points": 18,
      "Wins": 0,
      "Losses": 0,
      "Draws": 0,
      "OMWP": 0.44439999999999996,
      "GWP": 0.7143,
      "OGWP": 0.433
    }
  ]
}