{
  "Tournament": {
    "Id": 12802767,
    "Date": "2025-07-09T22:00:00",
    "Name": "Duel Commander Trial 16",
    "Uri": null,
    "JsonFile": null,
    "ForceRedownload": false
  },
  "Decks": null,
  "Rounds": [
    {
      "RoundName": "Round 1",
      "Matches": [
        {
          "Player1": "sebastianpozzo",
          "Player2": "Gatsukawa",
          "Result": "0-2-0"
        },
        {
          "Player1": "Dhedjeshdi",
          "Player2": "DuduDeNunu",
          "Result": "0-2-0"
        },
        {
          "Player1": "msskinbolic",
          "Player2": "Selfeisek",
          "Result": "0-2-0"
        },
        {
          "Player1": "Jose Guillermo",
          "Player2": "cool95",
          "Result": "2-0-0"
        },
        {
          "Player1": "ZacharyHaleComstock",
          "Player2": "Beicodegeia",
          "Result": "0-2-0"
        },
        {
          "Player1": "marcofabrizi",
          "Player2": "glyra",
          "Result": "2-0-0"
        },
        {
          "Player1": "albertoSD",
          "Player2": "Koszul",
          "Result": "2-0-0"
        },
        {
          "Player1": "boytriton",
          "Player2": "DarkBone",
          "Result": "0-2-0"
        },
        {
          "Player1": "deleon91",
          "Player2": "Marmotte_Lambda",
          "Result": "2-0-0"
        }
      ]
    },
    {
      "RoundName": "Round 2",
      "Matches": [
        {
          "Player1": "glyra",
          "Player2": "Marmotte_Lambda",
          "Result": "0-2-0"
        },
        {
          "Player1": "albertoSD",
          "Player2": "MikeMarmitas",
          "Result": "2-0-0"
        },
        {
          "Player1": "Jose Guillermo",
          "Player2": "Beicodegeia",
          "Result": "0-2-0"
        },
        {
          "Player1": "marcofabrizi",
          "Player2": "Selfeisek",
          "Result": "2-0-0"
        },
        {
          "Player1": "ZacharyHaleComstock",
          "Player2": "Dhedjeshdi",
          "Result": "2-0-0"
        },
        {
          "Player1": "sebastianpozzo",
          "Player2": "Koszul",
          "Result": "0-0-0"
        },
        {
          "Player1": "DarkBone",
          "Player2": "DuduDeNunu",
          "Result": "0-2-0"
        },
        {
          "Player1": "deleon91",
          "Player2": "Gatsukawa",
          "Result": "2-0-0"
        },
        {
          "Player1": "msskinbolic",
          "Player2": "cool95",
          "Result": "0-2-0"
        }
      ]
    },
    {
      "RoundName": "Round 3",
      "Matches": [
        {
          "Player1": "Selfeisek",
          "Player2": "boytriton",
          "Result": "2-0-0"
        },
        {
          "Player1": "marcofabrizi",
          "Player2": "Beicodegeia",
          "Result": "0-2-0"
        },
        {
          "Player1": "ZacharyHaleComstock",
          "Player2": "cool95",
          "Result": "0-2-0"
        },
        {
          "Player1": "sebastianpozzo",
          "Player2": "DarkBone",
          "Result": "2-0-0"
        },
        {
          "Player1": "Gatsukawa",
          "Player2": "MikeMarmitas",
          "Result": "2-0-0"
        },
        {
          "Player1": "deleon91",
          "Player2": "DuduDeNunu",
          "Result": "2-0-0"
        },
        {
          "Player1": "Jose Guillermo",
          "Player2": "albertoSD",
          "Result": "0-0-0"
        },
        {
          "Player1": "msskinbolic",
          "Player2": "Marmotte_Lambda",
          "Result": "2-0-0"
        }
      ]
    },
    {
      "RoundName": "Round 4",
      "Matches": [
        {
          "Player1": "sebastianpozzo",
          "Player2": "DuduDeNunu",
          "Result": "2-0-0"
        },
        {
          "Player1": "msskinbolic",
          "Player2": "ZacharyHaleComstock",
          "Result": "2-0-0"
        },
        {
          "Player1": "DarkBone",
          "Player2": "MikeMarmitas",
          "Result": "2-0-0"
        },
        {
          "Player1": "albertoSD",
          "Player2": "Gatsukawa",
          "Result": "0-2-0"
        },
        {
          "Player1": "Jose Guillermo",
          "Player2": "Marmotte_Lambda",
          "Result": "0-2-0"
        },
        {
          "Player1": "cool95",
          "Player2": "Selfeisek",
          "Result": "0-2-0"
        },
        {
          "Player1": "Beicodegeia",
          "Player2": "deleon91",
          "Result": "0-2-0"
        },
        {
          "Player1": "glyra",
          "Player2": "boytriton",
          "Result": "2-0-0"
        }
      ]
    },
    {
      "RoundName": "Round 5",
      "Matches": [
        {
          "Player1": "albertoSD",
          "Player2": "cool95",
          "Result": "0-2-0"
        },
        {
          "Player1": "Jose Guillermo",
          "Player2": "glyra",
          "Result": "2-0-0"
        },
        {
          "Player1": "Selfeisek",
          "Player2": "deleon91",
          "Result": "0-2-0"
        },
        {
          "Player1": "boytriton",
          "Player2": "MikeMarmitas",
          "Result": "0-2-0"
        },
        {
          "Player1": "msskinbolic",
          "Player2": "DarkBone",
          "Result": "2-0-0"
        },
        {
          "Player1": "sebastianpozzo",
          "Player2": "Beicodegeia",
          "Result": "0-2-0"
        },
        {
          "Player1": "Gatsukawa",
          "Player2": "Marmotte_Lambda",
          "Result": "2-0-0"
        }
      ]
    },
    {
      "RoundName": "Round 6",
      "Matches": [
        {
          "Player1": "Gatsukawa",
          "Player2": "DuduDeNunu",
          "Result": "2-0-0"
        },
        {
          "Player1": "sebastianpozzo",
          "Player2": "Selfeisek",
          "Result": "2-0-0"
        },
        {
          "Player1": "cool95",
          "Player2": "deleon91",
          "Result": "0-2-0"
        },
        {
          "Player1": "Jose Guillermo",
          "Player2": "Beicodegeia",
          "Result": "0-2-0"
        }
      ]
    },
    {
      "RoundName": "Round 7",
      "Matches": [
        {
          "Player1": "sebastianpozzo",
          "Player2": "deleon91",
          "Result": "2-0-0"
        },
        {
          "Player1": "Beicodegeia",
          "Player2": "Gatsukawa",
          "Result": "2-0-0"
        }
      ]
    },
    {
      "RoundName": "Round 8",
      "Matches": [
        {
          "Player1": "sebastianpozzo",
          "Player2": "Beicodegeia",
          "Result": "2-0-0"
        }
      ]
    }
  ],
  "Standings": [
    {
      "Rank": 19,
      "Player": "Dhedjeshdi",
      "Points": 0,
      "Wins": 0,
      "Losses": 0,
      "Draws": 0,
      "OMWP": 0.4667,
      "GWP": 0.3333,
      "OGWP": 0.39390000000000003
    },
    {
      "Rank": 18,
      "Player": "Koszul",
      "Points": 0,
      "Wins": 0,
      "Losses": 0,
      "Draws": 0,
      "OMWP": 0.5,
      "GWP": 0.3333,
      "OGWP": 0.5
    },
    {
      "Rank": 17,
      "Player": "boytriton",
      "Points": 3,
      "Wins": 0,
      "Losses": 0,
      "Draws": 0,
      "OMWP": 0.45,
      "GWP": 0.2727,
      "OGWP": 0.47159999999999996
    },
    {
      "Rank": 16,
      "Player": "ZacharyHaleComstock",
      "Points": 3,
      "Wins": 0,
      "Losses": 0,
      "Draws": 0,
      "OMWP": 0.5832999999999999,
      "GWP": 0.3,
      "OGWP": 0.5341
    },
    {
      "Rank": 15,
      "Player": "MikeMarmitas",
      "Points": 6,
      "Wins": 0,
      "Losses": 0,
      "Draws": 0,
      "OMWP": 0.4833,
      "GWP": 0.4,
      "OGWP": 0.483
    },
    {
      "Rank": 14,
      "Player": "glyra",
      "Points": 6,
      "Wins": 0,
      "Losses": 0,
      "Draws": 0,
      "OMWP": 0.5,
      "GWP": 0.4167,
      "OGWP": 0.44549999999999995
    },
    {
      "Rank": 13,
      "Player": "DarkBone",
      "Points": 6,
      "Wins": 0,
      "Losses": 0,
      "Draws": 0,
      "OMWP": 0.5067,
      "GWP": 0.4545,
      "OGWP": 0.4815
    },
    {
      "Rank": 12,
      "Player": "albertoSD",
      "Points": 6,
      "Wins": 0,
      "Losses": 0,
      "Draws": 0,
      "OMWP": 0.5467,
      "GWP": 0.4167,
      "OGWP": 0.5152
    },
    {
      "Rank": 11,
      "Player": "marcofabrizi",
      "Points": 6,
      "Wins": 0,
      "Losses": 0,
      "Draws": 0,
      "OMWP": 0.6,
      "GWP": 0.5,
      "OGWP": 0.5661999999999999
    },
    {
      "Rank": 10,
      "Player": "Marmotte_Lambda",
      "Points": 6,
      "Wins": 0,
      "Losses": 0,
      "Draws": 0,
      "OMWP": 0.68,
      "GWP": 0.3333,
      "OGWP": 0.6609999999999999
    },
    {
      "Rank": 9,
      "Player": "msskinbolic",
      "Points": 9,
      "Wins": 0,
      "Losses": 0,
      "Draws": 0,
      "OMWP": 0.4667,
      "GWP": 0.6364,
      "OGWP": 0.4473
    },
    {
      "Rank": 8,
      "Player": "cool95",
      "Points": 9,
      "Wins": 0,
      "Losses": 0,
      "Draws": 0,
      "OMWP": 0.5067,
      "GWP": 0.5,
      "OGWP": 0.5234000000000001
    },
    {
      "Rank": 7,
      "Player": "Jose Guillermo",
      "Points": 9,
      "Wins": 0,
      "Losses": 0,
      "Draws": 0,
      "OMWP": 0.52,
      "GWP": 0.6154,
      "OGWP": 0.4667
    },
    {
      "Rank": 6,
      "Player": "DuduDeNunu",
      "Points": 9,
      "Wins": 0,
      "Losses": 0,
      "Draws": 0,
      "OMWP": 0.5832999999999999,
      "GWP": 0.4545,
      "OGWP": 0.5700999999999999
    },
    {
      "Rank": 5,
      "Player": "Selfeisek",
      "Points": 9,
      "Wins": 0,
      "Losses": 0,
      "Draws": 0,
      "OMWP": 0.64,
      "GWP": 0.6154,
      "OGWP": 0.5758
    },
    {
      "Rank": 4,
      "Player": "Gatsukawa",
      "Points": 15,
      "Wins": 0,
      "Losses": 0,
      "Draws": 0,
      "OMWP": 0.56,
      "GWP": 0.7273000000000001,
      "OGWP": 0.5285
    },
    {
      "Rank": 3,
      "Player": "deleon91",
      "Points": 18,
      "Wins": 0,
      "Losses": 0,
      "Draws": 0,
      "OMWP": 0.64,
      "GWP": 0.9091,
      "OGWP": 0.5594
    },
    {
      "Rank": 2,
      "Player": "Beicodegeia",
      "Points": 18,
      "Wins": 0,
      "Losses": 0,
      "Draws": 0,
      "OMWP": 0.64,
      "GWP": 0.6667000000000001,
      "OGWP": 0.5947
    },
    {
      "Rank": 1,
      "Player": "sebastianpozzo",
      "Points": 18,
      "Wins": 0,
      "Losses": 0,
      "Draws": 0,
      "OMWP": 0.5867,
      "GWP": 0.5832999999999999,
      "OGWP": 0.5273
    }
  ]
}