{
  "Tournament": {
    "Id": 12801707,
    "Date": "2025-07-09T15:00:00",
    "Name": "Duel Commander Trial 16",
    "Uri": null,
    "JsonFile": null,
    "ForceRedownload": false
  },
  "Decks": null,
  "Rounds": [
    {
      "RoundName": "Round 1",
      "Matches": [
        {
          "Player1": "Selfeisek",
          "Player2": "Marmotte_Lambda",
          "Result": "0-2-0"
        },
        {
          "Player1": "Beicodegeia",
          "Player2": "mei0024",
          "Result": "2-0-0"
        },
        {
          "Player1": "sebastianpozzo",
          "Player2": "Koszul",
          "Result": "0-0-0"
        },
        {
          "Player1": "Jose Guillermo",
          "Player2": "Garganelli",
          "Result": "0-2-0"
        },
        {
          "Player1": "_TOP_G",
          "Player2": "CrashX",
          "Result": "2-0-0"
        },
        {
          "Player1": "medvedev",
          "Player2": "Olivetti",
          "Result": "0-2-0"
        },
        {
          "Player1": "xfile",
          "Player2": "Ivan_Draw_Go",
          "Result": "0-2-0"
        },
        {
          "Player1": "ZacharyHaleComstock",
          "Player2": "Tsubasa_Cat",
          "Result": "2-0-0"
        },
        {
          "Player1": "Darkiundsa",
          "Player2": "takeInitiative",
          "Result": "0-2-0"
        },
        {
          "Player1": "Dreddybajs",
          "Player2": "papaRMSKY",
          "Result": "0-2-0"
        },
        {
          "Player1": "msskinbolic",
          "Player2": "albertoSD",
          "Result": "0-2-0"
        }
      ]
    },
    {
      "RoundName": "Round 2",
      "Matches": [
        {
          "Player1": "msskinbolic",
          "Player2": "xfile",
          "Result": "0-2-0"
        },
        {
          "Player1": "Dreddybajs",
          "Player2": "Selfeisek",
          "Result": "2-0-0"
        },
        {
          "Player1": "Ivan_Draw_Go",
          "Player2": "_TOP_G",
          "Result": "0-2-0"
        },
        {
          "Player1": "Olivetti",
          "Player2": "ZacharyHaleComstock",
          "Result": "2-0-0"
        },
        {
          "Player1": "albertoSD",
          "Player2": "takeInitiative",
          "Result": "0-2-0"
        },
        {
          "Player1": "mei0024",
          "Player2": "CrashX",
          "Result": "2-0-0"
        },
        {
          "Player1": "Koszul",
          "Player2": "Garganelli",
          "Result": "2-0-0"
        },
        {
          "Player1": "Jose Guillermo",
          "Player2": "medvedev",
          "Result": "2-0-0"
        },
        {
          "Player1": "Marmotte_Lambda",
          "Player2": "papaRMSKY",
          "Result": "2-0-0"
        },
        {
          "Player1": "Darkiundsa",
          "Player2": "Tsubasa_Cat",
          "Result": "0-2-0"
        },
        {
          "Player1": "sebastianpozzo",
          "Player2": "Beicodegeia",
          "Result": "2-0-0"
        }
      ]
    },
    {
      "RoundName": "Round 3",
      "Matches": [
        {
          "Player1": "sebastianpozzo",
          "Player2": "Tsubasa_Cat",
          "Result": "2-0-0"
        },
        {
          "Player1": "ZacharyHaleComstock",
          "Player2": "mei0024",
          "Result": "2-0-0"
        },
        {
          "Player1": "Jose Guillermo",
          "Player2": "Selfeisek",
          "Result": "2-0-0"
        },
        {
          "Player1": "msskinbolic",
          "Player2": "Darkiundsa",
          "Result": "2-0-0"
        },
        {
          "Player1": "Koszul",
          "Player2": "papaRMSKY",
          "Result": "0-2-0"
        },
        {
          "Player1": "medvedev",
          "Player2": "CrashX",
          "Result": "0-2-0"
        },
        {
          "Player1": "Dreddybajs",
          "Player2": "Ivan_Draw_Go",
          "Result": "0-2-0"
        },
        {
          "Player1": "Beicodegeia",
          "Player2": "Garganelli",
          "Result": "2-0-0"
        },
        {
          "Player1": "Olivetti",
          "Player2": "Marmotte_Lambda",
          "Result": "0-2-0"
        },
        {
          "Player1": "albertoSD",
          "Player2": "xfile",
          "Result": "2-0-0"
        },
        {
          "Player1": "_TOP_G",
          "Player2": "takeInitiative",
          "Result": "0-2-0"
        }
      ]
    },
    {
      "RoundName": "Round 4",
      "Matches": [
        {
          "Player1": "albertoSD",
          "Player2": "_TOP_G",
          "Result": "0-2-0"
        },
        {
          "Player1": "ZacharyHaleComstock",
          "Player2": "Beicodegeia",
          "Result": "0-2-0"
        },
        {
          "Player1": "Olivetti",
          "Player2": "takeInitiative",
          "Result": "2-0-0"
        },
        {
          "Player1": "Dreddybajs",
          "Player2": "Koszul",
          "Result": "0-2-0"
        },
        {
          "Player1": "Ivan_Draw_Go",
          "Player2": "papaRMSKY",
          "Result": "2-0-0"
        },
        {
          "Player1": "sebastianpozzo",
          "Player2": "Marmotte_Lambda",
          "Result": "0-2-0"
        },
        {
          "Player1": "Selfeisek",
          "Player2": "Tsubasa_Cat",
          "Result": "0-2-0"
        },
        {
          "Player1": "mei0024",
          "Player2": "xfile",
          "Result": "2-0-0"
        },
        {
          "Player1": "Jose Guillermo",
          "Player2": "msskinbolic",
          "Result": "0-2-0"
        },
        {
          "Player1": "Garganelli",
          "Player2": "CrashX",
          "Result": "0-2-0"
        }
      ]
    },
    {
      "RoundName": "Round 5",
      "Matches": [
        {
          "Player1": "sebastianpozzo",
          "Player2": "_TOP_G",
          "Result": "2-0-0"
        },
        {
          "Player1": "mei0024",
          "Player2": "Koszul",
          "Result": "0-2-0"
        },
        {
          "Player1": "msskinbolic",
          "Player2": "Tsubasa_Cat",
          "Result": "2-0-0"
        },
        {
          "Player1": "Beicodegeia",
          "Player2": "takeInitiative",
          "Result": "2-0-0"
        },
        {
          "Player1": "albertoSD",
          "Player2": "ZacharyHaleComstock",
          "Result": "2-0-0"
        },
        {
          "Player1": "Olivetti",
          "Player2": "papaRMSKY",
          "Result": "0-2-0"
        },
        {
          "Player1": "Marmotte_Lambda",
          "Player2": "Ivan_Draw_Go",
          "Result": "0-2-0"
        },
        {
          "Player1": "xfile",
          "Player2": "Garganelli",
          "Result": "0-2-0"
        },
        {
          "Player1": "Jose Guillermo",
          "Player2": "CrashX",
          "Result": "2-0-0"
        }
      ]
    },
    {
      "RoundName": "Round 6",
      "Matches": [
        {
          "Player1": "Beicodegeia",
          "Player2": "_TOP_G",
          "Result": "0-2-0"
        },
        {
          "Player1": "Marmotte_Lambda",
          "Player2": "takeInitiative",
          "Result": "0-2-0"
        },
        {
          "Player1": "Ivan_Draw_Go",
          "Player2": "papaRMSKY",
          "Result": "0-2-0"
        },
        {
          "Player1": "sebastianpozzo",
          "Player2": "Olivetti",
          "Result": "2-0-0"
        }
      ]
    },
    {
      "RoundName": "Round 7",
      "Matches": [
        {
          "Player1": "sebastianpozzo",
          "Player2": "_TOP_G",
          "Result": "0-2-0"
        },
        {
          "Player1": "takeInitiative",
          "Player2": "papaRMSKY",
          "Result": "0-0-0"
        }
      ]
    },
    {
      "RoundName": "Round 8",
      "Matches": [
        {
          "Player1": "_TOP_G",
          "Player2": "papaRMSKY",
          "Result": "0-2-0"
        }
      ]
    }
  ],
  "Standings": [
    {
      "Rank": 22,
      "Player": "Darkiundsa",
      "Points": 0,
      "Wins": 0,
      "Losses": 0,
      "Draws": 0,
      "OMWP": 0.5333,
      "GWP": 0.25,
      "OGWP": 0.5238
    },
    {
      "Rank": 21,
      "Player": "medvedev",
      "Points": 0,
      "Wins": 0,
      "Losses": 0,
      "Draws": 0,
      "OMWP": 0.5333,
      "GWP": 0.25,
      "OGWP": 0.5256000000000001
    },
    {
      "Rank": 20,
      "Player": "Selfeisek",
      "Points": 3,
      "Wins": 0,
      "Losses": 0,
      "Draws": 0,
      "OMWP": 0.5333,
      "GWP": 0.2,
      "OGWP": 0.5428999999999999
    },
    {
      "Rank": 19,
      "Player": "xfile",
      "Points": 3,
      "Wins": 0,
      "Losses": 0,
      "Draws": 0,
      "OMWP": 0.56,
      "GWP": 0.25,
      "OGWP": 0.5729
    },
    {
      "Rank": 18,
      "Player": "Dreddybajs",
      "Points": 3,
      "Wins": 0,
      "Losses": 0,
      "Draws": 0,
      "OMWP": 0.5832999999999999,
      "GWP": 0.3,
      "OGWP": 0.5543
    },
    {
      "Rank": 17,
      "Player": "CrashX",
      "Points": 6,
      "Wins": 0,
      "Losses": 0,
      "Draws": 0,
      "OMWP": 0.4667,
      "GWP": 0.5,
      "OGWP": 0.4796
    },
    {
      "Rank": 16,
      "Player": "Tsubasa_Cat",
      "Points": 6,
      "Wins": 0,
      "Losses": 0,
      "Draws": 0,
      "OMWP": 0.49329999999999996,
      "GWP": 0.5,
      "OGWP": 0.4388
    },
    {
      "Rank": 15,
      "Player": "mei0024",
      "Points": 6,
      "Wins": 0,
      "Losses": 0,
      "Draws": 0,
      "OMWP": 0.5067,
      "GWP": 0.4545,
      "OGWP": 0.5013000000000001
    },
    {
      "Rank": 14,
      "Player": "Garganelli",
      "Points": 6,
      "Wins": 0,
      "Losses": 0,
      "Draws": 0,
      "OMWP": 0.5467,
      "GWP": 0.5,
      "OGWP": 0.5321
    },
    {
      "Rank": 13,
      "Player": "ZacharyHaleComstock",
      "Points": 6,
      "Wins": 0,
      "Losses": 0,
      "Draws": 0,
      "OMWP": 0.56,
      "GWP": 0.3846,
      "OGWP": 0.5563
    },
    {
      "Rank": 12,
      "Player": "Jose Guillermo",
      "Points": 9,
      "Wins": 0,
      "Losses": 0,
      "Draws": 0,
      "OMWP": 0.4133,
      "GWP": 0.5385,
      "OGWP": 0.4476
    },
    {
      "Rank": 11,
      "Player": "msskinbolic",
      "Points": 9,
      "Wins": 0,
      "Losses": 0,
      "Draws": 0,
      "OMWP": 0.4533,
      "GWP": 0.5714,
      "OGWP": 0.4487
    },
    {
      "Rank": 10,
      "Player": "albertoSD",
      "Points": 9,
      "Wins": 0,
      "Losses": 0,
      "Draws": 0,
      "OMWP": 0.5067,
      "GWP": 0.5385,
      "OGWP": 0.4722
    },
    {
      "Rank": 9,
      "Player": "Koszul",
      "Points": 9,
      "Wins": 0,
      "Losses": 0,
      "Draws": 0,
      "OMWP": 0.5067,
      "GWP": 0.5385,
      "OGWP": 0.48100000000000004
    },
    {
      "Rank": 8,
      "Player": "Olivetti",
      "Points": 9,
      "Wins": 0,
      "Losses": 0,
      "Draws": 0,
      "OMWP": 0.5467,
      "GWP": 0.5385,
      "OGWP": 0.5127
    },
    {
      "Rank": 7,
      "Player": "Beicodegeia",
      "Points": 12,
      "Wins": 0,
      "Losses": 0,
      "Draws": 0,
      "OMWP": 0.52,
      "GWP": 0.75,
      "OGWP": 0.48210000000000003
    },
    {
      "Rank": 6,
      "Player": "Ivan_Draw_Go",
      "Points": 12,
      "Wins": 0,
      "Losses": 0,
      "Draws": 0,
      "OMWP": 0.5333,
      "GWP": 0.8,
      "OGWP": 0.5167
    },
    {
      "Rank": 5,
      "Player": "Marmotte_Lambda",
      "Points": 12,
      "Wins": 0,
      "Losses": 0,
      "Draws": 0,
      "OMWP": 0.6267,
      "GWP": 0.8,
      "OGWP": 0.5577000000000001
    },
    {
      "Rank": 4,
      "Player": "takeInitiative",
      "Points": 12,
      "Wins": 0,
      "Losses": 0,
      "Draws": 0,
      "OMWP": 0.5867,
      "GWP": 0.5,
      "OGWP": 0.5463
    },
    {
      "Rank": 3,
      "Player": "sebastianpozzo",
      "Points": 15,
      "Wins": 0,
      "Losses": 0,
      "Draws": 0,
      "OMWP": 0.64,
      "GWP": 0.5714,
      "OGWP": 0.632
    },
    {
      "Rank": 2,
      "Player": "_TOP_G",
      "Points": 15,
      "Wins": 0,
      "Losses": 0,
      "Draws": 0,
      "OMWP": 0.64,
      "GWP": 0.5714,
      "OGWP": 0.5820000000000001
    },
    {
      "Rank": 1,
      "Player": "papaRMSKY",
      "Points": 18,
      "Wins": 0,
      "Losses": 0,
      "Draws": 0,
      "OMWP": 0.6267,
      "GWP": 0.5455,
      "OGWP": 0.6021
    }
  ]
}