{
  "Tournament": {
    "Id": 12802768,
    "Date": "2025-07-09T23:00:00",
    "Name": "Legacy Challenge 32",
    "Uri": null,
    "JsonFile": null,
    "ForceRedownload": false
  },
  "Decks": null,
  "Rounds": [
    {
      "RoundName": "Round 1",
      "Matches": [
        {
          "Player1": "WadeB",
          "Player2": "-CAPS-",
          "Result": "2-0-0"
        },
        {
          "Player1": "ConnorM426",
          "Player2": "KadettiKersantti",
          "Result": "0-2-0"
        },
        {
          "Player1": "TonyScapone",
          "Player2": "Shadowz2005",
          "Result": "2-0-0"
        },
        {
          "Player1": "karatedom",
          "Player2": "lia2022",
          "Result": "2-0-0"
        },
        {
          "Player1": "HJ_Kaiser",
          "Player2": "Capitano_CL",
          "Result": "2-0-0"
        },
        {
          "Player1": "Skpchino",
          "Player2": "Unagi79",
          "Result": "0-0-0"
        },
        {
          "Player1": "blademagician",
          "Player2": "achillies27",
          "Result": "0-2-0"
        },
        {
          "Player1": "FynnOfBlood",
          "Player2": "y2fae",
          "Result": "2-0-0"
        },
        {
          "Player1": "Tunaktunak",
          "Player2": "harmonywoods",
          "Result": "2-0-0"
        },
        {
          "Player1": "Add1ct3d",
          "Player2": "Scooby_Snacks",
          "Result": "2-0-0"
        },
        {
          "Player1": "i_b_TRUE",
          "Player2": "molimomaro",
          "Result": "2-0-0"
        },
        {
          "Player1": "xDingusKhan",
          "Player2": "xRagedFurballx",
          "Result": "0-0-0"
        },
        {
          "Player1": "416FrowningTable",
          "Player2": "chanel-santini",
          "Result": "0-2-0"
        },
        {
          "Player1": "Univerce",
          "Player2": "choutin",
          "Result": "0-2-0"
        },
        {
          "Player1": "chouqin",
          "Player2": "Gogo1984",
          "Result": "2-0-0"
        },
        {
          "Player1": "silviawataru",
          "Player2": "_Chamytinho_",
          "Result": "0-2-0"
        },
        {
          "Player1": "minyafriend",
          "Player2": "WavyGreens",
          "Result": "2-0-0"
        },
        {
          "Player1": "O_danielakos",
          "Player2": "ResponsiblyStupid",
          "Result": "2-0-0"
        },
        {
          "Player1": "RPSbonjwa",
          "Player2": "CrazyMorango",
          "Result": "2-0-0"
        },
        {
          "Player1": "Roodslay",
          "Player2": "Bartowski",
          "Result": "0-2-0"
        },
        {
          "Player1": "xfile",
          "Player2": "LasVegasChaos",
          "Result": "0-2-0"
        },
        {
          "Player1": "makusong24",
          "Player2": "Srogers90",
          "Result": "2-0-0"
        },
        {
          "Player1": "DethFrmAbove",
          "Player2": "Bawer",
          "Result": "0-2-0"
        },
        {
          "Player1": "ChironTheMage",
          "Player2": "Cachorrowo",
          "Result": "0-2-0"
        },
        {
          "Player1": "Lord_Beerus",
          "Player2": "mrtoolshed",
          "Result": "2-0-0"
        },
        {
          "Player1": "death_grips",
          "Player2": "Munchlax446",
          "Result": "0-0-0"
        },
        {
          "Player1": "2plus2isfive",
          "Player2": "Magic_Dads71522",
          "Result": "0-2-0"
        },
        {
          "Player1": "Phellipe",
          "Player2": "faultedform",
          "Result": "0-2-0"
        }
      ]
    },
    {
      "RoundName": "Round 2",
      "Matches": [
        {
          "Player1": "xRagedFurballx",
          "Player2": "CrazyMorango",
          "Result": "0-2-0"
        },
        {
          "Player1": "chouqin",
          "Player2": "choutin",
          "Result": "2-0-0"
        },
        {
          "Player1": "achillies27",
          "Player2": "RPSbonjwa",
          "Result": "0-2-0"
        },
        {
          "Player1": "i_b_TRUE",
          "Player2": "Magic_Dads71522",
          "Result": "0-2-0"
        },
        {
          "Player1": "ConnorM426",
          "Player2": "Unagi79",
          "Result": "2-0-0"
        },
        {
          "Player1": "Cachorrowo",
          "Player2": "Add1ct3d",
          "Result": "0-2-0"
        },
        {
          "Player1": "blademagician",
          "Player2": "Roodslay",
          "Result": "2-0-0"
        },
        {
          "Player1": "Univerce",
          "Player2": "y2fae",
          "Result": "0-2-0"
        },
        {
          "Player1": "O_danielakos",
          "Player2": "WadeB",
          "Result": "2-0-0"
        },
        {
          "Player1": "silviawataru",
          "Player2": "416FrowningTable",
          "Result": "2-0-0"
        },
        {
          "Player1": "Phellipe",
          "Player2": "DethFrmAbove",
          "Result": "2-1-0"
        },
        {
          "Player1": "TonyScapone",
          "Player2": "Bartowski",
          "Result": "2-0-0"
        },
        {
          "Player1": "ResponsiblyStupid",
          "Player2": "harmonywoods",
          "Result": "0-2-0"
        },
        {
          "Player1": "HJ_Kaiser",
          "Player2": "makusong24",
          "Result": "2-0-0"
        },
        {
          "Player1": "mrtoolshed",
          "Player2": "-CAPS-",
          "Result": "2-0-0"
        },
        {
          "Player1": "Tunaktunak",
          "Player2": "karatedom",
          "Result": "0-2-0"
        },
        {
          "Player1": "minyafriend",
          "Player2": "death_grips",
          "Result": "2-0-0"
        },
        {
          "Player1": "molimomaro",
          "Player2": "WavyGreens",
          "Result": "0-2-0"
        },
        {
          "Player1": "xDingusKhan",
          "Player2": "KadettiKersantti",
          "Result": "2-0-0"
        },
        {
          "Player1": "Skpchino",
          "Player2": "_Chamytinho_",
          "Result": "0-2-0"
        },
        {
          "Player1": "FynnOfBlood",
          "Player2": "LasVegasChaos",
          "Result": "0-2-0"
        },
        {
          "Player1": "ChironTheMage",
          "Player2": "Scooby_Snacks",
          "Result": "2-0-0"
        },
        {
          "Player1": "Lord_Beerus",
          "Player2": "faultedform",
          "Result": "0-2-0"
        },
        {
          "Player1": "chanel-santini",
          "Player2": "Bawer",
          "Result": "2-0-0"
        },
        {
          "Player1": "2plus2isfive",
          "Player2": "lia2022",
          "Result": "2-0-0"
        },
        {
          "Player1": "Capitano_CL",
          "Player2": "Munchlax446",
          "Result": "0-2-0"
        },
        {
          "Player1": "Srogers90",
          "Player2": "Shadowz2005",
          "Result": "0-0-0"
        },
        {
          "Player1": "xfile",
          "Player2": "Gogo1984",
          "Result": "2-0-0"
        }
      ]
    },
    {
      "RoundName": "Round 3",
      "Matches": [
        {
          "Player1": "xfile",
          "Player2": "Bawer",
          "Result": "2-0-0"
        },
        {
          "Player1": "ConnorM426",
          "Player2": "harmonywoods",
          "Result": "0-2-0"
        },
        {
          "Player1": "minyafriend",
          "Player2": "_Chamytinho_",
          "Result": "0-2-0"
        },
        {
          "Player1": "Add1ct3d",
          "Player2": "RPSbonjwa",
          "Result": "2-0-0"
        },
        {
          "Player1": "achillies27",
          "Player2": "CrazyMorango",
          "Result": "2-0-0"
        },
        {
          "Player1": "Cachorrowo",
          "Player2": "KadettiKersantti",
          "Result": "0-2-0"
        },
        {
          "Player1": "ChironTheMage",
          "Player2": "Munchlax446",
          "Result": "2-0-0"
        },
        {
          "Player1": "Capitano_CL",
          "Player2": "Scooby_Snacks",
          "Result": "0-2-0"
        },
        {
          "Player1": "xRagedFurballx",
          "Player2": "Unagi79",
          "Result": "2-0-0"
        },
        {
          "Player1": "blademagician",
          "Player2": "Tunaktunak",
          "Result": "0-2-0"
        },
        {
          "Player1": "Lord_Beerus",
          "Player2": "2plus2isfive",
          "Result": "2-0-0"
        },
        {
          "Player1": "Skpchino",
          "Player2": "death_grips",
          "Result": "0-2-0"
        },
        {
          "Player1": "chouqin",
          "Player2": "LasVegasChaos",
          "Result": "2-0-0"
        },
        {
          "Player1": "Shadowz2005",
          "Player2": "Gogo1984",
          "Result": "2-0-0"
        },
        {
          "Player1": "xDingusKhan",
          "Player2": "faultedform",
          "Result": "2-0-0"
        },
        {
          "Player1": "FynnOfBlood",
          "Player2": "choutin",
          "Result": "2-0-0"
        },
        {
          "Player1": "makusong24",
          "Player2": "y2fae",
          "Result": "2-0-0"
        },
        {
          "Player1": "i_b_TRUE",
          "Player2": "WadeB",
          "Result": "0-2-0"
        },
        {
          "Player1": "Phellipe",
          "Player2": "Bartowski",
          "Result": "2-0-0"
        },
        {
          "Player1": "karatedom",
          "Player2": "Magic_Dads71522",
          "Result": "2-0-0"
        },
        {
          "Player1": "silviawataru",
          "Player2": "WavyGreens",
          "Result": "2-0-0"
        },
        {
          "Player1": "Srogers90",
          "Player2": "mrtoolshed",
          "Result": "0-0-0"
        },
        {
          "Player1": "TonyScapone",
          "Player2": "chanel-santini",
          "Result": "0-2-0"
        },
        {
          "Player1": "HJ_Kaiser",
          "Player2": "O_danielakos",
          "Result": "2-0-0"
        }
      ]
    },
    {
      "RoundName": "Round 4",
      "Matches": [
        {
          "Player1": "HJ_Kaiser",
          "Player2": "_Chamytinho_",
          "Result": "0-0-0"
        },
        {
          "Player1": "faultedform",
          "Player2": "KadettiKersantti",
          "Result": "0-2-0"
        },
        {
          "Player1": "achillies27",
          "Player2": "Magic_Dads71522",
          "Result": "2-0-0"
        },
        {
          "Player1": "WadeB",
          "Player2": "chouqin",
          "Result": "2-0-0"
        },
        {
          "Player1": "LasVegasChaos",
          "Player2": "harmonywoods",
          "Result": "0-0-0"
        },
        {
          "Player1": "ConnorM426",
          "Player2": "CrazyMorango",
          "Result": "0-2-0"
        },
        {
          "Player1": "Add1ct3d",
          "Player2": "chanel-santini",
          "Result": "0-2-0"
        },
        {
          "Player1": "Bartowski",
          "Player2": "lia2022",
          "Result": "0-0-0"
        },
        {
          "Player1": "2plus2isfive",
          "Player2": "Cachorrowo",
          "Result": "0-2-0"
        },
        {
          "Player1": "choutin",
          "Player2": "Bawer",
          "Result": "2-0-0"
        },
        {
          "Player1": "Munchlax446",
          "Player2": "WavyGreens",
          "Result": "2-0-0"
        },
        {
          "Player1": "Srogers90",
          "Player2": "RPSbonjwa",
          "Result": "2-0-0"
        },
        {
          "Player1": "Lord_Beerus",
          "Player2": "FynnOfBlood",
          "Result": "0-2-0"
        },
        {
          "Player1": "karatedom",
          "Player2": "xDingusKhan",
          "Result": "0-2-0"
        },
        {
          "Player1": "Shadowz2005",
          "Player2": "xRagedFurballx",
          "Result": "0-0-0"
        },
        {
          "Player1": "silviawataru",
          "Player2": "makusong24",
          "Result": "2-0-0"
        },
        {
          "Player1": "O_danielakos",
          "Player2": "xfile",
          "Result": "2-0-0"
        },
        {
          "Player1": "ChironTheMage",
          "Player2": "TonyScapone",
          "Result": "2-0-0"
        },
        {
          "Player1": "minyafriend",
          "Player2": "Tunaktunak",
          "Result": "2-0-0"
        },
        {
          "Player1": "Skpchino",
          "Player2": "Scooby_Snacks",
          "Result": "0-2-0"
        },
        {
          "Player1": "Phellipe",
          "Player2": "death_grips",
          "Result": "0-0-0"
        }
      ]
    },
    {
      "RoundName": "Round 5",
      "Matches": [
        {
          "Player1": "silviawataru",
          "Player2": "Add1ct3d",
          "Result": "0-2-0"
        },
        {
          "Player1": "Cachorrowo",
          "Player2": "death_grips",
          "Result": "0-0-0"
        },
        {
          "Player1": "Tunaktunak",
          "Player2": "CrazyMorango",
          "Result": "0-2-0"
        },
        {
          "Player1": "Phellipe",
          "Player2": "WadeB",
          "Result": "2-0-0"
        },
        {
          "Player1": "harmonywoods",
          "Player2": "Scooby_Snacks",
          "Result": "0-0-0"
        },
        {
          "Player1": "makusong24",
          "Player2": "choutin",
          "Result": "2-0-0"
        },
        {
          "Player1": "Srogers90",
          "Player2": "LasVegasChaos",
          "Result": "0-2-0"
        },
        {
          "Player1": "xRagedFurballx",
          "Player2": "WavyGreens",
          "Result": "0-2-0"
        },
        {
          "Player1": "RPSbonjwa",
          "Player2": "Magic_Dads71522",
          "Result": "1-2-0"
        },
        {
          "Player1": "Shadowz2005",
          "Player2": "xfile",
          "Result": "2-0-0"
        },
        {
          "Player1": "FynnOfBlood",
          "Player2": "_Chamytinho_",
          "Result": "0-2-0"
        },
        {
          "Player1": "Bartowski",
          "Player2": "Bawer",
          "Result": "0-2-0"
        },
        {
          "Player1": "minyafriend",
          "Player2": "karatedom",
          "Result": "0-2-0"
        },
        {
          "Player1": "TonyScapone",
          "Player2": "Munchlax446",
          "Result": "2-0-0"
        },
        {
          "Player1": "chouqin",
          "Player2": "chanel-santini",
          "Result": "2-0-0"
        },
        {
          "Player1": "O_danielakos",
          "Player2": "KadettiKersantti",
          "Result": "2-0-0"
        },
        {
          "Player1": "ChironTheMage",
          "Player2": "achillies27",
          "Result": "0-2-0"
        },
        {
          "Player1": "faultedform",
          "Player2": "lia2022",
          "Result": "2-0-0"
        },
        {
          "Player1": "HJ_Kaiser",
          "Player2": "xDingusKhan",
          "Result": "0-2-0"
        }
      ]
    },
    {
      "RoundName": "Round 6",
      "Matches": [
        {
          "Player1": "O_danielakos",
          "Player2": "xDingusKhan",
          "Result": "0-2-0"
        },
        {
          "Player1": "Phellipe",
          "Player2": "_Chamytinho_",
          "Result": "2-0-0"
        },
        {
          "Player1": "harmonywoods",
          "Player2": "lia2022",
          "Result": "2-0-0"
        },
        {
          "Player1": "karatedom",
          "Player2": "KadettiKersantti",
          "Result": "0-2-0"
        },
        {
          "Player1": "death_grips",
          "Player2": "CrazyMorango",
          "Result": "0-2-0"
        },
        {
          "Player1": "HJ_Kaiser",
          "Player2": "Add1ct3d",
          "Result": "2-0-0"
        },
        {
          "Player1": "Tunaktunak",
          "Player2": "WavyGreens",
          "Result": "0-0-0"
        },
        {
          "Player1": "LasVegasChaos",
          "Player2": "chanel-santini",
          "Result": "2-0-0"
        },
        {
          "Player1": "minyafriend",
          "Player2": "Magic_Dads71522",
          "Result": "0-2-0"
        },
        {
          "Player1": "silviawataru",
          "Player2": "Srogers90",
          "Result": "2-0-0"
        },
        {
          "Player1": "ChironTheMage",
          "Player2": "faultedform",
          "Result": "2-0-0"
        },
        {
          "Player1": "xRagedFurballx",
          "Player2": "Bartowski",
          "Result": "0-2-0"
        },
        {
          "Player1": "xfile",
          "Player2": "choutin",
          "Result": "0-2-0"
        },
        {
          "Player1": "WadeB",
          "Player2": "Scooby_Snacks",
          "Result": "0-2-0"
        },
        {
          "Player1": "achillies27",
          "Player2": "chouqin",
          "Result": "2-0-0"
        },
        {
          "Player1": "Cachorrowo",
          "Player2": "Bawer",
          "Result": "0-0-0"
        },
        {
          "Player1": "TonyScapone",
          "Player2": "FynnOfBlood",
          "Result": "2-0-0"
        },
        {
          "Player1": "RPSbonjwa",
          "Player2": "Munchlax446",
          "Result": "0-2-0"
        },
        {
          "Player1": "makusong24",
          "Player2": "Shadowz2005",
          "Result": "2-0-0"
        }
      ]
    },
    {
      "RoundName": "Round 7",
      "Matches": [
        {
          "Player1": "Phellipe",
          "Player2": "LasVegasChaos",
          "Result": "2-0-0"
        },
        {
          "Player1": "karatedom",
          "Player2": "xDingusKhan",
          "Result": "2-0-0"
        },
        {
          "Player1": "HJ_Kaiser",
          "Player2": "chouqin",
          "Result": "2-0-0"
        },
        {
          "Player1": "O_danielakos",
          "Player2": "achillies27",
          "Result": "2-0-0"
        }
      ]
    },
    {
      "RoundName": "Round 8",
      "Matches": [
        {
          "Player1": "karatedom",
          "Player2": "Phellipe",
          "Result": "2-0-0"
        },
        {
          "Player1": "HJ_Kaiser",
          "Player2": "O_danielakos",
          "Result": "2-0-0"
        }
      ]
    },
    {
      "RoundName": "Round 9",
      "Matches": [
        {
          "Player1": "HJ_Kaiser",
          "Player2": "karatedom",
          "Result": "2-0-0"
        }
      ]
    }
  ],
  "Standings": [
    {
      "Rank": 56,
      "Player": "molimomaro",
      "Points": 0,
      "Wins": 0,
      "Losses": 0,
      "Draws": 0,
      "OMWP": 0.3333,
      "GWP": 0.2,
      "OGWP": 0.3667
    },
    {
      "Rank": 55,
      "Player": "Unagi79",
      "Points": 0,
      "Wins": 0,
      "Losses": 0,
      "Draws": 0,
      "OMWP": 0.3333,
      "GWP": 0.25,
      "OGWP": 0.34340000000000004
    },
    {
      "Rank": 54,
      "Player": "Roodslay",
      "Points": 0,
      "Wins": 0,
      "Losses": 0,
      "Draws": 0,
      "OMWP": 0.3333,
      "GWP": 0.3333,
      "OGWP": 0.441
    },
    {
      "Rank": 53,
      "Player": "Univerce",
      "Points": 0,
      "Wins": 0,
      "Losses": 0,
      "Draws": 0,
      "OMWP": 0.4167,
      "GWP": 0,
      "OGWP": 0.5167
    },
    {
      "Rank": 52,
      "Player": "-CAPS-",
      "Points": 0,
      "Wins": 0,
      "Losses": 0,
      "Draws": 0,
      "OMWP": 0.4167,
      "GWP": 0.2,
      "OGWP": 0.4476
    },
    {
      "Rank": 51,
      "Player": "Gogo1984",
      "Points": 0,
      "Wins": 0,
      "Losses": 0,
      "Draws": 0,
      "OMWP": 0.5,
      "GWP": 0.25,
      "OGWP": 0.5032
    },
    {
      "Rank": 50,
      "Player": "DethFrmAbove",
      "Points": 0,
      "Wins": 0,
      "Losses": 0,
      "Draws": 0,
      "OMWP": 0.5832999999999999,
      "GWP": 0.2,
      "OGWP": 0.5333
    },
    {
      "Rank": 49,
      "Player": "ResponsiblyStupid",
      "Points": 0,
      "Wins": 0,
      "Losses": 0,
      "Draws": 0,
      "OMWP": 0.5832999999999999,
      "GWP": 0.2,
      "OGWP": 0.5357
    },
    {
      "Rank": 48,
      "Player": "Capitano_CL",
      "Points": 0,
      "Wins": 0,
      "Losses": 0,
      "Draws": 0,
      "OMWP": 0.6667000000000001,
      "GWP": 0.1429,
      "OGWP": 0.5832999999999999
    },
    {
      "Rank": 47,
      "Player": "416FrowningTable",
      "Points": 0,
      "Wins": 0,
      "Losses": 0,
      "Draws": 0,
      "OMWP": 0.6667000000000001,
      "GWP": 0.2,
      "OGWP": 0.5861
    },
    {
      "Rank": 46,
      "Player": "mrtoolshed",
      "Points": 3,
      "Wins": 0,
      "Losses": 0,
      "Draws": 0,
      "OMWP": 0.44439999999999996,
      "GWP": 0.4286,
      "OGWP": 0.4542
    },
    {
      "Rank": 45,
      "Player": "i_b_TRUE",
      "Points": 3,
      "Wins": 0,
      "Losses": 0,
      "Draws": 0,
      "OMWP": 0.5,
      "GWP": 0.2857,
      "OGWP": 0.44439999999999996
    },
    {
      "Rank": 44,
      "Player": "2plus2isfive",
      "Points": 3,
      "Wins": 0,
      "Losses": 0,
      "Draws": 0,
      "OMWP": 0.5,
      "GWP": 0.4,
      "OGWP": 0.5012
    },
    {
      "Rank": 43,
      "Player": "y2fae",
      "Points": 3,
      "Wins": 0,
      "Losses": 0,
      "Draws": 0,
      "OMWP": 0.5,
      "GWP": 0.5,
      "OGWP": 0.4833
    },
    {
      "Rank": 42,
      "Player": "xRagedFurballx",
      "Points": 3,
      "Wins": 0,
      "Losses": 0,
      "Draws": 0,
      "OMWP": 0.5278,
      "GWP": 0.2143,
      "OGWP": 0.5423
    },
    {
      "Rank": 41,
      "Player": "ConnorM426",
      "Points": 3,
      "Wins": 0,
      "Losses": 0,
      "Draws": 0,
      "OMWP": 0.5417000000000001,
      "GWP": 0.3333,
      "OGWP": 0.5174
    },
    {
      "Rank": 40,
      "Player": "Skpchino",
      "Points": 3,
      "Wins": 0,
      "Losses": 0,
      "Draws": 0,
      "OMWP": 0.5417000000000001,
      "GWP": 0.3636,
      "OGWP": 0.4893
    },
    {
      "Rank": 39,
      "Player": "blademagician",
      "Points": 3,
      "Wins": 0,
      "Losses": 0,
      "Draws": 0,
      "OMWP": 0.5556,
      "GWP": 0.44439999999999996,
      "OGWP": 0.5
    },
    {
      "Rank": 38,
      "Player": "Lord_Beerus",
      "Points": 6,
      "Wins": 0,
      "Losses": 0,
      "Draws": 0,
      "OMWP": 0.4167,
      "GWP": 0.5,
      "OGWP": 0.4476
    },
    {
      "Rank": 37,
      "Player": "Bawer",
      "Points": 6,
      "Wins": 0,
      "Losses": 0,
      "Draws": 0,
      "OMWP": 0.4533,
      "GWP": 0.4,
      "OGWP": 0.4753
    },
    {
      "Rank": 36,
      "Player": "lia2022",
      "Points": 6,
      "Wins": 0,
      "Losses": 0,
      "Draws": 0,
      "OMWP": 0.4667,
      "GWP": 0.4,
      "OGWP": 0.4639
    },
    {
      "Rank": 35,
      "Player": "WavyGreens",
      "Points": 6,
      "Wins": 0,
      "Losses": 0,
      "Draws": 0,
      "OMWP": 0.4722,
      "GWP": 0.4,
      "OGWP": 0.4549
    },
    {
      "Rank": 34,
      "Player": "Bartowski",
      "Points": 6,
      "Wins": 0,
      "Losses": 0,
      "Draws": 0,
      "OMWP": 0.4722,
      "GWP": 0.4375,
      "OGWP": 0.4667
    },
    {
      "Rank": 33,
      "Player": "xfile",
      "Points": 6,
      "Wins": 0,
      "Losses": 0,
      "Draws": 0,
      "OMWP": 0.5278,
      "GWP": 0.3333,
      "OGWP": 0.5113
    },
    {
      "Rank": 32,
      "Player": "RPSbonjwa",
      "Points": 6,
      "Wins": 0,
      "Losses": 0,
      "Draws": 0,
      "OMWP": 0.6389,
      "GWP": 0.3846,
      "OGWP": 0.5870000000000001
    },
    {
      "Rank": 31,
      "Player": "Munchlax446",
      "Points": 9,
      "Wins": 0,
      "Losses": 0,
      "Draws": 0,
      "OMWP": 0.4722,
      "GWP": 0.5,
      "OGWP": 0.4744
    },
    {
      "Rank": 30,
      "Player": "Shadowz2005",
      "Points": 9,
      "Wins": 0,
      "Losses": 0,
      "Draws": 0,
      "OMWP": 0.4722,
      "GWP": 0.5333,
      "OGWP": 0.4579
    },
    {
      "Rank": 29,
      "Player": "choutin",
      "Points": 9,
      "Wins": 0,
      "Losses": 0,
      "Draws": 0,
      "OMWP": 0.4722,
      "GWP": 0.5333,
      "OGWP": 0.4664
    },
    {
      "Rank": 28,
      "Player": "harmonywoods",
      "Points": 9,
      "Wins": 0,
      "Losses": 0,
      "Draws": 0,
      "OMWP": 0.49329999999999996,
      "GWP": 0.4286,
      "OGWP": 0.45899999999999996
    },
    {
      "Rank": 27,
      "Player": "Tunaktunak",
      "Points": 9,
      "Wins": 0,
      "Losses": 0,
      "Draws": 0,
      "OMWP": 0.5,
      "GWP": 0.5,
      "OGWP": 0.5206000000000001
    },
    {
      "Rank": 26,
      "Player": "Cachorrowo",
      "Points": 9,
      "Wins": 0,
      "Losses": 0,
      "Draws": 0,
      "OMWP": 0.5278,
      "GWP": 0.5714,
      "OGWP": 0.5128
    },
    {
      "Rank": 25,
      "Player": "death_grips",
      "Points": 9,
      "Wins": 0,
      "Losses": 0,
      "Draws": 0,
      "OMWP": 0.5556,
      "GWP": 0.46149999999999997,
      "OGWP": 0.5546
    },
    {
      "Rank": 24,
      "Player": "Srogers90",
      "Points": 9,
      "Wins": 0,
      "Losses": 0,
      "Draws": 0,
      "OMWP": 0.5467,
      "GWP": 0.5294,
      "OGWP": 0.5094
    },
    {
      "Rank": 23,
      "Player": "minyafriend",
      "Points": 9,
      "Wins": 0,
      "Losses": 0,
      "Draws": 0,
      "OMWP": 0.5556,
      "GWP": 0.5333,
      "OGWP": 0.52
    },
    {
      "Rank": 22,
      "Player": "WadeB",
      "Points": 9,
      "Wins": 0,
      "Losses": 0,
      "Draws": 0,
      "OMWP": 0.5832999999999999,
      "GWP": 0.4667,
      "OGWP": 0.5303
    },
    {
      "Rank": 21,
      "Player": "FynnOfBlood",
      "Points": 9,
      "Wins": 0,
      "Losses": 0,
      "Draws": 0,
      "OMWP": 0.5832999999999999,
      "GWP": 0.5333,
      "OGWP": 0.5708
    },
    {
      "Rank": 20,
      "Player": "faultedform",
      "Points": 9,
      "Wins": 0,
      "Losses": 0,
      "Draws": 0,
      "OMWP": 0.66,
      "GWP": 0.4286,
      "OGWP": 0.6033
    },
    {
      "Rank": 19,
      "Player": "CrazyMorango",
      "Points": 12,
      "Wins": 0,
      "Losses": 0,
      "Draws": 0,
      "OMWP": 0.4722,
      "GWP": 0.6923,
      "OGWP": 0.44659999999999994
    },
    {
      "Rank": 18,
      "Player": "Magic_Dads71522",
      "Points": 12,
      "Wins": 0,
      "Losses": 0,
      "Draws": 0,
      "OMWP": 0.5,
      "GWP": 0.5333,
      "OGWP": 0.4924
    },
    {
      "Rank": 17,
      "Player": "Scooby_Snacks",
      "Points": 12,
      "Wins": 0,
      "Losses": 0,
      "Draws": 0,
      "OMWP": 0.49329999999999996,
      "GWP": 0.5625,
      "OGWP": 0.4654
    },
    {
      "Rank": 16,
      "Player": "silviawataru",
      "Points": 12,
      "Wins": 0,
      "Losses": 0,
      "Draws": 0,
      "OMWP": 0.5278,
      "GWP": 0.5294,
      "OGWP": 0.5031
    },
    {
      "Rank": 15,
      "Player": "TonyScapone",
      "Points": 12,
      "Wins": 0,
      "Losses": 0,
      "Draws": 0,
      "OMWP": 0.5278,
      "GWP": 0.6667000000000001,
      "OGWP": 0.5412
    },
    {
      "Rank": 14,
      "Player": "makusong24",
      "Points": 12,
      "Wins": 0,
      "Losses": 0,
      "Draws": 0,
      "OMWP": 0.5467,
      "GWP": 0.5556,
      "OGWP": 0.5451
    },
    {
      "Rank": 13,
      "Player": "chanel-santini",
      "Points": 12,
      "Wins": 0,
      "Losses": 0,
      "Draws": 0,
      "OMWP": 0.5867,
      "GWP": 0.6429,
      "OGWP": 0.5446
    },
    {
      "Rank": 12,
      "Player": "_Chamytinho_",
      "Points": 12,
      "Wins": 0,
      "Losses": 0,
      "Draws": 0,
      "OMWP": 0.6111,
      "GWP": 0.6,
      "OGWP": 0.5445
    },
    {
      "Rank": 11,
      "Player": "Add1ct3d",
      "Points": 12,
      "Wins": 0,
      "Losses": 0,
      "Draws": 0,
      "OMWP": 0.6111,
      "GWP": 0.6,
      "OGWP": 0.5631
    },
    {
      "Rank": 10,
      "Player": "ChironTheMage",
      "Points": 12,
      "Wins": 0,
      "Losses": 0,
      "Draws": 0,
      "OMWP": 0.6111,
      "GWP": 0.6,
      "OGWP": 0.5660000000000001
    },
    {
      "Rank": 9,
      "Player": "KadettiKersantti",
      "Points": 12,
      "Wins": 0,
      "Losses": 0,
      "Draws": 0,
      "OMWP": 0.6111,
      "GWP": 0.6154,
      "OGWP": 0.5832999999999999
    },
    {
      "Rank": 8,
      "Player": "chouqin",
      "Points": 12,
      "Wins": 0,
      "Losses": 0,
      "Draws": 0,
      "OMWP": 0.6111,
      "GWP": 0.6429,
      "OGWP": 0.5446
    },
    {
      "Rank": 7,
      "Player": "LasVegasChaos",
      "Points": 15,
      "Wins": 0,
      "Losses": 0,
      "Draws": 0,
      "OMWP": 0.5278,
      "GWP": 0.6154,
      "OGWP": 0.5184000000000001
    },
    {
      "Rank": 6,
      "Player": "achillies27",
      "Points": 15,
      "Wins": 0,
      "Losses": 0,
      "Draws": 0,
      "OMWP": 0.5556,
      "GWP": 0.6667000000000001,
      "OGWP": 0.5496
    },
    {
      "Rank": 5,
      "Player": "xDingusKhan",
      "Points": 18,
      "Wins": 0,
      "Losses": 0,
      "Draws": 0,
      "OMWP": 0.6111,
      "GWP": 0.8571,
      "OGWP": 0.5636
    },
    {
      "Rank": 4,
      "Player": "O_danielakos",
      "Points": 15,
      "Wins": 0,
      "Losses": 0,
      "Draws": 0,
      "OMWP": 0.6111,
      "GWP": 0.6429,
      "OGWP": 0.5489
    },
    {
      "Rank": 3,
      "Player": "Phellipe",
      "Points": 18,
      "Wins": 0,
      "Losses": 0,
      "Draws": 0,
      "OMWP": 0.4722,
      "GWP": 0.6667000000000001,
      "OGWP": 0.4472
    },
    {
      "Rank": 2,
      "Player": "karatedom",
      "Points": 18,
      "Wins": 0,
      "Losses": 0,
      "Draws": 0,
      "OMWP": 0.6111,
      "GWP": 0.625,
      "OGWP": 0.5732
    },
    {
      "Rank": 1,
      "Player": "HJ_Kaiser",
      "Points": 24,
      "Wins": 0,
      "Losses": 0,
      "Draws": 0,
      "OMWP": 0.6667000000000001,
      "GWP": 0.6923,
      "OGWP": 0.5981000000000001
    }
  ]
}