{
  "Tournament": {
    "Id": 12801708,
    "Date": "2025-07-09T16:00:00",
    "Name": "Limited Preliminary",
    "Uri": null,
    "JsonFile": null,
    "ForceRedownload": false
  },
  "Decks": null,
  "Rounds": [
    {
      "RoundName": "Round 1",
      "Matches": [
        {
          "Player1": "komattaman",
          "Player2": "D3dalo",
          "Result": "2-0-0"
        },
        {
          "Player1": "Dreddybajs",
          "Player2": "TellKou",
          "Result": "0-2-0"
        },
        {
          "Player1": "Dai66s",
          "Player2": "OQt",
          "Result": "0-2-0"
        },
        {
          "Player1": "katuo079595",
          "Player2": "eresopacaso",
          "Result": "0-0-0"
        },
        {
          "Player1": "mei0024",
          "Player2": "Lifeisrisk7",
          "Result": "0-2-0"
        },
        {
          "Player1": "Jenara19",
          "Player2": "416FrowningTable",
          "Result": "2-0-0"
        }
      ]
    },
    {
      "RoundName": "Round 2",
      "Matches": [
        {
          "Player1": "OQt",
          "Player2": "komattaman",
          "Result": "0-2-0"
        },
        {
          "Player1": "Dai66s",
          "Player2": "mei0024",
          "Result": "2-0-0"
        },
        {
          "Player1": "416FrowningTable",
          "Player2": "D3dalo",
          "Result": "0-2-0"
        },
        {
          "Player1": "Jenara19",
          "Player2": "TellKou",
          "Result": "0-2-0"
        },
        {
          "Player1": "eresopacaso",
          "Player2": "Lifeisrisk7",
          "Result": "1-2-0"
        },
        {
          "Player1": "Dreddybajs",
          "Player2": "katuo079595",
          "Result": "0-2-0"
        }
      ]
    },
    {
      "RoundName": "Round 3",
      "Matches": [
        {
          "Player1": "Dai66s",
          "Player2": "eresopacaso",
          "Result": "0-2-0"
        },
        {
          "Player1": "mei0024",
          "Player2": "416FrowningTable",
          "Result": "2-0-0"
        },
        {
          "Player1": "TellKou",
          "Player2": "OQt",
          "Result": "2-0-0"
        },
        {
          "Player1": "katuo079595",
          "Player2": "D3dalo",
          "Result": "0-2-0"
        },
        {
          "Player1": "komattaman",
          "Player2": "Lifeisrisk7",
          "Result": "2-0-0"
        },
        {
          "Player1": "Dreddybajs",
          "Player2": "Jenara19",
          "Result": "0-2-0"
        }
      ]
    },
    {
      "RoundName": "Round 4",
      "Matches": [
        {
          "Player1": "TellKou",
          "Player2": "komattaman",
          "Result": "2-0-0"
        },
        {
          "Player1": "eresopacaso",
          "Player2": "D3dalo",
          "Result": "2-0-0"
        },
        {
          "Player1": "Dai66s",
          "Player2": "katuo079595",
          "Result": "0-2-0"
        },
        {
          "Player1": "mei0024",
          "Player2": "OQt",
          "Result": "0-2-0"
        },
        {
          "Player1": "Jenara19",
          "Player2": "Lifeisrisk7",
          "Result": "0-0-0"
        }
      ]
    }
  ],
  "Standings": [
    {
      "Rank": 12,
      "Player": "416FrowningTable",
      "Points": 0,
      "Wins": 0,
      "Losses": 0,
      "Draws": 0,
      "OMWP": 0.44439999999999996,
      "GWP": 0.1429,
      "OGWP": 0.4667
    },
    {
      "Rank": 11,
      "Player": "Dreddybajs",
      "Points": 0,
      "Wins": 0,
      "Losses": 0,
      "Draws": 0,
      "OMWP": 0.6667000000000001,
      "GWP": 0,
      "OGWP": 0.6296
    },
    {
      "Rank": 10,
      "Player": "mei0024",
      "Points": 3,
      "Wins": 0,
      "Losses": 0,
      "Draws": 0,
      "OMWP": 0.4792,
      "GWP": 0.4,
      "OGWP": 0.4561
    },
    {
      "Rank": 9,
      "Player": "Dai66s",
      "Points": 3,
      "Wins": 0,
      "Losses": 0,
      "Draws": 0,
      "OMWP": 0.5207999999999999,
      "GWP": 0.4,
      "OGWP": 0.5192
    },
    {
      "Rank": 8,
      "Player": "katuo079595",
      "Points": 6,
      "Wins": 0,
      "Losses": 0,
      "Draws": 0,
      "OMWP": 0.4792,
      "GWP": 0.44439999999999996,
      "OGWP": 0.5167
    },
    {
      "Rank": 7,
      "Player": "D3dalo",
      "Points": 6,
      "Wins": 0,
      "Losses": 0,
      "Draws": 0,
      "OMWP": 0.5832999999999999,
      "GWP": 0.5556,
      "OGWP": 0.5253
    },
    {
      "Rank": 6,
      "Player": "Jenara19",
      "Points": 6,
      "Wins": 0,
      "Losses": 0,
      "Draws": 0,
      "OMWP": 0.6042000000000001,
      "GWP": 0.44439999999999996,
      "OGWP": 0.5758
    },
    {
      "Rank": 5,
      "Player": "OQt",
      "Points": 6,
      "Wins": 0,
      "Losses": 0,
      "Draws": 0,
      "OMWP": 0.6042000000000001,
      "GWP": 0.4545,
      "OGWP": 0.5864
    },
    {
      "Rank": 4,
      "Player": "eresopacaso",
      "Points": 9,
      "Wins": 0,
      "Losses": 0,
      "Draws": 0,
      "OMWP": 0.5207999999999999,
      "GWP": 0.7778,
      "OGWP": 0.5091
    },
    {
      "Rank": 3,
      "Player": "Lifeisrisk7",
      "Points": 9,
      "Wins": 0,
      "Losses": 0,
      "Draws": 0,
      "OMWP": 0.5832999999999999,
      "GWP": 0.6364,
      "OGWP": 0.5418999999999999
    },
    {
      "Rank": 2,
      "Player": "komattaman",
      "Points": 9,
      "Wins": 0,
      "Losses": 0,
      "Draws": 0,
      "OMWP": 0.6875,
      "GWP": 0.5455,
      "OGWP": 0.6616
    },
    {
      "Rank": 1,
      "Player": "TellKou",
      "Points": 12,
      "Wins": 0,
      "Losses": 0,
      "Draws": 0,
      "OMWP": 0.5207999999999999,
      "GWP": 1,
      "OGWP": 0.44439999999999996
    }
  ]
}