{
  "Tournament": {
    "Id": 12801710,
    "Date": "2025-07-09T18:00:00",
    "Name": "Modern Challenge 64",
    "Uri": null,
    "JsonFile": null,
    "ForceRedownload": false
  },
  "Decks": null,
  "Rounds": [
    {
      "RoundName": "Round 1",
      "Matches": [
        {
          "Player1": "azax",
          "Player2": "Xenowan",
          "Result": "0-2-0"
        },
        {
          "Player1": "kanister",
          "Player2": "hugofreitas1",
          "Result": "0-2-0"
        },
        {
          "Player1": "Delta_Sanku",
          "Player2": "DemianDesposito10",
          "Result": "0-2-0"
        },
        {
          "Player1": "klien7",
          "Player2": "Doomenstein",
          "Result": "2-0-0"
        },
        {
          "Player1": "LuckyLuce",
          "Player2": "keyzoo",
          "Result": "0-2-0"
        },
        {
          "Player1": "Deathnote1999",
          "Player2": "TheEndofJakes",
          "Result": "0-2-0"
        },
        {
          "Player1": "luvadepedreiro",
          "Player2": "CrazyMorango",
          "Result": "0-2-0"
        },
        {
          "Player1": "ultrasuperbob",
          "Player2": "dequemehofilho",
          "Result": "2-0-0"
        },
        {
          "Player1": "Dreddybajs",
          "Player2": "sandoiche",
          "Result": "0-2-0"
        },
        {
          "Player1": "TheAdonis",
          "Player2": "Mistakenn",
          "Result": "0-2-0"
        },
        {
          "Player1": "Maccaciock",
          "Player2": "Taddy_99",
          "Result": "2-0-0"
        },
        {
          "Player1": "sebastianpozzo",
          "Player2": "Sommertroll",
          "Result": "2-0-0"
        },
        {
          "Player1": "Sanchito",
          "Player2": "Darthkid",
          "Result": "0-2-0"
        },
        {
          "Player1": "xfile",
          "Player2": "Badcookie",
          "Result": "0-2-0"
        },
        {
          "Player1": "HappySandwich",
          "Player2": "YABOIJIMJOHN",
          "Result": "2-0-0"
        },
        {
          "Player1": "peter780108",
          "Player2": "hermanomlg",
          "Result": "0-2-0"
        },
        {
          "Player1": "Lollopollo2001",
          "Player2": "simoneromarm",
          "Result": "0-2-0"
        },
        {
          "Player1": "JuanmaAT",
          "Player2": "Malox11",
          "Result": "2-0-0"
        },
        {
          "Player1": "roland77",
          "Player2": "viktor_von_muerte",
          "Result": "0-2-0"
        },
        {
          "Player1": "doom580",
          "Player2": "_Falcon_",
          "Result": "2-0-0"
        },
        {
          "Player1": "marcofabrizi",
          "Player2": "Staroson",
          "Result": "0-2-0"
        },
        {
          "Player1": "tabunghasisi",
          "Player2": "ResponsiblyStupid",
          "Result": "0-2-0"
        },
        {
          "Player1": "Kotte89",
          "Player2": "Nowayh",
          "Result": "0-2-0"
        },
        {
          "Player1": "unworldlyorigin",
          "Player2": "Skrocious",
          "Result": "2-0-0"
        },
        {
          "Player1": "HouseOfManaMTG",
          "Player2": "RNicoF",
          "Result": "2-0-0"
        },
        {
          "Player1": "McWinSauce",
          "Player2": "FerMTG",
          "Result": "0-0-0"
        },
        {
          "Player1": "DB_Dykman",
          "Player2": "MeninooNey",
          "Result": "0-2-0"
        },
        {
          "Player1": "Rvng",
          "Player2": "No_e_that_knows",
          "Result": "2-0-0"
        },
        {
          "Player1": "Fatal_Vlad",
          "Player2": "Manatee_Man",
          "Result": "2-0-0"
        },
        {
          "Player1": "nahuel10",
          "Player2": "bomberboss",
          "Result": "2-0-0"
        },
        {
          "Player1": "Capitano_CL",
          "Player2": "conconman",
          "Result": "0-2-0"
        },
        {
          "Player1": "Jedgi",
          "Player2": "fudgems",
          "Result": "2-0-0"
        },
        {
          "Player1": "Nammersquats",
          "Player2": "TSPJendrek",
          "Result": "2-0-0"
        },
        {
          "Player1": "Haiwa",
          "Player2": "KurumimBagoRosa",
          "Result": "0-2-0"
        },
        {
          "Player1": "416FrowningTable",
          "Player2": "chagu",
          "Result": "2-0-0"
        },
        {
          "Player1": "termidor",
          "Player2": "aarrgh",
          "Result": "2-0-0"
        },
        {
          "Player1": "manukoka",
          "Player2": "wzanotti",
          "Result": "2-0-0"
        },
        {
          "Player1": "Xerk",
          "Player2": "eclipse4343",
          "Result": "0-2-0"
        },
        {
          "Player1": "Vallejo97",
          "Player2": "_J0SE_",
          "Result": "2-0-0"
        },
        {
          "Player1": "Ryosis",
          "Player2": "groot02",
          "Result": "0-2-0"
        },
        {
          "Player1": "ShadowTitan1",
          "Player2": "Deathmaxx",
          "Result": "2-0-0"
        },
        {
          "Player1": "aplapp",
          "Player2": "Zolazar",
          "Result": "0-2-0"
        },
        {
          "Player1": "DemonicTutors",
          "Player2": "Zlatan1044",
          "Result": "2-0-0"
        },
        {
          "Player1": "Doelle98",
          "Player2": "J0hnWick",
          "Result": "0-2-0"
        },
        {
          "Player1": "Misplacedginger",
          "Player2": "korol",
          "Result": "2-0-0"
        },
        {
          "Player1": "dedav",
          "Player2": "NathanOfTheGiltLeaf",
          "Result": "0-2-0"
        },
        {
          "Player1": "sokos13",
          "Player2": "Sven745",
          "Result": "0-2-0"
        }
      ]
    },
    {
      "RoundName": "Round 2",
      "Matches": [
        {
          "Player1": "TSPJendrek",
          "Player2": "_J0SE_",
          "Result": "2-0-0"
        },
        {
          "Player1": "Staroson",
          "Player2": "TheEndofJakes",
          "Result": "0-2-0"
        },
        {
          "Player1": "peter780108",
          "Player2": "dedav",
          "Result": "2-0-0"
        },
        {
          "Player1": "HappySandwich",
          "Player2": "HouseOfManaMTG",
          "Result": "1-2-0"
        },
        {
          "Player1": "YABOIJIMJOHN",
          "Player2": "Deathmaxx",
          "Result": "2-0-0"
        },
        {
          "Player1": "viktor_von_muerte",
          "Player2": "conconman",
          "Result": "2-0-0"
        },
        {
          "Player1": "roland77",
          "Player2": "nahuel10",
          "Result": "0-2-0"
        },
        {
          "Player1": "Delta_Sanku",
          "Player2": "RNicoF",
          "Result": "0-2-0"
        },
        {
          "Player1": "NathanOfTheGiltLeaf",
          "Player2": "MeninooNey",
          "Result": "2-0-0"
        },
        {
          "Player1": "azax",
          "Player2": "Zlatan1044",
          "Result": "0-2-0"
        },
        {
          "Player1": "doom580",
          "Player2": "Jedgi",
          "Result": "0-2-0"
        },
        {
          "Player1": "TheAdonis",
          "Player2": "Xerk",
          "Result": "2-0-0"
        },
        {
          "Player1": "sokos13",
          "Player2": "Kotte89",
          "Result": "2-0-0"
        },
        {
          "Player1": "manukoka",
          "Player2": "klien7",
          "Result": "0-2-0"
        },
        {
          "Player1": "aplapp",
          "Player2": "Doelle98",
          "Result": "2-0-0"
        },
        {
          "Player1": "termidor",
          "Player2": "ultrasuperbob",
          "Result": "2-0-0"
        },
        {
          "Player1": "kanister",
          "Player2": "Malox11",
          "Result": "2-0-0"
        },
        {
          "Player1": "Fatal_Vlad",
          "Player2": "Badcookie",
          "Result": "2-0-0"
        },
        {
          "Player1": "Capitano_CL",
          "Player2": "wzanotti",
          "Result": "0-2-0"
        },
        {
          "Player1": "sandoiche",
          "Player2": "ShadowTitan1",
          "Result": "2-0-0"
        },
        {
          "Player1": "sebastianpozzo",
          "Player2": "hugofreitas1",
          "Result": "0-2-0"
        },
        {
          "Player1": "_Falcon_",
          "Player2": "aarrgh",
          "Result": "2-0-0"
        },
        {
          "Player1": "korol",
          "Player2": "fudgems",
          "Result": "0-2-0"
        },
        {
          "Player1": "Vallejo97",
          "Player2": "Xenowan",
          "Result": "2-0-0"
        },
        {
          "Player1": "marcofabrizi",
          "Player2": "Lollopollo2001",
          "Result": "2-0-0"
        },
        {
          "Player1": "416FrowningTable",
          "Player2": "CrazyMorango",
          "Result": "2-0-0"
        },
        {
          "Player1": "JuanmaAT",
          "Player2": "J0hnWick",
          "Result": "0-2-0"
        },
        {
          "Player1": "simoneromarm",
          "Player2": "Sven745",
          "Result": "0-2-0"
        },
        {
          "Player1": "Dreddybajs",
          "Player2": "Sanchito",
          "Result": "0-2-0"
        },
        {
          "Player1": "tabunghasisi",
          "Player2": "xfile",
          "Result": "0-2-0"
        },
        {
          "Player1": "Nammersquats",
          "Player2": "Darthkid",
          "Result": "0-2-0"
        },
        {
          "Player1": "Deathnote1999",
          "Player2": "Taddy_99",
          "Result": "2-0-0"
        },
        {
          "Player1": "Rvng",
          "Player2": "hermanomlg",
          "Result": "0-2-0"
        },
        {
          "Player1": "luvadepedreiro",
          "Player2": "dequemehofilho",
          "Result": "2-0-0"
        },
        {
          "Player1": "unworldlyorigin",
          "Player2": "groot02",
          "Result": "0-2-0"
        },
        {
          "Player1": "Misplacedginger",
          "Player2": "eclipse4343",
          "Result": "0-2-0"
        },
        {
          "Player1": "FerMTG",
          "Player2": "Zolazar",
          "Result": "0-2-0"
        },
        {
          "Player1": "Maccaciock",
          "Player2": "KurumimBagoRosa",
          "Result": "2-0-0"
        },
        {
          "Player1": "McWinSauce",
          "Player2": "DB_Dykman",
          "Result": "0-2-0"
        },
        {
          "Player1": "bomberboss",
          "Player2": "Ryosis",
          "Result": "2-0-0"
        },
        {
          "Player1": "LuckyLuce",
          "Player2": "No_e_that_knows",
          "Result": "0-2-0"
        },
        {
          "Player1": "Mistakenn",
          "Player2": "ResponsiblyStupid",
          "Result": "2-0-0"
        },
        {
          "Player1": "Nowayh",
          "Player2": "DemianDesposito10",
          "Result": "2-0-0"
        },
        {
          "Player1": "Sommertroll",
          "Player2": "Manatee_Man",
          "Result": "2-0-0"
        },
        {
          "Player1": "keyzoo",
          "Player2": "DemonicTutors",
          "Result": "0-2-0"
        },
        {
          "Player1": "Doomenstein",
          "Player2": "Haiwa",
          "Result": "1-2-0"
        }
      ]
    },
    {
      "RoundName": "Round 3",
      "Matches": [
        {
          "Player1": "Nowayh",
          "Player2": "J0hnWick",
          "Result": "0-2-0"
        },
        {
          "Player1": "luvadepedreiro",
          "Player2": "unworldlyorigin",
          "Result": "0-2-0"
        },
        {
          "Player1": "JuanmaAT",
          "Player2": "Staroson",
          "Result": "0-2-0"
        },
        {
          "Player1": "416FrowningTable",
          "Player2": "Fatal_Vlad",
          "Result": "2-0-0"
        },
        {
          "Player1": "Nammersquats",
          "Player2": "HappySandwich",
          "Result": "0-2-0"
        },
        {
          "Player1": "sandoiche",
          "Player2": "eclipse4343",
          "Result": "0-2-0"
        },
        {
          "Player1": "CrazyMorango",
          "Player2": "MeninooNey",
          "Result": "0-2-0"
        },
        {
          "Player1": "Zolazar",
          "Player2": "groot02",
          "Result": "0-2-0"
        },
        {
          "Player1": "bomberboss",
          "Player2": "chagu",
          "Result": "0-0-0"
        },
        {
          "Player1": "Xerk",
          "Player2": "Lollopollo2001",
          "Result": "2-0-0"
        },
        {
          "Player1": "marcofabrizi",
          "Player2": "Sommertroll",
          "Result": "2-0-0"
        },
        {
          "Player1": "Doelle98",
          "Player2": "dedav",
          "Result": "2-0-0"
        },
        {
          "Player1": "kanister",
          "Player2": "KurumimBagoRosa",
          "Result": "2-0-0"
        },
        {
          "Player1": "Sven745",
          "Player2": "TheEndofJakes",
          "Result": "2-0-0"
        },
        {
          "Player1": "hugofreitas1",
          "Player2": "Mistakenn",
          "Result": "0-2-0"
        },
        {
          "Player1": "DemianDesposito10",
          "Player2": "No_e_that_knows",
          "Result": "0-2-0"
        },
        {
          "Player1": "termidor",
          "Player2": "nahuel10",
          "Result": "2-0-0"
        },
        {
          "Player1": "Capitano_CL",
          "Player2": "Delta_Sanku",
          "Result": "2-0-0"
        },
        {
          "Player1": "viktor_von_muerte",
          "Player2": "Vallejo97",
          "Result": "2-0-0"
        },
        {
          "Player1": "TSPJendrek",
          "Player2": "aplapp",
          "Result": "2-0-0"
        },
        {
          "Player1": "Deathnote1999",
          "Player2": "Xenowan",
          "Result": "2-0-0"
        },
        {
          "Player1": "_Falcon_",
          "Player2": "Badcookie",
          "Result": "0-2-0"
        },
        {
          "Player1": "TheAdonis",
          "Player2": "wzanotti",
          "Result": "0-2-0"
        },
        {
          "Player1": "Rvng",
          "Player2": "ResponsiblyStupid",
          "Result": "0-2-0"
        },
        {
          "Player1": "doom580",
          "Player2": "Zlatan1044",
          "Result": "2-0-0"
        },
        {
          "Player1": "Doomenstein",
          "Player2": "Manatee_Man",
          "Result": "2-0-0"
        },
        {
          "Player1": "sebastianpozzo",
          "Player2": "Sanchito",
          "Result": "2-0-0"
        },
        {
          "Player1": "hermanomlg",
          "Player2": "NathanOfTheGiltLeaf",
          "Result": "2-0-0"
        },
        {
          "Player1": "conconman",
          "Player2": "keyzoo",
          "Result": "2-0-0"
        },
        {
          "Player1": "manukoka",
          "Player2": "peter780108",
          "Result": "2-0-0"
        },
        {
          "Player1": "RNicoF",
          "Player2": "DB_Dykman",
          "Result": "0-2-0"
        },
        {
          "Player1": "_J0SE_",
          "Player2": "dequemehofilho",
          "Result": "2-0-0"
        },
        {
          "Player1": "xfile",
          "Player2": "FerMTG",
          "Result": "2-0-0"
        },
        {
          "Player1": "Malox11",
          "Player2": "Deathmaxx",
          "Result": "2-0-0"
        },
        {
          "Player1": "Jedgi",
          "Player2": "HouseOfManaMTG",
          "Result": "0-2-0"
        },
        {
          "Player1": "ultrasuperbob",
          "Player2": "YABOIJIMJOHN",
          "Result": "2-0-0"
        },
        {
          "Player1": "Darthkid",
          "Player2": "klien7",
          "Result": "2-0-0"
        },
        {
          "Player1": "Maccaciock",
          "Player2": "DemonicTutors",
          "Result": "0-2-0"
        },
        {
          "Player1": "sokos13",
          "Player2": "simoneromarm",
          "Result": "2-0-0"
        },
        {
          "Player1": "roland77",
          "Player2": "Taddy_99",
          "Result": "0-0-0"
        },
        {
          "Player1": "Misplacedginger",
          "Player2": "Haiwa",
          "Result": "0-0-0"
        },
        {
          "Player1": "ShadowTitan1",
          "Player2": "fudgems",
          "Result": "2-0-0"
        }
      ]
    },
    {
      "RoundName": "Round 4",
      "Matches": [
        {
          "Player1": "sebastianpozzo",
          "Player2": "Zolazar",
          "Result": "2-0-0"
        },
        {
          "Player1": "No_e_that_knows",
          "Player2": "Badcookie",
          "Result": "0-2-0"
        },
        {
          "Player1": "Capitano_CL",
          "Player2": "RNicoF",
          "Result": "0-2-0"
        },
        {
          "Player1": "sandoiche",
          "Player2": "Nowayh",
          "Result": "0-2-0"
        },
        {
          "Player1": "HappySandwich",
          "Player2": "ResponsiblyStupid",
          "Result": "0-2-0"
        },
        {
          "Player1": "Sanchito",
          "Player2": "wzanotti",
          "Result": "0-2-0"
        },
        {
          "Player1": "Xerk",
          "Player2": "KurumimBagoRosa",
          "Result": "2-0-0"
        },
        {
          "Player1": "termidor",
          "Player2": "DemonicTutors",
          "Result": "0-2-0"
        },
        {
          "Player1": "manukoka",
          "Player2": "MeninooNey",
          "Result": "0-2-0"
        },
        {
          "Player1": "sokos13",
          "Player2": "nahuel10",
          "Result": "2-0-0"
        },
        {
          "Player1": "Doomenstein",
          "Player2": "CrazyMorango",
          "Result": "2-0-0"
        },
        {
          "Player1": "luvadepedreiro",
          "Player2": "Zlatan1044",
          "Result": "0-0-0"
        },
        {
          "Player1": "DemianDesposito10",
          "Player2": "YABOIJIMJOHN",
          "Result": "2-0-0"
        },
        {
          "Player1": "unworldlyorigin",
          "Player2": "DB_Dykman",
          "Result": "2-0-0"
        },
        {
          "Player1": "TheAdonis",
          "Player2": "korol",
          "Result": "2-0-0"
        },
        {
          "Player1": "Mistakenn",
          "Player2": "Sven745",
          "Result": "0-2-0"
        },
        {
          "Player1": "roland77",
          "Player2": "Lollopollo2001",
          "Result": "0-2-0"
        },
        {
          "Player1": "Misplacedginger",
          "Player2": "klien7",
          "Result": "2-0-0"
        },
        {
          "Player1": "Sommertroll",
          "Player2": "Doelle98",
          "Result": "2-0-0"
        },
        {
          "Player1": "viktor_von_muerte",
          "Player2": "Darthkid",
          "Result": "2-0-0"
        },
        {
          "Player1": "Maccaciock",
          "Player2": "Fatal_Vlad",
          "Result": "0-2-0"
        },
        {
          "Player1": "Jedgi",
          "Player2": "bomberboss",
          "Result": "0-2-0"
        },
        {
          "Player1": "ShadowTitan1",
          "Player2": "xfile",
          "Result": "2-0-0"
        },
        {
          "Player1": "conconman",
          "Player2": "marcofabrizi",
          "Result": "2-0-0"
        },
        {
          "Player1": "kanister",
          "Player2": "TheEndofJakes",
          "Result": "2-0-0"
        },
        {
          "Player1": "TSPJendrek",
          "Player2": "doom580",
          "Result": "0-2-0"
        },
        {
          "Player1": "JuanmaAT",
          "Player2": "_J0SE_",
          "Result": "0-2-0"
        },
        {
          "Player1": "peter780108",
          "Player2": "keyzoo",
          "Result": "2-0-0"
        },
        {
          "Player1": "ultrasuperbob",
          "Player2": "NathanOfTheGiltLeaf",
          "Result": "0-0-0"
        },
        {
          "Player1": "hermanomlg",
          "Player2": "416FrowningTable",
          "Result": "0-0-0"
        },
        {
          "Player1": "_Falcon_",
          "Player2": "Taddy_99",
          "Result": "0-2-0"
        },
        {
          "Player1": "aplapp",
          "Player2": "dequemehofilho",
          "Result": "2-0-0"
        },
        {
          "Player1": "Haiwa",
          "Player2": "Malox11",
          "Result": "0-2-0"
        },
        {
          "Player1": "Deathnote1999",
          "Player2": "Staroson",
          "Result": "2-0-0"
        },
        {
          "Player1": "eclipse4343",
          "Player2": "J0hnWick",
          "Result": "0-2-0"
        },
        {
          "Player1": "HouseOfManaMTG",
          "Player2": "groot02",
          "Result": "0-2-0"
        },
        {
          "Player1": "hugofreitas1",
          "Player2": "Vallejo97",
          "Result": "0-2-0"
        }
      ]
    },
    {
      "RoundName": "Round 5",
      "Matches": [
        {
          "Player1": "hugofreitas1",
          "Player2": "klien7",
          "Result": "2-0-0"
        },
        {
          "Player1": "416FrowningTable",
          "Player2": "eclipse4343",
          "Result": "0-2-0"
        },
        {
          "Player1": "conconman",
          "Player2": "ResponsiblyStupid",
          "Result": "2-0-0"
        },
        {
          "Player1": "manukoka",
          "Player2": "luvadepedreiro",
          "Result": "0-2-0"
        },
        {
          "Player1": "JuanmaAT",
          "Player2": "YABOIJIMJOHN",
          "Result": "2-0-0"
        },
        {
          "Player1": "doom580",
          "Player2": "Mistakenn",
          "Result": "2-0-0"
        },
        {
          "Player1": "Xerk",
          "Player2": "Jedgi",
          "Result": "0-2-0"
        },
        {
          "Player1": "marcofabrizi",
          "Player2": "_J0SE_",
          "Result": "0-2-0"
        },
        {
          "Player1": "Darthkid",
          "Player2": "Badcookie",
          "Result": "2-0-0"
        },
        {
          "Player1": "termidor",
          "Player2": "Vallejo97",
          "Result": "2-0-0"
        },
        {
          "Player1": "Deathnote1999",
          "Player2": "ShadowTitan1",
          "Result": "2-0-0"
        },
        {
          "Player1": "TSPJendrek",
          "Player2": "Sommertroll",
          "Result": "2-1-0"
        },
        {
          "Player1": "Zlatan1044",
          "Player2": "KurumimBagoRosa",
          "Result": "0-2-0"
        },
        {
          "Player1": "xfile",
          "Player2": "TheEndofJakes",
          "Result": "0-2-0"
        },
        {
          "Player1": "HouseOfManaMTG",
          "Player2": "unworldlyorigin",
          "Result": "2-0-0"
        },
        {
          "Player1": "Staroson",
          "Player2": "Malox11",
          "Result": "0-0-0"
        },
        {
          "Player1": "Doomenstein",
          "Player2": "Zolazar",
          "Result": "0-2-0"
        },
        {
          "Player1": "Maccaciock",
          "Player2": "nahuel10",
          "Result": "0-2-0"
        },
        {
          "Player1": "Sven745",
          "Player2": "groot02",
          "Result": "0-2-0"
        },
        {
          "Player1": "HappySandwich",
          "Player2": "aplapp",
          "Result": "2-0-0"
        },
        {
          "Player1": "peter780108",
          "Player2": "NathanOfTheGiltLeaf",
          "Result": "2-0-0"
        },
        {
          "Player1": "sandoiche",
          "Player2": "Doelle98",
          "Result": "0-2-0"
        },
        {
          "Player1": "viktor_von_muerte",
          "Player2": "hermanomlg",
          "Result": "0-2-0"
        },
        {
          "Player1": "Sanchito",
          "Player2": "Lollopollo2001",
          "Result": "0-2-0"
        },
        {
          "Player1": "sokos13",
          "Player2": "kanister",
          "Result": "0-2-0"
        },
        {
          "Player1": "TheAdonis",
          "Player2": "Taddy_99",
          "Result": "2-0-0"
        },
        {
          "Player1": "_Falcon_",
          "Player2": "keyzoo",
          "Result": "0-2-0"
        },
        {
          "Player1": "sebastianpozzo",
          "Player2": "bomberboss",
          "Result": "0-2-0"
        },
        {
          "Player1": "DemonicTutors",
          "Player2": "J0hnWick",
          "Result": "0-2-0"
        },
        {
          "Player1": "ultrasuperbob",
          "Player2": "wzanotti",
          "Result": "0-0-0"
        },
        {
          "Player1": "Fatal_Vlad",
          "Player2": "MeninooNey",
          "Result": "0-0-0"
        },
        {
          "Player1": "Misplacedginger",
          "Player2": "Nowayh",
          "Result": "2-0-0"
        },
        {
          "Player1": "DemianDesposito10",
          "Player2": "RNicoF",
          "Result": "0-2-0"
        }
      ]
    },
    {
      "RoundName": "Round 6",
      "Matches": [
        {
          "Player1": "Sanchito",
          "Player2": "Zlatan1044",
          "Result": "2-0-0"
        },
        {
          "Player1": "peter780108",
          "Player2": "Mistakenn",
          "Result": "0-2-0"
        },
        {
          "Player1": "termidor",
          "Player2": "eclipse4343",
          "Result": "2-0-0"
        },
        {
          "Player1": "TSPJendrek",
          "Player2": "HappySandwich",
          "Result": "0-2-0"
        },
        {
          "Player1": "aplapp",
          "Player2": "Fatal_Vlad",
          "Result": "0-2-0"
        },
        {
          "Player1": "luvadepedreiro",
          "Player2": "wzanotti",
          "Result": "0-2-0"
        },
        {
          "Player1": "hermanomlg",
          "Player2": "groot02",
          "Result": "0-2-0"
        },
        {
          "Player1": "sokos13",
          "Player2": "Malox11",
          "Result": "2-0-0"
        },
        {
          "Player1": "klien7",
          "Player2": "keyzoo",
          "Result": "0-2-0"
        },
        {
          "Player1": "hugofreitas1",
          "Player2": "Nowayh",
          "Result": "2-0-0"
        },
        {
          "Player1": "xfile",
          "Player2": "DemianDesposito10",
          "Result": "2-0-0"
        },
        {
          "Player1": "TheAdonis",
          "Player2": "416FrowningTable",
          "Result": "0-2-0"
        },
        {
          "Player1": "kanister",
          "Player2": "Darthkid",
          "Result": "0-0-0"
        },
        {
          "Player1": "conconman",
          "Player2": "DemonicTutors",
          "Result": "0-2-0"
        },
        {
          "Player1": "nahuel10",
          "Player2": "Zolazar",
          "Result": "2-0-0"
        },
        {
          "Player1": "doom580",
          "Player2": "Deathnote1999",
          "Result": "0-2-0"
        },
        {
          "Player1": "RNicoF",
          "Player2": "unworldlyorigin",
          "Result": "0-0-0"
        },
        {
          "Player1": "Badcookie",
          "Player2": "_J0SE_",
          "Result": "0-2-0"
        },
        {
          "Player1": "HouseOfManaMTG",
          "Player2": "MeninooNey",
          "Result": "0-2-0"
        },
        {
          "Player1": "Jedgi",
          "Player2": "Vallejo97",
          "Result": "2-0-0"
        },
        {
          "Player1": "Xerk",
          "Player2": "Staroson",
          "Result": "0-2-0"
        },
        {
          "Player1": "Doomenstein",
          "Player2": "Sommertroll",
          "Result": "0-2-0"
        },
        {
          "Player1": "Misplacedginger",
          "Player2": "bomberboss",
          "Result": "2-0-0"
        },
        {
          "Player1": "JuanmaAT",
          "Player2": "KurumimBagoRosa",
          "Result": "0-2-0"
        },
        {
          "Player1": "Maccaciock",
          "Player2": "Doelle98",
          "Result": "2-0-0"
        },
        {
          "Player1": "sebastianpozzo",
          "Player2": "TheEndofJakes",
          "Result": "2-0-0"
        },
        {
          "Player1": "viktor_von_muerte",
          "Player2": "Sven745",
          "Result": "0-2-0"
        },
        {
          "Player1": "Lollopollo2001",
          "Player2": "Taddy_99",
          "Result": "0-2-0"
        },
        {
          "Player1": "ShadowTitan1",
          "Player2": "ResponsiblyStupid",
          "Result": "2-0-0"
        },
        {
          "Player1": "ultrasuperbob",
          "Player2": "J0hnWick",
          "Result": "2-0-0"
        },
        {
          "Player1": "sandoiche",
          "Player2": "manukoka",
          "Result": "0-2-0"
        }
      ]
    },
    {
      "RoundName": "Round 7",
      "Matches": [
        {
          "Player1": "manukoka",
          "Player2": "xfile",
          "Result": "0-0-0"
        },
        {
          "Player1": "TheEndofJakes",
          "Player2": "KurumimBagoRosa",
          "Result": "2-0-0"
        },
        {
          "Player1": "ultrasuperbob",
          "Player2": "416FrowningTable",
          "Result": "2-0-0"
        },
        {
          "Player1": "sebastianpozzo",
          "Player2": "HappySandwich",
          "Result": "0-2-0"
        },
        {
          "Player1": "Darthkid",
          "Player2": "DemonicTutors",
          "Result": "0-2-0"
        },
        {
          "Player1": "doom580",
          "Player2": "_J0SE_",
          "Result": "2-0-0"
        },
        {
          "Player1": "DemianDesposito10",
          "Player2": "Doelle98",
          "Result": "0-2-0"
        },
        {
          "Player1": "termidor",
          "Player2": "J0hnWick",
          "Result": "2-0-0"
        },
        {
          "Player1": "RNicoF",
          "Player2": "Sommertroll",
          "Result": "0-2-0"
        },
        {
          "Player1": "Malox11",
          "Player2": "Taddy_99",
          "Result": "2-0-0"
        },
        {
          "Player1": "Deathnote1999",
          "Player2": "groot02",
          "Result": "0-0-0"
        },
        {
          "Player1": "kanister",
          "Player2": "ShadowTitan1",
          "Result": "0-2-0"
        },
        {
          "Player1": "hermanomlg",
          "Player2": "Sven745",
          "Result": "2-0-0"
        },
        {
          "Player1": "sokos13",
          "Player2": "HouseOfManaMTG",
          "Result": "0-0-0"
        },
        {
          "Player1": "Doomenstein",
          "Player2": "keyzoo",
          "Result": "2-0-0"
        },
        {
          "Player1": "Nowayh",
          "Player2": "Zolazar",
          "Result": "0-2-0"
        },
        {
          "Player1": "Lollopollo2001",
          "Player2": "klien7",
          "Result": "0-2-0"
        },
        {
          "Player1": "Misplacedginger",
          "Player2": "MeninooNey",
          "Result": "0-2-0"
        },
        {
          "Player1": "conconman",
          "Player2": "unworldlyorigin",
          "Result": "0-2-0"
        },
        {
          "Player1": "Sanchito",
          "Player2": "sandoiche",
          "Result": "0-2-0"
        },
        {
          "Player1": "Maccaciock",
          "Player2": "Vallejo97",
          "Result": "2-0-0"
        },
        {
          "Player1": "viktor_von_muerte",
          "Player2": "wzanotti",
          "Result": "2-0-0"
        },
        {
          "Player1": "bomberboss",
          "Player2": "Fatal_Vlad",
          "Result": "0-0-0"
        },
        {
          "Player1": "Jedgi",
          "Player2": "Mistakenn",
          "Result": "2-0-0"
        },
        {
          "Player1": "nahuel10",
          "Player2": "eclipse4343",
          "Result": "0-2-0"
        },
        {
          "Player1": "TheAdonis",
          "Player2": "hugofreitas1",
          "Result": "2-0-0"
        },
        {
          "Player1": "Staroson",
          "Player2": "Badcookie",
          "Result": "2-0-0"
        }
      ]
    },
    {
      "RoundName": "Round 8",
      "Matches": [
        {
          "Player1": "termidor",
          "Player2": "ultrasuperbob",
          "Result": "2-0-0"
        },
        {
          "Player1": "Deathnote1999",
          "Player2": "MeninooNey",
          "Result": "1-2-0"
        },
        {
          "Player1": "HouseOfManaMTG",
          "Player2": "groot02",
          "Result": "0-2-0"
        },
        {
          "Player1": "hermanomlg",
          "Player2": "DemonicTutors",
          "Result": "2-0-0"
        }
      ]
    },
    {
      "RoundName": "Round 9",
      "Matches": [
        {
          "Player1": "termidor",
          "Player2": "MeninooNey",
          "Result": "2-0-0"
        },
        {
          "Player1": "hermanomlg",
          "Player2": "groot02",
          "Result": "2-0-0"
        }
      ]
    },
    {
      "RoundName": "Round 10",
      "Matches": [
        {
          "Player1": "termidor",
          "Player2": "hermanomlg",
          "Result": "2-0-0"
        }
      ]
    }
  ],
  "Standings": [
    {
      "Rank": 94,
      "Player": "azax",
      "Points": 0,
      "Wins": 0,
      "Losses": 0,
      "Draws": 0,
      "OMWP": 0.3333,
      "GWP": 0.2,
      "OGWP": 0.381
    },
    {
      "Rank": 93,
      "Player": "Delta_Sanku",
      "Points": 0,
      "Wins": 0,
      "Losses": 0,
      "Draws": 0,
      "OMWP": 0.3651,
      "GWP": 0.1429,
      "OGWP": 0.39759999999999995
    },
    {
      "Rank": 92,
      "Player": "Dreddybajs",
      "Points": 0,
      "Wins": 0,
      "Losses": 0,
      "Draws": 0,
      "OMWP": 0.381,
      "GWP": 0.3333,
      "OGWP": 0.3917
    },
    {
      "Rank": 91,
      "Player": "McWinSauce",
      "Points": 0,
      "Wins": 0,
      "Losses": 0,
      "Draws": 0,
      "OMWP": 0.4167,
      "GWP": 0.2,
      "OGWP": 0.48700000000000004
    },
    {
      "Rank": 90,
      "Player": "dedav",
      "Points": 0,
      "Wins": 0,
      "Losses": 0,
      "Draws": 0,
      "OMWP": 0.4429,
      "GWP": 0.25,
      "OGWP": 0.44189999999999996
    },
    {
      "Rank": 89,
      "Player": "LuckyLuce",
      "Points": 0,
      "Wins": 0,
      "Losses": 0,
      "Draws": 0,
      "OMWP": 0.4643,
      "GWP": 0.2,
      "OGWP": 0.44439999999999996
    },
    {
      "Rank": 88,
      "Player": "tabunghasisi",
      "Points": 0,
      "Wins": 0,
      "Losses": 0,
      "Draws": 0,
      "OMWP": 0.4643,
      "GWP": 0.3333,
      "OGWP": 0.441
    },
    {
      "Rank": 87,
      "Player": "Kotte89",
      "Points": 0,
      "Wins": 0,
      "Losses": 0,
      "Draws": 0,
      "OMWP": 0.5,
      "GWP": 0.2,
      "OGWP": 0.4853
    },
    {
      "Rank": 86,
      "Player": "roland77",
      "Points": 0,
      "Wins": 0,
      "Losses": 0,
      "Draws": 0,
      "OMWP": 0.5119,
      "GWP": 0.3333,
      "OGWP": 0.5082
    },
    {
      "Rank": 85,
      "Player": "Deathmaxx",
      "Points": 0,
      "Wins": 0,
      "Losses": 0,
      "Draws": 0,
      "OMWP": 0.5397,
      "GWP": 0.25,
      "OGWP": 0.5188
    },
    {
      "Rank": 84,
      "Player": "dequemehofilho",
      "Points": 0,
      "Wins": 0,
      "Losses": 0,
      "Draws": 0,
      "OMWP": 0.5655,
      "GWP": 0.2,
      "OGWP": 0.5389
    },
    {
      "Rank": 83,
      "Player": "Manatee_Man",
      "Points": 0,
      "Wins": 0,
      "Losses": 0,
      "Draws": 0,
      "OMWP": 0.5714,
      "GWP": 0.1429,
      "OGWP": 0.5624
    },
    {
      "Rank": 82,
      "Player": "aarrgh",
      "Points": 0,
      "Wins": 0,
      "Losses": 0,
      "Draws": 0,
      "OMWP": 0.5952000000000001,
      "GWP": 0.3333,
      "OGWP": 0.5
    },
    {
      "Rank": 81,
      "Player": "Skrocious",
      "Points": 0,
      "Wins": 0,
      "Losses": 0,
      "Draws": 0,
      "OMWP": 0.7143,
      "GWP": 0,
      "OGWP": 0.6470999999999999
    },
    {
      "Rank": 80,
      "Player": "Ryosis",
      "Points": 0,
      "Wins": 0,
      "Losses": 0,
      "Draws": 0,
      "OMWP": 0.7143,
      "GWP": 0.2,
      "OGWP": 0.6654000000000001
    },
    {
      "Rank": 79,
      "Player": "FerMTG",
      "Points": 3,
      "Wins": 0,
      "Losses": 0,
      "Draws": 0,
      "OMWP": 0.44439999999999996,
      "GWP": 0.4286,
      "OGWP": 0.43329999999999996
    },
    {
      "Rank": 78,
      "Player": "_Falcon_",
      "Points": 3,
      "Wins": 0,
      "Losses": 0,
      "Draws": 0,
      "OMWP": 0.4667,
      "GWP": 0.3636,
      "OGWP": 0.4648
    },
    {
      "Rank": 77,
      "Player": "Capitano_CL",
      "Points": 3,
      "Wins": 0,
      "Losses": 0,
      "Draws": 0,
      "OMWP": 0.47619999999999996,
      "GWP": 0.3,
      "OGWP": 0.4804
    },
    {
      "Rank": 76,
      "Player": "YABOIJIMJOHN",
      "Points": 3,
      "Wins": 0,
      "Losses": 0,
      "Draws": 0,
      "OMWP": 0.5067,
      "GWP": 0.3636,
      "OGWP": 0.4949
    },
    {
      "Rank": 75,
      "Player": "Zlatan1044",
      "Points": 3,
      "Wins": 0,
      "Losses": 0,
      "Draws": 0,
      "OMWP": 0.5278,
      "GWP": 0.2667,
      "OGWP": 0.4905
    },
    {
      "Rank": 74,
      "Player": "Haiwa",
      "Points": 3,
      "Wins": 0,
      "Losses": 0,
      "Draws": 0,
      "OMWP": 0.5357,
      "GWP": 0.22219999999999998,
      "OGWP": 0.5503
    },
    {
      "Rank": 73,
      "Player": "korol",
      "Points": 3,
      "Wins": 0,
      "Losses": 0,
      "Draws": 0,
      "OMWP": 0.5397,
      "GWP": 0.3333,
      "OGWP": 0.5139
    },
    {
      "Rank": 72,
      "Player": "simoneromarm",
      "Points": 3,
      "Wins": 0,
      "Losses": 0,
      "Draws": 0,
      "OMWP": 0.5397,
      "GWP": 0.375,
      "OGWP": 0.4893
    },
    {
      "Rank": 71,
      "Player": "Xenowan",
      "Points": 3,
      "Wins": 0,
      "Losses": 0,
      "Draws": 0,
      "OMWP": 0.5397,
      "GWP": 0.4286,
      "OGWP": 0.5556
    },
    {
      "Rank": 70,
      "Player": "chagu",
      "Points": 3,
      "Wins": 0,
      "Losses": 0,
      "Draws": 0,
      "OMWP": 0.5714,
      "GWP": 0.3333,
      "OGWP": 0.5903
    },
    {
      "Rank": 69,
      "Player": "fudgems",
      "Points": 3,
      "Wins": 0,
      "Losses": 0,
      "Draws": 0,
      "OMWP": 0.5872999999999999,
      "GWP": 0.375,
      "OGWP": 0.4903
    },
    {
      "Rank": 68,
      "Player": "CrazyMorango",
      "Points": 3,
      "Wins": 0,
      "Losses": 0,
      "Draws": 0,
      "OMWP": 0.5832999999999999,
      "GWP": 0.3,
      "OGWP": 0.5458
    },
    {
      "Rank": 67,
      "Player": "Rvng",
      "Points": 3,
      "Wins": 0,
      "Losses": 0,
      "Draws": 0,
      "OMWP": 0.6111,
      "GWP": 0.5,
      "OGWP": 0.5231
    },
    {
      "Rank": 66,
      "Player": "Nammersquats",
      "Points": 3,
      "Wins": 0,
      "Losses": 0,
      "Draws": 0,
      "OMWP": 0.6429,
      "GWP": 0.4286,
      "OGWP": 0.5826
    },
    {
      "Rank": 65,
      "Player": "No_e_that_knows",
      "Points": 6,
      "Wins": 0,
      "Losses": 0,
      "Draws": 0,
      "OMWP": 0.35710000000000003,
      "GWP": 0.44439999999999996,
      "OGWP": 0.44439999999999996
    },
    {
      "Rank": 64,
      "Player": "Lollopollo2001",
      "Points": 6,
      "Wins": 0,
      "Losses": 0,
      "Draws": 0,
      "OMWP": 0.3722,
      "GWP": 0.3889,
      "OGWP": 0.4083
    },
    {
      "Rank": 63,
      "Player": "DemianDesposito10",
      "Points": 6,
      "Wins": 0,
      "Losses": 0,
      "Draws": 0,
      "OMWP": 0.41159999999999997,
      "GWP": 0.3889,
      "OGWP": 0.42729999999999996
    },
    {
      "Rank": 62,
      "Player": "Sanchito",
      "Points": 6,
      "Wins": 0,
      "Losses": 0,
      "Draws": 0,
      "OMWP": 0.4694,
      "GWP": 0.2857,
      "OGWP": 0.4725
    },
    {
      "Rank": 61,
      "Player": "marcofabrizi",
      "Points": 6,
      "Wins": 0,
      "Losses": 0,
      "Draws": 0,
      "OMWP": 0.5333,
      "GWP": 0.5,
      "OGWP": 0.5059
    },
    {
      "Rank": 60,
      "Player": "JuanmaAT",
      "Points": 6,
      "Wins": 0,
      "Losses": 0,
      "Draws": 0,
      "OMWP": 0.5317000000000001,
      "GWP": 0.4118,
      "OGWP": 0.5197999999999999
    },
    {
      "Rank": 59,
      "Player": "aplapp",
      "Points": 6,
      "Wins": 0,
      "Losses": 0,
      "Draws": 0,
      "OMWP": 0.5437,
      "GWP": 0.4,
      "OGWP": 0.4993
    },
    {
      "Rank": 58,
      "Player": "Xerk",
      "Points": 6,
      "Wins": 0,
      "Losses": 0,
      "Draws": 0,
      "OMWP": 0.5556,
      "GWP": 0.4706,
      "OGWP": 0.4941
    },
    {
      "Rank": 57,
      "Player": "DB_Dykman",
      "Points": 6,
      "Wins": 0,
      "Losses": 0,
      "Draws": 0,
      "OMWP": 0.5832999999999999,
      "GWP": 0.5455,
      "OGWP": 0.5207999999999999
    },
    {
      "Rank": 56,
      "Player": "NathanOfTheGiltLeaf",
      "Points": 6,
      "Wins": 0,
      "Losses": 0,
      "Draws": 0,
      "OMWP": 0.6809999999999999,
      "GWP": 0.3846,
      "OGWP": 0.5538000000000001
    },
    {
      "Rank": 55,
      "Player": "Doomenstein",
      "Points": 9,
      "Wins": 0,
      "Losses": 0,
      "Draws": 0,
      "OMWP": 0.4286,
      "GWP": 0.5,
      "OGWP": 0.4127
    },
    {
      "Rank": 54,
      "Player": "KurumimBagoRosa",
      "Points": 9,
      "Wins": 0,
      "Losses": 0,
      "Draws": 0,
      "OMWP": 0.4354,
      "GWP": 0.4706,
      "OGWP": 0.45399999999999996
    },
    {
      "Rank": 53,
      "Player": "xfile",
      "Points": 9,
      "Wins": 0,
      "Losses": 0,
      "Draws": 0,
      "OMWP": 0.4694,
      "GWP": 0.44439999999999996,
      "OGWP": 0.48810000000000003
    },
    {
      "Rank": 52,
      "Player": "Doelle98",
      "Points": 9,
      "Wins": 0,
      "Losses": 0,
      "Draws": 0,
      "OMWP": 0.4722,
      "GWP": 0.4706,
      "OGWP": 0.4815
    },
    {
      "Rank": 51,
      "Player": "luvadepedreiro",
      "Points": 9,
      "Wins": 0,
      "Losses": 0,
      "Draws": 0,
      "OMWP": 0.4722,
      "GWP": 0.5333,
      "OGWP": 0.4562
    },
    {
      "Rank": 50,
      "Player": "keyzoo",
      "Points": 9,
      "Wins": 0,
      "Losses": 0,
      "Draws": 0,
      "OMWP": 0.5,
      "GWP": 0.44439999999999996,
      "OGWP": 0.4569
    },
    {
      "Rank": 49,
      "Player": "RNicoF",
      "Points": 9,
      "Wins": 0,
      "Losses": 0,
      "Draws": 0,
      "OMWP": 0.5,
      "GWP": 0.4706,
      "OGWP": 0.4907
    },
    {
      "Rank": 48,
      "Player": "sandoiche",
      "Points": 9,
      "Wins": 0,
      "Losses": 0,
      "Draws": 0,
      "OMWP": 0.5,
      "GWP": 0.45,
      "OGWP": 0.4722
    },
    {
      "Rank": 47,
      "Player": "Taddy_99",
      "Points": 9,
      "Wins": 0,
      "Losses": 0,
      "Draws": 0,
      "OMWP": 0.5102,
      "GWP": 0.4118,
      "OGWP": 0.5043
    },
    {
      "Rank": 46,
      "Player": "Nowayh",
      "Points": 9,
      "Wins": 0,
      "Losses": 0,
      "Draws": 0,
      "OMWP": 0.5238,
      "GWP": 0.4706,
      "OGWP": 0.5139
    },
    {
      "Rank": 45,
      "Player": "peter780108",
      "Points": 9,
      "Wins": 0,
      "Losses": 0,
      "Draws": 0,
      "OMWP": 0.527,
      "GWP": 0.4706,
      "OGWP": 0.5002
    },
    {
      "Rank": 44,
      "Player": "klien7",
      "Points": 9,
      "Wins": 0,
      "Losses": 0,
      "Draws": 0,
      "OMWP": 0.5374,
      "GWP": 0.3889,
      "OGWP": 0.5464
    },
    {
      "Rank": 43,
      "Player": "TSPJendrek",
      "Points": 9,
      "Wins": 0,
      "Losses": 0,
      "Draws": 0,
      "OMWP": 0.5397,
      "GWP": 0.4286,
      "OGWP": 0.5156000000000001
    },
    {
      "Rank": 42,
      "Player": "ResponsiblyStupid",
      "Points": 9,
      "Wins": 0,
      "Losses": 0,
      "Draws": 0,
      "OMWP": 0.5397,
      "GWP": 0.4375,
      "OGWP": 0.5307
    },
    {
      "Rank": 41,
      "Player": "Badcookie",
      "Points": 9,
      "Wins": 0,
      "Losses": 0,
      "Draws": 0,
      "OMWP": 0.5476,
      "GWP": 0.5556,
      "OGWP": 0.5172
    },
    {
      "Rank": 40,
      "Player": "Vallejo97",
      "Points": 9,
      "Wins": 0,
      "Losses": 0,
      "Draws": 0,
      "OMWP": 0.619,
      "GWP": 0.5,
      "OGWP": 0.5848
    },
    {
      "Rank": 39,
      "Player": "Sommertroll",
      "Points": 12,
      "Wins": 0,
      "Losses": 0,
      "Draws": 0,
      "OMWP": 0.4415,
      "GWP": 0.5556,
      "OGWP": 0.46130000000000004
    },
    {
      "Rank": 38,
      "Player": "_J0SE_",
      "Points": 12,
      "Wins": 0,
      "Losses": 0,
      "Draws": 0,
      "OMWP": 0.4483,
      "GWP": 0.5556,
      "OGWP": 0.469
    },
    {
      "Rank": 37,
      "Player": "Malox11",
      "Points": 12,
      "Wins": 0,
      "Losses": 0,
      "Draws": 0,
      "OMWP": 0.449,
      "GWP": 0.5882000000000001,
      "OGWP": 0.42719999999999997
    },
    {
      "Rank": 36,
      "Player": "TheAdonis",
      "Points": 12,
      "Wins": 0,
      "Losses": 0,
      "Draws": 0,
      "OMWP": 0.483,
      "GWP": 0.5,
      "OGWP": 0.5071
    },
    {
      "Rank": 35,
      "Player": "Staroson",
      "Points": 12,
      "Wins": 0,
      "Losses": 0,
      "Draws": 0,
      "OMWP": 0.4993,
      "GWP": 0.5,
      "OGWP": 0.5597
    },
    {
      "Rank": 34,
      "Player": "Zolazar",
      "Points": 12,
      "Wins": 0,
      "Losses": 0,
      "Draws": 0,
      "OMWP": 0.5034000000000001,
      "GWP": 0.5,
      "OGWP": 0.5082
    },
    {
      "Rank": 33,
      "Player": "hugofreitas1",
      "Points": 12,
      "Wins": 0,
      "Losses": 0,
      "Draws": 0,
      "OMWP": 0.5102,
      "GWP": 0.6111,
      "OGWP": 0.495
    },
    {
      "Rank": 32,
      "Player": "manukoka",
      "Points": 12,
      "Wins": 0,
      "Losses": 0,
      "Draws": 0,
      "OMWP": 0.5278,
      "GWP": 0.5263,
      "OGWP": 0.5045000000000001
    },
    {
      "Rank": 31,
      "Player": "sokos13",
      "Points": 12,
      "Wins": 0,
      "Losses": 0,
      "Draws": 0,
      "OMWP": 0.5442,
      "GWP": 0.5,
      "OGWP": 0.5047999999999999
    },
    {
      "Rank": 30,
      "Player": "Maccaciock",
      "Points": 12,
      "Wins": 0,
      "Losses": 0,
      "Draws": 0,
      "OMWP": 0.551,
      "GWP": 0.55,
      "OGWP": 0.523
    },
    {
      "Rank": 29,
      "Player": "wzanotti",
      "Points": 12,
      "Wins": 0,
      "Losses": 0,
      "Draws": 0,
      "OMWP": 0.5544,
      "GWP": 0.5882000000000001,
      "OGWP": 0.5141
    },
    {
      "Rank": 28,
      "Player": "sebastianpozzo",
      "Points": 12,
      "Wins": 0,
      "Losses": 0,
      "Draws": 0,
      "OMWP": 0.5578,
      "GWP": 0.5263,
      "OGWP": 0.5478999999999999
    },
    {
      "Rank": 27,
      "Player": "conconman",
      "Points": 12,
      "Wins": 0,
      "Losses": 0,
      "Draws": 0,
      "OMWP": 0.5639,
      "GWP": 0.5294,
      "OGWP": 0.5312
    },
    {
      "Rank": 26,
      "Player": "bomberboss",
      "Points": 12,
      "Wins": 0,
      "Losses": 0,
      "Draws": 0,
      "OMWP": 0.5646,
      "GWP": 0.625,
      "OGWP": 0.5085000000000001
    },
    {
      "Rank": 25,
      "Player": "kanister",
      "Points": 12,
      "Wins": 0,
      "Losses": 0,
      "Draws": 0,
      "OMWP": 0.5918,
      "GWP": 0.5,
      "OGWP": 0.5782
    },
    {
      "Rank": 24,
      "Player": "TheEndofJakes",
      "Points": 12,
      "Wins": 0,
      "Losses": 0,
      "Draws": 0,
      "OMWP": 0.5918,
      "GWP": 0.5789,
      "OGWP": 0.5475
    },
    {
      "Rank": 23,
      "Player": "nahuel10",
      "Points": 12,
      "Wins": 0,
      "Losses": 0,
      "Draws": 0,
      "OMWP": 0.5986,
      "GWP": 0.5263,
      "OGWP": 0.5374
    },
    {
      "Rank": 22,
      "Player": "Mistakenn",
      "Points": 12,
      "Wins": 0,
      "Losses": 0,
      "Draws": 0,
      "OMWP": 0.6111,
      "GWP": 0.5789,
      "OGWP": 0.5382
    },
    {
      "Rank": 21,
      "Player": "416FrowningTable",
      "Points": 12,
      "Wins": 0,
      "Losses": 0,
      "Draws": 0,
      "OMWP": 0.6259,
      "GWP": 0.5556,
      "OGWP": 0.5326
    },
    {
      "Rank": 20,
      "Player": "HappySandwich",
      "Points": 15,
      "Wins": 0,
      "Losses": 0,
      "Draws": 0,
      "OMWP": 0.4694,
      "GWP": 0.625,
      "OGWP": 0.4585
    },
    {
      "Rank": 19,
      "Player": "ShadowTitan1",
      "Points": 15,
      "Wins": 0,
      "Losses": 0,
      "Draws": 0,
      "OMWP": 0.4932,
      "GWP": 0.6111,
      "OGWP": 0.4697
    },
    {
      "Rank": 18,
      "Player": "Jedgi",
      "Points": 15,
      "Wins": 0,
      "Losses": 0,
      "Draws": 0,
      "OMWP": 0.5278,
      "GWP": 0.5263,
      "OGWP": 0.537
    },
    {
      "Rank": 17,
      "Player": "Fatal_Vlad",
      "Points": 15,
      "Wins": 0,
      "Losses": 0,
      "Draws": 0,
      "OMWP": 0.5278,
      "GWP": 0.625,
      "OGWP": 0.521
    },
    {
      "Rank": 16,
      "Player": "Misplacedginger",
      "Points": 15,
      "Wins": 0,
      "Losses": 0,
      "Draws": 0,
      "OMWP": 0.5238,
      "GWP": 0.6667000000000001,
      "OGWP": 0.47840000000000005
    },
    {
      "Rank": 15,
      "Player": "Darthkid",
      "Points": 15,
      "Wins": 0,
      "Losses": 0,
      "Draws": 0,
      "OMWP": 0.5238,
      "GWP": 0.6875,
      "OGWP": 0.5089
    },
    {
      "Rank": 14,
      "Player": "doom580",
      "Points": 15,
      "Wins": 0,
      "Losses": 0,
      "Draws": 0,
      "OMWP": 0.5556,
      "GWP": 0.5789,
      "OGWP": 0.505
    },
    {
      "Rank": 13,
      "Player": "unworldlyorigin",
      "Points": 15,
      "Wins": 0,
      "Losses": 0,
      "Draws": 0,
      "OMWP": 0.5578,
      "GWP": 0.6470999999999999,
      "OGWP": 0.5357
    },
    {
      "Rank": 12,
      "Player": "eclipse4343",
      "Points": 15,
      "Wins": 0,
      "Losses": 0,
      "Draws": 0,
      "OMWP": 0.5986,
      "GWP": 0.5789,
      "OGWP": 0.5666
    },
    {
      "Rank": 11,
      "Player": "viktor_von_muerte",
      "Points": 15,
      "Wins": 0,
      "Losses": 0,
      "Draws": 0,
      "OMWP": 0.5986,
      "GWP": 0.7059000000000001,
      "OGWP": 0.5574
    },
    {
      "Rank": 10,
      "Player": "Sven745",
      "Points": 15,
      "Wins": 0,
      "Losses": 0,
      "Draws": 0,
      "OMWP": 0.6389,
      "GWP": 0.5789,
      "OGWP": 0.5919
    },
    {
      "Rank": 9,
      "Player": "J0hnWick",
      "Points": 15,
      "Wins": 0,
      "Losses": 0,
      "Draws": 0,
      "OMWP": 0.6395000000000001,
      "GWP": 0.6470999999999999,
      "OGWP": 0.5569
    },
    {
      "Rank": 8,
      "Player": "HouseOfManaMTG",
      "Points": 15,
      "Wins": 0,
      "Losses": 0,
      "Draws": 0,
      "OMWP": 0.6939,
      "GWP": 0.6315999999999999,
      "OGWP": 0.5858
    },
    {
      "Rank": 7,
      "Player": "ultrasuperbob",
      "Points": 18,
      "Wins": 0,
      "Losses": 0,
      "Draws": 0,
      "OMWP": 0.5401,
      "GWP": 0.6667000000000001,
      "OGWP": 0.5023
    },
    {
      "Rank": 6,
      "Player": "DemonicTutors",
      "Points": 18,
      "Wins": 0,
      "Losses": 0,
      "Draws": 0,
      "OMWP": 0.5986,
      "GWP": 0.6429,
      "OGWP": 0.5539999999999999
    },
    {
      "Rank": 5,
      "Player": "Deathnote1999",
      "Points": 18,
      "Wins": 0,
      "Losses": 0,
      "Draws": 0,
      "OMWP": 0.5986,
      "GWP": 0.8125,
      "OGWP": 0.545
    },
    {
      "Rank": 4,
      "Player": "MeninooNey",
      "Points": 21,
      "Wins": 0,
      "Losses": 0,
      "Draws": 0,
      "OMWP": 0.5639,
      "GWP": 0.6111,
      "OGWP": 0.5314
    },
    {
      "Rank": 3,
      "Player": "groot02",
      "Points": 21,
      "Wins": 0,
      "Losses": 0,
      "Draws": 0,
      "OMWP": 0.6803,
      "GWP": 0.7059000000000001,
      "OGWP": 0.5982
    },
    {
      "Rank": 2,
      "Player": "hermanomlg",
      "Points": 24,
      "Wins": 0,
      "Losses": 0,
      "Draws": 0,
      "OMWP": 0.5943999999999999,
      "GWP": 0.6875,
      "OGWP": 0.5574
    },
    {
      "Rank": 1,
      "Player": "termidor",
      "Points": 27,
      "Wins": 0,
      "Losses": 0,
      "Draws": 0,
      "OMWP": 0.6389,
      "GWP": 0.6470999999999999,
      "OGWP": 0.5575
    }
  ]
}