{
  "Tournament": {
    "Id": 12801667,
    "Date": "2025-07-06T05:00:00",
    "Name": "Legacy Challenge 32",
    "Uri": null,
    "JsonFile": null,
    "ForceRedownload": false
  },
  "Decks": null,
  "Rounds": [
    {
      "RoundName": "Round 1",
      "Matches": [
        {
          "Player1": "AJV20",
          "Player2": "Munchlax446",
          "Result": "0-2-0"
        },
        {
          "Player1": "yoshiwata",
          "Player2": "OSCA66",
          "Result": "0-2-0"
        },
        {
          "Player1": "medvedev",
          "Player2": "DominiqueTutor",
          "Result": "2-0-0"
        },
        {
          "Player1": "fredmcfred",
          "Player2": "bless_von",
          "Result": "2-0-0"
        },
        {
          "Player1": "EiJunCHN",
          "Player2": "lia2022",
          "Result": "0-2-0"
        },
        {
          "Player1": "Magic_Dads71522",
          "Player2": "Uzbek",
          "Result": "0-0-0"
        },
        {
          "Player1": "mijukumono",
          "Player2": "Knuto16",
          "Result": "2-0-0"
        },
        {
          "Player1": "musasabi",
          "Player2": "iceyfire95",
          "Result": "0-2-0"
        },
        {
          "Player1": "quinniac",
          "Player2": "lilianna1989",
          "Result": "0-0-0"
        },
        {
          "Player1": "-Nausea-",
          "Player2": "Deerwife",
          "Result": "0-2-0"
        },
        {
          "Player1": "fatumi",
          "Player2": "triplesleeved",
          "Result": "2-0-0"
        },
        {
          "Player1": "Capriccioso",
          "Player2": "wcl",
          "Result": "0-2-0"
        },
        {
          "Player1": "fuya",
          "Player2": "Ailien02",
          "Result": "0-0-0"
        },
        {
          "Player1": "MdvWin",
          "Player2": "thatmaverickjoe",
          "Result": "0-0-0"
        },
        {
          "Player1": "EmperorOppai",
          "Player2": "DMianete",
          "Result": "2-0-0"
        },
        {
          "Player1": "DLCabelo",
          "Player2": "Roodslay",
          "Result": "2-0-0"
        },
        {
          "Player1": "DarkDepthsAniki",
          "Player2": "Geodude_Jared",
          "Result": "2-0-0"
        },
        {
          "Player1": "kentaro_hokori",
          "Player2": "Srogers90",
          "Result": "0-2-0"
        }
      ]
    },
    {
      "RoundName": "Round 2",
      "Matches": [
        {
          "Player1": "OSCA66",
          "Player2": "fatumi",
          "Result": "0-2-0"
        },
        {
          "Player1": "yoshiwata",
          "Player2": "Roodslay",
          "Result": "2-0-0"
        },
        {
          "Player1": "Ailien02",
          "Player2": "-Nausea-",
          "Result": "0-0-0"
        },
        {
          "Player1": "EiJunCHN",
          "Player2": "Magic_Dads71522",
          "Result": "0-2-0"
        },
        {
          "Player1": "fredmcfred",
          "Player2": "EmperorOppai",
          "Result": "2-0-0"
        },
        {
          "Player1": "kentaro_hokori",
          "Player2": "DominiqueTutor",
          "Result": "0-2-0"
        },
        {
          "Player1": "DLCabelo",
          "Player2": "mijukumono",
          "Result": "2-0-0"
        },
        {
          "Player1": "fuya",
          "Player2": "iceyfire95",
          "Result": "2-0-0"
        },
        {
          "Player1": "AJV20",
          "Player2": "triplesleeved",
          "Result": "0-2-0"
        },
        {
          "Player1": "medvedev",
          "Player2": "Srogers90",
          "Result": "0-2-0"
        },
        {
          "Player1": "Uzbek",
          "Player2": "lia2022",
          "Result": "0-2-0"
        },
        {
          "Player1": "Capriccioso",
          "Player2": "musasabi",
          "Result": "0-2-0"
        },
        {
          "Player1": "DMianete",
          "Player2": "Knuto16",
          "Result": "2-0-0"
        },
        {
          "Player1": "MdvWin",
          "Player2": "lilianna1989",
          "Result": "2-0-0"
        },
        {
          "Player1": "quinniac",
          "Player2": "thatmaverickjoe",
          "Result": "2-0-0"
        },
        {
          "Player1": "Munchlax446",
          "Player2": "wcl",
          "Result": "0-2-0"
        },
        {
          "Player1": "DarkDepthsAniki",
          "Player2": "Deerwife",
          "Result": "2-0-0"
        },
        {
          "Player1": "bless_von",
          "Player2": "Geodude_Jared",
          "Result": "2-0-0"
        }
      ]
    },
    {
      "RoundName": "Round 3",
      "Matches": [
        {
          "Player1": "musasabi",
          "Player2": "EiJunCHN",
          "Result": "2-0-0"
        },
        {
          "Player1": "bless_von",
          "Player2": "iceyfire95",
          "Result": "0-2-0"
        },
        {
          "Player1": "DarkDepthsAniki",
          "Player2": "MdvWin",
          "Result": "0-2-0"
        },
        {
          "Player1": "Deerwife",
          "Player2": "triplesleeved",
          "Result": "2-0-0"
        },
        {
          "Player1": "Ailien02",
          "Player2": "thatmaverickjoe",
          "Result": "0-2-0"
        },
        {
          "Player1": "mijukumono",
          "Player2": "Munchlax446",
          "Result": "0-2-0"
        },
        {
          "Player1": "quinniac",
          "Player2": "Magic_Dads71522",
          "Result": "0-0-0"
        },
        {
          "Player1": "OSCA66",
          "Player2": "DMianete",
          "Result": "2-0-0"
        },
        {
          "Player1": "Srogers90",
          "Player2": "fatumi",
          "Result": "0-2-0"
        },
        {
          "Player1": "fuya",
          "Player2": "lia2022",
          "Result": "0-0-0"
        },
        {
          "Player1": "medvedev",
          "Player2": "wcl",
          "Result": "2-0-0"
        },
        {
          "Player1": "yoshiwata",
          "Player2": "EmperorOppai",
          "Result": "0-0-0"
        },
        {
          "Player1": "DominiqueTutor",
          "Player2": "-Nausea-",
          "Result": "0-2-0"
        },
        {
          "Player1": "lilianna1989",
          "Player2": "Uzbek",
          "Result": "0-2-0"
        },
        {
          "Player1": "DLCabelo",
          "Player2": "fredmcfred",
          "Result": "0-2-0"
        },
        {
          "Player1": "kentaro_hokori",
          "Player2": "AJV20",
          "Result": "2-0-0"
        }
      ]
    },
    {
      "RoundName": "Round 4",
      "Matches": [
        {
          "Player1": "DominiqueTutor",
          "Player2": "triplesleeved",
          "Result": "2-0-0"
        },
        {
          "Player1": "DarkDepthsAniki",
          "Player2": "wcl",
          "Result": "2-0-0"
        },
        {
          "Player1": "quinniac",
          "Player2": "EmperorOppai",
          "Result": "0-2-0"
        },
        {
          "Player1": "fredmcfred",
          "Player2": "fatumi",
          "Result": "2-0-0"
        },
        {
          "Player1": "yoshiwata",
          "Player2": "thatmaverickjoe",
          "Result": "2-0-0"
        },
        {
          "Player1": "musasabi",
          "Player2": "Munchlax446",
          "Result": "0-0-0"
        },
        {
          "Player1": "DMianete",
          "Player2": "Magic_Dads71522",
          "Result": "2-0-0"
        },
        {
          "Player1": "medvedev",
          "Player2": "iceyfire95",
          "Result": "2-0-0"
        },
        {
          "Player1": "kentaro_hokori",
          "Player2": "Deerwife",
          "Result": "2-0-0"
        },
        {
          "Player1": "mijukumono",
          "Player2": "Roodslay",
          "Result": "0-2-0"
        },
        {
          "Player1": "DLCabelo",
          "Player2": "Srogers90",
          "Result": "0-0-0"
        },
        {
          "Player1": "OSCA66",
          "Player2": "fuya",
          "Result": "2-0-0"
        },
        {
          "Player1": "-Nausea-",
          "Player2": "Uzbek",
          "Result": "2-0-0"
        },
        {
          "Player1": "MdvWin",
          "Player2": "lia2022",
          "Result": "2-0-0"
        }
      ]
    },
    {
      "RoundName": "Round 5",
      "Matches": [
        {
          "Player1": "DarkDepthsAniki",
          "Player2": "Munchlax446",
          "Result": "0-2-0"
        },
        {
          "Player1": "Roodslay",
          "Player2": "Deerwife",
          "Result": "2-0-0"
        },
        {
          "Player1": "medvedev",
          "Player2": "quinniac",
          "Result": "0-2-0"
        },
        {
          "Player1": "fuya",
          "Player2": "Magic_Dads71522",
          "Result": "0-2-0"
        },
        {
          "Player1": "yoshiwata",
          "Player2": "musasabi",
          "Result": "0-2-0"
        },
        {
          "Player1": "lilianna1989",
          "Player2": "DMianete",
          "Result": "2-0-0"
        },
        {
          "Player1": "Srogers90",
          "Player2": "EmperorOppai",
          "Result": "2-0-0"
        },
        {
          "Player1": "fatumi",
          "Player2": "lia2022",
          "Result": "0-2-0"
        },
        {
          "Player1": "fredmcfred",
          "Player2": "MdvWin",
          "Result": "0-2-0"
        },
        {
          "Player1": "kentaro_hokori",
          "Player2": "Uzbek",
          "Result": "2-0-0"
        },
        {
          "Player1": "DLCabelo",
          "Player2": "iceyfire95",
          "Result": "0-0-0"
        },
        {
          "Player1": "DominiqueTutor",
          "Player2": "wcl",
          "Result": "0-2-0"
        },
        {
          "Player1": "OSCA66",
          "Player2": "-Nausea-",
          "Result": "2-0-0"
        }
      ]
    },
    {
      "RoundName": "Round 6",
      "Matches": [
        {
          "Player1": "DMianete",
          "Player2": "thatmaverickjoe",
          "Result": "2-0-0"
        },
        {
          "Player1": "musasabi",
          "Player2": "quinniac",
          "Result": "0-2-0"
        },
        {
          "Player1": "DominiqueTutor",
          "Player2": "yoshiwata",
          "Result": "0-2-0"
        },
        {
          "Player1": "lilianna1989",
          "Player2": "fatumi",
          "Result": "0-2-0"
        },
        {
          "Player1": "fuya",
          "Player2": "Uzbek",
          "Result": "0-2-0"
        },
        {
          "Player1": "DarkDepthsAniki",
          "Player2": "EmperorOppai",
          "Result": "0-2-0"
        },
        {
          "Player1": "-Nausea-",
          "Player2": "wcl",
          "Result": "2-0-0"
        },
        {
          "Player1": "iceyfire95",
          "Player2": "Magic_Dads71522",
          "Result": "2-0-0"
        },
        {
          "Player1": "OSCA66",
          "Player2": "MdvWin",
          "Result": "2-0-0"
        },
        {
          "Player1": "DLCabelo",
          "Player2": "kentaro_hokori",
          "Result": "0-2-0"
        },
        {
          "Player1": "Srogers90",
          "Player2": "lia2022",
          "Result": "2-0-0"
        },
        {
          "Player1": "fredmcfred",
          "Player2": "Munchlax446",
          "Result": "0-2-0"
        },
        {
          "Player1": "medvedev",
          "Player2": "Roodslay",
          "Result": "0-2-0"
        }
      ]
    },
    {
      "RoundName": "Round 7",
      "Matches": [
        {
          "Player1": "fredmcfred",
          "Player2": "Munchlax446",
          "Result": "0-2-0"
        },
        {
          "Player1": "OSCA66",
          "Player2": "EmperorOppai",
          "Result": "2-0-0"
        },
        {
          "Player1": "MdvWin",
          "Player2": "fatumi",
          "Result": "2-1-0"
        },
        {
          "Player1": "Srogers90",
          "Player2": "lia2022",
          "Result": "0-0-0"
        }
      ]
    },
    {
      "RoundName": "Round 8",
      "Matches": [
        {
          "Player1": "OSCA66",
          "Player2": "MdvWin",
          "Result": "0-2-0"
        },
        {
          "Player1": "Srogers90",
          "Player2": "Munchlax446",
          "Result": "0-2-0"
        }
      ]
    },
    {
      "RoundName": "Round 9",
      "Matches": [
        {
          "Player1": "MdvWin",
          "Player2": "Munchlax446",
          "Result": "2-0-0"
        }
      ]
    }
  ],
  "Standings": [
    {
      "Rank": 36,
      "Player": "Knuto16",
      "Points": 0,
      "Wins": 0,
      "Losses": 0,
      "Draws": 0,
      "OMWP": 0.4167,
      "GWP": 0.2,
      "OGWP": 0.4167
    },
    {
      "Rank": 35,
      "Player": "Geodude_Jared",
      "Points": 0,
      "Wins": 0,
      "Losses": 0,
      "Draws": 0,
      "OMWP": 0.4167,
      "GWP": 0.2,
      "OGWP": 0.4955
    },
    {
      "Rank": 34,
      "Player": "Ailien02",
      "Points": 0,
      "Wins": 0,
      "Losses": 0,
      "Draws": 0,
      "OMWP": 0.44439999999999996,
      "GWP": 0.1429,
      "OGWP": 0.47130000000000005
    },
    {
      "Rank": 33,
      "Player": "Capriccioso",
      "Points": 0,
      "Wins": 0,
      "Losses": 0,
      "Draws": 0,
      "OMWP": 0.5,
      "GWP": 0,
      "OGWP": 0.5549000000000001
    },
    {
      "Rank": 32,
      "Player": "EiJunCHN",
      "Points": 0,
      "Wins": 0,
      "Losses": 0,
      "Draws": 0,
      "OMWP": 0.5,
      "GWP": 0,
      "OGWP": 0.5571
    },
    {
      "Rank": 31,
      "Player": "AJV20",
      "Points": 0,
      "Wins": 0,
      "Losses": 0,
      "Draws": 0,
      "OMWP": 0.6111,
      "GWP": 0.1429,
      "OGWP": 0.5974
    },
    {
      "Rank": 30,
      "Player": "triplesleeved",
      "Points": 3,
      "Wins": 0,
      "Losses": 0,
      "Draws": 0,
      "OMWP": 0.43329999999999996,
      "GWP": 0.3636,
      "OGWP": 0.4167
    },
    {
      "Rank": 29,
      "Player": "bless_von",
      "Points": 3,
      "Wins": 0,
      "Losses": 0,
      "Draws": 0,
      "OMWP": 0.5,
      "GWP": 0.4286,
      "OGWP": 0.4825
    },
    {
      "Rank": 28,
      "Player": "mijukumono",
      "Points": 3,
      "Wins": 0,
      "Losses": 0,
      "Draws": 0,
      "OMWP": 0.5832999999999999,
      "GWP": 0.3,
      "OGWP": 0.5229
    },
    {
      "Rank": 27,
      "Player": "Magic_Dads71522",
      "Points": 6,
      "Wins": 0,
      "Losses": 0,
      "Draws": 0,
      "OMWP": 0.4722,
      "GWP": 0.5,
      "OGWP": 0.45890000000000003
    },
    {
      "Rank": 26,
      "Player": "DominiqueTutor",
      "Points": 6,
      "Wins": 0,
      "Losses": 0,
      "Draws": 0,
      "OMWP": 0.5278,
      "GWP": 0.4375,
      "OGWP": 0.5354
    },
    {
      "Rank": 25,
      "Player": "fuya",
      "Points": 6,
      "Wins": 0,
      "Losses": 0,
      "Draws": 0,
      "OMWP": 0.5278,
      "GWP": 0.4667,
      "OGWP": 0.49920000000000003
    },
    {
      "Rank": 24,
      "Player": "Deerwife",
      "Points": 6,
      "Wins": 0,
      "Losses": 0,
      "Draws": 0,
      "OMWP": 0.5667,
      "GWP": 0.3333,
      "OGWP": 0.5637
    },
    {
      "Rank": 23,
      "Player": "thatmaverickjoe",
      "Points": 6,
      "Wins": 0,
      "Losses": 0,
      "Draws": 0,
      "OMWP": 0.5667,
      "GWP": 0.3846,
      "OGWP": 0.5167
    },
    {
      "Rank": 22,
      "Player": "iceyfire95",
      "Points": 9,
      "Wins": 0,
      "Losses": 0,
      "Draws": 0,
      "OMWP": 0.4167,
      "GWP": 0.4,
      "OGWP": 0.48810000000000003
    },
    {
      "Rank": 21,
      "Player": "DMianete",
      "Points": 9,
      "Wins": 0,
      "Losses": 0,
      "Draws": 0,
      "OMWP": 0.5,
      "GWP": 0.5,
      "OGWP": 0.4855
    },
    {
      "Rank": 20,
      "Player": "Uzbek",
      "Points": 9,
      "Wins": 0,
      "Losses": 0,
      "Draws": 0,
      "OMWP": 0.5278,
      "GWP": 0.4286,
      "OGWP": 0.5508
    },
    {
      "Rank": 19,
      "Player": "wcl",
      "Points": 9,
      "Wins": 0,
      "Losses": 0,
      "Draws": 0,
      "OMWP": 0.5278,
      "GWP": 0.5385,
      "OGWP": 0.5239
    },
    {
      "Rank": 18,
      "Player": "musasabi",
      "Points": 9,
      "Wins": 0,
      "Losses": 0,
      "Draws": 0,
      "OMWP": 0.5278,
      "GWP": 0.5714,
      "OGWP": 0.4843
    },
    {
      "Rank": 17,
      "Player": "yoshiwata",
      "Points": 9,
      "Wins": 0,
      "Losses": 0,
      "Draws": 0,
      "OMWP": 0.5556,
      "GWP": 0.5,
      "OGWP": 0.5404
    },
    {
      "Rank": 16,
      "Player": "medvedev",
      "Points": 9,
      "Wins": 0,
      "Losses": 0,
      "Draws": 0,
      "OMWP": 0.5832999999999999,
      "GWP": 0.5333,
      "OGWP": 0.5506
    },
    {
      "Rank": 15,
      "Player": "DarkDepthsAniki",
      "Points": 9,
      "Wins": 0,
      "Losses": 0,
      "Draws": 0,
      "OMWP": 0.5943999999999999,
      "GWP": 0.5625,
      "OGWP": 0.5074000000000001
    },
    {
      "Rank": 14,
      "Player": "DLCabelo",
      "Points": 9,
      "Wins": 0,
      "Losses": 0,
      "Draws": 0,
      "OMWP": 0.6111,
      "GWP": 0.4286,
      "OGWP": 0.5775
    },
    {
      "Rank": 13,
      "Player": "lilianna1989",
      "Points": 9,
      "Wins": 0,
      "Losses": 0,
      "Draws": 0,
      "OMWP": 0.6333,
      "GWP": 0.46149999999999997,
      "OGWP": 0.5482
    },
    {
      "Rank": 12,
      "Player": "Roodslay",
      "Points": 12,
      "Wins": 0,
      "Losses": 0,
      "Draws": 0,
      "OMWP": 0.44670000000000004,
      "GWP": 0.6154,
      "OGWP": 0.4257
    },
    {
      "Rank": 11,
      "Player": "quinniac",
      "Points": 12,
      "Wins": 0,
      "Losses": 0,
      "Draws": 0,
      "OMWP": 0.4722,
      "GWP": 0.625,
      "OGWP": 0.4918
    },
    {
      "Rank": 10,
      "Player": "-Nausea-",
      "Points": 12,
      "Wins": 0,
      "Losses": 0,
      "Draws": 0,
      "OMWP": 0.4833,
      "GWP": 0.5625,
      "OGWP": 0.46740000000000004
    },
    {
      "Rank": 9,
      "Player": "kentaro_hokori",
      "Points": 12,
      "Wins": 0,
      "Losses": 0,
      "Draws": 0,
      "OMWP": 0.4833,
      "GWP": 0.7143,
      "OGWP": 0.4415
    },
    {
      "Rank": 8,
      "Player": "lia2022",
      "Points": 12,
      "Wins": 0,
      "Losses": 0,
      "Draws": 0,
      "OMWP": 0.5832999999999999,
      "GWP": 0.6,
      "OGWP": 0.5173
    },
    {
      "Rank": 7,
      "Player": "EmperorOppai",
      "Points": 12,
      "Wins": 0,
      "Losses": 0,
      "Draws": 0,
      "OMWP": 0.6111,
      "GWP": 0.5,
      "OGWP": 0.5982
    },
    {
      "Rank": 6,
      "Player": "fatumi",
      "Points": 12,
      "Wins": 0,
      "Losses": 0,
      "Draws": 0,
      "OMWP": 0.6389,
      "GWP": 0.5625,
      "OGWP": 0.5934
    },
    {
      "Rank": 5,
      "Player": "fredmcfred",
      "Points": 12,
      "Wins": 0,
      "Losses": 0,
      "Draws": 0,
      "OMWP": 0.6389,
      "GWP": 0.7143,
      "OGWP": 0.5432
    },
    {
      "Rank": 4,
      "Player": "OSCA66",
      "Points": 18,
      "Wins": 0,
      "Losses": 0,
      "Draws": 0,
      "OMWP": 0.5832999999999999,
      "GWP": 0.7333,
      "OGWP": 0.5361
    },
    {
      "Rank": 3,
      "Player": "Srogers90",
      "Points": 18,
      "Wins": 0,
      "Losses": 0,
      "Draws": 0,
      "OMWP": 0.6111,
      "GWP": 0.6875,
      "OGWP": 0.5564
    },
    {
      "Rank": 2,
      "Player": "Munchlax446",
      "Points": 21,
      "Wins": 0,
      "Losses": 0,
      "Draws": 0,
      "OMWP": 0.4722,
      "GWP": 0.7143,
      "OGWP": 0.5089
    },
    {
      "Rank": 1,
      "Player": "MdvWin",
      "Points": 24,
      "Wins": 0,
      "Losses": 0,
      "Draws": 0,
      "OMWP": 0.5832999999999999,
      "GWP": 0.625,
      "OGWP": 0.5760000000000001
    }
  ]
}