{
  "Tournament": {
    "Id": 12801675,
    "Date": "2025-07-06T21:00:00",
    "Name": "Limited Challenge 32",
    "Uri": null,
    "JsonFile": null,
    "ForceRedownload": false
  },
  "Decks": null,
  "Rounds": [
    {
      "RoundName": "Round 1",
      "Matches": [
        {
          "Player1": "Dave_Finkle",
          "Player2": "HDG_BorisE",
          "Result": "0-2-0"
        },
        {
          "Player1": "Merdstone",
          "Player2": "LucasG1ggs",
          "Result": "0-2-0"
        },
        {
          "Player1": "pirol94",
          "Player2": "ninepoundhammer",
          "Result": "0-2-0"
        },
        {
          "Player1": "KeithYaow",
          "Player2": "Doggo10358",
          "Result": "0-2-0"
        },
        {
          "Player1": "spartano",
          "Player2": "happypster",
          "Result": "2-0-0"
        },
        {
          "Player1": "qbeczkowo",
          "Player2": "manalacaio",
          "Result": "0-2-0"
        },
        {
          "Player1": "ROTATED",
          "Player2": "Rooney56",
          "Result": "2-0-0"
        },
        {
          "Player1": "Sarlanga",
          "Player2": "ScriptKip",
          "Result": "0-2-0"
        },
        {
          "Player1": "WestvalePreacher",
          "Player2": "Lifeisrisk7",
          "Result": "0-0-0"
        },
        {
          "Player1": "Xfer",
          "Player2": "LandHand",
          "Result": "0-2-0"
        },
        {
          "Player1": "MJ_23",
          "Player2": "Slatorade",
          "Result": "2-0-0"
        },
        {
          "Player1": "ItsMagicJuan",
          "Player2": "Moe12",
          "Result": "0-2-0"
        },
        {
          "Player1": "Bullz0Eye",
          "Player2": "Shulk",
          "Result": "0-2-0"
        },
        {
          "Player1": "coluche",
          "Player2": "DskBayWolf",
          "Result": "2-0-0"
        },
        {
          "Player1": "MoxDepression",
          "Player2": "77firegun77",
          "Result": "0-2-0"
        },
        {
          "Player1": "Lumbalgic",
          "Player2": "HyPPeR",
          "Result": "0-2-0"
        }
      ]
    },
    {
      "RoundName": "Round 2",
      "Matches": [
        {
          "Player1": "MJ_23",
          "Player2": "77firegun77",
          "Result": "0-2-0"
        },
        {
          "Player1": "Rooney56",
          "Player2": "Xfer",
          "Result": "2-0-0"
        },
        {
          "Player1": "Merdstone",
          "Player2": "MoxDepression",
          "Result": "2-0-0"
        },
        {
          "Player1": "ROTATED",
          "Player2": "Lifeisrisk7",
          "Result": "2-0-0"
        },
        {
          "Player1": "Dave_Finkle",
          "Player2": "KeithYaow",
          "Result": "0-2-0"
        },
        {
          "Player1": "Lumbalgic",
          "Player2": "ItsMagicJuan",
          "Result": "0-2-0"
        },
        {
          "Player1": "coluche",
          "Player2": "HyPPeR",
          "Result": "2-0-0"
        },
        {
          "Player1": "LucasG1ggs",
          "Player2": "Moe12",
          "Result": "0-2-0"
        },
        {
          "Player1": "WestvalePreacher",
          "Player2": "Bullz0Eye",
          "Result": "2-0-0"
        },
        {
          "Player1": "ScriptKip",
          "Player2": "ninepoundhammer",
          "Result": "2-0-0"
        },
        {
          "Player1": "manalacaio",
          "Player2": "LandHand",
          "Result": "0-2-0"
        },
        {
          "Player1": "Sarlanga",
          "Player2": "Slatorade",
          "Result": "0-0-0"
        },
        {
          "Player1": "spartano",
          "Player2": "Doggo10358",
          "Result": "0-2-0"
        },
        {
          "Player1": "Shulk",
          "Player2": "HDG_BorisE",
          "Result": "0-2-0"
        }
      ]
    },
    {
      "RoundName": "Round 3",
      "Matches": [
        {
          "Player1": "ROTATED",
          "Player2": "Doggo10358",
          "Result": "2-0-0"
        },
        {
          "Player1": "MJ_23",
          "Player2": "happypster",
          "Result": "0-2-0"
        },
        {
          "Player1": "HyPPeR",
          "Player2": "Lifeisrisk7",
          "Result": "0-2-0"
        },
        {
          "Player1": "ScriptKip",
          "Player2": "HDG_BorisE",
          "Result": "2-0-0"
        },
        {
          "Player1": "KeithYaow",
          "Player2": "manalacaio",
          "Result": "0-2-0"
        },
        {
          "Player1": "Merdstone",
          "Player2": "Shulk",
          "Result": "2-0-0"
        },
        {
          "Player1": "Rooney56",
          "Player2": "Bullz0Eye",
          "Result": "2-0-0"
        },
        {
          "Player1": "WestvalePreacher",
          "Player2": "ItsMagicJuan",
          "Result": "0-0-0"
        },
        {
          "Player1": "spartano",
          "Player2": "ninepoundhammer",
          "Result": "0-2-0"
        },
        {
          "Player1": "Sarlanga",
          "Player2": "LucasG1ggs",
          "Result": "2-0-0"
        },
        {
          "Player1": "Moe12",
          "Player2": "coluche",
          "Result": "0-2-0"
        },
        {
          "Player1": "77firegun77",
          "Player2": "LandHand",
          "Result": "2-0-0"
        }
      ]
    },
    {
      "RoundName": "Round 4",
      "Matches": [
        {
          "Player1": "happypster",
          "Player2": "manalacaio",
          "Result": "0-2-0"
        },
        {
          "Player1": "Lumbalgic",
          "Player2": "Shulk",
          "Result": "2-0-0"
        },
        {
          "Player1": "KeithYaow",
          "Player2": "HyPPeR",
          "Result": "0-2-0"
        },
        {
          "Player1": "Lifeisrisk7",
          "Player2": "LandHand",
          "Result": "0-2-0"
        },
        {
          "Player1": "Sarlanga",
          "Player2": "Merdstone",
          "Result": "0-0-0"
        },
        {
          "Player1": "ROTATED",
          "Player2": "77firegun77",
          "Result": "0-2-0"
        },
        {
          "Player1": "coluche",
          "Player2": "ScriptKip",
          "Result": "2-0-0"
        },
        {
          "Player1": "Rooney56",
          "Player2": "WestvalePreacher",
          "Result": "2-0-0"
        },
        {
          "Player1": "Doggo10358",
          "Player2": "ninepoundhammer",
          "Result": "0-2-0"
        },
        {
          "Player1": "HDG_BorisE",
          "Player2": "Moe12",
          "Result": "2-0-0"
        }
      ]
    },
    {
      "RoundName": "Round 5",
      "Matches": [
        {
          "Player1": "ROTATED",
          "Player2": "HDG_BorisE",
          "Result": "0-2-0"
        },
        {
          "Player1": "Sarlanga",
          "Player2": "ninepoundhammer",
          "Result": "2-0-0"
        },
        {
          "Player1": "Lumbalgic",
          "Player2": "happypster",
          "Result": "0-0-0"
        },
        {
          "Player1": "ScriptKip",
          "Player2": "LandHand",
          "Result": "0-2-0"
        },
        {
          "Player1": "Merdstone",
          "Player2": "WestvalePreacher",
          "Result": "2-0-0"
        },
        {
          "Player1": "Rooney56",
          "Player2": "manalacaio",
          "Result": "2-0-0"
        },
        {
          "Player1": "spartano",
          "Player2": "Lifeisrisk7",
          "Result": "0-2-0"
        },
        {
          "Player1": "HyPPeR",
          "Player2": "Moe12",
          "Result": "2-0-0"
        },
        {
          "Player1": "77firegun77",
          "Player2": "coluche",
          "Result": "0-2-0"
        }
      ]
    },
    {
      "RoundName": "Round 6",
      "Matches": [
        {
          "Player1": "spartano",
          "Player2": "KeithYaow",
          "Result": "0-2-0"
        },
        {
          "Player1": "Merdstone",
          "Player2": "happypster",
          "Result": "2-0-0"
        },
        {
          "Player1": "HyPPeR",
          "Player2": "ScriptKip",
          "Result": "0-2-0"
        },
        {
          "Player1": "Rooney56",
          "Player2": "77firegun77",
          "Result": "0-2-0"
        },
        {
          "Player1": "Lifeisrisk7",
          "Player2": "manalacaio",
          "Result": "2-0-0"
        },
        {
          "Player1": "Lumbalgic",
          "Player2": "Moe12",
          "Result": "2-0-0"
        },
        {
          "Player1": "ROTATED",
          "Player2": "ninepoundhammer",
          "Result": "0-2-0"
        },
        {
          "Player1": "Sarlanga",
          "Player2": "LandHand",
          "Result": "1-2-0"
        },
        {
          "Player1": "coluche",
          "Player2": "HDG_BorisE",
          "Result": "2-0-0"
        }
      ]
    }
  ],
  "Standings": [
    {
      "Rank": 32,
      "Player": "Bullz0Eye",
      "Points": 0,
      "Wins": 0,
      "Losses": 0,
      "Draws": 0,
      "OMWP": 0.5,
      "GWP": 0.1429,
      "OGWP": 0.4893
    },
    {
      "Rank": 31,
      "Player": "Slatorade",
      "Points": 0,
      "Wins": 0,
      "Losses": 0,
      "Draws": 0,
      "OMWP": 0.5,
      "GWP": 0.2,
      "OGWP": 0.4955
    },
    {
      "Rank": 30,
      "Player": "qbeczkowo",
      "Points": 0,
      "Wins": 0,
      "Losses": 0,
      "Draws": 0,
      "OMWP": 0.5,
      "GWP": 0.3333,
      "OGWP": 0.5294
    },
    {
      "Rank": 29,
      "Player": "Dave_Finkle",
      "Points": 0,
      "Wins": 0,
      "Losses": 0,
      "Draws": 0,
      "OMWP": 0.5832999999999999,
      "GWP": 0.2,
      "OGWP": 0.5167
    },
    {
      "Rank": 28,
      "Player": "pirol94",
      "Points": 0,
      "Wins": 0,
      "Losses": 0,
      "Draws": 0,
      "OMWP": 0.6667000000000001,
      "GWP": 0,
      "OGWP": 0.6667000000000001
    },
    {
      "Rank": 27,
      "Player": "MoxDepression",
      "Points": 0,
      "Wins": 0,
      "Losses": 0,
      "Draws": 0,
      "OMWP": 0.75,
      "GWP": 0,
      "OGWP": 0.6787000000000001
    },
    {
      "Rank": 26,
      "Player": "Xfer",
      "Points": 0,
      "Wins": 0,
      "Losses": 0,
      "Draws": 0,
      "OMWP": 0.75,
      "GWP": 0.2,
      "OGWP": 0.598
    },
    {
      "Rank": 25,
      "Player": "DskBayWolf",
      "Points": 0,
      "Wins": 0,
      "Losses": 0,
      "Draws": 0,
      "OMWP": 1,
      "GWP": 0.3333,
      "OGWP": 0.8571
    },
    {
      "Rank": 24,
      "Player": "ItsMagicJuan",
      "Points": 3,
      "Wins": 0,
      "Losses": 0,
      "Draws": 0,
      "OMWP": 0.44439999999999996,
      "GWP": 0.2857,
      "OGWP": 0.5255
    },
    {
      "Rank": 23,
      "Player": "Shulk",
      "Points": 3,
      "Wins": 0,
      "Losses": 0,
      "Draws": 0,
      "OMWP": 0.5417000000000001,
      "GWP": 0.4,
      "OGWP": 0.5065999999999999
    },
    {
      "Rank": 22,
      "Player": "LucasG1ggs",
      "Points": 3,
      "Wins": 0,
      "Losses": 0,
      "Draws": 0,
      "OMWP": 0.5556,
      "GWP": 0.2857,
      "OGWP": 0.5390999999999999
    },
    {
      "Rank": 21,
      "Player": "MJ_23",
      "Points": 3,
      "Wins": 0,
      "Losses": 0,
      "Draws": 0,
      "OMWP": 0.5556,
      "GWP": 0.4286,
      "OGWP": 0.5342
    },
    {
      "Rank": 20,
      "Player": "Doggo10358",
      "Points": 6,
      "Wins": 0,
      "Losses": 0,
      "Draws": 0,
      "OMWP": 0.5,
      "GWP": 0.4545,
      "OGWP": 0.5083
    },
    {
      "Rank": 19,
      "Player": "Moe12",
      "Points": 6,
      "Wins": 0,
      "Losses": 0,
      "Draws": 0,
      "OMWP": 0.5556,
      "GWP": 0.4667,
      "OGWP": 0.5165
    },
    {
      "Rank": 18,
      "Player": "spartano",
      "Points": 6,
      "Wins": 0,
      "Losses": 0,
      "Draws": 0,
      "OMWP": 0.5667,
      "GWP": 0.4,
      "OGWP": 0.5418999999999999
    },
    {
      "Rank": 17,
      "Player": "Lumbalgic",
      "Points": 9,
      "Wins": 0,
      "Losses": 0,
      "Draws": 0,
      "OMWP": 0.4,
      "GWP": 0.5714,
      "OGWP": 0.4341
    },
    {
      "Rank": 16,
      "Player": "KeithYaow",
      "Points": 9,
      "Wins": 0,
      "Losses": 0,
      "Draws": 0,
      "OMWP": 0.43329999999999996,
      "GWP": 0.5,
      "OGWP": 0.4376
    },
    {
      "Rank": 15,
      "Player": "happypster",
      "Points": 9,
      "Wins": 0,
      "Losses": 0,
      "Draws": 0,
      "OMWP": 0.4667,
      "GWP": 0.5,
      "OGWP": 0.5035000000000001
    },
    {
      "Rank": 14,
      "Player": "WestvalePreacher",
      "Points": 9,
      "Wins": 0,
      "Losses": 0,
      "Draws": 0,
      "OMWP": 0.5333,
      "GWP": 0.5385,
      "OGWP": 0.47450000000000003
    },
    {
      "Rank": 13,
      "Player": "manalacaio",
      "Points": 9,
      "Wins": 0,
      "Losses": 0,
      "Draws": 0,
      "OMWP": 0.5832999999999999,
      "GWP": 0.5294,
      "OGWP": 0.5196000000000001
    },
    {
      "Rank": 12,
      "Player": "HyPPeR",
      "Points": 9,
      "Wins": 0,
      "Losses": 0,
      "Draws": 0,
      "OMWP": 0.6111,
      "GWP": 0.4706,
      "OGWP": 0.5925
    },
    {
      "Rank": 11,
      "Player": "ROTATED",
      "Points": 9,
      "Wins": 0,
      "Losses": 0,
      "Draws": 0,
      "OMWP": 0.6667000000000001,
      "GWP": 0.4667,
      "OGWP": 0.5902000000000001
    },
    {
      "Rank": 10,
      "Player": "Merdstone",
      "Points": 12,
      "Wins": 0,
      "Losses": 0,
      "Draws": 0,
      "OMWP": 0.44439999999999996,
      "GWP": 0.5882000000000001,
      "OGWP": 0.4446
    },
    {
      "Rank": 9,
      "Player": "Rooney56",
      "Points": 12,
      "Wins": 0,
      "Losses": 0,
      "Draws": 0,
      "OMWP": 0.5,
      "GWP": 0.5294,
      "OGWP": 0.4951
    },
    {
      "Rank": 8,
      "Player": "ninepoundhammer",
      "Points": 12,
      "Wins": 0,
      "Losses": 0,
      "Draws": 0,
      "OMWP": 0.5,
      "GWP": 0.6667000000000001,
      "OGWP": 0.4647
    },
    {
      "Rank": 7,
      "Player": "HDG_BorisE",
      "Points": 12,
      "Wins": 0,
      "Losses": 0,
      "Draws": 0,
      "OMWP": 0.5278,
      "GWP": 0.5333,
      "OGWP": 0.5159
    },
    {
      "Rank": 6,
      "Player": "Lifeisrisk7",
      "Points": 12,
      "Wins": 0,
      "Losses": 0,
      "Draws": 0,
      "OMWP": 0.5278,
      "GWP": 0.5882000000000001,
      "OGWP": 0.512
    },
    {
      "Rank": 5,
      "Player": "Sarlanga",
      "Points": 12,
      "Wins": 0,
      "Losses": 0,
      "Draws": 0,
      "OMWP": 0.5832999999999999,
      "GWP": 0.5625,
      "OGWP": 0.5266
    },
    {
      "Rank": 4,
      "Player": "ScriptKip",
      "Points": 12,
      "Wins": 0,
      "Losses": 0,
      "Draws": 0,
      "OMWP": 0.7222,
      "GWP": 0.5714,
      "OGWP": 0.6261
    },
    {
      "Rank": 3,
      "Player": "LandHand",
      "Points": 15,
      "Wins": 0,
      "Losses": 0,
      "Draws": 0,
      "OMWP": 0.6111,
      "GWP": 0.6667000000000001,
      "OGWP": 0.5589999999999999
    },
    {
      "Rank": 2,
      "Player": "77firegun77",
      "Points": 15,
      "Wins": 0,
      "Losses": 0,
      "Draws": 0,
      "OMWP": 0.6111,
      "GWP": 0.7692,
      "OGWP": 0.547
    },
    {
      "Rank": 1,
      "Player": "coluche",
      "Points": 18,
      "Wins": 0,
      "Losses": 0,
      "Draws": 0,
      "OMWP": 0.5556,
      "GWP": 0.8571,
      "OGWP": 0.5241
    }
  ]
}