{
  "Tournament": {
    "Id": 12801666,
    "Date": "2025-07-06T03:00:00",
    "Name": "Modern Challenge 32",
    "Uri": null,
    "JsonFile": null,
    "ForceRedownload": false
  },
  "Decks": null,
  "Rounds": [
    {
      "RoundName": "Round 1",
      "Matches": [
        {
          "Player1": "HelpfulHobo",
          "Player2": "toothymtg",
          "Result": "0-2-0"
        },
        {
          "Player1": "galatriste",
          "Player2": "Ivan_Draw_Go",
          "Result": "2-0-0"
        },
        {
          "Player1": "ejk",
          "Player2": "melon_tree",
          "Result": "2-0-0"
        },
        {
          "Player1": "E_Hembree",
          "Player2": "Cachorrowo",
          "Result": "0-2-0"
        },
        {
          "Player1": "HouseOfManaMTG",
          "Player2": "jake-upLVT",
          "Result": "2-0-0"
        },
        {
          "Player1": "oinkmage22",
          "Player2": "MisterTwin",
          "Result": "2-0-0"
        },
        {
          "Player1": "LegacyGrinder",
          "Player2": "JulienRodriguez",
          "Result": "0-0-0"
        },
        {
          "Player1": "Matty_2266",
          "Player2": "Feski713",
          "Result": "0-2-0"
        },
        {
          "Player1": "Capitano_CL",
          "Player2": "Rozenbros",
          "Result": "2-0-0"
        },
        {
          "Player1": "ShadowTitan1",
          "Player2": "Kaziku",
          "Result": "2-0-0"
        },
        {
          "Player1": "gazmon48",
          "Player2": "werhsdnas1414",
          "Result": "2-0-0"
        },
        {
          "Player1": "EsperWTB",
          "Player2": "ninepoundhammer",
          "Result": "0-2-0"
        },
        {
          "Player1": "azax",
          "Player2": "brag1",
          "Result": "0-2-0"
        },
        {
          "Player1": "Pietart",
          "Player2": "haileysworld",
          "Result": "2-0-0"
        },
        {
          "Player1": "Grogore",
          "Player2": "Yut0kun",
          "Result": "2-0-0"
        },
        {
          "Player1": "Thronhart",
          "Player2": "4UBro",
          "Result": "2-0-0"
        },
        {
          "Player1": "NotCorazon",
          "Player2": "nahuel10",
          "Result": "0-2-0"
        },
        {
          "Player1": "DragonFodder",
          "Player2": "Micro",
          "Result": "2-0-0"
        },
        {
          "Player1": "Venom1",
          "Player2": "unworldlyorigin",
          "Result": "2-0-0"
        },
        {
          "Player1": "quinniac",
          "Player2": "Cesstyx",
          "Result": "0-2-0"
        },
        {
          "Player1": "xfile",
          "Player2": "e0068",
          "Result": "2-0-0"
        },
        {
          "Player1": "JCspider",
          "Player2": "Soseloso",
          "Result": "2-0-0"
        },
        {
          "Player1": "Schiaveto",
          "Player2": "xRagedFurballx",
          "Result": "0-2-0"
        },
        {
          "Player1": "kililk",
          "Player2": "xerioc",
          "Result": "2-0-0"
        },
        {
          "Player1": "MMelo",
          "Player2": "keezles",
          "Result": "2-0-0"
        },
        {
          "Player1": "termidor",
          "Player2": "SweetnamStyle",
          "Result": "0-2-0"
        },
        {
          "Player1": "zpikduM",
          "Player2": "DemianDesposito10",
          "Result": "0-2-0"
        },
        {
          "Player1": "billskillz",
          "Player2": "echecetmat35",
          "Result": "0-2-0"
        },
        {
          "Player1": "sandydogmtg",
          "Player2": "SafetyHazard",
          "Result": "0-2-0"
        }
      ]
    },
    {
      "RoundName": "Round 2",
      "Matches": [
        {
          "Player1": "gazmon48",
          "Player2": "brag1",
          "Result": "2-0-0"
        },
        {
          "Player1": "ejk",
          "Player2": "ShadowTitan1",
          "Result": "0-2-0"
        },
        {
          "Player1": "sandydogmtg",
          "Player2": "Micro",
          "Result": "1-2-0"
        },
        {
          "Player1": "Capitano_CL",
          "Player2": "Cachorrowo",
          "Result": "2-0-0"
        },
        {
          "Player1": "HelpfulHobo",
          "Player2": "JulienRodriguez",
          "Result": "2-0-0"
        },
        {
          "Player1": "Pietart",
          "Player2": "DemianDesposito10",
          "Result": "2-0-0"
        },
        {
          "Player1": "Rozenbros",
          "Player2": "jake-upLVT",
          "Result": "0-2-0"
        },
        {
          "Player1": "zpikduM",
          "Player2": "E_Hembree",
          "Result": "0-2-0"
        },
        {
          "Player1": "xerioc",
          "Player2": "werhsdnas1414",
          "Result": "0-2-0"
        },
        {
          "Player1": "DragonFodder",
          "Player2": "Thronhart",
          "Result": "2-0-0"
        },
        {
          "Player1": "LegacyGrinder",
          "Player2": "xRagedFurballx",
          "Result": "0-2-0"
        },
        {
          "Player1": "Venom1",
          "Player2": "nahuel10",
          "Result": "0-2-0"
        },
        {
          "Player1": "Matty_2266",
          "Player2": "Kaziku",
          "Result": "2-0-0"
        },
        {
          "Player1": "billskillz",
          "Player2": "termidor",
          "Result": "0-2-0"
        },
        {
          "Player1": "Crz",
          "Player2": "Grogore",
          "Result": "2-0-0"
        },
        {
          "Player1": "Ivan_Draw_Go",
          "Player2": "Yut0kun",
          "Result": "2-0-0"
        },
        {
          "Player1": "oinkmage22",
          "Player2": "Cesstyx",
          "Result": "0-0-0"
        },
        {
          "Player1": "NotCorazon",
          "Player2": "e0068",
          "Result": "0-2-0"
        },
        {
          "Player1": "xfile",
          "Player2": "SafetyHazard",
          "Result": "1-2-0"
        },
        {
          "Player1": "SweetnamStyle",
          "Player2": "MMelo",
          "Result": "0-2-0"
        },
        {
          "Player1": "kililk",
          "Player2": "ninepoundhammer",
          "Result": "1-2-0"
        },
        {
          "Player1": "echecetmat35",
          "Player2": "Feski713",
          "Result": "2-0-0"
        },
        {
          "Player1": "Schiaveto",
          "Player2": "quinniac",
          "Result": "2-0-0"
        },
        {
          "Player1": "Soseloso",
          "Player2": "keezles",
          "Result": "2-0-0"
        },
        {
          "Player1": "JCspider",
          "Player2": "galatriste",
          "Result": "2-0-0"
        },
        {
          "Player1": "MisterTwin",
          "Player2": "melon_tree",
          "Result": "0-2-0"
        },
        {
          "Player1": "HouseOfManaMTG",
          "Player2": "toothymtg",
          "Result": "0-2-0"
        },
        {
          "Player1": "unworldlyorigin",
          "Player2": "4UBro",
          "Result": "0-0-0"
        }
      ]
    },
    {
      "RoundName": "Round 3",
      "Matches": [
        {
          "Player1": "Crz",
          "Player2": "toothymtg",
          "Result": "2-0-0"
        },
        {
          "Player1": "galatriste",
          "Player2": "unworldlyorigin",
          "Result": "0-2-0"
        },
        {
          "Player1": "Thronhart",
          "Player2": "e0068",
          "Result": "2-0-0"
        },
        {
          "Player1": "Pietart",
          "Player2": "ninepoundhammer",
          "Result": "2-0-0"
        },
        {
          "Player1": "nahuel10",
          "Player2": "xRagedFurballx",
          "Result": "0-2-0"
        },
        {
          "Player1": "quinniac",
          "Player2": "MisterTwin",
          "Result": "2-0-0"
        },
        {
          "Player1": "Schiaveto",
          "Player2": "EsperWTB",
          "Result": "0-2-0"
        },
        {
          "Player1": "Soseloso",
          "Player2": "jake-upLVT",
          "Result": "0-2-0"
        },
        {
          "Player1": "Venom1",
          "Player2": "Matty_2266",
          "Result": "0-2-0"
        },
        {
          "Player1": "termidor",
          "Player2": "Feski713",
          "Result": "2-0-0"
        },
        {
          "Player1": "Capitano_CL",
          "Player2": "MMelo",
          "Result": "2-0-0"
        },
        {
          "Player1": "NotCorazon",
          "Player2": "4UBro",
          "Result": "0-2-0"
        },
        {
          "Player1": "gazmon48",
          "Player2": "HelpfulHobo",
          "Result": "0-2-0"
        },
        {
          "Player1": "ShadowTitan1",
          "Player2": "Cesstyx",
          "Result": "2-0-0"
        },
        {
          "Player1": "HouseOfManaMTG",
          "Player2": "brag1",
          "Result": "2-0-0"
        },
        {
          "Player1": "ejk",
          "Player2": "E_Hembree",
          "Result": "0-2-0"
        },
        {
          "Player1": "kililk",
          "Player2": "SweetnamStyle",
          "Result": "2-0-0"
        },
        {
          "Player1": "zpikduM",
          "Player2": "JulienRodriguez",
          "Result": "2-0-0"
        },
        {
          "Player1": "DemianDesposito10",
          "Player2": "oinkmage22",
          "Result": "0-2-0"
        },
        {
          "Player1": "xfile",
          "Player2": "LegacyGrinder",
          "Result": "2-0-0"
        },
        {
          "Player1": "DragonFodder",
          "Player2": "echecetmat35",
          "Result": "0-2-0"
        },
        {
          "Player1": "JCspider",
          "Player2": "SafetyHazard",
          "Result": "0-2-0"
        },
        {
          "Player1": "Grogore",
          "Player2": "Cachorrowo",
          "Result": "0-2-0"
        },
        {
          "Player1": "werhsdnas1414",
          "Player2": "melon_tree",
          "Result": "0-2-0"
        },
        {
          "Player1": "Micro",
          "Player2": "Ivan_Draw_Go",
          "Result": "0-2-0"
        }
      ]
    },
    {
      "RoundName": "Round 4",
      "Matches": [
        {
          "Player1": "Schiaveto",
          "Player2": "JulienRodriguez",
          "Result": "0-2-0"
        },
        {
          "Player1": "kililk",
          "Player2": "xfile",
          "Result": "0-2-0"
        },
        {
          "Player1": "echecetmat35",
          "Player2": "Capitano_CL",
          "Result": "2-0-0"
        },
        {
          "Player1": "Cesstyx",
          "Player2": "Matty_2266",
          "Result": "2-0-0"
        },
        {
          "Player1": "HouseOfManaMTG",
          "Player2": "ninepoundhammer",
          "Result": "2-0-0"
        },
        {
          "Player1": "Pietart",
          "Player2": "Crz",
          "Result": "0-2-0"
        },
        {
          "Player1": "DragonFodder",
          "Player2": "HelpfulHobo",
          "Result": "0-0-0"
        },
        {
          "Player1": "nahuel10",
          "Player2": "jake-upLVT",
          "Result": "2-1-0"
        },
        {
          "Player1": "Feski713",
          "Player2": "SweetnamStyle",
          "Result": "2-1-0"
        },
        {
          "Player1": "galatriste",
          "Player2": "ejk",
          "Result": "0-2-0"
        },
        {
          "Player1": "gazmon48",
          "Player2": "melon_tree",
          "Result": "2-0-0"
        },
        {
          "Player1": "quinniac",
          "Player2": "Grogore",
          "Result": "2-0-0"
        },
        {
          "Player1": "termidor",
          "Player2": "Ivan_Draw_Go",
          "Result": "2-0-0"
        },
        {
          "Player1": "ShadowTitan1",
          "Player2": "xRagedFurballx",
          "Result": "2-0-0"
        },
        {
          "Player1": "oinkmage22",
          "Player2": "Thronhart",
          "Result": "2-0-0"
        },
        {
          "Player1": "E_Hembree",
          "Player2": "MMelo",
          "Result": "0-2-0"
        },
        {
          "Player1": "JCspider",
          "Player2": "EsperWTB",
          "Result": "2-0-0"
        },
        {
          "Player1": "Venom1",
          "Player2": "werhsdnas1414",
          "Result": "2-0-0"
        },
        {
          "Player1": "zpikduM",
          "Player2": "e0068",
          "Result": "2-0-0"
        },
        {
          "Player1": "DemianDesposito10",
          "Player2": "4UBro",
          "Result": "2-0-0"
        },
        {
          "Player1": "unworldlyorigin",
          "Player2": "SafetyHazard",
          "Result": "2-0-0"
        },
        {
          "Player1": "Cachorrowo",
          "Player2": "toothymtg",
          "Result": "2-0-0"
        }
      ]
    },
    {
      "RoundName": "Round 5",
      "Matches": [
        {
          "Player1": "nahuel10",
          "Player2": "HouseOfManaMTG",
          "Result": "0-2-0"
        },
        {
          "Player1": "ejk",
          "Player2": "DemianDesposito10",
          "Result": "0-2-0"
        },
        {
          "Player1": "oinkmage22",
          "Player2": "unworldlyorigin",
          "Result": "2-0-0"
        },
        {
          "Player1": "Cachorrowo",
          "Player2": "Cesstyx",
          "Result": "2-0-0"
        },
        {
          "Player1": "quinniac",
          "Player2": "ninepoundhammer",
          "Result": "0-0-0"
        },
        {
          "Player1": "termidor",
          "Player2": "xfile",
          "Result": "0-2-0"
        },
        {
          "Player1": "echecetmat35",
          "Player2": "ShadowTitan1",
          "Result": "0-2-0"
        },
        {
          "Player1": "Capitano_CL",
          "Player2": "xRagedFurballx",
          "Result": "0-0-0"
        },
        {
          "Player1": "JCspider",
          "Player2": "MMelo",
          "Result": "0-0-0"
        },
        {
          "Player1": "Pietart",
          "Player2": "Matty_2266",
          "Result": "2-0-0"
        },
        {
          "Player1": "Crz",
          "Player2": "HelpfulHobo",
          "Result": "0-2-0"
        },
        {
          "Player1": "gazmon48",
          "Player2": "SafetyHazard",
          "Result": "0-0-0"
        },
        {
          "Player1": "DragonFodder",
          "Player2": "Ivan_Draw_Go",
          "Result": "0-2-0"
        },
        {
          "Player1": "galatriste",
          "Player2": "SweetnamStyle",
          "Result": "0-2-0"
        },
        {
          "Player1": "JulienRodriguez",
          "Player2": "4UBro",
          "Result": "2-0-0"
        },
        {
          "Player1": "Venom1",
          "Player2": "Feski713",
          "Result": "2-0-0"
        },
        {
          "Player1": "zpikduM",
          "Player2": "EsperWTB",
          "Result": "2-0-0"
        }
      ]
    },
    {
      "RoundName": "Round 6",
      "Matches": [
        {
          "Player1": "gazmon48",
          "Player2": "oinkmage22",
          "Result": "2-0-0"
        },
        {
          "Player1": "Pietart",
          "Player2": "HouseOfManaMTG",
          "Result": "0-2-0"
        },
        {
          "Player1": "zpikduM",
          "Player2": "nahuel10",
          "Result": "0-2-0"
        },
        {
          "Player1": "Crz",
          "Player2": "MMelo",
          "Result": "0-2-0"
        },
        {
          "Player1": "ejk",
          "Player2": "JulienRodriguez",
          "Result": "2-0-0"
        },
        {
          "Player1": "Capitano_CL",
          "Player2": "HelpfulHobo",
          "Result": "2-0-0"
        },
        {
          "Player1": "termidor",
          "Player2": "quinniac",
          "Result": "2-0-0"
        },
        {
          "Player1": "xRagedFurballx",
          "Player2": "unworldlyorigin",
          "Result": "2-0-0"
        },
        {
          "Player1": "Matty_2266",
          "Player2": "EsperWTB",
          "Result": "2-0-0"
        },
        {
          "Player1": "ShadowTitan1",
          "Player2": "xfile",
          "Result": "0-2-0"
        },
        {
          "Player1": "Ivan_Draw_Go",
          "Player2": "SafetyHazard",
          "Result": "0-2-0"
        },
        {
          "Player1": "echecetmat35",
          "Player2": "Cachorrowo",
          "Result": "2-0-0"
        },
        {
          "Player1": "JCspider",
          "Player2": "DemianDesposito10",
          "Result": "2-0-0"
        },
        {
          "Player1": "Venom1",
          "Player2": "Cesstyx",
          "Result": "2-0-0"
        },
        {
          "Player1": "DragonFodder",
          "Player2": "SweetnamStyle",
          "Result": "0-2-0"
        }
      ]
    },
    {
      "RoundName": "Round 7",
      "Matches": [
        {
          "Player1": "ShadowTitan1",
          "Player2": "HouseOfManaMTG",
          "Result": "0-2-0"
        },
        {
          "Player1": "Capitano_CL",
          "Player2": "SafetyHazard",
          "Result": "0-2-0"
        },
        {
          "Player1": "gazmon48",
          "Player2": "MMelo",
          "Result": "0-2-0"
        },
        {
          "Player1": "echecetmat35",
          "Player2": "xfile",
          "Result": "1-2-0"
        }
      ]
    },
    {
      "RoundName": "Round 8",
      "Matches": [
        {
          "Player1": "xfile",
          "Player2": "SafetyHazard",
          "Result": "0-2-0"
        },
        {
          "Player1": "HouseOfManaMTG",
          "Player2": "MMelo",
          "Result": "2-0-0"
        }
      ]
    },
    {
      "RoundName": "Round 9",
      "Matches": [
        {
          "Player1": "HouseOfManaMTG",
          "Player2": "SafetyHazard",
          "Result": "2-0-0"
        }
      ]
    }
  ],
  "Standings": [
    {
      "Rank": 59,
      "Player": "azax",
      "Points": 0,
      "Wins": 0,
      "Losses": 0,
      "Draws": 0,
      "OMWP": 0.3333,
      "GWP": 0,
      "OGWP": 0.4286
    },
    {
      "Rank": 58,
      "Player": "Yut0kun",
      "Points": 0,
      "Wins": 0,
      "Losses": 0,
      "Draws": 0,
      "OMWP": 0.4167,
      "GWP": 0,
      "OGWP": 0.4667
    },
    {
      "Rank": 57,
      "Player": "xerioc",
      "Points": 0,
      "Wins": 0,
      "Losses": 0,
      "Draws": 0,
      "OMWP": 0.4167,
      "GWP": 0.2,
      "OGWP": 0.4318
    },
    {
      "Rank": 56,
      "Player": "NotCorazon",
      "Points": 0,
      "Wins": 0,
      "Losses": 0,
      "Draws": 0,
      "OMWP": 0.44439999999999996,
      "GWP": 0.1429,
      "OGWP": 0.4
    },
    {
      "Rank": 55,
      "Player": "sandydogmtg",
      "Points": 0,
      "Wins": 0,
      "Losses": 0,
      "Draws": 0,
      "OMWP": 0.5,
      "GWP": 0.2,
      "OGWP": 0.44789999999999996
    },
    {
      "Rank": 54,
      "Player": "MisterTwin",
      "Points": 0,
      "Wins": 0,
      "Losses": 0,
      "Draws": 0,
      "OMWP": 0.5556,
      "GWP": 0.3333,
      "OGWP": 0.5058
    },
    {
      "Rank": 53,
      "Player": "keezles",
      "Points": 0,
      "Wins": 0,
      "Losses": 0,
      "Draws": 0,
      "OMWP": 0.5832999999999999,
      "GWP": 0,
      "OGWP": 0.5714
    },
    {
      "Rank": 52,
      "Player": "Kaziku",
      "Points": 0,
      "Wins": 0,
      "Losses": 0,
      "Draws": 0,
      "OMWP": 0.6667000000000001,
      "GWP": 0,
      "OGWP": 0.5938
    },
    {
      "Rank": 51,
      "Player": "haileysworld",
      "Points": 0,
      "Wins": 0,
      "Losses": 0,
      "Draws": 0,
      "OMWP": 0.6667000000000001,
      "GWP": 0,
      "OGWP": 0.6154
    },
    {
      "Rank": 50,
      "Player": "Rozenbros",
      "Points": 0,
      "Wins": 0,
      "Losses": 0,
      "Draws": 0,
      "OMWP": 0.6667000000000001,
      "GWP": 0.2,
      "OGWP": 0.6573
    },
    {
      "Rank": 49,
      "Player": "billskillz",
      "Points": 0,
      "Wins": 0,
      "Losses": 0,
      "Draws": 0,
      "OMWP": 0.75,
      "GWP": 0.2,
      "OGWP": 0.6295000000000001
    },
    {
      "Rank": 48,
      "Player": "Micro",
      "Points": 3,
      "Wins": 0,
      "Losses": 0,
      "Draws": 0,
      "OMWP": 0.3889,
      "GWP": 0.2857,
      "OGWP": 0.45399999999999996
    },
    {
      "Rank": 47,
      "Player": "4UBro",
      "Points": 3,
      "Wins": 0,
      "Losses": 0,
      "Draws": 0,
      "OMWP": 0.43329999999999996,
      "GWP": 0.3333,
      "OGWP": 0.4267
    },
    {
      "Rank": 46,
      "Player": "Schiaveto",
      "Points": 3,
      "Wins": 0,
      "Losses": 0,
      "Draws": 0,
      "OMWP": 0.4583,
      "GWP": 0.3636,
      "OGWP": 0.4705
    },
    {
      "Rank": 45,
      "Player": "Soseloso",
      "Points": 3,
      "Wins": 0,
      "Losses": 0,
      "Draws": 0,
      "OMWP": 0.5,
      "GWP": 0.4286,
      "OGWP": 0.4804
    },
    {
      "Rank": 44,
      "Player": "galatriste",
      "Points": 3,
      "Wins": 0,
      "Losses": 0,
      "Draws": 0,
      "OMWP": 0.5333,
      "GWP": 0.3077,
      "OGWP": 0.5383
    },
    {
      "Rank": 43,
      "Player": "e0068",
      "Points": 3,
      "Wins": 0,
      "Losses": 0,
      "Draws": 0,
      "OMWP": 0.5417000000000001,
      "GWP": 0.22219999999999998,
      "OGWP": 0.5454
    },
    {
      "Rank": 42,
      "Player": "Grogore",
      "Points": 3,
      "Wins": 0,
      "Losses": 0,
      "Draws": 0,
      "OMWP": 0.5417000000000001,
      "GWP": 0.25,
      "OGWP": 0.5564
    },
    {
      "Rank": 41,
      "Player": "werhsdnas1414",
      "Points": 3,
      "Wins": 0,
      "Losses": 0,
      "Draws": 0,
      "OMWP": 0.5832999999999999,
      "GWP": 0.3636,
      "OGWP": 0.5422
    },
    {
      "Rank": 40,
      "Player": "LegacyGrinder",
      "Points": 3,
      "Wins": 0,
      "Losses": 0,
      "Draws": 0,
      "OMWP": 0.6111,
      "GWP": 0.3333,
      "OGWP": 0.5781000000000001
    },
    {
      "Rank": 39,
      "Player": "brag1",
      "Points": 3,
      "Wins": 0,
      "Losses": 0,
      "Draws": 0,
      "OMWP": 0.6667000000000001,
      "GWP": 0.4286,
      "OGWP": 0.5778
    },
    {
      "Rank": 38,
      "Player": "Thronhart",
      "Points": 6,
      "Wins": 0,
      "Losses": 0,
      "Draws": 0,
      "OMWP": 0.4167,
      "GWP": 0.5,
      "OGWP": 0.40619999999999995
    },
    {
      "Rank": 37,
      "Player": "JulienRodriguez",
      "Points": 6,
      "Wins": 0,
      "Losses": 0,
      "Draws": 0,
      "OMWP": 0.44439999999999996,
      "GWP": 0.3333,
      "OGWP": 0.4559
    },
    {
      "Rank": 36,
      "Player": "EsperWTB",
      "Points": 6,
      "Wins": 0,
      "Losses": 0,
      "Draws": 0,
      "OMWP": 0.48,
      "GWP": 0.4,
      "OGWP": 0.4747
    },
    {
      "Rank": 35,
      "Player": "melon_tree",
      "Points": 6,
      "Wins": 0,
      "Losses": 0,
      "Draws": 0,
      "OMWP": 0.5,
      "GWP": 0.4545,
      "OGWP": 0.46590000000000004
    },
    {
      "Rank": 34,
      "Player": "kililk",
      "Points": 6,
      "Wins": 0,
      "Losses": 0,
      "Draws": 0,
      "OMWP": 0.5167,
      "GWP": 0.5,
      "OGWP": 0.5165
    },
    {
      "Rank": 33,
      "Player": "jake-upLVT",
      "Points": 6,
      "Wins": 0,
      "Losses": 0,
      "Draws": 0,
      "OMWP": 0.5417000000000001,
      "GWP": 0.5455,
      "OGWP": 0.5071
    },
    {
      "Rank": 32,
      "Player": "DragonFodder",
      "Points": 6,
      "Wins": 0,
      "Losses": 0,
      "Draws": 0,
      "OMWP": 0.5556,
      "GWP": 0.4286,
      "OGWP": 0.5544
    },
    {
      "Rank": 31,
      "Player": "ninepoundhammer",
      "Points": 6,
      "Wins": 0,
      "Losses": 0,
      "Draws": 0,
      "OMWP": 0.5667,
      "GWP": 0.3846,
      "OGWP": 0.5564
    },
    {
      "Rank": 30,
      "Player": "E_Hembree",
      "Points": 6,
      "Wins": 0,
      "Losses": 0,
      "Draws": 0,
      "OMWP": 0.625,
      "GWP": 0.44439999999999996,
      "OGWP": 0.6173
    },
    {
      "Rank": 29,
      "Player": "Feski713",
      "Points": 6,
      "Wins": 0,
      "Losses": 0,
      "Draws": 0,
      "OMWP": 0.6333,
      "GWP": 0.3846,
      "OGWP": 0.6071
    },
    {
      "Rank": 28,
      "Player": "toothymtg",
      "Points": 6,
      "Wins": 0,
      "Losses": 0,
      "Draws": 0,
      "OMWP": 0.7082999999999999,
      "GWP": 0.44439999999999996,
      "OGWP": 0.6838
    },
    {
      "Rank": 27,
      "Player": "quinniac",
      "Points": 9,
      "Wins": 0,
      "Losses": 0,
      "Draws": 0,
      "OMWP": 0.4278,
      "GWP": 0.5333,
      "OGWP": 0.4208
    },
    {
      "Rank": 26,
      "Player": "zpikduM",
      "Points": 9,
      "Wins": 0,
      "Losses": 0,
      "Draws": 0,
      "OMWP": 0.44439999999999996,
      "GWP": 0.5625,
      "OGWP": 0.4241
    },
    {
      "Rank": 25,
      "Player": "Ivan_Draw_Go",
      "Points": 9,
      "Wins": 0,
      "Losses": 0,
      "Draws": 0,
      "OMWP": 0.44439999999999996,
      "GWP": 0.6,
      "OGWP": 0.42710000000000004
    },
    {
      "Rank": 24,
      "Player": "Matty_2266",
      "Points": 9,
      "Wins": 0,
      "Losses": 0,
      "Draws": 0,
      "OMWP": 0.4833,
      "GWP": 0.5,
      "OGWP": 0.49770000000000003
    },
    {
      "Rank": 23,
      "Player": "ejk",
      "Points": 9,
      "Wins": 0,
      "Losses": 0,
      "Draws": 0,
      "OMWP": 0.5,
      "GWP": 0.5,
      "OGWP": 0.45890000000000003
    },
    {
      "Rank": 22,
      "Player": "SweetnamStyle",
      "Points": 9,
      "Wins": 0,
      "Losses": 0,
      "Draws": 0,
      "OMWP": 0.5111,
      "GWP": 0.5625,
      "OGWP": 0.48869999999999997
    },
    {
      "Rank": 21,
      "Player": "unworldlyorigin",
      "Points": 9,
      "Wins": 0,
      "Losses": 0,
      "Draws": 0,
      "OMWP": 0.5556,
      "GWP": 0.4667,
      "OGWP": 0.5146999999999999
    },
    {
      "Rank": 20,
      "Player": "DemianDesposito10",
      "Points": 9,
      "Wins": 0,
      "Losses": 0,
      "Draws": 0,
      "OMWP": 0.5556,
      "GWP": 0.5,
      "OGWP": 0.5172
    },
    {
      "Rank": 19,
      "Player": "Cesstyx",
      "Points": 9,
      "Wins": 0,
      "Losses": 0,
      "Draws": 0,
      "OMWP": 0.6389,
      "GWP": 0.5385,
      "OGWP": 0.6095
    },
    {
      "Rank": 18,
      "Player": "Venom1",
      "Points": 12,
      "Wins": 0,
      "Losses": 0,
      "Draws": 0,
      "OMWP": 0.4833,
      "GWP": 0.7143,
      "OGWP": 0.4645
    },
    {
      "Rank": 17,
      "Player": "JCspider",
      "Points": 12,
      "Wins": 0,
      "Losses": 0,
      "Draws": 0,
      "OMWP": 0.5,
      "GWP": 0.5625,
      "OGWP": 0.48979999999999996
    },
    {
      "Rank": 16,
      "Player": "termidor",
      "Points": 12,
      "Wins": 0,
      "Losses": 0,
      "Draws": 0,
      "OMWP": 0.5111,
      "GWP": 0.5714,
      "OGWP": 0.5332
    },
    {
      "Rank": 15,
      "Player": "oinkmage22",
      "Points": 12,
      "Wins": 0,
      "Losses": 0,
      "Draws": 0,
      "OMWP": 0.5278,
      "GWP": 0.5294,
      "OGWP": 0.5009
    },
    {
      "Rank": 14,
      "Player": "Pietart",
      "Points": 12,
      "Wins": 0,
      "Losses": 0,
      "Draws": 0,
      "OMWP": 0.5389,
      "GWP": 0.6154,
      "OGWP": 0.5196999999999999
    },
    {
      "Rank": 13,
      "Player": "nahuel10",
      "Points": 12,
      "Wins": 0,
      "Losses": 0,
      "Draws": 0,
      "OMWP": 0.5832999999999999,
      "GWP": 0.5333,
      "OGWP": 0.584
    },
    {
      "Rank": 12,
      "Player": "xRagedFurballx",
      "Points": 12,
      "Wins": 0,
      "Losses": 0,
      "Draws": 0,
      "OMWP": 0.5832999999999999,
      "GWP": 0.6154,
      "OGWP": 0.5256000000000001
    },
    {
      "Rank": 11,
      "Player": "HelpfulHobo",
      "Points": 12,
      "Wins": 0,
      "Losses": 0,
      "Draws": 0,
      "OMWP": 0.5832999999999999,
      "GWP": 0.6429,
      "OGWP": 0.5515
    },
    {
      "Rank": 10,
      "Player": "Cachorrowo",
      "Points": 12,
      "Wins": 0,
      "Losses": 0,
      "Draws": 0,
      "OMWP": 0.5832999999999999,
      "GWP": 0.6923,
      "OGWP": 0.5362
    },
    {
      "Rank": 9,
      "Player": "Crz",
      "Points": 12,
      "Wins": 0,
      "Losses": 0,
      "Draws": 0,
      "OMWP": 0.6,
      "GWP": 0.6667000000000001,
      "OGWP": 0.5501
    },
    {
      "Rank": 8,
      "Player": "gazmon48",
      "Points": 15,
      "Wins": 0,
      "Losses": 0,
      "Draws": 0,
      "OMWP": 0.5278,
      "GWP": 0.6667000000000001,
      "OGWP": 0.49689999999999995
    },
    {
      "Rank": 7,
      "Player": "echecetmat35",
      "Points": 15,
      "Wins": 0,
      "Losses": 0,
      "Draws": 0,
      "OMWP": 0.5667,
      "GWP": 0.6875,
      "OGWP": 0.5493
    },
    {
      "Rank": 6,
      "Player": "ShadowTitan1",
      "Points": 15,
      "Wins": 0,
      "Losses": 0,
      "Draws": 0,
      "OMWP": 0.6111,
      "GWP": 0.6875,
      "OGWP": 0.5767
    },
    {
      "Rank": 5,
      "Player": "Capitano_CL",
      "Points": 15,
      "Wins": 0,
      "Losses": 0,
      "Draws": 0,
      "OMWP": 0.6667000000000001,
      "GWP": 0.7692,
      "OGWP": 0.6143
    },
    {
      "Rank": 4,
      "Player": "xfile",
      "Points": 18,
      "Wins": 0,
      "Losses": 0,
      "Draws": 0,
      "OMWP": 0.5556,
      "GWP": 0.7857,
      "OGWP": 0.498
    },
    {
      "Rank": 3,
      "Player": "MMelo",
      "Points": 18,
      "Wins": 0,
      "Losses": 0,
      "Draws": 0,
      "OMWP": 0.5832999999999999,
      "GWP": 0.7143,
      "OGWP": 0.5564
    },
    {
      "Rank": 2,
      "Player": "SafetyHazard",
      "Points": 18,
      "Wins": 0,
      "Losses": 0,
      "Draws": 0,
      "OMWP": 0.6111,
      "GWP": 0.5625,
      "OGWP": 0.5690999999999999
    },
    {
      "Rank": 1,
      "Player": "HouseOfManaMTG",
      "Points": 24,
      "Wins": 0,
      "Losses": 0,
      "Draws": 0,
      "OMWP": 0.5111,
      "GWP": 0.7333,
      "OGWP": 0.49200000000000005
    }
  ]
}