{
  "Tournament": {
    "Id": 12801674,
    "Date": "2025-07-06T19:00:00",
    "Name": "Pauper Challenge 32",
    "Uri": null,
    "JsonFile": null,
    "ForceRedownload": false
  },
  "Decks": null,
  "Rounds": [
    {
      "RoundName": "Round 1",
      "Matches": [
        {
          "Player1": "_Abijhavs_",
          "Player2": "alfonseelric",
          "Result": "0-0-0"
        },
        {
          "Player1": "Lollopollo2001",
          "Player2": "SpockVidaLoka",
          "Result": "2-0-0"
        },
        {
          "Player1": "digdude13",
          "Player2": "xRagedFurballx",
          "Result": "2-0-0"
        },
        {
          "Player1": "Sailor_Moon",
          "Player2": "Lionkortss",
          "Result": "2-0-0"
        },
        {
          "Player1": "i_b_TRUE",
          "Player2": "Kampo",
          "Result": "0-2-0"
        },
        {
          "Player1": "viashinoperuano",
          "Player2": "_blaze66",
          "Result": "2-0-0"
        },
        {
          "Player1": "Caleb_Yetman",
          "Player2": "jwaves",
          "Result": "2-0-0"
        },
        {
          "Player1": "turn1_stormcrow",
          "Player2": "ryugha",
          "Result": "2-0-0"
        },
        {
          "Player1": "THXrhys",
          "Player2": "outZEROo",
          "Result": "0-2-0"
        },
        {
          "Player1": "Falco_Lombardi",
          "Player2": "VaT69",
          "Result": "0-2-0"
        },
        {
          "Player1": "BabySoft",
          "Player2": "EntroPete",
          "Result": "2-0-0"
        },
        {
          "Player1": "freakflag",
          "Player2": "JaviGM",
          "Result": "0-2-0"
        },
        {
          "Player1": "Mldyss",
          "Player2": "ninepoundhammer",
          "Result": "2-0-0"
        },
        {
          "Player1": "Angus91",
          "Player2": "xmelanx",
          "Result": "2-0-0"
        },
        {
          "Player1": "BOB_THE_CAT",
          "Player2": "brick_",
          "Result": "2-0-0"
        },
        {
          "Player1": "Chapters",
          "Player2": "Muka33",
          "Result": "0-0-0"
        },
        {
          "Player1": "__Noob__",
          "Player2": "Yugi_Muto",
          "Result": "0-2-0"
        },
        {
          "Player1": "Skpchino",
          "Player2": "Sliverdude",
          "Result": "2-0-0"
        },
        {
          "Player1": "Jinjaa",
          "Player2": "Ixidor29",
          "Result": "0-2-0"
        },
        {
          "Player1": "416FrowningTable",
          "Player2": "Dr_dej96",
          "Result": "2-0-0"
        },
        {
          "Player1": "pepeteam",
          "Player2": "TiagoFuguete",
          "Result": "2-0-0"
        },
        {
          "Player1": "Jukel",
          "Player2": "billsive",
          "Result": "2-0-0"
        },
        {
          "Player1": "LordAkainu",
          "Player2": "Captain_Tsubasa",
          "Result": "0-2-0"
        },
        {
          "Player1": "Brasatore",
          "Player2": "PNascimento",
          "Result": "0-0-0"
        },
        {
          "Player1": "Raydan",
          "Player2": "LuffyDoChapeuDePalha",
          "Result": "0-2-0"
        },
        {
          "Player1": "Rubenma",
          "Player2": "Entropy263",
          "Result": "2-0-0"
        },
        {
          "Player1": "NMT_Sco94",
          "Player2": "ethanunofficial",
          "Result": "2-0-0"
        },
        {
          "Player1": "pat0presidente",
          "Player2": "Luminati",
          "Result": "0-2-0"
        },
        {
          "Player1": "IWikittiorI",
          "Player2": "_Bound_",
          "Result": "0-2-0"
        },
        {
          "Player1": "_against_",
          "Player2": "Ducketh",
          "Result": "0-2-0"
        },
        {
          "Player1": "luanpizzio",
          "Player2": "Jmarreiros",
          "Result": "2-0-0"
        },
        {
          "Player1": "IaslanGaston",
          "Player2": "Martani",
          "Result": "0-2-0"
        },
        {
          "Player1": "Misplacedginger",
          "Player2": "LucasG1ggs",
          "Result": "2-0-0"
        }
      ]
    },
    {
      "RoundName": "Round 2",
      "Matches": [
        {
          "Player1": "Captain_Tsubasa",
          "Player2": "alfonseelric",
          "Result": "0-2-0"
        },
        {
          "Player1": "Mldyss",
          "Player2": "Yugi_Muto",
          "Result": "0-2-0"
        },
        {
          "Player1": "Jinjaa",
          "Player2": "TiagoFuguete",
          "Result": "0-2-0"
        },
        {
          "Player1": "LuffyDoChapeuDePalha",
          "Player2": "_Bound_",
          "Result": "0-2-0"
        },
        {
          "Player1": "Misplacedginger",
          "Player2": "turn1_stormcrow",
          "Result": "2-0-0"
        },
        {
          "Player1": "Raydan",
          "Player2": "_blaze66",
          "Result": "0-2-0"
        },
        {
          "Player1": "LucasG1ggs",
          "Player2": "EntroPete",
          "Result": "2-0-0"
        },
        {
          "Player1": "IWikittiorI",
          "Player2": "brick_",
          "Result": "0-2-0"
        },
        {
          "Player1": "Angus91",
          "Player2": "Luminati",
          "Result": "0-2-0"
        },
        {
          "Player1": "__Noob__",
          "Player2": "Dr_dej96",
          "Result": "2-0-0"
        },
        {
          "Player1": "billsive",
          "Player2": "Jmarreiros",
          "Result": "2-0-0"
        },
        {
          "Player1": "BOB_THE_CAT",
          "Player2": "Sailor_Moon",
          "Result": "0-2-0"
        },
        {
          "Player1": "pepeteam",
          "Player2": "Caleb_Yetman",
          "Result": "0-0-0"
        },
        {
          "Player1": "_against_",
          "Player2": "ethanunofficial",
          "Result": "2-0-0"
        },
        {
          "Player1": "Entropy263",
          "Player2": "xmelanx",
          "Result": "0-2-0"
        },
        {
          "Player1": "pat0presidente",
          "Player2": "_Abijhavs_",
          "Result": "0-2-0"
        },
        {
          "Player1": "Ixidor29",
          "Player2": "Muka33",
          "Result": "2-0-0"
        },
        {
          "Player1": "NMT_Sco94",
          "Player2": "PNascimento",
          "Result": "0-2-0"
        },
        {
          "Player1": "Ducketh",
          "Player2": "JaviGM",
          "Result": "0-2-0"
        },
        {
          "Player1": "Rubenma",
          "Player2": "outZEROo",
          "Result": "2-0-0"
        },
        {
          "Player1": "freakflag",
          "Player2": "THXrhys",
          "Result": "0-2-0"
        },
        {
          "Player1": "IaslanGaston",
          "Player2": "Sliverdude",
          "Result": "2-0-0"
        },
        {
          "Player1": "Jukel",
          "Player2": "Kampo",
          "Result": "0-2-0"
        },
        {
          "Player1": "Chapters",
          "Player2": "Lionkortss",
          "Result": "2-0-0"
        },
        {
          "Player1": "Skpchino",
          "Player2": "luanpizzio",
          "Result": "2-0-0"
        },
        {
          "Player1": "viashinoperuano",
          "Player2": "jwaves",
          "Result": "0-2-0"
        },
        {
          "Player1": "VaT69",
          "Player2": "Martani",
          "Result": "0-2-0"
        },
        {
          "Player1": "BabySoft",
          "Player2": "Lollopollo2001",
          "Result": "2-0-0"
        },
        {
          "Player1": "SpockVidaLoka",
          "Player2": "ninepoundhammer",
          "Result": "0-2-0"
        },
        {
          "Player1": "xRagedFurballx",
          "Player2": "ryugha",
          "Result": "2-0-0"
        },
        {
          "Player1": "digdude13",
          "Player2": "416FrowningTable",
          "Result": "2-0-0"
        },
        {
          "Player1": "Falco_Lombardi",
          "Player2": "LordAkainu",
          "Result": "0-2-0"
        }
      ]
    },
    {
      "RoundName": "Round 3",
      "Matches": [
        {
          "Player1": "__Noob__",
          "Player2": "416FrowningTable",
          "Result": "2-0-0"
        },
        {
          "Player1": "jwaves",
          "Player2": "Angus91",
          "Result": "2-0-0"
        },
        {
          "Player1": "VaT69",
          "Player2": "Lollopollo2001",
          "Result": "0-2-0"
        },
        {
          "Player1": "Chapters",
          "Player2": "xmelanx",
          "Result": "0-2-0"
        },
        {
          "Player1": "_against_",
          "Player2": "billsive",
          "Result": "2-0-0"
        },
        {
          "Player1": "Caleb_Yetman",
          "Player2": "Yugi_Muto",
          "Result": "0-2-0"
        },
        {
          "Player1": "xRagedFurballx",
          "Player2": "Captain_Tsubasa",
          "Result": "0-0-0"
        },
        {
          "Player1": "Kampo",
          "Player2": "alfonseelric",
          "Result": "0-2-0"
        },
        {
          "Player1": "SpockVidaLoka",
          "Player2": "Jmarreiros",
          "Result": "2-0-0"
        },
        {
          "Player1": "pat0presidente",
          "Player2": "Lionkortss",
          "Result": "2-0-0"
        },
        {
          "Player1": "TiagoFuguete",
          "Player2": "Muka33",
          "Result": "2-0-0"
        },
        {
          "Player1": "Ixidor29",
          "Player2": "_Bound_",
          "Result": "2-0-0"
        },
        {
          "Player1": "Misplacedginger",
          "Player2": "Luminati",
          "Result": "0-2-0"
        },
        {
          "Player1": "Entropy263",
          "Player2": "Sliverdude",
          "Result": "0-2-0"
        },
        {
          "Player1": "Jukel",
          "Player2": "BOB_THE_CAT",
          "Result": "0-2-0"
        },
        {
          "Player1": "freakflag",
          "Player2": "Dr_dej96",
          "Result": "2-0-0"
        },
        {
          "Player1": "THXrhys",
          "Player2": "_Abijhavs_",
          "Result": "2-0-0"
        },
        {
          "Player1": "IWikittiorI",
          "Player2": "ryugha",
          "Result": "0-2-0"
        },
        {
          "Player1": "digdude13",
          "Player2": "Skpchino",
          "Result": "2-0-0"
        },
        {
          "Player1": "BabySoft",
          "Player2": "JaviGM",
          "Result": "2-0-0"
        },
        {
          "Player1": "LuffyDoChapeuDePalha",
          "Player2": "LordAkainu",
          "Result": "2-0-0"
        },
        {
          "Player1": "outZEROo",
          "Player2": "_blaze66",
          "Result": "2-0-0"
        },
        {
          "Player1": "pepeteam",
          "Player2": "Ducketh",
          "Result": "0-2-0"
        },
        {
          "Player1": "Mldyss",
          "Player2": "brick_",
          "Result": "0-2-0"
        },
        {
          "Player1": "Falco_Lombardi",
          "Player2": "EntroPete",
          "Result": "2-0-0"
        },
        {
          "Player1": "viashinoperuano",
          "Player2": "luanpizzio",
          "Result": "2-0-0"
        },
        {
          "Player1": "PNascimento",
          "Player2": "Martani",
          "Result": "2-0-0"
        },
        {
          "Player1": "LucasG1ggs",
          "Player2": "turn1_stormcrow",
          "Result": "0-2-0"
        },
        {
          "Player1": "Rubenma",
          "Player2": "Sailor_Moon",
          "Result": "2-0-0"
        },
        {
          "Player1": "IaslanGaston",
          "Player2": "Brasatore",
          "Result": "2-0-0"
        },
        {
          "Player1": "NMT_Sco94",
          "Player2": "ninepoundhammer",
          "Result": "0-2-0"
        }
      ]
    },
    {
      "RoundName": "Round 4",
      "Matches": [
        {
          "Player1": "Chapters",
          "Player2": "Jukel",
          "Result": "0-2-0"
        },
        {
          "Player1": "NMT_Sco94",
          "Player2": "Angus91",
          "Result": "0-2-0"
        },
        {
          "Player1": "LuffyDoChapeuDePalha",
          "Player2": "Martani",
          "Result": "2-0-0"
        },
        {
          "Player1": "freakflag",
          "Player2": "billsive",
          "Result": "0-2-0"
        },
        {
          "Player1": "Rubenma",
          "Player2": "PNascimento",
          "Result": "0-2-0"
        },
        {
          "Player1": "Ixidor29",
          "Player2": "alfonseelric",
          "Result": "0-2-0"
        },
        {
          "Player1": "Falco_Lombardi",
          "Player2": "_Abijhavs_",
          "Result": "0-2-0"
        },
        {
          "Player1": "pat0presidente",
          "Player2": "LordAkainu",
          "Result": "0-0-0"
        },
        {
          "Player1": "416FrowningTable",
          "Player2": "SpockVidaLoka",
          "Result": "2-0-0"
        },
        {
          "Player1": "IWikittiorI",
          "Player2": "Dr_dej96",
          "Result": "2-0-0"
        },
        {
          "Player1": "viashinoperuano",
          "Player2": "Sailor_Moon",
          "Result": "0-2-0"
        },
        {
          "Player1": "luanpizzio",
          "Player2": "Captain_Tsubasa",
          "Result": "0-2-0"
        },
        {
          "Player1": "xmelanx",
          "Player2": "brick_",
          "Result": "2-0-0"
        },
        {
          "Player1": "THXrhys",
          "Player2": "__Noob__",
          "Result": "2-0-0"
        },
        {
          "Player1": "Brasatore",
          "Player2": "ryugha",
          "Result": "0-2-0"
        },
        {
          "Player1": "Lollopollo2001",
          "Player2": "Ducketh",
          "Result": "0-2-0"
        },
        {
          "Player1": "digdude13",
          "Player2": "BabySoft",
          "Result": "0-2-0"
        },
        {
          "Player1": "IaslanGaston",
          "Player2": "JaviGM",
          "Result": "0-2-0"
        },
        {
          "Player1": "Skpchino",
          "Player2": "Caleb_Yetman",
          "Result": "0-0-0"
        },
        {
          "Player1": "outZEROo",
          "Player2": "ninepoundhammer",
          "Result": "0-2-0"
        },
        {
          "Player1": "pepeteam",
          "Player2": "Muka33",
          "Result": "2-0-0"
        },
        {
          "Player1": "Yugi_Muto",
          "Player2": "Luminati",
          "Result": "2-0-0"
        },
        {
          "Player1": "BOB_THE_CAT",
          "Player2": "Sliverdude",
          "Result": "0-2-0"
        },
        {
          "Player1": "Misplacedginger",
          "Player2": "Kampo",
          "Result": "0-2-0"
        },
        {
          "Player1": "xRagedFurballx",
          "Player2": "_Bound_",
          "Result": "2-0-0"
        },
        {
          "Player1": "turn1_stormcrow",
          "Player2": "jwaves",
          "Result": "0-2-0"
        },
        {
          "Player1": "VaT69",
          "Player2": "_blaze66",
          "Result": "2-0-0"
        },
        {
          "Player1": "_against_",
          "Player2": "TiagoFuguete",
          "Result": "2-0-0"
        }
      ]
    },
    {
      "RoundName": "Round 5",
      "Matches": [
        {
          "Player1": "luanpizzio",
          "Player2": "SpockVidaLoka",
          "Result": "2-0-0"
        },
        {
          "Player1": "turn1_stormcrow",
          "Player2": "TiagoFuguete",
          "Result": "0-2-0"
        },
        {
          "Player1": "BabySoft",
          "Player2": "PNascimento",
          "Result": "0-2-0"
        },
        {
          "Player1": "freakflag",
          "Player2": "Chapters",
          "Result": "0-0-0"
        },
        {
          "Player1": "viashinoperuano",
          "Player2": "_Bound_",
          "Result": "0-2-0"
        },
        {
          "Player1": "_blaze66",
          "Player2": "EntroPete",
          "Result": "0-2-0"
        },
        {
          "Player1": "pepeteam",
          "Player2": "Lollopollo2001",
          "Result": "2-0-0"
        },
        {
          "Player1": "Ixidor29",
          "Player2": "ninepoundhammer",
          "Result": "0-0-0"
        },
        {
          "Player1": "JaviGM",
          "Player2": "Sailor_Moon",
          "Result": "2-0-0"
        },
        {
          "Player1": "Rubenma",
          "Player2": "Ducketh",
          "Result": "0-2-0"
        },
        {
          "Player1": "VaT69",
          "Player2": "Angus91",
          "Result": "2-0-0"
        },
        {
          "Player1": "Yugi_Muto",
          "Player2": "alfonseelric",
          "Result": "0-2-0"
        },
        {
          "Player1": "Jukel",
          "Player2": "outZEROo",
          "Result": "0-2-0"
        },
        {
          "Player1": "pat0presidente",
          "Player2": "ryugha",
          "Result": "0-0-0"
        },
        {
          "Player1": "IaslanGaston",
          "Player2": "billsive",
          "Result": "0-2-0"
        },
        {
          "Player1": "Brasatore",
          "Player2": "Muka33",
          "Result": "2-0-0"
        },
        {
          "Player1": "Falco_Lombardi",
          "Player2": "BOB_THE_CAT",
          "Result": "2-0-0"
        },
        {
          "Player1": "416FrowningTable",
          "Player2": "Martani",
          "Result": "0-0-0"
        },
        {
          "Player1": "THXrhys",
          "Player2": "jwaves",
          "Result": "2-0-0"
        },
        {
          "Player1": "IWikittiorI",
          "Player2": "LordAkainu",
          "Result": "0-2-0"
        },
        {
          "Player1": "__Noob__",
          "Player2": "Sliverdude",
          "Result": "2-0-0"
        },
        {
          "Player1": "_against_",
          "Player2": "LuffyDoChapeuDePalha",
          "Result": "0-2-0"
        },
        {
          "Player1": "Skpchino",
          "Player2": "_Abijhavs_",
          "Result": "2-0-0"
        },
        {
          "Player1": "Captain_Tsubasa",
          "Player2": "brick_",
          "Result": "2-0-0"
        },
        {
          "Player1": "Kampo",
          "Player2": "Luminati",
          "Result": "0-2-0"
        },
        {
          "Player1": "Caleb_Yetman",
          "Player2": "xRagedFurballx",
          "Result": "2-0-0"
        },
        {
          "Player1": "digdude13",
          "Player2": "xmelanx",
          "Result": "2-0-0"
        }
      ]
    },
    {
      "RoundName": "Round 6",
      "Matches": [
        {
          "Player1": "Rubenma",
          "Player2": "_against_",
          "Result": "2-0-0"
        },
        {
          "Player1": "IWikittiorI",
          "Player2": "Muka33",
          "Result": "2-0-0"
        },
        {
          "Player1": "BOB_THE_CAT",
          "Player2": "luanpizzio",
          "Result": "0-2-0"
        },
        {
          "Player1": "IaslanGaston",
          "Player2": "ryugha",
          "Result": "0-2-0"
        },
        {
          "Player1": "turn1_stormcrow",
          "Player2": "viashinoperuano",
          "Result": "2-0-0"
        },
        {
          "Player1": "jwaves",
          "Player2": "TiagoFuguete",
          "Result": "2-0-0"
        },
        {
          "Player1": "Falco_Lombardi",
          "Player2": "brick_",
          "Result": "0-0-0"
        },
        {
          "Player1": "LuffyDoChapeuDePalha",
          "Player2": "BabySoft",
          "Result": "2-0-0"
        },
        {
          "Player1": "THXrhys",
          "Player2": "Yugi_Muto",
          "Result": "0-2-0"
        },
        {
          "Player1": "VaT69",
          "Player2": "pepeteam",
          "Result": "0-2-0"
        },
        {
          "Player1": "Brasatore",
          "Player2": "EntroPete",
          "Result": "0-2-0"
        },
        {
          "Player1": "_blaze66",
          "Player2": "Dr_dej96",
          "Result": "2-0-0"
        },
        {
          "Player1": "billsive",
          "Player2": "xRagedFurballx",
          "Result": "2-0-0"
        },
        {
          "Player1": "416FrowningTable",
          "Player2": "ninepoundhammer",
          "Result": "2-0-0"
        },
        {
          "Player1": "SpockVidaLoka",
          "Player2": "Sliverdude",
          "Result": "0-2-0"
        },
        {
          "Player1": "Skpchino",
          "Player2": "pat0presidente",
          "Result": "2-0-0"
        },
        {
          "Player1": "Kampo",
          "Player2": "outZEROo",
          "Result": "2-0-0"
        },
        {
          "Player1": "Captain_Tsubasa",
          "Player2": "_Abijhavs_",
          "Result": "0-2-0"
        },
        {
          "Player1": "Lollopollo2001",
          "Player2": "Martani",
          "Result": "2-0-0"
        },
        {
          "Player1": "Ixidor29",
          "Player2": "Ducketh",
          "Result": "2-0-0"
        },
        {
          "Player1": "digdude13",
          "Player2": "JaviGM",
          "Result": "2-0-0"
        },
        {
          "Player1": "Jukel",
          "Player2": "Angus91",
          "Result": "0-2-0"
        },
        {
          "Player1": "PNascimento",
          "Player2": "alfonseelric",
          "Result": "2-0-0"
        },
        {
          "Player1": "__Noob__",
          "Player2": "xmelanx",
          "Result": "2-0-0"
        },
        {
          "Player1": "Caleb_Yetman",
          "Player2": "Luminati",
          "Result": "0-2-0"
        },
        {
          "Player1": "_Bound_",
          "Player2": "Sailor_Moon",
          "Result": "0-0-0"
        },
        {
          "Player1": "freakflag",
          "Player2": "LordAkainu",
          "Result": "0-2-0"
        }
      ]
    },
    {
      "RoundName": "Round 7",
      "Matches": [
        {
          "Player1": "Lollopollo2001",
          "Player2": "IaslanGaston",
          "Result": "2-0-0"
        },
        {
          "Player1": "IWikittiorI",
          "Player2": "Martani",
          "Result": "0-2-0"
        },
        {
          "Player1": "Skpchino",
          "Player2": "VaT69",
          "Result": "0-2-0"
        },
        {
          "Player1": "digdude13",
          "Player2": "Yugi_Muto",
          "Result": "2-0-0"
        },
        {
          "Player1": "Kampo",
          "Player2": "Ducketh",
          "Result": "0-2-0"
        },
        {
          "Player1": "pepeteam",
          "Player2": "Sailor_Moon",
          "Result": "0-2-0"
        },
        {
          "Player1": "Angus91",
          "Player2": "EntroPete",
          "Result": "2-0-0"
        },
        {
          "Player1": "outZEROo",
          "Player2": "luanpizzio",
          "Result": "2-0-0"
        },
        {
          "Player1": "xmelanx",
          "Player2": "ryugha",
          "Result": "1-2-0"
        },
        {
          "Player1": "TiagoFuguete",
          "Player2": "_Abijhavs_",
          "Result": "0-2-0"
        },
        {
          "Player1": "Rubenma",
          "Player2": "BabySoft",
          "Result": "0-2-0"
        },
        {
          "Player1": "_against_",
          "Player2": "Sliverdude",
          "Result": "0-2-0"
        },
        {
          "Player1": "Luminati",
          "Player2": "alfonseelric",
          "Result": "2-0-0"
        },
        {
          "Player1": "Jukel",
          "Player2": "_blaze66",
          "Result": "0-2-0"
        },
        {
          "Player1": "brick_",
          "Player2": "LordAkainu",
          "Result": "2-0-0"
        },
        {
          "Player1": "__Noob__",
          "Player2": "Caleb_Yetman",
          "Result": "2-0-0"
        },
        {
          "Player1": "LuffyDoChapeuDePalha",
          "Player2": "416FrowningTable",
          "Result": "2-0-0"
        },
        {
          "Player1": "jwaves",
          "Player2": "JaviGM",
          "Result": "2-0-0"
        },
        {
          "Player1": "turn1_stormcrow",
          "Player2": "Captain_Tsubasa",
          "Result": "2-0-0"
        },
        {
          "Player1": "THXrhys",
          "Player2": "billsive",
          "Result": "2-0-0"
        },
        {
          "Player1": "pat0presidente",
          "Player2": "_Bound_",
          "Result": "2-0-0"
        },
        {
          "Player1": "Ixidor29",
          "Player2": "PNascimento",
          "Result": "0-2-0"
        }
      ]
    },
    {
      "RoundName": "Round 8",
      "Matches": [
        {
          "Player1": "Yugi_Muto",
          "Player2": "Luminati",
          "Result": "2-0-0"
        },
        {
          "Player1": "LuffyDoChapeuDePalha",
          "Player2": "BabySoft",
          "Result": "0-2-0"
        },
        {
          "Player1": "THXrhys",
          "Player2": "PNascimento",
          "Result": "2-0-0"
        },
        {
          "Player1": "digdude13",
          "Player2": "alfonseelric",
          "Result": "0-0-0"
        }
      ]
    },
    {
      "RoundName": "Round 9",
      "Matches": [
        {
          "Player1": "Yugi_Muto",
          "Player2": "alfonseelric",
          "Result": "2-0-0"
        },
        {
          "Player1": "THXrhys",
          "Player2": "BabySoft",
          "Result": "2-0-0"
        }
      ]
    },
    {
      "RoundName": "Round 10",
      "Matches": [
        {
          "Player1": "THXrhys",
          "Player2": "Yugi_Muto",
          "Result": "2-0-0"
        }
      ]
    }
  ],
  "Standings": [
    {
      "Rank": 66,
      "Player": "ethanunofficial",
      "Points": 0,
      "Wins": 0,
      "Losses": 0,
      "Draws": 0,
      "OMWP": 0.381,
      "GWP": 0.2,
      "OGWP": 0.4171
    },
    {
      "Rank": 65,
      "Player": "Jmarreiros",
      "Points": 0,
      "Wins": 0,
      "Losses": 0,
      "Draws": 0,
      "OMWP": 0.44439999999999996,
      "GWP": 0,
      "OGWP": 0.44439999999999996
    },
    {
      "Rank": 64,
      "Player": "Entropy263",
      "Points": 0,
      "Wins": 0,
      "Losses": 0,
      "Draws": 0,
      "OMWP": 0.5238,
      "GWP": 0.25,
      "OGWP": 0.5174
    },
    {
      "Rank": 63,
      "Player": "Lionkortss",
      "Points": 0,
      "Wins": 0,
      "Losses": 0,
      "Draws": 0,
      "OMWP": 0.5397,
      "GWP": 0.3333,
      "OGWP": 0.4874
    },
    {
      "Rank": 62,
      "Player": "Jinjaa",
      "Points": 0,
      "Wins": 0,
      "Losses": 0,
      "Draws": 0,
      "OMWP": 0.5714,
      "GWP": 0.2,
      "OGWP": 0.5972
    },
    {
      "Rank": 61,
      "Player": "i_b_TRUE",
      "Points": 0,
      "Wins": 0,
      "Losses": 0,
      "Draws": 0,
      "OMWP": 0.5714,
      "GWP": 0.3333,
      "OGWP": 0.47369999999999995
    },
    {
      "Rank": 60,
      "Player": "Raydan",
      "Points": 0,
      "Wins": 0,
      "Losses": 0,
      "Draws": 0,
      "OMWP": 0.6429,
      "GWP": 0.3333,
      "OGWP": 0.5882000000000001
    },
    {
      "Rank": 59,
      "Player": "Chapters",
      "Points": 3,
      "Wins": 0,
      "Losses": 0,
      "Draws": 0,
      "OMWP": 0.35240000000000005,
      "GWP": 0.3077,
      "OGWP": 0.3803
    },
    {
      "Rank": 58,
      "Player": "Dr_dej96",
      "Points": 3,
      "Wins": 0,
      "Losses": 0,
      "Draws": 0,
      "OMWP": 0.47619999999999996,
      "GWP": 0.23079999999999998,
      "OGWP": 0.4656
    },
    {
      "Rank": 57,
      "Player": "SpockVidaLoka",
      "Points": 3,
      "Wins": 0,
      "Losses": 0,
      "Draws": 0,
      "OMWP": 0.496,
      "GWP": 0.2857,
      "OGWP": 0.4893
    },
    {
      "Rank": 56,
      "Player": "LucasG1ggs",
      "Points": 3,
      "Wins": 0,
      "Losses": 0,
      "Draws": 0,
      "OMWP": 0.5,
      "GWP": 0.3333,
      "OGWP": 0.5056
    },
    {
      "Rank": 55,
      "Player": "Mldyss",
      "Points": 3,
      "Wins": 0,
      "Losses": 0,
      "Draws": 0,
      "OMWP": 0.5952000000000001,
      "GWP": 0.3333,
      "OGWP": 0.5657
    },
    {
      "Rank": 54,
      "Player": "NMT_Sco94",
      "Points": 3,
      "Wins": 0,
      "Losses": 0,
      "Draws": 0,
      "OMWP": 0.6012,
      "GWP": 0.3636,
      "OGWP": 0.5571
    },
    {
      "Rank": 53,
      "Player": "IWikittiorI",
      "Points": 6,
      "Wins": 0,
      "Losses": 0,
      "Draws": 0,
      "OMWP": 0.4422,
      "GWP": 0.3125,
      "OGWP": 0.44299999999999995
    },
    {
      "Rank": 52,
      "Player": "Muka33",
      "Points": 6,
      "Wins": 0,
      "Losses": 0,
      "Draws": 0,
      "OMWP": 0.4524,
      "GWP": 0.3529,
      "OGWP": 0.4583
    },
    {
      "Rank": 51,
      "Player": "Jukel",
      "Points": 6,
      "Wins": 0,
      "Losses": 0,
      "Draws": 0,
      "OMWP": 0.483,
      "GWP": 0.375,
      "OGWP": 0.4526
    },
    {
      "Rank": 50,
      "Player": "Falco_Lombardi",
      "Points": 6,
      "Wins": 0,
      "Losses": 0,
      "Draws": 0,
      "OMWP": 0.4841,
      "GWP": 0.4375,
      "OGWP": 0.4752
    },
    {
      "Rank": 49,
      "Player": "BOB_THE_CAT",
      "Points": 6,
      "Wins": 0,
      "Losses": 0,
      "Draws": 0,
      "OMWP": 0.4921,
      "GWP": 0.35710000000000003,
      "OGWP": 0.5059
    },
    {
      "Rank": 48,
      "Player": "freakflag",
      "Points": 6,
      "Wins": 0,
      "Losses": 0,
      "Draws": 0,
      "OMWP": 0.4921,
      "GWP": 0.4286,
      "OGWP": 0.4794
    },
    {
      "Rank": 47,
      "Player": "IaslanGaston",
      "Points": 6,
      "Wins": 0,
      "Losses": 0,
      "Draws": 0,
      "OMWP": 0.517,
      "GWP": 0.4,
      "OGWP": 0.5052
    },
    {
      "Rank": 46,
      "Player": "Brasatore",
      "Points": 6,
      "Wins": 0,
      "Losses": 0,
      "Draws": 0,
      "OMWP": 0.5333,
      "GWP": 0.3077,
      "OGWP": 0.523
    },
    {
      "Rank": 45,
      "Player": "viashinoperuano",
      "Points": 6,
      "Wins": 0,
      "Losses": 0,
      "Draws": 0,
      "OMWP": 0.5476,
      "GWP": 0.4375,
      "OGWP": 0.5209
    },
    {
      "Rank": 44,
      "Player": "Misplacedginger",
      "Points": 6,
      "Wins": 0,
      "Losses": 0,
      "Draws": 0,
      "OMWP": 0.5832999999999999,
      "GWP": 0.5,
      "OGWP": 0.5519
    },
    {
      "Rank": 43,
      "Player": "_blaze66",
      "Points": 9,
      "Wins": 0,
      "Losses": 0,
      "Draws": 0,
      "OMWP": 0.415,
      "GWP": 0.4118,
      "OGWP": 0.4322
    },
    {
      "Rank": 42,
      "Player": "luanpizzio",
      "Points": 9,
      "Wins": 0,
      "Losses": 0,
      "Draws": 0,
      "OMWP": 0.415,
      "GWP": 0.4706,
      "OGWP": 0.42719999999999997
    },
    {
      "Rank": 41,
      "Player": "EntroPete",
      "Points": 9,
      "Wins": 0,
      "Losses": 0,
      "Draws": 0,
      "OMWP": 0.4524,
      "GWP": 0.4286,
      "OGWP": 0.4457
    },
    {
      "Rank": 40,
      "Player": "ninepoundhammer",
      "Points": 9,
      "Wins": 0,
      "Losses": 0,
      "Draws": 0,
      "OMWP": 0.47619999999999996,
      "GWP": 0.4286,
      "OGWP": 0.4732
    },
    {
      "Rank": 39,
      "Player": "LordAkainu",
      "Points": 9,
      "Wins": 0,
      "Losses": 0,
      "Draws": 0,
      "OMWP": 0.48979999999999996,
      "GWP": 0.4706,
      "OGWP": 0.5109
    },
    {
      "Rank": 38,
      "Player": "TiagoFuguete",
      "Points": 9,
      "Wins": 0,
      "Losses": 0,
      "Draws": 0,
      "OMWP": 0.5034000000000001,
      "GWP": 0.44439999999999996,
      "OGWP": 0.4824
    },
    {
      "Rank": 37,
      "Player": "Captain_Tsubasa",
      "Points": 9,
      "Wins": 0,
      "Losses": 0,
      "Draws": 0,
      "OMWP": 0.5408,
      "GWP": 0.5,
      "OGWP": 0.5131
    },
    {
      "Rank": 36,
      "Player": "xmelanx",
      "Points": 9,
      "Wins": 0,
      "Losses": 0,
      "Draws": 0,
      "OMWP": 0.5646,
      "GWP": 0.4118,
      "OGWP": 0.5196000000000001
    },
    {
      "Rank": 35,
      "Player": "xRagedFurballx",
      "Points": 9,
      "Wins": 0,
      "Losses": 0,
      "Draws": 0,
      "OMWP": 0.5714,
      "GWP": 0.5,
      "OGWP": 0.5373
    },
    {
      "Rank": 34,
      "Player": "_Bound_",
      "Points": 9,
      "Wins": 0,
      "Losses": 0,
      "Draws": 0,
      "OMWP": 0.5748,
      "GWP": 0.44439999999999996,
      "OGWP": 0.5592
    },
    {
      "Rank": 33,
      "Player": "_against_",
      "Points": 9,
      "Wins": 0,
      "Losses": 0,
      "Draws": 0,
      "OMWP": 0.5782,
      "GWP": 0.4706,
      "OGWP": 0.5482
    },
    {
      "Rank": 32,
      "Player": "Martani",
      "Points": 9,
      "Wins": 0,
      "Losses": 0,
      "Draws": 0,
      "OMWP": 0.6053999999999999,
      "GWP": 0.4375,
      "OGWP": 0.5874
    },
    {
      "Rank": 31,
      "Player": "brick_",
      "Points": 12,
      "Wins": 0,
      "Losses": 0,
      "Draws": 0,
      "OMWP": 0.3741,
      "GWP": 0.5625,
      "OGWP": 0.40619999999999995
    },
    {
      "Rank": 30,
      "Player": "billsive",
      "Points": 12,
      "Wins": 0,
      "Losses": 0,
      "Draws": 0,
      "OMWP": 0.4252,
      "GWP": 0.5294,
      "OGWP": 0.4507
    },
    {
      "Rank": 29,
      "Player": "Sliverdude",
      "Points": 12,
      "Wins": 0,
      "Losses": 0,
      "Draws": 0,
      "OMWP": 0.4354,
      "GWP": 0.6111,
      "OGWP": 0.4313
    },
    {
      "Rank": 28,
      "Player": "ryugha",
      "Points": 12,
      "Wins": 0,
      "Losses": 0,
      "Draws": 0,
      "OMWP": 0.4388,
      "GWP": 0.5,
      "OGWP": 0.44520000000000004
    },
    {
      "Rank": 27,
      "Player": "turn1_stormcrow",
      "Points": 12,
      "Wins": 0,
      "Losses": 0,
      "Draws": 0,
      "OMWP": 0.4728,
      "GWP": 0.5882000000000001,
      "OGWP": 0.4781
    },
    {
      "Rank": 26,
      "Player": "VaT69",
      "Points": 12,
      "Wins": 0,
      "Losses": 0,
      "Draws": 0,
      "OMWP": 0.4966,
      "GWP": 0.5882000000000001,
      "OGWP": 0.49119999999999997
    },
    {
      "Rank": 25,
      "Player": "outZEROo",
      "Points": 12,
      "Wins": 0,
      "Losses": 0,
      "Draws": 0,
      "OMWP": 0.5068,
      "GWP": 0.5294,
      "OGWP": 0.47659999999999997
    },
    {
      "Rank": 24,
      "Player": "Angus91",
      "Points": 12,
      "Wins": 0,
      "Losses": 0,
      "Draws": 0,
      "OMWP": 0.5238,
      "GWP": 0.5333,
      "OGWP": 0.5159
    },
    {
      "Rank": 23,
      "Player": "Lollopollo2001",
      "Points": 12,
      "Wins": 0,
      "Losses": 0,
      "Draws": 0,
      "OMWP": 0.5238,
      "GWP": 0.5625,
      "OGWP": 0.5092
    },
    {
      "Rank": 22,
      "Player": "_Abijhavs_",
      "Points": 12,
      "Wins": 0,
      "Losses": 0,
      "Draws": 0,
      "OMWP": 0.5374,
      "GWP": 0.44439999999999996,
      "OGWP": 0.5192
    },
    {
      "Rank": 21,
      "Player": "pat0presidente",
      "Points": 12,
      "Wins": 0,
      "Losses": 0,
      "Draws": 0,
      "OMWP": 0.5374,
      "GWP": 0.55,
      "OGWP": 0.5008
    },
    {
      "Rank": 20,
      "Player": "pepeteam",
      "Points": 12,
      "Wins": 0,
      "Losses": 0,
      "Draws": 0,
      "OMWP": 0.5578,
      "GWP": 0.5556,
      "OGWP": 0.5217
    },
    {
      "Rank": 19,
      "Player": "Kampo",
      "Points": 12,
      "Wins": 0,
      "Losses": 0,
      "Draws": 0,
      "OMWP": 0.5748,
      "GWP": 0.47369999999999995,
      "OGWP": 0.5329999999999999
    },
    {
      "Rank": 18,
      "Player": "416FrowningTable",
      "Points": 12,
      "Wins": 0,
      "Losses": 0,
      "Draws": 0,
      "OMWP": 0.5748,
      "GWP": 0.5294,
      "OGWP": 0.5246
    },
    {
      "Rank": 17,
      "Player": "Skpchino",
      "Points": 12,
      "Wins": 0,
      "Losses": 0,
      "Draws": 0,
      "OMWP": 0.5918,
      "GWP": 0.5,
      "OGWP": 0.5592
    },
    {
      "Rank": 16,
      "Player": "JaviGM",
      "Points": 12,
      "Wins": 0,
      "Losses": 0,
      "Draws": 0,
      "OMWP": 0.6259,
      "GWP": 0.5625,
      "OGWP": 0.5770000000000001
    },
    {
      "Rank": 15,
      "Player": "Rubenma",
      "Points": 12,
      "Wins": 0,
      "Losses": 0,
      "Draws": 0,
      "OMWP": 0.6395000000000001,
      "GWP": 0.5294,
      "OGWP": 0.5851
    },
    {
      "Rank": 14,
      "Player": "Caleb_Yetman",
      "Points": 12,
      "Wins": 0,
      "Losses": 0,
      "Draws": 0,
      "OMWP": 0.6633,
      "GWP": 0.5,
      "OGWP": 0.6186
    },
    {
      "Rank": 13,
      "Player": "Sailor_Moon",
      "Points": 15,
      "Wins": 0,
      "Losses": 0,
      "Draws": 0,
      "OMWP": 0.449,
      "GWP": 0.5789,
      "OGWP": 0.46
    },
    {
      "Rank": 12,
      "Player": "jwaves",
      "Points": 15,
      "Wins": 0,
      "Losses": 0,
      "Draws": 0,
      "OMWP": 0.5374,
      "GWP": 0.6315999999999999,
      "OGWP": 0.5304
    },
    {
      "Rank": 11,
      "Player": "__Noob__",
      "Points": 15,
      "Wins": 0,
      "Losses": 0,
      "Draws": 0,
      "OMWP": 0.5578,
      "GWP": 0.625,
      "OGWP": 0.5341
    },
    {
      "Rank": 10,
      "Player": "Ducketh",
      "Points": 15,
      "Wins": 0,
      "Losses": 0,
      "Draws": 0,
      "OMWP": 0.5714,
      "GWP": 0.625,
      "OGWP": 0.5577000000000001
    },
    {
      "Rank": 9,
      "Player": "Ixidor29",
      "Points": 15,
      "Wins": 0,
      "Losses": 0,
      "Draws": 0,
      "OMWP": 0.5748,
      "GWP": 0.75,
      "OGWP": 0.5246999999999999
    },
    {
      "Rank": 8,
      "Player": "LuffyDoChapeuDePalha",
      "Points": 18,
      "Wins": 0,
      "Losses": 0,
      "Draws": 0,
      "OMWP": 0.47619999999999996,
      "GWP": 0.7646999999999999,
      "OGWP": 0.473
    },
    {
      "Rank": 7,
      "Player": "digdude13",
      "Points": 18,
      "Wins": 0,
      "Losses": 0,
      "Draws": 0,
      "OMWP": 0.5816,
      "GWP": 0.75,
      "OGWP": 0.5478000000000001
    },
    {
      "Rank": 6,
      "Player": "Luminati",
      "Points": 18,
      "Wins": 0,
      "Losses": 0,
      "Draws": 0,
      "OMWP": 0.602,
      "GWP": 0.8125,
      "OGWP": 0.5455
    },
    {
      "Rank": 5,
      "Player": "PNascimento",
      "Points": 21,
      "Wins": 0,
      "Losses": 0,
      "Draws": 0,
      "OMWP": 0.5442,
      "GWP": 0.9333,
      "OGWP": 0.5135000000000001
    },
    {
      "Rank": 4,
      "Player": "alfonseelric",
      "Points": 18,
      "Wins": 0,
      "Losses": 0,
      "Draws": 0,
      "OMWP": 0.6939,
      "GWP": 0.5556,
      "OGWP": 0.66
    },
    {
      "Rank": 3,
      "Player": "BabySoft",
      "Points": 18,
      "Wins": 0,
      "Losses": 0,
      "Draws": 0,
      "OMWP": 0.6939,
      "GWP": 0.625,
      "OGWP": 0.6473
    },
    {
      "Rank": 2,
      "Player": "Yugi_Muto",
      "Points": 21,
      "Wins": 0,
      "Losses": 0,
      "Draws": 0,
      "OMWP": 0.6803,
      "GWP": 0.7059000000000001,
      "OGWP": 0.6033
    },
    {
      "Rank": 1,
      "Player": "THXrhys",
      "Points": 24,
      "Wins": 0,
      "Losses": 0,
      "Draws": 0,
      "OMWP": 0.5986,
      "GWP": 0.6470999999999999,
      "OGWP": 0.5563
    }
  ]
}