{
  "Tournament": {
    "Id": 12801676,
    "Date": "2025-07-06T22:00:00",
    "Name": "Pioneer Challenge 32",
    "Uri": null,
    "JsonFile": null,
    "ForceRedownload": false
  },
  "Decks": null,
  "Rounds": [
    {
      "RoundName": "Round 1",
      "Matches": [
        {
          "Player1": "Arianne",
          "Player2": "LucasG1ggs",
          "Result": "2-0-0"
        },
        {
          "Player1": "_Falcon_",
          "Player2": "rubycode",
          "Result": "2-0-0"
        },
        {
          "Player1": "Univerce",
          "Player2": "wcl",
          "Result": "0-0-0"
        },
        {
          "Player1": "Nogamblenofutur",
          "Player2": "GzusReturned",
          "Result": "0-2-0"
        },
        {
          "Player1": "MJ_23",
          "Player2": "moon11",
          "Result": "2-0-0"
        },
        {
          "Player1": "termidor",
          "Player2": "Shulk",
          "Result": "2-0-0"
        },
        {
          "Player1": "O_danielakos",
          "Player2": "makusong24",
          "Result": "2-0-0"
        },
        {
          "Player1": "wordy333",
          "Player2": "Brasatore",
          "Result": "0-0-0"
        },
        {
          "Player1": "_VFS_",
          "Player2": "deleon91",
          "Result": "2-0-0"
        },
        {
          "Player1": "_Batutinha_",
          "Player2": "gazmon48",
          "Result": "2-0-0"
        },
        {
          "Player1": "_Siegfried",
          "Player2": "death_grips",
          "Result": "2-0-0"
        },
        {
          "Player1": "Ale_Mtg",
          "Player2": "Capipf95",
          "Result": "2-0-0"
        },
        {
          "Player1": "musasabi",
          "Player2": "claudioh",
          "Result": "0-2-0"
        },
        {
          "Player1": "LuffyDoChapeuDePalha",
          "Player2": "Danielpena397",
          "Result": "0-2-0"
        },
        {
          "Player1": "pirol94",
          "Player2": "Free_tix",
          "Result": "0-2-0"
        },
        {
          "Player1": "xRagedFurballx",
          "Player2": "Arkany1",
          "Result": "2-0-0"
        },
        {
          "Player1": "Jon_W",
          "Player2": "LBBL",
          "Result": "2-0-0"
        },
        {
          "Player1": "MarmotaStore",
          "Player2": "JulioP1985",
          "Result": "0-2-0"
        },
        {
          "Player1": "TricksterGod",
          "Player2": "ice_nine_BIGFAN",
          "Result": "0-2-0"
        },
        {
          "Player1": "Hernan72",
          "Player2": "boytriton",
          "Result": "0-2-0"
        },
        {
          "Player1": "AchiIIes",
          "Player2": "novaschin22",
          "Result": "0-2-0"
        },
        {
          "Player1": "Raydan",
          "Player2": "hermanomlg",
          "Result": "0-0-0"
        }
      ]
    },
    {
      "RoundName": "Round 2",
      "Matches": [
        {
          "Player1": "musasabi",
          "Player2": "Brasatore",
          "Result": "2-0-0"
        },
        {
          "Player1": "gazmon48",
          "Player2": "Shulk",
          "Result": "0-2-0"
        },
        {
          "Player1": "_VFS_",
          "Player2": "O_danielakos",
          "Result": "0-2-0"
        },
        {
          "Player1": "LucasG1ggs",
          "Player2": "makusong24",
          "Result": "2-0-0"
        },
        {
          "Player1": "AchiIIes",
          "Player2": "pirol94",
          "Result": "0-2-0"
        },
        {
          "Player1": "claudioh",
          "Player2": "_Falcon_",
          "Result": "2-0-0"
        },
        {
          "Player1": "MarmotaStore",
          "Player2": "LBBL",
          "Result": "2-0-0"
        },
        {
          "Player1": "Arkany1",
          "Player2": "rubycode",
          "Result": "2-0-0"
        },
        {
          "Player1": "_Batutinha_",
          "Player2": "JulioP1985",
          "Result": "2-0-0"
        },
        {
          "Player1": "Free_tix",
          "Player2": "wcl",
          "Result": "0-2-0"
        },
        {
          "Player1": "Danielpena397",
          "Player2": "GzusReturned",
          "Result": "0-2-0"
        },
        {
          "Player1": "Hernan72",
          "Player2": "LuffyDoChapeuDePalha",
          "Result": "0-2-0"
        },
        {
          "Player1": "TricksterGod",
          "Player2": "deleon91",
          "Result": "2-0-0"
        },
        {
          "Player1": "MJ_23",
          "Player2": "novaschin22",
          "Result": "0-2-0"
        },
        {
          "Player1": "boytriton",
          "Player2": "ice_nine_BIGFAN",
          "Result": "2-0-0"
        },
        {
          "Player1": "Jon_W",
          "Player2": "Nogamblenofutur",
          "Result": "0-2-0"
        },
        {
          "Player1": "Capipf95",
          "Player2": "death_grips",
          "Result": "0-2-0"
        },
        {
          "Player1": "wordy333",
          "Player2": "Arianne",
          "Result": "2-0-0"
        },
        {
          "Player1": "Raydan",
          "Player2": "Univerce",
          "Result": "2-0-0"
        },
        {
          "Player1": "termidor",
          "Player2": "_Siegfried",
          "Result": "0-2-0"
        },
        {
          "Player1": "hermanomlg",
          "Player2": "simoneromarm",
          "Result": "0-2-0"
        },
        {
          "Player1": "xRagedFurballx",
          "Player2": "Ale_Mtg",
          "Result": "2-0-0"
        }
      ]
    },
    {
      "RoundName": "Round 3",
      "Matches": [
        {
          "Player1": "_Batutinha_",
          "Player2": "wordy333",
          "Result": "2-0-0"
        },
        {
          "Player1": "_Siegfried",
          "Player2": "wcl",
          "Result": "2-0-0"
        },
        {
          "Player1": "musasabi",
          "Player2": "LuffyDoChapeuDePalha",
          "Result": "2-0-0"
        },
        {
          "Player1": "Arkany1",
          "Player2": "JulioP1985",
          "Result": "2-0-0"
        },
        {
          "Player1": "pirol94",
          "Player2": "ice_nine_BIGFAN",
          "Result": "0-2-0"
        },
        {
          "Player1": "O_danielakos",
          "Player2": "novaschin22",
          "Result": "2-0-0"
        },
        {
          "Player1": "Nogamblenofutur",
          "Player2": "TricksterGod",
          "Result": "0-2-0"
        },
        {
          "Player1": "Brasatore",
          "Player2": "rubycode",
          "Result": "2-0-0"
        },
        {
          "Player1": "Raydan",
          "Player2": "Shulk",
          "Result": "0-2-0"
        },
        {
          "Player1": "MarmotaStore",
          "Player2": "Capipf95",
          "Result": "0-2-0"
        },
        {
          "Player1": "claudioh",
          "Player2": "GzusReturned",
          "Result": "0-2-0"
        },
        {
          "Player1": "LucasG1ggs",
          "Player2": "MJ_23",
          "Result": "0-2-0"
        },
        {
          "Player1": "xRagedFurballx",
          "Player2": "simoneromarm",
          "Result": "2-0-0"
        },
        {
          "Player1": "makusong24",
          "Player2": "deleon91",
          "Result": "2-0-0"
        },
        {
          "Player1": "moon11",
          "Player2": "boytriton",
          "Result": "0-2-0"
        },
        {
          "Player1": "Jon_W",
          "Player2": "Danielpena397",
          "Result": "0-2-0"
        },
        {
          "Player1": "death_grips",
          "Player2": "Free_tix",
          "Result": "0-0-0"
        },
        {
          "Player1": "_VFS_",
          "Player2": "hermanomlg",
          "Result": "2-0-0"
        },
        {
          "Player1": "termidor",
          "Player2": "_Falcon_",
          "Result": "0-0-0"
        },
        {
          "Player1": "AchiIIes",
          "Player2": "Univerce",
          "Result": "2-0-0"
        },
        {
          "Player1": "Arianne",
          "Player2": "Ale_Mtg",
          "Result": "2-0-0"
        }
      ]
    },
    {
      "RoundName": "Round 4",
      "Matches": [
        {
          "Player1": "wordy333",
          "Player2": "ice_nine_BIGFAN",
          "Result": "2-0-0"
        },
        {
          "Player1": "Ale_Mtg",
          "Player2": "Univerce",
          "Result": "0-2-0"
        },
        {
          "Player1": "moon11",
          "Player2": "Capipf95",
          "Result": "2-0-0"
        },
        {
          "Player1": "xRagedFurballx",
          "Player2": "GzusReturned",
          "Result": "0-2-0"
        },
        {
          "Player1": "Hernan72",
          "Player2": "_Falcon_",
          "Result": "2-0-0"
        },
        {
          "Player1": "AchiIIes",
          "Player2": "Raydan",
          "Result": "0-2-0"
        },
        {
          "Player1": "_Batutinha_",
          "Player2": "O_danielakos",
          "Result": "0-0-0"
        },
        {
          "Player1": "_VFS_",
          "Player2": "Shulk",
          "Result": "0-2-0"
        },
        {
          "Player1": "MJ_23",
          "Player2": "simoneromarm",
          "Result": "0-2-0"
        },
        {
          "Player1": "LucasG1ggs",
          "Player2": "LuffyDoChapeuDePalha",
          "Result": "0-2-0"
        },
        {
          "Player1": "Nogamblenofutur",
          "Player2": "Brasatore",
          "Result": "2-0-0"
        },
        {
          "Player1": "claudioh",
          "Player2": "Danielpena397",
          "Result": "0-2-0"
        },
        {
          "Player1": "boytriton",
          "Player2": "_Siegfried",
          "Result": "2-0-0"
        },
        {
          "Player1": "termidor",
          "Player2": "TricksterGod",
          "Result": "2-0-0"
        },
        {
          "Player1": "Arianne",
          "Player2": "Free_tix",
          "Result": "2-0-0"
        },
        {
          "Player1": "makusong24",
          "Player2": "hermanomlg",
          "Result": "2-0-0"
        },
        {
          "Player1": "MarmotaStore",
          "Player2": "death_grips",
          "Result": "2-0-0"
        },
        {
          "Player1": "Arkany1",
          "Player2": "wcl",
          "Result": "0-2-0"
        },
        {
          "Player1": "musasabi",
          "Player2": "novaschin22",
          "Result": "2-0-0"
        }
      ]
    },
    {
      "RoundName": "Round 5",
      "Matches": [
        {
          "Player1": "Capipf95",
          "Player2": "Brasatore",
          "Result": "2-1-0"
        },
        {
          "Player1": "_Falcon_",
          "Player2": "Univerce",
          "Result": "2-0-0"
        },
        {
          "Player1": "Danielpena397",
          "Player2": "Arianne",
          "Result": "2-0-0"
        },
        {
          "Player1": "makusong24",
          "Player2": "Raydan",
          "Result": "0-2-0"
        },
        {
          "Player1": "xRagedFurballx",
          "Player2": "termidor",
          "Result": "0-2-0"
        },
        {
          "Player1": "LucasG1ggs",
          "Player2": "death_grips",
          "Result": "2-0-0"
        },
        {
          "Player1": "novaschin22",
          "Player2": "Free_tix",
          "Result": "2-0-0"
        },
        {
          "Player1": "Nogamblenofutur",
          "Player2": "ice_nine_BIGFAN",
          "Result": "2-0-0"
        },
        {
          "Player1": "simoneromarm",
          "Player2": "Shulk",
          "Result": "0-0-0"
        },
        {
          "Player1": "_Batutinha_",
          "Player2": "boytriton",
          "Result": "0-2-0"
        },
        {
          "Player1": "deleon91",
          "Player2": "Ale_Mtg",
          "Result": "0-2-0"
        },
        {
          "Player1": "_VFS_",
          "Player2": "Hernan72",
          "Result": "0-2-0"
        },
        {
          "Player1": "moon11",
          "Player2": "TricksterGod",
          "Result": "0-0-0"
        },
        {
          "Player1": "wordy333",
          "Player2": "wcl",
          "Result": "2-0-0"
        },
        {
          "Player1": "MJ_23",
          "Player2": "LuffyDoChapeuDePalha",
          "Result": "2-0-0"
        },
        {
          "Player1": "MarmotaStore",
          "Player2": "Arkany1",
          "Result": "0-2-0"
        },
        {
          "Player1": "musasabi",
          "Player2": "_Siegfried",
          "Result": "0-0-0"
        },
        {
          "Player1": "O_danielakos",
          "Player2": "GzusReturned",
          "Result": "2-0-0"
        }
      ]
    },
    {
      "RoundName": "Round 6",
      "Matches": [
        {
          "Player1": "Ale_Mtg",
          "Player2": "ice_nine_BIGFAN",
          "Result": "0-0-0"
        },
        {
          "Player1": "MJ_23",
          "Player2": "Arianne",
          "Result": "0-2-0"
        },
        {
          "Player1": "musasabi",
          "Player2": "Nogamblenofutur",
          "Result": "0-2-0"
        },
        {
          "Player1": "_VFS_",
          "Player2": "LuffyDoChapeuDePalha",
          "Result": "0-2-0"
        },
        {
          "Player1": "_Siegfried",
          "Player2": "Shulk",
          "Result": "0-2-0"
        },
        {
          "Player1": "Raydan",
          "Player2": "Hernan72",
          "Result": "2-0-0"
        },
        {
          "Player1": "simoneromarm",
          "Player2": "Arkany1",
          "Result": "2-0-0"
        },
        {
          "Player1": "Danielpena397",
          "Player2": "boytriton",
          "Result": "2-0-0"
        },
        {
          "Player1": "_Batutinha_",
          "Player2": "GzusReturned",
          "Result": "2-0-0"
        },
        {
          "Player1": "wordy333",
          "Player2": "xRagedFurballx",
          "Result": "2-0-0"
        },
        {
          "Player1": "LucasG1ggs",
          "Player2": "Capipf95",
          "Result": "2-0-0"
        },
        {
          "Player1": "moon11",
          "Player2": "_Falcon_",
          "Result": "0-2-0"
        },
        {
          "Player1": "deleon91",
          "Player2": "Free_tix",
          "Result": "0-2-0"
        },
        {
          "Player1": "novaschin22",
          "Player2": "wcl",
          "Result": "0-2-0"
        },
        {
          "Player1": "Brasatore",
          "Player2": "death_grips",
          "Result": "2-0-0"
        },
        {
          "Player1": "O_danielakos",
          "Player2": "termidor",
          "Result": "2-1-0"
        },
        {
          "Player1": "makusong24",
          "Player2": "TricksterGod",
          "Result": "2-0-0"
        }
      ]
    },
    {
      "RoundName": "Round 7",
      "Matches": [
        {
          "Player1": "boytriton",
          "Player2": "GzusReturned",
          "Result": "0-2-0"
        },
        {
          "Player1": "_Batutinha_",
          "Player2": "_Siegfried",
          "Result": "2-0-0"
        },
        {
          "Player1": "Danielpena397",
          "Player2": "Shulk",
          "Result": "2-0-0"
        },
        {
          "Player1": "wordy333",
          "Player2": "O_danielakos",
          "Result": "2-0-0"
        }
      ]
    },
    {
      "RoundName": "Round 8",
      "Matches": [
        {
          "Player1": "_Batutinha_",
          "Player2": "wordy333",
          "Result": "2-0-0"
        },
        {
          "Player1": "Danielpena397",
          "Player2": "GzusReturned",
          "Result": "0-2-0"
        }
      ]
    },
    {
      "RoundName": "Round 9",
      "Matches": [
        {
          "Player1": "_Batutinha_",
          "Player2": "GzusReturned",
          "Result": "2-0-0"
        }
      ]
    }
  ],
  "Standings": [
    {
      "Rank": 45,
      "Player": "LBBL",
      "Points": 0,
      "Wins": 0,
      "Losses": 0,
      "Draws": 0,
      "OMWP": 0.3667,
      "GWP": 0.3333,
      "OGWP": 0.4
    },
    {
      "Rank": 44,
      "Player": "rubycode",
      "Points": 0,
      "Wins": 0,
      "Losses": 0,
      "Draws": 0,
      "OMWP": 0.44439999999999996,
      "GWP": 0,
      "OGWP": 0.4779
    },
    {
      "Rank": 43,
      "Player": "gazmon48",
      "Points": 0,
      "Wins": 0,
      "Losses": 0,
      "Draws": 0,
      "OMWP": 0.8332999999999999,
      "GWP": 0,
      "OGWP": 0.6792
    },
    {
      "Rank": 42,
      "Player": "pirol94",
      "Points": 3,
      "Wins": 0,
      "Losses": 0,
      "Draws": 0,
      "OMWP": 0.3889,
      "GWP": 0.375,
      "OGWP": 0.4515
    },
    {
      "Rank": 41,
      "Player": "deleon91",
      "Points": 3,
      "Wins": 0,
      "Losses": 0,
      "Draws": 0,
      "OMWP": 0.43329999999999996,
      "GWP": 0.23079999999999998,
      "OGWP": 0.4371
    },
    {
      "Rank": 40,
      "Player": "death_grips",
      "Points": 3,
      "Wins": 0,
      "Losses": 0,
      "Draws": 0,
      "OMWP": 0.4556,
      "GWP": 0.3333,
      "OGWP": 0.4721
    },
    {
      "Rank": 39,
      "Player": "AchiIIes",
      "Points": 3,
      "Wins": 0,
      "Losses": 0,
      "Draws": 0,
      "OMWP": 0.4583,
      "GWP": 0.4545,
      "OGWP": 0.4354
    },
    {
      "Rank": 38,
      "Player": "Univerce",
      "Points": 3,
      "Wins": 0,
      "Losses": 0,
      "Draws": 0,
      "OMWP": 0.5333,
      "GWP": 0.2727,
      "OGWP": 0.5386
    },
    {
      "Rank": 37,
      "Player": "hermanomlg",
      "Points": 3,
      "Wins": 0,
      "Losses": 0,
      "Draws": 0,
      "OMWP": 0.5417000000000001,
      "GWP": 0.4,
      "OGWP": 0.47259999999999996
    },
    {
      "Rank": 36,
      "Player": "JulioP1985",
      "Points": 3,
      "Wins": 0,
      "Losses": 0,
      "Draws": 0,
      "OMWP": 0.5778,
      "GWP": 0.44439999999999996,
      "OGWP": 0.5194
    },
    {
      "Rank": 35,
      "Player": "Jon_W",
      "Points": 3,
      "Wins": 0,
      "Losses": 0,
      "Draws": 0,
      "OMWP": 0.6111,
      "GWP": 0.2857,
      "OGWP": 0.5635
    },
    {
      "Rank": 34,
      "Player": "MarmotaStore",
      "Points": 6,
      "Wins": 0,
      "Losses": 0,
      "Draws": 0,
      "OMWP": 0.3667,
      "GWP": 0.4667,
      "OGWP": 0.3906
    },
    {
      "Rank": 33,
      "Player": "Capipf95",
      "Points": 6,
      "Wins": 0,
      "Losses": 0,
      "Draws": 0,
      "OMWP": 0.4278,
      "GWP": 0.375,
      "OGWP": 0.4484
    },
    {
      "Rank": 32,
      "Player": "TricksterGod",
      "Points": 6,
      "Wins": 0,
      "Losses": 0,
      "Draws": 0,
      "OMWP": 0.5,
      "GWP": 0.4286,
      "OGWP": 0.4536
    },
    {
      "Rank": 31,
      "Player": "Brasatore",
      "Points": 6,
      "Wins": 0,
      "Losses": 0,
      "Draws": 0,
      "OMWP": 0.5,
      "GWP": 0.4286,
      "OGWP": 0.48
    },
    {
      "Rank": 30,
      "Player": "_VFS_",
      "Points": 6,
      "Wins": 0,
      "Losses": 0,
      "Draws": 0,
      "OMWP": 0.5556,
      "GWP": 0.35710000000000003,
      "OGWP": 0.5428999999999999
    },
    {
      "Rank": 29,
      "Player": "ice_nine_BIGFAN",
      "Points": 6,
      "Wins": 0,
      "Losses": 0,
      "Draws": 0,
      "OMWP": 0.5832999999999999,
      "GWP": 0.4,
      "OGWP": 0.5629
    },
    {
      "Rank": 28,
      "Player": "claudioh",
      "Points": 6,
      "Wins": 0,
      "Losses": 0,
      "Draws": 0,
      "OMWP": 0.625,
      "GWP": 0.5,
      "OGWP": 0.6144
    },
    {
      "Rank": 27,
      "Player": "Ale_Mtg",
      "Points": 9,
      "Wins": 0,
      "Losses": 0,
      "Draws": 0,
      "OMWP": 0.4167,
      "GWP": 0.5,
      "OGWP": 0.4286
    },
    {
      "Rank": 26,
      "Player": "LucasG1ggs",
      "Points": 9,
      "Wins": 0,
      "Losses": 0,
      "Draws": 0,
      "OMWP": 0.4722,
      "GWP": 0.5,
      "OGWP": 0.4557
    },
    {
      "Rank": 25,
      "Player": "Free_tix",
      "Points": 9,
      "Wins": 0,
      "Losses": 0,
      "Draws": 0,
      "OMWP": 0.4722,
      "GWP": 0.5,
      "OGWP": 0.48340000000000005
    },
    {
      "Rank": 24,
      "Player": "_Falcon_",
      "Points": 9,
      "Wins": 0,
      "Losses": 0,
      "Draws": 0,
      "OMWP": 0.4722,
      "GWP": 0.5385,
      "OGWP": 0.4537
    },
    {
      "Rank": 23,
      "Player": "Arkany1",
      "Points": 9,
      "Wins": 0,
      "Losses": 0,
      "Draws": 0,
      "OMWP": 0.4833,
      "GWP": 0.4667,
      "OGWP": 0.4914
    },
    {
      "Rank": 22,
      "Player": "makusong24",
      "Points": 9,
      "Wins": 0,
      "Losses": 0,
      "Draws": 0,
      "OMWP": 0.5,
      "GWP": 0.4,
      "OGWP": 0.4968
    },
    {
      "Rank": 21,
      "Player": "moon11",
      "Points": 9,
      "Wins": 0,
      "Losses": 0,
      "Draws": 0,
      "OMWP": 0.5,
      "GWP": 0.46149999999999997,
      "OGWP": 0.5156000000000001
    },
    {
      "Rank": 20,
      "Player": "LuffyDoChapeuDePalha",
      "Points": 9,
      "Wins": 0,
      "Losses": 0,
      "Draws": 0,
      "OMWP": 0.5278,
      "GWP": 0.4667,
      "OGWP": 0.5302
    },
    {
      "Rank": 19,
      "Player": "musasabi",
      "Points": 9,
      "Wins": 0,
      "Losses": 0,
      "Draws": 0,
      "OMWP": 0.5278,
      "GWP": 0.5333,
      "OGWP": 0.5049
    },
    {
      "Rank": 18,
      "Player": "MJ_23",
      "Points": 9,
      "Wins": 0,
      "Losses": 0,
      "Draws": 0,
      "OMWP": 0.5556,
      "GWP": 0.4667,
      "OGWP": 0.5367999999999999
    },
    {
      "Rank": 17,
      "Player": "novaschin22",
      "Points": 9,
      "Wins": 0,
      "Losses": 0,
      "Draws": 0,
      "OMWP": 0.5556,
      "GWP": 0.5,
      "OGWP": 0.5678
    },
    {
      "Rank": 16,
      "Player": "Hernan72",
      "Points": 9,
      "Wins": 0,
      "Losses": 0,
      "Draws": 0,
      "OMWP": 0.5667,
      "GWP": 0.5385,
      "OGWP": 0.5329999999999999
    },
    {
      "Rank": 15,
      "Player": "xRagedFurballx",
      "Points": 9,
      "Wins": 0,
      "Losses": 0,
      "Draws": 0,
      "OMWP": 0.6389,
      "GWP": 0.4375,
      "OGWP": 0.5759000000000001
    },
    {
      "Rank": 14,
      "Player": "Nogamblenofutur",
      "Points": 12,
      "Wins": 0,
      "Losses": 0,
      "Draws": 0,
      "OMWP": 0.4167,
      "GWP": 0.5714,
      "OGWP": 0.45399999999999996
    },
    {
      "Rank": 13,
      "Player": "Raydan",
      "Points": 12,
      "Wins": 0,
      "Losses": 0,
      "Draws": 0,
      "OMWP": 0.4722,
      "GWP": 0.5333,
      "OGWP": 0.47659999999999997
    },
    {
      "Rank": 12,
      "Player": "simoneromarm",
      "Points": 12,
      "Wins": 0,
      "Losses": 0,
      "Draws": 0,
      "OMWP": 0.5333,
      "GWP": 0.6,
      "OGWP": 0.5008
    },
    {
      "Rank": 11,
      "Player": "wcl",
      "Points": 12,
      "Wins": 0,
      "Losses": 0,
      "Draws": 0,
      "OMWP": 0.5556,
      "GWP": 0.6667000000000001,
      "OGWP": 0.516
    },
    {
      "Rank": 10,
      "Player": "termidor",
      "Points": 12,
      "Wins": 0,
      "Losses": 0,
      "Draws": 0,
      "OMWP": 0.6111,
      "GWP": 0.5556,
      "OGWP": 0.581
    },
    {
      "Rank": 9,
      "Player": "Arianne",
      "Points": 12,
      "Wins": 0,
      "Losses": 0,
      "Draws": 0,
      "OMWP": 0.6111,
      "GWP": 0.6923,
      "OGWP": 0.581
    },
    {
      "Rank": 8,
      "Player": "_Siegfried",
      "Points": 12,
      "Wins": 0,
      "Losses": 0,
      "Draws": 0,
      "OMWP": 0.6389,
      "GWP": 0.5625,
      "OGWP": 0.5986
    },
    {
      "Rank": 7,
      "Player": "Shulk",
      "Points": 15,
      "Wins": 0,
      "Losses": 0,
      "Draws": 0,
      "OMWP": 0.5556,
      "GWP": 0.7333,
      "OGWP": 0.4903
    },
    {
      "Rank": 6,
      "Player": "O_danielakos",
      "Points": 15,
      "Wins": 0,
      "Losses": 0,
      "Draws": 0,
      "OMWP": 0.5832999999999999,
      "GWP": 0.7857,
      "OGWP": 0.5063
    },
    {
      "Rank": 5,
      "Player": "boytriton",
      "Points": 15,
      "Wins": 0,
      "Losses": 0,
      "Draws": 0,
      "OMWP": 0.6111,
      "GWP": 0.7692,
      "OGWP": 0.5622
    },
    {
      "Rank": 4,
      "Player": "wordy333",
      "Points": 18,
      "Wins": 0,
      "Losses": 0,
      "Draws": 0,
      "OMWP": 0.5556,
      "GWP": 0.7333,
      "OGWP": 0.5417000000000001
    },
    {
      "Rank": 3,
      "Player": "Danielpena397",
      "Points": 18,
      "Wins": 0,
      "Losses": 0,
      "Draws": 0,
      "OMWP": 0.5832999999999999,
      "GWP": 0.7857,
      "OGWP": 0.5603
    },
    {
      "Rank": 2,
      "Player": "GzusReturned",
      "Points": 18,
      "Wins": 0,
      "Losses": 0,
      "Draws": 0,
      "OMWP": 0.6944,
      "GWP": 0.6,
      "OGWP": 0.6175999999999999
    },
    {
      "Rank": 1,
      "Player": "_Batutinha_",
      "Points": 24,
      "Wins": 0,
      "Losses": 0,
      "Draws": 0,
      "OMWP": 0.6389,
      "GWP": 0.625,
      "OGWP": 0.611
    }
  ]
}