{
  "Tournament": {
    "Id": 12801672,
    "Date": "2025-07-06T15:00:00",
    "Name": "Pioneer Challenge 32",
    "Uri": null,
    "JsonFile": null,
    "ForceRedownload": false
  },
  "Decks": null,
  "Rounds": [
    {
      "RoundName": "Round 1",
      "Matches": [
        {
          "Player1": "ls149950",
          "Player2": "Shulk",
          "Result": "0-2-0"
        },
        {
          "Player1": "upumpa89",
          "Player2": "Hernan72",
          "Result": "2-0-0"
        },
        {
          "Player1": "Tsubasa_Cat",
          "Player2": "kaikas",
          "Result": "2-0-0"
        },
        {
          "Player1": "Cabezadebolo",
          "Player2": "albertoSD",
          "Result": "2-0-0"
        },
        {
          "Player1": "qbeczkowo",
          "Player2": "JulioP1985",
          "Result": "2-0-0"
        },
        {
          "Player1": "Jositoshekel",
          "Player2": "e0068",
          "Result": "0-2-0"
        },
        {
          "Player1": "Taurum",
          "Player2": "Venom1",
          "Result": "2-0-0"
        },
        {
          "Player1": "deleon91",
          "Player2": "CutySark",
          "Result": "0-2-0"
        },
        {
          "Player1": "Danielpena397",
          "Player2": "YaGirlBryn",
          "Result": "2-0-0"
        },
        {
          "Player1": "_Batutinha_",
          "Player2": "kytk321",
          "Result": "2-0-0"
        },
        {
          "Player1": "EdgarB",
          "Player2": "PNascimento",
          "Result": "0-2-0"
        },
        {
          "Player1": "Coly2",
          "Player2": "MagicalSnap",
          "Result": "0-0-0"
        },
        {
          "Player1": "beraldi",
          "Player2": "boytriton",
          "Result": "0-2-0"
        },
        {
          "Player1": "ice_nine_BIGFAN",
          "Player2": "GzusReturned",
          "Result": "0-2-0"
        },
        {
          "Player1": "wcl",
          "Player2": "VitorCarvalho01",
          "Result": "2-0-0"
        },
        {
          "Player1": "Wizard_2002",
          "Player2": "SpockVidaLoka",
          "Result": "2-0-0"
        },
        {
          "Player1": "_Falcon_",
          "Player2": "D3dalo",
          "Result": "2-0-0"
        },
        {
          "Player1": "Theagent002",
          "Player2": "moon11",
          "Result": "2-0-0"
        }
      ]
    },
    {
      "RoundName": "Round 2",
      "Matches": [
        {
          "Player1": "qbeczkowo",
          "Player2": "CutySark",
          "Result": "2-0-0"
        },
        {
          "Player1": "GzusReturned",
          "Player2": "e0068",
          "Result": "0-2-0"
        },
        {
          "Player1": "kaikas",
          "Player2": "VitorCarvalho01",
          "Result": "0-2-0"
        },
        {
          "Player1": "ls149950",
          "Player2": "JulioP1985",
          "Result": "0-0-0"
        },
        {
          "Player1": "moon11",
          "Player2": "Jositoshekel",
          "Result": "2-0-0"
        },
        {
          "Player1": "Danielpena397",
          "Player2": "Shulk",
          "Result": "0-2-0"
        },
        {
          "Player1": "kytk321",
          "Player2": "EdgarB",
          "Result": "0-2-0"
        },
        {
          "Player1": "_Falcon_",
          "Player2": "Taurum",
          "Result": "0-0-0"
        },
        {
          "Player1": "deleon91",
          "Player2": "D3dalo",
          "Result": "2-0-0"
        },
        {
          "Player1": "boytriton",
          "Player2": "ice_nine_BIGFAN",
          "Result": "2-0-0"
        },
        {
          "Player1": "death_grips",
          "Player2": "PNascimento",
          "Result": "0-2-0"
        },
        {
          "Player1": "albertoSD",
          "Player2": "Venom1",
          "Result": "0-0-0"
        },
        {
          "Player1": "Wizard_2002",
          "Player2": "Theagent002",
          "Result": "0-2-0"
        },
        {
          "Player1": "MagicalSnap",
          "Player2": "wcl",
          "Result": "2-0-0"
        },
        {
          "Player1": "Hernan72",
          "Player2": "YaGirlBryn",
          "Result": "2-0-0"
        },
        {
          "Player1": "_Batutinha_",
          "Player2": "Cabezadebolo",
          "Result": "0-2-0"
        },
        {
          "Player1": "Coly2",
          "Player2": "beraldi",
          "Result": "0-2-0"
        },
        {
          "Player1": "upumpa89",
          "Player2": "Tsubasa_Cat",
          "Result": "2-0-0"
        }
      ]
    },
    {
      "RoundName": "Round 3",
      "Matches": [
        {
          "Player1": "beraldi",
          "Player2": "Tsubasa_Cat",
          "Result": "0-2-0"
        },
        {
          "Player1": "Wizard_2002",
          "Player2": "Venom1",
          "Result": "0-2-0"
        },
        {
          "Player1": "Theagent002",
          "Player2": "upumpa89",
          "Result": "0-2-0"
        },
        {
          "Player1": "ice_nine_BIGFAN",
          "Player2": "YaGirlBryn",
          "Result": "2-0-0"
        },
        {
          "Player1": "CutySark",
          "Player2": "GzusReturned",
          "Result": "0-2-0"
        },
        {
          "Player1": "MagicalSnap",
          "Player2": "_Falcon_",
          "Result": "2-0-0"
        },
        {
          "Player1": "Cabezadebolo",
          "Player2": "Shulk",
          "Result": "0-2-0"
        },
        {
          "Player1": "qbeczkowo",
          "Player2": "e0068",
          "Result": "2-0-0"
        },
        {
          "Player1": "ls149950",
          "Player2": "VitorCarvalho01",
          "Result": "0-2-0"
        },
        {
          "Player1": "Coly2",
          "Player2": "Jositoshekel",
          "Result": "0-2-0"
        },
        {
          "Player1": "deleon91",
          "Player2": "wcl",
          "Result": "0-2-0"
        },
        {
          "Player1": "_Batutinha_",
          "Player2": "Taurum",
          "Result": "0-2-0"
        },
        {
          "Player1": "Hernan72",
          "Player2": "SpockVidaLoka",
          "Result": "0-2-0"
        },
        {
          "Player1": "boytriton",
          "Player2": "PNascimento",
          "Result": "0-2-0"
        },
        {
          "Player1": "moon11",
          "Player2": "Danielpena397",
          "Result": "0-2-0"
        },
        {
          "Player1": "kytk321",
          "Player2": "D3dalo",
          "Result": "2-0-0"
        },
        {
          "Player1": "death_grips",
          "Player2": "EdgarB",
          "Result": "0-2-0"
        }
      ]
    },
    {
      "RoundName": "Round 4",
      "Matches": [
        {
          "Player1": "Taurum",
          "Player2": "Cabezadebolo",
          "Result": "2-0-0"
        },
        {
          "Player1": "Wizard_2002",
          "Player2": "YaGirlBryn",
          "Result": "2-0-0"
        },
        {
          "Player1": "CutySark",
          "Player2": "death_grips",
          "Result": "0-2-0"
        },
        {
          "Player1": "moon11",
          "Player2": "deleon91",
          "Result": "0-2-0"
        },
        {
          "Player1": "Coly2",
          "Player2": "D3dalo",
          "Result": "2-0-0"
        },
        {
          "Player1": "Theagent002",
          "Player2": "_Falcon_",
          "Result": "0-2-0"
        },
        {
          "Player1": "MagicalSnap",
          "Player2": "PNascimento",
          "Result": "0-2-0"
        },
        {
          "Player1": "Danielpena397",
          "Player2": "e0068",
          "Result": "2-0-0"
        },
        {
          "Player1": "beraldi",
          "Player2": "VitorCarvalho01",
          "Result": "0-2-0"
        },
        {
          "Player1": "ls149950",
          "Player2": "kytk321",
          "Result": "0-2-0"
        },
        {
          "Player1": "_Batutinha_",
          "Player2": "ice_nine_BIGFAN",
          "Result": "0-2-0"
        },
        {
          "Player1": "Tsubasa_Cat",
          "Player2": "EdgarB",
          "Result": "2-0-0"
        },
        {
          "Player1": "Venom1",
          "Player2": "GzusReturned",
          "Result": "2-0-0"
        },
        {
          "Player1": "upumpa89",
          "Player2": "qbeczkowo",
          "Result": "0-0-0"
        },
        {
          "Player1": "SpockVidaLoka",
          "Player2": "Shulk",
          "Result": "0-2-0"
        },
        {
          "Player1": "Hernan72",
          "Player2": "Jositoshekel",
          "Result": "0-2-0"
        },
        {
          "Player1": "boytriton",
          "Player2": "wcl",
          "Result": "2-0-0"
        }
      ]
    },
    {
      "RoundName": "Round 5",
      "Matches": [
        {
          "Player1": "Venom1",
          "Player2": "MagicalSnap",
          "Result": "0-2-0"
        },
        {
          "Player1": "Tsubasa_Cat",
          "Player2": "Danielpena397",
          "Result": "2-0-0"
        },
        {
          "Player1": "ice_nine_BIGFAN",
          "Player2": "SpockVidaLoka",
          "Result": "0-2-0"
        },
        {
          "Player1": "D3dalo",
          "Player2": "YaGirlBryn",
          "Result": "2-0-0"
        },
        {
          "Player1": "_Batutinha_",
          "Player2": "ls149950",
          "Result": "0-2-0"
        },
        {
          "Player1": "qbeczkowo",
          "Player2": "Shulk",
          "Result": "1-2-0"
        },
        {
          "Player1": "Taurum",
          "Player2": "boytriton",
          "Result": "2-0-0"
        },
        {
          "Player1": "Coly2",
          "Player2": "CutySark",
          "Result": "0-2-0"
        },
        {
          "Player1": "moon11",
          "Player2": "Hernan72",
          "Result": "0-2-0"
        },
        {
          "Player1": "upumpa89",
          "Player2": "PNascimento",
          "Result": "2-0-0"
        },
        {
          "Player1": "death_grips",
          "Player2": "GzusReturned",
          "Result": "2-0-0"
        },
        {
          "Player1": "Cabezadebolo",
          "Player2": "EdgarB",
          "Result": "2-0-0"
        },
        {
          "Player1": "deleon91",
          "Player2": "e0068",
          "Result": "0-2-0"
        },
        {
          "Player1": "_Falcon_",
          "Player2": "VitorCarvalho01",
          "Result": "0-2-0"
        },
        {
          "Player1": "beraldi",
          "Player2": "wcl",
          "Result": "0-2-0"
        },
        {
          "Player1": "Wizard_2002",
          "Player2": "kytk321",
          "Result": "2-0-0"
        },
        {
          "Player1": "Theagent002",
          "Player2": "Jositoshekel",
          "Result": "0-2-0"
        }
      ]
    },
    {
      "RoundName": "Round 6",
      "Matches": [
        {
          "Player1": "Venom1",
          "Player2": "qbeczkowo",
          "Result": "0-2-0"
        },
        {
          "Player1": "Danielpena397",
          "Player2": "SpockVidaLoka",
          "Result": "2-0-0"
        },
        {
          "Player1": "Shulk",
          "Player2": "upumpa89",
          "Result": "2-0-0"
        },
        {
          "Player1": "Hernan72",
          "Player2": "EdgarB",
          "Result": "2-0-0"
        },
        {
          "Player1": "PNascimento",
          "Player2": "e0068",
          "Result": "0-2-0"
        },
        {
          "Player1": "Tsubasa_Cat",
          "Player2": "VitorCarvalho01",
          "Result": "2-0-0"
        },
        {
          "Player1": "Wizard_2002",
          "Player2": "Jositoshekel",
          "Result": "0-2-0"
        },
        {
          "Player1": "_Batutinha_",
          "Player2": "Coly2",
          "Result": "0-2-0"
        },
        {
          "Player1": "_Falcon_",
          "Player2": "boytriton",
          "Result": "2-0-0"
        },
        {
          "Player1": "ice_nine_BIGFAN",
          "Player2": "CutySark",
          "Result": "2-0-0"
        },
        {
          "Player1": "ls149950",
          "Player2": "Cabezadebolo",
          "Result": "0-2-0"
        },
        {
          "Player1": "death_grips",
          "Player2": "wcl",
          "Result": "0-2-0"
        },
        {
          "Player1": "Theagent002",
          "Player2": "GzusReturned",
          "Result": "0-2-0"
        },
        {
          "Player1": "kytk321",
          "Player2": "moon11",
          "Result": "2-0-0"
        },
        {
          "Player1": "Taurum",
          "Player2": "MagicalSnap",
          "Result": "2-0-0"
        }
      ]
    },
    {
      "RoundName": "Round 7",
      "Matches": [
        {
          "Player1": "upumpa89",
          "Player2": "Danielpena397",
          "Result": "2-0-0"
        },
        {
          "Player1": "MagicalSnap",
          "Player2": "Tsubasa_Cat",
          "Result": "2-0-0"
        },
        {
          "Player1": "Taurum",
          "Player2": "qbeczkowo",
          "Result": "2-1-0"
        },
        {
          "Player1": "e0068",
          "Player2": "Shulk",
          "Result": "0-2-0"
        }
      ]
    },
    {
      "RoundName": "Round 8",
      "Matches": [
        {
          "Player1": "Taurum",
          "Player2": "upumpa89",
          "Result": "0-2-0"
        },
        {
          "Player1": "MagicalSnap",
          "Player2": "Shulk",
          "Result": "2-0-0"
        }
      ]
    },
    {
      "RoundName": "Round 9",
      "Matches": [
        {
          "Player1": "upumpa89",
          "Player2": "MagicalSnap",
          "Result": "0-2-0"
        }
      ]
    }
  ],
  "Standings": [
    {
      "Rank": 37,
      "Player": "JulioP1985",
      "Points": 0,
      "Wins": 0,
      "Losses": 0,
      "Draws": 0,
      "OMWP": 0.5,
      "GWP": 0,
      "OGWP": 0.5521
    },
    {
      "Rank": 36,
      "Player": "YaGirlBryn",
      "Points": 0,
      "Wins": 0,
      "Losses": 0,
      "Draws": 0,
      "OMWP": 0.5,
      "GWP": 0.16670000000000001,
      "OGWP": 0.5008
    },
    {
      "Rank": 35,
      "Player": "albertoSD",
      "Points": 0,
      "Wins": 0,
      "Losses": 0,
      "Draws": 0,
      "OMWP": 0.5832999999999999,
      "GWP": 0.2,
      "OGWP": 0.5146999999999999
    },
    {
      "Rank": 34,
      "Player": "kaikas",
      "Points": 0,
      "Wins": 0,
      "Losses": 0,
      "Draws": 0,
      "OMWP": 0.75,
      "GWP": 0.3333,
      "OGWP": 0.6065999999999999
    },
    {
      "Rank": 33,
      "Player": "moon11",
      "Points": 3,
      "Wins": 0,
      "Losses": 0,
      "Draws": 0,
      "OMWP": 0.5111,
      "GWP": 0.3333,
      "OGWP": 0.544
    },
    {
      "Rank": 32,
      "Player": "_Batutinha_",
      "Points": 3,
      "Wins": 0,
      "Losses": 0,
      "Draws": 0,
      "OMWP": 0.5278,
      "GWP": 0.2667,
      "OGWP": 0.5084000000000001
    },
    {
      "Rank": 31,
      "Player": "beraldi",
      "Points": 3,
      "Wins": 0,
      "Losses": 0,
      "Draws": 0,
      "OMWP": 0.6,
      "GWP": 0.2727,
      "OGWP": 0.5343
    },
    {
      "Rank": 30,
      "Player": "Coly2",
      "Points": 6,
      "Wins": 0,
      "Losses": 0,
      "Draws": 0,
      "OMWP": 0.44439999999999996,
      "GWP": 0.3333,
      "OGWP": 0.45270000000000005
    },
    {
      "Rank": 29,
      "Player": "D3dalo",
      "Points": 6,
      "Wins": 0,
      "Losses": 0,
      "Draws": 0,
      "OMWP": 0.44670000000000004,
      "GWP": 0.3333,
      "OGWP": 0.466
    },
    {
      "Rank": 28,
      "Player": "deleon91",
      "Points": 6,
      "Wins": 0,
      "Losses": 0,
      "Draws": 0,
      "OMWP": 0.4667,
      "GWP": 0.5385,
      "OGWP": 0.44229999999999997
    },
    {
      "Rank": 27,
      "Player": "CutySark",
      "Points": 6,
      "Wins": 0,
      "Losses": 0,
      "Draws": 0,
      "OMWP": 0.4833,
      "GWP": 0.35710000000000003,
      "OGWP": 0.5024000000000001
    },
    {
      "Rank": 26,
      "Player": "Theagent002",
      "Points": 6,
      "Wins": 0,
      "Losses": 0,
      "Draws": 0,
      "OMWP": 0.5832999999999999,
      "GWP": 0.3333,
      "OGWP": 0.5411
    },
    {
      "Rank": 25,
      "Player": "ls149950",
      "Points": 6,
      "Wins": 0,
      "Losses": 0,
      "Draws": 0,
      "OMWP": 0.5832999999999999,
      "GWP": 0.4375,
      "OGWP": 0.5161
    },
    {
      "Rank": 24,
      "Player": "EdgarB",
      "Points": 6,
      "Wins": 0,
      "Losses": 0,
      "Draws": 0,
      "OMWP": 0.6111,
      "GWP": 0.44439999999999996,
      "OGWP": 0.5481
    },
    {
      "Rank": 23,
      "Player": "kytk321",
      "Points": 9,
      "Wins": 0,
      "Losses": 0,
      "Draws": 0,
      "OMWP": 0.3611,
      "GWP": 0.5625,
      "OGWP": 0.4025
    },
    {
      "Rank": 22,
      "Player": "ice_nine_BIGFAN",
      "Points": 9,
      "Wins": 0,
      "Losses": 0,
      "Draws": 0,
      "OMWP": 0.4167,
      "GWP": 0.5,
      "OGWP": 0.39630000000000004
    },
    {
      "Rank": 21,
      "Player": "GzusReturned",
      "Points": 9,
      "Wins": 0,
      "Losses": 0,
      "Draws": 0,
      "OMWP": 0.4722,
      "GWP": 0.4375,
      "OGWP": 0.46520000000000006
    },
    {
      "Rank": 20,
      "Player": "Wizard_2002",
      "Points": 9,
      "Wins": 0,
      "Losses": 0,
      "Draws": 0,
      "OMWP": 0.4722,
      "GWP": 0.5333,
      "OGWP": 0.473
    },
    {
      "Rank": 19,
      "Player": "Hernan72",
      "Points": 9,
      "Wins": 0,
      "Losses": 0,
      "Draws": 0,
      "OMWP": 0.5,
      "GWP": 0.4706,
      "OGWP": 0.48460000000000003
    },
    {
      "Rank": 18,
      "Player": "death_grips",
      "Points": 9,
      "Wins": 0,
      "Losses": 0,
      "Draws": 0,
      "OMWP": 0.5,
      "GWP": 0.5385,
      "OGWP": 0.4853
    },
    {
      "Rank": 17,
      "Player": "Venom1",
      "Points": 9,
      "Wins": 0,
      "Losses": 0,
      "Draws": 0,
      "OMWP": 0.5832999999999999,
      "GWP": 0.5,
      "OGWP": 0.5542
    },
    {
      "Rank": 16,
      "Player": "boytriton",
      "Points": 9,
      "Wins": 0,
      "Losses": 0,
      "Draws": 0,
      "OMWP": 0.6111,
      "GWP": 0.5,
      "OGWP": 0.5451
    },
    {
      "Rank": 15,
      "Player": "SpockVidaLoka",
      "Points": 9,
      "Wins": 0,
      "Losses": 0,
      "Draws": 0,
      "OMWP": 0.6333,
      "GWP": 0.4167,
      "OGWP": 0.5841
    },
    {
      "Rank": 14,
      "Player": "Jositoshekel",
      "Points": 12,
      "Wins": 0,
      "Losses": 0,
      "Draws": 0,
      "OMWP": 0.44439999999999996,
      "GWP": 0.6923,
      "OGWP": 0.4277
    },
    {
      "Rank": 13,
      "Player": "wcl",
      "Points": 12,
      "Wins": 0,
      "Losses": 0,
      "Draws": 0,
      "OMWP": 0.5111,
      "GWP": 0.625,
      "OGWP": 0.5275
    },
    {
      "Rank": 12,
      "Player": "Cabezadebolo",
      "Points": 12,
      "Wins": 0,
      "Losses": 0,
      "Draws": 0,
      "OMWP": 0.5278,
      "GWP": 0.5294,
      "OGWP": 0.49770000000000003
    },
    {
      "Rank": 11,
      "Player": "VitorCarvalho01",
      "Points": 12,
      "Wins": 0,
      "Losses": 0,
      "Draws": 0,
      "OMWP": 0.5278,
      "GWP": 0.5882000000000001,
      "OGWP": 0.4861
    },
    {
      "Rank": 10,
      "Player": "_Falcon_",
      "Points": 12,
      "Wins": 0,
      "Losses": 0,
      "Draws": 0,
      "OMWP": 0.5556,
      "GWP": 0.5625,
      "OGWP": 0.5182
    },
    {
      "Rank": 9,
      "Player": "PNascimento",
      "Points": 12,
      "Wins": 0,
      "Losses": 0,
      "Draws": 0,
      "OMWP": 0.5832999999999999,
      "GWP": 0.5625,
      "OGWP": 0.5666
    },
    {
      "Rank": 8,
      "Player": "e0068",
      "Points": 12,
      "Wins": 0,
      "Losses": 0,
      "Draws": 0,
      "OMWP": 0.5943999999999999,
      "GWP": 0.5625,
      "OGWP": 0.594
    },
    {
      "Rank": 7,
      "Player": "Danielpena397",
      "Points": 12,
      "Wins": 0,
      "Losses": 0,
      "Draws": 0,
      "OMWP": 0.6111,
      "GWP": 0.6667000000000001,
      "OGWP": 0.5035000000000001
    },
    {
      "Rank": 6,
      "Player": "qbeczkowo",
      "Points": 12,
      "Wins": 0,
      "Losses": 0,
      "Draws": 0,
      "OMWP": 0.6111,
      "GWP": 0.6667000000000001,
      "OGWP": 0.5317000000000001
    },
    {
      "Rank": 5,
      "Player": "Tsubasa_Cat",
      "Points": 15,
      "Wins": 0,
      "Losses": 0,
      "Draws": 0,
      "OMWP": 0.5278,
      "GWP": 0.625,
      "OGWP": 0.5089
    },
    {
      "Rank": 4,
      "Player": "Taurum",
      "Points": 18,
      "Wins": 0,
      "Losses": 0,
      "Draws": 0,
      "OMWP": 0.5556,
      "GWP": 0.6875,
      "OGWP": 0.5153
    },
    {
      "Rank": 3,
      "Player": "Shulk",
      "Points": 21,
      "Wins": 0,
      "Losses": 0,
      "Draws": 0,
      "OMWP": 0.6111,
      "GWP": 0.75,
      "OGWP": 0.5674
    },
    {
      "Rank": 2,
      "Player": "upumpa89",
      "Points": 21,
      "Wins": 0,
      "Losses": 0,
      "Draws": 0,
      "OMWP": 0.6667000000000001,
      "GWP": 0.6875,
      "OGWP": 0.568
    },
    {
      "Rank": 1,
      "Player": "MagicalSnap",
      "Points": 21,
      "Wins": 0,
      "Losses": 0,
      "Draws": 0,
      "OMWP": 0.6111,
      "GWP": 0.6667000000000001,
      "OGWP": 0.5451
    }
  ]
}