{
  "Tournament": {
    "Id": 12801677,
    "Date": "2025-07-06T23:00:00",
    "Name": "Standard Challenge 32",
    "Uri": null,
    "JsonFile": null,
    "ForceRedownload": false
  },
  "Decks": null,
  "Rounds": [
    {
      "RoundName": "Round 1",
      "Matches": [
        {
          "Player1": "MJ_23",
          "Player2": "MdvWin",
          "Result": "2-0-0"
        },
        {
          "Player1": "ShinyAkuma",
          "Player2": "GzusReturned",
          "Result": "0-2-0"
        },
        {
          "Player1": "mortadela",
          "Player2": "AdvogadoPaloma",
          "Result": "0-2-0"
        },
        {
          "Player1": "fingers1991",
          "Player2": "elvin7",
          "Result": "2-0-0"
        },
        {
          "Player1": "Ghost11157",
          "Player2": "Rosiedog88",
          "Result": "0-2-0"
        },
        {
          "Player1": "Bugsy69",
          "Player2": "RileyLBJ",
          "Result": "0-2-0"
        },
        {
          "Player1": "omair00",
          "Player2": "Dr4ken",
          "Result": "2-0-0"
        },
        {
          "Player1": "_Batutinha_",
          "Player2": "jben",
          "Result": "0-2-0"
        },
        {
          "Player1": "termidor",
          "Player2": "hermanomlg",
          "Result": "1-2-0"
        },
        {
          "Player1": "JoeyNubzy",
          "Player2": "2345678",
          "Result": "2-0-0"
        },
        {
          "Player1": "_and_one_",
          "Player2": "Capipf95",
          "Result": "2-0-0"
        },
        {
          "Player1": "LegacyGrinder",
          "Player2": "xRagedFurballx",
          "Result": "0-2-0"
        },
        {
          "Player1": "claudioh",
          "Player2": "HouseOfManaMTG",
          "Result": "0-0-0"
        },
        {
          "Player1": "McWinSauce",
          "Player2": "CrazyGambler",
          "Result": "0-2-0"
        },
        {
          "Player1": "deleon91",
          "Player2": "Gianhunter",
          "Result": "0-2-0"
        },
        {
          "Player1": "azkusa",
          "Player2": "Goomy_",
          "Result": "0-2-0"
        },
        {
          "Player1": "TrashBoat100",
          "Player2": "DskBayWolf",
          "Result": "2-0-0"
        },
        {
          "Player1": "Kampo",
          "Player2": "JamesonPerdue",
          "Result": "2-0-0"
        },
        {
          "Player1": "Sire_Q",
          "Player2": "VitorCarvalho01",
          "Result": "0-2-0"
        },
        {
          "Player1": "LucasG1ggs",
          "Player2": "416FrowningTable",
          "Result": "2-0-0"
        },
        {
          "Player1": "Micro",
          "Player2": "ionez",
          "Result": "0-2-0"
        },
        {
          "Player1": "Ale_Mtg",
          "Player2": "Solidsnake408",
          "Result": "2-0-0"
        },
        {
          "Player1": "kcomedina",
          "Player2": "wara",
          "Result": "0-2-0"
        },
        {
          "Player1": "DookieTrouserMD",
          "Player2": "YaGirlBryn",
          "Result": "2-0-0"
        },
        {
          "Player1": "gazmon48",
          "Player2": "Shulk",
          "Result": "0-2-0"
        },
        {
          "Player1": "Folero",
          "Player2": "Rozenbros",
          "Result": "2-0-0"
        },
        {
          "Player1": "Shadowz2005",
          "Player2": "Grogore",
          "Result": "0-2-0"
        },
        {
          "Player1": "wordy333",
          "Player2": "fireshoes",
          "Result": "2-0-0"
        },
        {
          "Player1": "mrtoolshed",
          "Player2": "Cabezadebolo",
          "Result": "2-0-0"
        },
        {
          "Player1": "jakobpablo",
          "Player2": "SeroPhinz",
          "Result": "2-0-0"
        }
      ]
    },
    {
      "RoundName": "Round 2",
      "Matches": [
        {
          "Player1": "kcomedina",
          "Player2": "Capipf95",
          "Result": "0-2-0"
        },
        {
          "Player1": "Grogore",
          "Player2": "Goomy_",
          "Result": "0-2-0"
        },
        {
          "Player1": "_and_one_",
          "Player2": "jakobpablo",
          "Result": "2-0-0"
        },
        {
          "Player1": "hermanomlg",
          "Player2": "Gianhunter",
          "Result": "2-0-0"
        },
        {
          "Player1": "ionez",
          "Player2": "wara",
          "Result": "2-0-0"
        },
        {
          "Player1": "LucasG1ggs",
          "Player2": "mrtoolshed",
          "Result": "0-2-0"
        },
        {
          "Player1": "VitorCarvalho01",
          "Player2": "Shulk",
          "Result": "2-0-0"
        },
        {
          "Player1": "fingers1991",
          "Player2": "TrashBoat100",
          "Result": "0-2-0"
        },
        {
          "Player1": "jben",
          "Player2": "CrazyGambler",
          "Result": "0-2-0"
        },
        {
          "Player1": "fireshoes",
          "Player2": "Shadowz2005",
          "Result": "0-2-0"
        },
        {
          "Player1": "416FrowningTable",
          "Player2": "Dr4ken",
          "Result": "0-0-0"
        },
        {
          "Player1": "elvin7",
          "Player2": "ShinyAkuma",
          "Result": "2-0-0"
        },
        {
          "Player1": "omair00",
          "Player2": "DookieTrouserMD",
          "Result": "2-0-0"
        },
        {
          "Player1": "mortadela",
          "Player2": "JamesonPerdue",
          "Result": "2-0-0"
        },
        {
          "Player1": "Rozenbros",
          "Player2": "2345678",
          "Result": "0-2-0"
        },
        {
          "Player1": "McWinSauce",
          "Player2": "MdvWin",
          "Result": "0-2-0"
        },
        {
          "Player1": "Sire_Q",
          "Player2": "Cabezadebolo",
          "Result": "0-2-0"
        },
        {
          "Player1": "Solidsnake408",
          "Player2": "DskBayWolf",
          "Result": "2-0-0"
        },
        {
          "Player1": "Folero",
          "Player2": "Rosiedog88",
          "Result": "0-0-0"
        },
        {
          "Player1": "_Batutinha_",
          "Player2": "termidor",
          "Result": "0-2-0"
        },
        {
          "Player1": "MJ_23",
          "Player2": "Kampo",
          "Result": "2-0-0"
        },
        {
          "Player1": "HouseOfManaMTG",
          "Player2": "GzusReturned",
          "Result": "2-0-0"
        },
        {
          "Player1": "xRagedFurballx",
          "Player2": "Ale_Mtg",
          "Result": "2-0-0"
        },
        {
          "Player1": "wordy333",
          "Player2": "AdvogadoPaloma",
          "Result": "2-0-0"
        },
        {
          "Player1": "claudioh",
          "Player2": "SeroPhinz",
          "Result": "2-0-0"
        },
        {
          "Player1": "RileyLBJ",
          "Player2": "JoeyNubzy",
          "Result": "1-2-0"
        },
        {
          "Player1": "Bugsy69",
          "Player2": "Ghost11157",
          "Result": "2-0-0"
        },
        {
          "Player1": "azkusa",
          "Player2": "YaGirlBryn",
          "Result": "2-0-0"
        }
      ]
    },
    {
      "RoundName": "Round 3",
      "Matches": [
        {
          "Player1": "Bugsy69",
          "Player2": "Gianhunter",
          "Result": "0-2-0"
        },
        {
          "Player1": "ShinyAkuma",
          "Player2": "Ghost11157",
          "Result": "2-0-0"
        },
        {
          "Player1": "Folero",
          "Player2": "TrashBoat100",
          "Result": "2-0-0"
        },
        {
          "Player1": "LucasG1ggs",
          "Player2": "2345678",
          "Result": "0-2-0"
        },
        {
          "Player1": "azkusa",
          "Player2": "deleon91",
          "Result": "0-2-0"
        },
        {
          "Player1": "mortadela",
          "Player2": "Ale_Mtg",
          "Result": "2-0-0"
        },
        {
          "Player1": "wordy333",
          "Player2": "VitorCarvalho01",
          "Result": "2-0-0"
        },
        {
          "Player1": "fingers1991",
          "Player2": "Grogore",
          "Result": "2-0-0"
        },
        {
          "Player1": "MJ_23",
          "Player2": "CrazyGambler",
          "Result": "2-0-0"
        },
        {
          "Player1": "_and_one_",
          "Player2": "mrtoolshed",
          "Result": "0-2-0"
        },
        {
          "Player1": "HouseOfManaMTG",
          "Player2": "Dr4ken",
          "Result": "2-0-0"
        },
        {
          "Player1": "termidor",
          "Player2": "Rosiedog88",
          "Result": "1-2-0"
        },
        {
          "Player1": "Solidsnake408",
          "Player2": "Kampo",
          "Result": "0-0-0"
        },
        {
          "Player1": "fireshoes",
          "Player2": "JamesonPerdue",
          "Result": "0-2-0"
        },
        {
          "Player1": "elvin7",
          "Player2": "jben",
          "Result": "0-2-0"
        },
        {
          "Player1": "Shadowz2005",
          "Player2": "RileyLBJ",
          "Result": "2-0-0"
        },
        {
          "Player1": "hermanomlg",
          "Player2": "Goomy_",
          "Result": "2-0-0"
        },
        {
          "Player1": "claudioh",
          "Player2": "DookieTrouserMD",
          "Result": "2-0-0"
        },
        {
          "Player1": "_Batutinha_",
          "Player2": "kcomedina",
          "Result": "0-2-0"
        },
        {
          "Player1": "Shulk",
          "Player2": "AdvogadoPaloma",
          "Result": "2-0-0"
        },
        {
          "Player1": "MdvWin",
          "Player2": "Cabezadebolo",
          "Result": "2-0-0"
        },
        {
          "Player1": "SeroPhinz",
          "Player2": "YaGirlBryn",
          "Result": "2-0-0"
        },
        {
          "Player1": "wara",
          "Player2": "GzusReturned",
          "Result": "0-2-0"
        },
        {
          "Player1": "xRagedFurballx",
          "Player2": "JoeyNubzy",
          "Result": "0-2-0"
        },
        {
          "Player1": "Capipf95",
          "Player2": "jakobpablo",
          "Result": "0-2-0"
        },
        {
          "Player1": "omair00",
          "Player2": "ionez",
          "Result": "0-0-0"
        }
      ]
    },
    {
      "RoundName": "Round 4",
      "Matches": [
        {
          "Player1": "azkusa",
          "Player2": "DookieTrouserMD",
          "Result": "0-2-0"
        },
        {
          "Player1": "LucasG1ggs",
          "Player2": "ShinyAkuma",
          "Result": "2-0-0"
        },
        {
          "Player1": "Kampo",
          "Player2": "CrazyGambler",
          "Result": "2-0-0"
        },
        {
          "Player1": "Goomy_",
          "Player2": "GzusReturned",
          "Result": "2-0-0"
        },
        {
          "Player1": "TrashBoat100",
          "Player2": "Shulk",
          "Result": "0-2-0"
        },
        {
          "Player1": "MdvWin",
          "Player2": "xRagedFurballx",
          "Result": "2-0-0"
        },
        {
          "Player1": "kcomedina",
          "Player2": "Grogore",
          "Result": "2-0-0"
        },
        {
          "Player1": "RileyLBJ",
          "Player2": "YaGirlBryn",
          "Result": "2-0-0"
        },
        {
          "Player1": "wara",
          "Player2": "Dr4ken",
          "Result": "2-0-0"
        },
        {
          "Player1": "wordy333",
          "Player2": "HouseOfManaMTG",
          "Result": "0-2-0"
        },
        {
          "Player1": "omair00",
          "Player2": "Shadowz2005",
          "Result": "0-2-0"
        },
        {
          "Player1": "mortadela",
          "Player2": "VitorCarvalho01",
          "Result": "2-0-0"
        },
        {
          "Player1": "ionez",
          "Player2": "JoeyNubzy",
          "Result": "0-2-0"
        },
        {
          "Player1": "Ale_Mtg",
          "Player2": "AdvogadoPaloma",
          "Result": "0-0-0"
        },
        {
          "Player1": "Capipf95",
          "Player2": "SeroPhinz",
          "Result": "0-2-0"
        },
        {
          "Player1": "Solidsnake408",
          "Player2": "Cabezadebolo",
          "Result": "1-2-0"
        },
        {
          "Player1": "MJ_23",
          "Player2": "mrtoolshed",
          "Result": "2-0-0"
        },
        {
          "Player1": "Bugsy69",
          "Player2": "jakobpablo",
          "Result": "0-2-0"
        },
        {
          "Player1": "Folero",
          "Player2": "hermanomlg",
          "Result": "0-2-0"
        },
        {
          "Player1": "_and_one_",
          "Player2": "deleon91",
          "Result": "0-2-0"
        },
        {
          "Player1": "fingers1991",
          "Player2": "2345678",
          "Result": "0-2-0"
        },
        {
          "Player1": "claudioh",
          "Player2": "Gianhunter",
          "Result": "0-2-0"
        },
        {
          "Player1": "jben",
          "Player2": "Rosiedog88",
          "Result": "2-0-0"
        },
        {
          "Player1": "termidor",
          "Player2": "JamesonPerdue",
          "Result": "0-2-0"
        }
      ]
    },
    {
      "RoundName": "Round 5",
      "Matches": [
        {
          "Player1": "termidor",
          "Player2": "YaGirlBryn",
          "Result": "0-2-0"
        },
        {
          "Player1": "MJ_23",
          "Player2": "HouseOfManaMTG",
          "Result": "0-2-0"
        },
        {
          "Player1": "Gianhunter",
          "Player2": "mrtoolshed",
          "Result": "2-0-0"
        },
        {
          "Player1": "LucasG1ggs",
          "Player2": "omair00",
          "Result": "0-2-0"
        },
        {
          "Player1": "Ale_Mtg",
          "Player2": "Capipf95",
          "Result": "0-2-0"
        },
        {
          "Player1": "fingers1991",
          "Player2": "kcomedina",
          "Result": "2-0-0"
        },
        {
          "Player1": "jakobpablo",
          "Player2": "GzusReturned",
          "Result": "2-0-0"
        },
        {
          "Player1": "hermanomlg",
          "Player2": "JoeyNubzy",
          "Result": "2-0-0"
        },
        {
          "Player1": "Folero",
          "Player2": "2345678",
          "Result": "2-0-0"
        },
        {
          "Player1": "MdvWin",
          "Player2": "Kampo",
          "Result": "2-0-0"
        },
        {
          "Player1": "ShinyAkuma",
          "Player2": "Dr4ken",
          "Result": "2-0-0"
        },
        {
          "Player1": "Rosiedog88",
          "Player2": "DookieTrouserMD",
          "Result": "0-2-0"
        },
        {
          "Player1": "SeroPhinz",
          "Player2": "VitorCarvalho01",
          "Result": "0-2-0"
        },
        {
          "Player1": "mortadela",
          "Player2": "deleon91",
          "Result": "2-0-0"
        },
        {
          "Player1": "_and_one_",
          "Player2": "TrashBoat100",
          "Result": "0-2-0"
        },
        {
          "Player1": "_Batutinha_",
          "Player2": "wara",
          "Result": "2-0-0"
        },
        {
          "Player1": "wordy333",
          "Player2": "ionez",
          "Result": "2-0-0"
        },
        {
          "Player1": "jben",
          "Player2": "Goomy_",
          "Result": "0-2-0"
        },
        {
          "Player1": "CrazyGambler",
          "Player2": "JamesonPerdue",
          "Result": "2-0-0"
        },
        {
          "Player1": "Cabezadebolo",
          "Player2": "AdvogadoPaloma",
          "Result": "0-2-0"
        },
        {
          "Player1": "xRagedFurballx",
          "Player2": "RileyLBJ",
          "Result": "0-2-0"
        },
        {
          "Player1": "Shadowz2005",
          "Player2": "Shulk",
          "Result": "0-2-0"
        }
      ]
    },
    {
      "RoundName": "Round 6",
      "Matches": [
        {
          "Player1": "hermanomlg",
          "Player2": "HouseOfManaMTG",
          "Result": "0-2-0"
        },
        {
          "Player1": "fingers1991",
          "Player2": "Shadowz2005",
          "Result": "2-1-0"
        },
        {
          "Player1": "wordy333",
          "Player2": "Goomy_",
          "Result": "0-2-0"
        },
        {
          "Player1": "SeroPhinz",
          "Player2": "GzusReturned",
          "Result": "0-2-0"
        },
        {
          "Player1": "ShinyAkuma",
          "Player2": "JamesonPerdue",
          "Result": "0-2-0"
        },
        {
          "Player1": "ionez",
          "Player2": "TrashBoat100",
          "Result": "2-0-0"
        },
        {
          "Player1": "omair00",
          "Player2": "2345678",
          "Result": "0-2-0"
        },
        {
          "Player1": "MJ_23",
          "Player2": "Shulk",
          "Result": "0-2-0"
        },
        {
          "Player1": "LucasG1ggs",
          "Player2": "DookieTrouserMD",
          "Result": "0-2-0"
        },
        {
          "Player1": "Folero",
          "Player2": "MdvWin",
          "Result": "0-0-0"
        },
        {
          "Player1": "mrtoolshed",
          "Player2": "CrazyGambler",
          "Result": "0-2-0"
        },
        {
          "Player1": "Gianhunter",
          "Player2": "jakobpablo",
          "Result": "0-2-0"
        },
        {
          "Player1": "jben",
          "Player2": "deleon91",
          "Result": "2-0-0"
        },
        {
          "Player1": "VitorCarvalho01",
          "Player2": "AdvogadoPaloma",
          "Result": "0-2-0"
        },
        {
          "Player1": "mortadela",
          "Player2": "JoeyNubzy",
          "Result": "0-0-0"
        },
        {
          "Player1": "xRagedFurballx",
          "Player2": "wara",
          "Result": "0-2-0"
        },
        {
          "Player1": "_Batutinha_",
          "Player2": "_and_one_",
          "Result": "0-2-0"
        },
        {
          "Player1": "Capipf95",
          "Player2": "Cabezadebolo",
          "Result": "2-0-0"
        },
        {
          "Player1": "Kampo",
          "Player2": "RileyLBJ",
          "Result": "2-0-0"
        }
      ]
    },
    {
      "RoundName": "Round 7",
      "Matches": [
        {
          "Player1": "Goomy_",
          "Player2": "Shulk",
          "Result": "0-2-0"
        },
        {
          "Player1": "MJ_23",
          "Player2": "HouseOfManaMTG",
          "Result": "0-2-0"
        },
        {
          "Player1": "mortadela",
          "Player2": "Folero",
          "Result": "0-2-0"
        },
        {
          "Player1": "hermanomlg",
          "Player2": "jakobpablo",
          "Result": "0-2-0"
        }
      ]
    },
    {
      "RoundName": "Round 8",
      "Matches": [
        {
          "Player1": "Folero",
          "Player2": "jakobpablo",
          "Result": "2-0-0"
        },
        {
          "Player1": "HouseOfManaMTG",
          "Player2": "Shulk",
          "Result": "2-0-0"
        }
      ]
    },
    {
      "RoundName": "Round 9",
      "Matches": [
        {
          "Player1": "Folero",
          "Player2": "HouseOfManaMTG",
          "Result": "0-2-0"
        }
      ]
    }
  ],
  "Standings": [
    {
      "Rank": 60,
      "Player": "416FrowningTable",
      "Points": 0,
      "Wins": 0,
      "Losses": 0,
      "Draws": 0,
      "OMWP": 0.3333,
      "GWP": 0.2,
      "OGWP": 0.3982
    },
    {
      "Rank": 59,
      "Player": "LegacyGrinder",
      "Points": 0,
      "Wins": 0,
      "Losses": 0,
      "Draws": 0,
      "OMWP": 0.3333,
      "GWP": 0.3333,
      "OGWP": 0.35710000000000003
    },
    {
      "Rank": 58,
      "Player": "Ghost11157",
      "Points": 0,
      "Wins": 0,
      "Losses": 0,
      "Draws": 0,
      "OMWP": 0.3556,
      "GWP": 0.25,
      "OGWP": 0.4514
    },
    {
      "Rank": 57,
      "Player": "DskBayWolf",
      "Points": 0,
      "Wins": 0,
      "Losses": 0,
      "Draws": 0,
      "OMWP": 0.4167,
      "GWP": 0.2,
      "OGWP": 0.4318
    },
    {
      "Rank": 56,
      "Player": "Sire_Q",
      "Points": 0,
      "Wins": 0,
      "Losses": 0,
      "Draws": 0,
      "OMWP": 0.4167,
      "GWP": 0.2,
      "OGWP": 0.4359
    },
    {
      "Rank": 55,
      "Player": "fireshoes",
      "Points": 0,
      "Wins": 0,
      "Losses": 0,
      "Draws": 0,
      "OMWP": 0.5556,
      "GWP": 0.25,
      "OGWP": 0.5696
    },
    {
      "Rank": 54,
      "Player": "Micro",
      "Points": 0,
      "Wins": 0,
      "Losses": 0,
      "Draws": 0,
      "OMWP": 0.6667000000000001,
      "GWP": 0,
      "OGWP": 0.6
    },
    {
      "Rank": 53,
      "Player": "McWinSauce",
      "Points": 0,
      "Wins": 0,
      "Losses": 0,
      "Draws": 0,
      "OMWP": 0.6667000000000001,
      "GWP": 0,
      "OGWP": 0.6548
    },
    {
      "Rank": 52,
      "Player": "Rozenbros",
      "Points": 0,
      "Wins": 0,
      "Losses": 0,
      "Draws": 0,
      "OMWP": 0.75,
      "GWP": 0.2,
      "OGWP": 0.6389
    },
    {
      "Rank": 51,
      "Player": "gazmon48",
      "Points": 0,
      "Wins": 0,
      "Losses": 0,
      "Draws": 0,
      "OMWP": 0.8332999999999999,
      "GWP": 0.3333,
      "OGWP": 0.625
    },
    {
      "Rank": 50,
      "Player": "Solidsnake408",
      "Points": 3,
      "Wins": 0,
      "Losses": 0,
      "Draws": 0,
      "OMWP": 0.4167,
      "GWP": 0.3636,
      "OGWP": 0.40990000000000004
    },
    {
      "Rank": 49,
      "Player": "YaGirlBryn",
      "Points": 3,
      "Wins": 0,
      "Losses": 0,
      "Draws": 0,
      "OMWP": 0.43329999999999996,
      "GWP": 0.2727,
      "OGWP": 0.4426
    },
    {
      "Rank": 48,
      "Player": "termidor",
      "Points": 3,
      "Wins": 0,
      "Losses": 0,
      "Draws": 0,
      "OMWP": 0.48,
      "GWP": 0.3846,
      "OGWP": 0.4671
    },
    {
      "Rank": 47,
      "Player": "Ale_Mtg",
      "Points": 3,
      "Wins": 0,
      "Losses": 0,
      "Draws": 0,
      "OMWP": 0.5333,
      "GWP": 0.3846,
      "OGWP": 0.4768
    },
    {
      "Rank": 46,
      "Player": "Dr4ken",
      "Points": 3,
      "Wins": 0,
      "Losses": 0,
      "Draws": 0,
      "OMWP": 0.5333,
      "GWP": 0.3846,
      "OGWP": 0.48200000000000004
    },
    {
      "Rank": 45,
      "Player": "elvin7",
      "Points": 3,
      "Wins": 0,
      "Losses": 0,
      "Draws": 0,
      "OMWP": 0.5556,
      "GWP": 0.4286,
      "OGWP": 0.5458
    },
    {
      "Rank": 44,
      "Player": "azkusa",
      "Points": 3,
      "Wins": 0,
      "Losses": 0,
      "Draws": 0,
      "OMWP": 0.5832999999999999,
      "GWP": 0.4,
      "OGWP": 0.5082
    },
    {
      "Rank": 43,
      "Player": "Bugsy69",
      "Points": 3,
      "Wins": 0,
      "Losses": 0,
      "Draws": 0,
      "OMWP": 0.5832999999999999,
      "GWP": 0.4167,
      "OGWP": 0.5312
    },
    {
      "Rank": 42,
      "Player": "Grogore",
      "Points": 3,
      "Wins": 0,
      "Losses": 0,
      "Draws": 0,
      "OMWP": 0.625,
      "GWP": 0.3333,
      "OGWP": 0.5749
    },
    {
      "Rank": 41,
      "Player": "ShinyAkuma",
      "Points": 6,
      "Wins": 0,
      "Losses": 0,
      "Draws": 0,
      "OMWP": 0.3889,
      "GWP": 0.4375,
      "OGWP": 0.42700000000000005
    },
    {
      "Rank": 40,
      "Player": "Cabezadebolo",
      "Points": 6,
      "Wins": 0,
      "Losses": 0,
      "Draws": 0,
      "OMWP": 0.5,
      "GWP": 0.3333,
      "OGWP": 0.4836
    },
    {
      "Rank": 39,
      "Player": "xRagedFurballx",
      "Points": 6,
      "Wins": 0,
      "Losses": 0,
      "Draws": 0,
      "OMWP": 0.5,
      "GWP": 0.35710000000000003,
      "OGWP": 0.48560000000000003
    },
    {
      "Rank": 38,
      "Player": "_Batutinha_",
      "Points": 6,
      "Wins": 0,
      "Losses": 0,
      "Draws": 0,
      "OMWP": 0.5,
      "GWP": 0.3846,
      "OGWP": 0.4826
    },
    {
      "Rank": 37,
      "Player": "LucasG1ggs",
      "Points": 6,
      "Wins": 0,
      "Losses": 0,
      "Draws": 0,
      "OMWP": 0.5,
      "GWP": 0.4118,
      "OGWP": 0.4959
    },
    {
      "Rank": 36,
      "Player": "SeroPhinz",
      "Points": 6,
      "Wins": 0,
      "Losses": 0,
      "Draws": 0,
      "OMWP": 0.5278,
      "GWP": 0.35710000000000003,
      "OGWP": 0.5064
    },
    {
      "Rank": 35,
      "Player": "Rosiedog88",
      "Points": 6,
      "Wins": 0,
      "Losses": 0,
      "Draws": 0,
      "OMWP": 0.5667,
      "GWP": 0.5,
      "OGWP": 0.5001
    },
    {
      "Rank": 34,
      "Player": "claudioh",
      "Points": 6,
      "Wins": 0,
      "Losses": 0,
      "Draws": 0,
      "OMWP": 0.6667000000000001,
      "GWP": 0.5,
      "OGWP": 0.5649000000000001
    },
    {
      "Rank": 33,
      "Player": "wara",
      "Points": 9,
      "Wins": 0,
      "Losses": 0,
      "Draws": 0,
      "OMWP": 0.44439999999999996,
      "GWP": 0.4667,
      "OGWP": 0.4535
    },
    {
      "Rank": 32,
      "Player": "kcomedina",
      "Points": 9,
      "Wins": 0,
      "Losses": 0,
      "Draws": 0,
      "OMWP": 0.4667,
      "GWP": 0.46149999999999997,
      "OGWP": 0.45030000000000003
    },
    {
      "Rank": 31,
      "Player": "Capipf95",
      "Points": 9,
      "Wins": 0,
      "Losses": 0,
      "Draws": 0,
      "OMWP": 0.4722,
      "GWP": 0.4667,
      "OGWP": 0.45049999999999996
    },
    {
      "Rank": 30,
      "Player": "RileyLBJ",
      "Points": 9,
      "Wins": 0,
      "Losses": 0,
      "Draws": 0,
      "OMWP": 0.4722,
      "GWP": 0.5,
      "OGWP": 0.47159999999999996
    },
    {
      "Rank": 29,
      "Player": "omair00",
      "Points": 9,
      "Wins": 0,
      "Losses": 0,
      "Draws": 0,
      "OMWP": 0.5278,
      "GWP": 0.4667,
      "OGWP": 0.5343
    },
    {
      "Rank": 28,
      "Player": "JamesonPerdue",
      "Points": 9,
      "Wins": 0,
      "Losses": 0,
      "Draws": 0,
      "OMWP": 0.5278,
      "GWP": 0.4706,
      "OGWP": 0.5019
    },
    {
      "Rank": 27,
      "Player": "_and_one_",
      "Points": 9,
      "Wins": 0,
      "Losses": 0,
      "Draws": 0,
      "OMWP": 0.5278,
      "GWP": 0.5,
      "OGWP": 0.4966
    },
    {
      "Rank": 26,
      "Player": "mrtoolshed",
      "Points": 9,
      "Wins": 0,
      "Losses": 0,
      "Draws": 0,
      "OMWP": 0.5278,
      "GWP": 0.5,
      "OGWP": 0.523
    },
    {
      "Rank": 25,
      "Player": "Shadowz2005",
      "Points": 9,
      "Wins": 0,
      "Losses": 0,
      "Draws": 0,
      "OMWP": 0.5278,
      "GWP": 0.5714,
      "OGWP": 0.4764
    },
    {
      "Rank": 24,
      "Player": "deleon91",
      "Points": 9,
      "Wins": 0,
      "Losses": 0,
      "Draws": 0,
      "OMWP": 0.6,
      "GWP": 0.46149999999999997,
      "OGWP": 0.55
    },
    {
      "Rank": 23,
      "Player": "VitorCarvalho01",
      "Points": 9,
      "Wins": 0,
      "Losses": 0,
      "Draws": 0,
      "OMWP": 0.6111,
      "GWP": 0.5385,
      "OGWP": 0.5297999999999999
    },
    {
      "Rank": 22,
      "Player": "TrashBoat100",
      "Points": 9,
      "Wins": 0,
      "Losses": 0,
      "Draws": 0,
      "OMWP": 0.6389,
      "GWP": 0.5,
      "OGWP": 0.5449
    },
    {
      "Rank": 21,
      "Player": "GzusReturned",
      "Points": 9,
      "Wins": 0,
      "Losses": 0,
      "Draws": 0,
      "OMWP": 0.6389,
      "GWP": 0.5333,
      "OGWP": 0.5501
    },
    {
      "Rank": 20,
      "Player": "DookieTrouserMD",
      "Points": 12,
      "Wins": 0,
      "Losses": 0,
      "Draws": 0,
      "OMWP": 0.4,
      "GWP": 0.5714,
      "OGWP": 0.4353
    },
    {
      "Rank": 19,
      "Player": "fingers1991",
      "Points": 12,
      "Wins": 0,
      "Losses": 0,
      "Draws": 0,
      "OMWP": 0.4722,
      "GWP": 0.6,
      "OGWP": 0.4936
    },
    {
      "Rank": 18,
      "Player": "jben",
      "Points": 12,
      "Wins": 0,
      "Losses": 0,
      "Draws": 0,
      "OMWP": 0.5111,
      "GWP": 0.6,
      "OGWP": 0.514
    },
    {
      "Rank": 17,
      "Player": "ionez",
      "Points": 12,
      "Wins": 0,
      "Losses": 0,
      "Draws": 0,
      "OMWP": 0.5278,
      "GWP": 0.6,
      "OGWP": 0.4993
    },
    {
      "Rank": 16,
      "Player": "MdvWin",
      "Points": 12,
      "Wins": 0,
      "Losses": 0,
      "Draws": 0,
      "OMWP": 0.5278,
      "GWP": 0.6667000000000001,
      "OGWP": 0.4747
    },
    {
      "Rank": 15,
      "Player": "Kampo",
      "Points": 12,
      "Wins": 0,
      "Losses": 0,
      "Draws": 0,
      "OMWP": 0.5556,
      "GWP": 0.5882000000000001,
      "OGWP": 0.5448
    },
    {
      "Rank": 14,
      "Player": "CrazyGambler",
      "Points": 12,
      "Wins": 0,
      "Losses": 0,
      "Draws": 0,
      "OMWP": 0.5556,
      "GWP": 0.6429,
      "OGWP": 0.5195000000000001
    },
    {
      "Rank": 13,
      "Player": "2345678",
      "Points": 12,
      "Wins": 0,
      "Losses": 0,
      "Draws": 0,
      "OMWP": 0.5556,
      "GWP": 0.6667000000000001,
      "OGWP": 0.4976
    },
    {
      "Rank": 12,
      "Player": "AdvogadoPaloma",
      "Points": 12,
      "Wins": 0,
      "Losses": 0,
      "Draws": 0,
      "OMWP": 0.5832999999999999,
      "GWP": 0.5714,
      "OGWP": 0.5288
    },
    {
      "Rank": 11,
      "Player": "Gianhunter",
      "Points": 12,
      "Wins": 0,
      "Losses": 0,
      "Draws": 0,
      "OMWP": 0.5832999999999999,
      "GWP": 0.625,
      "OGWP": 0.532
    },
    {
      "Rank": 10,
      "Player": "JoeyNubzy",
      "Points": 12,
      "Wins": 0,
      "Losses": 0,
      "Draws": 0,
      "OMWP": 0.6389,
      "GWP": 0.5625,
      "OGWP": 0.5660000000000001
    },
    {
      "Rank": 9,
      "Player": "wordy333",
      "Points": 12,
      "Wins": 0,
      "Losses": 0,
      "Draws": 0,
      "OMWP": 0.6667000000000001,
      "GWP": 0.6667000000000001,
      "OGWP": 0.5693
    },
    {
      "Rank": 8,
      "Player": "MJ_23",
      "Points": 12,
      "Wins": 0,
      "Losses": 0,
      "Draws": 0,
      "OMWP": 0.7222,
      "GWP": 0.625,
      "OGWP": 0.6214
    },
    {
      "Rank": 7,
      "Player": "mortadela",
      "Points": 15,
      "Wins": 0,
      "Losses": 0,
      "Draws": 0,
      "OMWP": 0.5278,
      "GWP": 0.625,
      "OGWP": 0.4982
    },
    {
      "Rank": 6,
      "Player": "Goomy_",
      "Points": 15,
      "Wins": 0,
      "Losses": 0,
      "Draws": 0,
      "OMWP": 0.5556,
      "GWP": 0.6667000000000001,
      "OGWP": 0.5301
    },
    {
      "Rank": 5,
      "Player": "hermanomlg",
      "Points": 15,
      "Wins": 0,
      "Losses": 0,
      "Draws": 0,
      "OMWP": 0.7222,
      "GWP": 0.6470999999999999,
      "OGWP": 0.5926
    },
    {
      "Rank": 4,
      "Player": "jakobpablo",
      "Points": 18,
      "Wins": 0,
      "Losses": 0,
      "Draws": 0,
      "OMWP": 0.4722,
      "GWP": 0.6667000000000001,
      "OGWP": 0.48310000000000003
    },
    {
      "Rank": 3,
      "Player": "Shulk",
      "Points": 18,
      "Wins": 0,
      "Losses": 0,
      "Draws": 0,
      "OMWP": 0.5278,
      "GWP": 0.625,
      "OGWP": 0.5233
    },
    {
      "Rank": 2,
      "Player": "Folero",
      "Points": 21,
      "Wins": 0,
      "Losses": 0,
      "Draws": 0,
      "OMWP": 0.5667,
      "GWP": 0.6111,
      "OGWP": 0.5523
    },
    {
      "Rank": 1,
      "Player": "HouseOfManaMTG",
      "Points": 27,
      "Wins": 0,
      "Losses": 0,
      "Draws": 0,
      "OMWP": 0.5832999999999999,
      "GWP": 0.7059000000000001,
      "OGWP": 0.5594
    }
  ]
}