{
  "Tournament": {
    "Id": 12801668,
    "Date": "2025-07-06T09:00:00",
    "Name": "Vintage Challenge 32",
    "Uri": null,
    "JsonFile": null,
    "ForceRedownload": false
  },
  "Decks": null,
  "Rounds": [
    {
      "RoundName": "Round 1",
      "Matches": [
        {
          "Player1": "TaJoordan",
          "Player2": "Ark4n",
          "Result": "0-2-0"
        },
        {
          "Player1": "unluckymonkey",
          "Player2": "Sommertroll",
          "Result": "0-2-0"
        },
        {
          "Player1": "discoverN",
          "Player2": "DB_revenantkioku",
          "Result": "0-2-0"
        },
        {
          "Player1": "Tsubasa_Cat",
          "Player2": "MyPotatoes",
          "Result": "2-0-0"
        },
        {
          "Player1": "boytriton",
          "Player2": "_Shikamaru_",
          "Result": "0-2-0"
        },
        {
          "Player1": "mortr3d",
          "Player2": "death_grips",
          "Result": "2-0-0"
        },
        {
          "Player1": "albertoSD",
          "Player2": "Terminus0",
          "Result": "2-0-0"
        },
        {
          "Player1": "adm29",
          "Player2": "2345678",
          "Result": "0-2-0"
        },
        {
          "Player1": "Dreddybajs",
          "Player2": "Minest110",
          "Result": "0-0-0"
        },
        {
          "Player1": "musasabi",
          "Player2": "ChessNight5030",
          "Result": "0-2-0"
        },
        {
          "Player1": "crK",
          "Player2": "SimoCr",
          "Result": "0-0-0"
        },
        {
          "Player1": "Tunaktunak",
          "Player2": "bless_von",
          "Result": "2-0-0"
        },
        {
          "Player1": "SingPanMan",
          "Player2": "Filho_do_MOL",
          "Result": "0-2-0"
        },
        {
          "Player1": "2radMTG",
          "Player2": "_epinephrine",
          "Result": "0-2-0"
        },
        {
          "Player1": "desolutionist",
          "Player2": "Callenutg1",
          "Result": "2-0-0"
        },
        {
          "Player1": "KingHairy",
          "Player2": "frostyyy_",
          "Result": "2-0-0"
        }
      ]
    },
    {
      "RoundName": "Round 2",
      "Matches": [
        {
          "Player1": "TaJoordan",
          "Player2": "adm29",
          "Result": "2-0-0"
        },
        {
          "Player1": "Minest110",
          "Player2": "ChessNight5030",
          "Result": "0-2-0"
        },
        {
          "Player1": "2345678",
          "Player2": "Filho_do_MOL",
          "Result": "2-0-0"
        },
        {
          "Player1": "mortr3d",
          "Player2": "_epinephrine",
          "Result": "0-2-0"
        },
        {
          "Player1": "Dreddybajs",
          "Player2": "SingPanMan",
          "Result": "0-2-0"
        },
        {
          "Player1": "Ark4n",
          "Player2": "_Shikamaru_",
          "Result": "0-2-0"
        },
        {
          "Player1": "discoverN",
          "Player2": "frostyyy_",
          "Result": "1-2-0"
        },
        {
          "Player1": "Terminus0",
          "Player2": "SimoCr",
          "Result": "2-0-0"
        },
        {
          "Player1": "Callenutg1",
          "Player2": "MyPotatoes",
          "Result": "2-0-0"
        },
        {
          "Player1": "musasabi",
          "Player2": "boytriton",
          "Result": "2-0-0"
        },
        {
          "Player1": "2radMTG",
          "Player2": "bless_von",
          "Result": "0-2-0"
        },
        {
          "Player1": "albertoSD",
          "Player2": "Tsubasa_Cat",
          "Result": "0-2-0"
        },
        {
          "Player1": "Tunaktunak",
          "Player2": "Sommertroll",
          "Result": "2-0-0"
        },
        {
          "Player1": "desolutionist",
          "Player2": "KingHairy",
          "Result": "2-0-0"
        },
        {
          "Player1": "crK",
          "Player2": "DB_revenantkioku",
          "Result": "2-0-0"
        }
      ]
    },
    {
      "RoundName": "Round 3",
      "Matches": [
        {
          "Player1": "bless_von",
          "Player2": "death_grips",
          "Result": "2-0-0"
        },
        {
          "Player1": "musasabi",
          "Player2": "SingPanMan",
          "Result": "0-2-0"
        },
        {
          "Player1": "TaJoordan",
          "Player2": "DB_revenantkioku",
          "Result": "0-2-0"
        },
        {
          "Player1": "Tsubasa_Cat",
          "Player2": "2345678",
          "Result": "2-0-0"
        },
        {
          "Player1": "discoverN",
          "Player2": "SimoCr",
          "Result": "2-0-0"
        },
        {
          "Player1": "adm29",
          "Player2": "2radMTG",
          "Result": "2-0-0"
        },
        {
          "Player1": "ChessNight5030",
          "Player2": "_epinephrine",
          "Result": "2-0-0"
        },
        {
          "Player1": "desolutionist",
          "Player2": "_Shikamaru_",
          "Result": "2-0-0"
        },
        {
          "Player1": "crK",
          "Player2": "Tunaktunak",
          "Result": "2-0-0"
        },
        {
          "Player1": "albertoSD",
          "Player2": "Filho_do_MOL",
          "Result": "2-0-0"
        },
        {
          "Player1": "Dreddybajs",
          "Player2": "Callenutg1",
          "Result": "0-2-0"
        },
        {
          "Player1": "mortr3d",
          "Player2": "KingHairy",
          "Result": "2-0-0"
        },
        {
          "Player1": "Ark4n",
          "Player2": "Terminus0",
          "Result": "0-0-0"
        },
        {
          "Player1": "Minest110",
          "Player2": "frostyyy_",
          "Result": "2-0-0"
        }
      ]
    },
    {
      "RoundName": "Round 4",
      "Matches": [
        {
          "Player1": "boytriton",
          "Player2": "Filho_do_MOL",
          "Result": "0-2-0"
        },
        {
          "Player1": "Terminus0",
          "Player2": "bless_von",
          "Result": "2-0-0"
        },
        {
          "Player1": "discoverN",
          "Player2": "KingHairy",
          "Result": "2-0-0"
        },
        {
          "Player1": "Callenutg1",
          "Player2": "_Shikamaru_",
          "Result": "0-2-0"
        },
        {
          "Player1": "albertoSD",
          "Player2": "2345678",
          "Result": "0-2-0"
        },
        {
          "Player1": "Tunaktunak",
          "Player2": "Minest110",
          "Result": "2-0-0"
        },
        {
          "Player1": "crK",
          "Player2": "ChessNight5030",
          "Result": "0-0-0"
        },
        {
          "Player1": "SingPanMan",
          "Player2": "_epinephrine",
          "Result": "2-0-0"
        },
        {
          "Player1": "Ark4n",
          "Player2": "death_grips",
          "Result": "0-2-0"
        },
        {
          "Player1": "adm29",
          "Player2": "musasabi",
          "Result": "0-2-0"
        },
        {
          "Player1": "mortr3d",
          "Player2": "DB_revenantkioku",
          "Result": "0-2-0"
        },
        {
          "Player1": "TaJoordan",
          "Player2": "SimoCr",
          "Result": "2-0-0"
        },
        {
          "Player1": "desolutionist",
          "Player2": "Tsubasa_Cat",
          "Result": "0-2-0"
        }
      ]
    },
    {
      "RoundName": "Round 5",
      "Matches": [
        {
          "Player1": "SingPanMan",
          "Player2": "2345678",
          "Result": "2-0-0"
        },
        {
          "Player1": "adm29",
          "Player2": "discoverN",
          "Result": "0-2-0"
        },
        {
          "Player1": "albertoSD",
          "Player2": "musasabi",
          "Result": "0-0-0"
        },
        {
          "Player1": "desolutionist",
          "Player2": "ChessNight5030",
          "Result": "2-0-0"
        },
        {
          "Player1": "bless_von",
          "Player2": "Callenutg1",
          "Result": "2-0-0"
        },
        {
          "Player1": "crK",
          "Player2": "Tsubasa_Cat",
          "Result": "0-2-0"
        },
        {
          "Player1": "_Shikamaru_",
          "Player2": "DB_revenantkioku",
          "Result": "2-0-0"
        },
        {
          "Player1": "Tunaktunak",
          "Player2": "Terminus0",
          "Result": "0-2-0"
        },
        {
          "Player1": "Minest110",
          "Player2": "_epinephrine",
          "Result": "0-2-0"
        },
        {
          "Player1": "mortr3d",
          "Player2": "Filho_do_MOL",
          "Result": "2-0-0"
        },
        {
          "Player1": "TaJoordan",
          "Player2": "death_grips",
          "Result": "0-2-0"
        }
      ]
    },
    {
      "RoundName": "Round 6",
      "Matches": [
        {
          "Player1": "crK",
          "Player2": "Terminus0",
          "Result": "2-0-0"
        },
        {
          "Player1": "desolutionist",
          "Player2": "ChessNight5030",
          "Result": "2-0-0"
        },
        {
          "Player1": "Tsubasa_Cat",
          "Player2": "DB_revenantkioku",
          "Result": "2-0-0"
        },
        {
          "Player1": "SingPanMan",
          "Player2": "_Shikamaru_",
          "Result": "2-0-0"
        }
      ]
    },
    {
      "RoundName": "Round 7",
      "Matches": [
        {
          "Player1": "Tsubasa_Cat",
          "Player2": "SingPanMan",
          "Result": "2-0-0"
        },
        {
          "Player1": "desolutionist",
          "Player2": "crK",
          "Result": "2-0-0"
        }
      ]
    },
    {
      "RoundName": "Round 8",
      "Matches": [
        {
          "Player1": "desolutionist",
          "Player2": "Tsubasa_Cat",
          "Result": "0-2-0"
        }
      ]
    }
  ],
  "Standings": [
    {
      "Rank": 32,
      "Player": "unluckymonkey",
      "Points": 0,
      "Wins": 0,
      "Losses": 0,
      "Draws": 0,
      "OMWP": 0.5,
      "GWP": 0,
      "OGWP": 0.5
    },
    {
      "Rank": 31,
      "Player": "2radMTG",
      "Points": 0,
      "Wins": 0,
      "Losses": 0,
      "Draws": 0,
      "OMWP": 0.5111,
      "GWP": 0.25,
      "OGWP": 0.4635
    },
    {
      "Rank": 30,
      "Player": "Dreddybajs",
      "Points": 0,
      "Wins": 0,
      "Losses": 0,
      "Draws": 0,
      "OMWP": 0.5333,
      "GWP": 0.25,
      "OGWP": 0.5018
    },
    {
      "Rank": 29,
      "Player": "MyPotatoes",
      "Points": 0,
      "Wins": 0,
      "Losses": 0,
      "Draws": 0,
      "OMWP": 0.7,
      "GWP": 0.2,
      "OGWP": 0.6923
    },
    {
      "Rank": 28,
      "Player": "frostyyy_",
      "Points": 3,
      "Wins": 0,
      "Losses": 0,
      "Draws": 0,
      "OMWP": 0.44439999999999996,
      "GWP": 0.44439999999999996,
      "OGWP": 0.4612
    },
    {
      "Rank": 27,
      "Player": "Sommertroll",
      "Points": 3,
      "Wins": 0,
      "Losses": 0,
      "Draws": 0,
      "OMWP": 0.4667,
      "GWP": 0.5,
      "OGWP": 0.4359
    },
    {
      "Rank": 26,
      "Player": "adm29",
      "Points": 3,
      "Wins": 0,
      "Losses": 0,
      "Draws": 0,
      "OMWP": 0.5067,
      "GWP": 0.35710000000000003,
      "OGWP": 0.48210000000000003
    },
    {
      "Rank": 25,
      "Player": "KingHairy",
      "Points": 3,
      "Wins": 0,
      "Losses": 0,
      "Draws": 0,
      "OMWP": 0.5832999999999999,
      "GWP": 0.4167,
      "OGWP": 0.5609000000000001
    },
    {
      "Rank": 24,
      "Player": "boytriton",
      "Points": 3,
      "Wins": 0,
      "Losses": 0,
      "Draws": 0,
      "OMWP": 0.6,
      "GWP": 0.3333,
      "OGWP": 0.5665
    },
    {
      "Rank": 23,
      "Player": "SimoCr",
      "Points": 3,
      "Wins": 0,
      "Losses": 0,
      "Draws": 0,
      "OMWP": 0.65,
      "GWP": 0.3846,
      "OGWP": 0.5690999999999999
    },
    {
      "Rank": 22,
      "Player": "Ark4n",
      "Points": 3,
      "Wins": 0,
      "Losses": 0,
      "Draws": 0,
      "OMWP": 0.65,
      "GWP": 0.4167,
      "OGWP": 0.5804
    },
    {
      "Rank": 21,
      "Player": "TaJoordan",
      "Points": 6,
      "Wins": 0,
      "Losses": 0,
      "Draws": 0,
      "OMWP": 0.44,
      "GWP": 0.4286,
      "OGWP": 0.4484
    },
    {
      "Rank": 20,
      "Player": "Minest110",
      "Points": 6,
      "Wins": 0,
      "Losses": 0,
      "Draws": 0,
      "OMWP": 0.49329999999999996,
      "GWP": 0.4286,
      "OGWP": 0.47229999999999994
    },
    {
      "Rank": 19,
      "Player": "Filho_do_MOL",
      "Points": 6,
      "Wins": 0,
      "Losses": 0,
      "Draws": 0,
      "OMWP": 0.5467,
      "GWP": 0.46149999999999997,
      "OGWP": 0.49219999999999997
    },
    {
      "Rank": 18,
      "Player": "Callenutg1",
      "Points": 6,
      "Wins": 0,
      "Losses": 0,
      "Draws": 0,
      "OMWP": 0.5733,
      "GWP": 0.3846,
      "OGWP": 0.5188
    },
    {
      "Rank": 17,
      "Player": "albertoSD",
      "Points": 6,
      "Wins": 0,
      "Losses": 0,
      "Draws": 0,
      "OMWP": 0.68,
      "GWP": 0.3636,
      "OGWP": 0.6429
    },
    {
      "Rank": 16,
      "Player": "discoverN",
      "Points": 9,
      "Wins": 0,
      "Losses": 0,
      "Draws": 0,
      "OMWP": 0.38670000000000004,
      "GWP": 0.5385,
      "OGWP": 0.42060000000000003
    },
    {
      "Rank": 15,
      "Player": "death_grips",
      "Points": 9,
      "Wins": 0,
      "Losses": 0,
      "Draws": 0,
      "OMWP": 0.4833,
      "GWP": 0.5832999999999999,
      "OGWP": 0.478
    },
    {
      "Rank": 14,
      "Player": "musasabi",
      "Points": 9,
      "Wins": 0,
      "Losses": 0,
      "Draws": 0,
      "OMWP": 0.49329999999999996,
      "GWP": 0.5714,
      "OGWP": 0.45840000000000003
    },
    {
      "Rank": 13,
      "Player": "mortr3d",
      "Points": 9,
      "Wins": 0,
      "Losses": 0,
      "Draws": 0,
      "OMWP": 0.5067,
      "GWP": 0.5333,
      "OGWP": 0.49229999999999996
    },
    {
      "Rank": 12,
      "Player": "_epinephrine",
      "Points": 9,
      "Wins": 0,
      "Losses": 0,
      "Draws": 0,
      "OMWP": 0.5467,
      "GWP": 0.5,
      "OGWP": 0.5065999999999999
    },
    {
      "Rank": 11,
      "Player": "bless_von",
      "Points": 9,
      "Wins": 0,
      "Losses": 0,
      "Draws": 0,
      "OMWP": 0.5467,
      "GWP": 0.5333,
      "OGWP": 0.4965
    },
    {
      "Rank": 10,
      "Player": "2345678",
      "Points": 9,
      "Wins": 0,
      "Losses": 0,
      "Draws": 0,
      "OMWP": 0.5867,
      "GWP": 0.5385,
      "OGWP": 0.5749
    },
    {
      "Rank": 9,
      "Player": "Tunaktunak",
      "Points": 9,
      "Wins": 0,
      "Losses": 0,
      "Draws": 0,
      "OMWP": 0.62,
      "GWP": 0.5385,
      "OGWP": 0.5543
    },
    {
      "Rank": 8,
      "Player": "DB_revenantkioku",
      "Points": 9,
      "Wins": 0,
      "Losses": 0,
      "Draws": 0,
      "OMWP": 0.64,
      "GWP": 0.5,
      "OGWP": 0.5667
    },
    {
      "Rank": 7,
      "Player": "ChessNight5030",
      "Points": 9,
      "Wins": 0,
      "Losses": 0,
      "Draws": 0,
      "OMWP": 0.64,
      "GWP": 0.5455,
      "OGWP": 0.5788
    },
    {
      "Rank": 6,
      "Player": "Terminus0",
      "Points": 12,
      "Wins": 0,
      "Losses": 0,
      "Draws": 0,
      "OMWP": 0.4533,
      "GWP": 0.6429,
      "OGWP": 0.4473
    },
    {
      "Rank": 5,
      "Player": "_Shikamaru_",
      "Points": 12,
      "Wins": 0,
      "Losses": 0,
      "Draws": 0,
      "OMWP": 0.49329999999999996,
      "GWP": 0.6667000000000001,
      "OGWP": 0.47240000000000004
    },
    {
      "Rank": 4,
      "Player": "SingPanMan",
      "Points": 15,
      "Wins": 0,
      "Losses": 0,
      "Draws": 0,
      "OMWP": 0.5067,
      "GWP": 0.6923,
      "OGWP": 0.48100000000000004
    },
    {
      "Rank": 3,
      "Player": "crK",
      "Points": 15,
      "Wins": 0,
      "Losses": 0,
      "Draws": 0,
      "OMWP": 0.6267,
      "GWP": 0.6667000000000001,
      "OGWP": 0.5937
    },
    {
      "Rank": 2,
      "Player": "desolutionist",
      "Points": 18,
      "Wins": 0,
      "Losses": 0,
      "Draws": 0,
      "OMWP": 0.6267,
      "GWP": 0.7273000000000001,
      "OGWP": 0.6027
    },
    {
      "Rank": 1,
      "Player": "Tsubasa_Cat",
      "Points": 24,
      "Wins": 0,
      "Losses": 0,
      "Draws": 0,
      "OMWP": 0.5867,
      "GWP": 1,
      "OGWP": 0.5259
    }
  ]
}