{
  "Tournament": {
    "Id": 12801746,
    "Date": "2025-07-06T23:30:00",
    "Name": "Vintage Cube 64-Player Elimination Draft",
    "Uri": null,
    "JsonFile": null,
    "ForceRedownload": false
  },
  "Decks": null,
  "Rounds": [
    {
      "RoundName": "Round 1",
      "Matches": [
        {
          "Player1": "jready",
          "Player2": "karatedom",
          "Result": "0-0-0"
        },
        {
          "Player1": "Mormegil_",
          "Player2": "Luigi_mtg",
          "Result": "0-2-0"
        },
        {
          "Player1": "foggmanatic",
          "Player2": "Bugsy69",
          "Result": "2-0-0"
        },
        {
          "Player1": "qbturtle15",
          "Player2": "12azor",
          "Result": "0-2-0"
        },
        {
          "Player1": "Incogneato",
          "Player2": "MdvWin",
          "Result": "0-2-0"
        },
        {
          "Player1": "percussion_mike",
          "Player2": "Why_so_serious_",
          "Result": "0-2-0"
        },
        {
          "Player1": "freakflag",
          "Player2": "il_matagatto",
          "Result": "2-0-0"
        },
        {
          "Player1": "DontDazeMeBr0",
          "Player2": "unluckymonkey",
          "Result": "2-0-0"
        },
        {
          "Player1": "grumart",
          "Player2": "TheAlmightyCheddar",
          "Result": "0-2-0"
        },
        {
          "Player1": "PigeonPostman",
          "Player2": "erfshake",
          "Result": "0-2-0"
        },
        {
          "Player1": "BladeofIce",
          "Player2": "spongeclamp",
          "Result": "2-0-0"
        },
        {
          "Player1": "brokitas",
          "Player2": "j0eyD",
          "Result": "2-0-0"
        },
        {
          "Player1": "_and_one_",
          "Player2": "Rendlik88",
          "Result": "2-0-0"
        },
        {
          "Player1": "2shyshy",
          "Player2": "Happyhobo",
          "Result": "0-2-0"
        },
        {
          "Player1": "brag1",
          "Player2": "TyG_",
          "Result": "0-2-0"
        },
        {
          "Player1": "Oderus Urungus",
          "Player2": "Plagic86",
          "Result": "0-2-0"
        },
        {
          "Player1": "WUBRGers",
          "Player2": "zoethecat1",
          "Result": "0-2-0"
        },
        {
          "Player1": "sammy0506",
          "Player2": "Vequinox",
          "Result": "0-2-0"
        },
        {
          "Player1": "Jeremie Ross",
          "Player2": "DarkBone",
          "Result": "2-0-0"
        },
        {
          "Player1": "NWeber",
          "Player2": "henry_morehouse",
          "Result": "0-2-0"
        },
        {
          "Player1": "Teston",
          "Player2": "Jk-kruger",
          "Result": "0-2-0"
        },
        {
          "Player1": "StoneColdSteveAustin",
          "Player2": "MisterColors",
          "Result": "0-2-0"
        },
        {
          "Player1": "AlmightyGnat",
          "Player2": "glyra",
          "Result": "2-0-0"
        },
        {
          "Player1": "RandomOctopus",
          "Player2": "joblou01",
          "Result": "2-0-0"
        },
        {
          "Player1": "Lifeisrisk7",
          "Player2": "malekz",
          "Result": "0-2-0"
        },
        {
          "Player1": "JustABee5",
          "Player2": "DejoyOfGaming",
          "Result": "2-0-0"
        },
        {
          "Player1": "TheLostCouz3",
          "Player2": "FearsymmetrY",
          "Result": "2-0-0"
        },
        {
          "Player1": "MeatValue",
          "Player2": "klien7",
          "Result": "0-2-0"
        },
        {
          "Player1": "R3tr0sp3ct",
          "Player2": "Captain_soncho",
          "Result": "2-0-0"
        },
        {
          "Player1": "Lollopollo2001",
          "Player2": "Boin",
          "Result": "2-0-0"
        },
        {
          "Player1": "Dot11",
          "Player2": "Tagerus",
          "Result": "0-2-0"
        },
        {
          "Player1": "SpeCialK",
          "Player2": "liking4real",
          "Result": "0-2-0"
        }
      ]
    },
    {
      "RoundName": "Round 2",
      "Matches": [
        {
          "Player1": "R3tr0sp3ct",
          "Player2": "TheLostCouz3",
          "Result": "2-0-0"
        },
        {
          "Player1": "12azor",
          "Player2": "Lollopollo2001",
          "Result": "2-0-0"
        },
        {
          "Player1": "_and_one_",
          "Player2": "Vequinox",
          "Result": "0-0-0"
        },
        {
          "Player1": "freakflag",
          "Player2": "TheAlmightyCheddar",
          "Result": "2-0-0"
        },
        {
          "Player1": "klien7",
          "Player2": "MisterColors",
          "Result": "0-2-0"
        },
        {
          "Player1": "BladeofIce",
          "Player2": "Jk-kruger",
          "Result": "0-2-0"
        },
        {
          "Player1": "AlmightyGnat",
          "Player2": "henry_morehouse",
          "Result": "2-0-0"
        },
        {
          "Player1": "karatedom",
          "Player2": "brokitas",
          "Result": "2-0-0"
        },
        {
          "Player1": "Jeremie Ross",
          "Player2": "Luigi_mtg",
          "Result": "0-2-0"
        },
        {
          "Player1": "MdvWin",
          "Player2": "malekz",
          "Result": "0-2-0"
        },
        {
          "Player1": "foggmanatic",
          "Player2": "TyG_",
          "Result": "2-0-0"
        },
        {
          "Player1": "DontDazeMeBr0",
          "Player2": "Plagic86",
          "Result": "2-0-0"
        },
        {
          "Player1": "erfshake",
          "Player2": "Why_so_serious_",
          "Result": "2-0-0"
        },
        {
          "Player1": "JustABee5",
          "Player2": "Tagerus",
          "Result": "0-2-0"
        },
        {
          "Player1": "liking4real",
          "Player2": "RandomOctopus",
          "Result": "2-0-0"
        },
        {
          "Player1": "Happyhobo",
          "Player2": "zoethecat1",
          "Result": "0-2-0"
        }
      ]
    },
    {
      "RoundName": "Round 3",
      "Matches": [
        {
          "Player1": "AlmightyGnat",
          "Player2": "Tagerus",
          "Result": "0-2-0"
        },
        {
          "Player1": "MisterColors",
          "Player2": "Jk-kruger",
          "Result": "2-0-0"
        },
        {
          "Player1": "Vequinox",
          "Player2": "erfshake",
          "Result": "2-0-0"
        },
        {
          "Player1": "R3tr0sp3ct",
          "Player2": "zoethecat1",
          "Result": "2-0-0"
        },
        {
          "Player1": "karatedom",
          "Player2": "foggmanatic",
          "Result": "2-0-0"
        },
        {
          "Player1": "malekz",
          "Player2": "Luigi_mtg",
          "Result": "0-2-0"
        },
        {
          "Player1": "12azor",
          "Player2": "DontDazeMeBr0",
          "Result": "2-0-0"
        },
        {
          "Player1": "freakflag",
          "Player2": "liking4real",
          "Result": "0-2-0"
        }
      ]
    },
    {
      "RoundName": "Round 4",
      "Matches": [
        {
          "Player1": "liking4real",
          "Player2": "MisterColors",
          "Result": "2-0-0"
        },
        {
          "Player1": "R3tr0sp3ct",
          "Player2": "karatedom",
          "Result": "2-0-0"
        },
        {
          "Player1": "Tagerus",
          "Player2": "Luigi_mtg",
          "Result": "0-2-0"
        },
        {
          "Player1": "12azor",
          "Player2": "Vequinox",
          "Result": "2-0-0"
        }
      ]
    },
    {
      "RoundName": "Round 5",
      "Matches": [
        {
          "Player1": "R3tr0sp3ct",
          "Player2": "Luigi_mtg",
          "Result": "2-0-0"
        },
        {
          "Player1": "liking4real",
          "Player2": "12azor",
          "Result": "0-2-0"
        }
      ]
    },
    {
      "RoundName": "Round 6",
      "Matches": [
        {
          "Player1": "R3tr0sp3ct",
          "Player2": "12azor",
          "Result": "2-0-0"
        }
      ]
    }
  ],
  "Standings": [
    {
      "Rank": 64,
      "Player": "Incogneato",
      "Points": 0,
      "Wins": 0,
      "Losses": 0,
      "Draws": 0,
      "OMWP": 0,
      "GWP": 0,
      "OGWP": 0
    },
    {
      "Rank": 63,
      "Player": "NWeber",
      "Points": 0,
      "Wins": 0,
      "Losses": 0,
      "Draws": 0,
      "OMWP": 0,
      "GWP": 0,
      "OGWP": 0
    },
    {
      "Rank": 62,
      "Player": "percussion_mike",
      "Points": 0,
      "Wins": 0,
      "Losses": 0,
      "Draws": 0,
      "OMWP": 0,
      "GWP": 0,
      "OGWP": 0
    },
    {
      "Rank": 61,
      "Player": "brag1",
      "Points": 0,
      "Wins": 0,
      "Losses": 0,
      "Draws": 0,
      "OMWP": 0,
      "GWP": 0,
      "OGWP": 0
    },
    {
      "Rank": 60,
      "Player": "j0eyD",
      "Points": 0,
      "Wins": 0,
      "Losses": 0,
      "Draws": 0,
      "OMWP": 0,
      "GWP": 0,
      "OGWP": 0
    },
    {
      "Rank": 59,
      "Player": "spongeclamp",
      "Points": 0,
      "Wins": 0,
      "Losses": 0,
      "Draws": 0,
      "OMWP": 0,
      "GWP": 0,
      "OGWP": 0
    },
    {
      "Rank": 58,
      "Player": "DejoyOfGaming",
      "Points": 0,
      "Wins": 0,
      "Losses": 0,
      "Draws": 0,
      "OMWP": 0,
      "GWP": 0,
      "OGWP": 0
    },
    {
      "Rank": 57,
      "Player": "FearsymmetrY",
      "Points": 0,
      "Wins": 0,
      "Losses": 0,
      "Draws": 0,
      "OMWP": 0,
      "GWP": 0,
      "OGWP": 0
    },
    {
      "Rank": 56,
      "Player": "Oderus Urungus",
      "Points": 0,
      "Wins": 0,
      "Losses": 0,
      "Draws": 0,
      "OMWP": 0,
      "GWP": 0,
      "OGWP": 0
    },
    {
      "Rank": 55,
      "Player": "2shyshy",
      "Points": 0,
      "Wins": 0,
      "Losses": 0,
      "Draws": 0,
      "OMWP": 0,
      "GWP": 0,
      "OGWP": 0
    },
    {
      "Rank": 54,
      "Player": "grumart",
      "Points": 0,
      "Wins": 0,
      "Losses": 0,
      "Draws": 0,
      "OMWP": 0,
      "GWP": 0,
      "OGWP": 0
    },
    {
      "Rank": 53,
      "Player": "Boin",
      "Points": 0,
      "Wins": 0,
      "Losses": 0,
      "Draws": 0,
      "OMWP": 0,
      "GWP": 0,
      "OGWP": 0
    },
    {
      "Rank": 52,
      "Player": "DarkBone",
      "Points": 0,
      "Wins": 0,
      "Losses": 0,
      "Draws": 0,
      "OMWP": 0,
      "GWP": 0,
      "OGWP": 0
    },
    {
      "Rank": 51,
      "Player": "joblou01",
      "Points": 0,
      "Wins": 0,
      "Losses": 0,
      "Draws": 0,
      "OMWP": 0,
      "GWP": 0,
      "OGWP": 0
    },
    {
      "Rank": 50,
      "Player": "MeatValue",
      "Points": 0,
      "Wins": 0,
      "Losses": 0,
      "Draws": 0,
      "OMWP": 0,
      "GWP": 0,
      "OGWP": 0
    },
    {
      "Rank": 49,
      "Player": "Rendlik88",
      "Points": 0,
      "Wins": 0,
      "Losses": 0,
      "Draws": 0,
      "OMWP": 0,
      "GWP": 0,
      "OGWP": 0
    },
    {
      "Rank": 48,
      "Player": "Teston",
      "Points": 0,
      "Wins": 0,
      "Losses": 0,
      "Draws": 0,
      "OMWP": 0,
      "GWP": 0,
      "OGWP": 0
    },
    {
      "Rank": 47,
      "Player": "unluckymonkey",
      "Points": 0,
      "Wins": 0,
      "Losses": 0,
      "Draws": 0,
      "OMWP": 0,
      "GWP": 0,
      "OGWP": 0
    },
    {
      "Rank": 46,
      "Player": "Bugsy69",
      "Points": 0,
      "Wins": 0,
      "Losses": 0,
      "Draws": 0,
      "OMWP": 0,
      "GWP": 0,
      "OGWP": 0
    },
    {
      "Rank": 45,
      "Player": "WUBRGers",
      "Points": 0,
      "Wins": 0,
      "Losses": 0,
      "Draws": 0,
      "OMWP": 0,
      "GWP": 0,
      "OGWP": 0
    },
    {
      "Rank": 44,
      "Player": "glyra",
      "Points": 0,
      "Wins": 0,
      "Losses": 0,
      "Draws": 0,
      "OMWP": 0,
      "GWP": 0,
      "OGWP": 0
    },
    {
      "Rank": 43,
      "Player": "Lifeisrisk7",
      "Points": 0,
      "Wins": 0,
      "Losses": 0,
      "Draws": 0,
      "OMWP": 0,
      "GWP": 0,
      "OGWP": 0
    },
    {
      "Rank": 42,
      "Player": "PigeonPostman",
      "Points": 0,
      "Wins": 0,
      "Losses": 0,
      "Draws": 0,
      "OMWP": 0,
      "GWP": 0,
      "OGWP": 0
    },
    {
      "Rank": 41,
      "Player": "il_matagatto",
      "Points": 0,
      "Wins": 0,
      "Losses": 0,
      "Draws": 0,
      "OMWP": 0,
      "GWP": 0,
      "OGWP": 0
    },
    {
      "Rank": 40,
      "Player": "SpeCialK",
      "Points": 0,
      "Wins": 0,
      "Losses": 0,
      "Draws": 0,
      "OMWP": 0,
      "GWP": 0,
      "OGWP": 0
    },
    {
      "Rank": 39,
      "Player": "qbturtle15",
      "Points": 0,
      "Wins": 0,
      "Losses": 0,
      "Draws": 0,
      "OMWP": 0,
      "GWP": 0,
      "OGWP": 0
    },
    {
      "Rank": 38,
      "Player": "jready",
      "Points": 0,
      "Wins": 0,
      "Losses": 0,
      "Draws": 0,
      "OMWP": 0,
      "GWP": 0,
      "OGWP": 0
    },
    {
      "Rank": 37,
      "Player": "sammy0506",
      "Points": 0,
      "Wins": 0,
      "Losses": 0,
      "Draws": 0,
      "OMWP": 0,
      "GWP": 0,
      "OGWP": 0
    },
    {
      "Rank": 36,
      "Player": "Captain_soncho",
      "Points": 0,
      "Wins": 0,
      "Losses": 0,
      "Draws": 0,
      "OMWP": 0,
      "GWP": 0,
      "OGWP": 0
    },
    {
      "Rank": 35,
      "Player": "Mormegil_",
      "Points": 0,
      "Wins": 0,
      "Losses": 0,
      "Draws": 0,
      "OMWP": 0,
      "GWP": 0,
      "OGWP": 0
    },
    {
      "Rank": 34,
      "Player": "Dot11",
      "Points": 0,
      "Wins": 0,
      "Losses": 0,
      "Draws": 0,
      "OMWP": 0,
      "GWP": 0,
      "OGWP": 0
    },
    {
      "Rank": 33,
      "Player": "StoneColdSteveAustin",
      "Points": 0,
      "Wins": 0,
      "Losses": 0,
      "Draws": 0,
      "OMWP": 0,
      "GWP": 0,
      "OGWP": 0
    },
    {
      "Rank": 32,
      "Player": "TheAlmightyCheddar",
      "Points": 3,
      "Wins": 0,
      "Losses": 0,
      "Draws": 0,
      "OMWP": 0,
      "GWP": 0,
      "OGWP": 0
    },
    {
      "Rank": 31,
      "Player": "henry_morehouse",
      "Points": 3,
      "Wins": 0,
      "Losses": 0,
      "Draws": 0,
      "OMWP": 0,
      "GWP": 0,
      "OGWP": 0
    },
    {
      "Rank": 30,
      "Player": "MdvWin",
      "Points": 3,
      "Wins": 0,
      "Losses": 0,
      "Draws": 0,
      "OMWP": 0,
      "GWP": 0,
      "OGWP": 0
    },
    {
      "Rank": 29,
      "Player": "Why_so_serious_",
      "Points": 3,
      "Wins": 0,
      "Losses": 0,
      "Draws": 0,
      "OMWP": 0,
      "GWP": 0,
      "OGWP": 0
    },
    {
      "Rank": 28,
      "Player": "TyG_",
      "Points": 3,
      "Wins": 0,
      "Losses": 0,
      "Draws": 0,
      "OMWP": 0,
      "GWP": 0,
      "OGWP": 0
    },
    {
      "Rank": 27,
      "Player": "Happyhobo",
      "Points": 3,
      "Wins": 0,
      "Losses": 0,
      "Draws": 0,
      "OMWP": 0,
      "GWP": 0,
      "OGWP": 0
    },
    {
      "Rank": 26,
      "Player": "BladeofIce",
      "Points": 3,
      "Wins": 0,
      "Losses": 0,
      "Draws": 0,
      "OMWP": 0,
      "GWP": 0,
      "OGWP": 0
    },
    {
      "Rank": 25,
      "Player": "Plagic86",
      "Points": 3,
      "Wins": 0,
      "Losses": 0,
      "Draws": 0,
      "OMWP": 0,
      "GWP": 0,
      "OGWP": 0
    },
    {
      "Rank": 24,
      "Player": "Jeremie Ross",
      "Points": 3,
      "Wins": 0,
      "Losses": 0,
      "Draws": 0,
      "OMWP": 0,
      "GWP": 0,
      "OGWP": 0
    },
    {
      "Rank": 23,
      "Player": "klien7",
      "Points": 3,
      "Wins": 0,
      "Losses": 0,
      "Draws": 0,
      "OMWP": 0,
      "GWP": 0,
      "OGWP": 0
    },
    {
      "Rank": 22,
      "Player": "Lollopollo2001",
      "Points": 3,
      "Wins": 0,
      "Losses": 0,
      "Draws": 0,
      "OMWP": 0,
      "GWP": 0,
      "OGWP": 0
    },
    {
      "Rank": 21,
      "Player": "RandomOctopus",
      "Points": 3,
      "Wins": 0,
      "Losses": 0,
      "Draws": 0,
      "OMWP": 0,
      "GWP": 0,
      "OGWP": 0
    },
    {
      "Rank": 20,
      "Player": "_and_one_",
      "Points": 3,
      "Wins": 0,
      "Losses": 0,
      "Draws": 0,
      "OMWP": 0,
      "GWP": 0,
      "OGWP": 0
    },
    {
      "Rank": 19,
      "Player": "brokitas",
      "Points": 3,
      "Wins": 0,
      "Losses": 0,
      "Draws": 0,
      "OMWP": 0,
      "GWP": 0,
      "OGWP": 0
    },
    {
      "Rank": 18,
      "Player": "TheLostCouz3",
      "Points": 3,
      "Wins": 0,
      "Losses": 0,
      "Draws": 0,
      "OMWP": 0,
      "GWP": 0,
      "OGWP": 0
    },
    {
      "Rank": 17,
      "Player": "JustABee5",
      "Points": 3,
      "Wins": 0,
      "Losses": 0,
      "Draws": 0,
      "OMWP": 0,
      "GWP": 0,
      "OGWP": 0
    },
    {
      "Rank": 16,
      "Player": "zoethecat1",
      "Points": 6,
      "Wins": 0,
      "Losses": 0,
      "Draws": 0,
      "OMWP": 0,
      "GWP": 0,
      "OGWP": 0
    },
    {
      "Rank": 15,
      "Player": "AlmightyGnat",
      "Points": 6,
      "Wins": 0,
      "Losses": 0,
      "Draws": 0,
      "OMWP": 0,
      "GWP": 0,
      "OGWP": 0
    },
    {
      "Rank": 14,
      "Player": "Jk-kruger",
      "Points": 6,
      "Wins": 0,
      "Losses": 0,
      "Draws": 0,
      "OMWP": 0,
      "GWP": 0,
      "OGWP": 0
    },
    {
      "Rank": 13,
      "Player": "erfshake",
      "Points": 6,
      "Wins": 0,
      "Losses": 0,
      "Draws": 0,
      "OMWP": 0,
      "GWP": 0,
      "OGWP": 0
    },
    {
      "Rank": 12,
      "Player": "malekz",
      "Points": 6,
      "Wins": 0,
      "Losses": 0,
      "Draws": 0,
      "OMWP": 0,
      "GWP": 0,
      "OGWP": 0
    },
    {
      "Rank": 11,
      "Player": "freakflag",
      "Points": 6,
      "Wins": 0,
      "Losses": 0,
      "Draws": 0,
      "OMWP": 0,
      "GWP": 0,
      "OGWP": 0
    },
    {
      "Rank": 10,
      "Player": "DontDazeMeBr0",
      "Points": 6,
      "Wins": 0,
      "Losses": 0,
      "Draws": 0,
      "OMWP": 0,
      "GWP": 0,
      "OGWP": 0
    },
    {
      "Rank": 9,
      "Player": "foggmanatic",
      "Points": 6,
      "Wins": 0,
      "Losses": 0,
      "Draws": 0,
      "OMWP": 0,
      "GWP": 0,
      "OGWP": 0
    },
    {
      "Rank": 8,
      "Player": "Vequinox",
      "Points": 9,
      "Wins": 0,
      "Losses": 0,
      "Draws": 0,
      "OMWP": 0,
      "GWP": 0,
      "OGWP": 0
    },
    {
      "Rank": 7,
      "Player": "Tagerus",
      "Points": 9,
      "Wins": 0,
      "Losses": 0,
      "Draws": 0,
      "OMWP": 0,
      "GWP": 0,
      "OGWP": 0
    },
    {
      "Rank": 6,
      "Player": "MisterColors",
      "Points": 9,
      "Wins": 0,
      "Losses": 0,
      "Draws": 0,
      "OMWP": 0,
      "GWP": 0,
      "OGWP": 0
    },
    {
      "Rank": 5,
      "Player": "karatedom",
      "Points": 9,
      "Wins": 0,
      "Losses": 0,
      "Draws": 0,
      "OMWP": 0,
      "GWP": 0,
      "OGWP": 0
    },
    {
      "Rank": 4,
      "Player": "Luigi_mtg",
      "Points": 12,
      "Wins": 0,
      "Losses": 0,
      "Draws": 0,
      "OMWP": 0,
      "GWP": 0,
      "OGWP": 0
    },
    {
      "Rank": 3,
      "Player": "liking4real",
      "Points": 12,
      "Wins": 0,
      "Losses": 0,
      "Draws": 0,
      "OMWP": 0,
      "GWP": 0,
      "OGWP": 0
    },
    {
      "Rank": 2,
      "Player": "12azor",
      "Points": 15,
      "Wins": 0,
      "Losses": 0,
      "Draws": 0,
      "OMWP": 0,
      "GWP": 0,
      "OGWP": 0
    },
    {
      "Rank": 1,
      "Player": "R3tr0sp3ct",
      "Points": 18,
      "Wins": 0,
      "Losses": 0,
      "Draws": 0,
      "OMWP": 0,
      "GWP": 0,
      "OGWP": 0
    }
  ]
}